variant,model_seed,episode,cost,rolling_cost,immediate_cost,penalty,energy_use,latency_ms,thermal_violation,energy_violation,queue_violation,contact_violation,epsilon,loss,td_loss,auxiliary_loss
centered_full_action_dqn,806,0,253.0062798524306,253.0062798524306,46.752939343452454,206.25334059838505,2.0538767855614424,29014.21036529541,0.0,37.0,34.0,2.0,0.9954761904761905,,,
centered_full_action_dqn,806,1,157.99992038691022,205.50310011967042,45.14809748530388,112.85182294630981,1.8631957117468119,26628.588619232178,0.0,33.0,22.0,2.0,0.9909523809523809,2.763622283935547,2.749140739440918,0.04827217385172844
centered_full_action_dqn,806,2,111.34507732093334,174.1170925200914,38.4672609269619,72.87781664729118,1.7182048382237554,23043.860191345215,0.0,32.0,0.0,0.0,0.9864285714285714,2.356031969189644,2.343013674020767,0.043394341599196196
centered_full_action_dqn,806,3,129.08036903050765,162.85791164769546,43.0416616499424,86.03870744016989,1.8230587961152196,25928.99889755249,0.0,33.0,9.0,0.0,0.981904761904762,1.8718479424715042,1.85950817912817,0.041132505517452955
centered_full_action_dqn,806,4,113.02614721655846,152.89155876146805,39.15070027112961,73.87544764578342,1.7226166659966111,22852.069568634033,0.0,31.0,0.0,3.0,0.9773809523809524,1.5749185234308243,1.5635780096054077,0.037801718804985285
centered_full_action_dqn,806,5,148.54360760440053,152.16690023529014,41.108702063560486,107.43490540672961,1.8563895970582962,25249.7977142334,0.0,35.0,19.0,0.0,0.9728571428571429,1.2386540435254574,1.2317345403134823,0.02306499652331695
centered_full_action_dqn,806,6,176.036256998619,155.57680834433714,43.7542592138052,132.28199782951725,1.981083245947957,27444.35112762451,0.0,33.0,25.0,0.0,0.9683333333333334,1.1354416608810425,1.1311220452189445,0.01439869892783463
centered_full_action_dqn,806,7,148.76405137136675,154.7252137227158,38.82663545757532,109.9374158765385,1.824246778152883,23982.86792755127,0.0,36.0,20.0,2.0,0.9638095238095238,1.201375376433134,1.1979754008352757,0.011333269823808223
centered_full_action_dqn,806,8,120.95261047780514,150.97270225105908,38.57404862344265,82.37856245040894,1.7279661605134606,22836.156158447266,0.0,34.0,0.0,1.0,0.9592857142857143,1.195148590952158,1.1916436553001404,0.011683141288813204
centered_full_action_dqn,806,9,117.72843841311841,147.648275867265,40.876573130488396,76.85186534223467,1.7908207280561328,24309.780109405518,0.0,31.0,9.0,1.0,0.9547619047619048,0.8863493874669075,0.8829835318028927,0.011219512030947953
centered_full_action_dqn,806,10,127.10501500288377,145.78070669777583,39.94407261908054,87.16094244340786,1.8151397602632642,23944.316150665283,0.0,34.0,13.0,0.0,0.9502380952380952,0.6794004812836647,0.6758793331682682,0.011737156310118735
centered_full_action_dqn,806,11,118.15564343333244,143.47861809240553,39.195587798953056,78.96005594730377,1.7970727104693651,23445.364517211914,0.0,32.0,0.0,0.0,0.9457142857142857,0.49365477822721004,0.48979026451706886,0.012881722417660058
centered_full_action_dqn,806,12,121.76898383180891,141.8086462262058,39.96535383164883,81.8036295829276,1.7515686079859734,23832.41986465454,0.0,35.0,9.0,0.0,0.9411904761904761,0.37409655563533306,0.37090678699314594,0.010632563033141196
centered_full_action_dqn,806,13,119.03457564860582,140.18192689923438,43.67185781151056,75.36271768808365,1.7645407812669873,24700.78854751587,0.0,31.0,0.0,1.0,0.9366666666666666,0.32335514947772026,0.32055170834064484,0.009344809863250703
centered_full_action_dqn,806,14,113.12538586556911,138.37815749699,38.22376146167517,74.90162432193756,1.7101704804226756,22308.623037338257,0.0,30.0,0.0,1.0,0.9321428571428572,0.27532223984599113,0.2727956725284457,0.008421897335210815
centered_full_action_dqn,806,15,142.75340879750019,138.6516107032719,41.279346495866776,101.47406204831366,1.8603137088939548,24914.631839752197,0.0,33.0,20.0,0.0,0.9276190476190476,0.616090202704072,0.6132998699322343,0.009301103971665725
centered_full_action_dqn,806,16,107.2183617502451,136.8025960589762,38.62352393567562,68.59483769536018,1.6785912308841944,21921.540924072266,0.0,30.0,0.0,0.0,0.9230952380952381,0.7011713571846485,0.6974686533212662,0.012342358066234738
centered_full_action_dqn,806,17,114.16906486451626,135.54517765928398,38.75339975953102,75.41566616296768,1.7213230654597282,22755.371856689453,0.0,31.0,0.0,0.0,0.9185714285714286,0.4039949756115675,0.4005678556859493,0.011423740710597485
centered_full_action_dqn,806,18,115.45312286913395,134.48770109138135,40.44437824189663,75.0087446719408,1.6877704532817006,22731.88970184326,0.0,33.0,0.0,0.0,0.914047619047619,0.32358552888035774,0.32066731434315443,0.009727376338560134
centered_full_action_dqn,806,19,119.60407818303327,133.74351994596395,42.09489820897579,77.50918034658648,1.8314925003796816,24684.912452697754,0.0,33.0,6.0,2.0,0.9095238095238095,0.2536067208275199,0.25076972786337137,0.009456649160711095
centered_full_action_dqn,806,20,237.68550275548668,132.97748109111677,47.73515176773071,189.950350987756,2.0200011488050222,28037.954708099365,0.0,38.0,36.0,3.0,0.905,0.24964678473770618,0.2467525750398636,0.009647365048294887
centered_full_action_dqn,806,21,119.90681853890419,131.07282599871647,40.411580592393875,79.49523802101612,1.7676835479214787,23909.652362823486,0.0,33.0,0.0,1.0,0.9004761904761904,0.2573926476761699,0.2544083259999752,0.009947731858119369
centered_full_action_dqn,806,22,159.4551106640074,133.47832766587015,42.36898095905781,117.08612946653099,1.8897413741797209,25918.02761077881,0.0,34.0,17.0,2.0,0.895952380952381,0.23556291032582521,0.23243816569447517,0.01041580957826227
centered_full_action_dqn,806,23,113.31249748718218,132.68993408870386,35.59879085421562,77.71370705019906,1.7432531053200364,22116.457145690918,0.0,32.0,5.0,1.0,0.8914285714285715,0.7064605792984366,0.7023043488152325,0.013854089309461415
centered_full_action_dqn,806,24,103.07449884861708,132.1923516703068,34.13109787553549,68.94340067505837,1.6670413948595524,20391.545219421387,0.0,30.0,0.0,1.0,0.8869047619047619,0.6026397682726383,0.5982791427522898,0.014535419933963567
centered_full_action_dqn,806,25,106.65434671342373,130.097888625758,36.81284584105015,69.84150117039681,1.6572480043396354,21103.913375854492,0.0,29.0,0.0,1.0,0.8823809523809524,0.42438647244125605,0.4198127156123519,0.01524586696177721
centered_full_action_dqn,806,26,121.53017555701295,127.37258455367767,35.161284513771534,86.36889086442747,1.7664738800376654,21981.659107208252,0.0,32.0,8.0,3.0,0.8778571428571429,0.3491556793451309,0.34483313746750355,0.014408460992854089
centered_full_action_dqn,806,27,142.00616177648322,127.0346900739335,44.068340837955475,97.93782081931845,1.805242850445211,25132.313201904297,0.0,33.0,20.0,1.0,0.8733333333333333,0.3703491063788533,0.36642974615097046,0.013064531434793025
centered_full_action_dqn,806,28,137.9873392078812,127.88642651043729,39.761103585362434,98.22623557781526,1.8101642196998,23898.173011779785,0.0,34.0,17.0,0.0,0.8688095238095238,0.2909511672332883,0.28675428219139576,0.013989622064400464
centered_full_action_dqn,806,29,134.82501554340683,128.7412553669517,43.74004825949669,91.0849681481775,1.8400880610570312,25226.089796066284,0.0,37.0,3.0,1.0,0.8642857142857143,0.39159428142011166,0.387244775891304,0.01449835579842329
centered_full_action_dqn,806,30,192.82166752086485,132.0270879928508,45.69836150109768,147.1233059601625,1.9567150305956602,27025.030059814453,0.0,42.0,41.0,0.0,0.8597619047619047,0.32642925903201103,0.3219516547396779,0.014925350900739431
centered_full_action_dqn,806,31,155.25691741282392,133.88215169182536,38.138547375798225,117.11836991781638,1.85757418256253,23566.804542541504,0.0,36.0,33.0,0.0,0.8552380952380952,0.8289024233818054,0.8227381287142634,0.02054767112713307
centered_full_action_dqn,806,32,95.89619897305965,132.58851244888788,35.509054481983185,60.38714425265789,1.6201931480318308,20903.541257858276,0.0,28.0,0.0,0.0,0.8507142857142858,0.6146807186305523,0.6079489402472973,0.022439262829720974
centered_full_action_dqn,806,33,126.58251165926356,132.96590924942078,37.62534238398075,88.95716994583506,1.7696499098092318,22383.955081939697,0.0,40.0,3.0,1.0,0.8461904761904762,0.4835060266777873,0.4767307545989752,0.022584232152439654
centered_full_action_dqn,806,34,149.5003641738665,134.78465816483563,44.072705432772636,105.4276586516869,1.8505758419632912,25609.016414642334,0.0,37.0,16.0,0.0,0.8416666666666667,0.3272661566734314,0.32146062329411507,0.01935177925042808
centered_full_action_dqn,806,35,118.54176260182022,133.57407585505163,37.041779577732086,81.49998302408812,1.8054688908159733,22985.51882171631,0.0,30.0,18.0,1.0,0.8371428571428572,0.40467637311667204,0.39837434608489275,0.02100675430847332
centered_full_action_dqn,806,36,141.10305637539116,135.26831058630893,40.521468952298164,100.5815877211162,1.8495826106518507,24338.300941467285,0.0,36.0,16.0,1.0,0.8326190476190476,0.36374459136277437,0.3574881153181195,0.020854913629591465
centered_full_action_dqn,806,37,136.82694838403162,136.40120476228472,42.4341831728816,94.39276544956863,1.821538737975061,25008.78847885132,0.0,34.0,21.0,1.0,0.8280952380952381,0.35861481446772814,0.3532254518941045,0.017964538012165576
centered_full_action_dqn,806,38,112.94261036068201,136.27567913686212,39.27156030386686,73.67104974389076,1.762190361507237,23194.27317047119,0.0,32.0,0.0,0.0,0.8235714285714286,0.38986095413565636,0.3839848907664418,0.01958688098238781
centered_full_action_dqn,806,39,119.53435836732388,136.27219314607666,38.89681014418602,80.63754794001579,1.8595602149143815,23817.43579864502,0.0,34.0,0.0,0.0,0.819047619047619,1.008813252672553,1.001307349652052,0.02501967060379684
centered_full_action_dqn,806,40,95.80364266037941,129.1781001413213,34.11118447780609,61.692457690835,1.620827510021627,19653.868494033813,0.0,28.0,0.0,0.0,0.8145238095238095,0.6368530932813883,0.6282447669655085,0.028694419423118234
centered_full_action_dqn,806,41,128.6552604660926,129.61552223768072,46.00417052209377,82.65108945226052,1.856150104664266,26270.891998291016,0.0,35.0,2.0,1.0,0.81,0.5374676790088415,0.5306310653686523,0.02278870902955532
centered_full_action_dqn,806,42,116.7795933932066,127.48174637414067,36.94841109961271,79.83118243515491,1.759114995598793,22286.371124267578,0.0,35.0,0.0,1.0,0.8054761904761905,0.5217535700649023,0.513609099201858,0.02714822260895744
centered_full_action_dqn,806,43,119.1712511330843,127.77468405643576,36.52643673121929,82.64481464028358,1.773542550392449,22277.461528778076,0.0,33.0,0.0,0.0,0.800952380952381,0.48828997928649187,0.4818745730444789,0.021384699270129204
centered_full_action_dqn,806,44,119.16894643008709,128.57940643550927,40.31839907169342,78.85054677724838,1.7505028070881963,23664.63945388794,0.0,33.0,0.0,1.0,0.7964285714285715,0.42136773839592934,0.41328143887221813,0.026954337605275214
centered_full_action_dqn,806,45,149.88743974002878,130.74106108683952,38.8614736199379,111.02596638831182,1.8759667426347733,24172.09673309326,0.0,35.0,18.0,0.0,0.7919047619047619,0.4535768274217844,0.44664839934557676,0.02309477422386408
centered_full_action_dqn,806,46,96.44208463430405,129.48665654070408,34.29836778342724,62.14371626973152,1.5970033137127757,19306.011672973633,0.0,28.0,0.0,1.0,0.7873809523809524,0.5686439676210284,0.5615444695577025,0.023664987762458622
centered_full_action_dqn,806,47,119.44760748147965,128.3587288259539,39.57958273589611,79.86802373230458,1.7446706118062139,22923.154445648193,0.0,33.0,0.0,1.0,0.7828571428571429,0.8718096949160099,0.8631510436534882,0.028862202423624694
centered_full_action_dqn,806,48,119.72059771716594,127.44539175141816,42.40755417943001,77.31304388046264,1.7989350222051144,24094.22789001465,0.0,33.0,0.0,3.0,0.7783333333333333,0.6109349159523845,0.6023193951696157,0.02871839760337025
centered_full_action_dqn,806,49,106.40222580730915,126.02425226461328,39.10977251827717,67.29245287179947,1.6873138565570116,22490.007934570312,0.0,29.0,0.0,0.0,0.7738095238095238,0.5739005003124475,0.5647079460322857,0.03064181888476014
centered_full_action_dqn,806,50,91.58929977566004,120.962633877353,31.856973938643932,59.732325941324234,1.582007011398673,18515.96844482422,0.0,26.0,0.0,1.0,0.7692857142857144,0.5810199100524187,0.5723434323444963,0.028921578312292695
centered_full_action_dqn,806,51,108.66881444454194,118.63322872893892,36.529157266020775,72.13965731263161,1.674146706238389,21422.141555786133,0.0,31.0,0.0,1.0,0.7647619047619048,0.5750582925975323,0.5659963674843311,0.030206420924514532
centered_full_action_dqn,806,52,86.87866158783436,118.18235185967765,31.59184378385544,55.28681716322899,1.541907986626029,18690.21332168579,0.0,26.0,0.0,1.0,0.7602380952380953,0.4542004866525531,0.4465707838535309,0.025432317634113133
centered_full_action_dqn,806,53,95.29509381949902,116.61798096768942,31.509188532829285,63.785905718803406,1.5775380060076714,18318.567668914795,0.0,28.0,0.0,0.0,0.7557142857142858,0.5108173182234168,0.502005553804338,0.029372544668149203
centered_full_action_dqn,806,54,106.0108576655388,114.44350564227304,39.01487876474857,66.99597897529603,1.7103145718574524,22258.430503845215,0.0,29.0,0.0,1.0,0.7511904761904762,0.7661590147763491,0.7573573552072048,0.029338860185816884
centered_full_action_dqn,806,55,99.50151318311691,113.49149317133785,35.682241916656494,63.81927153468132,1.6999075636267662,21524.643522262573,0.0,27.0,0.0,0.0,0.7466666666666667,0.9634065050631762,0.954799234867096,0.028690923587419093
centered_full_action_dqn,806,56,133.399518213028,113.10631626321972,43.920761063694954,89.47875680660636,1.8260959731414914,24506.078788757324,0.0,36.0,16.0,2.0,0.7421428571428572,0.6525972802191973,0.6429857844486833,0.032038284349255264
centered_full_action_dqn,806,57,111.50786096155643,111.84036189209596,42.45115268230438,69.05670838356018,1.7160111293196678,23294.49824142456,0.0,30.0,0.0,2.0,0.7376190476190476,0.5401052758097649,0.5307414121925831,0.03121286432724446
centered_full_action_dqn,806,58,128.27546111319427,112.60700442972157,37.18758565187454,91.08787525270347,1.802814893424511,22899.452598571777,0.0,33.0,11.0,3.0,0.7330952380952381,0.5629129000008106,0.5538842901587486,0.030095376656390727
centered_full_action_dqn,806,59,115.49984438717365,112.40527873071406,38.50845432281494,76.99138994514942,1.7350553376600146,22736.736949920654,0.0,33.0,0.0,1.0,0.7285714285714286,0.6459976453334093,0.6360089350491762,0.033295706496573985
centered_full_action_dqn,806,60,115.57206377387047,113.39369978638861,41.07691441476345,74.49514901638031,1.763274798169732,23635.10733795166,0.0,31.0,0.0,1.0,0.724047619047619,0.5393678154796362,0.5301482547074556,0.030731869861483574
centered_full_action_dqn,806,61,98.06285954415799,111.86407974029187,33.88414490967989,64.17871476113797,1.5917547503486276,19245.10383605957,0.0,27.0,0.0,1.0,0.7195238095238095,0.589904522523284,0.5810023825615644,0.029673792188987136
centered_full_action_dqn,806,62,96.87440730035306,110.8688204356492,33.55336606502533,63.32104086279869,1.688104074448347,20510.733276367188,0.0,27.0,0.0,2.0,0.7150000000000001,0.8670675195753574,0.8573403488844633,0.032423929776996374
centered_full_action_dqn,806,63,109.99365728497506,110.40994074324374,38.35746692121029,71.6361904680729,1.7352101122960448,22021.470417022705,0.0,30.0,0.0,1.0,0.7104761904761905,0.7440414447337389,0.7332439571619034,0.03599161363672465
centered_full_action_dqn,806,64,119.3422042503953,110.41860363425914,37.3867382183671,81.95546561479568,1.7788554104045033,22146.578861236572,0.0,35.0,0.0,0.0,0.7059523809523809,0.6652912078425288,0.6550183668732643,0.03424278669990599
centered_full_action_dqn,806,65,95.07769175767899,107.67811623514167,33.54959733784199,61.52809492647648,1.5626342305913568,18754.62934112549,0.0,28.0,0.0,2.0,0.7014285714285715,0.6793905794620514,0.6680104332044721,0.037933819461613894
centered_full_action_dqn,806,66,124.03143121600151,109.05758356422655,44.03457945585251,79.99685220718384,1.827816041186452,24785.356575012207,0.0,34.0,0.0,2.0,0.6969047619047619,0.7477589510381222,0.7377778766676784,0.033270262531004846
centered_full_action_dqn,806,67,105.02408292293549,108.33640733629935,39.32629585266113,65.69778775572777,1.6842879122123122,22383.260593414307,0.0,28.0,0.0,1.0,0.6923809523809523,0.602307416498661,0.5927598159760237,0.031825317768380046
centered_full_action_dqn,806,68,112.82049803435802,107.99140235215891,41.03480462729931,71.78569313883781,1.8441079705953598,24626.945556640625,0.0,30.0,0.0,0.0,0.687857142857143,0.7127440497279167,0.7016676235944033,0.03692142327781767
centered_full_action_dqn,806,69,113.12669753432274,108.3276259385096,38.99466799199581,74.13203022778035,1.775406082160771,23315.239002227783,0.0,34.0,0.0,2.0,0.6833333333333333,0.7211927697062492,0.711099972948432,0.03364267363213003
centered_full_action_dqn,806,70,111.636464330554,109.32998416625432,38.55010813474655,73.08635531663894,1.7171363979578018,22029.94691848755,0.0,32.0,0.0,2.0,0.6788095238095238,0.9067508447915316,0.8942453395575285,0.041685007978230715
centered_full_action_dqn,806,71,115.35077247172595,109.6640820676135,38.5080606713891,76.84271162152291,1.7641005124896765,22252.006313323975,0.0,32.0,0.0,3.0,0.6742857142857144,0.832498861476779,0.8202210925519466,0.040925931418314576
centered_full_action_dqn,806,72,126.28296440839767,111.63429720864167,37.612817257642746,88.67014679312706,1.8050176417455077,22333.297687530518,0.0,36.0,0.0,1.0,0.6697619047619048,0.8026369195431471,0.7898513861000538,0.042618430918082595
centered_full_action_dqn,806,73,121.27552181482315,112.93331860840787,43.07924906909466,78.19627290964127,1.8236620863899589,24692.19129562378,0.0,32.0,0.0,0.0,0.6652380952380952,0.7337746080011129,0.7223539426922798,0.038068845053203404
centered_full_action_dqn,806,74,114.20660199224949,113.3431058247434,40.573452457785606,73.6331496834755,1.7028982248157263,22395.478412628174,0.0,32.0,0.0,0.0,0.6607142857142857,0.7555478047579527,0.7448131944984198,0.035782006685622036
centered_full_action_dqn,806,75,110.35771722495556,113.88591602683535,40.082859471440315,70.2748576939106,1.7405324978753924,23411.08424758911,0.0,29.0,0.0,2.0,0.6561904761904762,0.732813598588109,0.7206390388309956,0.040581843932159245
centered_full_action_dqn,806,76,107.87961574047804,112.60992090320784,37.50252225250006,70.37709326446057,1.7074979115277529,21626.096801757812,0.0,30.0,0.0,2.0,0.6516666666666667,0.7108547911047935,0.6992663238197565,0.03862824663519859
centered_full_action_dqn,806,77,114.10967149734498,112.74001142999728,40.30411569774151,73.8055557847023,1.745688682422042,23505.358283996582,0.0,30.0,0.0,1.0,0.6471428571428571,0.6977282166481018,0.686925046145916,0.03601055848412216
centered_full_action_dqn,806,78,116.8588402569294,112.16918038718404,40.93784511089325,75.92099568247795,1.7256836369633675,23187.689695358276,0.0,33.0,0.0,0.0,0.6426190476190476,1.141644299030304,1.1274843402206898,0.04719985730480403
centered_full_action_dqn,806,79,124.85818739235401,112.63709753744305,41.23649024963379,83.62169748544693,1.7889649560675025,23501.99278640747,0.0,34.0,0.0,0.0,0.6380952380952382,1.033973941579461,1.0205748621374369,0.04466355196200311
centered_full_action_dqn,806,80,110.1654859483242,112.36676864616575,37.46148644387722,72.70399969816208,1.7226070910692215,21582.023361206055,0.0,31.0,0.0,1.0,0.6335714285714286,0.6938726846128702,0.6819806843996048,0.03963999601546675
centered_full_action_dqn,806,81,122.73692589819433,113.60047196386753,44.386303424835205,78.35062254786492,1.8673334689810872,25252.186332702637,0.0,32.0,6.0,2.0,0.6290476190476191,0.9299171604216099,0.9176720902323723,0.04081693117041141
centered_full_action_dqn,806,82,114.98532888442278,114.50601804307105,40.684598974883556,74.3007302671671,1.8498166557401419,24192.154718399048,0.0,31.0,0.0,2.0,0.6245238095238095,0.7115430738776922,0.7006597714498639,0.03627767995931208
centered_full_action_dqn,806,83,116.04949709773064,114.80881003370882,39.619375720620155,76.43012161552906,1.7408159272745252,22504.902576446533,0.0,33.0,0.0,0.0,0.62,0.7927003940567374,0.7819846523925662,0.035719117848202586
centered_full_action_dqn,806,84,110.78302901983261,114.38085127218069,37.640795171260834,73.1422336101532,1.7220359416678548,22189.273208618164,0.0,31.0,0.0,0.0,0.6154761904761905,0.7679890748113394,0.7559280460700393,0.04020340763963759
centered_full_action_dqn,806,85,122.28065678477287,115.74099952353538,43.18719846010208,79.0934586673975,1.7956473687663674,24401.63014984131,0.0,33.0,0.0,0.0,0.6109523809523809,0.9501294996589422,0.9377364367246628,0.04131022992078215
centered_full_action_dqn,806,86,95.07843698859214,114.2933498121649,32.2745370939374,62.803899872303006,1.580570206977427,18525.917026519775,0.0,29.0,0.0,2.0,0.6064285714285714,1.208313811570406,1.1954368129372597,0.04292329680174589
centered_full_action_dqn,806,87,106.04970784783363,114.34463105840982,39.8277485370636,66.22195901274681,1.751523562707007,22535.277786254883,0.0,28.0,0.0,2.0,0.6019047619047619,0.7410501791164279,0.7284834003075957,0.04188924445770681
centered_full_action_dqn,806,88,107.94130945205688,114.10067162929477,36.342063933610916,71.59924599528313,1.6213242653757334,20462.343563079834,0.0,31.0,0.0,0.0,0.5973809523809523,0.9322953522205353,0.9196278713643551,0.04222492640838027
centered_full_action_dqn,806,89,103.3776880517602,113.61322115516664,37.75783275812864,65.61985453367234,1.7408244786784053,21900.446056365967,0.0,28.0,0.0,1.0,0.592857142857143,1.0137490201741457,1.0008373409509659,0.04303892655298114
centered_full_action_dqn,806,90,116.05053292722073,113.83392458499998,39.804902002215385,76.24563102931346,1.8188831247389317,23103.74570465088,0.0,32.0,5.0,1.0,0.5883333333333334,0.6841946318745613,0.6702943313866854,0.046334331622347236
centered_full_action_dqn,806,91,102.55481512844563,113.19412671783596,35.33970569074154,67.21510928869247,1.6415817271918058,20372.6167678833,0.0,29.0,0.0,0.0,0.5838095238095238,0.9107261430472136,0.8989575058221817,0.03922875318676233
centered_full_action_dqn,806,92,126.68610262274743,113.21428362855345,41.95335231721401,84.73275064826012,1.7837710287421942,23886.034255981445,0.0,36.0,0.0,1.0,0.5792857142857144,0.868803845718503,0.85799297131598,0.03603625833056867
centered_full_action_dqn,806,93,112.76981514692307,112.78899829515842,34.794855162501335,77.97496110200882,1.734560557641089,20812.918426513672,0.0,33.0,0.0,0.0,0.5747619047619048,1.131933493539691,1.1206574775278568,0.0375867267139256
centered_full_action_dqn,806,94,94.17196471244097,111.78726643116802,33.92174402624369,60.25022080540657,1.5823680013418198,19341.55290222168,0.0,27.0,0.0,1.0,0.5702380952380952,0.9796611722558737,0.9651477113366127,0.048378201317973435
centered_full_action_dqn,806,95,96.36625714600086,111.08769342722027,35.803803242743015,60.56245455145836,1.6146198995411396,20493.94300842285,0.0,27.0,0.0,0.0,0.5657142857142857,0.7864418886601925,0.7738675586879253,0.041914425091817975
centered_full_action_dqn,806,96,93.71165928244591,110.37929560431867,34.39653390645981,59.31512600183487,1.6336817359551787,20044.51503753662,0.0,25.0,0.0,0.0,0.5611904761904762,0.9143654294312,0.9010876212269068,0.044259336427785456
centered_full_action_dqn,806,97,114.41791717708111,110.39470788830548,41.72293144464493,72.69498598575592,1.731797688640654,23333.717250823975,0.0,32.0,0.0,1.0,0.5566666666666666,0.765389509499073,0.7522586695849895,0.04376945900730789
centered_full_action_dqn,806,98,101.78671999275684,109.64110187509684,36.315219551324844,65.47150075435638,1.6411470295861363,19967.42729949951,0.0,28.0,0.0,0.0,0.5521428571428572,0.8092135768383741,0.7971917809918523,0.040072674746625125
centered_full_action_dqn,806,99,109.80436737239361,108.88841087409882,37.33016648888588,72.47420080900193,1.6582300961017609,21078.249557495117,0.0,30.0,0.0,2.0,0.5476190476190477,0.6705781826749444,0.6595380818471313,0.036800333531573415
centered_full_action_dqn,806,100,107.92600887417794,108.77643702039151,34.55185750126839,73.37415113449097,1.6887692520394921,20146.304077148438,0.0,33.0,0.0,1.0,0.5430952380952381,0.8375383708626032,0.8240224197506905,0.04505315748974681
centered_full_action_dqn,806,101,89.39206217229366,107.10919383409649,32.239874824881554,57.152188032865524,1.5405501453205943,18156.071548461914,0.0,27.0,0.0,1.0,0.5385714285714286,0.8832036638632417,0.8699658513069153,0.044126010150648654
centered_full_action_dqn,806,102,102.81241658329964,106.50054821904033,34.830902740359306,67.9815145432949,1.6989730512723327,20627.75058364868,0.0,30.0,0.0,2.0,0.5340476190476191,0.9770690705627203,0.9632374942302704,0.04610521823633462
centered_full_action_dqn,806,103,101.37896794080734,105.76702176119416,33.23056562244892,68.14840245246887,1.6124707981944084,19517.755294799805,0.0,30.0,0.0,0.0,0.5295238095238095,0.9063714481890202,0.8941463381052017,0.04075035871937871
centered_full_action_dqn,806,104,124.57760729040187,106.45675067472261,40.71564193069935,83.86196538950483,1.7935550659894943,23766.467571258545,0.0,33.0,15.0,1.0,0.525,1.0782650634646416,1.0655142106115818,0.04250283644068986
centered_full_action_dqn,806,105,100.17001295089722,105.35121848302883,36.26365998387337,63.906353160738945,1.675705530680716,20999.09157180786,0.0,27.0,0.0,0.0,0.5204761904761905,1.065844938158989,1.0529810227453709,0.04287970787845552
centered_full_action_dqn,806,106,90.68074714690447,105.13133399094446,29.448231227695942,61.23251551687717,1.6519091594964266,18157.309940338135,0.0,25.0,0.0,2.0,0.5159523809523809,0.928525460883975,0.9145684354007244,0.04652341874316335
centered_full_action_dqn,806,107,105.48230115473271,105.1029636562894,38.48281065374613,66.99949004650117,1.7575447699055076,22751.216054916382,0.0,28.0,0.0,2.0,0.5114285714285716,0.9190407041460276,0.9059774000197649,0.043544362066313624
centered_full_action_dqn,806,108,116.26181423664093,105.51898889551862,37.01096600294113,79.25084768235683,1.7513157902285457,21137.54082107544,0.0,34.0,0.0,1.0,0.506904761904762,0.9957121163606644,0.9817580953240395,0.046513392589986324
centered_full_action_dqn,806,109,114.57473028600216,106.0788410072307,37.59130643308163,76.98342400193215,1.7199460277333856,21445.967418670654,0.0,32.0,0.0,1.0,0.5023809523809524,1.1263448037207127,1.11269511282444,0.045498999301344156
centered_full_action_dqn,806,110,104.45641405880451,105.4991350638099,35.44110484421253,69.01530888676643,1.6588543942198157,20107.38028717041,0.0,30.0,0.0,0.0,0.4978571428571429,1.0364605858922005,1.0231115389615297,0.04449682333506644
centered_full_action_dqn,806,111,98.2723822593689,105.28501342035607,32.30758062005043,65.96480102837086,1.6344564743340015,19148.679958343506,0.0,28.0,0.0,1.0,0.4933333333333334,1.1143866423517466,1.1010588929057121,0.044425846077501774
centered_full_action_dqn,806,112,119.96421757340431,104.9489191678889,39.394412130117416,80.56980600953102,1.7253625569865108,22376.04024887085,0.0,34.0,0.0,0.0,0.4888095238095238,0.887207267805934,0.875267768278718,0.039798354147933424
centered_full_action_dqn,806,113,116.49045261144639,105.13495104111507,40.758574455976486,75.73187909424306,1.7889867797493935,23207.519973754883,0.0,32.0,0.0,1.0,0.4842857142857143,1.065385164692998,1.0514515321701765,0.046445415588095784
centered_full_action_dqn,806,114,89.12178364694118,104.8824419878401,29.782124757766724,59.33965890407562,1.5581597927957773,17366.38119506836,0.0,26.0,0.0,2.0,0.4797619047619047,0.8144734129309654,0.8006961457431316,0.045924211386591196
centered_full_action_dqn,806,115,90.40687309503555,104.58447278529181,33.407095819711685,56.99977658987045,1.6558632059022784,19810.491970062256,0.0,25.0,0.0,2.0,0.47523809523809524,1.0109727401286364,0.997822592034936,0.04383382841479033
centered_full_action_dqn,806,116,97.15843242406845,104.75681144237294,31.836307391524315,65.32212530076504,1.630792804993689,18702.40444946289,0.0,30.0,0.0,0.0,0.47071428571428575,1.0114251747727394,0.9966640789061785,0.04920367512386292
centered_full_action_dqn,806,117,99.70292387306691,104.02106177717224,34.1275437772274,65.57538097500802,1.569469092413783,18967.82424736023,0.0,30.0,0.0,1.0,0.46619047619047627,1.1814827602356672,1.167735680937767,0.045823587104678154
centered_full_action_dqn,806,118,97.0779092848301,103.78562124177589,35.619972959160805,61.457936429977416,1.6220489656552672,20115.973556518555,0.0,27.0,0.0,1.0,0.46166666666666667,1.140512140467763,1.1267020422965288,0.04603363014757633
centered_full_action_dqn,806,119,106.7551260009408,103.63315917320327,33.50285033136606,73.25227477550507,1.6704935571178794,19774.974559783936,0.0,30.0,0.0,1.0,0.4571428571428572,0.9420878570526838,0.92833236977458,0.045851631090044975
centered_full_action_dqn,806,120,90.50794599205256,102.76225602909699,33.54327962547541,56.96466642618179,1.5869748955592513,19045.56520843506,0.0,26.0,0.0,0.0,0.4526190476190477,0.8945667594671249,0.8787744529545307,0.05264100059866905
centered_full_action_dqn,806,121,86.4622687265277,102.61576635680869,30.763829551637173,55.698439025878905,1.560524195432663,17646.396186828613,0.0,26.0,0.0,1.0,0.4480952380952381,1.0119670443236828,0.998320359736681,0.04548892111051828
centered_full_action_dqn,806,122,104.4008679240942,102.69518892384842,37.22504250705242,67.17582482099533,1.641257748939097,20932.78477859497,0.0,28.0,0.0,1.0,0.4435714285714286,0.9538201596587896,0.9429089464247227,0.03637075098231435
centered_full_action_dqn,806,123,107.26154732704163,102.98931789316013,37.93638224899769,69.32516494393349,1.6802889918908477,21243.970262527466,0.0,31.0,0.0,0.0,0.439047619047619,0.9323757719248533,0.9193970467895269,0.04326244362164289
centered_full_action_dqn,806,124,90.06109348088503,101.2634922026843,34.43519949167967,55.62589461505413,1.6025908160954714,19143.24676513672,0.0,26.0,0.0,1.0,0.43452380952380953,1.0934401750564575,1.0797118470072746,0.04576106974855065
centered_full_action_dqn,806,125,93.49709587693215,100.92984634898603,34.84931805729866,58.647777849435805,1.5842141546308994,19323.6222114563,0.0,25.0,0.0,1.0,0.43000000000000005,1.293020524084568,1.278665117919445,0.04785131709650159
centered_full_action_dqn,806,126,88.02244228124619,100.79693110570312,30.66416747868061,57.35827487707138,1.5307413218542933,17242.111028671265,0.0,26.0,0.0,0.0,0.42547619047619056,0.942858787253499,0.9277221187949181,0.050455539021641016
centered_full_action_dqn,806,127,85.69879944622517,99.80775602027775,31.975451573729515,53.72334823012352,1.5680075781419873,18271.872901916504,0.0,25.0,0.0,0.0,0.42095238095238097,1.0428731888532639,1.0299124084413052,0.04320258414372802
centered_full_action_dqn,806,128,79.24031693637372,97.95668115526439,29.470136627554893,49.77018071115017,1.4829984027892351,16587.375846862793,0.0,22.0,0.0,1.0,0.41642857142857137,1.2278234586119652,1.214610680937767,0.04404257226269692
centered_full_action_dqn,806,129,104.71916145384311,97.46390271365644,36.95991735160351,67.75924374461174,1.7251883354038,21703.502277374268,0.0,30.0,0.0,2.0,0.4119047619047619,1.1511081475764513,1.1386637277901173,0.04148148337844759
centered_full_action_dqn,806,130,86.44976382702589,96.5635702020675,30.942620046436787,55.50714385509491,1.559587457217276,17861.211948394775,0.0,25.0,0.0,0.0,0.4073809523809524,1.057347647845745,1.0442090723663568,0.04379526944831014
centered_full_action_dqn,806,131,94.31215056180955,96.36555861718954,31.277430713176727,63.034719640016554,1.5835721185430884,17990.455753326416,0.0,27.0,0.0,1.0,0.4028571428571429,1.099015111103654,1.0877203363925219,0.03764923638664186
centered_full_action_dqn,806,132,96.9365099310875,95.2141732350737,34.252292074263096,62.68421829640865,1.599178433418274,18844.465183258057,0.0,28.0,0.0,1.0,0.39833333333333343,1.1300483886152506,1.1163469292223454,0.04567155078984797
centered_full_action_dqn,806,133,96.2456286996603,94.2019320394844,31.873338788747787,64.37229046225548,1.5543718682602048,18203.944213867188,0.0,29.0,0.0,1.0,0.39380952380952383,1.122416352853179,1.1071322225034237,0.05094708316028118
centered_full_action_dqn,806,134,101.48827168643474,94.82025644145907,35.865696616470814,65.62257518172264,1.623709580861032,19880.65622329712,0.0,29.0,0.0,2.0,0.38928571428571423,1.07874352671206,1.062779126688838,0.053214614279568195
centered_full_action_dqn,806,135,107.66385839283467,95.68310570634902,35.558792009949684,72.10506645739079,1.6488682068884373,20039.384355545044,0.0,31.0,0.0,2.0,0.38476190476190475,1.1404122095555067,1.1271119676530361,0.04433414060622454
centered_full_action_dqn,806,136,87.46292702108622,95.19833043619991,33.70627858489752,53.756648510694504,1.6138815796002746,19479.52247238159,0.0,25.0,0.0,0.0,0.38023809523809526,1.0371497999876738,1.0240391455590725,0.04370220145210624
centered_full_action_dqn,806,137,93.3700435757637,94.88168642133475,35.17901919782162,58.191024258732796,1.6033881455659866,19598.08198928833,0.0,27.0,0.0,0.0,0.3757142857142858,1.017987199127674,1.0043679755181074,0.04539739922620356
centered_full_action_dqn,806,138,86.50045878440142,94.35281389631332,31.44271080940962,55.05774837732315,1.5508948620408773,18115.01084136963,0.0,25.0,0.0,2.0,0.3711904761904763,1.0950810723006725,1.0804696790874004,0.048704628366976976
centered_full_action_dqn,806,139,100.79149907082319,94.05463254980744,36.76153939217329,64.02996030449867,1.659445771947503,20685.11401939392,0.0,27.0,0.0,0.0,0.3666666666666667,1.0449569374322891,1.0321034118533134,0.04284506756812334
centered_full_action_dqn,806,140,96.78768215626478,94.36861935801804,32.39300934970379,64.39467279911041,1.5707522574812174,18447.422653198242,0.0,29.0,0.0,2.0,0.3621428571428572,1.0886463969945908,1.0754179544746876,0.044094806420616806
centered_full_action_dqn,806,141,99.3144748300314,95.01122966319323,36.71908673644066,62.59538788497448,1.6358139486983418,20340.420001983643,0.0,27.0,0.0,1.0,0.3576190476190476,1.240996303036809,1.2258256282657385,0.050568901002407074
centered_full_action_dqn,806,142,116.00518119335175,95.5914453266561,36.64980445802212,79.35537594556808,1.6820873003453016,20666.979328155518,0.0,34.0,0.0,0.0,0.35309523809523813,0.95426912792027,0.9395868517458439,0.04894094087649137
centered_full_action_dqn,806,143,89.07807040214539,94.68227148041129,33.34516877681017,55.73290133476257,1.5460706679150462,18160.803508758545,0.0,26.0,0.0,1.0,0.34857142857142864,1.143560355529189,1.129912231117487,0.04549372894689441
centered_full_action_dqn,806,144,85.97551926374436,94.47799276955428,31.22530397772789,54.7502154648304,1.5797103494405746,17883.86820602417,0.0,24.0,0.0,1.0,0.34404761904761905,0.7791229262948036,0.7637646701186895,0.0511941893491894
centered_full_action_dqn,806,145,97.47206300497055,94.67674112595618,33.95709631592035,63.514966785907745,1.5973428823053837,19129.62615585327,0.0,28.0,0.0,1.0,0.33952380952380956,1.1863422691822052,1.1719727367162704,0.047898492543026805
centered_full_action_dqn,806,146,90.28297157287598,94.78976759053768,30.33202250301838,59.95094985961914,1.5309329722076654,17388.385246276855,0.0,27.0,0.0,3.0,0.3350000000000001,1.338004075922072,1.3257488794624805,0.04085065808612853
centered_full_action_dqn,806,147,97.5986584365368,95.38476054005326,34.45424570143223,63.144412690401076,1.6469149114564061,20063.41040802002,0.0,27.0,0.0,2.0,0.3304761904761905,1.058195423334837,1.0435107983648777,0.048948686104267836
centered_full_action_dqn,806,148,104.48217442035676,96.64685341425242,36.0088757276535,68.47329784333706,1.6486952118575573,20219.432092666626,0.0,30.0,0.0,2.0,0.325952380952381,1.309275971725583,1.2956534326076508,0.045408457051962614
centered_full_action_dqn,806,149,106.27499885857105,96.7246452844888,33.51775763183832,72.75724083185196,1.601047920063138,18977.747871398926,0.0,31.0,0.0,0.0,0.3214285714285714,1.269489612430334,1.2553180828690529,0.047238480066880584
centered_full_action_dqn,806,150,101.60232632011176,97.48227340914312,33.05974065512419,68.54258572459221,1.6262153321877122,18741.874702453613,0.0,30.0,0.0,2.0,0.3169047619047619,1.194103054702282,1.1818428561091423,0.04086734214797616
centered_full_action_dqn,806,151,74.23021961003542,96.4781768615544,29.04732782393694,45.18289156258106,1.4751526191830635,16315.174238204956,0.0,20.0,0.0,0.0,0.3123809523809524,1.0193751137703657,1.0071906447410583,0.0406148754991591
centered_full_action_dqn,806,152,104.20583027005196,96.84164287850261,33.841557174921036,70.3642729908228,1.6645288430154324,19558.815837860107,0.0,29.0,0.0,1.0,0.30785714285714294,1.0807053335011005,1.0661573074758053,0.04849342838861048
centered_full_action_dqn,806,153,101.99598778784275,97.12916083291175,36.83868169784546,65.15730629861355,1.6490838695317507,20775.97797012329,0.0,28.0,0.0,1.0,0.30333333333333345,1.0863171927630901,1.0718276873230934,0.048298368230462074
centered_full_action_dqn,806,154,103.13359974324703,97.21142723575235,32.18470475822687,70.94889461994171,1.6065470995381474,18497.837356567383,0.0,31.0,0.0,0.0,0.29880952380952375,0.9527018927037716,0.9396966695785522,0.043350740103051066
centered_full_action_dqn,806,155,98.99958969652653,96.77821380093694,35.89828312397003,63.10130625963211,1.611611501313746,19776.813804626465,0.0,27.0,0.0,0.0,0.29428571428571426,1.1244449149817228,1.1116230264306068,0.04273963451851159
centered_full_action_dqn,806,156,81.00281743109227,96.45520832143725,31.768448755145073,49.23436891436577,1.5372094074264169,18012.177894592285,0.0,23.0,0.0,1.0,0.2897619047619048,1.316767755895853,1.3031133897602558,0.04551455576438457
centered_full_action_dqn,806,157,88.56075087338687,96.21474368631841,32.035010412335396,56.52574025988579,1.5515181766822934,18035.327709197998,0.0,25.0,0.0,1.0,0.2852380952380953,1.001481929793954,0.985543655231595,0.05312755098566413
centered_full_action_dqn,806,158,92.04197877198457,96.49181968569756,32.7971481308341,59.24483050704002,1.6038401257246733,18569.725212097168,0.0,26.0,0.0,2.0,0.2807142857142858,0.7780963741242886,0.7656297944486141,0.04155523772351444
centered_full_action_dqn,806,159,95.76488275229931,96.24048886977138,34.317960888147354,61.44692167043686,1.6098101055249572,19144.673858642578,0.0,28.0,0.0,2.0,0.2761904761904763,1.1303648632019758,1.115964924916625,0.04799981031101197
centered_full_action_dqn,806,160,82.79452441632748,95.54083098277451,30.352368243038654,52.44215589761734,1.5220716437324882,16995.60733795166,0.0,25.0,0.0,0.0,0.2716666666666666,1.2253760062158108,1.209934238344431,0.05147256574127823
centered_full_action_dqn,806,161,94.73015942573548,95.3116152125597,32.531741097569466,62.19841762781143,1.5757816666737199,18336.652835845947,0.0,28.0,0.0,2.0,0.2671428571428571,1.3444047458469868,1.3309052512049675,0.04499835823662579
centered_full_action_dqn,806,162,103.91021937429905,94.70686712160708,37.12840047478676,66.78181825876236,1.671370942145586,20960.361213684082,0.0,29.0,0.0,2.0,0.26261904761904764,1.1941858399659395,1.1811329927295446,0.04350948834326118
centered_full_action_dqn,806,163,74.8271794334054,93.99432257317008,29.47747816890478,45.34970132410526,1.4914856711402535,16592.94578552246,0.0,22.0,0.0,1.0,0.25809523809523816,1.4052696339786053,1.3896040059626102,0.05221877759322524
centered_full_action_dqn,806,164,87.805101133883,94.08580166667701,30.550418205559254,57.254683285951614,1.5233741104602814,17159.514640808105,0.0,25.0,0.0,1.0,0.25357142857142867,1.3562835473567247,1.342841112986207,0.04480809788219631
centered_full_action_dqn,806,165,92.25188232958317,93.82479263290764,33.002853222191334,59.2490289658308,1.5835395073518157,18685.555507659912,0.0,26.0,0.0,1.0,0.24904761904761907,1.2445622272789478,1.2311026565730572,0.04486523289233446
centered_full_action_dqn,806,166,93.62617033720016,93.99195257112385,32.669228568673134,60.95694211125374,1.5755993518978357,18319.16343307495,0.0,28.0,0.0,0.0,0.2445238095238096,1.1870488431304693,1.1735541485249996,0.044982324820011854
centered_full_action_dqn,806,167,101.31307349503041,94.17767332404853,33.261083006858826,68.05198968350888,1.59662926197052,18455.773246765137,0.0,30.0,0.0,1.0,0.24,1.2978207357227802,1.2860268130898476,0.03931301599368453
centered_full_action_dqn,806,168,83.50113386064768,93.12862129606307,30.33715509623289,53.16397852599621,1.5174017939716578,17363.637142181396,0.0,25.0,0.0,2.0,0.2354761904761905,1.4115863889455795,1.3977861143648624,0.04600092035252601
centered_full_action_dqn,806,169,94.30056032836437,92.52989936955274,32.587816923856735,61.71274388134479,1.5790424346923828,18231.529174804688,0.0,28.0,0.0,3.0,0.23095238095238102,1.4591702576726675,1.4460768327116966,0.04364476213231683
centered_full_action_dqn,806,170,93.15151134431362,92.10735862076282,32.99335437268019,60.158157008886334,1.5973548740148544,18853.393585205078,0.0,27.0,0.0,2.0,0.22642857142857142,1.1546928770840168,1.1404560096561909,0.047456187661737204
centered_full_action_dqn,806,171,89.25497658699751,92.85859646961094,30.550644494593143,58.70433163046837,1.554575133137405,17625.872707366943,0.0,27.0,0.0,2.0,0.22190476190476194,1.3635775484144688,1.3478547390550375,0.052409399999305606
centered_full_action_dqn,806,172,95.60419367998838,92.42851464010775,32.75776860117912,62.846425101161,1.5865013664588332,18384.410968780518,0.0,28.0,0.0,0.0,0.21738095238095245,1.3448347114026546,1.333121482282877,0.03904406912624836
centered_full_action_dqn,806,173,83.25927491486073,91.49167899645866,30.192605182528496,53.06666988134384,1.5290237367153168,17220.509578704834,0.0,25.0,0.0,0.0,0.21285714285714286,1.024057688191533,1.0101730804890394,0.04628201341256499
centered_full_action_dqn,806,174,86.18779496848583,90.64438875772059,31.810086511075497,54.37770827114582,1.5666695907711983,17919.6467628479,0.0,25.0,0.0,1.0,0.20833333333333337,1.223595591261983,1.2105959486216307,0.04333215730730444
centered_full_action_dqn,806,175,93.88097313195468,90.388457929492,32.04611323773861,61.83485992401838,1.6248709671199322,18646.55165863037,0.0,28.0,0.0,1.0,0.20380952380952377,1.6053434181958437,1.5914573967456818,0.0462867587339133
centered_full_action_dqn,806,176,103.69277433454991,91.5229557746649,33.9743627011776,69.71841158866883,1.6309883389621973,19120.84365463257,0.0,29.0,0.0,3.0,0.1992857142857143,1.3869212195277214,1.3725414965301752,0.04793244390748441
centered_full_action_dqn,806,177,86.69323930591345,91.42958019629121,33.70488878339529,52.98835129737854,1.5979344919323921,19069.501049041748,0.0,23.0,0.0,3.0,0.1947619047619048,1.3452050611376762,1.3325611632317305,0.04214634047821164
centered_full_action_dqn,806,178,97.06759221851826,91.6808608686179,34.126607932150364,62.94098411500454,1.6052580820396543,19208.64503479004,0.0,28.0,0.0,0.0,0.19023809523809532,1.4258877281099558,1.413486771285534,0.04133648762945086
centered_full_action_dqn,806,179,83.18686357885599,91.05195990994574,30.551940448582172,52.63492301106453,1.5330234579741955,17189.090732574463,0.0,25.0,0.0,0.0,0.18571428571428583,1.234536737203598,1.2195965759456158,0.0498005390400067
centered_full_action_dqn,806,180,104.63268566429615,92.14386797234415,34.547591507434845,70.08509420156479,1.6745227156206965,19783.357318878174,0.0,30.0,0.0,3.0,0.18119047619047624,1.3697025999426842,1.3565525077283382,0.043833671137690544
centered_full_action_dqn,806,181,93.8675898551941,92.10073949381709,32.36831358075142,61.499276825785635,1.5562083274126053,17606.393505096436,0.0,27.0,0.0,2.0,0.17666666666666664,1.2406549658626318,1.2263111658394337,0.04781263181939721
centered_full_action_dqn,806,182,92.04637252539396,91.50754715137184,33.18635146319866,58.86002105474472,1.5737594636157155,18605.88995361328,0.0,27.0,0.0,0.0,0.17214285714285715,1.3256872929632664,1.3129546269774437,0.042442211764864624
centered_full_action_dqn,806,183,82.0353461354971,91.86795548647642,30.649519950151443,51.385825991630554,1.565919273532927,17419.118724822998,0.0,25.0,0.0,0.0,0.16761904761904767,1.493518278002739,1.4800667949020863,0.04483821499161422
centered_full_action_dqn,806,184,104.69322302937508,92.71236158125103,31.672406435012817,73.02081647515297,1.5984629802405834,18127.79432106018,0.0,32.0,0.0,0.0,0.16309523809523818,1.259991217404604,1.247202204540372,0.04263001342769712
centered_full_action_dqn,806,185,88.46434788405895,92.52298485897481,31.933042645454407,56.5313059091568,1.5267665097489953,17493.98691177368,0.0,25.0,0.0,1.0,0.1585714285714287,1.3493512999266386,1.3363524656742811,0.04332943132612854
centered_full_action_dqn,806,186,81.08653975278139,91.89600332975388,30.726177006959915,50.36036294698715,1.5609475513920188,17444.59631729126,0.0,25.0,0.0,0.0,0.1540476190476191,0.8661932591348886,0.8534472770988941,0.04248661221936345
centered_full_action_dqn,806,187,81.41810045540333,90.90125467777253,29.558876514434814,51.859223479032515,1.5189569517970085,17039.554599761963,0.0,23.0,0.0,1.0,0.1495238095238095,1.1497595179826021,1.13368533924222,0.05358055583201349
centered_full_action_dqn,806,188,89.35129632204772,91.19376280084253,32.51518348604441,56.836112880706786,1.5605064909905195,18303.234802246094,0.0,27.0,0.0,1.0,0.14500000000000002,1.300199182704091,1.2873319275677204,0.04289088258519769
centered_full_action_dqn,806,189,91.02446736544371,91.02995815269651,32.49900691956282,58.52546043843031,1.5406839782372117,17563.01944732666,0.0,26.0,0.0,1.0,0.14047619047619053,1.2355239111930132,1.2228248044848442,0.04233035049401224
centered_full_action_dqn,806,190,80.14061440527439,90.37941330574454,30.219072803854942,49.92154172062874,1.5098063563928008,16535.572513580322,0.0,23.0,0.0,0.0,0.13595238095238105,1.2513547651469707,1.2383157387375832,0.04346337681636214
centered_full_action_dqn,806,191,92.18137840330601,90.52573339655996,32.7011172324419,59.48026066422462,1.548256385140121,17958.85174560547,0.0,27.0,0.0,3.0,0.13142857142857145,1.1992471814155579,1.1856825947761536,0.045215253019705415
centered_full_action_dqn,806,192,78.87448911368847,89.68924816824497,26.486949041485786,52.387540489435196,1.4704952957108617,15139.237678527832,0.0,24.0,0.0,1.0,0.12690476190476196,1.213328318670392,1.1988122016191483,0.04838705819565803
centered_full_action_dqn,806,193,82.5299555823207,89.65278220161797,29.486208386719227,53.04374727010727,1.489557716064155,16461.176431655884,0.0,25.0,0.0,2.0,0.12238095238095237,1.3939401600509882,1.3817288614809513,0.04070431925356388
centered_full_action_dqn,806,194,93.15041036307812,90.00091297134759,31.69386886060238,61.45654117465019,1.587024312466383,17961.89585494995,0.0,29.0,0.0,1.0,0.11785714285714288,1.37622101418674,1.3641635850071907,0.04019141395110637
centered_full_action_dqn,806,195,74.61182225644589,89.03745542757216,28.135325849056244,46.476496586203574,1.4483694974333048,15276.404193878174,0.0,22.0,0.0,1.0,0.1133333333333334,1.38651754707098,1.373629406094551,0.04296046192757785
centered_full_action_dqn,806,196,106.12048673629761,89.15884104765954,34.70326482504606,71.41722175478935,1.623062969185412,18992.246704101562,0.0,31.0,0.0,1.0,0.1088095238095238,1.2192790117114782,1.2061694543808699,0.043698492692783475
centered_full_action_dqn,806,197,91.74980849027634,89.41166950687766,30.99914588779211,60.75066262483597,1.5615306189283729,17553.356914520264,0.0,28.0,0.0,0.0,0.10428571428571431,1.2680130302906036,1.255046397447586,0.04322210804093629
centered_full_action_dqn,806,198,77.39884819090366,88.42823230549695,29.210968136787415,48.1878801882267,1.4866933915764093,16455.76205444336,0.0,23.0,0.0,2.0,0.09976190476190483,1.363557629287243,1.3481982871890068,0.05119779345113784
centered_full_action_dqn,806,199,80.9788696244359,88.31783260777593,29.54649666696787,51.432373002171516,1.52638706471771,16563.781372070312,0.0,25.0,0.0,0.0,0.09523809523809534,1.3173948917537928,1.303374307230115,0.04673525644466281
centered_full_action_dqn,806,200,72.25597646981478,86.69899714805186,26.93490743637085,45.321069398522376,1.4218400176614523,14649.482542037964,0.0,23.0,0.0,1.0,0.09071428571428575,1.5010019689798355,1.4837410748004913,0.057536340318620205
centered_full_action_dqn,806,201,106.2369914650917,87.31746722854675,33.42430003732443,72.81269127130508,1.6198747660964727,18635.928024291992,0.0,32.0,0.0,0.0,0.08619047619047626,1.3811940606683493,1.36711934953928,0.04691570857539773
centered_full_action_dqn,806,202,73.94406243562699,86.41235172405841,28.511358618736267,45.43270398080349,1.4728524647653103,16170.687393188477,0.0,22.0,0.0,2.0,0.08166666666666667,1.1700901705771685,1.156888460740447,0.044005745789036155
centered_full_action_dqn,806,203,68.70417656749487,85.74579324565829,26.23998621851206,42.464190408587456,1.4016437334939837,14317.360004425049,0.0,22.0,0.0,1.0,0.07714285714285718,1.5567855052649975,1.543543130159378,0.04414125776384026
centered_full_action_dqn,806,204,81.36065010726452,84.57916459955275,29.973228484392166,51.38742136955261,1.5279860068112612,17117.216102600098,0.0,23.0,0.0,0.0,0.0726190476190477,1.3419583216309547,1.3280592672526836,0.046330159762874246
centered_full_action_dqn,806,205,66.24509934484959,83.4682021725923,27.84644877165556,38.3986502751708,1.433987982571125,15501.278995513916,0.0,19.0,0.0,1.0,0.06809523809523821,1.0412589441984892,1.0288568641990423,0.04134025739040226
centered_full_action_dqn,806,206,90.5235360711813,83.94005198851228,31.065211348235607,59.45832395553589,1.5456354776397347,17572.69203186035,0.0,26.0,0.0,1.0,0.06357142857142861,0.8463912792503834,0.8335340674966574,0.04285735578741878
centered_full_action_dqn,806,207,76.4893980935216,83.6936168704182,30.841332025825977,45.64806571006775,1.5263678012415767,16933.112754821777,0.0,21.0,0.0,1.0,0.059047619047619015,1.1338886339217424,1.119862638413906,0.04675328335724771
centered_full_action_dqn,806,208,79.59861843287945,83.2059829759598,29.516839683055878,50.08177889883518,1.508534007705748,16457.302005767822,0.0,24.0,0.0,1.0,0.05452380952380953,1.1757922228425741,1.162338200956583,0.04484674648847431
centered_full_action_dqn,806,209,80.1618203818798,82.66285062678159,28.57922326028347,51.58259719610214,1.4802909465506673,15956.740417480469,0.0,23.0,0.0,2.0,0.050000000000000044,1.3725723065435886,1.359871055930853,0.042337552295066416
centered_full_action_dqn,806,210,94.04633057117462,83.3581364350766,33.47392949461937,60.57240119576454,1.5959612028673291,18609.588680267334,0.0,28.0,0.0,0.0,0.050000000000000044,1.482422737404704,1.4696892127394676,0.04244511167053133
centered_full_action_dqn,806,211,107.9672338962555,84.14742920972407,35.90086440742016,72.06636892259121,1.6945601673796773,20450.78256225586,0.0,30.0,0.0,1.0,0.050000000000000044,1.2038087025284767,1.189935689792037,0.04624338634312153
centered_full_action_dqn,806,212,84.40992426872253,84.42420096747578,30.501194030046463,53.908730551600456,1.5446616560220718,17010.724948883057,0.0,25.0,0.0,0.0,0.050000000000000044,1.5521095730364323,1.537684028968215,0.04808511189185083
centered_full_action_dqn,806,213,81.8314882144332,84.3892775990814,29.984692953526974,51.84679518640041,1.5429202541708946,16877.13073348999,0.0,23.0,0.0,1.0,0.050000000000000044,1.3408084586262703,1.326734397560358,0.046913548721931875
centered_full_action_dqn,806,214,84.39867083728313,83.95169062279165,30.55749800801277,53.841172486543655,1.5408488987013698,17259.568027496338,0.0,24.0,0.0,0.0,0.050000000000000044,1.1675145328044891,1.1530638691037893,0.04816887923516333
centered_full_action_dqn,806,215,78.66678264737129,84.15443864233791,29.564088255167007,49.10269424319267,1.5021743727847934,16129.47333908081,0.0,24.0,0.0,0.0,0.050000000000000044,1.291274905204773,1.277719672769308,0.045184135902673006
centered_full_action_dqn,806,216,76.14684212207794,82.65575641162692,29.524791300296783,46.622050642967224,1.483631819486618,16281.667686462402,0.0,22.0,0.0,0.0,0.050000000000000044,1.2035897485911846,1.1925468314439058,0.0368097034515813
centered_full_action_dqn,806,217,78.93036582320929,82.01478427827358,29.815763622522354,49.114601880311966,1.494850522838533,16716.279794692993,0.0,23.0,0.0,0.0,0.050000000000000044,1.1848851256072521,1.1701501086354256,0.04911673639435321
centered_full_action_dqn,806,218,86.08376258015633,82.44902999773622,29.5184388756752,56.565323108434676,1.4710220899432898,16016.845901489258,0.0,26.0,0.0,1.0,0.050000000000000044,1.410083943977952,1.3962681610137224,0.046052602818235755
centered_full_action_dqn,806,219,90.12796857357026,82.90648494519294,29.711565129458904,60.41640321314335,1.5171576645225286,16332.483432769775,0.0,27.0,0.0,1.0,0.050000000000000044,1.5062163956463337,1.492925502359867,0.04430299636442214
centered_full_action_dqn,806,220,77.55802731961012,83.1715874876827,27.43742909282446,50.12059807777405,1.442068224772811,15106.492858886719,0.0,24.0,0.0,1.0,0.050000000000000044,1.1565281301736832,1.1412204653024673,0.05102554080076516
centered_full_action_dqn,806,221,83.40165808051825,82.02982081845403,30.702575214207172,52.69908259809017,1.5309628769755363,17457.689338684082,0.0,24.0,0.0,1.0,0.050000000000000044,1.4927815366536379,1.478645158931613,0.04712122888304293
centered_full_action_dqn,806,222,85.19781809300184,82.59250860132276,29.087351500988007,56.11046692728996,1.4905259227380157,16143.725887298584,0.0,26.0,0.0,1.0,0.050000000000000044,1.265842815861106,1.2525847256183624,0.044193664100021124
centered_full_action_dqn,806,223,77.60537260323763,83.0375684031099,27.76034113764763,49.84503135383129,1.4715211493894458,15737.431182861328,0.0,23.0,0.0,2.0,0.050000000000000044,1.3302091863006353,1.3162762615829706,0.046443062368780375
centered_full_action_dqn,806,224,80.93408007323742,83.01623990140855,28.545180648565292,52.388899409770964,1.4769999934360385,15952.153858184814,0.0,25.0,0.0,1.0,0.050000000000000044,1.213750010356307,1.200070871040225,0.04559707501903176
centered_full_action_dqn,806,225,82.9873805373907,83.8533539610356,30.235124431550503,52.75225618779659,1.5162385860458016,16866.751935958862,0.0,25.0,0.0,2.0,0.050000000000000044,1.12653729878366,1.1127561163157225,0.04593727923929691
centered_full_action_dqn,806,226,82.36603140830994,83.44547872789204,28.763579301536083,53.60245171189308,1.4978316891938448,16253.397331237793,0.0,24.0,0.0,2.0,0.050000000000000044,1.4203822165727615,1.406172888353467,0.04736436507664621
centered_full_action_dqn,806,227,84.3445697516203,83.83823731079698,28.697124123573303,55.647445464134215,1.4848864935338497,15955.888557434082,0.0,26.0,0.0,2.0,0.050000000000000044,1.6002922654151917,1.5874887593090534,0.042678307043388486
centered_full_action_dqn,806,228,75.49955899417401,83.63328433886171,29.89130538702011,45.60825406908989,1.4963930593803525,16638.263370513916,0.0,21.0,0.0,1.0,0.050000000000000044,1.537307120859623,1.52296288497746,0.047814175486564636
centered_full_action_dqn,806,229,88.64915911108255,84.05765127532185,32.585131488740444,56.064027801156044,1.548571975901723,18030.749000549316,0.0,26.0,0.0,1.0,0.050000000000000044,1.530217895284295,1.516576087102294,0.04547262587584555
centered_full_action_dqn,806,230,88.7882871195674,83.7947491027415,31.026972822844982,57.76131393909454,1.5427128924056888,17360.29877090454,0.0,26.0,0.0,3.0,0.050000000000000044,1.4021493941545486,1.3903187774121761,0.03943541273474693
centered_full_action_dqn,806,231,87.16542980968953,82.7546588984132,30.432949617505074,56.732480177283286,1.5353240324184299,16994.520999908447,0.0,25.0,0.0,2.0,0.050000000000000044,1.6281852647662163,1.6150054931640625,0.043932651984505355
centered_full_action_dqn,806,232,57.530245238542555,81.41067494690421,24.505575358867645,33.024669581651686,1.3667396511882544,13439.805866241455,0.0,19.0,0.0,1.0,0.050000000000000044,1.072365315631032,1.059934290125966,0.04143674694932997
centered_full_action_dqn,806,233,85.87806252390146,81.61300366237761,30.56911277025938,55.30894981324673,1.502380664460361,16736.223945617676,0.0,25.0,0.0,0.0,0.050000000000000044,1.2182950899004936,1.205931605771184,0.041211610194295645
centered_full_action_dqn,806,234,80.36879093497991,81.41150966726244,29.562546029686928,50.80624530017376,1.5111376596614718,16649.81743812561,0.0,23.0,0.0,2.0,0.050000000000000044,1.2198312114924192,1.2067007385194302,0.043768241186626256
centered_full_action_dqn,806,235,83.22740868628026,81.6395409692079,30.375111237168312,52.85229761302471,1.5025468552485108,16942.678157806396,0.0,25.0,0.0,1.0,0.050000000000000044,1.758547194302082,1.7451296169310808,0.044725242303684354
centered_full_action_dqn,806,236,99.7843019604683,82.82141396112742,31.946610927581787,67.83769127130509,1.5730460658669472,18209.665870666504,0.0,30.0,0.0,1.0,0.050000000000000044,1.246429666876793,1.2338886484503746,0.041803431464359164
centered_full_action_dqn,806,237,90.27387830168009,83.38858958505095,31.09875699132681,59.17512084841728,1.5409385720267892,17347.5222530365,0.0,27.0,0.0,3.0,0.050000000000000044,1.6364153996109962,1.6232397854328156,0.04391874326393008
centered_full_action_dqn,806,238,84.84768133014441,83.32678552255035,29.518210969865322,55.32947098612785,1.512387178838253,16747.947021484375,0.0,24.0,0.0,3.0,0.050000000000000044,1.3176635466516018,1.3048166260123253,0.0428230760153383
centered_full_action_dqn,806,239,83.82799293100834,83.01178674042225,27.8582394272089,55.9697529822588,1.4883369281888008,15777.007843017578,0.0,27.0,0.0,0.0,0.050000000000000044,1.315245758742094,1.3015191033482552,0.0457555529428646
centered_full_action_dqn,806,240,81.98637280762196,83.23320401482285,29.693063236773014,52.29330945909023,1.5006950395181775,16162.693126678467,0.0,26.0,0.0,2.0,0.050000000000000044,1.1758237276226282,1.1626999024301767,0.043746047536842525
centered_full_action_dqn,806,241,82.51118823885918,83.1886805227399,29.381106048822403,53.13008205592632,1.48753840662539,15925.214878082275,0.0,25.0,0.0,0.0,0.050000000000000044,1.7758400309830904,1.7626665066927671,0.0439118049107492
centered_full_action_dqn,806,242,88.73751303553581,83.3656652698666,30.859766468405724,57.87774647772312,1.5261346641927958,17155.37062072754,0.0,27.0,0.0,1.0,0.050000000000000044,1.521563082933426,1.5086061358451843,0.04318983852863312
centered_full_action_dqn,806,243,69.3667149335146,82.95373238638044,25.89187753200531,43.474837163090704,1.3994717057794333,14146.52932548523,0.0,21.0,0.0,1.0,0.050000000000000044,1.8000839222222567,1.7860740516334772,0.046699583530426025
centered_full_action_dqn,806,244,99.7993158787489,83.89699417665602,32.939318746328354,66.85999746024609,1.6040583262220025,18565.192306518555,0.0,31.0,0.0,1.0,0.050000000000000044,1.446721438318491,1.4336530528962612,0.0435613295994699
centered_full_action_dqn,806,245,71.47872973233461,83.32156163640322,27.256716705858707,44.22201281785965,1.4305735919624567,14848.705974578857,0.0,20.0,0.0,0.0,0.050000000000000044,1.342450039461255,1.328067721799016,0.047941059921868145
centered_full_action_dqn,806,246,89.9515168249607,83.70083590723576,30.292577743530273,59.658939379453656,1.5557407531887293,17091.5521774292,0.0,26.0,0.0,2.0,0.050000000000000044,1.7984754219651222,1.785819835960865,0.042185278492979705
centered_full_action_dqn,806,247,86.52707479149103,83.80996115922929,30.628369353711605,55.89870561659336,1.5539681455120444,17506.19499206543,0.0,26.0,0.0,0.0,0.050000000000000044,1.1372835971415043,1.123163502663374,0.047067009611055255
centered_full_action_dqn,806,248,84.29721325784922,84.24984387241305,30.994630180299282,53.302583211660384,1.5260581225156784,17158.893268585205,0.0,24.0,0.0,1.0,0.050000000000000044,1.4773359652608633,1.4646017886698246,0.04244726384058595
centered_full_action_dqn,806,249,70.01456849575042,83.31811434164644,25.321471378207207,44.693097072839734,1.3901954051107168,13827.004570007324,0.0,21.0,0.0,2.0,0.050000000000000044,1.1769247688353062,1.1637305915355682,0.043980650370940566
centered_full_action_dqn,806,250,91.67649157345295,83.46252456434071,30.315611325204372,61.36088018119335,1.5257373964414,16820.98410797119,0.0,28.0,0.0,1.0,0.050000000000000044,1.829908363521099,1.8158193826675415,0.046963293105363846
centered_full_action_dqn,806,251,93.95921511948109,83.8022138298303,32.82028256356716,61.138932302594185,1.554067530669272,18099.285076141357,0.0,26.0,0.0,1.0,0.050000000000000044,1.756705392152071,1.7421615198254585,0.04847956937737763
centered_full_action_dqn,806,252,80.31719809174538,84.94156147249043,28.606190353631973,51.711007291078566,1.4833362316712737,16379.606792449951,0.0,24.0,0.0,1.0,0.050000000000000044,1.4875353146344423,1.474584111943841,0.04317067330703139
centered_full_action_dqn,806,253,94.47341368496419,85.37132903054358,32.52407060563564,61.949343571066855,1.595209227874875,18103.69190597534,0.0,27.0,0.0,1.0,0.050000000000000044,1.366371126845479,1.3531613182276487,0.04403273784555495
centered_full_action_dqn,806,254,86.65868622213603,85.68582379490138,31.933597341179848,54.72508914172649,1.5632121618837118,17856.174201965332,0.0,26.0,0.0,2.0,0.050000000000000044,1.4840465039014816,1.4725829903036356,0.0382116949185729
centered_full_action_dqn,806,255,78.33603190779687,85.44125495597721,28.522159978747368,49.81387215256691,1.4536829013377428,15847.382205963135,0.0,23.0,0.0,1.0,0.050000000000000044,1.4945627003908157,1.4825899228453636,0.03990920865908265
centered_full_action_dqn,806,256,79.52884430587292,84.42848207324745,30.919566564261913,48.60927807688713,1.537648206576705,17425.836093902588,0.0,23.0,0.0,1.0,0.050000000000000044,1.4603366646915674,1.4464085139334202,0.046427149791270494
centered_full_action_dqn,806,257,81.0456086486578,83.96706859059634,29.421000763773918,51.62460822761059,1.4997313525527716,16663.594982147217,0.0,23.0,0.0,2.0,0.050000000000000044,1.6397217772901058,1.625644227489829,0.046925123780965805
centered_full_action_dqn,806,258,85.51019164174795,84.00019410617651,30.170151062309742,55.34004056453705,1.496080219745636,16540.60153579712,0.0,25.0,0.0,0.0,0.050000000000000044,1.1343409176915884,1.121644577011466,0.042321110726334155
centered_full_action_dqn,806,259,85.1713769376278,84.06736330650749,29.50310191512108,55.66827508211136,1.4678774354979396,15999.532457351685,0.0,25.0,0.0,1.0,0.050000000000000044,1.548881582915783,1.5366043373942375,0.04092423850670457
centered_full_action_dqn,806,260,85.84375587850809,84.2602324600518,31.714472100138664,54.12928381562233,1.5896964268758893,18321.609909057617,0.0,24.0,0.0,0.0,0.050000000000000044,1.4799037426710129,1.4685700051486492,0.03777914517559111
centered_full_action_dqn,806,261,79.29339517056943,84.0993428066373,30.061570569872856,49.23182466030121,1.5161214284598827,16671.55298614502,0.0,22.0,0.0,1.0,0.050000000000000044,1.3766903169453144,1.3647097647190094,0.03993518417701125
centered_full_action_dqn,806,262,74.8745556101203,83.40619493536653,27.790511913597584,47.08404375612736,1.4554252745583653,15358.366054534912,0.0,24.0,0.0,0.0,0.050000000000000044,1.3937300145626068,1.3805135879665613,0.0440547748003155
centered_full_action_dqn,806,263,99.7352433666587,84.92462135702372,32.5336799249053,67.20156250298024,1.5651672771200538,18001.718994140625,0.0,30.0,0.0,1.0,0.050000000000000044,1.7321645580232143,1.7196595184504986,0.04168344649951905
centered_full_action_dqn,806,264,67.24179704487324,83.29674541532995,26.445374719798565,40.796422094106674,1.4036148311570287,14141.9172706604,0.0,21.0,0.0,0.0,0.050000000000000044,1.2796390112489462,1.268189650028944,0.03816456603817642
centered_full_action_dqn,806,265,77.48573357611895,83.59709560751915,28.907071210443974,48.57866221666336,1.49232542142272,16018.868740081787,0.0,24.0,0.0,1.0,0.050000000000000044,1.6775162182748318,1.6630619429051876,0.04818099632393569
centered_full_action_dqn,806,266,84.92083740383387,83.34556163646282,30.384813867509365,54.53602365553379,1.5493279760703444,17219.885040283203,0.0,26.0,0.0,1.0,0.050000000000000044,1.683094471693039,1.6687418222427368,0.04784215637482703
centered_full_action_dqn,806,267,94.62278028577566,83.75034691117705,31.898004211485386,62.72477525472641,1.5825513899326324,18416.36252593994,0.0,26.0,0.0,0.0,0.050000000000000044,1.2523548640310764,1.2374184764921665,0.04978792881593108
centered_full_action_dqn,806,268,89.43166011571884,84.00706925407053,30.744462966918945,58.687197387218475,1.5313060879707336,17124.292737960815,0.0,26.0,0.0,0.0,0.050000000000000044,1.6340952031314373,1.6198057569563389,0.04763150471262634
centered_full_action_dqn,806,269,78.94079838991165,84.45338074877859,29.12069435417652,49.82010416984558,1.4842171547934413,16133.013431549072,0.0,24.0,0.0,3.0,0.050000000000000044,1.6922799106687307,1.6787400711327791,0.04513282282277942
centered_full_action_dqn,806,270,83.81274099647999,84.06019321992993,30.169030837714672,53.64371049404144,1.5248141400516033,17006.86576461792,0.0,27.0,0.0,1.0,0.050000000000000044,1.4964276049286127,1.4831047914922237,0.04440934455487877
centered_full_action_dqn,806,271,88.16628668606282,83.77054679825902,31.101252041757107,57.06503486037254,1.5478125214576721,17273.596141815186,0.0,26.0,0.0,1.0,0.050000000000000044,1.4114981163293123,1.4000817835330963,0.038054426899179816
centered_full_action_dqn,806,272,78.4242187961936,83.67589783348144,29.94669710099697,48.47752192616463,1.4878895496949553,16360.508026123047,0.0,24.0,0.0,0.0,0.050000000000000044,1.7658953629434109,1.7514341101050377,0.048204134684056044
centered_full_action_dqn,806,273,69.05595887750387,82.40502509310842,26.40033157169819,42.65562719404697,1.399641682393849,14247.347806930542,0.0,21.0,0.0,2.0,0.050000000000000044,1.6496579218655825,1.6378885339945555,0.03923126484733075
centered_full_action_dqn,806,274,80.40073805302382,82.09212768465281,29.268037788569927,51.13269992172718,1.4813104504719377,16048.661247253418,0.0,24.0,0.0,1.0,0.050000000000000044,1.4564558863639832,1.444275427609682,0.040601524291560054
centered_full_action_dqn,806,275,81.7896369844675,82.26480793848633,30.202692098915577,51.58694523572922,1.493494744412601,16665.051738739014,0.0,23.0,0.0,1.0,0.050000000000000044,1.4126017559319735,1.4000620879232883,0.04179890244267881
centered_full_action_dqn,806,276,80.36987076699734,82.30685926154256,30.282113812863827,50.08775742352009,1.522588662803173,17057.045825958252,0.0,24.0,0.0,0.0,0.050000000000000044,1.3664065413177013,1.3533876277506351,0.04339640378020704
centered_full_action_dqn,806,277,68.6424368172884,81.68670066997409,27.619008973240852,41.02342800796032,1.433129440061748,15235.49730682373,0.0,21.0,0.0,0.0,0.050000000000000044,1.52816410548985,1.5154742393642664,0.042299564462155104
centered_full_action_dqn,806,278,88.82002806812525,81.85219249129295,31.419813074171543,57.40021457672119,1.5294787846505642,17574.499042510986,0.0,27.0,0.0,2.0,0.050000000000000044,1.331873157992959,1.3197783920913935,0.04031589825171977
centered_full_action_dqn,806,279,85.74167473912239,81.88070738136769,30.018564984202385,55.72310944199562,1.5273492662236094,16787.68309020996,0.0,25.0,0.0,2.0,0.050000000000000044,1.4210916347801685,1.4082423001527786,0.04283112601842731
centered_full_action_dqn,806,280,72.62843561917543,81.21994136840105,27.305795401334763,45.32264044880867,1.4355705948546529,15154.867456436157,0.0,24.0,0.0,0.0,0.050000000000000044,1.6469172518700361,1.6328973527997732,0.046732971677556634
centered_full_action_dqn,806,281,77.18565929830075,81.11455457478763,28.269373327493668,48.91628595590591,1.45218653883785,15624.709411621094,0.0,24.0,0.0,2.0,0.050000000000000044,1.6624419298022985,1.650990979745984,0.038169884821400046
centered_full_action_dqn,806,282,95.25183756053448,82.13341867230834,32.964462004601955,62.28737569749355,1.59436375182122,18458.42767715454,0.0,28.0,0.0,1.0,0.050000000000000044,1.3662046436220407,1.3523833341896534,0.04607104486785829
centered_full_action_dqn,806,283,94.4107708260417,81.8671950452775,31.076195761561394,63.33457553386688,1.5710051460191607,17744.658653259277,0.0,28.0,0.0,1.0,0.050000000000000044,1.7935847900807858,1.780655398964882,0.043097868328914046
centered_full_action_dqn,806,284,84.34545435011387,82.72237791053952,29.88105495274067,54.464399978518486,1.5188743928447366,16854.255981445312,0.0,25.0,0.0,1.0,0.050000000000000044,1.4892792142927647,1.4769983030855656,0.04093630367424339
centered_full_action_dqn,806,285,68.50346986949444,82.27326472520829,26.575522281229496,41.92794820666313,1.4301178408786654,14608.301956176758,0.0,21.0,0.0,0.0,0.050000000000000044,1.635000566020608,1.6207133699208498,0.04762399313040078
centered_full_action_dqn,806,286,77.79824309796095,81.91713500991463,27.653121456503868,50.145121812820435,1.4592636311426759,15509.126848220825,0.0,23.0,0.0,0.0,0.050000000000000044,2.042139397934079,2.0311853736639023,0.03651345171965659
centered_full_action_dqn,806,287,92.49445667862892,81.8107188295573,31.913620799779892,60.58083553612232,1.5847815591841936,17686.900733947754,0.0,27.0,0.0,0.0,0.050000000000000044,1.130238812416792,1.1182490177452564,0.03996597812511027
centered_full_action_dqn,806,288,78.88189207166434,81.28323042735458,30.208984553813934,48.672907227277754,1.5250615132972598,17379.420932769775,0.0,23.0,0.0,2.0,0.050000000000000044,1.6648275516927242,1.651063609868288,0.0458797886967659
centered_full_action_dqn,806,289,84.55528788268566,81.56395490199327,30.764093056321144,53.79119536280632,1.5276946118101478,17393.173957824707,0.0,25.0,0.0,0.0,0.050000000000000044,1.5520292110741138,1.539210967719555,0.04272747156210244
centered_full_action_dqn,806,290,66.71963777393103,80.70929974086582,25.409216709434986,41.31042119860649,1.3978047454729676,14172.645915985107,0.0,20.0,0.0,0.0,0.050000000000000044,1.825405040755868,1.8119050972163677,0.044999775011092424
centered_full_action_dqn,806,291,82.06282416880131,80.40412661500275,28.552689626812935,53.51013473570347,1.4689699271693826,15767.08791732788,0.0,24.0,0.0,1.0,0.050000000000000044,1.991651676595211,1.979518260806799,0.040444745449349284
centered_full_action_dqn,806,292,88.3665050715208,80.90124092876911,29.176043912768364,59.19046148657799,1.5129208285361528,16674.672384262085,0.0,28.0,0.0,1.0,0.050000000000000044,1.4579200744628906,1.4456757474690676,0.04081443743780255
centered_full_action_dqn,806,293,85.93109727054835,81.74499784842135,30.003259994089603,55.92783708274364,1.523264354094863,16460.35374069214,0.0,26.0,0.0,1.0,0.050000000000000044,1.7620016112923622,1.7512766886502504,0.03574970585759729
centered_full_action_dqn,806,294,85.45585426092148,81.99775365881624,29.974736586213112,55.48111776411533,1.524199907667935,16473.3995513916,0.0,27.0,0.0,2.0,0.050000000000000044,1.7089103236794472,1.6959693804383278,0.04313649912364781
centered_full_action_dqn,806,295,75.7713767528534,81.69684064723553,27.67635791003704,48.09501915574074,1.4586593005806208,15300.775077819824,0.0,24.0,0.0,1.0,0.050000000000000044,1.5745661836117506,1.5602101385593414,0.047853479511104524
centered_full_action_dqn,806,296,79.67012587934732,81.66185340285304,29.360172115266323,50.30995410680771,1.4761885246261954,16087.93832397461,0.0,23.0,0.0,0.0,0.050000000000000044,1.4196642581373453,1.4080755226314068,0.038629087270237505
centered_full_action_dqn,806,297,86.11038076430559,82.53525060020388,30.7543803229928,55.35600045621395,1.518432704731822,17132.44219970703,0.0,26.0,0.0,2.0,0.050000000000000044,2.082571752369404,2.0684775225818157,0.0469808456255123
centered_full_action_dqn,806,298,99.22878038883209,83.05568821623922,31.773125037550926,67.45565603673458,1.5936933234333992,18586.404369354248,0.0,30.0,0.0,1.0,0.050000000000000044,1.886098202317953,1.8726811613887548,0.04472337441984564
centered_full_action_dqn,806,299,71.39277808517218,82.33824338354171,29.78800267726183,41.604775765538214,1.4822381949052215,16573.9320602417,0.0,20.0,0.0,1.0,0.050000000000000044,1.7113685086369514,1.6974225789308548,0.046486511011607945
centered_full_action_dqn,806,300,72.68540671616793,82.34109193839134,27.793369971215725,44.892036789655684,1.4510662406682968,15670.997703552246,0.0,24.0,0.0,3.0,0.050000000000000044,1.5339111927896738,1.5217668414115906,0.040481173200532794
centered_full_action_dqn,806,301,70.54875083267689,82.00924651511015,26.043751403689384,44.504999712109566,1.4086570516228676,14275.238342285156,0.0,21.0,0.0,0.0,0.050000000000000044,1.9808252323418856,1.9677693918347359,0.04351947270333767
centered_full_action_dqn,806,302,87.11842995882034,81.60257613502445,31.86762022227049,55.250810012221336,1.546165157109499,17783.305534362793,0.0,25.0,0.0,0.0,0.050000000000000044,1.7410544622689486,1.7281050235033035,0.04316477756947279
centered_full_action_dqn,806,303,84.20657879114151,81.09236653327943,28.54849909245968,55.65807971358299,1.4777786917984486,16220.436527252197,0.0,26.0,0.0,0.0,0.050000000000000044,1.9012673255056143,1.8883249554783106,0.04314116365276277
centered_full_action_dqn,806,304,87.18601566553116,81.23439459905028,30.766965359449387,56.41905049979687,1.5595335820689797,17615.01853942871,0.0,25.0,0.0,1.0,0.050000000000000044,1.8820876069366932,1.8701613061130047,0.03975437511689961
centered_full_action_dqn,806,305,66.83731550723314,81.15108688093721,25.139396719634533,41.697918638587,1.399854245595634,14574.985977172852,0.0,20.0,0.0,0.0,0.050000000000000044,1.7549981959164143,1.7414994984865189,0.04499571141786873
centered_full_action_dqn,806,306,91.38327412307262,81.8303384321928,31.304803155362606,60.07847161591053,1.570052595809102,17925.88963317871,0.0,26.0,0.0,1.0,0.050000000000000044,1.6279720645397902,1.6137327272444963,0.04746447072830051
centered_full_action_dqn,806,307,89.39351426959038,81.67529131174088,30.892272509634495,58.50124239325523,1.5452113086357713,17581.01335144043,0.0,27.0,0.0,2.0,0.050000000000000044,1.4629356786608696,1.4505815729498863,0.041180330212228
centered_full_action_dqn,806,308,73.0144046023488,81.38191693827511,29.474510736763477,43.5398940294981,1.4649222623556852,15955.315502166748,0.0,21.0,0.0,0.0,0.050000000000000044,1.740459991618991,1.7253005914390087,0.050531316781416535
centered_full_action_dqn,806,309,89.37975502759218,81.62314029552043,31.360040493309498,58.019714400172234,1.5504258768633008,17466.69947052002,0.0,26.0,0.0,2.0,0.050000000000000044,1.7910735700279474,1.776700422167778,0.04791053477674723
centered_full_action_dqn,806,310,69.69454059898854,81.77188543677332,27.050225734710693,42.644314938783644,1.4153808951377869,14929.672185897827,0.0,21.0,0.0,1.0,0.050000000000000044,1.3960064947605133,1.3844322729855776,0.038580731372348964
centered_full_action_dqn,806,311,64.7060214072466,80.90404529869558,25.70383809506893,39.002183431386946,1.3739559343084693,13962.608726501465,0.0,21.0,0.0,1.0,0.050000000000000044,1.6613502763211727,1.6491619423031807,0.04062774055637419
centered_full_action_dqn,806,312,96.06751736998558,81.28909591361881,32.631306670606136,63.4362108707428,1.5811600759625435,18121.007926940918,0.0,27.0,0.0,1.0,0.050000000000000044,1.481263879686594,1.4667006712406874,0.04854404483921826
centered_full_action_dqn,806,313,88.51475276201964,81.41827868819239,31.07529031485319,57.439462372660635,1.5478992192074656,17633.72780609131,0.0,25.0,0.0,3.0,0.050000000000000044,1.4965007696300745,1.4849117305129766,0.038630071096122265
centered_full_action_dqn,806,314,85.08155658841133,81.39956380456688,30.874834403395653,54.20672172307968,1.5155342612415552,17341.12810897827,0.0,25.0,0.0,0.0,0.050000000000000044,1.314575469121337,1.3023066148161888,0.04089615982957184
centered_full_action_dqn,806,315,99.87696343660355,82.60484313875438,30.442511051893234,69.43445238471031,1.5603391053155065,17296.459106445312,0.0,30.0,0.0,1.0,0.050000000000000044,1.8592749573290348,1.8472258001565933,0.0401638689218089
centered_full_action_dqn,806,316,80.01270305514336,82.62197199754418,29.73945412784815,50.273248919844626,1.4751917067915201,16315.130393981934,0.0,23.0,0.0,1.0,0.050000000000000044,1.7630942855030298,1.7516008373349905,0.038311466574668884
centered_full_action_dqn,806,317,62.625651352107525,81.44773552693428,27.088976547122,35.536674708127975,1.4357320936396718,15009.558975219727,0.0,18.0,0.0,2.0,0.050000000000000044,1.5785630363970995,1.5671385452151299,0.038081577979028225
centered_full_action_dqn,806,318,80.97420381009579,80.53500669799746,30.141161754727364,50.83304201066494,1.5380885377526283,17009.57427597046,0.0,24.0,0.0,0.0,0.050000000000000044,1.4100903011858463,1.397002873942256,0.04362473578657955
centered_full_action_dqn,806,319,87.70935654193163,81.35083562083543,31.334325969219208,56.3750303119421,1.5552561013028026,17903.685440063477,0.0,25.0,0.0,3.0,0.050000000000000044,1.6585909835994244,1.6437131017446518,0.04959296609740704
centered_full_action_dqn,806,320,63.66561094820499,80.89984583243728,24.979042254388332,38.686568269133566,1.3862705444917083,13901.657119750977,0.0,18.0,0.0,1.0,0.050000000000000044,1.778436966240406,1.7663506977260113,0.04028757964260876
centered_full_action_dqn,806,321,52.74038847237826,80.00942771442234,23.01221887022257,29.72816981077194,1.3202407052740455,12801.66662979126,0.0,17.0,0.0,3.0,0.050000000000000044,1.6844766307622194,1.6723049357533455,0.040572413126938045
centered_full_action_dqn,806,322,61.14626313894987,78.71081937342883,25.900851793587208,35.24541156888008,1.3894249610602856,13874.365032196045,0.0,19.0,0.0,2.0,0.050000000000000044,1.5685735270380974,1.5557125378400087,0.04287003062199801
centered_full_action_dqn,806,323,74.13107385486364,78.20704412661493,28.998527474701405,45.132546588778496,1.4956505000591278,16409.998445510864,0.0,21.0,0.0,0.0,0.050000000000000044,1.4512100163847208,1.4387632068246603,0.04148932674434036
centered_full_action_dqn,806,324,87.88085253536701,78.24178597010673,30.890951082110405,56.98990160226822,1.5437002843245864,17603.71102142334,0.0,26.0,0.0,0.0,0.050000000000000044,1.3102852497249842,1.2969632465392351,0.04440666129812598
centered_full_action_dqn,806,325,93.41355915814638,79.5705981526524,33.1544521227479,60.25910661816597,1.5591609589755535,18120.227516174316,0.0,27.0,0.0,4.0,0.050000000000000044,2.0894264057278633,2.0765725523233414,0.04284623800776899
centered_full_action_dqn,806,326,73.85589348077774,78.69422912053764,27.80861172825098,46.04728144705295,1.4544754987582564,15735.850284576416,0.0,21.0,0.0,2.0,0.050000000000000044,1.5773745905607939,1.5637609995901585,0.045378632145002484
centered_full_action_dqn,806,327,104.1464341878891,79.43187511645257,35.82011418044567,68.32632040977478,1.6525706052780151,19972.327270507812,0.0,30.0,0.0,0.0,0.050000000000000044,1.684716336429119,1.67185003682971,0.042887634597718716
centered_full_action_dqn,806,328,78.46458266973495,79.70438401982189,27.38598020374775,51.078602257370946,1.4333980092778802,15357.527618408203,0.0,23.0,0.0,2.0,0.050000000000000044,2.0249419286847115,2.012414090335369,0.04175951273646206
centered_full_action_dqn,806,329,76.18498692214489,79.04464561454951,27.879377990961075,48.30560903549194,1.483728694729507,15991.168815612793,0.0,25.0,0.0,2.0,0.050000000000000044,1.587427742779255,1.5749847758561373,0.04147655330598354
centered_full_action_dqn,806,330,82.93426529467106,79.70663184933365,29.79427646100521,53.13998908698559,1.5019336268305779,16410.00664138794,0.0,24.0,0.0,2.0,0.050000000000000044,1.6938727796077728,1.6807967722415924,0.04358664317987859
centered_full_action_dqn,806,331,90.17122439444066,80.97989199869335,31.920456618070602,58.25076719522476,1.5833797445520759,17771.051654815674,0.0,26.0,0.0,1.0,0.050000000000000044,1.4210279043763876,1.4090135842561722,0.04004771634936333
centered_full_action_dqn,806,332,62.59472736120224,79.3062524982542,26.777339309453964,35.81738770902157,1.4061991451308131,14713.126110076904,0.0,18.0,0.0,1.0,0.050000000000000044,1.1930453442037106,1.1808809526264668,0.040547990472987294
centered_full_action_dqn,806,333,62.35028161257505,77.99802894078196,25.514242880046368,36.83603852391243,1.3773053893819451,14284.719310760498,0.0,18.0,0.0,1.0,0.050000000000000044,1.0935373082756996,1.080309983342886,0.044091079849749804
centered_full_action_dqn,806,334,72.70220060795546,77.37906114175917,27.98343964666128,44.7187613338232,1.4577986793592572,15620.576984405518,0.0,22.0,0.0,1.0,0.050000000000000044,2.0272588338702917,2.0137258749455214,0.045109843951649964
centered_full_action_dqn,806,335,93.01313051581383,77.0358694957197,32.37897668778896,60.634154319763184,1.5697947042062879,18082.34783935547,0.0,28.0,0.0,0.0,0.050000000000000044,1.5490944366902113,1.5368997044861317,0.04064908961299807
centered_full_action_dqn,806,336,87.69344000518322,77.41990634322167,32.70200493186712,54.99143494665623,1.568918090313673,18246.957607269287,0.0,26.0,0.0,1.0,0.050000000000000044,1.6581196207553148,1.6451743803918362,0.04315078305080533
centered_full_action_dqn,806,337,100.97886051535606,79.3375668013841,33.15760026872158,67.8212604701519,1.5958784287795424,18527.595109939575,0.0,30.0,0.0,2.0,0.050000000000000044,1.6044159587472677,1.5913501661270857,0.04355260101146996
centered_full_action_dqn,806,338,71.7887985572219,78.87829653874039,28.689651258289814,43.09914701581001,1.473910303786397,15843.00044631958,0.0,21.0,0.0,1.0,0.050000000000000044,1.2478139214217663,1.234033476561308,0.04593482881318778
centered_full_action_dqn,806,339,85.41358345150948,78.76350788421931,30.625351451337337,54.78823249936104,1.5482746083289385,17073.05477142334,0.0,25.0,0.0,3.0,0.050000000000000044,1.3627582732588053,1.3488277308642864,0.04643515241332352
centered_full_action_dqn,806,340,71.8767336755991,79.17406402058899,28.48157624900341,43.3951568454504,1.4692997364327312,16122.873262405396,0.0,22.0,0.0,0.0,0.050000000000000044,1.669294286519289,1.65709138661623,0.04067639529239386
centered_full_action_dqn,806,341,80.51341335773468,80.56271526485682,30.30298625677824,50.21042625159025,1.495685325935483,16527.790576934814,0.0,23.0,0.0,2.0,0.050000000000000044,1.614509031176567,1.6024584993720055,0.04016843298450112
centered_full_action_dqn,806,342,72.9149970278144,81.15115195930005,29.341504342854023,43.573492431640624,1.4887902475893497,16262.839538574219,0.0,22.0,0.0,1.0,0.050000000000000044,1.4717005640268326,1.4602234195917845,0.03825716092251241
centered_full_action_dqn,806,343,86.91028469800949,81.79011250145734,31.23520429432392,55.6750802397728,1.5225523672997952,17382.6473197937,0.0,25.0,0.0,0.0,0.050000000000000044,1.379264935851097,1.3652102258056402,0.04684901959262788
centered_full_action_dqn,806,344,78.47937268912793,81.32003850914538,28.907468929886818,49.57190405726433,1.4789103893563151,15924.930438995361,0.0,24.0,0.0,2.0,0.050000000000000044,1.479511285200715,1.4669444411993027,0.04188947984948754
centered_full_action_dqn,806,345,85.12846178114414,80.90578364029527,29.90522738546133,55.22323470115661,1.5261255782097578,17051.49878692627,0.0,25.0,0.0,2.0,0.050000000000000044,1.3056197464466095,1.2935734372586012,0.040154348593205214
centered_full_action_dqn,806,346,79.79858810603619,81.2029183715582,29.861576914787292,49.93701120615005,1.500980630517006,16522.42530632019,0.0,25.0,0.0,1.0,0.050000000000000044,1.3870188556611538,1.3745921682566404,0.04142221715301275
centered_full_action_dqn,806,347,89.73318396508694,80.48225586041809,31.863828025758266,57.869355738162994,1.5801896350458264,18363.5774269104,0.0,26.0,0.0,0.0,0.050000000000000044,1.5709753464907408,1.558513343334198,0.041539999074302614
centered_full_action_dqn,806,348,79.94162072241306,80.55610776305198,29.327047295868397,50.61457307636738,1.5093295918777585,16437.576763153076,0.0,25.0,0.0,1.0,0.050000000000000044,1.381592657417059,1.3692711926996708,0.04107154463417828
centered_full_action_dqn,806,349,92.45534674823284,81.36962575435639,31.16458924114704,61.290757581591606,1.5731849186122417,17521.12183380127,0.0,28.0,0.0,1.0,0.050000000000000044,1.7730564177036285,1.7621895372867584,0.03622291621286422
centered_full_action_dqn,806,350,88.27950912714005,81.63688794597984,30.225408270955086,58.05410082638264,1.5396522898226976,17089.01033782959,0.0,28.0,0.0,0.0,0.050000000000000044,1.92768082767725,1.9149416834115982,0.04246382776182145
centered_full_action_dqn,806,351,72.8532507866621,80.77098926559091,29.07567349076271,43.7775776386261,1.480297570116818,16049.012580871582,0.0,23.0,0.0,1.0,0.050000000000000044,2.0272669568657875,2.012179523706436,0.05029137572273612
centered_full_action_dqn,806,352,91.05889371782541,82.19419758342205,32.03730101138353,59.02159312367439,1.5830218391492963,18496.232040405273,0.0,29.0,0.0,1.0,0.050000000000000044,1.7307822927832603,1.7177634853869677,0.04339605418499559
centered_full_action_dqn,806,353,83.71204950064421,83.26228597782553,30.42660177499056,53.28544709980488,1.5222923327237368,17222.05442428589,0.0,25.0,0.0,2.0,0.050000000000000044,1.5690390560775995,1.5565267112106085,0.04170785704627633
centered_full_action_dqn,806,354,73.98995022773742,83.32667345881462,28.321694664657116,45.66825522780418,1.4576274687424302,15896.901275634766,0.0,22.0,0.0,2.0,0.050000000000000044,1.837877718731761,1.8265367578715086,0.03780324314720929
centered_full_action_dqn,806,355,61.438511879742144,81.74794252701105,26.16668450087309,35.27182745337486,1.4123956765979528,14859.50308418274,0.0,19.0,0.0,1.0,0.050000000000000044,1.9573980327695608,1.9462265335023403,0.03723832231480628
centered_full_action_dqn,806,356,85.03134812861681,81.61483793318273,27.899603508412838,57.131744858622554,1.464632112532854,15664.467670440674,0.0,26.0,0.0,4.0,0.050000000000000044,1.7490508798509836,1.7374045383185148,0.03882117266766727
centered_full_action_dqn,806,357,69.09080708920956,80.0204352618754,25.708941087126732,43.381866151094435,1.4017624566331506,14405.728799819946,0.0,21.0,0.0,1.0,0.050000000000000044,1.6798109970986843,1.6666048746556044,0.044020469998940825
centered_full_action_dqn,806,358,73.0107888162136,80.08153477482499,27.940785750746727,45.070003393292424,1.4394039632752538,15346.473651885986,0.0,21.0,0.0,2.0,0.050000000000000044,1.6794693283736706,1.6668573301285505,0.04203996108844876
centered_full_action_dqn,806,359,103.44206814467907,80.98295900948347,33.214843571186066,70.22722440958023,1.6478709056973457,19116.556999206543,0.0,30.0,0.0,0.0,0.050000000000000044,1.417421992868185,1.4071877747774124,0.034113998408429325
centered_full_action_dqn,806,360,81.85465572923422,81.48185511216522,30.25205971300602,51.602595993876456,1.4948676209896803,16736.970413208008,0.0,25.0,0.0,1.0,0.050000000000000044,1.8944237548857927,1.8820985555648804,0.041084031807258725
centered_full_action_dqn,806,361,80.63228023052216,81.4877984558046,28.20290457457304,52.429375633597374,1.4804665120318532,16108.751445770264,0.0,25.0,0.0,0.0,0.050000000000000044,1.796154446899891,1.7841926105320454,0.03987282735761255
centered_full_action_dqn,806,362,90.14736510813236,82.34941685982048,30.167839094996452,59.979526057839394,1.5250295158475637,17228.26131629944,0.0,27.0,0.0,2.0,0.050000000000000044,1.9205497726798058,1.9074136093258858,0.04378716507926583
centered_full_action_dqn,806,363,73.62662300467491,81.68523377515376,28.840690702199936,44.78593225777149,1.4690852565690875,15985.965675354004,0.0,22.0,0.0,0.0,0.050000000000000044,1.8237721044570208,1.809967815876007,0.04601433570496738
centered_full_action_dqn,806,364,86.93214201778173,82.10787224158643,29.145845018327236,57.78629701435566,1.4928943971171975,16254.996520996094,0.0,27.0,0.0,4.0,0.050000000000000044,1.643956622108817,1.631139488890767,0.04272384289652109
centered_full_action_dqn,806,365,94.13835891336203,82.55836709819735,33.31456168740988,60.823797196149826,1.5835289927199483,18551.61908340454,0.0,28.0,0.0,0.0,0.050000000000000044,2.145297199487686,2.131983522325754,0.044378869235515594
centered_full_action_dqn,806,366,97.16038926839829,83.42645715631545,32.79391564428806,64.36647357940674,1.603078973479569,18620.507125854492,0.0,30.0,0.0,1.0,0.050000000000000044,1.581206040456891,1.567857788875699,0.044494230300188065
centered_full_action_dqn,806,367,92.48686157166958,83.56414103664459,32.925773814320564,59.561088144779205,1.5740622505545616,18486.657314300537,0.0,26.0,0.0,0.0,0.050000000000000044,1.6918174121528864,1.678662322461605,0.04385032597929239
centered_full_action_dqn,806,368,91.67259314209223,84.15068965762853,31.948570288717747,59.72402289807796,1.588662245310843,18018.942657470703,0.0,27.0,0.0,3.0,0.050000000000000044,1.3846973404288292,1.370857622474432,0.04613238328602165
centered_full_action_dqn,806,369,90.800128172338,84.06792872883379,31.425252474844456,59.374875891208646,1.5913770943880081,17901.80880355835,0.0,26.0,0.0,2.0,0.050000000000000044,1.9581803232431412,1.9461520798504353,0.040094141266308725
centered_full_action_dqn,806,370,79.90461879223585,83.64918421208858,28.304876573383808,51.59974177181721,1.4866029415279627,15775.498947143555,0.0,24.0,0.0,2.0,0.050000000000000044,2.1049239560961723,2.0932094156742096,0.03904846508521587
centered_full_action_dqn,806,371,77.05852077156305,83.85944771133363,27.493367940187454,49.56515276432037,1.4563288930803537,15599.423221588135,0.0,26.0,0.0,0.0,0.050000000000000044,1.7213377449661493,1.709815863519907,0.038406246923841536
centered_full_action_dqn,806,372,73.5487169995904,82.98393887542188,28.67215060442686,44.876566886901855,1.4773006439208984,16318.096202850342,0.0,22.0,0.0,1.0,0.050000000000000044,1.4117445293813944,1.3990624975413084,0.04227344784885645
centered_full_action_dqn,806,373,64.72823367416859,82.03474808409811,26.484169825911522,38.24406407177448,1.3985744044184685,14684.253553390503,0.0,19.0,0.0,1.0,0.050000000000000044,1.6517161056399345,1.6375393383204937,0.04725594318006188
centered_full_action_dqn,806,374,70.9235442519188,81.88142778530718,25.522002175450325,45.40154222548008,1.3974997494369745,14641.658954620361,0.0,22.0,0.0,1.0,0.050000000000000044,1.6746931485831738,1.6638519335538149,0.03613736212719232
centered_full_action_dqn,806,375,91.93777362406254,83.4063908725232,31.34965507686138,60.58811845779419,1.543712523765862,18181.7034034729,0.0,26.0,0.0,3.0,0.050000000000000044,1.5084765162318945,1.4951027240604162,0.04457931884098798
centered_full_action_dqn,806,376,96.47313090562821,83.97848001137378,33.74774079024792,62.7253902643919,1.5996362809091806,19170.991661071777,0.0,29.0,0.0,1.0,0.050000000000000044,1.7731261849403381,1.759858600795269,0.04422528191935271
centered_full_action_dqn,806,377,93.34148978590966,85.19101414620879,33.17979882657528,60.16169101893902,1.5940212840214372,18805.35707473755,0.0,27.0,0.0,1.0,0.050000000000000044,1.8902385085821152,1.8761812187731266,0.046857659122906625
centered_full_action_dqn,806,378,87.43670027852059,85.91230971932414,30.81411325931549,56.6225866317749,1.5216131079941988,17603.33639907837,0.0,27.0,0.0,2.0,0.050000000000000044,1.7356764078140259,1.7234509550035,0.04075150494463742
centered_full_action_dqn,806,379,82.20776351094246,84.8505944876373,29.826571471989155,52.381191837787625,1.5090890964493155,16657.02304458618,0.0,26.0,0.0,2.0,0.050000000000000044,1.647137088701129,1.6353837624192238,0.03917780704796314
centered_full_action_dqn,806,380,72.55112713575363,84.38541805796328,27.354317151010036,45.196809470653534,1.4434017827734351,15671.508562088013,0.0,23.0,0.0,2.0,0.050000000000000044,1.95073027536273,1.9386790003627539,0.04017098667100072
centered_full_action_dqn,806,381,84.89520103633404,84.59856409825385,30.17353454232216,54.72166624069214,1.5201409058645368,17208.685359954834,0.0,26.0,0.0,2.0,0.050000000000000044,2.009171277284622,1.9943073019385338,0.04954654024913907
centered_full_action_dqn,806,382,85.29244095087051,84.35581789039075,30.68714812397957,54.60529267787933,1.536822073161602,17267.890007019043,0.0,26.0,0.0,2.0,0.050000000000000044,1.5454200897365808,1.5327250678092241,0.04231674480251968
centered_full_action_dqn,806,383,76.81168810278177,84.5150711452961,28.04269376397133,48.76899474859238,1.4540291046723723,15572.90901184082,0.0,24.0,0.0,0.0,0.050000000000000044,1.9342539962381124,1.921369194984436,0.04294929280877113
centered_full_action_dqn,806,384,87.77400102615357,84.55716409571471,28.68331490457058,59.09068641960621,1.514191497117281,16724.332061767578,0.0,27.0,0.0,2.0,0.050000000000000044,1.3842674158513546,1.37147500179708,0.04264137870632112
centered_full_action_dqn,806,385,93.00496398806573,84.50049434944988,32.05464777350426,60.95031591653824,1.5714963497594,18023.288806915283,0.0,28.0,0.0,1.0,0.050000000000000044,1.3332054764032364,1.3204772714525461,0.04242738371249288
centered_full_action_dqn,806,386,68.63422437757254,83.07418610490859,26.500918246805668,42.133305847644806,1.4085739944130182,14811.788047790527,0.0,21.0,0.0,1.0,0.050000000000000044,1.4934789389371872,1.4803914800286293,0.04362486465834081
centered_full_action_dqn,806,387,94.4724206507206,83.17346405886114,31.928965769708157,62.543454098701474,1.5670106057077646,18059.203945159912,0.0,27.0,0.0,3.0,0.050000000000000044,1.8345848768949509,1.8224219754338264,0.040543001727201045
centered_full_action_dqn,806,388,81.41284024864436,82.66047641418876,28.183362677693367,53.2294775635004,1.4899168405681849,15873.678073883057,0.0,25.0,0.0,3.0,0.050000000000000044,2.055025424808264,2.0427639931440353,0.04087144962977618
centered_full_action_dqn,806,389,76.05951746851206,81.92344587899746,28.621398597955704,47.43811871409416,1.4675469351932406,16076.2162399292,0.0,22.0,0.0,2.0,0.050000000000000044,1.5743371415883303,1.5627362001687288,0.0386698201764375
centered_full_action_dqn,806,390,94.60746660232545,82.65858826950193,32.456463783979416,62.151002863049506,1.5890296958386898,18345.090538024902,0.0,27.0,0.0,2.0,0.050000000000000044,1.7621223013848066,1.7496671229600906,0.04151730367448181
centered_full_action_dqn,806,391,72.94526939243079,82.45292570054532,26.473245166242123,46.472024300694464,1.4286226900294423,15199.112102508545,0.0,23.0,0.0,1.0,0.050000000000000044,1.2126371897757053,1.201300049200654,0.03779048752039671
centered_full_action_dqn,806,392,94.89262804389,83.5201212527603,33.58471275866032,61.3079147785902,1.6021124515682459,19225.015167236328,0.0,28.0,0.0,1.0,0.050000000000000044,1.694301811978221,1.6825932711362839,0.03902848018333316
centered_full_action_dqn,806,393,92.6191453486681,84.91466683648528,32.00237584859133,60.616769924759865,1.5562880765646696,17943.42903137207,0.0,28.0,0.0,1.0,0.050000000000000044,1.64226065389812,1.6292066257447004,0.04351344716269523
centered_full_action_dqn,806,394,78.53689360618591,85.29533430419863,29.553106650710106,48.98378711938858,1.4943563798442483,16646.9891872406,0.0,23.0,0.0,1.0,0.050000000000000044,1.6990560572594404,1.6863846108317375,0.04223814432043582
centered_full_action_dqn,806,395,77.11774751693011,84.554332998842,29.27087277919054,47.846875274181365,1.4785503707826138,16442.243057250977,0.0,22.0,0.0,1.0,0.050000000000000044,1.5249758567661047,1.5126408487558365,0.04111678781919181
centered_full_action_dqn,806,396,82.63424299061299,83.86238860309126,30.258102536201477,52.37614127397537,1.5203281054273248,17091.95394897461,0.0,26.0,0.0,1.0,0.050000000000000044,1.568170813843608,1.5563271641731262,0.03947880654595792
centered_full_action_dqn,806,397,79.39778067171574,83.16520314738156,29.139274418354034,50.25850623846054,1.4955137437209487,16331.949684143066,0.0,22.0,0.0,0.0,0.050000000000000044,1.843802535906434,1.8303391449153423,0.04487796651665121
centered_full_action_dqn,806,398,86.50292592942715,83.11851442992689,29.458515003323555,57.04441064298153,1.4859081199392676,16260.07801437378,0.0,26.0,0.0,3.0,0.050000000000000044,1.6970309745520353,1.6863259673118591,0.035683274269104004
centered_full_action_dqn,806,399,88.10934565365315,83.41359353706243,30.479297667741776,57.63004829883575,1.5507507668808103,17355.006317138672,0.0,26.0,0.0,4.0,0.050000000000000044,1.1781608257442713,1.1659724097698927,0.04062799224629998
centered_full_action_dqn,806,400,81.87703234702349,83.87988879762591,30.881518341600895,50.99551400542259,1.5189819913357496,17385.987190246582,0.0,26.0,0.0,0.0,0.050000000000000044,1.410084081813693,1.399002743884921,0.03693777078296989
centered_full_action_dqn,806,401,77.02911445498466,83.48658446855845,29.56264352798462,47.46647094190121,1.5095813311636448,16913.407745361328,0.0,22.0,0.0,2.0,0.050000000000000044,2.0320345275104046,2.019678223878145,0.041187617811374366
centered_full_action_dqn,806,402,79.09758820384741,83.17684183120728,28.0724763199687,51.02511218190193,1.4913811665028334,16314.034576416016,0.0,23.0,0.0,1.0,0.050000000000000044,1.8137956950813532,1.802591647952795,0.03734682593494654
centered_full_action_dqn,806,403,83.8458300948143,83.52854893080891,30.233229652047157,53.61260012984276,1.5110318511724472,17176.16820526123,0.0,25.0,0.0,3.0,0.050000000000000044,1.8533058986067772,1.8402560949325562,0.043499269522726536
centered_full_action_dqn,806,404,82.25164654105902,83.25243120655418,29.91184037923813,52.339805871248245,1.5070250006392598,16970.906829833984,0.0,24.0,0.0,0.0,0.050000000000000044,1.9604323655366898,1.9482639525085688,0.04056135460268706
centered_full_action_dqn,806,405,83.44024106264115,82.77419506028295,29.857610806822777,53.58263044953346,1.5275813899934292,17132.173915863037,0.0,25.0,0.0,1.0,0.050000000000000044,1.7674732990562916,1.7546135373413563,0.04286587086971849
centered_full_action_dqn,806,406,85.57846924066544,83.6214073034376,32.01344442367554,53.56502487659454,1.5307354908436537,18000.390474319458,0.0,25.0,0.0,1.0,0.050000000000000044,1.4936035610735416,1.481005247682333,0.04199440299998969
centered_full_action_dqn,806,407,76.82356482893229,82.73896451234819,27.603766545653343,49.219799214601515,1.449890454299748,15562.619598388672,0.0,22.0,0.0,1.0,0.050000000000000044,1.8759531825780869,1.8619365356862545,0.04672218719497323
centered_full_action_dqn,806,408,91.10210286825895,83.22342764332892,33.093652568757534,58.00844992697239,1.597125643864274,18960.027950286865,0.0,27.0,0.0,1.0,0.050000000000000044,1.7011166792362928,1.6883997730910778,0.042389806592836976
centered_full_action_dqn,806,409,83.66736499965191,83.60382001988592,30.965310253202915,52.70205482840538,1.5294065531343222,17527.44886779785,0.0,24.0,0.0,0.0,0.050000000000000044,1.864772828295827,1.8532737027853727,0.03833037440199405
centered_full_action_dqn,806,410,80.23436243236065,82.88516481138767,29.452166467905045,50.78219641149044,1.4932564636692405,16514.58819580078,0.0,23.0,0.0,1.0,0.050000000000000044,1.9603077974170446,1.9480128716677427,0.04098307737149298
centered_full_action_dqn,806,411,71.48900394141674,82.81235153883696,28.170297488570213,43.318706303834915,1.463669897057116,16022.97392654419,0.0,21.0,0.0,2.0,0.050000000000000044,1.6233363095670938,1.6100307423621416,0.044351893942803144
centered_full_action_dqn,806,412,53.834802843630314,80.75946027882398,23.99195298552513,29.84285005927086,1.3564362321048975,13304.726348876953,0.0,17.0,0.0,0.0,0.050000000000000044,1.8798342552036047,1.8671937137842178,0.04213503294158727
centered_full_action_dqn,806,413,88.09419782459736,80.53321290262045,30.749035894870758,57.345161974430084,1.5589050436392426,17857.138801574707,0.0,26.0,0.0,1.0,0.050000000000000044,1.9090513363480568,1.897900853306055,0.037168207578361034
centered_full_action_dqn,806,414,97.67809416353703,81.49027293048799,32.80894774198532,64.86914637684822,1.5823723431676626,18065.190788269043,0.0,29.0,0.0,0.0,0.050000000000000044,1.845968671143055,1.8290801718831062,0.05629499698989093
centered_full_action_dqn,806,415,90.07932600528002,82.1383518549055,32.1315161883831,57.94780991375446,1.5687638213858008,17941.374767303467,0.0,26.0,0.0,2.0,0.050000000000000044,1.4742206744849682,1.4619447328150272,0.0409198043635115
centered_full_action_dqn,806,416,88.83121060729027,82.44820023573935,32.777168825268745,56.05404167771339,1.5852159736678004,18304.08163833618,0.0,26.0,0.0,1.0,0.050000000000000044,2.186709925532341,2.1740201711654663,0.042299123597331345
centered_full_action_dqn,806,417,83.60489037185907,82.65855572074653,29.129655316472054,54.475235271453855,1.4942372757941484,16386.79347229004,0.0,25.0,0.0,2.0,0.050000000000000044,1.5479147154837847,1.5355088543146849,0.04135280288755894
centered_full_action_dqn,806,418,74.49605917334557,82.05821238294246,29.244157880544662,45.251901099085806,1.4751168275251985,16310.064083099365,0.0,23.0,0.0,2.0,0.050000000000000044,1.5852973274886608,1.5736491978168488,0.03882707795128226
centered_full_action_dqn,806,419,79.85079735517502,81.64528496801854,30.31948061287403,49.531316578388214,1.5072909034788609,16861.607376098633,0.0,24.0,0.0,1.0,0.050000000000000044,1.5839514154940844,1.5703539680689573,0.045324804610572755
centered_full_action_dqn,806,420,65.19842144846916,80.81135442309082,26.240193516016006,38.958227455616,1.4202856197953224,14561.333011627197,0.0,19.0,0.0,0.0,0.050000000000000044,1.9616153798997402,1.9484034162014723,0.04403984034433961
centered_full_action_dqn,806,421,91.1083954140544,81.51531847104431,31.10248838365078,60.0059073805809,1.5500479340553284,17524.93695449829,0.0,27.0,0.0,1.0,0.050000000000000044,2.0951085090637207,2.0825024843215942,0.042020044173114
centered_full_action_dqn,806,422,91.57242734134198,82.13906042791905,33.867333605885506,57.70509425699711,1.6070468090474606,18831.611358642578,0.0,26.0,0.0,1.0,0.050000000000000044,2.00053646042943,1.9863981939852238,0.047127558500505984
centered_full_action_dqn,806,423,67.39886987358332,81.31671241685748,25.965972684323788,41.43289707005024,1.4064021101221442,14923.01681137085,0.0,19.0,0.0,1.0,0.050000000000000044,1.8364949822425842,1.8225386124104261,0.046521246898919344
centered_full_action_dqn,806,424,79.19103773981332,81.1636819767952,27.78489487618208,51.4061428040266,1.4517843900248408,15666.422874450684,0.0,23.0,0.0,2.0,0.050000000000000044,1.4409423638135195,1.4272778294980526,0.04554840305354446
centered_full_action_dqn,806,425,75.61972023546696,80.7726559354365,27.267667062580585,48.35205328464508,1.4289327086880803,15755.04475402832,0.0,23.0,0.0,0.0,0.050000000000000044,1.724417781457305,1.71179536357522,0.042074734810739756
centered_full_action_dqn,806,426,70.98586004376412,80.04302547559142,28.036016881465912,42.9498434305191,1.4502317514270544,15626.311769485474,0.0,22.0,0.0,3.0,0.050000000000000044,2.22705365344882,2.2138764187693596,0.043924143770709634
centered_full_action_dqn,806,427,94.40242872685194,80.9219686704874,32.72243990004063,61.67998833507299,1.5597049538046122,17967.231384277344,0.0,27.0,0.0,2.0,0.050000000000000044,1.849405538290739,1.837421104311943,0.039948143530637026
centered_full_action_dqn,806,428,103.0040601938963,81.51706653676928,35.25725533813238,67.7468051314354,1.6607571709901094,20160.253646850586,0.0,29.0,0.0,3.0,0.050000000000000044,1.732137806713581,1.7197705172002316,0.04122429643757641
centered_full_action_dqn,806,429,90.76415047943593,81.87190581075848,31.246809661388397,59.51734089255333,1.5446251574903727,17295.251430511475,0.0,27.0,0.0,2.0,0.050000000000000044,1.687689382582903,1.675480667501688,0.04069566575344652
centered_full_action_dqn,806,430,71.58947970718145,81.43966167449952,27.56920224428177,44.02027678489685,1.4605798376724124,15635.29515838623,0.0,20.0,0.0,0.0,0.050000000000000044,1.4224098641425371,1.4104861803352833,0.03974558273330331
centered_full_action_dqn,806,431,92.46561494469643,82.4884922246635,30.336019478738308,62.12959596514702,1.5496825315058231,17139.51259613037,0.0,28.0,0.0,1.0,0.050000000000000044,1.6663523763418198,1.6518262699246407,0.048420391976833344
centered_full_action_dqn,806,432,88.64678103625775,84.22909113429488,32.035142190754414,56.611638912558554,1.5174665553495288,17572.748867034912,0.0,27.0,0.0,1.0,0.050000000000000044,1.6560531444847584,1.6421778481453657,0.04625095648225397
centered_full_action_dqn,806,433,85.00357074439526,84.07455978028477,30.35428085178137,54.64928992986679,1.514726939611137,17077.69027709961,0.0,27.0,0.0,2.0,0.050000000000000044,1.3939054440706968,1.381614537909627,0.04096961335744709
centered_full_action_dqn,806,434,75.50297396630049,82.96580377042294,28.938040234148502,46.564933970570564,1.4701185235753655,16641.154830932617,0.0,22.0,0.0,1.0,0.050000000000000044,1.7714523524045944,1.758379889652133,0.043574796291068196
centered_full_action_dqn,806,435,84.32664182782173,82.67816956155004,30.275130234658718,54.0515119433403,1.5107205752283335,16808.480632781982,0.0,25.0,0.0,0.0,0.050000000000000044,1.718583570793271,1.70633202791214,0.04083846672438085
centered_full_action_dqn,806,436,71.89856996536255,81.83153752945366,25.87932515144348,46.019244784116744,1.4365332936868072,14922.764484405518,0.0,23.0,0.0,3.0,0.050000000000000044,1.7975612748414278,1.7852931059896946,0.0408939573680982
centered_full_action_dqn,806,437,71.51027670502663,81.22680684611203,28.15693509578705,43.353342190384865,1.4412875268608332,15677.370792388916,0.0,23.0,0.0,0.0,0.050000000000000044,1.6150374356657267,1.6001783721148968,0.04953021998517215
centered_full_action_dqn,806,438,71.78267446160316,81.0911376105249,26.22538197785616,45.55729307234287,1.4205283746123314,14632.065486907959,0.0,22.0,0.0,0.0,0.050000000000000044,1.9575905427336693,1.945437891408801,0.04050881939474493
centered_full_action_dqn,806,439,86.05454432964325,81.40132495924831,31.143760800361633,54.91078341007233,1.57040074467659,17951.243827819824,0.0,27.0,0.0,1.0,0.050000000000000044,1.8919107858091593,1.8799567762762308,0.03984666452743113
centered_full_action_dqn,806,440,73.6532446667552,81.82406612016261,26.771871209144592,46.881374061107635,1.4385095005854964,15255.273429870605,0.0,23.0,0.0,0.0,0.050000000000000044,1.7179080806672573,1.7064175233244896,0.03830190352164209
centered_full_action_dqn,806,441,68.85064046829939,80.71117837287485,28.61786498874426,40.2327755689621,1.4401823123916984,15323.47006225586,0.0,20.0,0.0,0.0,0.050000000000000044,1.7755123563110828,1.7622531317174435,0.04419746249914169
centered_full_action_dqn,806,442,95.28492601960897,80.8968033067882,32.688290886580944,62.59663528203964,1.6046666307374835,18719.702377319336,0.0,28.0,0.0,2.0,0.050000000000000044,1.6447131484746933,1.630630997940898,0.04694051691330969
centered_full_action_dqn,806,443,93.35353566855193,82.19453659653664,30.34436497837305,63.00917104780674,1.5484009413048625,17664.215454101562,0.0,28.0,0.0,3.0,0.050000000000000044,1.7950478661805391,1.7819361630827188,0.04370563291013241
centered_full_action_dqn,806,444,77.47991806566715,82.10898061282933,28.425583451986313,49.05433492660522,1.4732060469686985,15990.069959640503,0.0,23.0,0.0,5.0,0.050000000000000044,1.7130984924733639,1.7011670023202896,0.03977158828638494
centered_full_action_dqn,806,445,70.11421356350183,81.83370527923107,26.001718804240227,44.11249500513077,1.413886838592589,14647.213020324707,0.0,21.0,0.0,0.0,0.050000000000000044,1.7943395338952541,1.7821272630244493,0.04070766223594546
centered_full_action_dqn,806,446,85.78418678790331,82.57362161643803,29.562966652214527,56.22122046351433,1.5004446804523468,16485.561695098877,0.0,26.0,0.0,1.0,0.050000000000000044,1.5987310521304607,1.5855853334069252,0.04381901305168867
centered_full_action_dqn,806,447,74.31000851094723,81.5690006056428,27.305248200893402,47.00476023554802,1.440702066756785,15326.842147827148,0.0,23.0,0.0,0.0,0.050000000000000044,1.1350536197423935,1.1233497094362974,0.03901299729477614
centered_full_action_dqn,806,448,82.59131191670895,80.54836319178342,29.08788253366947,53.503429651260376,1.483464578166604,16478.672790527344,0.0,25.0,0.0,0.0,0.050000000000000044,1.7398373279720545,1.7277519311755896,0.0402846751967445
centered_full_action_dqn,806,449,89.49823760986328,80.48506754830478,30.281477719545364,59.2167602032423,1.5325274858623743,17461.54298400879,0.0,26.0,0.0,1.0,0.050000000000000044,1.7654225639998913,1.751166608184576,0.04751983191817999
centered_full_action_dqn,806,450,96.30965029597283,81.72107607774437,33.11072466522455,63.19892560839653,1.5965253170579672,18605.859436035156,0.0,28.0,0.0,2.0,0.050000000000000044,1.900336667895317,1.8871421497315168,0.04398180008865893
centered_full_action_dqn,806,451,76.54308254271746,80.92494945764543,28.795342668890953,47.747739776968956,1.4585908697918057,15939.603471755981,0.0,24.0,0.0,0.0,0.050000000000000044,1.678968032822013,1.6668599806725979,0.04036017972975969
centered_full_action_dqn,806,452,81.66613070815802,80.57591694124044,29.09223122149706,52.57389939725399,1.4779224712401628,16382.837371826172,0.0,24.0,0.0,1.0,0.050000000000000044,1.9198136199265718,1.9059961512684822,0.04605827061459422
centered_full_action_dqn,806,453,90.45777431279421,80.84862711966039,29.872986875474453,60.584787839651106,1.5092287212610245,16809.912036895752,0.0,27.0,0.0,2.0,0.050000000000000044,1.997414492070675,1.9829477742314339,0.0482224392471835
centered_full_action_dqn,806,454,76.98732633888721,80.92284473828973,29.015380784869194,47.971946001052856,1.4815473426133394,16660.84722328186,0.0,23.0,0.0,1.0,0.050000000000000044,2.3769079744815826,2.3618975169956684,0.05003486177884042
centered_full_action_dqn,806,455,79.38786469399929,80.6759058815986,28.8973790705204,50.490485191345215,1.5082682482898235,16923.087718963623,0.0,24.0,0.0,1.0,0.050000000000000044,2.1356129311025143,2.1217708438634872,0.04614028986543417
centered_full_action_dqn,806,456,84.87685688734055,81.3248202276975,31.651973202824593,53.22488375902176,1.5755729973316193,18108.475212097168,0.0,24.0,0.0,1.0,0.050000000000000044,1.619475418701768,1.6064527723938227,0.043408834375441074
centered_full_action_dqn,806,457,76.21669797897339,81.56014129139484,28.29418635368347,47.92251153588295,1.4594279378652573,15864.385051727295,0.0,24.0,0.0,2.0,0.050000000000000044,1.719102742150426,1.7065709698945284,0.04177251923829317
centered_full_action_dqn,806,458,68.281294927001,81.38507231466473,26.852863132953644,41.42843173444271,1.4472341295331717,15861.75188446045,0.0,23.0,0.0,1.0,0.050000000000000044,1.8083311021327972,1.7964642345905304,0.03955619619227946
centered_full_action_dqn,806,459,79.45657145380974,81.05517367087306,28.977170646190643,50.47940080761909,1.483846695162356,16051.049789428711,0.0,23.0,0.0,2.0,0.050000000000000044,2.054443869739771,2.0421372149139643,0.04102227068506181
centered_full_action_dqn,806,460,74.76396914720536,81.11070989489556,27.81980301439762,46.94416647553444,1.4614524757489562,15781.990142822266,0.0,23.0,0.0,1.0,0.050000000000000044,2.045305361971259,2.0344088170677423,0.036321764113381505
centered_full_action_dqn,806,461,79.03425481170416,81.6198906120658,30.63507752865553,48.39917682111263,1.524346667341888,17115.97716140747,0.0,23.0,0.0,1.0,0.050000000000000044,2.0643223840743303,2.0530709009617567,0.0375049285357818
centered_full_action_dqn,806,462,93.30780067294836,81.52103434473277,31.53462403267622,61.77317659556866,1.5746187772601843,18038.01527786255,0.0,28.0,0.0,0.0,0.050000000000000044,1.656011387705803,1.643119027838111,0.0429746035952121
centered_full_action_dqn,806,463,76.14098182320595,80.66040665246547,27.851888589560986,48.28909316658974,1.4592845104634762,16155.534339904785,0.0,23.0,0.0,0.0,0.050000000000000044,1.7971863001585007,1.7834455631673336,0.04580250498838723
centered_full_action_dqn,806,464,87.59250518679619,81.16603600852191,31.192403726279736,56.400101602077484,1.511389747262001,17373.380352020264,0.0,25.0,0.0,2.0,0.050000000000000044,1.6818800419569016,1.6670319214463234,0.04949373169802129
centered_full_action_dqn,806,465,67.41047679632902,81.03084917016328,27.680294044315815,39.7301829457283,1.4497596519067883,15668.225570678711,0.0,20.0,0.0,0.0,0.050000000000000044,2.1034405790269375,2.0898766070604324,0.04521322809159756
centered_full_action_dqn,806,466,74.30005885958671,80.45664277374745,27.987896278500557,46.31216271519661,1.450574797578156,15353.358863830566,0.0,22.0,0.0,3.0,0.050000000000000044,1.6212641727179289,1.607825793325901,0.04479455098044127
centered_full_action_dqn,806,467,74.07668606340886,80.44497665137052,28.868355810642242,45.208329835534094,1.4738852344453335,16123.517086029053,0.0,21.0,0.0,1.0,0.050000000000000044,1.994626760482788,1.9797357358038425,0.04963675048202276
centered_full_action_dqn,806,468,70.1120934292674,79.82101572699845,27.492117829620838,42.619975584745404,1.4310201844200492,15557.736270904541,0.0,20.0,0.0,2.0,0.050000000000000044,1.8972047548741102,1.8842682372778654,0.04312179540283978
centered_full_action_dqn,806,469,52.68808297812939,77.98050799541176,23.129652954638004,29.558430075645447,1.312184396199882,12791.472919464111,0.0,18.0,0.0,0.0,0.050000000000000044,2.0559109933674335,2.042797729372978,0.043710943311452866
centered_full_action_dqn,806,470,85.38044242560863,77.43404760189354,32.55389363318682,52.82654884457588,1.564603079110384,18055.80983352661,0.0,24.0,0.0,0.0,0.050000000000000044,2.2119861617684364,2.1992518976330757,0.04244755697436631
centered_full_action_dqn,806,471,72.84044708311558,77.24891582891345,29.216606929898262,43.62384016811848,1.4962110500782728,16747.812465667725,0.0,21.0,0.0,1.0,0.050000000000000044,1.7632233276963234,1.7501370273530483,0.04362100386060774
centered_full_action_dqn,806,472,72.08398713171482,76.76980865009129,28.83201628923416,43.25197038054466,1.4891600739210844,16533.468746185303,0.0,21.0,0.0,0.0,0.050000000000000044,1.8841809649020433,1.8715420998632908,0.042129552573896945
centered_full_action_dqn,806,473,69.00387779176235,75.69711382403969,26.235120192170143,42.7687577933073,1.4047511732205749,14790.876640319824,0.0,19.0,0.0,2.0,0.050000000000000044,1.8717384487390518,1.8589635789394379,0.042582929600030184
centered_full_action_dqn,806,474,82.95430640876293,75.99546282753349,28.479021340608597,54.475285202264786,1.4522218527272344,16202.781101226807,0.0,24.0,0.0,1.0,0.050000000000000044,2.160985391587019,2.148594807833433,0.041301951976493
centered_full_action_dqn,806,475,83.5710899233818,76.2046240890026,30.224318347871304,53.34677156805992,1.5272101974114776,17213.706119537354,0.0,25.0,0.0,0.0,0.050000000000000044,2.03796910867095,2.0265495497733355,0.038065240951254964
centered_full_action_dqn,806,476,77.03446793705226,75.81250464148819,28.00042475759983,49.03404297828674,1.4694893239066005,15867.66293334961,0.0,24.0,0.0,1.0,0.050000000000000044,1.5539129339158535,1.5418908782303333,0.04007349978201091
centered_full_action_dqn,806,477,83.37347351014614,76.17034341804683,30.98184847831726,52.39162474870682,1.5445959959179163,17346.571437835693,0.0,25.0,0.0,0.0,0.050000000000000044,2.138807525858283,2.1272754967212677,0.0384400476468727
centered_full_action_dqn,806,478,71.10155598819256,76.31135647110641,26.35148799419403,44.75006800889969,1.4449485149234533,15060.366676330566,0.0,22.0,0.0,1.0,0.050000000000000044,1.7602252513170242,1.7459107544273138,0.0477150019723922
centered_full_action_dqn,806,479,80.77163175493479,76.37710948616267,28.083259619772434,52.688372522592545,1.4851365266367793,16071.862159729004,0.0,25.0,0.0,1.0,0.050000000000000044,1.6166952550411224,1.6020708214491606,0.04874812299385667
centered_full_action_dqn,806,480,90.17559256404638,77.14769065700472,30.96259216964245,59.213000029325485,1.553169997408986,17506.17935180664,0.0,27.0,0.0,0.0,0.050000000000000044,2.1671154499053955,2.153548238798976,0.04522412410005927
centered_full_action_dqn,806,481,59.989496640861034,76.19545274846256,25.86631752550602,34.12317916750908,1.3798127314075828,14666.72318649292,0.0,17.0,0.0,0.0,0.050000000000000044,2.093843512237072,2.0805925875902176,0.044169706059619784
centered_full_action_dqn,806,482,68.30486340969802,74.94530588530004,27.004843808710575,41.30001970529556,1.4312037248164415,15365.766014099121,0.0,20.0,0.0,2.0,0.050000000000000044,1.7303049378097057,1.7181826867163181,0.040407520602457225
centered_full_action_dqn,806,483,86.18152956664562,75.44733327247204,30.48973700404167,55.691791981458664,1.543551522307098,17664.660236358643,0.0,25.0,0.0,2.0,0.050000000000000044,1.5826420690864325,1.5692546032369137,0.04462488763965666
centered_full_action_dqn,806,484,69.71483862400055,74.55344994433224,26.111830338835716,43.60300834476948,1.431307217106223,15042.868667602539,0.0,21.0,0.0,2.0,0.050000000000000044,1.8170612957328558,1.803973639383912,0.04362548817880452
centered_full_action_dqn,806,485,78.71502809226513,75.11867750912906,29.185419648885727,49.529608488082886,1.519331432878971,16716.409824371338,0.0,22.0,0.0,1.0,0.050000000000000044,2.6071519684046507,2.5930612292140722,0.04696922330185771
centered_full_action_dqn,806,486,77.81523739546537,75.29443643592299,28.78888290375471,49.02635471522808,1.4888068912550807,16224.100959777832,0.0,23.0,0.0,0.0,0.050000000000000044,1.9652351066470146,1.9530185088515282,0.04072193044703454
centered_full_action_dqn,806,487,80.8709256157279,75.63414841353894,28.743627451360226,52.12729810476303,1.5008823107928038,16684.163333892822,0.0,25.0,0.0,2.0,0.050000000000000044,1.902113702148199,1.8886689003556967,0.04481600038707256
centered_full_action_dqn,806,488,74.5290682554245,75.85499715484679,26.459032148122787,48.07003586888313,1.4227954158559442,14989.001052856445,0.0,23.0,0.0,2.0,0.050000000000000044,1.8943176344037056,1.8817449901252985,0.04190881107933819
centered_full_action_dqn,806,489,86.42287927269936,77.54173696957528,29.59412808716297,56.82875136435032,1.5080385012552142,16634.13889694214,0.0,27.0,0.0,1.0,0.050000000000000044,1.989512337371707,1.9778360165655613,0.038921012077480555
centered_full_action_dqn,806,490,70.4284152776003,76.79413561217487,27.782749690115452,42.64566530436277,1.4764117691665888,15773.583595275879,0.0,21.0,0.0,2.0,0.050000000000000044,1.4990830440074205,1.4848496485501528,0.047444665571674705
centered_full_action_dqn,806,491,81.15822733938694,77.21002462498845,27.78811965882778,53.370107769966125,1.483319167047739,16453.257053375244,0.0,23.0,0.0,2.0,0.050000000000000044,1.774018531665206,1.7613939214497805,0.04208201926667243
centered_full_action_dqn,806,492,76.70015566349029,77.44083305157723,29.906805843114853,46.79334955215454,1.5177202373743057,17055.76220703125,0.0,21.0,0.0,2.0,0.050000000000000044,1.425989419221878,1.4134614299982786,0.041759965708479285
centered_full_action_dqn,806,493,73.13089825212955,77.64718407459557,25.851581133902073,47.279316917061806,1.4167033731937408,15091.856231689453,0.0,24.0,0.0,0.0,0.050000000000000044,1.7382154632359743,1.7250861655920744,0.043764324160292745
centered_full_action_dqn,806,494,64.27452060729266,76.71319478452207,25.71775171160698,38.55676924586296,1.4102238230407238,14231.512199401855,0.0,20.0,0.0,2.0,0.050000000000000044,1.569592535495758,1.5557605028152466,0.046106789726763964
centered_full_action_dqn,806,495,81.0843404173851,76.58885730922223,30.333197191357613,50.7511433750391,1.5192077793180943,17033.36167526245,0.0,24.0,0.0,1.0,0.050000000000000044,1.7845026198774576,1.7725157290697098,0.039956253953278065
centered_full_action_dqn,806,496,69.24387864768505,76.19932784475387,27.782658636569977,41.46121960878372,1.4944573137909174,16111.794254302979,0.0,22.0,0.0,1.0,0.050000000000000044,1.524859495460987,1.5107859894633293,0.046911743585951626
centered_full_action_dqn,806,497,79.66362497210503,76.01383541785182,29.265212319791317,50.39841267466545,1.502169394865632,16216.199062347412,0.0,24.0,0.0,0.0,0.050000000000000044,1.7986422795802355,1.7857382073998451,0.043013561982661486
centered_full_action_dqn,806,498,65.29659803956747,75.72358752042057,25.60774787515402,39.68885014951229,1.3958331551402807,14217.2965965271,0.0,20.0,0.0,0.0,0.050000000000000044,1.9014547411352396,1.8880279809236526,0.04475586744956672
centered_full_action_dqn,806,499,83.94155059754848,75.88208346255124,29.280646666884422,54.660903453826904,1.5294623728841543,17226.51570892334,0.0,24.0,0.0,2.0,0.050000000000000044,1.831879448145628,1.8191275987774134,0.04250617488287389
centered_full_action_dqn,806,500,79.02665298432112,75.32463648356497,29.900476284325123,49.126176834106445,1.5069720707833767,16833.872806549072,0.0,25.0,0.0,1.0,0.050000000000000044,2.194741725921631,2.182068221271038,0.04224502807483077
centered_full_action_dqn,806,501,74.28953924179078,76.03963861361146,28.236756846308708,46.05278273820877,1.4739241981878877,16020.13565826416,0.0,21.0,0.0,1.0,0.050000000000000044,1.7977685034275055,1.7845678981393576,0.044002019450999796
centered_full_action_dqn,806,502,80.01943892389536,76.62536738932134,29.650947101414204,50.368492090702055,1.5070513803511858,17190.44416809082,0.0,23.0,0.0,3.0,0.050000000000000044,2.3440878242254257,2.3299599811434746,0.04709284531418234
centered_full_action_dqn,806,503,73.12822673618794,75.97270224779847,27.95939591526985,45.16883092522621,1.4390656165778637,15620.308578491211,0.0,21.0,0.0,1.0,0.050000000000000044,1.5360486805438995,1.5215807668864727,0.04822637513279915
centered_full_action_dqn,806,504,72.52021796554327,76.11297121487559,26.567966245114803,45.95225127339363,1.4331172751262784,15419.990375518799,0.0,21.0,0.0,4.0,0.050000000000000044,1.5814174450933933,1.570110123604536,0.037691085948608816
centered_full_action_dqn,806,505,68.8245118200779,75.61844540126623,26.921581208705902,41.90293098390102,1.4395482176914811,15212.653793334961,0.0,22.0,0.0,2.0,0.050000000000000044,2.160659046843648,2.1472382433712482,0.044736069277860224
centered_full_action_dqn,806,506,98.86897483617068,76.6711322733015,31.736178308725357,67.13279613256455,1.5516050411388278,17931.01748275757,0.0,30.0,0.0,2.0,0.050000000000000044,2.087647497653961,2.0719033014029264,0.0524806238245219
centered_full_action_dqn,806,507,81.82039075493813,76.71860553026201,30.388603523373604,51.43178781270981,1.5529451882466674,17706.838859558105,0.0,24.0,0.0,2.0,0.050000000000000044,1.977958045899868,1.9644653424620628,0.04497569100931287
centered_full_action_dqn,806,508,86.58000074326992,77.32115215465429,30.66248458623886,55.917515873909,1.506849450059235,17155.43505859375,0.0,26.0,0.0,0.0,0.050000000000000044,1.571427008137107,1.5565807316452265,0.04948758101090789
centered_full_action_dqn,806,509,76.59599205851555,76.8298077939451,27.592991545796394,49.00300097465515,1.4445266984403133,15635.492210388184,0.0,23.0,0.0,0.0,0.050000000000000044,2.0858734026551247,2.0722229927778244,0.045501347980462015
centered_full_action_dqn,806,510,95.48222533762456,78.0824982969463,32.60404875129461,62.87817701101303,1.612709864974022,18663.28434753418,0.0,29.0,0.0,1.0,0.050000000000000044,1.9059099927544594,1.8916498646140099,0.04753378964960575
centered_full_action_dqn,806,511,77.10773287266493,77.8799735736102,28.29680671542883,48.81092632114887,1.4832490142434835,16444.608072280884,0.0,24.0,0.0,3.0,0.050000000000000044,1.432497814297676,1.419656464830041,0.04280452022794634
centered_full_action_dqn,806,512,94.01008782088756,78.74547018148004,29.460178896784782,64.54990913271904,1.5462564788758755,16945.446731567383,0.0,29.0,0.0,2.0,0.050000000000000044,1.807805821299553,1.7956986408680677,0.040357373538427055
centered_full_action_dqn,806,513,68.25454421490431,78.5016524796188,27.538075797259808,40.71646870076656,1.4511783253401518,15517.484649658203,0.0,19.0,0.0,1.0,0.050000000000000044,2.043501429259777,2.0299394354224205,0.04520672687795013
centered_full_action_dqn,806,514,97.59085257351398,80.16746907792985,33.8805463463068,63.71030652523041,1.6609350740909576,19845.12784576416,0.0,29.0,0.0,1.0,0.050000000000000044,1.882818080484867,1.8688621073961258,0.04651988600380719
centered_full_action_dqn,806,515,70.10213361680508,79.61835873790086,27.86461693048477,42.23751677572727,1.442685847170651,15736.095495223999,0.0,23.0,0.0,0.0,0.050000000000000044,1.356865979731083,1.3451171927154064,0.0391625976189971
centered_full_action_dqn,806,516,96.06779078543187,80.9595543447882,31.621526777744293,64.44626399278641,1.5735027650371194,17866.610805511475,0.0,29.0,0.0,2.0,0.050000000000000044,1.9619198571890593,1.9487749002873898,0.043816426768898964
centered_full_action_dqn,806,517,81.62570898234844,81.05765854530037,29.66112858057022,51.96458026766777,1.5113669792190194,17040.474967956543,0.0,24.0,0.0,2.0,0.050000000000000044,1.434183331206441,1.421231884509325,0.043171511963009834
centered_full_action_dqn,806,518,76.2944921642542,81.60755325153471,29.446696549654007,46.8477956444025,1.4982467610388994,16925.015743255615,0.0,21.0,0.0,1.0,0.050000000000000044,1.9554097969084978,1.9412357434630394,0.047246875474229455
centered_full_action_dqn,806,519,86.34690347313881,81.72782089531422,30.473496675491333,55.87340688705444,1.521445850841701,17333.24281692505,0.0,28.0,0.0,0.0,0.050000000000000044,1.6912948712706566,1.6783538274466991,0.04313677875325084
centered_full_action_dqn,806,520,80.08239426463842,81.78060795933008,29.51446019858122,50.56793424487114,1.503561350516975,16682.706539154053,0.0,23.0,0.0,0.0,0.050000000000000044,1.2641637213528156,1.251147374510765,0.043387828511185944
centered_full_action_dqn,806,521,72.63525245338678,81.69789361990988,27.497349925339222,45.13790272176266,1.4476649444550276,15734.117225646973,0.0,23.0,0.0,0.0,0.050000000000000044,1.4478410370647907,1.4357822202146053,0.0401960089802742
centered_full_action_dqn,806,522,79.22455859184265,81.65814960330724,29.452185206115246,49.77237270772457,1.4860379425808787,16723.493381500244,0.0,24.0,0.0,0.0,0.050000000000000044,1.6876988131552935,1.6742590982466936,0.04479907010681927
centered_full_action_dqn,806,523,75.38227866590023,81.77085219979287,30.283808648586273,45.098470494151115,1.5135068809613585,17070.330675125122,0.0,21.0,0.0,0.0,0.050000000000000044,1.9136867206543684,1.9016265273094177,0.04020061681512743
centered_full_action_dqn,806,524,77.70355321466923,82.03001896224916,28.681343629956245,49.022209852933884,1.4708004714921117,16035.611724853516,0.0,24.0,0.0,1.0,0.050000000000000044,1.5683275144547224,1.5555459558963776,0.04260524641722441
centered_full_action_dqn,806,525,88.87837852686644,83.03271229758859,32.476304456591606,56.402074167132376,1.5884992349892855,18717.34075164795,0.0,25.0,0.0,1.0,0.050000000000000044,1.28057567961514,1.2683245074003935,0.04083725600503385
centered_full_action_dqn,806,526,86.41981672644616,82.41025439210236,32.216212406754494,54.20360436439514,1.5856766207143664,18479.10173034668,0.0,25.0,0.0,2.0,0.050000000000000044,1.4793488048017025,1.466304961591959,0.043479514541104436
centered_full_action_dqn,806,527,85.15890063494444,82.5771798861027,29.49480575323105,55.664094710350035,1.5114961992949247,16759.74028778076,0.0,26.0,0.0,1.0,0.050000000000000044,1.602377885952592,1.590554442256689,0.039411461213603616
centered_full_action_dqn,806,528,64.8359469100833,81.48997719444336,26.052064560353756,38.7838816344738,1.4309356464073062,14988.547187805176,0.0,21.0,0.0,0.0,0.050000000000000044,1.6087090633809566,1.5962364990264177,0.04157522274181247
centered_full_action_dqn,806,529,88.8857416599989,82.10446467451752,31.80343121290207,57.082310849428175,1.5590743888169527,18238.913078308105,0.0,25.0,0.0,1.0,0.050000000000000044,1.822658184915781,1.810274364426732,0.04127941618207842
centered_full_action_dqn,806,530,82.28721164166927,81.44471398971976,30.360037699341774,51.92717380821705,1.5279342252761126,17063.551803588867,0.0,24.0,0.0,0.0,0.050000000000000044,2.3143408745527267,2.300202004611492,0.04712962661869824
centered_full_action_dqn,806,531,66.49088009744882,80.91387135095894,27.450029112398624,39.04085104465484,1.4422859121114016,15387.978351593018,0.0,20.0,0.0,3.0,0.050000000000000044,1.8915341533720493,1.8786081671714783,0.043086600257083774
centered_full_action_dqn,806,532,75.15596839785576,79.97116537980736,29.261870436370373,45.8940981477499,1.5064881462603807,16821.22038269043,0.0,23.0,0.0,1.0,0.050000000000000044,1.5702367387712002,1.5569206494838,0.04438691271934658
centered_full_action_dqn,806,533,82.50986079871655,80.68393120899796,27.710031986236572,54.79982914030552,1.4616577103734016,15725.3376121521,0.0,26.0,0.0,0.0,0.050000000000000044,1.7046469654887915,1.690452579408884,0.047314613009803
centered_full_action_dqn,806,534,81.10738266408444,79.85975771352649,30.3881643563509,50.719217801094054,1.523536704480648,17215.79159927368,0.0,24.0,0.0,2.0,0.050000000000000044,1.9014120008796453,1.8878322131931782,0.04526594444178045
centered_full_action_dqn,806,535,87.65265061706305,80.73728356353939,28.998949967324734,58.65370087325573,1.4729477372020483,16289.958095550537,0.0,26.0,0.0,0.0,0.050000000000000044,2.0885626524686813,2.0750992000102997,0.04487822693772614
centered_full_action_dqn,806,536,71.05025111883879,79.48640658020975,29.3428410962224,41.70741033554077,1.5015999330207705,16686.108325958252,0.0,22.0,0.0,0.0,0.050000000000000044,1.9702183119952679,1.956601269543171,0.04539012419991195
centered_full_action_dqn,806,537,70.40578616559506,78.92541043937209,26.47419275343418,43.93159329295158,1.4224669747054577,14875.109874725342,0.0,21.0,0.0,1.0,0.050000000000000044,2.1022711358964443,2.09072476811707,0.03848787513561547
centered_full_action_dqn,806,538,97.79760556817055,80.00056610956788,32.47471296787262,65.32289350926877,1.5308440709486604,17970.84188079834,0.0,30.0,0.0,2.0,0.050000000000000044,1.6698684450238943,1.657409055158496,0.041531268041580915
centered_full_action_dqn,806,539,83.89851378649473,79.8781466252357,28.796828381717205,55.10168507695198,1.5073357550427318,16573.46844100952,0.0,24.0,0.0,0.0,0.050000000000000044,1.7877769246697426,1.7757097408175468,0.04022391443140805
centered_full_action_dqn,806,540,97.25873002409935,80.73696341320874,31.87217015028,65.38655978441238,1.5524479355663061,17899.52453994751,0.0,28.0,0.0,0.0,0.050000000000000044,1.7217330280691385,1.707669548690319,0.04687831178307533
centered_full_action_dqn,806,541,88.4231373295188,81.52635765701532,30.683225758373737,57.73991161584854,1.54423301294446,17569.122077941895,0.0,26.0,0.0,1.0,0.050000000000000044,1.8893983270972967,1.8766437880694866,0.04251509497407824
centered_full_action_dqn,806,542,75.78125354796649,81.35419240482152,26.19091457873583,49.590338909626006,1.447165122255683,15106.219533920288,0.0,24.0,0.0,2.0,0.050000000000000044,1.7120979074388742,1.6990306470543146,0.043557522585615516
centered_full_action_dqn,806,543,86.09326204657555,81.88974157385528,32.032433807849884,54.06082867085934,1.5788321243599057,18175.92318725586,0.0,25.0,0.0,1.0,0.050000000000000044,2.2924655843526125,2.2791644353419542,0.04433718393556774
centered_full_action_dqn,806,544,94.44992210865021,82.72706001855434,32.711824208498,61.738097915053366,1.56330322381109,18486.671947479248,0.0,27.0,0.0,1.0,0.050000000000000044,1.8424200750887394,1.8293019831180573,0.04372694925405085
centered_full_action_dqn,806,545,78.19800211638213,82.19304119803013,29.25051499158144,48.947487556934355,1.4882392836734653,16693.077056884766,0.0,24.0,0.0,1.0,0.050000000000000044,1.36362549290061,1.349325805902481,0.04766554804518819
centered_full_action_dqn,806,546,81.82125847935677,81.96311328567566,29.660923033952713,52.160335132479666,1.486786125227809,16488.82402229309,0.0,26.0,0.0,1.0,0.050000000000000044,1.6067378725856543,1.5928353015333414,0.04634185088798404
centered_full_action_dqn,806,547,78.84114979356528,81.6472257436067,28.055418744683266,50.78573133945465,1.428052419796586,15633.76976776123,0.0,23.0,0.0,1.0,0.050000000000000044,1.697180412709713,1.6835727468132973,0.04535881360061467
centered_full_action_dqn,806,548,81.05717873573303,82.45828733488919,27.629740469157696,53.427438378334045,1.4695689994841814,16079.970844268799,0.0,25.0,0.0,1.0,0.050000000000000044,2.217996269464493,2.2046042177826166,0.044640133739449084
centered_full_action_dqn,806,549,73.7415836006403,81.70107943192126,28.801556676626205,44.94002676010132,1.493041510693729,16122.517345428467,0.0,22.0,0.0,1.0,0.050000000000000044,1.8038654811680317,1.789347194135189,0.04839431028813124
centered_full_action_dqn,806,550,83.93650106340647,81.78354390300811,30.00717731565237,53.929323852062225,1.5076675033196807,16702.582775115967,0.0,25.0,0.0,1.0,0.050000000000000044,1.8331670295447111,1.8192558325827122,0.04637063737027347
centered_full_action_dqn,806,551,72.00036433339119,82.05901811480523,26.151952743530273,45.84841172397137,1.4448964465409517,15015.31554031372,0.0,22.0,0.0,1.0,0.050000000000000044,1.869566448032856,1.8566966652870178,0.04289923934265971
centered_full_action_dqn,806,552,86.55488832443953,82.62896411113442,29.631930865347385,56.922957161068915,1.4867370687425137,16319.135837554932,0.0,27.0,0.0,2.0,0.050000000000000044,2.1204598620533943,2.104593262076378,0.052888589445501566
centered_full_action_dqn,806,553,80.30607149899006,82.5187746461481,29.9689459502697,50.33712583184242,1.494467898271978,16675.42850112915,0.0,24.0,0.0,1.0,0.050000000000000044,2.1234810575842857,2.1086258590221405,0.0495173716917634
centered_full_action_dqn,806,554,93.50920044779778,83.13886553533376,32.01590371131897,61.49329682588577,1.5705931428819895,18139.730388641357,0.0,26.0,0.0,2.0,0.050000000000000044,1.825297050178051,1.8128343876451254,0.0415422257501632
centered_full_action_dqn,806,555,62.55896982550621,81.88418149575594,26.12439551949501,36.43457433581352,1.3906716145575047,14465.512260437012,0.0,19.0,0.0,0.0,0.050000000000000044,1.67819344997406,1.6659548450261354,0.040795357315801084
centered_full_action_dqn,806,556,76.86927119195461,82.17513249941172,28.19766992330551,48.67160091102123,1.4636286245658994,16028.468921661377,0.0,25.0,0.0,2.0,0.050000000000000044,1.7233152110129595,1.7099477984011173,0.04455808619968593
centered_full_action_dqn,806,557,61.05292140096426,81.70748926118017,25.975479163229465,35.07744232714176,1.3878209916874766,14652.178382873535,0.0,18.0,0.0,1.0,0.050000000000000044,2.235967703163624,2.222718007862568,0.044165669241920114
centered_full_action_dqn,806,558,89.96739913523197,81.31597893953324,32.18835949897766,57.779040306806564,1.5668400349095464,18312.977336883545,0.0,27.0,0.0,0.0,0.050000000000000044,1.6466146409511566,1.633442547172308,0.04390702536329627
centered_full_action_dqn,806,559,81.6287982314825,81.20249316178263,30.271403074264526,51.35739515721798,1.5019556106999516,17237.81831550598,0.0,25.0,0.0,1.0,0.050000000000000044,2.085786448791623,2.07236684858799,0.044732023030519485
centered_full_action_dqn,806,560,82.57325235903264,80.46821927852929,29.386616565287113,53.186635398864745,1.5108843641355634,16689.992546081543,0.0,24.0,0.0,1.0,0.050000000000000044,1.714321156963706,1.700405864045024,0.04638424701988697
centered_full_action_dqn,806,561,87.24238179028035,80.40918150156737,30.244736224412918,56.99764587879181,1.561374162323773,17988.203102111816,0.0,26.0,0.0,4.0,0.050000000000000044,1.542007951065898,1.5268679540604353,0.050466679502278566
centered_full_action_dqn,806,562,78.51544000208378,80.54589082427324,28.19234787672758,50.323092237114906,1.485609820112586,16166.669734954834,0.0,24.0,0.0,1.0,0.050000000000000044,1.6380911562591791,1.6249410342425108,0.043833702453412116
centered_full_action_dqn,806,563,83.02457858175039,80.39245665103198,30.057383105158806,52.96719454526901,1.5161920944228768,16995.379837036133,0.0,26.0,0.0,2.0,0.050000000000000044,1.6338984668254852,1.6215709764510393,0.04109160916414112
centered_full_action_dqn,806,564,75.54477340728045,79.44719921596348,27.361131630837917,48.18364179134369,1.455857202410698,15670.968139648438,0.0,23.0,0.0,2.0,0.050000000000000044,1.5787500478327274,1.5656328592449427,0.04372396459802985
centered_full_action_dqn,806,565,82.53437551259995,79.66401788577437,29.60777573287487,52.92659972012043,1.4699368067085743,16624.99432373047,0.0,25.0,0.0,2.0,0.050000000000000044,1.7032107301056385,1.6906606908887625,0.04183351434767246
centered_full_action_dqn,806,566,70.79450186491013,79.11268005505204,26.810144431889057,43.98435721695423,1.4123180788010359,14890.75029373169,0.0,21.0,0.0,1.0,0.050000000000000044,2.4440339002758265,2.4299977608025074,0.04678714810870588
centered_full_action_dqn,806,567,63.864126899838446,78.36382891036571,25.520847901701927,38.34327926635742,1.424850257113576,14343.43567276001,0.0,20.0,0.0,3.0,0.050000000000000044,1.878113653510809,1.8638854920864105,0.04742725100368261
centered_full_action_dqn,806,568,88.97294689863921,78.75961731851103,30.424527384340763,58.548419097065924,1.5454643461853266,17696.552352905273,0.0,26.0,0.0,1.0,0.050000000000000044,1.8187745604664087,1.8047199938446283,0.04684850783087313
centered_full_action_dqn,806,569,70.30758038163185,78.58791715756061,26.177782706916332,44.12979829311371,1.4197683818638325,14998.140623092651,0.0,21.0,0.0,2.0,0.050000000000000044,2.0662907660007477,2.0525186359882355,0.04590713744983077
centered_full_action_dqn,806,570,106.03192311525345,79.69268826015295,34.192234456539154,71.8396883904934,1.6065614214166999,19080.93260192871,0.0,32.0,0.0,1.0,0.050000000000000044,1.8785884231328964,1.8644969891756773,0.046971436706371605
centered_full_action_dqn,806,571,75.54936826974154,79.87013845697047,28.348049253225327,47.20131918787956,1.4742668448016047,16232.835933685303,0.0,24.0,0.0,1.0,0.050000000000000044,2.0365246012806892,2.02189090102911,0.048779046162962914
centered_full_action_dqn,806,572,96.94805687069893,80.38979688428344,31.05428998172283,65.89376748502255,1.5868131881579757,17907.85385131836,0.0,29.0,0.0,3.0,0.050000000000000044,2.0884312074631453,2.07417730987072,0.04751299833878875
centered_full_action_dqn,806,573,69.88615233451128,79.86880092605949,27.721115328371525,42.165036767721176,1.460569025017321,15935.992050170898,0.0,20.0,0.0,0.0,0.050000000000000044,1.8510405123233795,1.8381723165512085,0.04289400624111295
centered_full_action_dqn,806,574,84.02807204723358,79.39474450603129,29.82587343454361,54.202198433876035,1.5276559134945273,17215.582481384277,0.0,28.0,0.0,3.0,0.050000000000000044,1.8908704370260239,1.8785851523280144,0.040950938360765576
centered_full_action_dqn,806,575,88.27437686920166,80.68051485821606,31.204002231359482,57.07037436962128,1.5550356972962618,18053.51554107666,0.0,25.0,0.0,1.0,0.050000000000000044,1.356435814872384,1.3435635510832071,0.042907533468678594
centered_full_action_dqn,806,576,71.99715408235788,80.4369090027362,26.967512495815754,45.02964161634445,1.4402505066245794,15323.046085357666,0.0,23.0,0.0,3.0,0.050000000000000044,1.7588530238717794,1.746408024802804,0.041483286302536726
centered_full_action_dqn,806,577,88.67055054008961,81.81779045969247,30.16882425546646,58.50172643363476,1.5702784713357687,17459.577953338623,0.0,26.0,0.0,1.0,0.050000000000000044,2.056690400466323,2.044137192890048,0.04184396262280643
centered_full_action_dqn,806,578,67.67594617903232,80.7032178118825,28.6392972022295,39.03664906620979,1.4657760858535767,16373.026260375977,0.0,20.0,0.0,3.0,0.050000000000000044,2.1108882781118155,2.0968860760331154,0.04667407227680087
centered_full_action_dqn,806,579,70.87021758407354,80.16528877951205,27.0795733705163,43.79064382612705,1.4270176719874144,15168.065425872803,0.0,22.0,0.0,0.0,0.050000000000000044,1.9467710480093956,1.9322335422039032,0.04845837177708745
centered_full_action_dqn,806,580,83.96494472026825,80.23487339757384,29.48711709678173,54.47782775759697,1.508000205270946,16942.836181640625,0.0,26.0,0.0,0.0,0.050000000000000044,2.1833264157176018,2.170277301222086,0.04349701455794275
centered_full_action_dqn,806,581,79.58413982391357,79.85196129925549,28.679580241441727,50.90455907583237,1.4911289010196924,16352.538604736328,0.0,24.0,0.0,0.0,0.050000000000000044,2.229685479775071,2.215591885149479,0.04697860358282924
centered_full_action_dqn,806,582,83.216047757864,80.08699168704452,28.647841036319733,54.5682066321373,1.485232412815094,16418.26015472412,0.0,25.0,0.0,1.0,0.050000000000000044,2.3477220684289932,2.3322678580880165,0.05151401297189295
centered_full_action_dqn,806,583,83.80367841124534,80.12594667851926,29.650049425661564,54.153629291057584,1.492649044841528,16491.590160369873,0.0,25.0,0.0,3.0,0.050000000000000044,1.8103944808244705,1.7969914004206657,0.04467692202888429
centered_full_action_dqn,806,584,83.77329126000404,80.53737257115543,30.51047207415104,53.26281875371933,1.5100493663921952,17045.431091308594,0.0,26.0,0.0,0.0,0.050000000000000044,2.2014718167483807,2.188503609970212,0.04322734544984996
centered_full_action_dqn,806,585,92.04646797627211,81.01297719433904,31.98372081667185,60.06274693608284,1.549888776615262,17870.107265472412,0.0,27.0,0.0,2.0,0.050000000000000044,1.646538956090808,1.6344422083348036,0.04032242938410491
centered_full_action_dqn,806,586,72.24999718368053,81.08575196027756,26.839779138565063,45.41021819412708,1.46019930485636,15334.715520858765,0.0,22.0,0.0,0.0,0.050000000000000044,1.5601559709757566,1.5469299834221601,0.044086552574299276
centered_full_action_dqn,806,587,76.34950310736895,81.7100207706541,28.321343936026096,48.02815920114517,1.4786685211583972,16417.201984405518,0.0,22.0,0.0,1.0,0.050000000000000044,1.9242373164743185,1.9103521723300219,0.04628383740782738
centered_full_action_dqn,806,588,81.45433946698904,81.33409039907158,27.852652594447136,53.601686894893646,1.464897713623941,16057.03384399414,0.0,25.0,0.0,2.0,0.050000000000000044,2.1841077357530594,2.1704448238015175,0.04554300778545439
centered_full_action_dqn,806,589,77.19466392993927,81.67844457648695,30.5026858150959,46.691978114843366,1.5071788113564253,17500.314453125,0.0,22.0,0.0,2.0,0.050000000000000044,1.9192824810743332,1.9057550355792046,0.04509151028469205
centered_full_action_dqn,806,590,73.0934539154172,80.03152111649514,26.37350245565176,46.71995117664337,1.4402650175616145,15281.468521118164,0.0,21.0,0.0,1.0,0.050000000000000044,1.6025070417672396,1.5888623353093863,0.0454823262989521
centered_full_action_dqn,806,591,77.14362856894732,80.11123413145543,27.159785203635693,49.98384372293949,1.4649198595434427,15882.88314819336,0.0,24.0,0.0,2.0,0.050000000000000044,1.4527653641998768,1.4405914079397917,0.04057983565144241
centered_full_action_dqn,806,592,79.65421847999096,79.24654221192003,28.475762844085693,51.1784562766552,1.47234742436558,16131.28885269165,0.0,24.0,0.0,0.0,0.050000000000000044,1.8248258866369724,1.8112167790532112,0.045363643555901945
centered_full_action_dqn,806,593,75.21988544762135,79.51322886757555,29.09384174644947,46.12604431211948,1.5000248150900006,16595.008476257324,0.0,23.0,0.0,3.0,0.050000000000000044,2.2492805290967226,2.2367784399539232,0.0416736580664292
centered_full_action_dqn,806,594,91.33589249998332,79.87861989021303,31.500767804682255,59.83512460589409,1.5697005642578006,18137.82466506958,0.0,29.0,0.0,2.0,0.050000000000000044,1.8496002722531557,1.8371576573699713,0.04147538263350725
centered_full_action_dqn,806,595,82.90617688894272,79.61020989120007,29.45062840729952,53.4555485188961,1.515092421323061,16942.940759658813,0.0,25.0,0.0,2.0,0.050000000000000044,1.327468704432249,1.3149225320667028,0.04182064114138484
centered_full_action_dqn,806,596,76.28465362638235,79.8245848684013,28.551408857107162,47.73324477672577,1.4766339184716344,16310.74966430664,0.0,22.0,0.0,1.0,0.050000000000000044,1.9670092724263668,1.9519470650702715,0.050207340624183416
centered_full_action_dqn,806,597,78.84959372282029,79.33353702753784,28.073137149214745,50.776456819474696,1.4729633452370763,15861.184844970703,0.0,23.0,0.0,2.0,0.050000000000000044,1.5991147253662348,1.5861815009266138,0.04311076062731445
centered_full_action_dqn,806,598,84.65198569893838,80.18233900353314,29.69809290766716,54.95389308929443,1.5424281284213066,17350.76882171631,0.0,25.0,0.0,2.0,0.050000000000000044,1.829264784231782,1.8138405494391918,0.05141406855545938
centered_full_action_dqn,806,599,78.25467958450318,80.55156210355463,29.648962453007698,48.605717012286185,1.4839028175920248,16619.34213256836,0.0,22.0,0.0,1.0,0.050000000000000044,1.8749178554862738,1.8607408367097378,0.047256756108254194
