variant,model_seed,episode,cost,rolling_cost,immediate_cost,penalty,energy_use,latency_ms,thermal_violation,energy_violation,queue_violation,contact_violation,epsilon,loss,td_loss,auxiliary_loss
immediate_advantage_dqn,807,0,141.5614713352323,141.5614713352323,47.09886854887009,94.4626031290889,1.8704627184197307,26825.96270751953,0.0,34.0,15.0,1.0,0.9954761904761905,,,
immediate_advantage_dqn,807,1,128.66246250569822,135.11196692046525,45.458392947912216,83.20406927466392,1.767869614996016,25512.859615325928,0.0,34.0,0.0,3.0,0.9909523809523809,1.6243897676467896,1.6117494106292725,0.04213453084230423
immediate_advantage_dqn,807,2,127.8750349908834,132.69965627727132,43.69775006920099,84.17728466091208,1.781608147546649,25159.47531890869,0.0,34.0,10.0,2.0,0.9864285714285714,1.4453106299042702,1.4341839253902435,0.037089002318680286
immediate_advantage_dqn,807,3,139.32596560938785,134.35623361030045,44.62565968930721,94.700305860476,1.8407939970493317,25527.788654327393,0.0,35.0,16.0,1.0,0.981904761904762,1.3527635633945465,1.3448230996727943,0.02646824298426509
immediate_advantage_dqn,807,4,135.91691345628837,134.66836957949803,39.069900155067444,96.84701346513373,1.8659340497106314,24181.292694091797,0.0,32.0,24.0,3.0,0.9773809523809524,1.1612493135035038,1.1567273437976837,0.015073231479618698
immediate_advantage_dqn,807,5,108.93461109697819,130.3794098324114,38.08034332096577,70.8542672097683,1.6969222892075777,22505.910152435303,0.0,30.0,0.0,1.0,0.9728571428571429,0.9428517520427704,0.938912395387888,0.013131172570865601
immediate_advantage_dqn,807,6,173.05538752929522,136.47597807482336,43.303993716835976,129.75139384226154,1.9048315500840545,25998.472778320312,0.0,37.0,34.0,2.0,0.9683333333333334,0.7872872278094292,0.7814277894794941,0.019531473284587264
immediate_advantage_dqn,807,7,167.09987188242008,140.30396480077295,40.86014226078987,126.2397300537639,1.8680084608495235,25394.56472015381,0.0,36.0,21.0,2.0,0.9638095238095238,0.8638864606618881,0.8563682027161121,0.025060876505449414
immediate_advantage_dqn,807,8,169.16476363920756,143.5107202272657,47.52078312635422,121.64398106419635,1.9198836646974087,27520.015926361084,0.0,36.0,27.0,0.0,0.9592857142857143,0.9299756810069084,0.9213562235236168,0.028731499915011227
immediate_advantage_dqn,807,9,125.21978286539024,141.68162649107813,41.55854173749685,83.6612405169458,1.7732515670359135,24277.1556930542,0.0,34.0,6.0,0.0,0.9547619047619048,0.7069987282156944,0.7007002495229244,0.020994927966967225
immediate_advantage_dqn,807,10,125.28242504698498,140.1907899961606,41.77881942689419,83.50360556048612,1.8172805132344365,24432.943546295166,0.0,34.0,11.0,2.0,0.9502380952380952,0.5566791109740734,0.551151979714632,0.018423774221446365
immediate_advantage_dqn,807,11,128.965819054842,139.2553757510507,44.64158368110657,84.32423519492149,1.8368540666997433,25531.30227279663,0.0,35.0,1.0,2.0,0.9457142857142857,0.39366214349865913,0.3881874643266201,0.018248918815515935
immediate_advantage_dqn,807,12,124.16594065925912,138.09464997475905,41.156579837203026,83.00936047932937,1.8151698559522629,24708.876987457275,0.0,33.0,9.0,0.0,0.9411904761904761,0.28876962419599295,0.28389478381723166,0.01624946779338643
immediate_advantage_dqn,807,13,153.97386641038676,139.22887972016105,44.189223408699036,109.78464297188539,1.8876752192154527,26703.57674407959,0.0,33.0,18.0,2.0,0.9366666666666666,0.25631311163306236,0.2519455496221781,0.01455854153027758
immediate_advantage_dqn,807,14,126.5452621787261,138.3833052173987,39.21218132972717,87.33308058077803,1.806681609712541,24264.55655670166,0.0,36.0,10.0,1.0,0.9321428571428572,0.23230280075222254,0.22833339869976044,0.013231345859821886
immediate_advantage_dqn,807,15,192.24680537622152,141.7497739773251,43.98813854157925,148.25866704325855,2.000160936266184,27010.736499786377,0.0,35.0,30.0,1.0,0.9276190476190476,0.59969587251544,0.5967023009434342,0.009978547808714211
immediate_advantage_dqn,807,16,173.91760246171205,143.64199918228906,43.94223830103874,129.97536433948721,1.930974692106247,26467.90668106079,0.0,33.0,26.0,4.0,0.9230952380952381,0.6611008867621422,0.6579450368881226,0.010519478877540678
immediate_advantage_dqn,807,17,149.82977026133685,143.98576424223614,40.103590458631516,109.72617990701343,1.835261938162148,24721.122077941895,0.0,31.0,18.0,0.0,0.9185714285714286,0.41694536805152893,0.4138449989259243,0.010334564372897148
immediate_advantage_dqn,807,18,131.30053890722078,143.31812080355112,39.09961402416229,92.20092449562834,1.874252145178616,24728.458488464355,0.0,31.0,12.0,0.0,0.914047619047619,0.3308099815621972,0.32792202569544315,0.009626511891838163
immediate_advantage_dqn,807,19,167.95261767348677,144.5498456470479,46.64835102856159,121.30426661512284,1.9337298618629575,27329.211627960205,0.0,37.0,19.0,0.0,0.9095238095238095,0.25449977442622185,0.2517094584181905,0.009301056095864624
immediate_advantage_dqn,807,20,116.12943284213543,143.27824372239306,39.310356095433235,76.81907597184181,1.7439847122877836,22836.95163345337,0.0,33.0,0.0,0.0,0.905,0.2608068557456136,0.2582704657688737,0.008454639493720606
immediate_advantage_dqn,807,21,114.04873835192353,142.54755751470435,37.75226737558842,76.29647043989331,1.7862916821613908,22919.957233428955,0.0,31.0,6.0,0.0,0.9004761904761904,0.23590649012476206,0.23326141480356455,0.00881692350958474
immediate_advantage_dqn,807,22,125.72599672984637,142.4401056016525,43.129377745091915,82.59661868673123,1.789374167099595,25228.859580993652,0.0,33.0,12.0,0.0,0.895952380952381,0.19931868836283684,0.1969380984082818,0.007935299741802737
immediate_advantage_dqn,807,23,161.98884428464837,143.5732495354155,39.79528245329857,122.19356174194287,1.8239876898005605,24600.72622680664,0.0,35.0,27.0,2.0,0.8914285714285715,0.7309285001829267,0.7278870809823275,0.010138080193428323
immediate_advantage_dqn,807,24,109.1941287877049,142.23711030198632,35.55575095117092,73.63837835807462,1.7451095888391137,21645.834743499756,0.0,30.0,5.0,2.0,0.8869047619047619,0.6462982166558504,0.6427497584372759,0.011828206101199612
immediate_advantage_dqn,807,25,108.63278089165688,142.22201879172025,37.72608909010887,70.90669151842594,1.7184396274387836,21701.854278564453,0.0,31.0,0.0,4.0,0.8823809523809524,0.3966839127242565,0.39416140504181385,0.008408369147218764
immediate_advantage_dqn,807,26,153.3838464255265,141.2384417365318,41.69555689394474,111.68828948687835,1.8479496305808425,25110.515659332275,0.0,34.0,26.0,1.0,0.8778571428571429,0.3329175068065524,0.33010085858404636,0.009388825972564518
immediate_advantage_dqn,807,27,120.76433698013966,138.9216649914178,36.22298140823841,84.54135633186047,1.7409238573163748,21685.991214752197,0.0,36.0,7.0,1.0,0.8733333333333333,0.2961541246622801,0.2936844602227211,0.00823222624603659
immediate_advantage_dqn,807,28,134.5360825744511,137.19023093817995,45.10723525285721,89.42884761961712,1.8471281891688704,26656.07815361023,0.0,34.0,7.0,0.0,0.8688095238095238,0.25437713833525777,0.2517565591260791,0.008735254377825186
immediate_advantage_dqn,807,29,114.78048163461511,136.66826587664121,37.977529004216194,76.80295283901519,1.8363398034125566,23978.051055908203,0.0,30.0,5.0,2.0,0.8642857142857143,0.288738664239645,0.28651113994419575,0.00742508182884194
immediate_advantage_dqn,807,30,188.28169054712978,139.8182291516485,45.258664950728416,143.02302561130253,1.9679037733003497,27852.57608795166,0.0,35.0,31.0,1.0,0.8597619047619047,0.24924383824691176,0.246901195961982,0.007808809576090425
immediate_advantage_dqn,807,31,180.12641670161352,142.37625903398705,42.78926184773445,137.33715485387907,1.8846053574234247,26225.711151123047,0.0,37.0,34.0,0.0,0.8552380952380952,0.842499352991581,0.8398976577445865,0.008672335738083348
immediate_advantage_dqn,807,32,128.92387689519975,142.61415584578407,39.34707807004452,89.57679863144013,1.8262029942125082,24210.5210647583,0.0,32.0,12.0,2.0,0.8507142857142858,0.5334589146077633,0.5310290455818176,0.008099559170659631
immediate_advantage_dqn,807,33,109.60705475509167,140.39581526301933,38.87201678752899,70.73503816127777,1.7622601510956883,22860.21558380127,0.0,30.0,0.0,1.0,0.8461904761904762,0.45384537521749735,0.45050928462296724,0.011120308889076114
immediate_advantage_dqn,807,34,111.63169743246365,139.65013702570621,37.360710710287094,74.27098688608932,1.7230230988934636,22798.550750732422,0.0,28.0,17.0,1.0,0.8416666666666667,0.46638685278594494,0.46374489925801754,0.008806511614238843
immediate_advantage_dqn,807,35,122.25682283937931,136.1506378988641,40.655127093195915,81.60169619321823,1.7926211897283792,23746.784580230713,0.0,34.0,0.0,0.0,0.8371428571428572,0.40100639685988426,0.3974099922925234,0.011988006182946265
immediate_advantage_dqn,807,36,123.58604098362623,133.63405982495982,41.49662286788225,82.08941759420334,1.8163188677281141,24298.084587097168,0.0,32.0,15.0,1.0,0.8326190476190476,0.3805306991562247,0.3777283513918519,0.009341162978671491
immediate_advantage_dqn,807,37,114.06283330917358,131.84571297735164,38.33783918619156,75.72499394416809,1.708746344782412,21899.77988433838,0.0,32.0,0.0,1.0,0.8280952380952381,0.3410543855279684,0.33809106703847647,0.009877738746581599
immediate_advantage_dqn,807,38,107.0331596583128,130.63234401490624,37.43110649287701,69.60205286741257,1.6645511714741588,21889.82933807373,0.0,31.0,0.0,0.0,0.8235714285714286,0.3335434813052416,0.33024502638727427,0.01099485030863434
immediate_advantage_dqn,807,39,126.0992782378349,128.53967704312367,41.68271908164024,84.41655939461323,1.8527322597801685,24899.344123840332,0.0,33.0,3.0,0.0,0.819047619047619,0.9961217660456896,0.993536788970232,0.008616600389359519
immediate_advantage_dqn,807,40,89.39745105206967,127.20307795362037,33.253368481993675,56.144082674384116,1.5922102136537433,19507.139739990234,0.0,25.0,0.0,1.0,0.8145238095238095,0.5595289692282677,0.5556879714131355,0.012803311401512474
immediate_advantage_dqn,807,41,112.45381045341492,127.12333155869491,39.002020105719566,73.45179072022438,1.7584751220420003,22847.81990814209,0.0,31.0,0.0,0.0,0.81,0.5406815428286791,0.5365042015910149,0.013924447062890977
immediate_advantage_dqn,807,42,158.8913410025616,128.7815987723307,40.08745789527893,118.80388298807343,1.8664489528164268,24284.996124267578,0.0,34.0,24.0,1.0,0.8054761904761905,0.4530586237087846,0.45016694720834494,0.009638924384489655
immediate_advantage_dqn,807,43,124.70596190690995,126.9174546534438,43.14433588087559,81.56162657737733,1.7725448282435536,24305.16315460205,0.0,35.0,0.0,1.0,0.800952380952381,0.46748707070946693,0.46477938909083605,0.009025600156746805
immediate_advantage_dqn,807,44,119.20476494346461,127.41798646123175,37.87802083790302,81.32674407575925,1.780365640297532,22636.092567443848,0.0,34.0,11.0,0.0,0.7964285714285715,0.47448921855539083,0.4717486910521984,0.009135094762314111
immediate_advantage_dqn,807,45,116.03625294566154,127.78816006393197,40.29449152946472,75.74176141619682,1.7382600028067827,22999.964361190796,0.0,33.0,0.0,0.0,0.7919047619047619,0.46514070499688387,0.4601843189448118,0.01652130449656397
immediate_advantage_dqn,807,46,118.9332902804017,126.06563225667576,41.07595781236887,77.85733294487,1.7241291608661413,22756.600589752197,0.0,32.0,0.0,0.0,0.7873809523809524,0.5320547316223383,0.5288217402994633,0.010776632057968527
immediate_advantage_dqn,807,47,117.56868149489165,125.90584948241334,41.6727984175086,75.89588266015053,1.8180744107812643,24181.22219467163,0.0,33.0,0.0,1.0,0.7828571428571429,0.793400363996625,0.7898476030677557,0.01184254587860778
immediate_advantage_dqn,807,48,108.76107374578714,124.61709904098015,38.53519869595766,70.22587552666664,1.7284297170117497,22579.325214385986,0.0,29.0,0.0,3.0,0.7783333333333333,0.514513143338263,0.5106074754148722,0.013018905534408987
immediate_advantage_dqn,807,49,114.92862358093262,124.62450613829603,38.25619042664766,76.6724337130785,1.7037960914894938,21635.676345825195,0.0,33.0,0.0,2.0,0.7738095238095238,0.4866231204941869,0.48300737142562866,0.012052498757839203
immediate_advantage_dqn,807,50,104.70560885965824,120.44570205392247,35.56134121119976,69.14426670968533,1.6991910841315985,21163.818088531494,0.0,30.0,0.0,0.0,0.7692857142857144,0.4808673560619354,0.4757583299651742,0.017030102259013802
immediate_advantage_dqn,807,51,153.29907446914584,119.10433494229908,47.37107668817043,105.9279976617661,1.946096726693213,27325.456760406494,0.0,38.0,28.0,1.0,0.7647619047619048,0.5077425539493561,0.5043108128011227,0.011439137160778046
immediate_advantage_dqn,807,52,115.43632442787286,118.42995731893275,38.04901850223541,77.38730656638737,1.8284902116283774,23192.665019989014,0.0,31.0,13.0,1.0,0.7602380952380953,0.5045406874269247,0.5003780135884881,0.013875570497475564
immediate_advantage_dqn,807,53,121.00766912102699,118.99998803722949,40.78314325213432,80.22452557086945,1.768240894190967,23654.08081817627,0.0,35.0,0.0,0.0,0.7557142857142858,0.4476619344204664,0.4439726937562227,0.012297464476432651
immediate_advantage_dqn,807,54,104.58382063508034,118.64759419736033,36.54497940093279,68.03884192705155,1.650653843767941,20713.58543395996,0.0,28.0,0.0,1.0,0.7511904761904762,0.7842789031565189,0.7787428796291351,0.018453423748724163
immediate_advantage_dqn,807,55,110.27788768708706,118.04864743974572,36.29198953509331,73.9858986735344,1.6794823305681348,20864.55341720581,0.0,31.0,0.0,1.0,0.7466666666666667,0.8253935258835554,0.8198103848844767,0.01861049036961049
immediate_advantage_dqn,807,56,113.99621802172393,117.5691562916506,39.5213965177536,74.4748218615982,1.7827988946810365,23504.565647125244,0.0,32.0,2.0,1.0,0.7421428571428572,0.7246917579323053,0.7216315306723118,0.0102007751702331
immediate_advantage_dqn,807,57,116.1827887237072,117.67515406237729,41.7249353826046,74.45785387754441,1.7232281090691686,23284.754859924316,0.0,32.0,0.0,1.0,0.7376190476190476,0.6668332815170288,0.6620070971548557,0.0160872598644346
immediate_advantage_dqn,807,58,119.59276160042852,118.30313415948308,40.30619828402996,79.28656379323571,1.7538428576663136,23582.155590057373,0.0,34.0,3.0,0.0,0.7330952380952381,0.6970056388527155,0.6927392799407244,0.014221168297808617
immediate_advantage_dqn,807,59,138.43804872771526,118.92007268397711,43.61823672056198,94.8198120667579,1.8858800511807203,25497.98012161255,0.0,36.0,13.0,1.0,0.7285714285714286,0.49692776054143906,0.4919170318171382,0.016702428518328816
immediate_advantage_dqn,807,60,116.32965918779374,120.26668309076331,39.656120002269745,76.67353930473328,1.7494158744812012,22704.62694168091,0.0,32.0,0.0,1.0,0.724047619047619,0.5588053166866302,0.554182443767786,0.015409566811285913
immediate_advantage_dqn,807,61,108.23825197219848,120.05590516670247,38.43062515556812,69.80762704014778,1.7369835749268532,22574.778621673584,0.0,30.0,0.0,2.0,0.7195238095238095,0.5715822167694569,0.567497169598937,0.013616815442219377
immediate_advantage_dqn,807,62,130.04875426808385,118.6137758299786,38.969920828938484,91.07883317092447,1.8312530117109418,23210.693523406982,0.0,36.0,11.0,1.0,0.7150000000000001,0.8468227833509445,0.8422532323747873,0.01523182837991044
immediate_advantage_dqn,807,63,123.2469368070364,118.54082457498491,41.491599440574646,81.7553376942873,1.8065659198909998,23785.96106338501,0.0,35.0,0.0,1.0,0.7104761904761905,0.8347151074558496,0.8306836783885956,0.013438086025416851
immediate_advantage_dqn,807,64,117.66573595404626,118.46387312551398,40.604644015431404,77.06109219193459,1.761587442830205,23680.96176147461,0.0,33.0,0.0,1.0,0.7059523809523809,0.664540397003293,0.6607891507446766,0.012504128622822464
immediate_advantage_dqn,807,65,113.36875430583954,118.33049819352289,39.27359300851822,74.09516168475152,1.8196705970913172,23796.085777282715,0.0,32.0,1.0,2.0,0.7014285714285715,0.640926044434309,0.6356065925210714,0.017731508007273078
immediate_advantage_dqn,807,66,132.68464637286309,119.01806599814594,43.216799184679985,89.46784663684012,1.8722145399078727,25229.33500289917,0.0,34.0,9.0,0.0,0.6969047619047619,0.7835908867418766,0.7790493071079254,0.015138621791265905
immediate_advantage_dqn,807,67,106.75029917061329,118.47714688193203,36.07394014298916,70.67635844647884,1.6957717966288328,21365.377185821533,0.0,31.0,0.0,0.0,0.6923809523809523,0.7080155052244663,0.7029552441090345,0.01686753536341712
immediate_advantage_dqn,807,68,109.49146191775799,118.51366629053057,38.73811534047127,70.75334644317627,1.7030477719381452,21947.92656135559,0.0,30.0,0.0,0.0,0.687857142857143,0.6892893295735121,0.6818971782922745,0.02464049810077995
immediate_advantage_dqn,807,69,131.9112573961118,119.36279798128953,42.41646280884743,89.49479436374695,1.8361046090722084,24737.189392089844,0.0,37.0,13.0,0.0,0.6833333333333333,0.670586571097374,0.6658415552228689,0.015816713916137815
immediate_advantage_dqn,807,70,106.7021423816681,119.46262465739002,36.004649728536606,70.69749265313149,1.653829986229539,20739.201629638672,0.0,32.0,0.0,1.0,0.6788095238095238,1.1912115961313248,1.1841141171753407,0.02365825360175222
immediate_advantage_dqn,807,71,116.717372921083,117.6335395799869,39.62313933670521,77.09423367378474,1.8133553266525269,23539.369873046875,0.0,33.0,15.0,2.0,0.6742857142857144,0.7872067652642727,0.782294724136591,0.016373474907595664
immediate_advantage_dqn,807,72,98.84430814683438,116.80393876593496,36.180715546011925,62.66359274983406,1.5912727965041995,20472.180919647217,0.0,27.0,0.0,2.0,0.6697619047619048,0.6464566048234701,0.6415981780737638,0.016194759111385792
immediate_advantage_dqn,807,73,114.52784822881222,116.47994772132422,40.09082581102848,74.43702283501625,1.705869591794908,22499.589469909668,0.0,32.0,0.0,2.0,0.6652380952380952,0.723418440669775,0.7171338982880116,0.02094847906846553
immediate_advantage_dqn,807,74,110.73320547044277,116.78741696309234,37.5445721745491,73.1886327445507,1.7272283574566245,21651.98589706421,0.0,32.0,0.0,2.0,0.6607142857142857,0.6279620006680489,0.6235677720978856,0.014647407515440136
immediate_advantage_dqn,807,75,117.48229515254498,117.14763733636524,36.78185112774372,80.70044390559197,1.7828328497707844,22087.744380950928,0.0,33.0,0.0,3.0,0.6561904761904762,0.8012392595410347,0.7960634641349316,0.017252636316698045
immediate_advantage_dqn,807,76,142.3866544430008,118.56715915742907,41.51712180674076,100.86953250214961,1.9116769172251225,25281.293312072754,0.0,36.0,14.0,1.0,0.6516666666666667,0.7000807737931609,0.6951553784310818,0.016417975071817636
immediate_advantage_dqn,807,77,110.1452086955309,118.26528015602025,36.93081599473953,73.21439208984376,1.688429736532271,21264.15880203247,0.0,33.0,0.0,1.0,0.6471428571428571,0.6123159574344754,0.6044332096353173,0.02627581311389804
immediate_advantage_dqn,807,78,119.48153088986874,118.2597186204923,38.316137820482254,81.16539260745049,1.7171800583600998,21790.681930541992,0.0,35.0,0.0,0.0,0.6426190476190476,1.0436451751738787,1.039658173918724,0.013290027796756476
immediate_advantage_dqn,807,79,117.4605484932661,117.21084360876982,36.532140120863914,80.9284075975418,1.6974292173981667,20993.105087280273,0.0,34.0,0.0,2.0,0.6380952380952382,0.6985403075814247,0.6919475626200438,0.021975828683935106
immediate_advantage_dqn,807,80,98.43990087509155,116.31635569313471,35.64507478475571,62.79482588171959,1.6463629361242056,20460.660816192627,0.0,28.0,0.0,0.0,0.6335714285714286,0.8437597714364529,0.8385170642286539,0.01747571158921346
immediate_advantage_dqn,807,81,105.88439420759678,116.19866280490464,39.962137669324875,65.92225607633591,1.7316398182883859,22984.8564453125,0.0,28.0,0.0,1.0,0.6290476190476191,0.686101894825697,0.6796465143561363,0.021517924731597304
immediate_advantage_dqn,807,82,113.27737965583802,115.36009407429233,39.64632907509804,73.63104986548424,1.7498347219079733,22365.36367416382,0.0,31.0,0.0,1.0,0.6245238095238095,0.8073784206062555,0.7985530868172646,0.029417768819257617
immediate_advantage_dqn,807,83,94.88856689631939,113.94217557875649,34.73769438266754,60.15087263286114,1.6024399250745773,19729.095699310303,0.0,27.0,0.0,0.0,0.62,0.8746455106884241,0.8693898189812899,0.01751894352491945
immediate_advantage_dqn,807,84,115.0462572157383,113.81120164184111,36.263158932328224,78.78309837281704,1.6984696285799146,21125.50302886963,0.0,33.0,0.0,2.0,0.6154761904761905,0.8171684239059687,0.8121240828186274,0.016814459348097444
immediate_advantage_dqn,807,85,104.54195089042187,113.36986147107022,35.7040696144104,68.83788112699986,1.6592155937105417,20576.067596435547,0.0,32.0,0.0,2.0,0.6109523809523809,0.9530001990497112,0.9429133869707584,0.033622736926190555
immediate_advantage_dqn,807,86,111.779633679986,112.32461083642636,36.3965667784214,75.3830675572157,1.6890724012628198,21215.941890716553,0.0,33.0,0.0,1.0,0.6064285714285714,0.9928794726729393,0.9873379990458488,0.018471578718163073
immediate_advantage_dqn,807,87,116.69631731510162,112.82191174365077,38.576498597860336,78.11981864273548,1.707239406183362,22077.914611816406,0.0,34.0,0.0,0.0,0.6019047619047619,0.8354794699698687,0.8276538755744696,0.026085340417921543
immediate_advantage_dqn,807,88,98.06445434689522,112.25056136510764,36.98773838579655,61.07671685516834,1.657327731139958,21349.71295928955,0.0,28.0,0.0,0.0,0.5973809523809523,1.0248815789818764,1.0184427723288536,0.02146268170326948
immediate_advantage_dqn,807,89,95.5137769073248,110.43068734066829,35.1816141307354,60.332162180542944,1.6026612278074026,20253.068183898926,0.0,27.0,0.0,1.0,0.592857142857143,0.8771010935306549,0.8716642558574677,0.018122817913535982
immediate_advantage_dqn,807,90,113.93686708807945,110.79242357598885,36.104907266795635,77.83196040987968,1.734266028739512,21194.349235534668,0.0,34.0,0.0,0.0,0.5883333333333334,0.8106822483241558,0.8045837357640266,0.020328396058175713
immediate_advantage_dqn,807,91,119.88723204433919,110.95091653215165,39.34978114068508,80.53745124638081,1.7871997179463506,22859.189109802246,0.0,34.0,0.0,1.0,0.5838095238095238,0.8714748974889517,0.8659481033682823,0.01842266332823783
immediate_advantage_dqn,807,92,110.95080494880676,111.55624137225027,38.16196422278881,72.78884068131447,1.6789295626804233,21412.927291870117,0.0,31.0,0.0,0.0,0.5792857142857144,0.9049856513738632,0.8961663581430912,0.029397627455182374
immediate_advantage_dqn,807,93,106.0805844515562,111.13387818338747,36.97809365391731,69.10249055922031,1.688402763567865,20944.823902130127,0.0,30.0,0.0,0.0,0.5747619047619048,1.11385927349329,1.1066207066178322,0.024128539604134858
immediate_advantage_dqn,807,94,112.83354393690824,111.23889510671077,39.100135028362274,73.73340944498777,1.7043536165729165,22037.981643676758,0.0,31.0,0.0,3.0,0.5702380952380952,0.9691890887916088,0.9648921340703964,0.014323182695079595
immediate_advantage_dqn,807,95,112.01476196944714,110.96551844755587,39.173163399100304,72.8415983915329,1.7834311109036207,23408.16949081421,0.0,31.0,0.0,0.0,0.5657142857142857,0.8656593877822161,0.8587337229400873,0.023085575085133314
immediate_advantage_dqn,807,96,105.32217426896095,109.11229443885387,34.48281021416187,70.8393640100956,1.6036559594795108,19596.56650161743,0.0,31.0,0.0,3.0,0.5611904761904762,0.7599276229739189,0.7530002780258656,0.02309114986564964
immediate_advantage_dqn,807,97,125.70197089016438,109.89013254858553,40.27825865149498,85.42371261119843,1.789326524361968,23234.563438415527,0.0,36.0,0.0,0.0,0.5566666666666666,0.974082887172699,0.9680756404995918,0.02002417028415948
immediate_advantage_dqn,807,98,87.82053017616272,108.30708251290025,32.45820412784815,55.36232575774193,1.557673522271216,18511.130376815796,0.0,26.0,0.0,2.0,0.5521428571428572,0.8883937951177359,0.879313874989748,0.03026638412848115
immediate_advantage_dqn,807,99,87.89618183672428,106.82886418007315,32.958321407437325,54.937859922647476,1.5224436912685633,18191.094451904297,0.0,25.0,0.0,0.0,0.5476190476190477,0.950257109478116,0.9431842789053917,0.023576049483381212
immediate_advantage_dqn,807,100,124.23325989544392,108.11853213109077,42.11549324542284,82.11776676177979,1.7589505473151803,23506.910484313965,0.0,35.0,0.0,1.0,0.5430952380952381,0.8281171415001154,0.820062343031168,0.02684929291717708
immediate_advantage_dqn,807,101,122.4428930580616,108.94645707361401,38.58179518580437,83.8610988855362,1.8146067894995213,22701.744117736816,0.0,36.0,0.0,0.0,0.5385714285714286,1.0554549880325794,1.0501514710485935,0.01767837890656665
immediate_advantage_dqn,807,102,120.30272057652473,109.29772411964834,40.784464329481125,79.51825678348541,1.76939526386559,23473.723098754883,0.0,33.0,0.0,0.0,0.5340476190476191,1.1165004968643188,1.1105511039495468,0.01983129035215825
immediate_advantage_dqn,807,103,125.37644934654236,110.82211824215949,40.02853198349476,85.34791764616966,1.7782273404300213,22500.72320175171,0.0,35.0,0.0,2.0,0.5295238095238095,1.0325837321579456,1.0226504988968372,0.03311081067658961
immediate_advantage_dqn,807,104,101.64128216654062,110.15186948969964,35.349730893969536,66.29155124276876,1.626646081916988,20094.914505004883,0.0,29.0,0.0,2.0,0.525,1.0517228804528713,1.045852379873395,0.01956837496254593
immediate_advantage_dqn,807,105,94.32000178098679,109.64077203422785,31.639644794166088,62.68035738170147,1.5871889228001237,18194.142124176025,0.0,28.0,0.0,0.0,0.5204761904761905,0.9380551259964705,0.9303450994193554,0.02570004458539188
immediate_advantage_dqn,807,106,107.43060331344604,109.42332051590088,36.33547407388687,71.09513013362884,1.7413734626024961,21039.44112586975,0.0,31.0,0.0,2.0,0.5159523809523809,0.8895520623773336,0.8803558200597763,0.030654155067168176
immediate_advantage_dqn,807,107,108.45353722721339,109.01118151150645,37.0648652985692,71.38867222666741,1.6896460745483637,21039.54264831543,0.0,31.0,0.0,2.0,0.5114285714285716,0.9721307326108217,0.9647022169083357,0.02476172591559589
immediate_advantage_dqn,807,108,127.2923840880394,110.47257799856365,40.61526094377041,86.67712360620499,1.8071262259036303,23323.849645614624,0.0,37.0,0.0,0.0,0.506904761904762,0.9543739724904299,0.9466441087424755,0.02576623868662864
immediate_advantage_dqn,807,109,93.73412704020738,110.3835955052078,35.041823737323284,58.692302751541135,1.6060046972706914,19911.70435142517,0.0,26.0,0.0,2.0,0.5023809523809524,1.269273854792118,1.2630121186375618,0.020872449269518256
immediate_advantage_dqn,807,110,102.33335422873498,109.80341986224057,32.62637412548065,69.70698052048684,1.6422064593061805,19190.133178710938,0.0,29.0,0.0,1.0,0.4978571428571429,1.233835231512785,1.2263966798782349,0.024795180885121226
immediate_advantage_dqn,807,111,109.4084487348795,109.27948069676756,37.81396108865738,71.59448763132096,1.7488075578585267,21947.933143615723,0.0,32.0,0.0,1.0,0.4933333333333334,0.9326198156923056,0.9261398762464523,0.021599782456178218
immediate_advantage_dqn,807,112,107.33189487457275,109.09853519305587,35.544568717479706,71.78732649981976,1.6770249595865607,20412.677589416504,0.0,30.0,0.0,0.0,0.4888095238095238,0.9934872835874557,0.9870742075145245,0.021376875462010503
immediate_advantage_dqn,807,113,103.89424334466457,108.9892181377113,36.9740404188633,66.92020310461521,1.7229616297408938,21394.06516647339,0.0,29.0,0.0,1.0,0.4842857142857143,1.1883408352732658,1.1787191033363342,0.032072457717731595
immediate_advantage_dqn,807,114,127.81944244503975,109.73851306311788,40.86576670408249,86.95367669463158,1.8611117554828525,23749.72563934326,0.0,34.0,0.0,2.0,0.4797619047619047,1.0398489981889725,1.0338139832019806,0.02011669467901811
immediate_advantage_dqn,807,115,115.63378919661045,109.91946442447605,37.20230793952942,78.43148112297058,1.6883339332416654,20976.978229522705,0.0,33.0,0.0,0.0,0.47523809523809524,0.9106003809720278,0.90351970680058,0.023602267436217517
immediate_advantage_dqn,807,116,109.02099848538637,110.1044056352973,40.02229767292738,68.99870166182518,1.7413177778944373,22557.256072998047,0.0,29.0,0.0,2.0,0.47071428571428575,1.1149200238287449,1.1062373407185078,0.028942247503437102
immediate_advantage_dqn,807,117,104.39566414952279,109.03909029826522,33.72565171122551,70.67001121640206,1.6642828341573477,19829.704692840576,0.0,30.0,0.0,1.0,0.46619047619047627,1.1915913261473179,1.1856208965182304,0.019901514402590692
immediate_advantage_dqn,807,118,110.37875764071941,110.16700167149307,37.245100647211075,73.13365679979324,1.7205865448340774,21309.11101913452,0.0,31.0,0.0,1.0,0.46166666666666667,1.012930167838931,1.0065168607980013,0.021377683035098016
immediate_advantage_dqn,807,119,103.70916165411472,110.95765066236258,33.494525872170925,70.21463659405708,1.6178280506283045,18901.78465652466,0.0,31.0,0.0,1.0,0.4571428571428572,0.9518534019589424,0.9459078144282103,0.01981863414403051
immediate_advantage_dqn,807,120,105.5301846563816,110.02249690040946,36.8190393447876,68.7111454308033,1.668695893138647,21247.44048690796,0.0,29.0,0.0,0.0,0.4526190476190477,1.2446154616773129,1.2369469422847033,0.025561796268448234
immediate_advantage_dqn,807,121,115.49495716392994,109.67510010570288,38.48049220442772,77.0144652724266,1.7566340612247586,22174.92795944214,0.0,31.0,0.0,0.0,0.4480952380952381,0.7975690457969904,0.785971200093627,0.03865946899168193
immediate_advantage_dqn,807,122,105.19411588013172,108.91966987088324,32.87148955464363,72.32262634038925,1.6230270257219672,19250.91832923889,0.0,29.0,0.0,2.0,0.4435714285714286,1.1089160554111004,1.1019662655889988,0.02316587930545211
immediate_advantage_dqn,807,123,100.47092016637325,107.67439341187477,36.188242331147194,64.28267802894115,1.6238873759284616,19421.739849090576,0.0,28.0,0.0,4.0,0.439047619047619,1.511413924396038,1.5026851631700993,0.029095861478708684
immediate_advantage_dqn,807,124,105.65080996155739,107.87486980162562,33.87502712011337,71.7757829606533,1.6698544584214687,19937.08270263672,0.0,30.0,0.0,2.0,0.43452380952380953,1.1326458491384983,1.1267490647733212,0.019655952462926507
immediate_advantage_dqn,807,125,98.63705679178238,108.09072255216537,34.3910613656044,64.24599590301514,1.6774693606421351,20026.27174758911,0.0,29.0,0.0,2.0,0.43000000000000005,1.3094179332256317,1.301442876458168,0.02658356656320393
immediate_advantage_dqn,807,126,98.28307866305113,107.63334631964563,35.29661824554205,62.9864604473114,1.6341883167624474,20220.93626022339,0.0,28.0,0.0,0.0,0.42547619047619056,1.4189946539700031,1.4101727455854416,0.02940634510014206
immediate_advantage_dqn,807,127,114.42712564468384,107.93202574051915,37.144785314798355,77.28234080672264,1.730486056767404,21132.67847442627,0.0,32.0,0.0,5.0,0.42095238095238097,1.0121349785476923,1.0034098513424397,0.02908378338906914
immediate_advantage_dqn,807,128,103.54070118963719,106.74444159559906,35.16985820233822,68.37084277868271,1.700045295059681,20375.783573150635,0.0,30.0,0.0,2.0,0.41642857142857137,0.942012732848525,0.9332529921084642,0.029199105920270085
immediate_advantage_dqn,807,129,94.51676580309868,106.78357353374363,33.91928851604462,60.59747728705406,1.6323006385937333,19282.36195755005,0.0,27.0,0.0,0.0,0.4119047619047619,1.0841686353087425,1.077140212059021,0.023428103304468095
immediate_advantage_dqn,807,130,106.67036259174347,107.00042395189405,34.629403688013554,72.04095953702927,1.6802679179236293,20121.645627975464,0.0,31.0,0.0,0.0,0.4073809523809524,1.0752214435487986,1.0681650750339031,0.023521211929619312
immediate_advantage_dqn,807,131,84.68629413247109,105.76431622177363,29.55900350958109,55.12729104757309,1.5372507963329554,16959.418216705322,0.0,25.0,0.0,1.0,0.4028571428571429,1.1567428950220346,1.1492077820003033,0.02511707181110978
immediate_advantage_dqn,807,132,135.22522574663162,107.15898276537658,43.16498085856438,92.06024472415447,1.8788575250655413,24797.586059570312,0.0,38.0,0.0,0.0,0.39833333333333343,1.1999537665396929,1.1895112544298172,0.03480835270602256
immediate_advantage_dqn,807,133,81.88253220319748,106.05839720830322,29.603382989764214,52.27914925068617,1.531111342832446,16867.758598327637,0.0,23.0,0.0,1.0,0.39380952380952383,1.2240336742252111,1.2177509758621454,0.02094236109405756
immediate_advantage_dqn,807,134,108.61059070378542,105.09795462124052,35.560069374740124,73.05052101612091,1.7062607808038592,20535.206592559814,0.0,31.0,0.0,1.0,0.38928571428571423,1.1654937211424112,1.1539678163826466,0.03841970500070602
immediate_advantage_dqn,807,135,117.8549634218216,105.20901333250106,37.34838119149208,80.50658169388771,1.721004044637084,21070.96460723877,0.0,35.0,0.0,0.0,0.38476190476190475,0.995873099192977,0.9890844244509935,0.022628955775871873
immediate_advantage_dqn,807,136,82.20437696576118,103.8681822565198,30.388641484081745,51.815735191106796,1.5347304521128535,17656.6617603302,0.0,25.0,0.0,0.0,0.38023809523809526,1.0832417719066143,1.0754369758069515,0.026016000658273697
immediate_advantage_dqn,807,137,90.26248246729374,103.16152317240835,31.80183108150959,58.46065157949924,1.6157482843846083,18865.72077178955,0.0,27.0,0.0,2.0,0.3757142857142858,1.0442362446337938,1.0359673965722322,0.027562847593799233
immediate_advantage_dqn,807,138,113.53172525763512,103.31917155325414,36.17523077130318,77.35649439692497,1.7055697739124298,20950.068210601807,0.0,34.0,0.0,0.0,0.3711904761904763,0.8966858722269535,0.8892709445208311,0.024716407293453813
immediate_advantage_dqn,807,139,95.5245559155941,102.90994126632809,32.69583747535944,62.82871907353401,1.597071067430079,18451.433917999268,0.0,28.0,0.0,1.0,0.3666666666666667,1.0560768730938435,1.0459867771714926,0.03363360627554357
immediate_advantage_dqn,807,140,88.33534999340773,102.05019953317941,33.09026513248682,55.24508457779884,1.6441267067566514,19308.86911392212,0.0,26.0,0.0,1.0,0.3621428571428572,1.420206230133772,1.4118885397911072,0.02772559830918908
immediate_advantage_dqn,807,141,80.5161736831069,100.30126035913827,30.42476909607649,50.09140405058861,1.5144601445645094,16977.14100265503,0.0,24.0,0.0,0.0,0.3576190476190476,1.299302438274026,1.2936976682394743,0.0186825679265894
immediate_advantage_dqn,807,142,111.31043556332588,100.60707634329796,36.927798703312874,74.38263687491417,1.70068827457726,20862.239070892334,0.0,32.0,0.0,0.0,0.35309523809523813,1.5215651504695415,1.5151218883693218,0.02147755480837077
immediate_advantage_dqn,807,143,110.20248990654946,101.09365483030678,35.71261151880026,74.48987833559514,1.7292661666870117,20845.582969665527,0.0,32.0,0.0,1.0,0.34857142857142864,0.8443836942315102,0.8367149513214827,0.025562481489032507
immediate_advantage_dqn,807,144,95.713598023355,100.59679423339665,34.18055959045887,61.53303863406181,1.6390976049005985,19352.002323150635,0.0,27.0,0.0,2.0,0.34404761904761905,1.0176653824746609,1.0104264449328184,0.024129775702022016
immediate_advantage_dqn,807,145,104.48394429683685,100.88913860864938,32.977075822651386,71.5068688094616,1.6431747563183308,18833.518997192383,0.0,31.0,0.0,1.0,0.33952380952380956,0.9336087387055159,0.9249329715967178,0.02891917817760259
immediate_advantage_dqn,807,146,115.46878139674664,101.74842374533415,37.08093670010567,78.38784489035606,1.727008057758212,21066.96547317505,0.0,34.0,0.0,0.0,0.3350000000000001,1.2931721918284893,1.2839793805032969,0.030642684432677925
immediate_advantage_dqn,807,147,100.09082642197609,101.03160878419877,35.72903457283974,64.361791908741,1.5993077447637916,19788.779457092285,0.0,28.0,0.0,0.0,0.3304761904761905,1.3465771563351154,1.3394235968589783,0.023845227784477174
immediate_advantage_dqn,807,148,109.09339094161987,101.3092432717979,35.738771572709084,73.35461960732937,1.6392187653109431,19698.203945159912,0.0,32.0,0.0,2.0,0.325952380952381,1.1995120458304882,1.1944892350584269,0.016742723935749382
immediate_advantage_dqn,807,149,100.16773723065853,101.59179184317588,35.430819161236286,64.73691862821579,1.6667175004258752,20301.121772766113,0.0,29.0,0.0,0.0,0.3214285714285714,1.1864761132746935,1.1800091303884983,0.021556644118390977
immediate_advantage_dqn,807,150,104.0888284161687,101.46271513439714,36.274153642356396,67.8146745800972,1.6314842607825994,20269.05460357666,0.0,31.0,0.0,2.0,0.3169047619047619,1.1751211546361446,1.164073059335351,0.0368269591126591
immediate_advantage_dqn,807,151,100.33977343142033,102.24538909934462,32.53453078866005,67.8052424788475,1.6257045166566968,18526.379600524902,0.0,29.0,0.0,0.0,0.3123809523809524,1.3513615597039461,1.3424306474626064,0.029769710963591933
immediate_advantage_dqn,807,152,98.15960107296705,100.39210786566139,34.027885027229786,64.13171558380127,1.633183722384274,19402.2453289032,0.0,28.0,0.0,2.0,0.30785714285714294,1.3228808417916298,1.3144052997231483,0.028251748299226165
immediate_advantage_dqn,807,153,88.04347079396248,100.70015479519964,30.612509459257126,57.430961379408835,1.5434204284101725,17556.822315216064,0.0,27.0,0.0,3.0,0.30333333333333345,0.909633431583643,0.9009790029376745,0.028848103480413556
immediate_advantage_dqn,807,154,120.42691548168659,101.2909710340947,37.33865238726139,83.08826243877411,1.7225349098443985,21114.339321136475,0.0,34.0,0.0,0.0,0.29880952380952375,0.8573363274335861,0.8463211413472891,0.036717265960760415
immediate_advantage_dqn,807,155,109.35786939561368,100.8661163327843,34.398272946476936,74.959597119689,1.6340591870248318,19244.875980377197,0.0,32.0,0.0,1.0,0.29428571428571426,0.9946993477642536,0.9874462522566319,0.024176972801797092
immediate_advantage_dqn,807,156,89.03371873646975,101.20758342131974,31.15864197164774,57.87507631778717,1.5501970238983631,17590.360248565674,0.0,26.0,0.0,1.0,0.2897619047619048,1.4858928956091404,1.4721959326416254,0.04565649526193738
immediate_advantage_dqn,807,157,95.68127024322749,101.47852281011642,31.56503564864397,64.11623484790326,1.5601272257044911,17890.371284484863,0.0,28.0,0.0,2.0,0.2852380952380953,1.1330078430473804,1.1275762561708689,0.018105306720826775
immediate_advantage_dqn,807,158,97.0971949249506,100.65679629348219,32.04764166474342,65.04955311119556,1.604847751557827,18578.252323150635,0.0,28.0,0.0,0.0,0.2807142857142858,1.073295360431075,1.063723623752594,0.03190578182693571
immediate_advantage_dqn,807,159,100.89778785407543,100.92545789040625,33.52168979495764,67.37609779834747,1.6150312349200249,19060.326789855957,0.0,29.0,0.0,0.0,0.2761904761904763,1.2727240920066833,1.2648774199187756,0.026155571336857975
immediate_advantage_dqn,807,160,111.5467549264431,102.08602813705802,34.60505025088787,76.94170439243317,1.683350765146315,19556.12987136841,0.0,33.0,0.0,1.0,0.2716666666666666,1.3008288592100143,1.294292962178588,0.021786293073091656
immediate_advantage_dqn,807,161,110.92897018790245,103.60666796229779,36.059884428977966,74.8690853714943,1.6890569301322103,20578.580184936523,0.0,32.0,0.0,0.0,0.2671428571428571,1.2183149009943008,1.2108257934451103,0.024963680072687566
immediate_advantage_dqn,807,162,93.35289869457483,102.70879111886025,32.59971817582846,60.75317996740341,1.5887080049142241,18655.17559814453,0.0,27.0,0.0,0.0,0.26261904761904764,1.4107338301837444,1.3986445777118206,0.04029750544577837
immediate_advantage_dqn,807,163,116.60184154808522,103.02875870093703,36.64416439831257,79.95767700076104,1.6939922701567411,20389.5946559906,0.0,34.0,0.0,1.0,0.25809523809523816,1.201263826340437,1.195077322423458,0.020621699222829193
immediate_advantage_dqn,807,164,98.50768056511879,103.16846282802524,37.21197587251663,61.29570485651493,1.6794509356841445,21079.260997772217,0.0,26.0,0.0,0.0,0.25357142857142867,1.3311243914067745,1.3229713961482048,0.027176714618690312
immediate_advantage_dqn,807,165,101.91357287764549,103.03994425706567,34.44558680802584,67.46798542141914,1.6637360975146294,20115.726642608643,0.0,29.0,0.0,0.0,0.24904761904761907,1.3911960404366255,1.3826450314372778,0.028503360808826983
immediate_advantage_dqn,807,166,88.96845388561488,101.71492788150908,32.63205286860466,56.336401084065436,1.5675052981823683,18039.083583831787,0.0,26.0,0.0,1.0,0.2445238095238096,1.2978843003511429,1.2879053093492985,0.03326331509742886
immediate_advantage_dqn,807,167,99.00305886566639,101.66053950369358,33.98981374502182,65.01324521005154,1.6830673580989242,19859.744453430176,0.0,29.0,0.0,0.0,0.24,1.243498682975769,1.2375789023935795,0.019732573302462697
immediate_advantage_dqn,807,168,93.84827527403831,100.89828372031451,32.75511130690575,61.09316371381283,1.5797845823690295,18213.918601989746,0.0,28.0,0.0,0.0,0.2354761904761905,1.3533989861607552,1.3440877869725227,0.0310373327229172
immediate_advantage_dqn,807,169,78.96339426487684,99.83806657202543,29.19491772353649,49.768476891517636,1.5156337963417172,16483.170499801636,0.0,22.0,0.0,2.0,0.23095238095238102,1.1716295685619116,1.163654925301671,0.026582163060083985
immediate_advantage_dqn,807,170,97.04183577001095,99.48571693971753,31.90298430621624,65.13885183632374,1.6098437244072556,18412.741569519043,0.0,28.0,0.0,1.0,0.22642857142857142,1.1583203207701445,1.149836352095008,0.028279850375838578
immediate_advantage_dqn,807,171,96.21357934176922,99.27940723523497,32.94803628325462,63.26554271578789,1.592497224919498,18769.407892227173,0.0,27.0,0.0,0.0,0.22190476190476194,1.2906587664037943,1.2821434196084738,0.028384480392560363
immediate_advantage_dqn,807,172,110.19927226901055,99.88139079503716,37.14320686459541,73.05606492757798,1.7732766224071383,21263.81328201294,0.0,31.0,0.0,1.0,0.21738095238095245,1.3544805776327848,1.3478579595685005,0.022075376007705927
immediate_advantage_dqn,807,173,94.12174710035325,100.18530461035671,34.37948787212372,59.742258408665656,1.6515676714479923,19500.86700820923,0.0,27.0,0.0,1.0,0.21285714285714286,1.3903101067990065,1.3824347965419292,0.026251047267578542
immediate_advantage_dqn,807,174,95.78156952559948,98.95303731255234,31.225056052207947,64.55651342868805,1.5790038276463747,17621.198333740234,0.0,29.0,0.0,0.0,0.20833333333333337,1.2528295237571,1.2465030364692211,0.02108826453331858
immediate_advantage_dqn,807,175,102.41576062440872,98.60593187399209,34.32844600081444,68.08731442987919,1.6849691569805145,19914.040477752686,0.0,30.0,0.0,2.0,0.20380952380952377,1.1059971433132887,1.0956416055560112,0.03451844223309308
immediate_advantage_dqn,807,176,95.80878751128913,98.94468531273307,34.15981834381819,61.64896943569183,1.6652218140661716,19656.48934173584,0.0,29.0,0.0,1.0,0.1992857142857143,1.2177484091371298,1.2111766561865807,0.021905836008954793
immediate_advantage_dqn,807,177,85.52244328707457,98.43674396492541,30.625535249710083,54.896907940506935,1.5218315292149782,16891.387580871582,0.0,26.0,0.0,0.0,0.1947619047619048,1.3119916766881943,1.3036973476409912,0.027647819370031357
immediate_advantage_dqn,807,178,100.93902374058962,98.62883540570736,34.16967133432627,66.76935186982155,1.639981404878199,19289.139307022095,0.0,30.0,0.0,0.0,0.19023809523809532,1.4342809282243252,1.426549332216382,0.02577201451640576
immediate_advantage_dqn,807,179,91.4252447038889,98.15520824819804,33.588076539337635,57.837168619036674,1.6018047332763672,18946.870597839355,0.0,28.0,0.0,0.0,0.18571428571428583,1.475330252200365,1.4650529362261295,0.034257652587257326
immediate_advantage_dqn,807,180,79.79210980981588,96.56747599236667,28.2555523365736,51.536557629704475,1.4834407484158874,15863.8713722229,0.0,24.0,0.0,0.0,0.18119047619047624,1.5008308701217175,1.4946730323135853,0.020526100823190063
immediate_advantage_dqn,807,181,103.65053252279759,96.20355410911144,33.195882588624954,70.45464933812619,1.6320691760629416,18791.42455291748,0.0,31.0,0.0,2.0,0.17666666666666664,1.3167888894677162,1.3092868104577065,0.025006936979480088
immediate_advantage_dqn,807,182,87.63004468381405,95.91741140857339,31.01746664196253,56.61257816851139,1.5465281764045358,17571.09698486328,0.0,26.0,0.0,0.0,0.17214285714285715,1.0561048816889524,1.0477644186466932,0.02780155563959852
immediate_advantage_dqn,807,183,78.88943380862474,94.03179102160037,28.971118591725826,49.91831487417221,1.4846316231414676,15908.570960998535,0.0,24.0,0.0,1.0,0.16761904761904767,1.5350341647863388,1.52649955637753,0.02844868053216487
immediate_advantage_dqn,807,184,89.96937001049518,93.60487549386919,31.131975516676903,58.83739500045776,1.5609875861555338,17585.415586471558,0.0,26.0,0.0,3.0,0.16309523809523818,1.0941407140344381,1.0851605888456106,0.029933781654108316
immediate_advantage_dqn,807,185,85.80591401606799,92.79949255079032,30.01247577369213,55.793438324332236,1.546028926037252,16907.83734512329,0.0,27.0,0.0,1.0,0.1585714285714287,1.4133077170699835,1.4033789224922657,0.03309596993494779
immediate_advantage_dqn,807,186,98.94752717912198,93.29844621546567,34.63886580616236,64.30866155922413,1.6389392707496881,19488.896224975586,0.0,29.0,0.0,1.0,0.1540476190476191,0.963749136775732,0.9555881135165691,0.027203418139833957
immediate_advantage_dqn,807,187,88.30662890523672,92.76362471744419,31.169657468795776,57.13697171211243,1.6129384571686387,18188.847663879395,0.0,25.0,0.0,1.0,0.1495238095238095,1.513565944507718,1.5082175116986036,0.017828130861744285
immediate_advantage_dqn,807,188,105.28063547611237,93.3352427275479,34.34913522005081,70.93150115013123,1.6613272484391928,19382.7371673584,0.0,31.0,0.0,2.0,0.14500000000000002,1.5028385315090418,1.4955649115145206,0.024245398468337953
immediate_advantage_dqn,807,189,81.8858801946044,93.48136702403427,29.227753348648548,52.658127188682556,1.5041203424334526,16173.763872146606,0.0,25.0,0.0,0.0,0.14047619047619053,1.3445730060338974,1.3320531398057938,0.04173290019389242
immediate_advantage_dqn,807,190,95.8372568488121,93.42113807797432,33.36289890110493,62.47435785830021,1.594263163395226,18752.325786590576,0.0,28.0,0.0,0.0,0.13595238095238105,1.5014840550720692,1.4912184365093708,0.034218730754218996
immediate_advantage_dqn,807,191,91.98870379030704,93.2098943004012,30.3829595297575,61.60574318766594,1.5425103232264519,16904.124755859375,0.0,27.0,0.0,4.0,0.13142857142857145,1.3791472110897303,1.369859093800187,0.030960383359342813
immediate_advantage_dqn,807,192,108.97018469274045,93.14843992158771,36.70436116307974,72.26582371592522,1.686224004253745,20711.923431396484,0.0,32.0,0.0,2.0,0.12690476190476196,1.0494783110916615,1.041816845536232,0.02553824713686481
immediate_advantage_dqn,807,193,100.76945649981499,93.4808253915608,35.88653899729252,64.88291738331318,1.6871137879788876,20206.8218460083,0.0,29.0,0.0,2.0,0.12238095238095237,1.3872016221284866,1.378344889730215,0.02952247334178537
immediate_advantage_dqn,807,194,83.26678724139929,92.85508627735078,30.32879053801298,52.93799698650837,1.5389604661613703,16803.829704284668,0.0,23.0,0.0,2.0,0.11785714285714288,1.2751743365079165,1.2633477412164211,0.039421951631084085
immediate_advantage_dqn,807,195,97.26416130363941,92.59750631131233,32.35261872410774,64.91154251992702,1.6071979338303208,18097.28881072998,0.0,30.0,0.0,0.0,0.1133333333333334,1.3486638888716698,1.3417700715363026,0.02297938778065145
immediate_advantage_dqn,807,196,90.21411357074976,92.31777261428535,32.529795579612255,57.6843176484108,1.6051586428657174,18625.666568756104,0.0,26.0,0.0,0.0,0.1088095238095238,1.5859765317291021,1.5783392935991287,0.025457395939156413
immediate_advantage_dqn,807,197,97.72676106542349,92.92798850320278,33.86813571304083,63.85862520337105,1.6532518500462174,19579.498867034912,0.0,27.0,0.0,1.0,0.10428571428571431,1.4346582349389791,1.4255749322474003,0.030277680489234626
immediate_advantage_dqn,807,198,84.6722757473588,92.11465110354126,30.787885203957558,53.8843903273344,1.5336159029975533,17181.30376434326,0.0,25.0,0.0,2.0,0.09976190476190483,1.1825359854847193,1.175416436046362,0.023731835884973407
immediate_advantage_dqn,807,199,83.6264040991664,91.72470907330514,30.114651538431644,53.51175209879875,1.5236284770071507,16642.109691619873,0.0,25.0,0.0,0.0,0.09523809523809534,1.5124182496219873,1.5047403536736965,0.025593012222088873
immediate_advantage_dqn,807,200,87.00551538169384,92.08537935189904,30.355918273329735,56.649597242474556,1.5393472015857697,16743.922382354736,0.0,26.0,0.0,0.0,0.09071428571428575,1.4293649606406689,1.421402322128415,0.026542159379459918
immediate_advantage_dqn,807,201,87.27754528820515,91.26672999016941,32.04923751950264,55.22830806672573,1.5934086116030812,18177.075973510742,0.0,25.0,0.0,0.0,0.08619047619047626,1.25619350746274,1.2483420204371214,0.026171606383286417
immediate_advantage_dqn,807,202,82.47228919863701,91.00884221591056,30.284410923719406,52.187878438830374,1.5183911062777042,16649.525344848633,0.0,23.0,0.0,1.0,0.08166666666666667,1.4556770287454128,1.4477967265993357,0.026267611072398722
immediate_advantage_dqn,807,203,92.11502830684185,91.67012194082142,32.65336602926254,59.46166203916073,1.5852838102728128,18089.230129241943,0.0,27.0,0.0,0.0,0.07714285714285718,1.6492321286350489,1.6392106674611568,0.03340482630301267
immediate_advantage_dqn,807,204,95.32585483789444,91.93794618219138,30.550394669175148,64.77546000480652,1.5385619308799505,17040.320371627808,0.0,29.0,0.0,2.0,0.0726190476190477,1.2808308769017458,1.2731591705232859,0.025572342914529145
immediate_advantage_dqn,807,205,83.07030409574509,91.80116568617524,29.25052995979786,53.81977438926697,1.5203964272513986,16526.65805053711,0.0,25.0,0.0,0.0,0.06809523809523821,1.700060322880745,1.6906540431082249,0.03135426947847009
immediate_advantage_dqn,807,206,82.52425376623869,90.98000201553106,29.91468369215727,52.60957013368606,1.4916474558413029,16372.175777435303,0.0,24.0,0.0,2.0,0.06357142857142861,1.1042837891727686,1.0958618000149727,0.028073302877601236
immediate_advantage_dqn,807,207,67.55686268955469,89.94251370474696,26.826276384294033,40.7305860966444,1.4442479209974408,14834.391187667847,0.0,19.0,0.0,0.0,0.059047619047619015,1.3724080175161362,1.363722799345851,0.02895068738143891
immediate_advantage_dqn,807,208,82.19002375304699,88.78798311859369,28.949198238551617,53.2408253878355,1.497085340321064,16134.267311096191,0.0,25.0,0.0,3.0,0.05452380952380953,1.051468251273036,1.0434747971594334,0.02664484770502895
immediate_advantage_dqn,807,209,98.96227127313614,89.64180267252029,32.39852473884821,66.56374654173851,1.5869025345891714,17929.820224761963,0.0,29.0,0.0,0.0,0.050000000000000044,1.332363622263074,1.3251443430781364,0.024064236669801176
immediate_advantage_dqn,807,210,71.92823115885258,88.44635138802231,26.810381911695004,45.11784920990467,1.4606435736641288,15213.557357788086,0.0,22.0,0.0,1.0,0.050000000000000044,1.307982997968793,1.3009387031197548,0.02348097786307335
immediate_advantage_dqn,807,211,94.42619230002165,88.56822581350804,30.043648183345795,64.38254358768464,1.5710089979693294,17445.865020751953,0.0,28.0,0.0,2.0,0.050000000000000044,1.6193987764418125,1.613010734319687,0.021293488331139088
immediate_advantage_dqn,807,212,81.97031086087227,87.21823212191464,27.966880463063717,54.00343027114868,1.4656170336529613,15821.83706665039,0.0,26.0,0.0,2.0,0.050000000000000044,1.668378558009863,1.662562146782875,0.019388112938031554
immediate_advantage_dqn,807,213,83.1616273984313,86.33784066684547,28.55541930347681,54.606207901239394,1.5294631561264396,16320.62612915039,0.0,26.0,0.0,1.0,0.050000000000000044,1.3525413125753403,1.3445636816322803,0.026592117792461067
immediate_advantage_dqn,807,214,71.99432408809662,85.77421750918032,26.078208334743977,45.91611588001251,1.4135428871959448,14397.38237953186,0.0,23.0,0.0,1.0,0.050000000000000044,1.2711180932819843,1.2631871215999126,0.026436549436766654
immediate_advantage_dqn,807,215,86.2142602801323,85.22172245800496,30.583081386983395,55.63117836415768,1.5526070399209857,17014.64980697632,0.0,25.0,0.0,0.0,0.050000000000000044,1.550222935155034,1.5406110994517803,0.03203947900328785
immediate_advantage_dqn,807,216,88.90427862107754,85.15623071052134,28.464149206876755,60.44012975692749,1.5129632269963622,16291.08145904541,0.0,29.0,0.0,0.0,0.050000000000000044,1.257935119792819,1.2492160350084305,0.02906363020883873
immediate_advantage_dqn,807,217,70.71783486902714,83.80578440070153,25.891250230371952,44.82658504843712,1.422601342201233,14527.179540634155,0.0,22.0,0.0,2.0,0.050000000000000044,1.3606595881283283,1.3538920786231756,0.022558344178833067
immediate_advantage_dqn,807,218,83.42513784021139,83.74342750534416,31.167585246264935,52.25755272805691,1.549648909829557,17314.507469177246,0.0,26.0,0.0,0.0,0.050000000000000044,1.3482903856784105,1.3399292174726725,0.027870606048963964
immediate_advantage_dqn,807,219,66.51306689679623,82.88776064522565,26.97181797027588,39.54124850928783,1.4721261234954,15190.558540344238,0.0,20.0,0.0,2.0,0.050000000000000044,1.500150851905346,1.4948318265378475,0.017730072082486004
immediate_advantage_dqn,807,220,67.0068324059248,81.8878264964372,26.57167699933052,40.43515504896641,1.41476468462497,14351.534957885742,0.0,21.0,0.0,2.0,0.050000000000000044,1.5701568331569433,1.5638164915144444,0.0211344551644288
immediate_advantage_dqn,807,221,84.56560797989368,81.75222963102162,29.30294093489647,55.26266646385193,1.4930692315101624,16005.09676361084,0.0,25.0,0.0,1.0,0.050000000000000044,1.582257591187954,1.5722343772649765,0.03341071621980518
immediate_advantage_dqn,807,222,75.83280463516712,81.42025540284813,26.423193283379078,49.40961109101772,1.450425360351801,15091.801250457764,0.0,24.0,0.0,0.0,0.050000000000000044,1.614649761468172,1.6045051962137222,0.033815260394476354
immediate_advantage_dqn,807,223,83.04338170737029,80.96667307287456,31.242567770183086,51.800814011693,1.5412453087046742,17110.17458343506,0.0,24.0,0.0,1.0,0.050000000000000044,1.5629441887140274,1.5567364860326052,0.02069237531395629
immediate_advantage_dqn,807,224,77.20655186474323,80.06070792421698,27.615645825862885,49.59090591967106,1.4502474842593074,15261.856502532959,0.0,24.0,0.0,0.0,0.050000000000000044,1.41759411431849,1.4074776284396648,0.03372166195185855
immediate_advantage_dqn,807,225,74.16731308549643,79.61555837370456,29.06842329353094,45.09889034330845,1.4857054390013218,16201.555088043213,0.0,21.0,0.0,1.0,0.050000000000000044,1.3741039633750916,1.3674743194133043,0.02209885511547327
immediate_advantage_dqn,807,226,72.327098287642,79.10570059977474,28.48081136494875,43.846286937594414,1.492569419555366,16406.36481666565,0.0,22.0,0.0,0.0,0.050000000000000044,1.6882833540439606,1.6758416406810284,0.04147237236611545
immediate_advantage_dqn,807,227,88.8216912150383,80.16894202604891,32.52508087456226,56.29661017656326,1.55936985835433,18042.178745269775,0.0,25.0,0.0,0.0,0.050000000000000044,1.5750613268464804,1.5684507116675377,0.022035406029317528
immediate_advantage_dqn,807,228,84.54195392876863,80.28653853483499,30.82539950311184,53.71655508875847,1.547587481327355,17146.402919769287,0.0,25.0,0.0,0.0,0.050000000000000044,1.592371191829443,1.582727413624525,0.03214588260743767
immediate_advantage_dqn,807,229,73.27826492041349,79.00233821719885,28.041957341134548,45.23630750477314,1.4786932077258825,15704.152618408203,0.0,21.0,0.0,2.0,0.050000000000000044,1.037638746201992,1.0290210079401731,0.028725806972943246
immediate_advantage_dqn,807,230,93.73404144644738,80.0926287315786,33.690519601106644,60.043521934747695,1.6323449751362205,18878.926651000977,0.0,26.0,0.0,1.0,0.050000000000000044,1.3699883036315441,1.3595941010862589,0.03464733948931098
immediate_advantage_dqn,807,231,81.86322070062161,79.4644801516086,29.999565340578556,51.86365563571453,1.512101562693715,16676.27639389038,0.0,25.0,0.0,3.0,0.050000000000000044,1.3184169009327888,1.310981897637248,0.024783361819572747
immediate_advantage_dqn,807,232,78.47719711065292,79.28982446409762,27.83707880973816,50.640118062496185,1.459715605713427,15382.518173217773,0.0,26.0,0.0,1.0,0.050000000000000044,1.4110674913972616,1.4028946422040462,0.02724283910356462
immediate_advantage_dqn,807,233,75.17857753634453,78.8906719709933,26.757788203656673,48.420789116621016,1.445050180889666,14610.058200836182,0.0,24.0,0.0,1.0,0.050000000000000044,1.3434053007513285,1.3376864232122898,0.01906293141655624
immediate_advantage_dqn,807,234,89.71418251991273,79.77666489258411,32.20213973522186,57.51204242706299,1.6002924647182226,18256.15110015869,0.0,27.0,0.0,2.0,0.050000000000000044,1.706510316580534,1.6968102529644966,0.03233356564305723
immediate_advantage_dqn,807,235,99.66875329613686,80.44938954338433,32.12615442276001,67.54259870946407,1.5802118284627795,18213.40869140625,0.0,30.0,0.0,0.0,0.050000000000000044,1.2420457117259502,1.2339300271123648,0.027052275952883065
immediate_advantage_dqn,807,236,87.13653720319272,80.36100247249009,30.188090801239014,56.948446401953696,1.5522966897115111,17018.95064163208,0.0,25.0,0.0,1.0,0.050000000000000044,1.691438801586628,1.6838048715144396,0.025446372688747942
immediate_advantage_dqn,807,237,104.59355655312538,82.054788556695,33.12190221250057,71.47165423631668,1.6454202681779861,19324.106300354004,0.0,31.0,0.0,0.0,0.050000000000000044,1.2125122714787722,1.2037477102130651,0.02921520813833922
immediate_advantage_dqn,807,238,79.516023555398,81.85933284245432,29.045794665813446,50.470228442549704,1.5135148111730814,15989.648826599121,0.0,24.0,0.0,1.0,0.050000000000000044,1.5961941853165627,1.5852066539227962,0.036625093896873295
immediate_advantage_dqn,807,239,70.93565041571856,82.08046201840044,26.61123798787594,44.32441237568855,1.4595561688765883,15295.989749908447,0.0,21.0,0.0,0.0,0.050000000000000044,1.8329329267144203,1.824229372665286,0.02901179203763604
immediate_advantage_dqn,807,240,96.80398693680763,83.57031974494457,30.49689995124936,66.30708712339401,1.554905816912651,17278.78554534912,0.0,28.0,0.0,1.0,0.050000000000000044,1.3949356228113174,1.3862125650048256,0.029076825827360153
immediate_advantage_dqn,807,241,87.3547093063593,83.70977481126786,30.933882392942905,56.420827174186705,1.5484685320407152,17274.720001220703,0.0,26.0,0.0,2.0,0.050000000000000044,1.6422651391476393,1.6350486390292645,0.024054949753917754
immediate_advantage_dqn,807,242,70.22893544435502,83.42958135172725,26.759992495179176,43.46894265115261,1.427802061662078,14815.734764099121,0.0,21.0,0.0,1.0,0.050000000000000044,1.4252106938511133,1.4162139873951674,0.029988999478518963
immediate_advantage_dqn,807,243,85.65629674494267,83.56022710360588,30.48078714311123,55.17550924420357,1.5306477630510926,16822.857597351074,0.0,26.0,0.0,0.0,0.050000000000000044,1.367786467075348,1.3599232640117407,0.026210703246761113
immediate_advantage_dqn,807,244,94.1467722222209,84.40723812147976,30.783937118947506,63.36283537149429,1.6006610775366426,18369.677131652832,0.0,30.0,0.0,1.0,0.050000000000000044,1.0386173017323017,1.0327950902283192,0.019407337065786123
immediate_advantage_dqn,807,245,101.44808065891266,85.77127650015056,33.81263384222984,67.63544671237469,1.6347872009500861,19382.743001937866,0.0,29.0,0.0,1.0,0.050000000000000044,1.6450923457741737,1.6343534514307976,0.03579637687653303
immediate_advantage_dqn,807,246,82.84018422812224,86.29693079717458,30.402301900088787,52.43788234293461,1.5341280847787857,17089.93942642212,0.0,24.0,0.0,2.0,0.050000000000000044,1.4182543717324734,1.4061064179986715,0.04049316793680191
immediate_advantage_dqn,807,247,84.08432908505202,86.06006269067527,29.447616308927536,54.63671299219131,1.5118093360215425,17077.615524291992,0.0,25.0,0.0,2.0,0.050000000000000044,1.4994159825146198,1.492377731949091,0.023460795055143535
immediate_advantage_dqn,807,248,75.43132100254297,85.604531044364,29.66575115174055,45.76556974649429,1.517365069128573,16407.852947235107,0.0,22.0,0.0,0.0,0.050000000000000044,1.4513664282858372,1.4397450685501099,0.038737846654839814
immediate_advantage_dqn,807,249,80.80690833926201,85.9809632153064,30.553147725760937,50.25376009941101,1.5111062079668045,16619.988967895508,0.0,23.0,0.0,0.0,0.050000000000000044,1.3183678854256868,1.30978181399405,0.02862029115203768
immediate_advantage_dqn,807,250,101.0550521105528,86.34701374851167,32.72989039123058,68.32516195774079,1.6122971782460809,18343.794723510742,0.0,30.0,0.0,2.0,0.050000000000000044,1.702446311712265,1.6975102312862873,0.016453620221000165
immediate_advantage_dqn,807,251,79.95109499245882,86.25140746310353,29.27311410754919,50.67798103392124,1.5111642545089126,16432.673713684082,0.0,23.0,0.0,0.0,0.050000000000000044,1.4149455837905407,1.4048359636217356,0.033698744024150074
immediate_advantage_dqn,807,252,71.40524762123823,85.89780998863282,27.465506188571453,43.93974147737026,1.4811944793909788,15828.818897247314,0.0,22.0,0.0,0.0,0.050000000000000044,1.2742043230682611,1.266718726605177,0.02495192422065884
immediate_advantage_dqn,807,253,92.84071467071772,86.78091684535147,31.57574649900198,61.264967918395996,1.5510969115421176,17230.830085754395,0.0,27.0,0.0,0.0,0.050000000000000044,1.5970876440405846,1.5850718412548304,0.040052746422588825
immediate_advantage_dqn,807,254,88.91960279643536,86.74118785917759,31.386411868035793,57.53319036960602,1.5878648152574897,18093.071533203125,0.0,26.0,0.0,0.0,0.050000000000000044,1.3279902767390013,1.320883385837078,0.02368958410806954
immediate_advantage_dqn,807,255,83.68485814630985,85.94199310168624,27.965601317584515,55.71925735771656,1.4712386475875974,15744.393814086914,0.0,25.0,0.0,2.0,0.050000000000000044,1.424202123656869,1.414374303072691,0.03275941556785256
immediate_advantage_dqn,807,256,77.38135153055191,85.4542338180542,28.96350048482418,48.417851001024246,1.5564122274518013,16888.543491363525,0.0,23.0,0.0,1.0,0.050000000000000044,1.286933159455657,1.2790294270962477,0.026345747988671064
immediate_advantage_dqn,807,257,80.17808755785227,84.23346036829055,30.833131045103073,49.34495674371719,1.5073761697858572,17262.810329437256,0.0,24.0,0.0,2.0,0.050000000000000044,1.3520413395017385,1.3437973130494356,0.027480105869472027
immediate_advantage_dqn,807,258,75.83649577200413,84.04948397912085,28.12113445997238,47.71536147594452,1.4775914186611772,15556.60718536377,0.0,23.0,0.0,0.0,0.050000000000000044,1.5255458913743496,1.5161589719355106,0.03128972288686782
immediate_advantage_dqn,807,259,69.10617078095675,83.95800999738276,27.65693359822035,41.449236899614334,1.4566973028704524,15739.837797164917,0.0,20.0,0.0,0.0,0.050000000000000044,1.7678300272673368,1.7565210778266191,0.0376964668976143
immediate_advantage_dqn,807,260,75.91785653680563,82.91370347738265,27.597732827067375,48.32012403011322,1.4635614268481731,15427.485034942627,0.0,23.0,0.0,1.0,0.050000000000000044,1.8426140770316124,1.8348240181803703,0.025966844521462917
immediate_advantage_dqn,807,261,74.90878094732761,82.29140705943108,27.874821819365025,47.0339592397213,1.4874137695878744,15882.220722198486,0.0,25.0,0.0,2.0,0.050000000000000044,1.483518484979868,1.475719839334488,0.025995514704845846
immediate_advantage_dqn,807,262,75.98078191429377,82.57899938292802,27.368225410580635,48.61255677938461,1.4938216395676136,16020.664024353027,0.0,22.0,0.0,1.0,0.050000000000000044,1.5046644769608974,1.4964561481028795,0.02736110013211146
immediate_advantage_dqn,807,263,74.76756356358528,82.03456272386015,28.42389726638794,46.34366647601128,1.483957172371447,16044.938381195068,0.0,21.0,0.0,3.0,0.050000000000000044,1.1146225146949291,1.1057176794856787,0.02968277654144913
immediate_advantage_dqn,807,264,80.8357545286417,81.36901183918118,28.98354510962963,51.85220956802368,1.4719484625384212,16041.802562713623,0.0,24.0,0.0,0.0,0.050000000000000044,1.3799884039908648,1.3700774237513542,0.033036554348655045
immediate_advantage_dqn,807,265,62.207758808135985,79.40699574664237,24.620228588581085,37.58753035366535,1.4043872486799955,14067.191749572754,0.0,20.0,0.0,1.0,0.050000000000000044,1.5740540735423565,1.565429549664259,0.028748373151756823
immediate_advantage_dqn,807,266,78.72606732845307,79.20128990165891,31.21490615606308,47.51116077005863,1.497513372451067,17224.597717285156,0.0,22.0,0.0,1.0,0.050000000000000044,1.857969343662262,1.8507205657660961,0.02416258491575718
immediate_advantage_dqn,807,267,95.95327307283878,79.79473710104824,31.03996467590332,64.91330850124359,1.579711014404893,17639.197708129883,0.0,29.0,0.0,0.0,0.050000000000000044,1.5579899288713932,1.549972951412201,0.026723206276074052
immediate_advantage_dqn,807,268,80.23588173091412,80.0349651374668,28.04534398764372,52.19053798913956,1.4982368648052216,15714.622497558594,0.0,24.0,0.0,0.0,0.050000000000000044,1.2981466483324766,1.2902014460414648,0.02648398175369948
immediate_advantage_dqn,807,269,76.9973382294178,79.84448663197459,28.461085557937622,48.5362521648407,1.487143186852336,15804.642559051514,0.0,24.0,0.0,1.0,0.050000000000000044,1.4790496155619621,1.4693973436951637,0.03217418468557298
immediate_advantage_dqn,807,270,77.47304576039315,78.6653863144666,28.383887261152267,49.089159005880354,1.4862616723403335,16146.03955078125,0.0,22.0,0.0,1.0,0.050000000000000044,1.4972070641815662,1.4892080333083868,0.026663427357561886
immediate_advantage_dqn,807,271,93.87939721345901,79.36180142551662,33.24118711054325,60.638210117816925,1.6038651196286082,18798.135540008545,0.0,28.0,0.0,0.0,0.050000000000000044,1.3671343009918928,1.3556501306593418,0.038280587759800255
immediate_advantage_dqn,807,272,81.18201225996017,79.85063965745272,29.179366931319237,52.00264513492584,1.5021078391000628,16087.458087921143,0.0,25.0,0.0,0.0,0.050000000000000044,1.7835184894502163,1.7722367458045483,0.03760579775553197
immediate_advantage_dqn,807,273,97.6735063135624,80.09227923959494,32.80549915134907,64.86800707280636,1.6188383484259248,18844.10785675049,0.0,29.0,0.0,2.0,0.050000000000000044,1.6406571008265018,1.634614184498787,0.020143040805123746
immediate_advantage_dqn,807,274,90.06371116638184,80.14948465809228,30.875934153795242,59.1877763569355,1.5625942135229707,17722.640384674072,0.0,27.0,0.0,4.0,0.050000000000000044,1.5460966899991035,1.5374239683151245,0.028909013140946627
immediate_advantage_dqn,807,275,80.75246877223253,80.0028651893884,29.919172890484333,50.833295941352844,1.529692699201405,16933.60243988037,0.0,25.0,0.0,0.0,0.050000000000000044,1.2935830745846033,1.2855852749198675,0.026659370749257505
immediate_advantage_dqn,807,276,78.12059399038553,80.03982731238008,26.74215082079172,51.37844285666942,1.453188979998231,15005.635875701904,0.0,23.0,0.0,2.0,0.050000000000000044,1.2694258857518435,1.25895013846457,0.034919137600809336
immediate_advantage_dqn,807,277,88.65733260959387,80.46378956496714,27.5477352514863,61.10959708988666,1.5348392156884074,16705.423179626465,0.0,26.0,0.0,2.0,0.050000000000000044,1.1965497843921185,1.1902319602668285,0.021059398481156677
immediate_advantage_dqn,807,278,87.10440069437027,81.02718481108546,30.82866457104683,56.27573737502098,1.5502463625743985,17315.717128753662,0.0,26.0,0.0,1.0,0.050000000000000044,1.6685208156704903,1.6595490295439959,0.029905938892625272
immediate_advantage_dqn,807,279,79.29955792427063,81.53685416825115,30.37916074693203,48.920397117733955,1.524327422492206,17144.49570083618,0.0,24.0,0.0,1.0,0.050000000000000044,1.4584840890020132,1.447924878448248,0.03519731853157282
immediate_advantage_dqn,807,280,67.68562419861556,81.12524255134166,27.429568894207478,40.25605499893427,1.4461897229775786,15290.136892318726,0.0,20.0,0.0,2.0,0.050000000000000044,1.5058587826788425,1.4963769670575857,0.03160604159347713
immediate_advantage_dqn,807,281,78.22649542242289,81.29112827509641,29.515038318932056,48.71145720779896,1.5147399613633752,16419.074840545654,0.0,23.0,0.0,0.0,0.050000000000000044,1.7470230646431446,1.7383426167070866,0.028934806352481246
immediate_advantage_dqn,807,282,80.68614326417446,81.52639634259046,28.290383644402027,52.39575918018818,1.4652302879840136,15824.995662689209,0.0,27.0,0.0,0.0,0.050000000000000044,1.3941076081246138,1.3876580204814672,0.021498608286492527
immediate_advantage_dqn,807,283,73.99395034462214,81.4877156816423,28.116744600236416,45.87720559537411,1.4598208544775844,15876.038089752197,0.0,23.0,0.0,2.0,0.050000000000000044,1.5130858477205038,1.5052015855908394,0.02628089184872806
immediate_advantage_dqn,807,284,96.57220889031888,82.27453839972615,33.99932003766298,62.57288911342621,1.610814238898456,19208.165985107422,0.0,27.0,0.0,2.0,0.050000000000000044,1.7648348938673735,1.7542926482856274,0.03514084953349084
immediate_advantage_dqn,807,285,85.26282627880573,83.42729177325964,29.708177976310253,55.55464841425419,1.515954445116222,16344.116050720215,0.0,26.0,0.0,0.0,0.050000000000000044,1.563589733093977,1.5521478801965714,0.038139502285048366
immediate_advantage_dqn,807,286,78.51298912912607,83.41663786329329,28.998932346701622,49.51405669301748,1.4937900938093662,16326.396137237549,0.0,23.0,0.0,2.0,0.050000000000000044,1.4066498298197985,1.3989045657217503,0.025817561894655228
immediate_advantage_dqn,807,287,92.39794121682644,83.23887127049267,30.701163724064827,61.696777164936066,1.5474460469558835,17208.93740463257,0.0,29.0,0.0,0.0,0.050000000000000044,1.830312266945839,1.82084172219038,0.03156844829209149
immediate_advantage_dqn,807,288,66.60737663507462,82.55744601570069,27.13087786734104,39.47649899125099,1.436619509011507,14879.521585464478,0.0,20.0,0.0,1.0,0.050000000000000044,1.5809569843113422,1.5709078051149845,0.033497267751954496
immediate_advantage_dqn,807,289,79.0517066001892,82.66016443423926,26.569677516818047,52.482028919458386,1.4476689752191305,15143.447406768799,0.0,24.0,0.0,2.0,0.050000000000000044,1.7138921171426773,1.7051196470856667,0.029241494950838387
immediate_advantage_dqn,807,290,94.90009453296662,83.53151687286794,31.34797330200672,63.55212070941925,1.5901832366362214,17844.4032497406,0.0,28.0,0.0,1.0,0.050000000000000044,1.6994360331445932,1.689241680316627,0.03398114372976124
immediate_advantage_dqn,807,291,78.43728593289852,82.75941130883992,27.77628043293953,50.66100612580776,1.4624876407906413,15557.880813598633,0.0,22.0,0.0,2.0,0.050000000000000044,1.565283626317978,1.5562511458992958,0.030108296079561114
immediate_advantage_dqn,807,292,84.15293597429991,82.9079574945569,29.59096496552229,54.56197091937065,1.506602954119444,16564.24306488037,0.0,26.0,0.0,1.0,0.050000000000000044,1.7385609671473503,1.7284009605646133,0.033866681274957955
immediate_advantage_dqn,807,293,84.44037141054869,82.24630074940623,31.233265213668346,53.20710642039776,1.546800789423287,17529.667860031128,0.0,24.0,0.0,2.0,0.050000000000000044,1.5598310828208923,1.5505691301077604,0.030873172683641315
immediate_advantage_dqn,807,294,90.27034083902836,82.25663223303856,30.717312589287758,59.5530285179615,1.5448904307559133,17267.993591308594,0.0,26.0,0.0,1.0,0.050000000000000044,1.4931226205080748,1.482705794274807,0.03472278080880642
immediate_advantage_dqn,807,295,91.70938391387463,82.80447799012066,32.88283275067806,58.826551580429076,1.5864432100206614,18497.012168884277,0.0,27.0,0.0,1.0,0.050000000000000044,1.9845867082476616,1.9730990678071976,0.03829208598472178
immediate_advantage_dqn,807,296,88.67802012860776,83.33234929703178,29.155278623104095,59.522741669416426,1.5927298637107015,17418.998250961304,0.0,26.0,0.0,1.0,0.050000000000000044,1.700751194730401,1.6939271427690983,0.02274679788388312
immediate_advantage_dqn,807,297,85.16136387884617,83.1575508604944,28.72157710790634,56.4397864729166,1.4844958763569593,16152.871795654297,0.0,27.0,0.0,1.0,0.050000000000000044,1.194023173302412,1.1855741124600172,0.028163572074845433
immediate_advantage_dqn,807,298,76.38863253742457,82.62176245264712,27.73051292449236,48.65811915099621,1.4498472502455115,15317.596157073975,0.0,25.0,0.0,1.0,0.050000000000000044,1.6849120818078518,1.6767260078340769,0.02728691033553332
immediate_advantage_dqn,807,299,87.59461954385043,83.0365155336261,29.123723931610584,58.47089550793171,1.5285167517140508,16539.813903808594,0.0,25.0,0.0,1.0,0.050000000000000044,1.301993403583765,1.292558703571558,0.031449001748114824
immediate_advantage_dqn,807,300,84.13330233842134,83.8588994406164,29.96325021237135,54.170052632689476,1.4948388719931245,16795.71209335327,0.0,25.0,0.0,1.0,0.050000000000000044,1.222042677924037,1.2124611865729094,0.03193825110793114
immediate_advantage_dqn,807,301,83.77920965850353,84.13653515242041,28.61313570290804,55.166073471307755,1.4482319233939052,16146.25461769104,0.0,27.0,0.0,0.0,0.050000000000000044,1.5588028207421303,1.551364079117775,0.02479580172803253
immediate_advantage_dqn,807,302,73.51580426096916,83.77801820226014,27.908369094133377,45.60743589699268,1.4626031843945384,15403.471027374268,0.0,23.0,0.0,0.0,0.050000000000000044,1.4789289515465498,1.4685669355094433,0.03454003157094121
immediate_advantage_dqn,807,303,74.12892546653748,83.7847669583559,28.709243804216385,45.41968155801296,1.4772218894213438,15878.531047821045,0.0,23.0,0.0,1.0,0.050000000000000044,1.3195680379867554,1.3111159298568964,0.0281737067271024
immediate_advantage_dqn,807,304,94.84236107766628,83.69827456772329,31.2866293117404,63.55573129653931,1.560040706768632,17457.662006378174,0.0,29.0,0.0,0.0,0.050000000000000044,1.760432880371809,1.749319663271308,0.03704405832104385
immediate_advantage_dqn,807,305,92.39003040641546,84.05463477410376,31.435237057507038,60.95479354262352,1.5788075318560004,18309.34272003174,0.0,28.0,0.0,1.0,0.050000000000000044,1.7394993677735329,1.7317677177488804,0.025772190419957042
immediate_advantage_dqn,807,306,77.74008914232255,84.0159897747636,28.11738133430481,49.622707763314246,1.5204777773469687,16726.777450561523,0.0,23.0,0.0,2.0,0.050000000000000044,1.4229638539254665,1.4145022872835398,0.028205263195559382
immediate_advantage_dqn,807,307,57.47749205827713,82.26996731683613,24.185884907841682,33.29160680770874,1.3477199170738459,13602.714546203613,0.0,18.0,0.0,1.0,0.050000000000000044,1.7967026624828577,1.785284960642457,0.038058981648646295
immediate_advantage_dqn,807,308,64.53167907893658,82.16618243902923,24.349222511053085,40.182456478476524,1.3823991641402245,13264.571409225464,0.0,21.0,0.0,0.0,0.050000000000000044,1.486393379047513,1.4778213165700436,0.028573572635650635
immediate_advantage_dqn,807,309,78.23825041204691,82.12550962962212,30.195398099720478,48.042852610349655,1.5262265307828784,16934.20626449585,0.0,22.0,0.0,0.0,0.050000000000000044,1.7946228086948395,1.7831063941121101,0.0383880726294592
immediate_advantage_dqn,807,310,90.46325980871916,81.90366789340973,29.679734237492085,60.7835256755352,1.5345553569495678,16708.03578567505,0.0,28.0,0.0,1.0,0.050000000000000044,1.6578042730689049,1.648551693186164,0.0308419595239684
immediate_advantage_dqn,807,311,61.04449747651815,81.03402847059071,26.09286116808653,34.95163677036762,1.3972501689568162,14365.616271972656,0.0,20.0,0.0,1.0,0.050000000000000044,1.8440270721912384,1.8355069234967232,0.028400556184351444
immediate_advantage_dqn,807,312,65.12999200224877,80.08288127198816,25.11694000661373,40.01305224895477,1.41032802965492,14300.384914398193,0.0,18.0,0.0,1.0,0.050000000000000044,1.9341575540602207,1.927576906979084,0.02193554979749024
immediate_advantage_dqn,807,313,80.74683441370726,79.8982044221461,29.63580072671175,51.11103379130363,1.4951704666018486,16613.868005752563,0.0,22.0,0.0,1.0,0.050000000000000044,1.8404253087937832,1.8301925417035818,0.03410916530992836
immediate_advantage_dqn,807,314,77.60188446938992,79.26478160366418,27.598867684602737,50.003016382455826,1.4348305501043797,15094.814487457275,0.0,24.0,0.0,0.0,0.050000000000000044,1.3567481022328138,1.3459686357527971,0.03593159362208098
immediate_advantage_dqn,807,315,95.69880929589272,79.46425287276507,31.9818267673254,63.71698272228241,1.5830023866146803,17905.126625061035,0.0,31.0,0.0,0.0,0.050000000000000044,1.6073641292750835,1.5973663181066513,0.033326031756587327
immediate_advantage_dqn,807,316,77.89748328179121,78.92522603042424,29.90239640325308,47.995087042450905,1.5311928940936923,17106.182914733887,0.0,24.0,0.0,0.0,0.050000000000000044,1.5533252842724323,1.544604443013668,0.029069524724036455
immediate_advantage_dqn,807,317,88.06437716633081,79.07037669479847,31.90733715891838,56.15704017877579,1.5577433332800865,17807.767936706543,0.0,26.0,0.0,0.0,0.050000000000000044,1.7873640935868025,1.775808049365878,0.0385200590826571
immediate_advantage_dqn,807,318,93.08162643015385,79.90502638943494,31.844510570168495,61.237116277217865,1.5590133126825094,18031.72085571289,0.0,29.0,0.0,0.0,0.050000000000000044,2.028939578682184,2.0186681281775236,0.034238098305650055
immediate_advantage_dqn,807,319,86.57352000623942,79.85397141255439,29.191904932260513,57.381614768505095,1.540654120966792,16761.77668952942,0.0,27.0,0.0,1.0,0.050000000000000044,1.772490818053484,1.7632915563881397,0.030664233956485987
immediate_advantage_dqn,807,320,76.2762071147561,79.46111665137113,26.04990054666996,50.22630651593208,1.4454805878922343,14914.834419250488,0.0,22.0,0.0,2.0,0.050000000000000044,1.7050993666052818,1.6941890362650156,0.0363677148707211
immediate_advantage_dqn,807,321,91.36708797514439,79.84051056720317,31.133544474840164,60.23354385793209,1.551474966108799,17408.0744304657,0.0,26.0,0.0,0.0,0.050000000000000044,1.2846318762749434,1.27440988086164,0.034073307062499225
immediate_advantage_dqn,807,322,87.43230032324792,80.53633537031712,29.614299848675728,57.81800034046173,1.526979949325323,16950.765285491943,0.0,26.0,0.0,2.0,0.050000000000000044,1.7118663284927607,1.700826108455658,0.036800776142627
immediate_advantage_dqn,807,323,76.8304969549179,80.67141394473613,26.356433525681496,50.474063637852666,1.4576804814860225,15364.757308959961,0.0,23.0,0.0,2.0,0.050000000000000044,1.4939875062555075,1.4830225370824337,0.036549898562952876
immediate_advantage_dqn,807,324,71.08605393767357,79.4835985877365,25.600618675351143,45.48543503880501,1.4171462319791317,14514.246166229248,0.0,22.0,0.0,1.0,0.050000000000000044,1.5050343554466963,1.4936996884644032,0.03778219630476087
immediate_advantage_dqn,807,325,101.35992394536734,79.93209326468408,33.92143493145704,67.43848910331727,1.609623946249485,19129.511905670166,0.0,30.0,0.0,1.0,0.050000000000000044,1.314798928797245,1.3044451419264078,0.034512634854763746
immediate_advantage_dqn,807,326,88.04351772516966,80.44726469382644,29.996239200234413,58.04727859199047,1.5027305008843541,16825.454845428467,0.0,26.0,0.0,1.0,0.050000000000000044,1.7259608805179596,1.713890764862299,0.04023373837117106
immediate_advantage_dqn,807,327,82.14386425167322,81.68058330349625,29.930769748985767,52.21309423446655,1.5200344324111938,16881.7121925354,0.0,23.0,0.0,0.0,0.050000000000000044,2.124793715775013,2.115621827542782,0.03057287388946861
immediate_advantage_dqn,807,328,85.66895079761744,82.73744688943029,29.811861023306847,55.85708982646465,1.505969449877739,16944.987564086914,0.0,25.0,0.0,2.0,0.050000000000000044,1.7792362421751022,1.7699303142726421,0.03101975447498262
immediate_advantage_dqn,807,329,76.39860051870346,82.64546439476312,28.46963721513748,47.92896343767643,1.471148150973022,16308.416801452637,0.0,23.0,0.0,2.0,0.050000000000000044,1.911595519632101,1.9035514071583748,0.026813675183802843
immediate_advantage_dqn,807,330,80.49668366461992,82.14713558755815,29.64353583753109,50.853147223591805,1.5522797973826528,17466.90813446045,0.0,26.0,0.0,1.0,0.050000000000000044,2.085291985422373,2.074040088802576,0.03750644519459456
immediate_advantage_dqn,807,331,79.88958347588778,83.08938988752664,25.36258076876402,54.52700239419937,1.4253174075856805,14538.134994506836,0.0,28.0,0.0,0.0,0.050000000000000044,1.5799226332455873,1.5727873407304287,0.023784250137396157
immediate_advantage_dqn,807,332,69.09427809119225,83.28760419197381,26.98704196512699,42.10723570883274,1.4362676655873656,15200.220737457275,0.0,21.0,0.0,1.0,0.050000000000000044,1.8966574501246214,1.8885932229459286,0.0268807738320902
immediate_advantage_dqn,807,333,84.58502943813801,83.47951394319534,28.538301050662994,56.04672873020172,1.505241152830422,16322.376514434814,0.0,25.0,0.0,1.0,0.050000000000000044,1.670872388407588,1.6624117456376553,0.02820217004045844
immediate_advantage_dqn,807,334,79.41689463853837,83.57026445165278,28.355741165578365,51.061153122782706,1.5048059280961752,16302.662460327148,0.0,26.0,0.0,2.0,0.050000000000000044,1.888800485059619,1.88009194098413,0.029028505901806056
immediate_advantage_dqn,807,335,76.98936606943607,82.63479229032995,28.55045337975025,48.438912481069565,1.4867366896942258,15876.337909698486,0.0,23.0,0.0,0.0,0.050000000000000044,1.5011128354817629,1.489758264273405,0.03784856549464166
immediate_advantage_dqn,807,336,85.62486941367388,83.02116159692407,29.284162998199463,56.340706408023834,1.502820597961545,16259.074352264404,0.0,27.0,0.0,0.0,0.050000000000000044,2.0548503156751394,2.0459365490823984,0.02971267350949347
immediate_advantage_dqn,807,337,77.44076750576497,82.48998111389578,28.749223470687866,48.691543692350386,1.487218851223588,15872.024154663086,0.0,23.0,0.0,1.0,0.050000000000000044,1.5859871488064528,1.5758204087615013,0.03388917737174779
immediate_advantage_dqn,807,338,100.8322443664074,82.87751201070846,34.81491247564554,66.01733210682869,1.6176928682252765,19224.33680343628,0.0,30.0,0.0,1.0,0.050000000000000044,2.058528434485197,2.0476101245731115,0.036394457798451185
immediate_advantage_dqn,807,339,74.46337378770113,82.27200469978155,28.526263758540154,45.937109887599945,1.4608021136373281,15626.853086471558,0.0,24.0,0.0,0.0,0.050000000000000044,1.6515113823115826,1.6415413413196802,0.0332335022976622
immediate_advantage_dqn,807,340,87.87261953949928,82.85182532101871,31.3363067060709,56.53631280362606,1.569202683866024,17713.200870513916,0.0,26.0,0.0,2.0,0.050000000000000044,1.364211404696107,1.3515556491911411,0.04218580271117389
immediate_advantage_dqn,807,341,93.21046441793442,82.94399414315819,31.17185766249895,62.038606494665146,1.5507148960605264,17873.336082458496,0.0,27.0,0.0,0.0,0.050000000000000044,1.8809000756591558,1.8712934777140617,0.03202199551742524
immediate_advantage_dqn,807,342,79.70191352814436,82.55747480340303,29.754410214722157,49.94750341773033,1.5232554441317916,16883.97403907776,0.0,25.0,0.0,1.0,0.050000000000000044,1.7774693854153156,1.7667357474565506,0.035778772667981684
immediate_advantage_dqn,807,343,94.48075162619352,83.43998753696681,32.61206904798746,61.868683099746704,1.5647560572251678,17952.79105758667,0.0,27.0,0.0,1.0,0.050000000000000044,2.04198001883924,2.0296747721731663,0.04101743863429874
immediate_advantage_dqn,807,344,81.7035349830985,83.97086158923805,30.800417728722095,50.90311720967293,1.5610695220530033,17354.713954925537,0.0,24.0,0.0,0.0,0.050000000000000044,1.636975860223174,1.6261292565613985,0.036155326990410686
immediate_advantage_dqn,807,345,62.748662354052065,82.04029850967228,25.016815952956676,37.73184620738029,1.400944046676159,14479.806247711182,0.0,18.0,0.0,1.0,0.050000000000000044,1.9837299715727568,1.9737633615732193,0.03322201804257929
immediate_advantage_dqn,807,346,80.46474352627993,81.6613597997278,29.25729040056467,51.207452872395514,1.4604354817420244,15796.57168006897,0.0,24.0,0.0,1.0,0.050000000000000044,1.9691917765885592,1.9599946029484272,0.030657249852083623
immediate_advantage_dqn,807,347,96.98951904475689,82.40364253938199,33.48397392779589,63.50554549694061,1.6541754379868507,19056.955451965332,0.0,27.0,0.0,0.0,0.050000000000000044,1.4960825517773628,1.4819466657936573,0.04711961653083563
immediate_advantage_dqn,807,348,91.05436293035746,82.67291314601898,34.09755001217127,56.95681241154671,1.606086978688836,19139.542221069336,0.0,26.0,0.0,0.0,0.050000000000000044,1.4813217837363482,1.4725438952445984,0.02925965515896678
immediate_advantage_dqn,807,349,93.69124154746532,83.53754519745708,31.725689083337784,61.9655519425869,1.5714296083897352,17799.854892730713,0.0,28.0,0.0,1.0,0.050000000000000044,1.487905839458108,1.478832134976983,0.03024567535612732
immediate_advantage_dqn,807,350,69.60028418898582,82.99272522367536,27.55713678151369,42.043147161602974,1.4537619445472956,15397.84380531311,0.0,22.0,0.0,1.0,0.050000000000000044,1.5961322076618671,1.5861944109201431,0.03312597644980997
immediate_advantage_dqn,807,351,95.15005014240742,83.75574855700135,35.05480246245861,60.09524702429771,1.6358130993321538,19764.01123046875,0.0,26.0,0.0,1.0,0.050000000000000044,1.8578121103346348,1.847854470834136,0.03319209162145853
immediate_advantage_dqn,807,352,80.20669684559107,84.31136949472129,29.858561031520367,50.348135858774185,1.527625703252852,17281.69151687622,0.0,23.0,0.0,1.0,0.050000000000000044,1.694350503385067,1.6855264864861965,0.029413380194455385
immediate_advantage_dqn,807,353,96.57337729036809,84.9107868873328,31.394435331225395,65.17894181013108,1.5849262168630958,17828.14347076416,0.0,30.0,0.0,3.0,0.050000000000000044,1.9466574396938086,1.9393749292939901,0.024275011848658323
immediate_advantage_dqn,807,354,89.92671350538731,85.43627783067527,31.33592526614666,58.59078853726387,1.5766851957887411,17956.957244873047,0.0,26.0,0.0,3.0,0.050000000000000044,1.734285518527031,1.7265709172934294,0.025715316995047033
immediate_advantage_dqn,807,355,81.92400488257408,85.68300977133215,28.10425616055727,53.819748774170876,1.5021866271272302,16267.355155944824,0.0,26.0,0.0,0.0,0.050000000000000044,2.1493953615427017,2.138360682874918,0.036782261449843645
immediate_advantage_dqn,807,356,74.42658667713404,85.12309563450516,27.1456391364336,47.28094756305218,1.4778987532481551,15571.0922164917,0.0,21.0,0.0,3.0,0.050000000000000044,1.835389195010066,1.8224504683166742,0.04312902339734137
immediate_advantage_dqn,807,357,83.22391250878573,85.4122528846562,29.4013786688447,53.82253416776657,1.5632541989907622,16973.8257522583,0.0,23.0,0.0,2.0,0.050000000000000044,1.5741720534861088,1.563375812023878,0.03598743851762265
immediate_advantage_dqn,807,358,82.99699269235134,84.5204903009534,29.725097730755806,53.271894693374634,1.5122612798586488,16872.63766860962,0.0,23.0,0.0,0.0,0.050000000000000044,1.748584073036909,1.7391079515218735,0.03158700908534229
immediate_advantage_dqn,807,359,74.9347215294838,84.54405768804253,28.643288776278496,46.29143273830414,1.4788319859653711,16430.18009185791,0.0,24.0,0.0,0.0,0.050000000000000044,1.7704182025045156,1.7606943100690842,0.032413076842203736
immediate_advantage_dqn,807,360,92.69449737071992,84.78515157960355,31.233588345348835,61.46090925633907,1.5502379592508078,17838.113258361816,0.0,30.0,0.0,1.0,0.050000000000000044,2.129639759659767,2.121920084580779,0.02573233877774328
immediate_advantage_dqn,807,361,90.50833698362112,84.6500452078879,31.8972555026412,58.61108173429966,1.584189441986382,18623.575984954834,0.0,27.0,0.0,0.0,0.050000000000000044,1.8914670795202255,1.878602921962738,0.04288049170281738
immediate_advantage_dqn,807,362,86.64127305299044,84.9970131841302,29.613448806107044,57.027824559807776,1.5060992557555437,17036.664546966553,0.0,26.0,0.0,3.0,0.050000000000000044,1.6182368714362383,1.6089667547494173,0.030900386511348188
immediate_advantage_dqn,807,363,87.32750041931868,84.63935062378646,29.89739480614662,57.4301054418087,1.5112921232357621,16768.113779067993,0.0,25.0,0.0,2.0,0.050000000000000044,1.4436030481010675,1.4325635451823473,0.03679835668299347
immediate_advantage_dqn,807,364,92.54340233057738,85.1813439911604,30.89418325573206,61.64921904504299,1.561657060869038,17497.714401245117,0.0,27.0,0.0,1.0,0.050000000000000044,1.734892938286066,1.722563797608018,0.04109720163978636
immediate_advantage_dqn,807,365,74.23885600417853,85.75585367366673,29.218175649642944,45.02068003416061,1.467774037271738,16404.760997772217,0.0,23.0,0.0,1.0,0.050000000000000044,1.241227189078927,1.234038356691599,0.023962755571119487
immediate_advantage_dqn,807,366,69.31270041316748,85.1982515180111,27.16587357223034,42.14682698249817,1.4249999895691872,15367.759300231934,0.0,22.0,0.0,1.0,0.050000000000000044,1.6166000179946423,1.603527195751667,0.04357612470630556
immediate_advantage_dqn,807,367,68.8365753158927,83.79060433156789,26.795037277042866,42.04153790473938,1.4637651005759835,15365.456718444824,0.0,20.0,0.0,1.0,0.050000000000000044,1.9855331871658564,1.976231999695301,0.031003938289359212
immediate_advantage_dqn,807,368,75.236405813694,82.99970647573473,28.83572408556938,46.40068147480488,1.4661259101703763,16004.80676651001,0.0,23.0,0.0,2.0,0.050000000000000044,1.592736380174756,1.5812511388212442,0.038284106994979084
immediate_advantage_dqn,807,369,87.9198227673769,82.71113553673031,31.153724268078804,56.76609829068184,1.5785921961069107,18024.660648345947,0.0,28.0,0.0,1.0,0.050000000000000044,1.590297058224678,1.580357139930129,0.03313302714377642
immediate_advantage_dqn,807,370,61.74741009622812,82.3184918320924,26.55865976959467,35.188750609755516,1.429158141836524,14820.304349899292,0.0,18.0,0.0,0.0,0.050000000000000044,1.6471672914922237,1.63607132807374,0.03698655089829117
immediate_advantage_dqn,807,371,98.84243451058865,82.50311105050147,33.356415823102,65.48601865768433,1.6342233624309301,19175.696243286133,0.0,29.0,0.0,0.0,0.050000000000000044,1.4237131960690022,1.4113542959094048,0.0411963741062209
immediate_advantage_dqn,807,372,95.91733707487583,83.2886430619657,33.53601750731468,62.381319373846054,1.6110485838726163,19006.568450927734,0.0,27.0,0.0,1.0,0.050000000000000044,1.5074473544955254,1.4977988544851542,0.03216168947983533
immediate_advantage_dqn,807,373,78.2142391577363,82.37068615533413,29.92265021800995,48.29158931970596,1.508748734369874,16612.468452453613,0.0,24.0,0.0,1.0,0.050000000000000044,1.677502565085888,1.6645865719765425,0.043053324916400015
immediate_advantage_dqn,807,374,82.17378084361553,81.98303952224553,29.842733502388,52.3310467004776,1.5190066369250417,16911.491455078125,0.0,25.0,0.0,0.0,0.050000000000000044,1.6342887114733458,1.6241446267813444,0.03381354711018503
immediate_advantage_dqn,807,375,74.98464182168246,81.63607136920095,26.547333985567093,48.437307679653166,1.4370651915669441,15194.259540557861,0.0,23.0,0.0,2.0,0.050000000000000044,2.1051215045154095,2.095583774149418,0.03179250471293926
immediate_advantage_dqn,807,376,81.58072043955326,81.99377805732192,29.63159865885973,51.94912229478359,1.5207613902166486,16425.073181152344,0.0,24.0,0.0,0.0,0.050000000000000044,2.133219562470913,2.119269823655486,0.04649924684781581
immediate_advantage_dqn,807,377,88.49324564039708,82.2572447139025,30.89969965815544,57.59354596734047,1.5477518728002906,17524.420225143433,0.0,24.0,0.0,4.0,0.050000000000000044,2.168493203818798,2.157909953966737,0.03527750470675528
immediate_advantage_dqn,807,378,99.03280101716518,83.05903513014319,32.86508597433567,66.16771504282951,1.5941900881007314,18578.20539855957,0.0,29.0,0.0,0.0,0.050000000000000044,1.800717057660222,1.7869929447770119,0.04574703529942781
immediate_advantage_dqn,807,379,63.24593576043844,82.4745958416909,26.1765001937747,37.06943553686142,1.414109192788601,14378.247528076172,0.0,19.0,0.0,0.0,0.050000000000000044,1.874678673222661,1.863189909607172,0.03829591267276555
immediate_advantage_dqn,807,380,76.94133583456278,81.68693776488306,27.72275698184967,49.218579322099686,1.4952325001358986,16081.158561706543,0.0,24.0,0.0,0.0,0.050000000000000044,2.0308669060468674,2.0201813708990812,0.0356184730771929
immediate_advantage_dqn,807,381,83.67427696287632,81.34523476384581,28.64001190662384,55.03426477313042,1.5012030228972435,16062.267658233643,0.0,26.0,0.0,0.0,0.050000000000000044,1.6638602335005999,1.6512874122709036,0.04190940328408033
immediate_advantage_dqn,807,382,77.6533759996295,80.89583991117777,28.05002561956644,49.60335015654564,1.4622428240254521,15584.441473007202,0.0,26.0,0.0,1.0,0.050000000000000044,1.89937212318182,1.8867242336273193,0.04215960274450481
immediate_advantage_dqn,807,383,98.65506810843945,81.4622182956338,33.11519055068493,65.53987728953362,1.6098387958481908,18884.31755065918,0.0,29.0,0.0,2.0,0.050000000000000044,1.8732708171010017,1.8648683726787567,0.028008113615214825
immediate_advantage_dqn,807,384,69.2637245208025,80.29823440514505,28.4735117405653,40.79021283984184,1.460533936508,15836.73913192749,0.0,20.0,0.0,0.0,0.050000000000000044,1.3772077895700932,1.364182237535715,0.04341845051385462
immediate_advantage_dqn,807,385,84.54244447499514,80.81341382868588,29.12693078070879,55.41551375389099,1.5065832985565066,16967.154346466064,0.0,25.0,0.0,0.0,0.050000000000000044,1.7365391701459885,1.7276651971042156,0.029580010334029794
immediate_advantage_dqn,807,386,77.07266785949469,81.20141220100224,29.12727864831686,47.94538952410221,1.484418979845941,16715.082221984863,0.0,23.0,0.0,0.0,0.050000000000000044,1.8355782106518745,1.8246958181262016,0.0362746452447027
immediate_advantage_dqn,807,387,97.89500080049038,82.65433347523212,31.408285170793533,66.48671594262123,1.5568315209820867,17689.02292060852,0.0,31.0,0.0,0.0,0.050000000000000044,1.5005312506109476,1.4864249713718891,0.04702096281107515
immediate_advantage_dqn,807,388,83.68840028494597,83.07693319879472,30.054941587150097,53.63345921933651,1.5461812261492014,17215.51030731201,0.0,25.0,0.0,3.0,0.050000000000000044,1.7889763340353966,1.7767312973737717,0.0408168324502185
immediate_advantage_dqn,807,389,79.76189485192299,82.66903680302202,29.252972714602947,50.50892201066017,1.4966645753011107,16465.15241241455,0.0,23.0,0.0,1.0,0.050000000000000044,1.827370347455144,1.8169016055762768,0.034895784221589565
immediate_advantage_dqn,807,390,73.35905254781247,83.24961892560125,27.838781893253326,45.52027095258236,1.4689153302460909,15712.84037399292,0.0,22.0,0.0,2.0,0.050000000000000044,1.7427619397640228,1.7342825457453728,0.02826461079530418
immediate_advantage_dqn,807,391,83.0903528213501,82.46201484113932,27.673631750047207,55.41672088503837,1.435781005769968,15465.627544403076,0.0,24.0,0.0,2.0,0.050000000000000044,1.7677110582590103,1.7567454129457474,0.0365522273350507
immediate_advantage_dqn,807,392,75.2893512994051,81.43061555236578,27.2393908649683,48.04996000230312,1.4566246047616005,15493.057273864746,0.0,22.0,0.0,0.0,0.050000000000000044,1.8729306273162365,1.8618104718625546,0.037067213910631835
immediate_advantage_dqn,807,393,85.9266895800829,81.8162380734831,29.674326963722706,56.25236289203167,1.5165515011176467,16544.223796844482,0.0,26.0,0.0,0.0,0.050000000000000044,2.178672306239605,2.1678455248475075,0.036089224624447525
immediate_advantage_dqn,807,394,78.59539941698313,81.63731900215149,27.955352433025837,50.640047281980515,1.4591925516724586,15795.865770339966,0.0,23.0,0.0,0.0,0.050000000000000044,1.462175216525793,1.4521647784858942,0.033368117292411625
immediate_advantage_dqn,807,395,59.01892028003931,80.83903292506933,24.866992250084877,34.15192751586437,1.3870698865503073,13905.304702758789,0.0,19.0,0.0,0.0,0.050000000000000044,1.4253393094986677,1.4132732022553682,0.04022035433445126
immediate_advantage_dqn,807,396,75.42972998470069,80.5314834023267,28.5729703232646,46.85675906538963,1.4927549827843904,16423.4448223114,0.0,22.0,0.0,1.0,0.050000000000000044,1.7646581251174212,1.752780307084322,0.03959271858911961
immediate_advantage_dqn,807,397,69.3985896885395,79.57675060473383,27.074254743754864,42.32433507144451,1.4365052562206984,15230.955656051636,0.0,23.0,0.0,2.0,0.050000000000000044,2.0195110514760017,2.008182229474187,0.037762824329547584
immediate_advantage_dqn,807,398,83.22289502024651,78.7862553048879,30.300206631422043,52.92268838882446,1.5297524919733405,17401.45066833496,0.0,23.0,0.0,1.0,0.050000000000000044,2.0752402525395155,2.0641870573163033,0.03684401768259704
immediate_advantage_dqn,807,399,88.84958593696356,80.06643781371416,30.90473736077547,57.94484862089157,1.531948464922607,17701.766273498535,0.0,27.0,0.0,3.0,0.050000000000000044,2.139784900471568,2.12940688803792,0.034593385993503034
immediate_advantage_dqn,807,400,62.950091804563996,79.36687561221422,25.899204291403294,37.05088725984096,1.3819899903610349,13976.05835723877,0.0,19.0,0.0,3.0,0.050000000000000044,2.2850163392722607,2.2733835764229298,0.03877583332359791
immediate_advantage_dqn,807,401,69.50544871687889,78.65843419991434,24.60106234252453,44.90438625514507,1.3984062066301703,14664.051149368286,0.0,22.0,0.0,3.0,0.050000000000000044,1.6369989681988955,1.6260395385324955,0.03653144300915301
immediate_advantage_dqn,807,402,87.0027519389987,79.1259029968828,30.74290133267641,56.259850487113,1.5488895662128925,17485.84157562256,0.0,27.0,0.0,0.0,0.050000000000000044,1.7345828618854284,1.7217334546148777,0.04283137689344585
immediate_advantage_dqn,807,403,81.13991173356771,78.2501451781392,28.853807099163532,52.28610444068909,1.4916036603972316,16500.59613418579,0.0,23.0,0.0,1.0,0.050000000000000044,1.9916899017989635,1.9813644848763943,0.03441805928014219
immediate_advantage_dqn,807,404,70.29234135299922,78.30157601974905,26.748832516372204,43.543509089946745,1.4532965514808893,15430.31566619873,0.0,20.0,0.0,3.0,0.050000000000000044,1.5870917793363333,1.576974792405963,0.03372327366378158
immediate_advantage_dqn,807,405,65.18592397123575,77.33374999456109,27.246336959302425,37.939586371183395,1.4295741124078631,15290.120571136475,0.0,20.0,0.0,1.0,0.050000000000000044,2.0180008187890053,2.0039011761546135,0.04699878836981952
immediate_advantage_dqn,807,406,96.75812527537346,78.31802286535502,31.96452996134758,64.7935955375433,1.6025783699005842,18619.955150604248,0.0,30.0,0.0,0.0,0.050000000000000044,2.042996369302273,2.033997045829892,0.029997745295986533
immediate_advantage_dqn,807,407,59.55568389892578,76.4010570202768,24.542346864938736,35.01333721280098,1.358645704574883,13719.327842712402,0.0,17.0,0.0,2.0,0.050000000000000044,1.7902548965066671,1.7795609813183546,0.03564640448894352
immediate_advantage_dqn,807,408,76.24251820892096,76.02876291647553,28.532055117189884,47.71046333014965,1.4968839213252068,16234.370712280273,0.0,24.0,0.0,0.0,0.050000000000000044,2.130145760253072,2.117496434599161,0.042164379730820656
immediate_advantage_dqn,807,409,90.64147393405437,76.5727418705821,31.58694714307785,59.05452707409859,1.5506585072726011,17754.047611236572,0.0,29.0,0.0,2.0,0.050000000000000044,1.6949652060866356,1.6836482770740986,0.03772310179192573
immediate_advantage_dqn,807,410,76.53573072254657,76.7315757793188,28.449350520968437,48.08637996315956,1.514793774113059,16518.784748077393,0.0,22.0,0.0,2.0,0.050000000000000044,1.8910138867795467,1.8804558329284191,0.035193484858609736
immediate_advantage_dqn,807,411,91.76773291230202,77.16544478386642,31.24924609810114,60.518486672639845,1.5848647532984614,18216.89980316162,0.0,25.0,0.0,2.0,0.050000000000000044,1.5733544379472733,1.5627407040446997,0.035379157634451985
immediate_advantage_dqn,807,412,88.53223462700844,77.82758895024658,31.06228668987751,57.4699478328228,1.5495464215055108,17387.001876831055,0.0,27.0,0.0,3.0,0.050000000000000044,1.802294872701168,1.789635656401515,0.0421974437776953
immediate_advantage_dqn,807,413,78.10115305483342,77.43631212398411,28.079036563634872,50.0221162378788,1.4925793362781405,16188.705276489258,0.0,22.0,0.0,1.0,0.050000000000000044,2.080276273190975,2.07004813849926,0.03409373573958874
immediate_advantage_dqn,807,414,92.33391703665257,78.12323800496758,30.65501034259796,61.67890730500221,1.5511906519532204,17814.146392822266,0.0,28.0,0.0,1.0,0.050000000000000044,2.003635035827756,1.9920249823480844,0.03870024543721229
immediate_advantage_dqn,807,415,79.24290722608566,79.13443735226988,28.879651062190533,50.36325666308403,1.4770689960569143,16031.846050262451,0.0,25.0,0.0,0.0,0.050000000000000044,1.913383573293686,1.9009411074221134,0.041474838624708354
immediate_advantage_dqn,807,416,81.44732048362494,79.43531687721611,28.180779092013836,53.26654142141342,1.4858314311131835,16116.899227142334,0.0,25.0,0.0,0.0,0.050000000000000044,1.9578995108604431,1.9471618235111237,0.03579221456311643
immediate_advantage_dqn,807,417,83.26747820526361,80.1287613030523,30.917107738554478,52.35037052631378,1.5535710752010345,17409.607543945312,0.0,25.0,0.0,0.0,0.050000000000000044,1.6859255582094193,1.6736418902873993,0.04094555275514722
immediate_advantage_dqn,807,418,68.0433893069625,79.36978601738811,27.82418515533209,40.219204226136206,1.4661297500133514,15785.178268432617,0.0,19.0,0.0,2.0,0.050000000000000044,1.646803254261613,1.6368113104254007,0.033306455123238266
immediate_advantage_dqn,807,419,72.1759827375412,78.53610585741701,27.414432302117348,44.761550241708754,1.4360939366742969,15597.209163665771,0.0,22.0,0.0,1.0,0.050000000000000044,1.4021907579153776,1.391280461102724,0.036367587046697736
immediate_advantage_dqn,807,420,89.45611111819744,79.86140682309868,30.201226331293583,59.254885509610176,1.5047880029305816,16907.398357391357,0.0,28.0,0.0,0.0,0.050000000000000044,1.888048017397523,1.8764661345630884,0.038606342393904924
immediate_advantage_dqn,807,421,63.56307875365019,79.56428832493722,26.747653625905514,36.81542520225048,1.4013681840151548,14239.725536346436,0.0,19.0,0.0,0.0,0.050000000000000044,1.8605368882417679,1.8467826154083014,0.045847608940675855
immediate_advantage_dqn,807,422,94.51513566076756,79.93990751102567,31.77020039409399,62.74493545293808,1.575759899802506,18217.881565093994,0.0,28.0,0.0,0.0,0.050000000000000044,1.6731266528367996,1.6641036793589592,0.030076476279646158
immediate_advantage_dqn,807,423,92.46880088150502,80.50635196842254,33.007470436394215,59.46133013963699,1.5860924581065774,18760.969409942627,0.0,28.0,0.0,1.0,0.050000000000000044,1.5359764732420444,1.5226166564971209,0.04453262407332659
immediate_advantage_dqn,807,424,78.42749921381474,80.91310986146331,28.027447178959846,50.40005184113979,1.4717776393517852,16288.122486114502,0.0,25.0,0.0,1.0,0.050000000000000044,2.104542573913932,2.0932512506842613,0.03763770905788988
immediate_advantage_dqn,807,425,94.33237751722336,82.3704325387627,32.39957509934902,61.93280210494995,1.5968670537695289,18764.402896881104,0.0,27.0,0.0,1.0,0.050000000000000044,1.933241318911314,1.9223685301840305,0.036242580972611904
immediate_advantage_dqn,807,426,81.95453653484583,81.63025310173632,28.90577558428049,53.048760667443275,1.5109925381839275,16419.399341583252,0.0,25.0,0.0,0.0,0.050000000000000044,1.8312843274325132,1.8205643631517887,0.03573322854936123
immediate_advantage_dqn,807,427,90.10246761143208,83.15759228736162,30.228041291236877,59.87442626059055,1.5295583829283714,16876.75762939453,0.0,28.0,0.0,0.0,0.050000000000000044,1.7788414247334003,1.7663237228989601,0.04172574577387422
immediate_advantage_dqn,807,428,76.34719774127007,83.16282626397908,26.496219754219055,49.85097794234753,1.43659214861691,15210.179878234863,0.0,24.0,0.0,0.0,0.050000000000000044,1.8785479385405779,1.8673901353031397,0.037192683201283216
immediate_advantage_dqn,807,429,91.6533325612545,83.21341919533909,31.893187515437603,59.760144263505936,1.5966409351676702,18481.75171661377,0.0,27.0,0.0,1.0,0.050000000000000044,1.9133017100393772,1.9017140977084637,0.03862541075795889
immediate_advantage_dqn,807,430,90.13871859312057,83.89356858886778,29.61939162760973,60.51932715177536,1.5576336942613125,17417.344261169434,0.0,27.0,0.0,2.0,0.050000000000000044,1.6995300948619843,1.6872959733009338,0.04078050353564322
immediate_advantage_dqn,807,431,94.30978986620903,84.02067143656313,33.96963372826576,60.340155988931656,1.628747072070837,19549.265186309814,0.0,27.0,0.0,3.0,0.050000000000000044,1.8902237471193075,1.87860825099051,0.038718277239240706
immediate_advantage_dqn,807,432,82.51922123134136,83.72002076677978,28.556863337755203,53.96235719323158,1.47455826215446,16307.14841079712,0.0,24.0,0.0,0.0,0.050000000000000044,2.0486183892935514,2.037282593548298,0.037785961758345366
immediate_advantage_dqn,807,433,83.57712418735028,83.99381932340563,30.635984614491463,52.94113954305649,1.5385097535327077,17618.851524353027,0.0,23.0,0.0,1.0,0.050000000000000044,1.7108003180474043,1.7000124529004097,0.035959578468464315
immediate_advantage_dqn,807,434,76.30274277925491,83.19226061053575,26.016461730003357,50.286281153559685,1.4758279966190457,15364.898700714111,0.0,23.0,0.0,0.0,0.050000000000000044,1.8528760876506567,1.841431900858879,0.03814725356642157
immediate_advantage_dqn,807,435,68.67393388599157,82.66381194353104,26.779722452163696,41.89421163499355,1.462945225648582,15162.398725509644,0.0,22.0,0.0,0.0,0.050000000000000044,1.8437590394169092,1.8271663188934326,0.0553090552566573
immediate_advantage_dqn,807,436,76.94350557029247,82.43862119786442,27.949084348976612,48.99442107975483,1.4814101606607437,15914.119857788086,0.0,22.0,0.0,0.0,0.050000000000000044,1.8705747351050377,1.8591382540762424,0.038121609832160175
immediate_advantage_dqn,807,437,86.28523515164852,82.58950904518366,31.570673033595085,54.71456252038479,1.5442652646452188,17743.19207763672,0.0,26.0,0.0,0.0,0.050000000000000044,1.7712945267558098,1.7581355720758438,0.043863192899152637
immediate_advantage_dqn,807,438,105.44709591567516,84.4596943756193,34.73187540471554,70.71522060036659,1.6465680059045553,19827.857788085938,0.0,31.0,0.0,0.0,0.050000000000000044,1.9756113775074482,1.965036641806364,0.03524906071834266
immediate_advantage_dqn,807,439,92.18196949511767,85.45999371349812,29.68244732171297,62.49952202439308,1.5250828778371215,17006.850551605225,0.0,27.0,0.0,2.0,0.050000000000000044,1.5451270658522844,1.5331355351954699,0.039971764665097
immediate_advantage_dqn,807,440,83.1375255137682,85.14406443327667,26.922032967209816,56.21549241244793,1.4561950666829944,15592.186000823975,0.0,27.0,0.0,0.0,0.050000000000000044,2.2974119540303946,2.284640086814761,0.042572890873998404
immediate_advantage_dqn,807,441,89.86157087385655,86.45898903928699,31.999201387166977,57.8623696655035,1.5563772171735764,18118.61577606201,0.0,27.0,0.0,1.0,0.050000000000000044,1.8845755998045206,1.8757024575024843,0.029577122535556555
immediate_advantage_dqn,807,442,83.27519981563091,85.89699224703016,28.891111835837364,54.384087577462196,1.4779680529609323,16060.099193572998,0.0,25.0,0.0,1.0,0.050000000000000044,1.7995491735637188,1.788944024592638,0.03535050735808909
immediate_advantage_dqn,807,443,70.68173959478736,84.80763918269426,27.292109560221434,43.38962982594967,1.4215514166280627,14959.024587631226,0.0,22.0,0.0,1.0,0.050000000000000044,1.7100694961845875,1.695174990221858,0.04964839527383447
immediate_advantage_dqn,807,444,72.96038047969341,84.53428324598819,27.922840893268585,45.03753940761089,1.4398957258090377,15535.255546569824,0.0,23.0,0.0,0.0,0.050000000000000044,2.068736631423235,2.0572819896042347,0.038182110292837024
immediate_advantage_dqn,807,445,76.38750221580267,83.63703948091715,27.35698715597391,49.03051473200321,1.428567798808217,15201.4225730896,0.0,26.0,0.0,1.0,0.050000000000000044,1.597926890477538,1.5846251547336578,0.044339162297546864
immediate_advantage_dqn,807,446,84.1626405864954,83.74744468349964,32.114568665623665,52.04807223379612,1.5633679470047355,17742.00418281555,0.0,24.0,0.0,0.0,0.050000000000000044,2.633431190624833,2.6221575681120157,0.03757870534900576
immediate_advantage_dqn,807,447,79.33073437958956,83.2088580219075,28.875306755304337,50.45542801916599,1.5050406586378813,16949.773181915283,0.0,23.0,0.0,0.0,0.050000000000000044,1.996062470600009,1.9807247389107943,0.051125748781487346
immediate_advantage_dqn,807,448,60.59283838570118,82.42114005412907,25.415727578103542,35.17711075544357,1.3743838304653764,14107.582691192627,0.0,18.0,0.0,1.0,0.050000000000000044,1.7007365562021732,1.6911518666893244,0.0319489975227043
immediate_advantage_dqn,807,449,88.82705894857645,82.27982637349517,31.084847651422024,57.74221137166023,1.527532383799553,17812.471794128418,0.0,27.0,0.0,0.0,0.050000000000000044,1.7853359337896109,1.774274330586195,0.036872055497951806
immediate_advantage_dqn,807,450,83.62882992178201,81.95433193992824,30.49895391613245,53.129875901341435,1.529803404584527,17287.66932106018,0.0,24.0,0.0,2.0,0.050000000000000044,1.7447806652635336,1.731290902942419,0.04496592120267451
immediate_advantage_dqn,807,451,82.54444751888514,81.36606482256204,27.731722235679626,54.81272557377815,1.4692883118987083,15912.398700714111,0.0,25.0,0.0,1.0,0.050000000000000044,1.652013661339879,1.640188692137599,0.03941661538556218
immediate_advantage_dqn,807,452,59.09670879691839,80.19493920084088,24.47361931949854,34.62308977544308,1.3583433041349053,13990.761423110962,0.0,20.0,0.0,0.0,0.050000000000000044,2.0081874523311853,1.995493769645691,0.04231232567690313
immediate_advantage_dqn,807,453,78.88533821702003,79.96034990232438,30.002626359462738,48.8827121257782,1.5089342650026083,16780.849475860596,0.0,24.0,0.0,1.0,0.050000000000000044,1.9971998557448387,1.986859755590558,0.034466986544430256
immediate_advantage_dqn,807,454,84.46072491407395,80.36824900906534,27.805159762501717,56.65556494295597,1.499650320969522,16270.393871307373,0.0,26.0,0.0,1.0,0.050000000000000044,1.6673940680921078,1.6578480917960405,0.03181989549193531
immediate_advantage_dqn,807,455,76.8202049523592,80.77556256238373,28.2450168132782,48.57518797516823,1.4889660980552435,16131.765018463135,0.0,24.0,0.0,1.0,0.050000000000000044,1.8077362664043903,1.7991465702652931,0.028632341185584664
immediate_advantage_dqn,807,456,84.22482729107142,81.13962864842267,30.30161801725626,53.92320969104767,1.5455861603841186,17398.65034866333,0.0,25.0,0.0,1.0,0.050000000000000044,2.1387046352028847,2.1294240057468414,0.030935371294617653
immediate_advantage_dqn,807,457,64.20557427555323,80.03564560461791,25.75920244306326,38.44637172818184,1.4360251044854522,15034.213478088379,0.0,19.0,0.0,1.0,0.050000000000000044,1.8852912727743387,1.8766695521771908,0.02873908937908709
immediate_advantage_dqn,807,458,90.91505276411772,79.30904344704004,34.574057407677174,56.34099508821964,1.5886860666796565,19186.741580963135,0.0,25.0,0.0,1.0,0.050000000000000044,1.7761561665683985,1.764201108366251,0.03985017980448902
immediate_advantage_dqn,807,459,65.63750863224269,77.9818204038963,26.42789103090763,39.20961751937866,1.4366939049214125,15284.419857025146,0.0,20.0,0.0,2.0,0.050000000000000044,1.4842825960367918,1.4755142759531736,0.029227789491415024
immediate_advantage_dqn,807,460,65.6614266499877,77.10801546070726,26.194343857467175,39.46708274781704,1.3994379425421357,14357.965705871582,0.0,19.0,0.0,2.0,0.050000000000000044,1.6288718581199646,1.6170310340821743,0.03946938877925277
immediate_advantage_dqn,807,461,76.12396617233753,76.4211352256313,28.03671732544899,48.08724868297577,1.4505597865208983,15620.961126327515,0.0,24.0,0.0,2.0,0.050000000000000044,1.724249066784978,1.7125526182353497,0.03898813819978386
immediate_advantage_dqn,807,462,81.71273104846478,76.34301178727301,28.07057873904705,53.6421522796154,1.5208539552986622,16806.514068603516,0.0,24.0,0.0,0.0,0.050000000000000044,1.8688677717000246,1.8555681593716145,0.044332053046673536
immediate_advantage_dqn,807,463,80.7680715918541,76.84732838712634,28.864167146384716,51.903904020786285,1.4766223272308707,16189.897197723389,0.0,26.0,0.0,0.0,0.050000000000000044,2.234904181212187,2.218742484226823,0.05387239600531757
immediate_advantage_dqn,807,464,98.31911147534848,78.11526493690909,34.25504344701767,64.06406799852849,1.6134880995377898,19220.242294311523,0.0,27.0,0.0,2.0,0.050000000000000044,1.8795473333448172,1.8669608943164349,0.041954755783081055
immediate_advantage_dqn,807,465,66.39205017983913,77.6154923351109,25.05389764904976,41.3381529033184,1.381694020703435,14497.792510986328,0.0,22.0,0.0,2.0,0.050000000000000044,1.8564315736293793,1.8469972480088472,0.03144778253044933
immediate_advantage_dqn,807,466,82.41486729681492,77.52810367062689,30.765277862548828,51.64958927035332,1.5445784348994493,17822.61627960205,0.0,25.0,0.0,2.0,0.050000000000000044,1.9947419911623,1.984088847413659,0.035510496934875846
immediate_advantage_dqn,807,467,80.87262637168169,77.6051982702315,31.132510386407375,49.740115597844124,1.5545179136097431,17317.126762390137,0.0,23.0,0.0,2.0,0.050000000000000044,1.7729094550013542,1.7588607389479876,0.04682892735581845
immediate_advantage_dqn,807,468,90.18631029129028,79.08487186551093,31.060221031308174,59.126089572906494,1.557982343249023,17636.46306991577,0.0,27.0,0.0,1.0,0.050000000000000044,1.9921991303563118,1.9818214178085327,0.03459244221448898
immediate_advantage_dqn,807,469,63.36861328035593,77.81194958209991,25.593909852206707,37.77470341324806,1.4569482114166021,15145.22652053833,0.0,19.0,0.0,1.0,0.050000000000000044,2.102577058598399,2.092061135917902,0.03505313827190548
immediate_advantage_dqn,807,470,80.96441775709391,77.67872897386552,29.817599199712276,51.14681873619556,1.5223751962184906,17280.375019073486,0.0,25.0,0.0,3.0,0.050000000000000044,1.4174104761332273,1.4053136073052883,0.040322877117432654
immediate_advantage_dqn,807,471,73.1865581870079,77.21083450727164,27.822656460106373,45.363901287317276,1.4505164390429854,15854.101547241211,0.0,21.0,0.0,0.0,0.050000000000000044,1.5726834256201982,1.5616951268166304,0.036627691122703254
immediate_advantage_dqn,807,472,76.19489369541407,78.06574375219643,27.990908809006214,48.2039849460125,1.4678603569045663,15827.159496307373,0.0,23.0,0.0,1.0,0.050000000000000044,1.7294959798455238,1.7157558407634497,0.04580044106114656
immediate_advantage_dqn,807,473,94.8139269053936,78.86217318661511,30.95569533109665,63.85823135077953,1.545244679786265,17960.289001464844,0.0,28.0,0.0,1.0,0.050000000000000044,2.1523152757436037,2.1431696452200413,0.030485456809401512
immediate_advantage_dqn,807,474,70.33292904645205,78.15578339323403,27.50433413684368,42.82859503626823,1.4557922026142478,15376.162439346313,0.0,22.0,0.0,1.0,0.050000000000000044,1.877147937193513,1.8661026805639267,0.03681754809804261
immediate_advantage_dqn,807,475,87.49462805688381,78.68950454846023,31.34864678233862,56.145981416106224,1.5029715215787292,17288.392837524414,0.0,27.0,0.0,0.0,0.050000000000000044,1.5667730867862701,1.5549398344010115,0.03944417822640389
immediate_advantage_dqn,807,476,75.1002497240901,78.23327567011118,26.703368678689003,48.396881037950514,1.4779304536059499,15707.31512260437,0.0,22.0,0.0,1.0,0.050000000000000044,2.1866265069693327,2.1768406219780445,0.032619628706015646
immediate_advantage_dqn,807,477,70.20050010234118,78.5330219614506,26.426564320921898,43.77393593788147,1.4750526379793882,15692.757186889648,0.0,22.0,0.0,3.0,0.050000000000000044,1.7757746689021587,1.7641668543219566,0.03869277215562761
immediate_advantage_dqn,807,478,79.25366792976857,77.94995271973315,30.064910247921944,49.188757145404814,1.5151169653981924,16944.48496055603,0.0,22.0,0.0,1.0,0.050000000000000044,2.353409007191658,2.340800441801548,0.042028472293168306
immediate_advantage_dqn,807,479,73.43497877269984,78.339826226756,26.867694415152073,46.56728410422802,1.4713407503440976,15764.133319854736,0.0,21.0,0.0,3.0,0.050000000000000044,1.8224194515496492,1.812188209965825,0.03410404548048973
immediate_advantage_dqn,807,480,79.7326547384262,79.04338763117792,28.46140582859516,51.27124859690666,1.4741215780377388,15939.097095489502,0.0,23.0,0.0,2.0,0.050000000000000044,1.9017474073916674,1.8908054828643799,0.03647301974706352
immediate_advantage_dqn,807,481,67.27448239326478,78.60091344222428,26.017409771680832,41.257072204351424,1.4628941640257835,15528.3932056427,0.0,20.0,0.0,1.0,0.050000000000000044,1.8336613960564137,1.8229786399751902,0.03560922190081328
immediate_advantage_dqn,807,482,71.19335648566485,78.07494471408428,27.13996308296919,44.05339368581772,1.460806630551815,15461.302686691284,0.0,22.0,0.0,1.0,0.050000000000000044,1.8169842287898064,1.8040731120854616,0.043037051684223115
immediate_advantage_dqn,807,483,78.60384556651115,77.96673341281713,26.217638224363327,52.38620787858963,1.4522240599617362,15045.568157196045,0.0,25.0,0.0,1.0,0.050000000000000044,1.9159271139651537,1.9028238523751497,0.04367752547841519
immediate_advantage_dqn,807,484,68.8620356425643,76.49387962117792,26.708802349865437,42.15323305428028,1.4435604168102145,15309.152660369873,0.0,21.0,0.0,2.0,0.050000000000000044,1.649361975491047,1.6401552613824606,0.030689038103446364
immediate_advantage_dqn,807,485,89.26206773817539,77.63738049909473,29.214212357997894,60.047855767607686,1.5277136759832501,17279.637355804443,0.0,26.0,0.0,2.0,0.050000000000000044,1.8586519733071327,1.8467389047145844,0.03971024777274579
immediate_advantage_dqn,807,486,71.57233652770519,77.09525396063924,26.450480461120605,45.12185560464859,1.427276530303061,15270.018863677979,0.0,22.0,0.0,2.0,0.050000000000000044,1.9157427214086056,1.9045080058276653,0.03744897851720452
immediate_advantage_dqn,807,487,78.34282431006432,76.96876385755836,27.23635223507881,51.10647238790989,1.4557424718514085,15522.181732177734,0.0,25.0,0.0,0.0,0.050000000000000044,2.038340238854289,2.0286522060632706,0.03229340980760753
immediate_advantage_dqn,807,488,82.50754301995039,76.58482549399137,28.556247301399708,53.95129641890526,1.4720778269693255,16010.068881988525,0.0,25.0,0.0,1.0,0.050000000000000044,2.135369434952736,2.1220107972621918,0.044528783415444195
immediate_advantage_dqn,807,489,82.0783082023263,77.5203102400899,29.15573564171791,52.922572910785675,1.5117969457060099,16473.928972244263,0.0,25.0,0.0,0.0,0.050000000000000044,1.4060207176953554,1.3935328722000122,0.041626123362220824
immediate_advantage_dqn,807,490,80.50114438831807,77.4971465716511,27.80066804587841,52.70047644674778,1.4444855339825153,15544.042331695557,0.0,25.0,0.0,1.0,0.050000000000000044,1.936492271721363,1.9234825931489468,0.04336570925079286
immediate_advantage_dqn,807,491,68.07621068507433,77.24162919655443,26.517158456146717,41.559052541852,1.4339393824338913,15151.224727630615,0.0,21.0,0.0,0.0,0.050000000000000044,2.319307554513216,2.305947858840227,0.0445323484018445
immediate_advantage_dqn,807,492,71.62678262591362,77.01322364307941,26.21004243940115,45.416740253567696,1.436842417344451,15255.577995300293,0.0,23.0,0.0,1.0,0.050000000000000044,1.613525791093707,1.6046061143279076,0.02973228134214878
immediate_advantage_dqn,807,493,75.4432630315423,76.04469044938685,26.29830402135849,49.14495897293091,1.4317414527758956,15183.340167999268,0.0,23.0,0.0,0.0,0.050000000000000044,1.9953178633004427,1.985162753611803,0.03385033702943474
immediate_advantage_dqn,807,494,70.97761368006468,76.07692468106747,26.4298277720809,44.54778562486172,1.4286889992654324,14655.903907775879,0.0,22.0,0.0,0.0,0.050000000000000044,1.5462095141410828,1.5344221107661724,0.03929134097415954
immediate_advantage_dqn,807,495,86.38284872472286,76.02133571445941,29.81331317871809,56.569534942507744,1.5343688847497106,17278.31721496582,0.0,27.0,0.0,0.0,0.050000000000000044,2.3607694432139397,2.349774017930031,0.03665142471436411
immediate_advantage_dqn,807,496,76.77762800455093,76.10520462848247,28.219743937253952,48.55788400769234,1.4616485349833965,15565.30738067627,0.0,23.0,0.0,0.0,0.050000000000000044,1.9483908396214247,1.9358602855354548,0.04176860209554434
immediate_advantage_dqn,807,497,87.03741431981325,76.94705033935607,29.01204078644514,58.02537405490875,1.5073900520801544,16699.101417541504,0.0,26.0,0.0,1.0,0.050000000000000044,2.2571893110871315,2.2435277830809355,0.0455383985536173
immediate_advantage_dqn,807,498,80.36575636267662,77.00265476100148,26.909280851483345,53.45647510886192,1.4772592158988118,15683.762599945068,0.0,25.0,0.0,3.0,0.050000000000000044,1.6297039706259966,1.6171506475657225,0.041844368795864284
immediate_advantage_dqn,807,499,90.52062445282937,77.85693704500795,31.333541378378868,59.187083134055136,1.579983695410192,17971.31365585327,0.0,27.0,0.0,1.0,0.050000000000000044,2.015950221568346,2.0032641123980284,0.042286966112442315
immediate_advantage_dqn,807,500,92.86981401741505,78.51379500895739,31.93789903819561,60.93191505372524,1.5822648638859391,18285.895351409912,0.0,27.0,0.0,2.0,0.050000000000000044,1.9511623363941908,1.9391336217522621,0.040095768170431256
immediate_advantage_dqn,807,501,73.06146179288626,78.80314397893848,27.37635400146246,45.6851078659296,1.4411776391789317,15837.244709014893,0.0,21.0,0.0,1.0,0.050000000000000044,1.8519950043410063,1.8404935151338577,0.03833836631383747
immediate_advantage_dqn,807,502,79.74675303697586,79.23081380650403,27.769870556890965,51.97688312828541,1.479491495527327,16155.16541671753,0.0,26.0,0.0,2.0,0.050000000000000044,1.5624638572335243,1.5529920626431704,0.031572721898555756
immediate_advantage_dqn,807,503,77.75605186074972,79.18842412121595,28.70707242935896,49.04897929728031,1.467815370298922,15792.301849365234,0.0,25.0,0.0,1.0,0.050000000000000044,2.021743457764387,2.0105407293885946,0.037342431489378214
immediate_advantage_dqn,807,504,89.80544909238816,80.23559479370715,30.94125723838806,58.86419221162796,1.576261225156486,18226.44142150879,0.0,27.0,0.0,1.0,0.050000000000000044,2.766032947227359,2.756171438843012,0.032871701288968325
immediate_advantage_dqn,807,505,86.64753086864948,80.10486795023084,29.174626663327217,57.47290426492691,1.51748981885612,16748.226356506348,0.0,26.0,0.0,2.0,0.050000000000000044,2.375452622771263,2.3650759495794773,0.03458891622722149
immediate_advantage_dqn,807,506,97.75215770304203,81.41385900899768,33.111281886696815,64.64087647199631,1.6228669295087457,18994.073028564453,0.0,28.0,0.0,0.0,0.050000000000000044,1.7121787890791893,1.7007719557732344,0.03802284738048911
immediate_advantage_dqn,807,507,80.29391857236624,81.51141372211278,26.813697330653667,53.48022136092186,1.4594752416014671,15593.119632720947,0.0,25.0,0.0,1.0,0.050000000000000044,1.8059512991458178,1.7947552632540464,0.03732010466046631
immediate_advantage_dqn,807,508,74.12742601335049,81.09240787178278,28.15158872306347,45.97583727538586,1.4472574833780527,15362.221717834473,0.0,22.0,0.0,0.0,0.050000000000000044,2.1176387667655945,2.1069510877132416,0.035625511896796525
immediate_advantage_dqn,807,509,90.96678073704243,81.53683149851858,30.64962087571621,60.317160189151764,1.5484861619770527,17184.80778503418,0.0,28.0,0.0,0.0,0.050000000000000044,2.0601620376110077,2.049576662480831,0.03528459812514484
immediate_advantage_dqn,807,510,72.0701620221138,81.11528238020837,27.05344607681036,45.01671586334705,1.4421423571184278,15170.66794204712,0.0,22.0,0.0,2.0,0.050000000000000044,1.912560684606433,1.9003894440829754,0.040570830227807164
immediate_advantage_dqn,807,511,80.39394972622395,81.73116933226586,29.199382103979588,51.19456755518913,1.4819904929026961,16215.022403717041,0.0,24.0,0.0,2.0,0.050000000000000044,1.700724508613348,1.6900493521243334,0.03558390506077558
immediate_advantage_dqn,807,512,91.95767226964236,82.7477138144523,32.20004192739725,59.757630655169486,1.5858894847333431,18283.498191833496,0.0,27.0,0.0,1.0,0.050000000000000044,2.291299819946289,2.2803602442145348,0.0364651900017634
immediate_advantage_dqn,807,513,70.74408356845379,82.51275484129788,26.87009560316801,43.87398824095726,1.42145942337811,15013.752681732178,0.0,21.0,0.0,0.0,0.050000000000000044,1.9849153775721788,1.973657038062811,0.03752781741786748
immediate_advantage_dqn,807,514,81.3422271758318,83.03098551608623,28.5797718167305,52.76245513558388,1.531811255030334,16718.971351623535,0.0,23.0,0.0,0.0,0.050000000000000044,2.0498268753290176,2.03853028267622,0.03765539370942861
immediate_advantage_dqn,807,515,62.1735879406333,81.82052247688175,23.708704635500908,38.46488380432129,1.3902358766645193,13681.927577972412,0.0,20.0,0.0,1.0,0.050000000000000044,1.7181721087545156,1.7058294601738453,0.04114213469438255
immediate_advantage_dqn,807,516,89.51787118762732,82.45753463603556,30.352618165314198,59.1652535289526,1.569956379942596,17789.197929382324,0.0,26.0,0.0,2.0,0.050000000000000044,2.1117974948138,2.1026250272989273,0.03057489963248372
immediate_advantage_dqn,807,517,88.79356744885445,82.54534229248763,33.62992803752422,55.16363921761513,1.5746064372360706,18452.99736404419,0.0,27.0,0.0,0.0,0.050000000000000044,1.6522253304719925,1.6391828693449497,0.04347487632185221
immediate_advantage_dqn,807,518,87.21904993206263,82.88800697095694,32.235318168997765,54.98373148739338,1.5532722491770983,18134.212982177734,0.0,26.0,0.0,1.0,0.050000000000000044,2.092179426923394,2.0805514957755804,0.03875974821858108
immediate_advantage_dqn,807,519,81.059708365798,82.41496116660537,29.031280666589737,52.02842735648155,1.482970679178834,16075.615898132324,0.0,26.0,0.0,1.0,0.050000000000000044,1.5752218570560217,1.5649123582988977,0.03436507435981184
immediate_advantage_dqn,807,520,82.55189184248448,81.89906505785885,28.91242392361164,53.63946811258793,1.4988087704405189,16509.200271606445,0.0,24.0,0.0,1.0,0.050000000000000044,1.9864485617727041,1.9740823283791542,0.04122072737663984
immediate_advantage_dqn,807,521,71.86978086829185,81.83948101162912,28.08082589507103,43.788954719901085,1.4723084336146712,15583.706172943115,0.0,21.0,0.0,2.0,0.050000000000000044,1.4667999912053347,1.4518392458558083,0.04986916156485677
immediate_advantage_dqn,807,522,91.12505156099796,82.40839593783022,31.450871035456657,59.6741805255413,1.5845772251486778,18006.83615875244,0.0,27.0,0.0,2.0,0.050000000000000044,2.1517329439520836,2.142941877245903,0.02930352056864649
immediate_advantage_dqn,807,523,82.26114784926176,82.6336507372558,28.06677805632353,54.19436991214752,1.472576092928648,16253.653366088867,0.0,26.0,0.0,0.0,0.050000000000000044,1.5580466743558645,1.5489484760910273,0.03032732114661485
immediate_advantage_dqn,807,524,63.024469532072544,81.29460175924004,24.793343611061573,38.231125861406326,1.3821562146767974,13596.089347839355,0.0,20.0,0.0,2.0,0.050000000000000044,1.879504643380642,1.8676984459161758,0.03935394564177841
immediate_advantage_dqn,807,525,89.66196694374085,81.44532356299462,32.63206197321415,57.02990489602089,1.595029710792005,18463.78450012207,0.0,27.0,0.0,1.0,0.050000000000000044,1.7200964130461216,1.7083577327430248,0.03912892774678767
immediate_advantage_dqn,807,526,71.1769403591752,80.11656269580126,25.98574011772871,45.1912000477314,1.4359650034457445,14944.645448684692,0.0,23.0,0.0,0.0,0.050000000000000044,1.5374037027359009,1.526796830818057,0.03535624931100756
immediate_advantage_dqn,807,527,76.50538519769907,79.9271360270679,27.829931773245335,48.67545406520367,1.4430653685703874,15322.792839050293,0.0,23.0,0.0,0.0,0.050000000000000044,1.820817919448018,1.810253756120801,0.03521388256922364
immediate_advantage_dqn,807,528,80.60239456743003,80.25088445477189,27.355364151299,53.247030758857726,1.5046872990205884,16094.020523071289,0.0,24.0,0.0,1.0,0.050000000000000044,2.1288257651031017,2.119599115103483,0.030755414278246462
immediate_advantage_dqn,807,529,84.95772701501846,79.95043176867068,30.778087183833122,54.1796400398016,1.5274039767682552,17648.90033340454,0.0,24.0,0.0,1.0,0.050000000000000044,1.8595149274915457,1.849095968529582,0.034729838953353465
immediate_advantage_dqn,807,530,87.38533060997725,80.71619019806386,29.91515865176916,57.47017168998718,1.5179818822070956,17386.242477416992,0.0,25.0,0.0,0.0,0.050000000000000044,1.7735974062234163,1.762247635051608,0.03783259121701121
immediate_advantage_dqn,807,531,78.1169199436903,80.60233870893718,28.453648656606674,49.66327151060104,1.4741244371980429,16280.45654296875,0.0,23.0,0.0,1.0,0.050000000000000044,2.0620071310549974,2.050335234031081,0.03890638460870832
immediate_advantage_dqn,807,532,82.7605858385563,80.14248438738288,29.715428352355957,53.04515806734562,1.527907338924706,17304.17735671997,0.0,25.0,0.0,4.0,0.050000000000000044,1.6633588541299105,1.6536781005561352,0.03226917830761522
immediate_advantage_dqn,807,533,52.06141261458397,79.20835083968939,23.916589319705963,28.14482360780239,1.352484573610127,13538.349174499512,0.0,15.0,0.0,3.0,0.050000000000000044,2.182578533887863,2.171564929187298,0.03671193704940379
immediate_advantage_dqn,807,534,62.4280938282609,78.26264417231084,26.911086320877075,35.51700757443905,1.4335655821487308,15029.52772140503,0.0,19.0,0.0,0.0,0.050000000000000044,1.929434385150671,1.9181707333773375,0.037545563536696136
immediate_advantage_dqn,807,535,84.0260147601366,79.355265513286,30.232279241085052,53.79373541474342,1.5169904828071594,17212.73052597046,0.0,24.0,0.0,1.0,0.050000000000000044,1.8505100663751364,1.8383138999342918,0.040653885109350085
immediate_advantage_dqn,807,536,82.59606321454048,79.00917511463165,30.14399129897356,52.452071505784986,1.5178417637944221,16971.928104400635,0.0,23.0,0.0,2.0,0.050000000000000044,1.7633631881326437,1.7527028396725655,0.03553441748954356
immediate_advantage_dqn,807,537,72.72664195299149,78.20582883983852,26.16630794852972,46.56033420562744,1.4235440259799361,14790.69554901123,0.0,22.0,0.0,2.0,0.050000000000000044,2.3618920296430588,2.3495290391147137,0.041209981427527964
immediate_advantage_dqn,807,538,85.43002208471299,78.11637744747102,29.145591475069523,56.284430959820746,1.501643898896873,16701.45498275757,0.0,26.0,0.0,1.0,0.050000000000000044,1.979819469153881,1.9680281709879637,0.03930434584617615
immediate_advantage_dqn,807,539,89.27068500369788,78.52692627936602,30.589699611067772,58.68098548948765,1.5272409645840526,17403.118991851807,0.0,28.0,0.0,2.0,0.050000000000000044,2.572072349488735,2.562522239983082,0.031833649263717234
immediate_advantage_dqn,807,540,80.43081802129745,78.42087258830668,28.89804980903864,51.53276830911636,1.4737788597121835,16030.550327301025,0.0,25.0,0.0,2.0,0.050000000000000044,1.807285487651825,1.7949179150164127,0.04122519609518349
immediate_advantage_dqn,807,541,80.19370900094509,78.83706899493934,27.346360236406326,52.84734883904457,1.495235724374652,16215.279392242432,0.0,25.0,0.0,1.0,0.050000000000000044,1.8375873565673828,1.8248396515846252,0.04249229375272989
immediate_advantage_dqn,807,542,79.33167301863432,78.24740006782115,29.92120435833931,49.41046842932701,1.546318206936121,17062.625617980957,0.0,23.0,0.0,0.0,0.050000000000000044,2.2965549901127815,2.2853981852531433,0.03718938434030861
immediate_advantage_dqn,807,543,78.3865254893899,78.05366894982755,26.821052990853786,51.56547340750694,1.4571391269564629,15321.020942687988,0.0,24.0,0.0,0.0,0.050000000000000044,1.6774263996630907,1.6667812168598175,0.03548393223900348
immediate_advantage_dqn,807,544,87.1967418640852,79.26228256642818,29.197423547506332,57.9993187636137,1.4758613342419267,16497.069313049316,0.0,27.0,0.0,0.0,0.050000000000000044,1.9505886137485504,1.9396191462874413,0.03656492102891207
immediate_advantage_dqn,807,545,72.05451425164938,78.38190993182361,27.275749936699867,44.77876415848732,1.4364681411534548,15152.13483428955,0.0,22.0,0.0,0.0,0.050000000000000044,1.9444222375750542,1.9329667184501886,0.038185128942131996
immediate_advantage_dqn,807,546,83.8147656172514,79.01380119472742,29.54396679997444,54.270799323916435,1.5385710215196013,17064.276035308838,0.0,24.0,0.0,1.0,0.050000000000000044,1.555991180241108,1.5451687462627888,0.036074865609407425
immediate_advantage_dqn,807,547,75.30830219388008,78.95394704453648,29.823912866413593,45.484389662742615,1.500669433735311,16643.446968078613,0.0,21.0,0.0,0.0,0.050000000000000044,1.7655030060559511,1.7534452453255653,0.040192514192312956
immediate_advantage_dqn,807,548,62.86567232757807,78.06711093254387,23.934256240725517,38.93141622841358,1.3669174183160067,13828.27572631836,0.0,21.0,0.0,0.0,0.050000000000000044,1.8064169939607382,1.7967075388878584,0.0323648692574352
immediate_advantage_dqn,807,549,99.52109061330557,78.79527911245823,32.58959191292524,66.93149831295014,1.5791914174333215,18333.40700149536,0.0,30.0,0.0,1.0,0.050000000000000044,1.742782512679696,1.7314492966979742,0.03777740697842091
immediate_advantage_dqn,807,550,64.2593041241169,77.63897778816522,26.433746233582497,37.825558114051816,1.4575883829966187,15419.700777053833,0.0,19.0,0.0,2.0,0.050000000000000044,1.6947278436273336,1.6836106665432453,0.03705730976071209
immediate_advantage_dqn,807,551,84.77245982140303,77.97175478205085,29.00787379592657,55.76458605527878,1.5001926328986883,16343.5602684021,0.0,25.0,0.0,1.0,0.050000000000000044,1.9667298048734665,1.9532706681638956,0.044863772578537464
immediate_advantage_dqn,807,552,88.63654586076737,78.26555278316141,31.394539326429367,57.24200666844845,1.579817264340818,17900.406608581543,0.0,27.0,0.0,1.0,0.050000000000000044,2.0610763859003782,2.051635479554534,0.03146969713270664
immediate_advantage_dqn,807,553,83.60836236327887,79.84290027059616,28.333088256418705,55.27527395784855,1.5188534930348396,16808.079219818115,0.0,25.0,0.0,2.0,0.050000000000000044,1.1945249252021313,1.1835908368229866,0.03644693968817592
immediate_advantage_dqn,807,554,93.80780750513077,81.41188595443967,31.621242865920067,62.186564207077026,1.561898721382022,17978.463634490967,0.0,28.0,0.0,0.0,0.050000000000000044,1.9165783170610666,1.9045496433973312,0.04009553440846503
immediate_advantage_dqn,807,555,82.9863944888115,81.3599049408734,29.04654009640217,53.939854303002356,1.4810682460665703,16312.22513961792,0.0,25.0,0.0,1.0,0.050000000000000044,1.6585211120545864,1.6459921021014452,0.04176335234660655
immediate_advantage_dqn,807,556,76.99977541118861,81.0800905507058,27.80849226564169,49.19128366708755,1.482922869734466,16287.98537826538,0.0,23.0,0.0,3.0,0.050000000000000044,2.350856624543667,2.341289632022381,0.031890026410110295
immediate_advantage_dqn,807,557,77.95200877636671,81.34135889187456,28.602870605885983,49.34913785755634,1.488917738199234,16181.490592956543,0.0,23.0,0.0,0.0,0.050000000000000044,1.7635830715298653,1.753008484840393,0.03524862520862371
immediate_advantage_dqn,807,558,78.01935748904944,80.9708256620914,29.605473719537258,48.41388347148895,1.4987029172480106,16390.963008880615,0.0,24.0,0.0,2.0,0.050000000000000044,2.4204547498375177,2.4112252555787563,0.030764951487071812
immediate_advantage_dqn,807,559,86.71543373167515,80.84306309849026,30.512836426496506,56.202597349882126,1.5433933977037668,17132.545318603516,0.0,26.0,0.0,0.0,0.050000000000000044,1.7244727052748203,1.7131598722189665,0.03770942857954651
immediate_advantage_dqn,807,560,74.77186237573623,80.56011531621218,28.499808564782143,46.27205391526222,1.4846320478245616,16076.817169189453,0.0,22.0,0.0,3.0,0.050000000000000044,1.7885985933244228,1.779149603098631,0.03149657731410116
immediate_advantage_dqn,807,561,67.92174732685089,79.94651723250747,26.749054074287415,41.17269332706928,1.4536429066210985,15177.544807434082,0.0,21.0,0.0,0.0,0.050000000000000044,2.0798573344945908,2.0670212879776955,0.042786789941601455
immediate_advantage_dqn,807,562,72.34155258536339,79.59701121084393,27.190816029906273,45.15073689818382,1.435077166184783,15471.558910369873,0.0,21.0,0.0,0.0,0.050000000000000044,1.8409942612051964,1.8281587567180395,0.04278499982319772
immediate_advantage_dqn,807,563,79.40802516937256,79.64808619484306,27.6109691336751,51.79705616235733,1.4773889817297459,15734.422988891602,0.0,25.0,0.0,1.0,0.050000000000000044,1.466070618480444,1.4569217916578054,0.03049604222178459
immediate_advantage_dqn,807,564,84.85763981938362,79.53113109260798,29.872166335582733,54.98547348380089,1.5623658197000623,17813.337490081787,0.0,25.0,0.0,0.0,0.050000000000000044,1.697520175948739,1.686953155323863,0.03522338031325489
immediate_advantage_dqn,807,565,73.58031165748835,79.60742096289994,28.834818489849567,44.74549316763878,1.5132199926301837,16633.038833618164,0.0,24.0,0.0,4.0,0.050000000000000044,1.6949668377637863,1.6838633827865124,0.03701151756104082
immediate_advantage_dqn,807,566,78.87432401031256,79.360398882553,26.610474325716496,52.263849729299544,1.4528645323589444,15492.144882202148,0.0,23.0,0.0,1.0,0.050000000000000044,1.6886405125260353,1.676919849589467,0.03906891343649477
immediate_advantage_dqn,807,567,83.20026960223913,79.75499725297095,31.30419309437275,51.89607670903206,1.538980203680694,17413.17300605774,0.0,25.0,0.0,0.0,0.050000000000000044,2.1491755098104477,2.1379122212529182,0.0375443659722805
immediate_advantage_dqn,807,568,85.18255984038115,80.8708416286111,29.84649609774351,55.33606335520744,1.5122967064380646,16491.693870544434,0.0,26.0,0.0,0.0,0.050000000000000044,1.783459436148405,1.7706281170248985,0.04277105152141303
immediate_advantage_dqn,807,569,60.0142725199461,78.89550072394313,24.5041925907135,35.51007989943027,1.3900472540408373,14275.327938079834,0.0,18.0,0.0,1.0,0.050000000000000044,1.5048358533531427,1.4953118599951267,0.03174669109284878
immediate_advantage_dqn,807,570,88.09053961932659,80.0870624987036,32.02395676076412,56.06658297777176,1.5606528725475073,18313.479232788086,0.0,27.0,0.0,0.0,0.050000000000000044,2.1358794905245304,2.1245402693748474,0.03779732983093709
immediate_advantage_dqn,807,571,81.25973227024079,79.9114261211455,29.05805841088295,52.20167379975319,1.4890792220830917,16671.563884735107,0.0,25.0,0.0,3.0,0.050000000000000044,2.020016809925437,2.0096911415457726,0.03441886918153614
immediate_advantage_dqn,807,572,94.53395497053862,80.20629657663406,31.430780671536922,63.10317434370518,1.597101558931172,18445.07900238037,0.0,28.0,0.0,2.0,0.050000000000000044,1.8740029260516167,1.8646219931542873,0.03126981935929507
immediate_advantage_dqn,807,573,82.44964035749436,80.14836047634483,28.11918117105961,54.33045900762081,1.4839204493910074,15746.394409179688,0.0,26.0,0.0,3.0,0.050000000000000044,1.8094969615340233,1.797309223562479,0.040625778026878834
immediate_advantage_dqn,807,574,57.53017217814922,78.33447870999576,23.507982954382896,34.02218889594078,1.3357021380215883,13584.683834075928,0.0,17.0,0.0,1.0,0.050000000000000044,1.8707290012389421,1.8608547896146774,0.0329140784451738
immediate_advantage_dqn,807,575,75.33771865218878,77.95204491816462,27.747219048440456,47.59049945473671,1.4631520044058561,15537.570552825928,0.0,21.0,0.0,3.0,0.050000000000000044,2.089495876803994,2.0811311304569244,0.027882458991371095
immediate_advantage_dqn,807,576,90.46544271856547,78.62532828353348,30.582242839038372,59.88319940268993,1.5774165308102965,17805.272468566895,0.0,26.0,0.0,3.0,0.050000000000000044,1.6505309864878654,1.639997199177742,0.03511264466214925
immediate_advantage_dqn,807,577,74.27870191782714,78.44166294060649,27.503427423536777,46.775274538993834,1.4665695233270526,16078.456539154053,0.0,23.0,0.0,2.0,0.050000000000000044,1.8415780551731586,1.8324535470455885,0.03041503473650664
immediate_advantage_dqn,807,578,67.37539391368628,77.90946476183834,25.62778554111719,41.74760811924934,1.4071683185175061,14412.598899841309,0.0,22.0,0.0,1.0,0.050000000000000044,1.9662844836711884,1.9538103118538857,0.041580501245334744
immediate_advantage_dqn,807,579,85.84626892209053,77.8660065213591,32.53930743038654,53.30696143209934,1.5761311184614897,18089.324031829834,0.0,27.0,0.0,0.0,0.050000000000000044,1.907066971063614,1.8955704346299171,0.038321797735989094
immediate_advantage_dqn,807,580,80.42278736233712,78.14855277068915,26.951281495392323,53.471506202220915,1.455745325423777,15419.749256134033,0.0,25.0,0.0,2.0,0.050000000000000044,1.7069562058895826,1.695738434791565,0.03739261988084763
immediate_advantage_dqn,807,581,80.47467590123415,78.7761991994083,29.013230226933956,51.46144540607929,1.491728750988841,16236.837501525879,0.0,25.0,0.0,0.0,0.050000000000000044,1.9567784499377012,1.9459429383277893,0.03611835790798068
immediate_advantage_dqn,807,582,84.56282914578915,79.3872630274296,30.322331815958023,54.24049677848816,1.5224675312638283,16867.179512023926,0.0,26.0,0.0,2.0,0.050000000000000044,1.1863926872611046,1.17594919167459,0.03481164085678756
immediate_advantage_dqn,807,583,85.95304997265339,79.71451426759363,30.229499623179436,55.723549872636795,1.5460931472480297,17122.191677093506,0.0,26.0,0.0,1.0,0.050000000000000044,2.228318115696311,2.218694703653455,0.032077946001663804
immediate_advantage_dqn,807,584,86.75036999583244,79.80915077641608,29.93432543426752,56.816044837236404,1.5540731847286224,17164.402812957764,0.0,26.0,0.0,1.0,0.050000000000000044,1.9829753674566746,1.9738190993666649,0.030520962784066796
immediate_advantage_dqn,807,585,98.63088678121566,81.06167953260243,31.7542717307806,66.87661411166191,1.5509750936180353,17574.55830192566,0.0,30.0,0.0,3.0,0.050000000000000044,1.9668822586536407,1.957348145544529,0.03178035013843328
immediate_advantage_dqn,807,586,63.41455138623714,80.28869090139867,24.444367550313473,38.970184037089346,1.3894908539950848,14021.138147354126,0.0,19.0,0.0,1.0,0.050000000000000044,1.8158000763505697,1.8050300031900406,0.03590017696842551
immediate_advantage_dqn,807,587,83.81313831359148,80.31933433696628,28.481650047004223,55.331487610936165,1.4603479411453009,15785.470092773438,0.0,26.0,0.0,1.0,0.050000000000000044,1.8961868695914745,1.8840867727994919,0.04033370641991496
immediate_advantage_dqn,807,588,81.09419336169958,80.1149160130322,29.915148444473743,51.17904490232468,1.5221081161871552,17379.132816314697,0.0,24.0,0.0,0.0,0.050000000000000044,1.4196445159614086,1.4077182859182358,0.03975411260034889
immediate_advantage_dqn,807,589,89.86088021844625,81.60724639795721,29.486592896282673,60.37428721785545,1.5327455028891563,17262.21420288086,0.0,26.0,0.0,2.0,0.050000000000000044,1.5424866247922182,1.532476993277669,0.03336541715543717
immediate_advantage_dqn,807,590,88.45737746357918,81.62558829016983,30.883897818624973,57.57347950339317,1.5580446375533938,17558.909591674805,0.0,27.0,0.0,0.0,0.050000000000000044,1.5802771467715502,1.57096684910357,0.03103429521434009
immediate_advantage_dqn,807,591,75.13094076663256,81.31914871498944,27.375175684690475,47.755765536427496,1.4226511837914586,15113.02230834961,0.0,25.0,0.0,2.0,0.050000000000000044,1.9335014261305332,1.9243013877421618,0.030666798586025834
immediate_advantage_dqn,807,592,78.6171336621046,80.52330764956773,29.57117146998644,49.0459620654583,1.4785659816116095,16461.25145339966,0.0,24.0,0.0,0.0,0.050000000000000044,2.0037021338939667,1.9934220016002655,0.03426713834051043
immediate_advantage_dqn,807,593,92.85307392477989,81.043479327932,32.24998781085014,60.603086084127426,1.5571394944563508,18000.658695220947,0.0,28.0,0.0,1.0,0.050000000000000044,1.3523853663355112,1.3418947961181402,0.03496858023572713
immediate_advantage_dqn,807,594,78.30103305876256,82.08202237196267,27.91660825163126,50.38442527651787,1.4874208103865385,16278.632919311523,0.0,23.0,0.0,1.0,0.050000000000000044,2.2487798910588026,2.2375858072191477,0.03731366968713701
immediate_advantage_dqn,807,595,69.59793452620507,81.7950331656635,25.221581511199474,44.37635273933411,1.4498733757063746,15233.70240020752,0.0,21.0,0.0,3.0,0.050000000000000044,1.2881877142935991,1.2784192264080048,0.03256168426014483
immediate_advantage_dqn,807,596,81.9799002930522,81.37075604438782,28.27689666301012,53.7030034661293,1.5079712010920048,16557.815113067627,0.0,25.0,0.0,1.0,0.050000000000000044,1.7243768088519573,1.7139454167336226,0.03477134741842747
immediate_advantage_dqn,807,597,73.47237934917212,81.33043991595508,27.551795091480017,45.92058402299881,1.4485111320391297,15839.17953300476,0.0,21.0,0.0,0.0,0.050000000000000044,2.1079863645136356,2.0961879082024097,0.03932814858853817
immediate_advantage_dqn,807,598,86.32335565239191,82.27783800289035,30.761749260127544,55.56160634756088,1.5574793498963118,17480.747718811035,0.0,25.0,0.0,0.0,0.050000000000000044,1.8738017976284027,1.8637240007519722,0.03359259432181716
immediate_advantage_dqn,807,599,97.05612915158272,82.83833101436497,33.971638701856136,63.084490397572516,1.64091766346246,19511.79124069214,0.0,29.0,0.0,3.0,0.050000000000000044,2.497674299404025,2.486788460984826,0.036286145565100014
