variant,model_seed,episode,cost,rolling_cost,immediate_cost,penalty,energy_use,latency_ms,thermal_violation,energy_violation,queue_violation,contact_violation,epsilon,loss,td_loss,auxiliary_loss
double_centered_full_action_dqn,805,0,118.45576777458191,118.45576777458191,40.30075457692146,78.15501278042794,1.7542453119531274,23525.44939804077,0.0,32.0,0.0,2.0,0.9954761904761905,,,
double_centered_full_action_dqn,805,1,127.54999519724643,123.00288148591417,46.6602603495121,80.88973505635057,1.865505313500762,27121.14468383789,0.0,33.0,7.0,1.0,0.9909523809523809,1.438796877861023,1.4301166534423828,0.02893422357738018
double_centered_full_action_dqn,805,2,149.90009523482036,131.96861940221623,41.092788979411125,108.80730619580457,1.8524840800091624,24698.545036315918,0.0,32.0,24.0,1.0,0.9864285714285714,1.3041274696588516,1.2964837923645973,0.02547891961876303
double_centered_full_action_dqn,805,3,136.59872036436457,133.12614464275333,40.22616494446993,96.37255527833358,1.8283877680078149,23971.26774597168,0.0,39.0,6.0,1.0,0.981904761904762,1.345613844692707,1.3394391983747482,0.020582141005434096
double_centered_full_action_dqn,805,4,120.81837918758393,130.66459155171944,41.86701908707619,78.95136045813561,1.7848889846354723,24577.325328826904,0.0,33.0,0.0,1.0,0.9773809523809524,1.1656280644237995,1.1601977422833443,0.018101040099281818
double_centered_full_action_dqn,805,5,104.88454467058182,126.36791707152985,37.39133985340595,67.49320438504219,1.7218130556866527,22168.62830734253,0.0,29.0,0.0,0.0,0.9728571428571429,0.9457703903317451,0.9384008944034576,0.024564944091252983
double_centered_full_action_dqn,805,6,135.84245454667982,127.7214224251227,46.62140019237995,89.22105472682888,1.859851193614304,26912.14008331299,0.0,33.0,17.0,4.0,0.9683333333333334,0.7866895645856857,0.7819708548486233,0.015729031641967595
double_centered_full_action_dqn,805,7,128.91618044710003,127.87076717786987,41.7982344776392,87.11794537341434,1.823153373785317,24656.307907104492,0.0,37.0,14.0,0.0,0.9638095238095238,0.7681486643850803,0.7648581527173519,0.010968368616886437
double_centered_full_action_dqn,805,8,139.90268516920327,129.2076469546847,41.917267709970474,97.98541713140726,1.792824967764318,24834.343658447266,0.0,33.0,16.0,1.0,0.9592857142857143,0.7972147762775421,0.7850770279765129,0.04045917198527604
double_centered_full_action_dqn,805,9,145.89846023967894,130.87672828318412,43.43101139366627,102.46744905462894,1.8985271006822586,25850.403560638428,0.0,34.0,27.0,0.0,0.9547619047619048,0.5776125248521566,0.5719005167484283,0.019040043582208455
double_centered_full_action_dqn,805,10,120.78509519994259,129.95930709379851,44.63795268535614,76.14714249968529,1.8126902068033814,25192.00746154785,0.0,32.0,0.0,0.0,0.9502380952380952,0.40980945713818073,0.4053062368184328,0.015010730654466897
double_centered_full_action_dqn,805,11,114.41083893924952,128.66360141425278,39.851343400776386,74.55949458479881,1.7826184816658497,23541.902141571045,0.0,31.0,0.0,0.0,0.9457142857142857,0.27856833301484585,0.27247626800090075,0.02030688716331497
double_centered_full_action_dqn,805,12,154.95812124416602,130.68625678578456,39.434946060180664,115.52317510947954,1.769432700239122,23253.959785461426,0.0,36.0,23.0,2.0,0.9411904761904761,0.24865733459591866,0.2440879363566637,0.015231325465720147
double_centered_full_action_dqn,805,13,106.00353567302227,128.92320527773012,37.392754167318344,68.61078205704689,1.703715866431594,22133.400806427002,0.0,31.0,0.0,1.0,0.9366666666666666,0.2265871660783887,0.222016884945333,0.01523426448693499
double_centered_full_action_dqn,805,14,167.12837255847984,131.4702164297801,46.98573084175587,120.14264167202049,1.9563914788886905,28072.683170318604,0.0,35.0,30.0,1.0,0.9321428571428572,0.21073296386748552,0.20623463299125433,0.01499442954082042
double_centered_full_action_dqn,805,15,150.37834483379294,132.65197445503088,46.16119557619095,104.21714940661359,1.9170703738927841,27726.4789352417,0.0,31.0,20.0,1.0,0.9276190476190476,0.5375513406470418,0.533426221460104,0.01375037175603211
double_centered_full_action_dqn,805,16,107.6484257131815,131.1811774702162,39.47600057721138,68.17242483794689,1.7133222855627537,22916.97003173828,0.0,30.0,0.0,2.0,0.9230952380952381,0.5827055275440216,0.5765007063746452,0.020682724483776838
double_centered_full_action_dqn,805,17,162.6256310689442,132.92809155903444,40.14803136885166,122.47759967029018,1.839320668950677,24455.665618896484,0.0,34.0,21.0,1.0,0.9185714285714286,0.35990777239203453,0.355363167822361,0.015148684091400355
double_centered_full_action_dqn,805,18,150.4507072132365,133.85033448820295,39.62423102557659,110.8264766644971,1.9251643298193812,25036.83969116211,0.0,34.0,14.0,0.0,0.914047619047619,0.2748670391738415,0.2703486932441592,0.015061151469126344
double_centered_full_action_dqn,805,19,144.76689398096406,134.396162462841,38.35663190484047,106.41026180790267,1.863572341389954,23860.77074432373,0.0,32.0,18.0,3.0,0.9095238095238095,0.2471027635037899,0.24325072392821312,0.01284013339318335
double_centered_full_action_dqn,805,20,135.06317478128005,135.22653281317594,39.73819659650326,95.3249780655675,1.8000858509913087,23861.548587799072,0.0,36.0,11.0,3.0,0.905,0.24297157302498817,0.23895104601979256,0.013401756703387946
double_centered_full_action_dqn,805,21,114.66102560673133,134.5820843336502,37.969962015748024,76.69106350157634,1.7413705522194505,22881.38014984131,0.0,31.0,10.0,0.0,0.9004761904761904,0.24352066684514284,0.23980627954006195,0.012381290027406067
double_centered_full_action_dqn,805,22,116.9077058672905,132.93246486527372,40.454910546541214,76.45279518663884,1.7063132906332612,23046.91934967041,0.0,32.0,0.0,1.0,0.895952380952381,0.2321299584582448,0.22837029304355383,0.012532224063761532
double_centered_full_action_dqn,805,23,122.85266398941994,132.24516204652645,44.411943063139915,78.44072097098348,1.8282462004572153,25669.33388900757,0.0,31.0,5.0,1.0,0.8914285714285715,0.6044925851747394,0.5997269935905933,0.015885312750469893
double_centered_full_action_dqn,805,24,131.7451424279292,132.7915002085437,43.503494173288345,88.2416484632571,1.8303081095218658,25610.05096054077,0.0,35.0,7.0,0.0,0.8869047619047619,0.4833031576126814,0.4786533657461405,0.01549929688917473
double_centered_full_action_dqn,805,25,117.96117276483281,133.4453316132563,38.52360427379608,79.43756875925763,1.790999692864716,23334.076133728027,0.0,33.0,3.0,1.0,0.8823809523809524,0.39508992433547974,0.3899055700749159,0.01728119608014822
double_centered_full_action_dqn,805,26,106.9972677603364,132.0030722739391,37.6055448576808,69.39172315597534,1.684102363884449,21597.444622039795,0.0,29.0,0.0,0.0,0.8778571428571429,0.3588714608922601,0.35433528386056423,0.015120592957828194
double_centered_full_action_dqn,805,27,112.55692046284676,131.18510927472647,37.799718260765076,74.75720229148865,1.7598740682005882,22542.124689102173,0.0,32.0,0.0,2.0,0.8733333333333333,0.28759178798645735,0.28293052641674876,0.01553752989275381
double_centered_full_action_dqn,805,28,111.63914968073368,129.77193250030297,39.29367592930794,72.34547343850136,1.749699242413044,23021.55126953125,0.0,30.0,0.0,1.0,0.8688095238095238,0.26226956117898226,0.25794186629354954,0.01442564808530733
double_centered_full_action_dqn,805,29,122.9354092270136,128.62377994966968,40.88480818271637,82.05060131251813,1.7727008499205112,23696.830604553223,0.0,35.0,0.0,1.0,0.8642857142857143,0.2564753135666251,0.25230694003403187,0.013894588220864534
double_centered_full_action_dqn,805,30,110.74404072761536,128.12172722605334,39.460578471422195,71.28346280753613,1.7317847181111574,22369.71706390381,0.0,30.0,0.0,1.0,0.8597619047619047,0.25150572787970304,0.2472871784120798,0.01406184141524136
double_centered_full_action_dqn,805,31,118.94220507144928,128.34829553266331,36.137553475797176,82.80465206503868,1.7466159211471677,22102.315071105957,0.0,34.0,0.0,1.0,0.8552380952380952,0.7577851843088865,0.751786295324564,0.019996302609797567
double_centered_full_action_dqn,805,32,110.56986593604088,126.12888276725707,41.0657075047493,69.50415849089623,1.687993654049933,22762.72632598877,0.0,30.0,0.0,3.0,0.8507142857142858,0.568513517268002,0.5633061435073614,0.01735790289239958
double_centered_full_action_dqn,805,33,107.18310698866844,126.18786133303936,38.001681596040726,69.18142539262772,1.7201834553852677,22013.772903442383,0.0,29.0,0.0,0.0,0.8461904761904762,0.363444272428751,0.3581917779520154,0.017508302466012537
double_centered_full_action_dqn,805,34,128.34239100895948,124.24856225556334,41.136674128472805,87.20571637384721,1.8239087285473943,24538.098342895508,0.0,35.0,8.0,2.0,0.8416666666666667,0.38789989799261093,0.3831433802843094,0.015855059144087136
double_centered_full_action_dqn,805,35,124.73733617095124,122.96651182242124,38.32893097400665,86.40840512243878,1.7739321812987328,22685.97487258911,0.0,35.0,4.0,0.0,0.8371428571428572,0.40287845954298973,0.39843264780938625,0.014819373260252178
double_centered_full_action_dqn,805,36,121.34890175461769,123.65153562449306,40.08488464355469,81.26401560604572,1.7553261052817106,23115.055278778076,0.0,34.0,0.0,4.0,0.8326190476190476,0.351631429977715,0.34675544034689665,0.016253286448772997
double_centered_full_action_dqn,805,37,113.32417542636395,121.18646284236407,38.34532541036606,74.97885022461415,1.7926401188597083,23143.73126220703,0.0,31.0,0.0,1.0,0.8280952380952381,0.3475211663171649,0.34318935591727495,0.01443935715360567
double_centered_full_action_dqn,805,38,116.22733482122422,119.47529422276345,40.00154259800911,76.2257925361395,1.7658808780834079,23034.934909820557,0.0,32.0,0.0,1.0,0.8235714285714286,0.3124510496854782,0.3081206642091274,0.014434613229241222
double_centered_full_action_dqn,805,39,125.26972928643227,118.50043598803686,41.59019413590431,83.67953550815582,1.7588493209332228,23882.39072418213,0.0,35.0,0.0,0.0,0.819047619047619,0.7650621496140957,0.7590715419501066,0.019968694541603327
double_centered_full_action_dqn,805,40,111.75238078832626,117.33489628838917,41.86507548391819,69.88730561733246,1.6986590595915914,23426.84613418579,0.0,31.0,0.0,0.0,0.8145238095238095,0.5483958749100566,0.5422528767958283,0.020476668258197606
double_centered_full_action_dqn,805,41,93.74616578519344,116.28915329731228,34.933162569999695,58.81300327479839,1.6213155826553702,20490.762550354004,0.0,25.0,0.0,3.0,0.81,0.4085690714418888,0.4032987020909786,0.017567896109540015
double_centered_full_action_dqn,805,42,113.2082039564848,116.10417820177199,39.41561405360699,73.7925900220871,1.7499287845566869,22653.627506256104,0.0,31.0,0.0,0.0,0.8054761904761905,0.4295688821002841,0.4237682605162263,0.0193353861104697
double_centered_full_action_dqn,805,43,108.9549585133791,115.40929292796996,37.237315848469734,71.71764253079891,1.670414269901812,21447.21834564209,0.0,31.0,0.0,0.0,0.800952380952381,0.41217103227972984,0.4067326635122299,0.018127892690245062
double_centered_full_action_dqn,805,44,107.04455426633358,114.17426351989016,39.92155686020851,67.12299727201462,1.724090440198779,22973.08632659912,0.0,29.0,0.0,2.0,0.7964285714285715,0.3492629723623395,0.344079720787704,0.017277498787734658
double_centered_full_action_dqn,805,45,115.35004404187202,114.04370708374213,42.424659594893456,72.92538397014141,1.7791244741529226,24145.258712768555,0.0,30.0,0.0,2.0,0.7919047619047619,0.3600292857736349,0.354768137447536,0.01753716095117852
double_centered_full_action_dqn,805,46,115.96773233264685,114.49223031235765,41.00392623245716,74.9638062119484,1.7221156116575003,23363.033348083496,0.0,31.0,0.0,0.0,0.7873809523809524,0.5173153476789594,0.5121710989624262,0.017147465492598712
double_centered_full_action_dqn,805,47,107.01816767454147,114.21529267294235,34.786069586873055,72.23209762573242,1.6183329811319709,20021.033515930176,0.0,32.0,0.0,1.0,0.7828571428571429,0.8167216703295708,0.8095862474292517,0.023784704273566604
double_centered_full_action_dqn,805,48,108.77873815000058,114.07227209640573,37.908447727561,70.87028982639313,1.6969894198700786,22047.165199279785,0.0,29.0,0.0,2.0,0.7783333333333333,0.5677310731261969,0.5611236970871687,0.022024574980605394
double_centered_full_action_dqn,805,49,108.56868776679039,113.35393602339457,37.085013061761856,71.48367480933666,1.6777886468917131,21705.27518081665,0.0,31.0,0.0,0.0,0.7738095238095238,0.47782747261226177,0.4712685411795974,0.021863098198082298
double_centered_full_action_dqn,805,50,104.0146944090724,113.01746870746743,34.97090466320515,69.04378944039345,1.7048749094828963,21241.09685897827,0.0,30.0,0.0,1.0,0.7692857142857144,0.4622374437749386,0.4562836280092597,0.01984606741461903
double_centered_full_action_dqn,805,51,111.71972049027681,112.6563444784088,38.840458653867245,72.87926134467125,1.7582848677411675,22737.935773849487,0.0,31.0,0.0,0.0,0.7647619047619048,0.5404162341728806,0.5339253507554531,0.02163627778645605
double_centered_full_action_dqn,805,52,103.25654243826867,112.2906783035202,36.15234453231096,67.10419830083848,1.6643245238810778,20924.14693069458,0.0,30.0,0.0,1.0,0.7602380952380953,0.47989443875849247,0.4731554947793484,0.02246313012437895
double_centered_full_action_dqn,805,53,96.19930453002453,111.741488180588,31.936048939824104,64.26325608193875,1.6707912515848875,19931.700786590576,0.0,28.0,0.0,1.0,0.7557142857142858,0.4757338808849454,0.4700978919863701,0.018786626402288675
double_centered_full_action_dqn,805,54,118.97611926925802,111.27317459360293,39.11747148633003,79.85864797664307,1.8142758002504706,23362.753440856934,0.0,33.0,11.0,0.0,0.7511904761904762,0.7657994013279676,0.7591068539768457,0.0223084770841524
double_centered_full_action_dqn,805,55,123.99367787850099,111.2359916789804,38.714317604899406,85.27936021399694,1.8600776279345155,23623.476358413696,0.0,33.0,4.0,0.0,0.7466666666666667,0.6274736914783716,0.6201352681964636,0.0244614114635624
double_centered_full_action_dqn,805,56,128.62633262376897,111.59986322243799,39.274022310972214,89.35231028299444,1.8251337157562375,23315.40752029419,0.0,36.0,19.0,1.0,0.7421428571428572,0.5657608732581139,0.5582304382696748,0.025101460050791502
double_centered_full_action_dqn,805,57,110.58325853943825,111.46281737809167,37.09325468540192,73.49000400304794,1.6819037292152643,21758.857635498047,0.0,31.0,0.0,0.0,0.7376190476190476,0.5914440918713808,0.5841854484751821,0.02419547364115715
double_centered_full_action_dqn,805,58,107.6225124746561,111.03257626076326,37.06803199648857,70.5544804930687,1.7571114348247647,22140.288566589355,0.0,29.0,0.0,1.0,0.7330952380952381,0.6846190243959427,0.6783469775691628,0.02090682613197714
double_centered_full_action_dqn,805,59,110.51397431641817,110.29478851226258,36.78013867884874,73.73383536934853,1.6832270734012127,21161.105583190918,0.0,33.0,0.0,0.0,0.7285714285714286,0.5453858925029635,0.5382184013724327,0.023891628603450954
double_centered_full_action_dqn,805,60,93.03343504071236,109.3588412248819,33.130822859704494,59.90261177122593,1.6746241450309753,19880.60870361328,0.0,27.0,0.0,2.0,0.724047619047619,0.5186202619224787,0.511400300078094,0.02406653092475608
double_centered_full_action_dqn,805,61,116.9581010043621,110.51943798584031,40.010356441140175,76.94774386286736,1.7865727795287967,23570.7632522583,0.0,34.0,0.0,0.0,0.7195238095238095,0.5858668787404895,0.5794191574677825,0.021492373198270798
double_centered_full_action_dqn,805,62,112.5941892791403,110.48873725197309,35.457410261034966,77.1367792118204,1.8349666837602854,22666.35306930542,0.0,29.0,6.0,0.0,0.7150000000000001,0.7357004880905151,0.7283313702791929,0.024563726386986673
double_centered_full_action_dqn,805,63,110.16337352991104,110.54915800279969,36.14531657099724,74.01805692911148,1.650075868703425,20351.878295898438,0.0,32.0,0.0,1.0,0.7104761904761905,0.7478685081005096,0.7401553001254797,0.025710693444125354
double_centered_full_action_dqn,805,64,109.3805259168148,110.66595658532374,36.91589882969856,72.46462751924992,1.7151775574311614,21717.328311920166,0.0,32.0,0.0,1.0,0.7059523809523809,0.6497209090739489,0.6423705471679568,0.024501221487298608
double_centered_full_action_dqn,805,65,95.0897446155548,109.65294161400789,34.96356297284365,60.126181575655934,1.591669525951147,19785.187591552734,0.0,28.0,0.0,3.0,0.7014285714285715,0.5963319297879934,0.5892545059323311,0.023591415665578097
double_centered_full_action_dqn,805,66,108.39517280459404,109.27431363760525,33.51646940410137,74.87870313227177,1.6828180784359574,19964.467517852783,0.0,33.0,0.0,0.0,0.6969047619047619,0.7452017087489367,0.7380493842065334,0.023841080954298377
double_centered_full_action_dqn,805,67,115.24152930974961,109.68548171936565,38.0883964151144,77.15313349068165,1.7514991592615843,22360.376419067383,0.0,32.0,0.0,1.0,0.6923809523809523,0.5209942664951086,0.5146685410290956,0.02108576148748398
double_centered_full_action_dqn,805,68,93.95625505000353,108.9443575643658,32.677505888044834,61.27874886393547,1.6263639302924275,19071.399406433105,0.0,28.0,0.0,1.0,0.687857142857143,0.6052601803094149,0.5982249481603503,0.0234507693676278
double_centered_full_action_dqn,805,69,112.33639192581177,109.13274277231687,41.098491966724396,71.23789890110493,1.759409193880856,23453.53497695923,0.0,30.0,0.0,1.0,0.6833333333333333,0.6072784587740898,0.6001316495239735,0.02382269303780049
double_centered_full_action_dqn,805,70,109.07322598397732,109.38566935106212,37.66390582919121,71.40932079553605,1.763221531175077,22280.925701141357,0.0,29.0,0.0,1.0,0.6788095238095238,0.9357583532109857,0.9283710969612002,0.02462415094487369
double_centered_full_action_dqn,805,71,103.83388179540634,108.9913774163186,38.67049477994442,65.16338700056076,1.6729126973077655,22200.36817932129,0.0,28.0,0.0,1.0,0.6742857142857144,0.7028683535754681,0.6943499147891998,0.028394776512868702
double_centered_full_action_dqn,805,72,116.73231196403503,109.66516589260691,38.295096546411514,78.43721443414688,1.7262151539325714,22390.346836090088,0.0,33.0,0.0,0.0,0.6697619047619048,0.6341694574803114,0.6268314477056265,0.02446003200020641
double_centered_full_action_dqn,805,73,107.95886817574501,110.25314407489293,37.020595505833626,70.9382728934288,1.7192072626203299,21991.123931884766,0.0,31.0,0.0,1.0,0.6652380952380952,0.6252754516899586,0.617561032064259,0.02571472676936537
double_centered_full_action_dqn,805,74,112.06807955354452,109.90774208910724,39.87148807197809,72.1965918391943,1.6708518089726567,22443.13161087036,0.0,31.0,0.0,1.0,0.6607142857142857,0.6957172527909279,0.6882507167756557,0.024888437008485198
double_centered_full_action_dqn,805,75,120.47685129344464,109.73190075985444,40.92902997136116,79.54782075583935,1.7998949214816093,23358.34939956665,0.0,34.0,0.0,3.0,0.6561904761904762,0.6230706879869103,0.6159868836402893,0.023612675606273115
double_centered_full_action_dqn,805,76,95.12040212154389,108.05660423474319,35.199623107910156,59.92077889442444,1.5849329885095358,19823.346656799316,0.0,26.0,0.0,1.0,0.6516666666666667,0.6100648622959852,0.6024280292913318,0.025456114090047777
double_centered_full_action_dqn,805,77,98.82055212557316,107.46846891404994,38.69242790341377,60.128124326467514,1.695612359791994,22198.177604675293,0.0,26.0,0.0,0.0,0.6471428571428571,0.6092030182480812,0.6018826868385077,0.02440110663883388
double_centered_full_action_dqn,805,78,95.33490587770939,106.8540885842026,31.23642584681511,64.09847965836525,1.5545859038829803,18170.859783172607,0.0,29.0,0.0,0.0,0.6426190476190476,0.9746304247528315,0.9670108072459698,0.025398741476237774
double_centered_full_action_dqn,805,79,96.43397201746703,106.15008846925505,34.73043277859688,61.703539037704466,1.5756888026371598,19447.815353393555,0.0,28.0,0.0,1.0,0.6380952380952382,0.9075620621442795,0.8990749344229698,0.028290431946516037
double_centered_full_action_dqn,805,80,124.61605980247259,107.72921970734305,42.53089801222086,82.08516183495522,1.787085985764861,24453.035232543945,0.0,33.0,0.0,1.0,0.6335714285714286,0.7648815419524908,0.7573493719100952,0.025107255787588656
double_centered_full_action_dqn,805,81,104.31161862015725,107.09689558813281,38.747411757707596,65.56420650482178,1.7340134754776955,22149.476821899414,0.0,28.0,0.0,1.0,0.6290476190476191,0.6652666665613651,0.6584611898288131,0.022684934549033642
double_centered_full_action_dqn,805,82,99.14325737953186,106.42434899315239,35.47456123679876,63.668695852160454,1.6323611102998257,20460.33464050293,0.0,28.0,0.0,0.0,0.6245238095238095,0.7053512698039412,0.6986801000311971,0.022237228928133845
double_centered_full_action_dqn,805,83,118.1397519633174,106.82316791482272,40.51105812937021,77.6286939829588,1.7727166544646025,23171.060092926025,0.0,33.0,0.0,0.0,0.62,0.582894497551024,0.5756888845935464,0.024018697382416576
double_centered_full_action_dqn,805,84,99.27241458892823,106.31776234842837,35.01705086231232,64.25536387562752,1.6470089796930552,19735.108276367188,0.0,28.0,0.0,1.0,0.6154761904761905,0.7586315553635359,0.7520396830514073,0.021972905786242336
double_centered_full_action_dqn,805,85,118.16899171471596,107.47172470338644,36.50450785458088,81.66448438167572,1.662349035963416,20829.11912918091,0.0,33.0,0.0,1.0,0.6109523809523809,0.7815892612561584,0.7746424609795213,0.02315598732093349
double_centered_full_action_dqn,805,86,95.27263693511486,106.81559790991246,35.57640555500984,59.696230977773666,1.6093961503356695,20140.727584838867,0.0,26.0,0.0,1.0,0.6064285714285714,1.1327732801437378,1.1245229449123144,0.02750112337525934
double_centered_full_action_dqn,805,87,119.75815715789795,107.0414293023199,38.30112475156784,81.45703210830689,1.7516190949827433,21573.599365234375,0.0,35.0,0.0,3.0,0.6019047619047619,1.088145081885159,1.0798722989857197,0.027575938147492707
double_centered_full_action_dqn,805,88,106.00013364851475,107.64362323224546,36.54434569180012,69.45578773319721,1.6691173613071442,20854.456512451172,0.0,31.0,0.0,0.0,0.5973809523809523,0.7202650615945458,0.7125287959352136,0.025787552585825324
double_centered_full_action_dqn,805,89,99.15246300399303,106.98442678615451,34.14169120788574,65.01077178120613,1.7406491916626692,21122.89453125,0.0,28.0,0.0,0.0,0.592857142857143,0.8051452990621328,0.7973986770957708,0.0258220971445553
double_centered_full_action_dqn,805,90,89.00070049017668,105.98080051146448,30.294051237404346,58.70664916336536,1.6100253826007247,18371.157369613647,0.0,27.0,0.0,1.0,0.5883333333333334,0.7020674040541053,0.6945975041016936,0.024899644020479172
double_centered_full_action_dqn,805,91,119.44548480212688,106.76138066180052,41.118698075413704,78.32678711414337,1.7444076035171747,23188.12005996704,0.0,33.0,0.0,0.0,0.5838095238095238,0.709689250215888,0.7028567083179951,0.02277513127774
double_centered_full_action_dqn,805,92,112.42984610199929,106.54625736869873,40.23425307869911,72.19559268057347,1.7859352501109242,22909.647192001343,0.0,31.0,0.0,1.0,0.5792857142857144,0.658111727796495,0.6514792265370488,0.022108323755674064
double_centered_full_action_dqn,805,93,107.336441218853,106.51513602085413,37.775417163968086,69.56102357804775,1.665019130334258,21383.584537506104,0.0,31.0,0.0,1.0,0.5747619047619048,0.956002963706851,0.9478783681988716,0.02708197431638837
double_centered_full_action_dqn,805,94,108.44817492365837,106.33414078935982,38.454078167676926,69.99409645795822,1.6658055065199733,21449.496631622314,0.0,29.0,0.0,1.0,0.5702380952380952,0.9931701887398958,0.9859819263219833,0.023960848920978606
double_centered_full_action_dqn,805,95,101.86180744320154,105.40338859684766,34.124435275793076,67.73737281560898,1.6484202947467566,20275.868337631226,0.0,30.0,0.0,1.0,0.5657142857142857,0.8486453182995319,0.8398922067135572,0.029177040909416974
double_centered_full_action_dqn,805,96,103.0925974920392,105.80199836537243,38.37421552091837,64.7183823287487,1.709108054637909,21891.259155273438,0.0,27.0,0.0,0.0,0.5611904761904762,0.7852923227474093,0.7775129768997431,0.025931147043593228
double_centered_full_action_dqn,805,97,115.57625422775746,106.63978347048165,37.972693257033825,77.6035610228777,1.7514739613980055,22593.714723587036,0.0,34.0,0.0,1.0,0.5566666666666666,0.8624068945646286,0.853693250566721,0.02904549054801464
double_centered_full_action_dqn,805,98,99.3281422406435,106.83944528862835,36.35563812404871,62.97250406444073,1.6603297973051667,20515.551151275635,0.0,29.0,0.0,0.0,0.5521428571428572,0.9891196992248297,0.9809219483286142,0.027325862436555326
double_centered_full_action_dqn,805,99,104.41835890710354,107.23866463311018,36.710992112755775,67.7073671668768,1.700843706727028,21142.67851638794,0.0,31.0,0.0,1.0,0.5476190476190477,0.9211549405008554,0.9126002192497253,0.02851574565283954
double_centered_full_action_dqn,805,100,99.13329357802868,105.96452632188797,37.5977750569582,61.535518476366995,1.6613043108955026,21188.170524597168,0.0,27.0,0.0,2.0,0.5430952380952381,0.778760657645762,0.7717596860602498,0.023336557089351118
double_centered_full_action_dqn,805,101,110.99860038012267,106.29887540988625,42.356771253049374,68.64182942509652,1.7304204860702157,23797.54656982422,0.0,29.0,0.0,1.0,0.5385714285714286,0.9589889030903578,0.9512706585228443,0.025727459229528904
double_centered_full_action_dqn,805,102,94.84101420789958,106.08376325130465,34.89310007542372,59.94791413247585,1.6062817284837365,19842.538299560547,0.0,25.0,0.0,2.0,0.5340476190476191,0.9428801238536835,0.9344363249838352,0.028145976015366614
double_centered_full_action_dqn,805,103,111.50699250400066,105.75212527833881,40.65370964258909,70.85328271985054,1.7412139028310776,23041.032585144043,0.0,31.0,0.0,0.0,0.5295238095238095,0.7997229034081101,0.7923365496098995,0.0246211719349958
double_centered_full_action_dqn,805,104,101.63249580562115,105.87012933917345,32.063138380646706,69.56935727596283,1.6105206729844213,18690.680946350098,0.0,29.0,0.0,1.0,0.525,0.8060395633801818,0.7984570432454348,0.02527503587771207
double_centered_full_action_dqn,805,105,94.22062017023563,104.67271076194943,32.2859767973423,61.93464356660843,1.5845546713098884,18883.68377304077,0.0,27.0,0.0,0.0,0.5204761904761905,0.6732407556846738,0.6661148592829704,0.023752963286824524
double_centered_full_action_dqn,805,106,97.77490942925215,104.79782438665629,36.968473486602306,60.80643618106842,1.6260750023648143,21014.765506744385,0.0,28.0,0.0,0.0,0.5159523809523809,0.8692835904657841,0.861967733129859,0.02438619127497077
double_centered_full_action_dqn,805,107,85.92350277602672,103.10609166756274,29.758620515465736,56.1648822158575,1.5249574314802885,17392.453495025635,0.0,24.0,0.0,3.0,0.5114285714285716,0.9155717194080353,0.9076450923457742,0.026422067661769688
double_centered_full_action_dqn,805,108,90.95090185999871,102.35363007813693,31.730692625045776,59.220209249854086,1.5754388067871332,18149.788429260254,0.0,27.0,0.0,2.0,0.506904761904762,0.7007768535986543,0.6930808452889323,0.025653374497778714
double_centered_full_action_dqn,805,109,98.54035049080849,102.32302445247771,33.970702692866325,64.56964793205262,1.5820772303268313,19640.56411743164,0.0,28.0,0.0,1.0,0.5023809523809524,1.0679261051118374,1.0594005305320024,0.02841855736915022
double_centered_full_action_dqn,805,110,89.03658391535282,102.3248186237365,32.08258109539747,56.954003155231476,1.5182317066937685,18170.880786895752,0.0,25.0,0.0,0.0,0.4978571428571429,1.0693186074495316,1.0605170521885157,0.029338438296690583
double_centered_full_action_dqn,805,111,107.29644753932953,101.71736676059666,32.72476392239332,74.57168307304383,1.6057333536446095,18559.907665252686,0.0,32.0,0.0,2.0,0.4933333333333334,1.1079795397818089,1.100119449198246,0.026200306368991733
double_centered_full_action_dqn,805,112,98.20888210237027,101.0063185606152,36.11657987535,62.09230246543884,1.5746637638658285,19813.074253082275,0.0,29.0,0.0,1.0,0.4888095238095238,0.9009831678122282,0.8919473644345999,0.030119350994937122
double_centered_full_action_dqn,805,113,111.81907502114773,101.23045025072993,35.280850782990456,76.53822344839573,1.6554956426844,19916.424980163574,0.0,33.0,0.0,3.0,0.4842857142857143,0.9108892176300287,0.9029523385688663,0.026456271531060338
double_centered_full_action_dqn,805,114,97.55012992173434,100.68554800063373,34.773980371654034,62.77614959478378,1.6391904819756746,19922.503631591797,0.0,27.0,0.0,2.0,0.4797619047619047,0.8057458959519863,0.7977626621723175,0.026610765955410898
double_centered_full_action_dqn,805,115,104.64767540991306,100.82484139896931,35.17739400267601,69.47028121352196,1.6462371414527297,20231.682346343994,0.0,30.0,0.0,1.0,0.47523809523809524,0.8075165953487158,0.7995636649429798,0.026509784045629203
double_centered_full_action_dqn,805,116,115.73608901500702,101.45701597511768,37.17844018340111,78.5576486825943,1.735154247842729,21102.192722320557,0.0,32.0,0.0,2.0,0.47071428571428575,1.030112812295556,1.022202244028449,0.026368543622083962
double_centered_full_action_dqn,805,117,99.50200194865465,100.65330336116256,34.38665438443422,65.11534754931927,1.6683915024623275,19922.80392074585,0.0,28.0,0.0,2.0,0.46619047619047627,1.0608256552368402,1.0530953230336308,0.025767744868062437
double_centered_full_action_dqn,805,118,83.94621609300376,99.88420705378057,31.38332784920931,52.56288809478283,1.5419416530057788,17873.98669242859,0.0,24.0,0.0,2.0,0.46166666666666667,0.9252896830439568,0.9175571287050843,0.02577516355086118
double_centered_full_action_dqn,805,119,100.20861759334802,99.6737199880928,34.56733591109514,65.64128174185753,1.6206920333206654,19516.113925933838,0.0,28.0,0.0,2.0,0.4571428571428572,0.987543772906065,0.9798089414834976,0.02578277129214257
double_centered_full_action_dqn,805,120,98.34541039317847,99.63432582885028,35.10004502534866,63.24536591172218,1.6368011143058538,20349.22632408142,0.0,26.0,0.0,2.0,0.4526190476190477,0.8112626848742366,0.8035788685083389,0.025612739380449057
double_centered_full_action_dqn,805,121,93.74034083783627,98.77141285173596,32.60817439854145,61.13216712474823,1.591072216629982,18564.783332824707,0.0,27.0,0.0,2.0,0.4480952380952381,0.9835965428501368,0.9757990594953299,0.025991597794927657
double_centered_full_action_dqn,805,122,84.76792641729116,98.26775846220553,31.032556302845478,53.73537066578865,1.5405636439099908,17504.44623374939,0.0,26.0,0.0,0.0,0.4435714285714286,0.8198692873120308,0.8128987569361925,0.023235097236465663
double_centered_full_action_dqn,805,123,104.62988747656345,97.92390321083369,37.74387867748737,66.88600893318653,1.6791099943220615,21047.380752563477,0.0,29.0,0.0,0.0,0.439047619047619,0.8933386076241732,0.8846845049411058,0.02884700335562229
double_centered_full_action_dqn,805,124,93.82440044879914,97.53349844299257,32.4874754101038,61.33692484498024,1.6313414983451366,18736.596660614014,0.0,28.0,0.0,1.0,0.43452380952380953,0.8775883670896292,0.8694228939712048,0.027218290022574365
double_centered_full_action_dqn,805,125,84.46159318387508,97.04554709367454,29.75164057314396,54.709952506422994,1.5370196979492903,17160.028018951416,0.0,25.0,0.0,2.0,0.43000000000000005,0.9759765975177288,0.9676063098013401,0.027900970715563744
double_centered_full_action_dqn,805,126,90.70467073619366,96.69203515902163,31.65473774075508,59.04993304014206,1.5703191859647632,17912.477893829346,0.0,26.0,0.0,2.0,0.42547619047619056,0.9759384952485561,0.9684961438179016,0.024807819398120046
double_centered_full_action_dqn,805,127,86.99874311685562,96.74579717606306,30.257877968251705,56.740865126252174,1.5094500463455915,16721.542121887207,0.0,27.0,0.0,0.0,0.42095238095238097,1.0751375360414386,1.0677691511809826,0.024561291211284697
double_centered_full_action_dqn,805,128,107.76077637076378,97.58629090160132,34.94444978237152,72.81632725894451,1.7004922442138195,20380.64263534546,0.0,31.0,0.0,1.0,0.41642857142857137,0.9705695137381554,0.9634241964668036,0.023817720299120992
double_centered_full_action_dqn,805,129,110.24392944574356,98.17146984934807,38.164087280631065,72.07984259724617,1.7079961923882365,21712.503303527832,0.0,30.0,0.0,1.0,0.4119047619047619,1.1797113753855228,1.1705979350954294,0.030378103372640908
double_centered_full_action_dqn,805,130,107.3759495407343,99.08843813061715,35.57868705689907,71.79726212620736,1.69749166816473,20032.42688369751,0.0,32.0,0.0,1.0,0.4073809523809524,0.9902145806699991,0.9823327455669641,0.026272784220054746
double_centered_full_action_dqn,805,131,93.4740749746561,98.39731950238347,32.624835819005966,60.84923893213272,1.5768320439383388,18652.30614089966,0.0,27.0,0.0,1.0,0.4028571428571429,0.9842471890151501,0.9754402730613947,0.02935638651251793
double_centered_full_action_dqn,805,132,108.7265105098486,98.9232009227574,37.5444521009922,71.182058095932,1.7320188777521253,21390.571208953857,0.0,30.0,0.0,1.0,0.39833333333333343,1.112339299172163,1.1034537190571427,0.029618594562634826
double_centered_full_action_dqn,805,133,101.425601670146,98.40352725520731,38.21851882338524,63.207082548737525,1.6921954546123743,21694.81595993042,0.0,28.0,0.0,2.0,0.39380952380952383,0.8467736523598433,0.8384976908564568,0.027586534852162004
double_centered_full_action_dqn,805,134,101.40026833117008,98.5960341756791,34.610521107912064,66.7897464632988,1.6808779127895832,19973.087078094482,0.0,29.0,0.0,1.0,0.38928571428571423,0.7635192070156336,0.7556118164211512,0.0263579695019871
double_centered_full_action_dqn,805,135,82.95009254813195,97.51115503259004,29.292373336851597,53.657718577980994,1.4929397106170654,16702.18874359131,0.0,25.0,0.0,1.0,0.38476190476190475,1.0648438856005669,1.0564447306096554,0.027997157187201083
double_centered_full_action_dqn,805,136,83.71082341820002,95.9098917527497,31.628429777920246,52.08239362537861,1.5604764623567462,18258.1467628479,0.0,24.0,0.0,2.0,0.38023809523809526,1.1225590631365776,1.1135109663009644,0.030160302529111505
double_centered_full_action_dqn,805,137,109.94429499059916,96.43200640484693,35.16793102771044,74.77636433541775,1.7158277574926615,21022.436897277832,0.0,32.0,0.0,2.0,0.3757142857142858,1.0376426670700312,1.0277586746960878,0.03294659999664873
double_centered_full_action_dqn,805,138,91.41765312105417,96.80557825624945,33.49802274256945,57.91963031888008,1.5991792446002364,19325.710250854492,0.0,26.0,0.0,1.0,0.3711904761904763,1.149947701022029,1.1423503644764423,0.025324473972432315
double_centered_full_action_dqn,805,139,108.87415308058262,97.23885503061118,36.53334233164787,72.34081125557422,1.6719900546595454,20510.983596801758,0.0,31.0,0.0,2.0,0.3666666666666667,0.9363621156662703,0.928588280454278,0.025912773562595248
double_centered_full_action_dqn,805,140,93.05745025873185,96.97445702388885,33.56632702052593,59.49112274646759,1.5829408876597881,19053.64484024048,0.0,27.0,0.0,1.0,0.3621428571428572,0.9818993173539639,0.9748150669038296,0.02361418795771897
double_centered_full_action_dqn,805,141,98.83791705965996,97.22933583498,33.455072678625584,65.38284413516521,1.6448567174375057,19220.08434677124,0.0,30.0,0.0,1.0,0.3576190476190476,1.1808604709804058,1.1730553396046162,0.026017058757133782
double_centered_full_action_dqn,805,142,101.41716618835926,98.06179782353341,34.397441148757935,67.01972496509552,1.6120319813489914,19619.78589630127,0.0,31.0,0.0,0.0,0.35309523809523813,1.2474769949913025,1.239754006266594,0.025743289734236896
double_centered_full_action_dqn,805,143,101.93128415346146,97.92686765737832,34.588087156414986,67.34319719076157,1.6449489565566182,19874.20471572876,0.0,30.0,0.0,2.0,0.34857142857142864,0.8536717863753438,0.8449032129719853,0.029228582163341343
double_centered_full_action_dqn,805,144,87.07852710783482,97.58957399033011,31.47078062593937,55.60774628818035,1.5773909222334623,18208.393798828125,0.0,26.0,0.0,1.0,0.34404761904761905,0.894768726080656,0.8853902891278267,0.03126144059933722
double_centered_full_action_dqn,805,145,71.98687434196472,96.96583804823459,30.23892006278038,41.747954338788986,1.4900493687018752,16830.012464523315,0.0,21.0,0.0,1.0,0.33952380952380956,0.9986161068081856,0.9914532154798508,0.023876320337876678
double_centered_full_action_dqn,805,146,85.75113282501698,96.71816115267576,33.14670679718256,52.60442631840706,1.5776837086305022,18812.241191864014,0.0,25.0,0.0,2.0,0.3350000000000001,0.9797690091654658,0.9707003701478243,0.030228787218220532
double_centered_full_action_dqn,805,147,86.66456231623889,96.70145211264492,33.1321906670928,53.532371738553046,1.5665133064612746,18803.89164352417,0.0,24.0,0.0,2.0,0.3304761904761905,1.095163805410266,1.0854012053459883,0.03254200844094157
double_centered_full_action_dqn,805,148,86.45886951088906,95.63635676965119,30.864226415753365,55.59464296102524,1.5052956230938435,17558.990379333496,0.0,25.0,0.0,1.0,0.325952380952381,1.119079191237688,1.110884752124548,0.02731482614763081
double_centered_full_action_dqn,805,149,84.01338897645473,94.32482974618674,30.820082865655422,53.19330635666847,1.5552440546453,17694.974281311035,0.0,25.0,0.0,0.0,0.3214285714285714,1.0376939754933119,1.0294750146567822,0.027396520599722862
double_centered_full_action_dqn,805,150,80.5043417736888,92.98124935783446,31.658307276666164,48.846034556627274,1.5193986063823104,18053.800910949707,0.0,23.0,0.0,0.0,0.3169047619047619,0.9231805708259344,0.9145709313452244,0.0286987682338804
double_centered_full_action_dqn,805,151,94.5064413189888,93.03286767505111,32.5021201595664,62.00432094335556,1.583837404847145,18625.69040298462,0.0,28.0,0.0,2.0,0.3123809523809524,1.3497846256941557,1.3414616622030735,0.027743228478357196
double_centered_full_action_dqn,805,152,96.69579267501831,92.43133178330959,33.383451357483864,63.31234160065651,1.582514957524836,18680.72238922119,0.0,27.0,0.0,1.0,0.30785714285714294,1.3458371479064226,1.3376304358243942,0.027355642523616552
double_centered_full_action_dqn,805,153,94.7673159390688,92.09841749675573,33.375856436789036,61.39145950973034,1.6074878182262182,19070.307918548584,0.0,27.0,0.0,0.0,0.30333333333333345,0.9914974309504032,0.9842647984623909,0.02410876180510968
double_centered_full_action_dqn,805,154,77.53959409892559,90.9053837851435,27.030129328370094,50.509464383125305,1.4722380489110947,15680.164352416992,0.0,24.0,0.0,0.0,0.29880952380952375,1.039624584838748,1.031952016055584,0.02557521394919604
double_centered_full_action_dqn,805,155,100.09347834438086,91.76255307495595,34.69916532933712,65.39431363344193,1.6629107389599085,19633.528413772583,0.0,29.0,0.0,1.0,0.29428571428571426,0.8386765476316214,0.8300041975453496,0.028907857602462173
double_centered_full_action_dqn,805,156,86.40407977402211,91.89721589274704,32.440392039716244,53.96368787586689,1.551973338238895,17943.022117614746,0.0,25.0,0.0,2.0,0.2897619047619048,1.4022806100547314,1.393473494797945,0.029357106424868107
double_centered_full_action_dqn,805,157,94.75920281708241,91.13796128407122,30.95658642053604,63.80261612832546,1.5793964173644781,17923.203407287598,0.0,28.0,0.0,2.0,0.2852380952380953,1.2606313172727823,1.2516059316694736,0.030084634898230433
double_centered_full_action_dqn,805,158,92.13431178033352,91.17379421703518,33.10588785260916,59.028423830866814,1.5737138958647847,18905.747829437256,0.0,27.0,0.0,0.0,0.2807142857142858,1.1069909781217575,1.0981447100639343,0.029487540130503476
double_centered_full_action_dqn,805,159,95.19529008865356,90.48985106743874,30.584139965474606,64.61114969849586,1.5708229830488563,17486.48865890503,0.0,30.0,0.0,0.0,0.2761904761904763,1.0287094786763191,1.020499674603343,0.027366020833142102
double_centered_full_action_dqn,805,160,99.67577778697014,90.82076744385066,33.44899542629719,66.2267821520567,1.5995238525792956,18677.84679031372,0.0,30.0,0.0,3.0,0.2716666666666666,1.0909179486334324,1.0831740871071815,0.025812882464379072
double_centered_full_action_dqn,805,161,97.8755365461111,90.77264841817319,34.51880510151386,63.356731712818146,1.6628327127546072,19877.00106048584,0.0,28.0,0.0,0.0,0.2671428571428571,1.0660312473773956,1.058455104008317,0.025253779371269047
double_centered_full_action_dqn,805,162,106.54284410178661,91.02893231384458,33.39198422431946,73.15086016058922,1.6815064959228039,19655.3292427063,0.0,30.0,0.0,1.0,0.26261904761904764,1.446260690689087,1.4374050311744213,0.029518910334445536
double_centered_full_action_dqn,805,163,90.24812417626381,90.4447743149847,32.25855603814125,57.98956782519817,1.5679373797029257,18476.365154266357,0.0,26.0,0.0,2.0,0.25809523809523816,1.1641966085880995,1.1555625181645155,0.028780305525287986
double_centered_full_action_dqn,805,164,93.38296329379082,90.7599961242825,34.11420051753521,59.26876304447651,1.6275619361549616,19573.313388824463,0.0,28.0,0.0,3.0,0.25357142857142867,1.4514859411865473,1.4436439499258995,0.02614004327915609
double_centered_full_action_dqn,805,165,97.03203986734152,92.01225440055133,33.56363446265459,63.46840592622757,1.6346597308292985,19312.82071876526,0.0,29.0,0.0,1.0,0.24904761904761907,1.3113155532628298,1.3034802470356226,0.02611771144438535
double_centered_full_action_dqn,805,166,80.3872801065445,91.74406176462772,30.053183808922768,50.334096640348434,1.5031154220923781,17123.199169158936,0.0,25.0,0.0,0.0,0.2445238095238096,0.9309569094330072,0.9231232069432735,0.026112328749150038
double_centered_full_action_dqn,805,167,84.6907071992755,91.64536900877954,31.25456625968218,53.43614159524441,1.5230830293148756,17325.7635345459,0.0,26.0,0.0,1.0,0.24,1.0966960368677974,1.0878579020500183,0.029460464953444898
double_centered_full_action_dqn,805,168,101.52501098811626,92.39867608264089,35.407723635435104,66.11728727817535,1.6762794246897101,20283.779567718506,0.0,28.0,0.0,2.0,0.2354761904761905,1.2215598374605179,1.2137500643730164,0.026032564463093877
double_centered_full_action_dqn,805,169,104.66729218661786,93.43137124314904,35.30806991457939,69.3592223763466,1.594045415520668,19824.20422744751,0.0,32.0,0.0,2.0,0.23095238095238102,1.2129207216203213,1.2042683884501457,0.02884111856110394
double_centered_full_action_dqn,805,170,89.81672264933586,93.8969902869314,32.62545855343342,57.1912641108036,1.571718268096447,18306.67116546631,0.0,26.0,0.0,3.0,0.22642857142857142,0.8557353932410479,0.8480817284435034,0.025512211374007165
double_centered_full_action_dqn,805,171,98.03167740255594,94.07325209110977,35.97518388181925,62.05649280548096,1.6195919997990131,20087.883277893066,0.0,27.0,0.0,0.0,0.22190476190476194,1.2871133610606194,1.2778635658323765,0.030832679360173643
double_centered_full_action_dqn,805,172,90.77237066626549,93.77708099067212,31.749775171279907,59.022595167160034,1.5816115140914917,18426.353813171387,0.0,26.0,0.0,0.0,0.21738095238095245,1.3243177141994238,1.3157432209700346,0.02858162857592106
double_centered_full_action_dqn,805,173,85.97205456495286,93.33731792196632,31.205514892935753,54.76653973162174,1.5385138904675841,17401.764068603516,0.0,25.0,0.0,4.0,0.21285714285714286,1.4728843607008457,1.4632822647690773,0.0320069813169539
double_centered_full_action_dqn,805,174,81.6649141818285,93.54358392611145,29.028999477624893,52.63591471910477,1.5112503450363874,16658.5770111084,0.0,23.0,0.0,4.0,0.20833333333333337,1.402755819261074,1.3937813807278872,0.029914826969616115
double_centered_full_action_dqn,805,175,79.93119700998068,92.53546985939144,27.56790317595005,52.36329399049282,1.5296945152804255,15968.426906585693,0.0,25.0,0.0,1.0,0.20380952380952377,1.3464151918888092,1.338884325698018,0.025102907326072454
double_centered_full_action_dqn,805,176,67.68473968654871,91.59950285501779,26.73226586729288,40.95247386395931,1.437777142971754,15100.611841201782,0.0,20.0,0.0,0.0,0.1992857142857143,1.2346971239894629,1.2265980206429958,0.02699706074781716
double_centered_full_action_dqn,805,177,68.59007297605277,90.2910463629663,27.34512533992529,41.24494784474373,1.4503538561984897,15609.204475402832,0.0,19.0,0.0,1.0,0.1947619047619048,0.9422568362206221,0.9339395239949226,0.027724343119189143
double_centered_full_action_dqn,805,178,85.93440715968609,89.98105113193394,30.236250944435596,55.69815583527088,1.516965912654996,17403.026943206787,0.0,28.0,0.0,0.0,0.19023809523809532,1.2181552480906248,1.2096219789236784,0.028444200637750328
double_centered_full_action_dqn,805,179,102.54691483080387,90.34863236904145,35.19919617474079,67.34771877527237,1.7301987102255225,21093.272708892822,0.0,29.0,0.0,0.0,0.18571428571428583,1.1185840703547,1.1094432268291712,0.03046952118165791
double_centered_full_action_dqn,805,180,80.51301672309637,89.39049431584776,29.299272410571575,51.213744312524796,1.5259525058791041,16830.89087677002,0.0,24.0,0.0,0.0,0.18119047619047624,1.315994042903185,1.3066481612622738,0.031152952928096056
double_centered_full_action_dqn,805,181,75.42410785853863,88.26792288146915,29.406164936721325,46.017943078279494,1.4850984821096063,16639.014404296875,0.0,21.0,0.0,1.0,0.17666666666666664,1.354430966079235,1.3454454243183136,0.02995181840378791
double_centered_full_action_dqn,805,182,85.46058391034603,87.21380987189711,31.154208309948444,54.30637553334236,1.523093307390809,17650.81983947754,0.0,25.0,0.0,0.0,0.17214285714285715,1.1387887578457594,1.1303481254726648,0.028135484899394214
double_centered_full_action_dqn,805,183,85.85983378440142,86.994395352304,30.329669304192066,55.530164659023285,1.521679950878024,17096.851598739624,0.0,24.0,0.0,1.0,0.16761904761904767,1.2801814936101437,1.2716887965798378,0.02830900892149657
double_centered_full_action_dqn,805,184,91.871675722301,86.9188309737295,32.15501381456852,59.71666204929352,1.5559301478788257,17925.088932037354,0.0,28.0,0.0,0.0,0.16309523809523818,1.3926738146692514,1.3824919909238815,0.03393946122378111
double_centered_full_action_dqn,805,185,66.16929881572723,85.37569392114878,25.414433546364307,40.7548652023077,1.4046768210828304,14184.526962280273,0.0,21.0,0.0,3.0,0.1585714285714287,1.0372623950242996,1.0288031361997128,0.02819752652430907
double_centered_full_action_dqn,805,186,99.16960215568542,86.31481002360582,32.71057949960232,66.45902310311794,1.5867565292865038,18477.62861251831,0.0,30.0,0.0,3.0,0.1540476190476191,1.3096063751727343,1.301537362858653,0.026896655559539795
double_centered_full_action_dqn,805,187,97.10680111050605,86.93561471916735,31.433222457766533,65.67357832491398,1.5482969209551811,17583.65385246277,0.0,29.0,0.0,2.0,0.1495238095238095,1.4360472038388252,1.4284034445881844,0.02547918981872499
double_centered_full_action_dqn,805,188,98.98566596210003,86.80864746786654,32.13465162366629,66.85101434588432,1.6216347543522716,18384.912963867188,0.0,28.0,0.0,0.0,0.14500000000000002,1.236424759030342,1.2274744119495153,0.02983452146872878
double_centered_full_action_dqn,805,189,89.16593482345343,86.03357959970832,30.467591121792793,58.69834393262863,1.5394966593012214,17607.305778503418,0.0,27.0,0.0,0.0,0.14047619047619053,1.2133055999875069,1.2040032092481852,0.031007979530841112
double_centered_full_action_dqn,805,190,74.6932507559657,85.27740600503981,28.30895682424307,46.384293648600575,1.4967785235494375,15960.865350723267,0.0,21.0,0.0,2.0,0.13595238095238105,1.412464326247573,1.4038132056593895,0.0288370861671865
double_centered_full_action_dqn,805,191,83.94069966673851,84.57285711824895,30.041657954454422,53.899042174220085,1.470178410410881,16180.224628448486,0.0,26.0,0.0,1.0,0.13142857142857145,1.412387479096651,1.4028373956680298,0.031833611079491675
double_centered_full_action_dqn,805,192,82.22673177719116,84.14557517379522,32.78188705444336,49.44484478235245,1.5108204521238804,17717.928623199463,0.0,22.0,0.0,0.0,0.12690476190476196,1.2621393539011478,1.2517979852855206,0.0344712141668424
double_centered_full_action_dqn,805,193,79.71228782832623,83.83258683696388,29.48079639673233,50.231491565704346,1.548778130672872,16686.471355438232,0.0,25.0,0.0,0.0,0.12238095238095237,1.2592448350042105,1.2495163194835186,0.03242839430458844
double_centered_full_action_dqn,805,194,91.9365564584732,84.34616895079613,30.355388700962067,61.5811677724123,1.5058780470862985,17011.516437530518,0.0,28.0,0.0,1.0,0.11785714285714288,1.1118484605103731,1.103182315826416,0.02888714848086238
double_centered_full_action_dqn,805,195,90.14210142195225,84.85671417139471,30.575982242822647,59.56611946225166,1.5651934491470456,17404.003437042236,0.0,27.0,0.0,2.0,0.1133333333333334,1.629254274070263,1.6195921450853348,0.032207122538238764
double_centered_full_action_dqn,805,196,88.04529535919428,85.87474195502699,29.90661269426346,58.138682866096495,1.5566266775131226,17000.131896972656,0.0,25.0,0.0,2.0,0.1088095238095238,1.2730057165026665,1.2637125328183174,0.030977244256064296
double_centered_full_action_dqn,805,197,86.27259083986283,86.7588678482175,32.18824903666973,54.08434205651283,1.529949908144772,17815.172088623047,0.0,25.0,0.0,4.0,0.10428571428571431,1.5450028143823147,1.5374012347310781,0.025338574312627316
double_centered_full_action_dqn,805,198,92.77849889546633,87.1010724350065,32.18869473785162,60.589803874492645,1.5847069155424833,18369.134536743164,0.0,28.0,0.0,0.0,0.09976190476190483,1.4320552349090576,1.4226310327649117,0.031414019875228405
double_centered_full_action_dqn,805,199,72.86857616901398,85.61715550191703,27.31736369431019,45.551213175058365,1.432262098416686,15559.3264503479,0.0,20.0,0.0,0.0,0.09523809523809534,1.3256912361830473,1.3173253051936626,0.02788645401597023
double_centered_full_action_dqn,805,200,86.36522842943668,85.90976608723403,30.474680677056313,55.890547424554825,1.556078040972352,17395.974603652954,0.0,25.0,0.0,1.0,0.09071428571428575,0.886404026299715,0.8770610019564629,0.031143435509875417
double_centered_full_action_dqn,805,201,84.91151734590531,86.38413656160236,30.17714685201645,54.73437018096447,1.5007048211991787,17014.45077896118,0.0,25.0,0.0,1.0,0.08619047619047626,1.4657909013330936,1.4570339508354664,0.0291898442665115
double_centered_full_action_dqn,805,202,90.72788294553757,86.64750151336195,29.545296043157578,61.18258688747883,1.538997607305646,16878.58150100708,0.0,29.0,0.0,2.0,0.08166666666666667,1.4417664762586355,1.4332769624888897,0.02829838020261377
double_centered_full_action_dqn,805,203,84.68721856921911,86.58887075260283,29.527609281241894,55.15960934758186,1.4952793214470148,16595.82147216797,0.0,25.0,0.0,1.0,0.07714285714285718,1.1597166322171688,1.1494780909270048,0.03412848769221455
double_centered_full_action_dqn,805,204,75.57892945408821,85.77423343919219,27.932939425110817,47.645989909768105,1.4676433429121971,15742.06922531128,0.0,23.0,0.0,0.0,0.0726190476190477,1.1890990287065506,1.1806359104812145,0.028210381045937538
double_centered_full_action_dqn,805,205,60.889420898258685,85.51023954331876,25.630945049226284,35.25847534239292,1.3793976372107863,14412.762615203857,0.0,18.0,0.0,1.0,0.06809523809523821,1.458186998963356,1.4501676578074694,0.026731150457635522
double_centered_full_action_dqn,805,206,82.65589349120856,84.68455411009492,28.12468273192644,54.53121077418327,1.494634780101478,16042.874420166016,0.0,26.0,0.0,2.0,0.06357142857142861,1.033896243199706,1.0250468216836452,0.02949806663673371
double_centered_full_action_dqn,805,207,82.91384495794773,83.974906302467,30.78556228429079,52.128282368183136,1.5209286762401462,17058.050075531006,0.0,25.0,0.0,2.0,0.059047619047619015,1.3066272679716349,1.2977786473929882,0.029495431925170124
double_centered_full_action_dqn,805,208,80.95543955415488,83.07339498206974,28.30350635200739,52.651933097839354,1.470566624775529,15660.672180175781,0.0,25.0,0.0,1.0,0.05452380952380953,1.3043449986726046,1.2956108078360558,0.029114038916304708
double_centered_full_action_dqn,805,209,75.64785939753055,82.39749121077361,28.136300548911095,47.51155908703804,1.471573956310749,15723.393962860107,0.0,21.0,0.0,2.0,0.050000000000000044,1.4098612125962973,1.4002863019704819,0.03191630577202886
double_centered_full_action_dqn,805,210,95.47659815251828,83.43665858060123,31.94444526731968,63.53215248286724,1.6178995994850993,18310.9162940979,0.0,28.0,0.0,1.0,0.050000000000000044,1.2995721716433764,1.2911814916878939,0.027968925656750798
double_centered_full_action_dqn,805,211,77.672767855227,83.12326199002565,30.294361300766468,47.378406405448914,1.5224283691495657,16809.149543762207,0.0,22.0,0.0,0.0,0.050000000000000044,1.5789625626057386,1.5697005651891232,0.030873341602273285
double_centered_full_action_dqn,805,212,82.89815626591444,83.15683321446181,28.336341068148613,54.561815696954724,1.4587426967918873,15577.428371429443,0.0,25.0,0.0,3.0,0.050000000000000044,1.4314055070281029,1.4216910377144814,0.03238154959399253
double_centered_full_action_dqn,805,213,82.53054294884205,83.2977459704876,29.483074620366096,53.04746829867363,1.5109143014997244,16584.80550956726,0.0,25.0,0.0,2.0,0.050000000000000044,1.3893765471875668,1.3801721222698689,0.03068141790572554
double_centered_full_action_dqn,805,214,67.66747715324163,82.08429200522602,27.28349480777979,40.38398227095604,1.3904838850721717,14248.94065284729,0.0,21.0,0.0,0.0,0.050000000000000044,1.3218060545623302,1.3131300881505013,0.02891991112846881
double_centered_full_action_dqn,805,215,91.74057304859161,82.16421558655799,31.906966388225555,59.833605885505676,1.572366270236671,17843.57830429077,0.0,27.0,0.0,0.0,0.050000000000000044,1.486430924385786,1.4776097517460585,0.029403913882561028
double_centered_full_action_dqn,805,216,78.48716950416565,81.68630929380656,28.420024923980236,50.06714428961277,1.4572447668761015,15883.282600402832,0.0,24.0,0.0,0.0,0.050000000000000044,1.5837666019797325,1.5744047332555056,0.031206237501464784
double_centered_full_action_dqn,805,217,56.30547478944063,80.18795349128546,24.8775465041399,31.427928084135054,1.368251796811819,13802.513397216797,0.0,18.0,0.0,3.0,0.050000000000000044,1.4167671874165535,1.4077151101082563,0.030173586099408567
double_centered_full_action_dqn,805,218,83.95702092349529,79.7468795926869,29.139124751091003,54.81789594888687,1.4982636626809835,16194.41484260559,0.0,25.0,0.0,0.0,0.050000000000000044,1.6206507310271263,1.6113782860338688,0.03090815106406808
double_centered_full_action_dqn,805,219,68.76938218772412,79.5419198936224,26.9077021330595,41.86168003976345,1.432047950103879,15084.172967910767,0.0,21.0,0.0,1.0,0.050000000000000044,1.2734932098537683,1.2647256702184677,0.02922516211401671
double_centered_full_action_dqn,805,220,78.94211945682764,79.17076444499196,28.64987874031067,50.292240515351295,1.4948769677430391,16029.946002960205,0.0,25.0,0.0,2.0,0.050000000000000044,1.4165556579828262,1.407367130741477,0.030628408072516322
double_centered_full_action_dqn,805,221,85.79831893146039,79.21510452426972,30.49240955710411,55.30590991079807,1.538253459148109,16793.106561660767,0.0,26.0,0.0,1.0,0.050000000000000044,1.3523023892194033,1.3433903269469738,0.029706826782785356
double_centered_full_action_dqn,805,222,74.7528427258134,78.4163525132835,27.23075446486473,47.52208841741085,1.437539979815483,15444.342977523804,0.0,24.0,0.0,1.0,0.050000000000000044,1.125863704830408,1.117490379139781,0.027911109500564635
double_centered_full_action_dqn,805,223,75.82045923173428,77.97301454640926,27.62540489435196,48.19505429267883,1.4516009967774153,15406.118312835693,0.0,22.0,0.0,0.0,0.050000000000000044,1.4130378104746342,1.4038562308996916,0.030605210224166512
double_centered_full_action_dqn,805,224,85.61045931279659,78.47459103934469,29.698120698332787,55.912338718771935,1.5206432361155748,16682.242595672607,0.0,27.0,0.0,0.0,0.050000000000000044,1.4732332397252321,1.4650595942512155,0.027245469973422587
double_centered_full_action_dqn,805,225,94.08434897661209,80.13433744326235,31.981554239988327,62.10279434919357,1.5583596555516124,18028.582218170166,0.0,28.0,0.0,0.0,0.050000000000000044,1.2293594889342785,1.2198340259492397,0.031751526053994894
double_centered_full_action_dqn,805,226,84.65511639416218,80.23429858841003,29.56561876833439,55.089497685432434,1.5270480923354626,17053.99030303955,0.0,25.0,0.0,1.0,0.050000000000000044,1.6569585874676704,1.6487737260758877,0.02728290541563183
double_centered_full_action_dqn,805,227,78.46759832799435,80.01198625691237,28.849252335727215,49.61834596991539,1.4989862395450473,16372.247953414917,0.0,24.0,0.0,1.0,0.050000000000000044,1.4668262992054224,1.4587392676621675,0.026956787332892418
double_centered_full_action_dqn,805,228,87.8040139451623,80.35441497646272,30.55736894160509,57.24664452672005,1.5485552102327347,17412.474884033203,0.0,25.0,0.0,2.0,0.050000000000000044,1.4244530983269215,1.415443029254675,0.03003356233239174
double_centered_full_action_dqn,805,229,93.50884632766247,81.24746432296932,31.208660379052162,62.300186321139336,1.5805715015158057,17797.20645904541,0.0,29.0,0.0,1.0,0.050000000000000044,1.4305859990417957,1.4210865460336208,0.03166486707050353
double_centered_full_action_dqn,805,230,86.3977729767561,80.79352306418123,31.869297191500664,54.52847612798214,1.5561795551329851,18101.51165008545,0.0,23.0,0.0,1.0,0.050000000000000044,1.5229036416858435,1.5142122022807598,0.028971478925086558
double_centered_full_action_dqn,805,231,88.14821089804173,81.31729521632195,29.790063977241516,58.35814689099789,1.4924111124128103,16354.200176239014,0.0,28.0,0.0,0.0,0.050000000000000044,1.3853269834071398,1.376587813720107,0.029130548588000238
double_centered_full_action_dqn,805,232,82.2928571254015,81.2870302592963,29.28128857910633,53.01156869530678,1.5011327490210533,16228.515113830566,0.0,26.0,0.0,0.0,0.050000000000000044,1.8816145695745945,1.87288748472929,0.029090265044942498
double_centered_full_action_dqn,805,233,82.44709094017745,81.28285765886308,28.454447627067566,53.99264336526394,1.470474892295897,15869.329460144043,0.0,24.0,0.0,2.0,0.050000000000000044,1.475827794522047,1.4668307323008776,0.029990214621648192
double_centered_full_action_dqn,805,234,84.04853494465351,82.10191054843366,31.718009158968925,52.33052618801594,1.5065547293052077,17502.73436164856,0.0,25.0,0.0,0.0,0.050000000000000044,1.626506308093667,1.6164405886083841,0.03355241275858134
double_centered_full_action_dqn,805,235,80.5495744496584,81.54236061848701,29.42090194672346,51.12867161631584,1.4942121990025043,16295.64859008789,0.0,23.0,0.0,0.0,0.050000000000000044,1.6138398442417383,1.6051188446581364,0.029070005984976888
double_centered_full_action_dqn,805,236,73.72660323381425,81.30433230496945,27.585146754980087,46.141456270217894,1.432612962089479,15026.682762145996,0.0,22.0,0.0,1.0,0.050000000000000044,1.3428144119679928,1.334405243396759,0.028030567336827517
double_centered_full_action_dqn,805,237,85.39387341737748,82.75875223636629,30.19948647171259,55.194387131929396,1.5438710246235132,16972.709144592285,0.0,27.0,0.0,2.0,0.050000000000000044,1.4897208698093891,1.480965569615364,0.029184316284954548
double_centered_full_action_dqn,805,238,88.2008162215352,82.97094200126828,31.654968693852425,56.54584723711014,1.5356187680736184,17389.679264068604,0.0,25.0,0.0,2.0,0.050000000000000044,0.8690332118421793,0.8608242459595203,0.02736320800613612
double_centered_full_action_dqn,805,239,78.6041347682476,83.46267963029445,27.859552562236786,50.744582414627075,1.4757683761417866,15750.614681243896,0.0,26.0,0.0,0.0,0.050000000000000044,1.4799935221672058,1.4705639481544495,0.03143189870752394
double_centered_full_action_dqn,805,240,64.25786763727665,82.7284670393169,27.1623462587595,37.09552152752876,1.4257164439186454,14959.907302856445,0.0,20.0,0.0,2.0,0.050000000000000044,1.377311246469617,1.3673020172864199,0.033364152419380844
double_centered_full_action_dqn,805,241,79.99067954123021,82.4380850698054,28.461326405406,51.52935361266136,1.4910031948238611,15780.822746276855,0.0,24.0,0.0,2.0,0.050000000000000044,1.3664964493364096,1.358063554391265,0.028109649079851806
double_centered_full_action_dqn,805,242,100.68481236100197,83.73468355156481,31.92724174261093,68.7575700223446,1.590972788631916,18065.322265625,0.0,30.0,0.0,2.0,0.050000000000000044,1.3371076863259077,1.3281873520463705,0.02973445749375969
double_centered_full_action_dqn,805,243,75.79652911424637,83.73348704569042,28.08362115174532,47.71290834248066,1.4605867387726903,15863.081729888916,0.0,22.0,0.0,0.0,0.050000000000000044,1.3609256241470575,1.3504990972578526,0.03475507686380297
double_centered_full_action_dqn,805,244,92.93241139650345,84.09958464987578,29.359474256634712,63.572937124967574,1.5021931119263172,16433.179969787598,0.0,29.0,0.0,2.0,0.050000000000000044,1.0882111433893442,1.0782222747802734,0.03329618007410318
double_centered_full_action_dqn,805,245,78.18610032051802,83.30467221707107,29.475581996142864,48.71051827967167,1.4847700307145715,16305.315479278564,0.0,22.0,0.0,1.0,0.050000000000000044,1.2933278568089008,1.2849325276911259,0.027984422398731112
double_centered_full_action_dqn,805,246,92.04439817667007,83.67413630619646,31.333578273653984,60.71081972420215,1.569528260268271,17822.038063049316,0.0,27.0,0.0,4.0,0.050000000000000044,1.2115336302667856,1.203047938644886,0.028285641805268824
double_centered_full_action_dqn,805,247,86.25963018089533,84.06373789884151,31.894469872117043,54.36516037583351,1.5633895611390471,17963.26361656189,0.0,25.0,0.0,0.0,0.050000000000000044,1.189082207158208,1.178699629381299,0.034608597750775516
double_centered_full_action_dqn,805,248,83.15741928964853,83.83140816606581,30.364307574927807,52.79311144649982,1.519200460985303,16893.884700775146,0.0,24.0,0.0,3.0,0.050000000000000044,1.502358753234148,1.4934299997985363,0.029762502410449088
double_centered_full_action_dqn,805,249,85.62944309413433,83.4374380043894,29.58157804608345,56.0478650778532,1.5282921390607953,16750.843406677246,0.0,28.0,0.0,0.0,0.050000000000000044,1.3824755568057299,1.3735023513436317,0.02991066046524793
double_centered_full_action_dqn,805,250,73.89361455440522,82.81223008327187,28.98080636560917,44.91280787587166,1.4928185110911727,16539.354095458984,0.0,20.0,0.0,1.0,0.050000000000000044,1.7511766329407692,1.740950521081686,0.03408701985608786
double_centered_full_action_dqn,805,251,93.8195470660925,83.09579689167441,32.53611961752176,61.28342751562595,1.58799690566957,18059.675498962402,0.0,28.0,0.0,2.0,0.050000000000000044,1.3079034332185984,1.2997062020003796,0.027324118767865002
double_centered_full_action_dqn,805,252,91.8232732117176,83.57231769599022,31.776475608348846,60.04679737985134,1.593541381880641,18182.20632171631,0.0,28.0,0.0,0.0,0.050000000000000044,1.9958675242960453,1.9870482869446278,0.02939744759351015
double_centered_full_action_dqn,805,253,82.76417040973902,83.5881716694683,29.9317911490798,52.83237945437431,1.515011940151453,16947.074752807617,0.0,24.0,0.0,3.0,0.050000000000000044,1.7132906336337328,1.7033346816897392,0.033186537330038846
double_centered_full_action_dqn,805,254,67.11204569786787,82.74134720712902,28.19310351461172,38.91894292831421,1.4395030541345477,15492.519947052002,0.0,20.0,0.0,0.0,0.050000000000000044,1.454576363787055,1.4435834996402264,0.03664284816477448
double_centered_full_action_dqn,805,255,87.62409039139747,83.09507300421596,30.53425309062004,57.08983747959137,1.5413348646834493,17293.669525146484,0.0,25.0,0.0,4.0,0.050000000000000044,1.2437527887523174,1.2345116287469864,0.03080387506633997
double_centered_full_action_dqn,805,256,84.49824767708779,83.63365522637964,28.745611239224672,55.75263603925705,1.4525411473587155,15808.047985076904,0.0,25.0,0.0,2.0,0.050000000000000044,1.627051591873169,1.6181405894458294,0.029703299747779965
double_centered_full_action_dqn,805,257,83.1903185337782,83.52347748219968,30.81296269595623,52.37735598683357,1.5460744788870215,17154.137321472168,0.0,25.0,0.0,1.0,0.050000000000000044,1.4124004524201155,1.4030681289732456,0.031107792048715055
double_centered_full_action_dqn,805,258,86.35033612698317,83.43095347747209,32.73159473389387,53.61874163150787,1.5677076680585742,18030.145847320557,0.0,23.0,0.0,0.0,0.050000000000000044,1.3654301017522812,1.3557757791131735,0.032181059126742184
double_centered_full_action_dqn,805,259,70.45304290950298,83.02339888453484,26.141376741230488,44.31166560947895,1.4195862878113985,14676.507633209229,0.0,23.0,0.0,0.0,0.050000000000000044,1.613925039768219,1.6032853834331036,0.03546547703444958
double_centered_full_action_dqn,805,260,76.46566692143679,83.63378884874285,28.658083990216255,47.80758283436298,1.4839540105313063,16160.252082824707,0.0,23.0,0.0,1.0,0.050000000000000044,1.4648564402014017,1.4548785258084536,0.033259722986258566
double_centered_full_action_dqn,805,261,73.15988924354315,83.2922493338585,27.545218765735626,45.61467033624649,1.4618308395147324,15486.047674179077,0.0,22.0,0.0,0.0,0.050000000000000044,1.8414287250488997,1.832237359136343,0.03063793678302318
double_centered_full_action_dqn,805,262,86.96375471502543,82.60619645155967,29.94689255207777,57.01686187982559,1.5470095351338387,17130.677360534668,0.0,25.0,0.0,2.0,0.050000000000000044,1.6129776369780302,1.603832433000207,0.030484100221656263
double_centered_full_action_dqn,805,263,79.47289633899928,82.79001481279734,28.8956633284688,50.57723341286182,1.491720750927925,16397.077724456787,0.0,23.0,0.0,2.0,0.050000000000000044,1.413484986871481,1.4026383683085442,0.03615535225253552
double_centered_full_action_dqn,805,264,84.03591618686914,82.3451900523156,30.88975054770708,53.146164909005165,1.5332158962264657,17291.373306274414,0.0,25.0,0.0,0.0,0.050000000000000044,1.3556058164685965,1.3469981402158737,0.028692231979221106
double_centered_full_action_dqn,805,265,86.8186514750123,82.77681761004033,29.788660384714603,57.029991298913956,1.5378459999337792,16978.249305725098,0.0,25.0,0.0,0.0,0.050000000000000044,1.5700845513492823,1.5607044696807861,0.03126698546111584
double_centered_full_action_dqn,805,266,81.6103486418724,82.25511513330044,30.414276406168938,51.19607236981392,1.5189521657302976,16944.595386505127,0.0,22.0,0.0,1.0,0.050000000000000044,1.1919383816421032,1.1834148075431585,0.028411924955435097
double_centered_full_action_dqn,805,267,83.56793740540743,82.12053049452604,30.543438367545605,53.024499440193175,1.5344091560691595,17157.525135040283,0.0,25.0,0.0,2.0,0.050000000000000044,1.526189899072051,1.5158803295344114,0.03436522523406893
double_centered_full_action_dqn,805,268,81.47288379818201,82.03630371995271,29.360565148293972,52.11231902241707,1.517560737207532,16586.026824951172,0.0,24.0,0.0,0.0,0.050000000000000044,1.5706993956118822,1.5607486702501774,0.033169102389365435
double_centered_full_action_dqn,805,269,76.85541065782309,81.59760209813714,27.3876731172204,49.46773748099804,1.445103774778545,15184.706386566162,0.0,23.0,0.0,1.0,0.050000000000000044,1.5315110180526972,1.5230214726179838,0.028298529679886997
double_centered_full_action_dqn,805,270,81.6761848732829,81.98673061408103,30.397450171411037,51.27873462736606,1.5204480877146125,17263.691776275635,0.0,22.0,0.0,2.0,0.050000000000000044,1.1060213074088097,1.0959498528391123,0.03357147332280874
double_centered_full_action_dqn,805,271,81.3238624945283,81.36194638550282,28.537356294691563,52.78650618493557,1.4939903458580375,16213.977806091309,0.0,25.0,0.0,2.0,0.050000000000000044,1.637017672881484,1.6277161464095116,0.031005070894025266
double_centered_full_action_dqn,805,272,78.71630115061998,80.70659778244794,27.643072433769703,51.07322883605957,1.4707750361412764,15873.00267791748,0.0,25.0,0.0,0.0,0.050000000000000044,1.644240364432335,1.6357361897826195,0.028347222367301583
double_centered_full_action_dqn,805,273,88.15041646361351,80.97591008514166,30.158042334020138,57.99237418174744,1.4955486254766583,16545.351081848145,0.0,27.0,0.0,0.0,0.050000000000000044,1.5182562302798033,1.5085977800190449,0.032194800791330636
double_centered_full_action_dqn,805,274,89.4736409649253,82.09398984849454,30.330766573548317,59.14287439882755,1.5375964744016528,17379.17008781433,0.0,27.0,0.0,1.0,0.050000000000000044,1.491771211847663,1.4838074939325452,0.02654569293372333
double_centered_full_action_dqn,805,275,95.4442188680172,82.48499627232552,34.30824661254883,61.13597228527069,1.6205178955569863,19173.737579345703,0.0,26.0,0.0,3.0,0.050000000000000044,1.4774011932313442,1.4675258472561836,0.03291780757717788
double_centered_full_action_dqn,805,276,75.55040141344071,82.03760395914318,28.272670686244965,47.27773060798645,1.4842605460435152,15959.630672454834,0.0,22.0,0.0,2.0,0.050000000000000044,1.3561206003651023,1.3477441389113665,0.02792155323550105
double_centered_full_action_dqn,805,277,74.84275855123997,81.62022596001626,28.098292842507362,46.74446561932564,1.4715728340670466,16156.859970092773,0.0,24.0,0.0,0.0,0.050000000000000044,1.606411188840866,1.5989162772893906,0.02498306124471128
double_centered_full_action_dqn,805,278,83.51287335157394,81.4783528212458,28.947445176541805,54.5654279589653,1.5255712438374758,16571.223583221436,0.0,25.0,0.0,1.0,0.050000000000000044,1.4561457615345716,1.44784265011549,0.027677017846144736
double_centered_full_action_dqn,805,279,71.20658700913191,81.51603002622724,26.876030676066875,44.330556124448776,1.448001841083169,15027.821128845215,0.0,21.0,0.0,0.0,0.050000000000000044,1.3630903903394938,1.3524376209825277,0.035509259440004826
double_centered_full_action_dqn,805,280,80.56286570578814,81.7208899654448,28.605250395834446,51.957615384459494,1.4663757598027587,16389.933652877808,0.0,23.0,0.0,3.0,0.050000000000000044,1.0311275534331799,1.0202642939984798,0.03621091565582901
double_centered_full_action_dqn,805,281,86.05742793679238,82.36576690010727,28.99026119709015,57.06716708242893,1.5154012367129326,16845.63306427002,0.0,25.0,0.0,2.0,0.050000000000000044,1.2679520603269339,1.2578433565795422,0.0336956512182951
double_centered_full_action_dqn,805,282,76.88393790572881,81.86177605964244,28.691931501030922,48.192006173729894,1.4505876312032342,15959.74104309082,0.0,23.0,0.0,2.0,0.050000000000000044,1.6474939119070768,1.6387717593461275,0.029073845478706062
double_centered_full_action_dqn,805,283,78.821155436337,81.82918901450934,29.885247848927975,48.93590807914734,1.4599399622529745,16122.844356536865,0.0,22.0,0.0,0.0,0.050000000000000044,1.3336955029517412,1.325332073494792,0.02787807595450431
double_centered_full_action_dqn,805,284,95.77009419351816,82.41589791484178,31.465187422931194,64.30490729212761,1.5797733813524246,17991.261657714844,0.0,29.0,0.0,2.0,0.050000000000000044,1.8410736452788115,1.8328298944979906,0.0274791254196316
double_centered_full_action_dqn,805,285,75.06470282375813,81.82820048227906,28.542150773108006,46.522551998496056,1.4859006144106388,16136.080387115479,0.0,22.0,0.0,0.0,0.050000000000000044,1.8515098057687283,1.8427681103348732,0.029138979618437588
double_centered_full_action_dqn,805,286,98.34878832399845,82.66512246638537,33.14301164448261,65.20577694773674,1.6065976936370134,18666.30821609497,0.0,29.0,0.0,3.0,0.050000000000000044,1.7052166443318129,1.6957109812647104,0.03168553253635764
double_centered_full_action_dqn,805,287,79.50160504132509,82.46180584818124,31.047845475375652,48.453759893774986,1.5210204431787133,17591.274604797363,0.0,22.0,0.0,0.0,0.050000000000000044,1.6784017700701952,1.6684321351349354,0.03323218831792474
double_centered_full_action_dqn,805,288,91.3243166834116,82.95437749244272,29.91799772530794,61.406318831443784,1.5476584257557988,17194.50302886963,0.0,29.0,0.0,3.0,0.050000000000000044,1.6601820588111877,1.6510999891906977,0.030273631447926164
double_centered_full_action_dqn,805,289,87.7759228348732,83.50040310129523,30.82917207479477,56.94675052165985,1.5431229704990983,17083.97832107544,0.0,28.0,0.0,0.0,0.050000000000000044,1.1588622089475393,1.1506069581955671,0.027517491718754172
double_centered_full_action_dqn,805,290,72.41277497410775,83.03723260633647,26.63983128964901,45.77294405698776,1.4278894690796733,14792.082870483398,0.0,22.0,0.0,1.0,0.050000000000000044,1.326716212555766,1.3183503225445747,0.027886283118277788
double_centered_full_action_dqn,805,291,83.7188882753253,83.15698389537633,30.20323419570923,53.51565372943878,1.5254514683037996,17087.922233581543,0.0,25.0,0.0,1.0,0.050000000000000044,1.3550164550542831,1.3463062681257725,0.029033938539214432
double_centered_full_action_dqn,805,292,90.42508229017258,83.74242295235396,31.258270412683487,59.16681163907051,1.5567179964855313,17416.978912353516,0.0,27.0,0.0,1.0,0.050000000000000044,1.5490831956267357,1.5406009890139103,0.02827408059965819
double_centered_full_action_dqn,805,293,74.59933771938086,83.06486901514234,30.2581754848361,44.34116220474243,1.5276172505691648,17004.196376800537,0.0,23.0,0.0,1.0,0.050000000000000044,1.6909204479306936,1.682183962315321,0.029121601954102516
double_centered_full_action_dqn,805,294,82.49240347146988,82.71580714046956,29.59980581700802,52.89259752035141,1.5227345079183578,16963.25698852539,0.0,24.0,0.0,1.0,0.050000000000000044,1.1084641981869936,1.0999976620078087,0.028221786837093532
double_centered_full_action_dqn,805,295,87.02269864082336,82.29473112910986,31.815785989165306,55.20691275596619,1.590997228398919,18144.903972625732,0.0,26.0,0.0,1.0,0.050000000000000044,1.6195289511233568,1.6105941478163004,0.029782714787870646
double_centered_full_action_dqn,805,296,84.71208496391773,82.75281530663372,31.6948224529624,53.01726292073727,1.5646357163786888,17982.908557891846,0.0,25.0,0.0,1.0,0.050000000000000044,1.8958353903144598,1.886377315968275,0.031526991399005055
double_centered_full_action_dqn,805,297,71.43456889986992,82.5824058240652,26.564776711165905,44.869791853427884,1.4184513818472624,14772.997215270996,0.0,22.0,0.0,2.0,0.050000000000000044,1.7770285475999117,1.7690919991582632,0.02645520435180515
double_centered_full_action_dqn,805,298,78.16419360935689,82.31497183695436,29.805674955248833,48.35851868391037,1.5427635740488768,17343.738529205322,0.0,23.0,0.0,2.0,0.050000000000000044,1.4380633495748043,1.4297172501683235,0.02782028936780989
double_centered_full_action_dqn,805,299,86.42629055082799,83.07595701403916,29.563590072095394,56.86270094811916,1.5005984902381897,16857.897705078125,0.0,26.0,0.0,1.0,0.050000000000000044,1.724699379876256,1.716593001037836,0.027021302958019078
double_centered_full_action_dqn,805,300,83.32059241086245,83.21384334929289,30.939898192882538,52.38069435954094,1.5066908011212945,17233.98871231079,0.0,26.0,0.0,0.0,0.050000000000000044,1.6954863797873259,1.6864012479782104,0.03028376109432429
double_centered_full_action_dqn,805,301,91.92265709489584,83.50710480719805,33.29550049453974,58.62715634703636,1.5887736361473799,18506.55404472351,0.0,27.0,0.0,1.0,0.050000000000000044,1.0384808853268623,1.0302528385072947,0.027426863787695765
double_centered_full_action_dqn,805,302,69.24311584234238,83.12506370402873,26.214105121791363,43.02901041507721,1.426400950178504,14876.874786376953,0.0,21.0,0.0,0.0,0.050000000000000044,1.4729508943855762,1.4651102591305971,0.02613550634123385
double_centered_full_action_dqn,805,303,73.51026027649641,82.8595189460367,26.20110748708248,47.30915251374245,1.42872707080096,14663.506025314331,0.0,22.0,0.0,0.0,0.050000000000000044,1.218916729092598,1.210693135857582,0.027411949122324586
double_centered_full_action_dqn,805,304,85.69198150932789,82.35561331182718,30.453288331627846,55.23869323730469,1.5336701506748796,17426.04529953003,0.0,26.0,0.0,3.0,0.050000000000000044,1.874844204634428,1.865717250853777,0.030423226417042315
double_centered_full_action_dqn,805,305,67.76222597956658,81.99048946961761,26.110280990600586,41.65194530189037,1.4371149325743318,14892.319370269775,0.0,21.0,0.0,2.0,0.050000000000000044,1.5494590196758509,1.541625376790762,0.02611214097123593
double_centered_full_action_dqn,805,306,83.05564583986998,81.22583234541119,31.347647555172443,51.70799788236618,1.5542966788634658,17560.88021850586,0.0,24.0,0.0,1.0,0.050000000000000044,1.6278490331023932,1.6200662776827812,0.025942566455341876
double_centered_full_action_dqn,805,307,66.65953503549099,80.58372884511948,26.304727017879486,40.35480797290802,1.4321432281285524,15197.970958709717,0.0,20.0,0.0,0.0,0.050000000000000044,1.5280287228524685,1.5191048048436642,0.029746470623649657
double_centered_full_action_dqn,805,308,85.07308905720711,80.27116746380928,30.59511512517929,54.47797400653362,1.5807501478120685,17966.531394958496,0.0,27.0,0.0,1.0,0.050000000000000044,1.6350646167993546,1.626097308471799,0.029891045880503953
double_centered_full_action_dqn,805,309,93.78018030524254,80.57138033732772,30.524018570780754,63.256162002682686,1.5274985283613205,17189.890911102295,0.0,28.0,0.0,0.0,0.050000000000000044,1.37498645670712,1.367103723809123,0.02627577295061201
double_centered_full_action_dqn,805,310,77.80913938581944,80.84119855791332,29.146542862057686,48.66259625554085,1.4961780719459057,16361.254180908203,0.0,22.0,0.0,1.0,0.050000000000000044,1.6417813524603844,1.6337613053619862,0.026733521721325815
double_centered_full_action_dqn,805,311,77.09253845363855,80.50988106682897,30.240052707493305,46.852485820651054,1.5031995056197047,17176.488830566406,0.0,21.0,0.0,0.0,0.050000000000000044,2.0395082123577595,2.0310750417411327,0.028110545361414552
double_centered_full_action_dqn,805,312,98.27668477743865,80.90246119119226,31.802228964865208,66.47445633411408,1.5838389871641994,18176.033405303955,0.0,30.0,0.0,2.0,0.050000000000000044,1.6242867019027472,1.615514386445284,0.029241114389151335
double_centered_full_action_dqn,805,313,84.09926481544971,81.37745754599571,31.623692862689495,52.47557231783867,1.5477895801886916,17965.048580169678,0.0,24.0,0.0,0.0,0.050000000000000044,1.547963958233595,1.5404621735215187,0.025005965610034764
double_centered_full_action_dqn,805,314,79.91077228188514,81.24837598651648,28.959213569760323,50.951558622717855,1.4866111930459738,16194.36946105957,0.0,24.0,0.0,3.0,0.050000000000000044,1.3832095935940742,1.3753160946071148,0.026311690686270595
double_centered_full_action_dqn,805,315,67.31774970889091,80.26312853991986,26.973822206258774,40.34392806887627,1.438864010386169,15608.772674560547,0.0,20.0,0.0,0.0,0.050000000000000044,1.7781901471316814,1.7684126757085323,0.032591538270935416
double_centered_full_action_dqn,805,316,85.87229924798012,80.32113925412297,30.112526513636112,55.75977271199226,1.529011839069426,16899.111309051514,0.0,26.0,0.0,2.0,0.050000000000000044,1.4530026949942112,1.4448883514851332,0.027047768468037248
double_centered_full_action_dqn,805,317,86.1036085486412,81.05459123656155,28.64274577051401,57.46086287498474,1.5129061816260219,16522.09782409668,0.0,26.0,0.0,0.0,0.050000000000000044,1.6636654678732157,1.654598604887724,0.030222847475670278
double_centered_full_action_dqn,805,318,85.66850054264069,81.42980658322573,29.976526744663715,55.69197356700897,1.5432047247886658,17122.216930389404,0.0,28.0,0.0,1.0,0.050000000000000044,1.6335026919841766,1.6255841292440891,0.026395227294415236
double_centered_full_action_dqn,805,319,68.63289292901754,80.54013670213521,27.31635307520628,41.31654018163681,1.459828531369567,15715.654739379883,0.0,19.0,0.0,1.0,0.050000000000000044,1.579138807952404,1.5707015115767717,0.028124360949732363
double_centered_full_action_dqn,805,320,88.90641587227583,80.81942787520589,31.8094295412302,57.09698659181595,1.5881337113678455,18253.444221496582,0.0,26.0,0.0,1.0,0.050000000000000044,1.7240899410098791,1.7145956698805094,0.03164754621684551
double_centered_full_action_dqn,805,321,86.28053147494794,80.53732159420848,29.219577819108963,57.06095317900181,1.5482666175812483,16681.239402770996,0.0,26.0,0.0,4.0,0.050000000000000044,1.6121434196829796,1.6032322645187378,0.029703897307626903
double_centered_full_action_dqn,805,322,80.41414338350296,81.09587297126652,29.39538600295782,51.01875722408295,1.5136376526206732,16818.71279525757,0.0,23.0,0.0,2.0,0.050000000000000044,1.6097154337912798,1.601163201034069,0.02850746805779636
double_centered_full_action_dqn,805,323,85.18816758692265,81.67976833678782,30.115046337246895,55.07312160730362,1.5461638774722815,16956.46128463745,0.0,25.0,0.0,0.0,0.050000000000000044,1.3316797409206629,1.3234393652528524,0.02746795944403857
double_centered_full_action_dqn,805,324,87.67111183851958,81.77872485324743,28.237595170736313,59.433517256379126,1.4603606900200248,15681.277908325195,0.0,26.0,0.0,1.0,0.050000000000000044,1.4852102361619473,1.4781478587538004,0.02354127063881606
double_centered_full_action_dqn,805,325,72.02690516412258,81.9919588124752,28.65786199271679,43.36904302239418,1.4778503738343716,15978.772537231445,0.0,20.0,0.0,0.0,0.050000000000000044,1.421066464856267,1.4122618082910776,0.02934877062216401
double_centered_full_action_dqn,805,326,80.71030118316412,81.87469157963992,28.854623645544052,51.85567747056484,1.489011200144887,16488.33652496338,0.0,24.0,0.0,0.0,0.050000000000000044,1.6142780985683203,1.6062250398099422,0.026843537227250636
double_centered_full_action_dqn,805,327,83.84888429194689,82.73415904246272,28.68729642778635,55.161587834358215,1.4938435247167945,16646.43236541748,0.0,25.0,0.0,0.0,0.050000000000000044,1.4250790160149336,1.4160275012254715,0.03017173637636006
double_centered_full_action_dqn,805,328,87.26648257672787,82.84382871843874,31.533416002988815,55.73306658864021,1.5597087629139423,17698.32869911194,0.0,25.0,0.0,1.0,0.050000000000000044,2.3462367057800293,2.3374751657247543,0.02920519863255322
double_centered_full_action_dqn,805,329,62.78195814192295,81.29391761027277,24.40420650690794,38.37775164246559,1.3641597926616669,13679.592571258545,0.0,19.0,0.0,1.0,0.050000000000000044,1.8327801879495382,1.8232050333172083,0.03191720868926495
double_centered_full_action_dqn,805,330,81.90709447860718,81.49881536491216,27.813979908823967,54.09311482310295,1.4804429654031992,15630.79863357544,0.0,26.0,0.0,0.0,0.050000000000000044,1.3567784987390041,1.3480444587767124,0.02911350119393319
double_centered_full_action_dqn,805,331,82.97763067483902,81.79306997597219,29.031267039477825,53.94636395573616,1.4839914171025157,16258.907402038574,0.0,24.0,0.0,0.0,0.050000000000000044,1.7956762686371803,1.788134753704071,0.02513838023878634
double_centered_full_action_dqn,805,332,65.8928240314126,80.17387693867087,27.061186976730824,38.83163693547249,1.4331241557374597,15140.293579101562,0.0,21.0,0.0,1.0,0.050000000000000044,1.5892471559345722,1.5808821115642786,0.027883444912731647
double_centered_full_action_dqn,805,333,80.6021319553256,79.99902029566468,29.023935325443745,51.578196585178375,1.474954867735505,16022.660907745361,0.0,24.0,0.0,1.0,0.050000000000000044,1.5990143585950136,1.5900835320353508,0.029769389424473047
double_centered_full_action_dqn,805,334,80.95223953872919,80.05109365850686,29.889529444277287,51.062710526585576,1.4961399482563138,16983.683570861816,0.0,25.0,0.0,2.0,0.050000000000000044,1.579245576635003,1.5705399923026562,0.029018639703281224
double_centered_full_action_dqn,805,335,74.76460263133049,80.42343630462884,28.641513526439667,46.123089358210564,1.4951555477455258,16352.929647445679,0.0,23.0,0.0,1.0,0.050000000000000044,1.480520823970437,1.4716016557067633,0.029730574460700154
double_centered_full_action_dqn,805,336,78.69602742791176,80.06462271362543,26.99704236537218,51.69898498058319,1.4942633919417858,15737.228288650513,0.0,23.0,0.0,1.0,0.050000000000000044,1.4386885315179825,1.4289551973342896,0.0324444395955652
double_centered_full_action_dqn,805,337,92.5491496488452,80.38689976863563,31.822144202888012,60.72700553536415,1.5748631646856666,17949.43129348755,0.0,27.0,0.0,1.0,0.050000000000000044,1.4280195236206055,1.4173021707683802,0.03572450950741768
double_centered_full_action_dqn,805,338,74.2222413495183,79.81458680897951,27.104199953377247,47.11804161965847,1.4485778966918588,15360.833339691162,0.0,22.0,0.0,1.0,0.050000000000000044,1.4382762610912323,1.4299112651497126,0.027883391245268285
double_centered_full_action_dqn,805,339,99.57077487707139,81.36148090638221,32.68581338226795,66.88496119678021,1.5863804798573256,18234.677406311035,0.0,29.0,0.0,1.0,0.050000000000000044,1.4802616033703089,1.471453795209527,0.02935930492822081
double_centered_full_action_dqn,805,340,71.09730064123869,80.47102514483035,28.32117608934641,42.77612467110157,1.4526242399588227,15686.934555053711,0.0,21.0,0.0,3.0,0.050000000000000044,1.7334615960717201,1.725181208923459,0.027601224137470126
double_centered_full_action_dqn,805,341,74.82062929868698,79.8980300360173,28.682144336402416,46.13848541676998,1.4832127718254924,16149.572414398193,0.0,22.0,0.0,1.0,0.050000000000000044,1.522857178002596,1.514551455155015,0.027685766224749386
double_centered_full_action_dqn,805,342,69.16237383633852,79.33544155865908,27.305537648499012,41.85683575570583,1.4499112833291292,15488.838947296143,0.0,19.0,0.0,2.0,0.050000000000000044,1.7364288736134768,1.7275531142950058,0.029585872776806355
double_centered_full_action_dqn,805,343,89.98633869737387,79.57535011418165,30.123871229588985,59.86246711015701,1.5283823162317276,17564.5574760437,0.0,27.0,0.0,0.0,0.050000000000000044,1.4194650314748287,1.4108152613043785,0.028832583222538233
double_centered_full_action_dqn,805,344,74.79488261938096,78.9315386532247,28.88373925536871,45.911143550276755,1.480907534249127,16250.43254852295,0.0,22.0,0.0,1.0,0.050000000000000044,1.9453785680234432,1.935858927667141,0.03173206245992333
double_centered_full_action_dqn,805,345,83.33213893324137,79.49680034168065,29.698030032217503,53.63410887122154,1.5054262792691588,16634.47629928589,0.0,25.0,0.0,1.0,0.050000000000000044,1.7630400974303484,1.7538618370890617,0.030594247044064105
double_centered_full_action_dqn,805,346,95.70754428356886,80.24666249670089,31.993288926780224,63.71425532698631,1.5929464381188154,18189.39014816284,0.0,29.0,0.0,1.0,0.050000000000000044,1.2785412445664406,1.2687451336532831,0.032653731759637594
double_centered_full_action_dqn,805,347,83.41379404813051,80.22490798451008,30.304547496140003,53.10924641788006,1.5175300808623433,16892.841342926025,0.0,24.0,0.0,0.0,0.050000000000000044,1.5996750574558973,1.5911523383110762,0.028409012011252344
double_centered_full_action_dqn,805,348,86.39994179010391,80.18158094517887,28.71892550587654,57.6810161948204,1.500074208714068,16420.261959075928,0.0,26.0,0.0,2.0,0.050000000000000044,1.5789866875857115,1.5707105342298746,0.027587264077737927
double_centered_full_action_dqn,805,349,70.67512642741204,80.57623935945334,27.700451895594597,42.974674546718596,1.4486497128382325,15534.859119415283,0.0,21.0,0.0,2.0,0.050000000000000044,1.6443054676055908,1.6354002635926008,0.02968405489809811
double_centered_full_action_dqn,805,350,86.264046497643,80.79408696040511,29.46698308736086,56.79706363379955,1.5313336718827486,17069.20264816284,0.0,26.0,0.0,1.0,0.050000000000000044,1.7838495895266533,1.7745420932769775,0.031024987110868096
double_centered_full_action_dqn,805,351,83.17743418365717,80.80407713584603,30.9364075884223,52.24102580547333,1.5221722023561597,17334.58908843994,0.0,25.0,0.0,1.0,0.050000000000000044,2.026760635897517,2.0176607351750135,0.030333060072734952
double_centered_full_action_dqn,805,352,90.11466999351978,82.01516943395139,32.13051173090935,57.984158754348755,1.5710223820060492,18126.913055419922,0.0,25.0,0.0,2.0,0.050000000000000044,1.744925381615758,1.7363206576555967,0.02868241153191775
double_centered_full_action_dqn,805,353,82.7944903999567,82.12478735618294,29.653271324932575,53.14121926128864,1.509076664224267,16646.90407180786,0.0,24.0,0.0,2.0,0.050000000000000044,1.4830256290733814,1.4750122968107462,0.026711121667176485
double_centered_full_action_dqn,805,354,67.15786031633615,81.43506839506328,26.63361706584692,40.52424305677414,1.4397448617964983,15247.835647583008,0.0,20.0,0.0,0.0,0.050000000000000044,1.9547313526272774,1.9460826106369495,0.028829149901866913
double_centered_full_action_dqn,805,355,103.42596386373043,82.86813645668327,32.819745391607285,70.60621802508831,1.615518913604319,18674.887405395508,0.0,31.0,0.0,0.0,0.050000000000000044,1.359110627323389,1.3506401479244232,0.028234916157089174
double_centered_full_action_dqn,805,356,77.96724550426006,82.83169736050068,28.94388698786497,49.02335864305496,1.4836071161553264,16329.588306427002,0.0,24.0,0.0,0.0,0.050000000000000044,1.2745426259934902,1.2650062516331673,0.03178798337467015
double_centered_full_action_dqn,805,357,88.32011641561985,82.62024569883943,29.92679212987423,58.39332443475723,1.512946542352438,16929.837326049805,0.0,25.0,0.0,2.0,0.050000000000000044,1.7386234160512686,1.7283534538000822,0.03423317428678274
double_centered_full_action_dqn,805,358,79.48615953326225,82.88344160802663,28.695546962320805,50.79061269760132,1.4814712535589933,16306.458126068115,0.0,23.0,0.0,0.0,0.050000000000000044,2.0348310973495245,2.0254892259836197,0.031139580183662474
double_centered_full_action_dqn,805,359,58.48868376761675,80.82933705255388,24.059171818196774,34.429511934518814,1.3802120862528682,13726.420179367065,0.0,18.0,0.0,0.0,0.050000000000000044,1.725978061556816,1.7179532367736101,0.02674942242447287
double_centered_full_action_dqn,805,360,81.82480737566948,81.36571238927543,29.008797630667686,52.81601032614708,1.4870331697165966,16212.917736053467,0.0,25.0,0.0,1.0,0.050000000000000044,1.6199620869010687,1.6116975154727697,0.027548610465601087
double_centered_full_action_dqn,805,361,70.26524843275547,81.13794334597885,26.39650195837021,43.86874642968178,1.4299566615372896,15247.826564788818,0.0,21.0,0.0,1.0,0.050000000000000044,1.5205651819705963,1.5120679438114166,0.028324166778475046
double_centered_full_action_dqn,805,362,81.55942399203778,81.75779585376384,32.01156875491142,49.547855430841445,1.5388666074723005,17832.96000289917,0.0,24.0,0.0,2.0,0.050000000000000044,1.216502258554101,1.2079380713403225,0.02854730631224811
double_centered_full_action_dqn,805,363,86.70225498974324,81.5935916683823,28.7388686388731,57.96338642537594,1.5093184830620885,16456.14895248413,0.0,26.0,0.0,1.0,0.050000000000000044,1.8779338710010052,1.8693376127630472,0.02865416358690709
double_centered_full_action_dqn,805,364,94.47487781345845,82.57759142808618,32.81844797730446,61.65642943382263,1.578392094001174,18822.29955291748,0.0,27.0,0.0,1.0,0.050000000000000044,1.3993828184902668,1.3905382063239813,0.029482012032531202
double_centered_full_action_dqn,805,365,88.91725115627051,82.85684703923764,32.00849238783121,56.90875833630562,1.5835321303457022,18103.950798034668,0.0,27.0,0.0,1.0,0.050000000000000044,1.5375703740864992,1.5295858886092901,0.02661493024788797
double_centered_full_action_dqn,805,366,79.78626156002284,82.06078290306034,27.933963276445866,51.85229848474264,1.486946102231741,16043.380081176758,0.0,23.0,0.0,2.0,0.050000000000000044,1.6535853743553162,1.6453789845108986,0.027354657649993896
double_centered_full_action_dqn,805,367,82.04910261929035,81.99254833161834,28.045096158981323,54.00400623679161,1.4945178730413318,16037.198226928711,0.0,26.0,0.0,0.0,0.050000000000000044,1.8840765431523323,1.875501710921526,0.02858272404409945
double_centered_full_action_dqn,805,368,88.99830202162266,82.12246634319426,29.069104053080082,59.92919825911522,1.4823867669329047,16488.423851013184,0.0,28.0,0.0,1.0,0.050000000000000044,1.1218842640519142,1.113871680572629,0.026708619436249137
double_centered_full_action_dqn,805,369,89.43258717656136,83.06033938065173,30.696138456463814,58.73644942045212,1.5443894984200597,17220.206859588623,0.0,27.0,0.0,0.0,0.050000000000000044,1.6962803471833467,1.6887017972767353,0.025261909351684153
double_centered_full_action_dqn,805,370,97.43001120686532,83.61863761611285,31.814800642430782,65.61521073579789,1.5753006488084793,18076.254947662354,0.0,29.0,0.0,1.0,0.050000000000000044,1.2319311499595642,1.2228660322725773,0.03021708782762289
double_centered_full_action_dqn,805,371,75.91901061832905,83.25571643784644,26.87025687098503,49.04875391125679,1.469888818450272,15566.402252197266,0.0,22.0,0.0,2.0,0.050000000000000044,1.6379604302346706,1.6296412609517574,0.027730573434382677
double_centered_full_action_dqn,805,372,78.4494279846549,82.6724543374032,27.427259109914303,51.022169053554535,1.4574261102825403,15572.822986602783,0.0,24.0,0.0,0.0,0.050000000000000044,1.5894213896244764,1.580326795578003,0.030315329786390066
double_centered_full_action_dqn,805,373,94.20343434810638,83.24290153481067,32.9793576002121,61.22407677769661,1.604401195421815,18583.18691253662,0.0,27.0,0.0,0.0,0.050000000000000044,1.2828842867165804,1.2744805552065372,0.028012412134557962
double_centered_full_action_dqn,805,374,92.73374611139297,84.52169582456352,31.8027411326766,60.93100494146347,1.5687565794214606,17995.159259796143,0.0,28.0,0.0,0.0,0.050000000000000044,1.6125376615673304,1.603909993544221,0.02875889779534191
double_centered_full_action_dqn,805,375,67.23208298832178,82.71200178079307,26.617718003690243,40.614364865422246,1.4219874190166593,15032.800926208496,0.0,22.0,0.0,2.0,0.050000000000000044,1.9673546366393566,1.9586303755640984,0.029080916778184474
double_centered_full_action_dqn,805,376,74.92187623083592,82.55973331712187,27.077147498726845,47.844728806614874,1.442266097292304,15223.71625328064,0.0,23.0,0.0,3.0,0.050000000000000044,1.5307417046278715,1.5217536427080631,0.029960222425870597
double_centered_full_action_dqn,805,377,81.06251828372478,82.19685341052711,29.316347181797028,51.746170714497566,1.4828440127894282,16696.212120056152,0.0,26.0,0.0,0.0,0.050000000000000044,1.9295700639486313,1.9201044403016567,0.03155207505915314
double_centered_full_action_dqn,805,378,78.8741815418005,82.16625451095402,29.19910827279091,49.675073224306104,1.4817991238087416,16481.571926116943,0.0,23.0,0.0,3.0,0.050000000000000044,1.8557587675750256,1.8469788767397404,0.02926626440603286
double_centered_full_action_dqn,805,379,75.84622614979745,83.03413163006306,26.756497487425804,49.08972885608673,1.4616619339212775,15533.878959655762,0.0,23.0,0.0,1.0,0.050000000000000044,2.0344604048877954,2.0253539085388184,0.030354928458109498
double_centered_full_action_dqn,805,380,77.97798944413663,82.84179073348642,27.914624586701393,50.06336464881897,1.4976808689534664,16326.80488204956,0.0,24.0,0.0,1.0,0.050000000000000044,2.2085637357085943,2.200682360678911,0.026271205744706094
double_centered_full_action_dqn,805,381,68.60866408795118,82.75896151624622,25.672143176198006,42.936520740389824,1.4160836162045598,14638.22137260437,0.0,22.0,0.0,0.0,0.050000000000000044,1.3776290453970432,1.3693382237106562,0.027636075392365456
double_centered_full_action_dqn,805,382,78.82088293135166,82.6220344632119,30.510287642478943,48.31059467792511,1.5452630957588553,17105.047981262207,0.0,23.0,0.0,0.0,0.050000000000000044,1.7149424981325865,1.7067926656454802,0.027166065061464906
double_centered_full_action_dqn,805,383,87.40808036476373,82.65732573196291,30.450843900442123,56.957236635684964,1.5018735835328698,16576.394065856934,0.0,26.0,0.0,4.0,0.050000000000000044,1.7734774854034185,1.7643149998039007,0.030541580985300243
double_centered_full_action_dqn,805,384,83.5550033390522,82.11133200824261,31.298871509730816,52.25613179206848,1.5414769081398845,17580.068168640137,0.0,26.0,0.0,1.0,0.050000000000000044,1.6026660576462746,1.594016281887889,0.028832582058385015
double_centered_full_action_dqn,805,385,92.29931519329548,82.28043521009387,32.19986041635275,60.09945432245731,1.592371055856347,18460.16571044922,0.0,26.0,0.0,1.0,0.050000000000000044,1.7838992737233639,1.7744965888559818,0.03134232433512807
double_centered_full_action_dqn,805,386,89.41170097887516,82.76170718103648,31.004078067839146,58.40762257575989,1.5652289558202028,17636.184009552002,0.0,27.0,0.0,1.0,0.050000000000000044,1.2223223391920328,1.213525429368019,0.029323047143407166
double_centered_full_action_dqn,805,387,68.78247335851192,82.09837571799756,28.434884920716286,40.34758810997009,1.46412571426481,15976.555559158325,0.0,20.0,0.0,3.0,0.050000000000000044,1.6003408003598452,1.592640034854412,0.025669234339147806
double_centered_full_action_dqn,805,388,79.58991175889969,81.62795620486142,28.816880971193314,50.77303083240986,1.493596501648426,16267.614044189453,0.0,23.0,0.0,0.0,0.050000000000000044,1.8429684396833181,1.8350705746561289,0.026326258899644017
double_centered_full_action_dqn,805,389,85.60359160751105,81.4365064264089,29.326856270432472,56.276735895872115,1.5126469191163778,16423.689838409424,0.0,26.0,0.0,1.0,0.050000000000000044,1.6795314103364944,1.6713588945567608,0.02724167099222541
double_centered_full_action_dqn,805,390,76.05406128615141,80.3677089303732,28.259330712258816,47.79473087191582,1.4541609613224864,15559.875535964966,0.0,24.0,0.0,0.0,0.050000000000000044,1.5407042149454355,1.531643221154809,0.03020331892184913
double_centered_full_action_dqn,805,391,82.65856072306633,80.70468643561006,29.52483505010605,53.13372555375099,1.5228606052696705,17169.93292617798,0.0,23.0,0.0,1.0,0.050000000000000044,1.959379494190216,1.9511102586984634,0.02756413572933525
double_centered_full_action_dqn,805,392,87.67476190030575,81.16595313139261,29.889895796775818,57.78486562669277,1.5095721231773496,16393.34523010254,0.0,28.0,0.0,1.0,0.050000000000000044,1.9796675350517035,1.9712953846901655,0.02790726348757744
double_centered_full_action_dqn,805,393,61.01619175076485,79.50659100152552,26.219540029764175,34.79665167629719,1.3996420726180077,14613.512287139893,0.0,18.0,0.0,1.0,0.050000000000000044,1.8314239829778671,1.8231433853507042,0.027601945330388844
double_centered_full_action_dqn,805,394,74.87192619740964,78.61350000582635,28.6706680059433,46.20125802755356,1.492583155632019,16224.89748764038,0.0,22.0,0.0,5.0,0.050000000000000044,1.6850680317729712,1.6759955696761608,0.03024156321771443
double_centered_full_action_dqn,805,395,77.82759656906128,79.14327568486335,29.24996594339609,48.577630856633185,1.4996168054640293,16411.493980407715,0.0,24.0,0.0,3.0,0.050000000000000044,1.5003690849989653,1.492326281964779,0.026809382485225797
double_centered_full_action_dqn,805,396,71.0579615086317,78.95007994875314,25.00716834515333,46.050792932510376,1.4273099657148123,15033.267246246338,0.0,21.0,0.0,0.0,0.050000000000000044,2.0642606001347303,2.0560154374688864,0.027483816142193973
double_centered_full_action_dqn,805,397,72.51791650205851,78.52284985966982,27.56367763876915,44.95423852801323,1.451020322740078,15412.731533050537,0.0,22.0,0.0,3.0,0.050000000000000044,1.5110868755728006,1.5023522675037384,0.029115330893546343
double_centered_full_action_dqn,805,398,77.95900863409042,78.47709121428431,28.951660178601742,49.00734826922417,1.5423266300931573,17064.008739471436,0.0,23.0,0.0,0.0,0.050000000000000044,1.664800651371479,1.6566255874931812,0.027250205748714507
double_centered_full_action_dqn,805,399,85.51631827801467,78.96059582069518,30.636761739850044,54.87955613583326,1.5399189088493586,17917.205390930176,0.0,26.0,0.0,1.0,0.050000000000000044,1.7242673598229885,1.7166107390075922,0.025522016279865056
double_centered_full_action_dqn,805,400,91.52203799784184,79.63779824838043,30.076800130307674,61.44523811340332,1.561716410331428,17531.797050476074,0.0,28.0,0.0,0.0,0.050000000000000044,1.586152471601963,1.578453065827489,0.025664661778137088
double_centered_full_action_dqn,805,401,67.2425089135766,79.5694904896617,25.22766736894846,42.01484142541885,1.3987295860424638,14313.34338760376,0.0,22.0,0.0,2.0,0.050000000000000044,1.8928898461163044,1.8855704329907894,0.02439809439238161
double_centered_full_action_dqn,805,402,79.09979968070984,79.5834363271296,29.337707594037056,49.76209193766117,1.5170127786695957,16686.80104827881,0.0,24.0,0.0,2.0,0.050000000000000044,1.4866751655936241,1.4778592605143785,0.029386334703303874
double_centered_full_action_dqn,805,403,79.71545089334249,79.19880485355853,27.54181829839945,52.17363238632679,1.4609804665669799,15417.25255203247,0.0,24.0,0.0,3.0,0.050000000000000044,1.9164048433303833,1.9070725068449974,0.031107831746339798
double_centered_full_action_dqn,805,404,91.69216711819172,79.6056630425155,31.879971124231815,59.81219571828842,1.5642614541575313,18149.534908294678,0.0,27.0,0.0,1.0,0.050000000000000044,1.4733438063412905,1.4645376931875944,0.02935367007739842
double_centered_full_action_dqn,805,405,85.65296892821789,79.27334572926164,30.04292432963848,55.610044687986374,1.5730400616303086,17927.853981018066,0.0,25.0,0.0,1.0,0.050000000000000044,1.5684223417192698,1.5597698986530304,0.02884147164877504
double_centered_full_action_dqn,805,406,84.13056113570929,79.00928873710333,28.96775371581316,55.16280755400658,1.516333625651896,16414.842433929443,0.0,25.0,0.0,1.0,0.050000000000000044,1.7921549286693335,1.7822550889104605,0.03299941506702453
double_centered_full_action_dqn,805,407,88.33271305263042,79.98680072180927,30.858635500073433,57.47407767176628,1.5494541814550757,17582.847736358643,0.0,26.0,0.0,2.0,0.050000000000000044,1.7703870721161366,1.7598428931087255,0.03514730872120708
double_centered_full_action_dqn,805,408,71.16580434888601,79.56559535130859,28.29699047654867,42.86881370842457,1.4748949781060219,16166.088882446289,0.0,21.0,0.0,0.0,0.050000000000000044,2.259502500295639,2.25034948438406,0.030509988660924137
double_centered_full_action_dqn,805,409,94.79609395712615,80.02522046878934,30.775055415928364,64.02103810906411,1.5432937443256378,17524.9377784729,0.0,29.0,0.0,1.0,0.050000000000000044,1.846461944282055,1.8372478038072586,0.03071377647574991
double_centered_full_action_dqn,805,410,77.50242380946875,80.09763859495521,27.327541835606098,50.174881571531294,1.4851713543757796,15688.091609954834,0.0,24.0,0.0,2.0,0.050000000000000044,1.6160987503826618,1.6066080182790756,0.03163580223917961
double_centered_full_action_dqn,805,411,86.00194888710976,80.2648080031574,28.782994896173477,57.218953827023505,1.505372446961701,16149.042282104492,0.0,25.0,0.0,3.0,0.050000000000000044,2.0585014075040817,2.0492574144154787,0.030813326127827168
double_centered_full_action_dqn,805,412,75.53253580629826,79.65769669845702,28.774336844682693,46.75819931924343,1.4956202460452914,16086.991889953613,0.0,23.0,0.0,3.0,0.050000000000000044,1.5935847237706184,1.5846516825258732,0.02977677423041314
double_centered_full_action_dqn,805,413,96.85435540378094,81.44960488110782,31.055303163826466,65.79905175566674,1.5450784238055348,17433.606147766113,0.0,30.0,0.0,1.0,0.050000000000000044,1.8537804521620274,1.8441815972328186,0.03199616388883442
double_centered_full_action_dqn,805,414,75.52512283623219,81.48226471304893,27.64009340107441,47.8850291967392,1.4466940434649587,15419.027156829834,0.0,24.0,0.0,1.0,0.050000000000000044,1.9830439314246178,1.97425140067935,0.02930846530944109
double_centered_full_action_dqn,805,415,67.47429905831814,80.96459983751177,25.7292512729764,41.745047360658646,1.4069914501160383,14490.29423904419,0.0,23.0,0.0,1.0,0.050000000000000044,1.8000527322292328,1.791102185845375,0.02983521157875657
double_centered_full_action_dqn,805,416,71.99067162722349,81.01123534344137,27.81615049391985,44.174520671367645,1.5180152002722025,16672.401489257812,0.0,20.0,0.0,0.0,0.050000000000000044,1.330309497192502,1.3214007820934057,0.02969566883984953
double_centered_full_action_dqn,805,417,88.22577081918716,81.79662805929779,30.08851818740368,58.13725292980671,1.5710705844685435,17612.908740997314,0.0,26.0,0.0,2.0,0.050000000000000044,1.7266733441501856,1.7175952829420567,0.030260240891948342
double_centered_full_action_dqn,805,418,70.87305048853159,81.44233015201985,25.71551074832678,45.15753972530365,1.4199196016415954,14536.494842529297,0.0,23.0,0.0,1.0,0.050000000000000044,1.9450791832059622,1.934898504987359,0.03393562568817288
double_centered_full_action_dqn,805,419,83.99077787399293,81.36605313181877,28.840111158788204,55.15066676735878,1.469275575131178,16173.635192871094,0.0,26.0,0.0,1.0,0.050000000000000044,1.7117004841566086,1.7030600663274527,0.02880135551095009
double_centered_full_action_dqn,805,420,89.15312557071448,81.24760751046242,30.514713041484356,58.638412380218504,1.5740867741405964,18045.623455047607,0.0,26.0,0.0,2.0,0.050000000000000044,1.476161489263177,1.4681530613452196,0.026694777887314558
double_centered_full_action_dqn,805,421,84.12419499754905,82.09169181466103,29.430362194776535,54.693833994865415,1.5051547652110457,16697.371894836426,0.0,25.0,0.0,4.0,0.050000000000000044,1.725370241329074,1.717835921794176,0.025114405900239944
double_centered_full_action_dqn,805,422,99.57773990929127,83.11558882609009,35.781350284814835,63.79638974368572,1.663600705564022,20146.00192642212,0.0,28.0,0.0,0.0,0.050000000000000044,1.8494129553437233,1.8393609300255775,0.03350674966350198
double_centered_full_action_dqn,805,423,76.09708631038666,82.93467059694231,29.04525850713253,47.051828265190125,1.4799524871632457,16279.116748809814,0.0,23.0,0.0,2.0,0.050000000000000044,1.706178691238165,1.6975202169269323,0.028861588914878666
double_centered_full_action_dqn,805,424,68.01718460023403,81.75092147104442,25.915086552500725,42.10209786891937,1.3938894486054778,14493.783874511719,0.0,21.0,0.0,1.0,0.050000000000000044,1.3744401913136244,1.3642958495765924,0.033814485534094274
double_centered_full_action_dqn,805,425,69.42639942616225,80.93959299594164,26.260527156293392,43.16587155461311,1.42356713488698,14709.099925994873,0.0,21.0,0.0,3.0,0.050000000000000044,1.8502547666430473,1.8432141169905663,0.023468791507184505
double_centered_full_action_dqn,805,426,74.31543336808681,80.44883660756052,28.486396715044975,45.82903695106506,1.4788288120180368,16055.190738677979,0.0,21.0,0.0,0.0,0.050000000000000044,1.8381019458174706,1.829917125403881,0.027282729977741838
double_centered_full_action_dqn,805,427,87.33889620304107,80.39914576508104,31.678770259022713,55.660126242041585,1.5532985087484121,17772.81161880493,0.0,26.0,0.0,2.0,0.050000000000000044,2.058237748220563,2.0495192632079124,0.029061680077575147
double_centered_full_action_dqn,805,428,93.41287498176098,81.51149929672479,30.853482633829117,62.55939257144928,1.5801218701526523,17999.403734207153,0.0,28.0,0.0,0.0,0.050000000000000044,1.382142873480916,1.3738536108285189,0.027630918542854488
double_centered_full_action_dqn,805,429,68.06946305334569,80.17516775153578,27.56506622582674,40.504397162795065,1.4584393529221416,15198.855556488037,0.0,20.0,0.0,1.0,0.050000000000000044,1.7975659519433975,1.789314854890108,0.027503648307174444
double_centered_full_action_dqn,805,430,82.09586708247662,80.40483991518617,29.563575446605682,52.53229200839996,1.5265069790184498,17273.904781341553,0.0,25.0,0.0,0.0,0.050000000000000044,1.8046129271388054,1.7956219837069511,0.029969873488880694
double_centered_full_action_dqn,805,431,86.46326340734959,80.42790564119817,29.25968860089779,57.2035750746727,1.519730101339519,16980.304080963135,0.0,25.0,0.0,0.0,0.050000000000000044,2.420616077259183,2.4127077385783195,0.02636110025923699
double_centered_full_action_dqn,805,432,87.23827427327633,81.01319256454707,30.01370396465063,57.22457030117512,1.501671763136983,17005.140937805176,0.0,26.0,0.0,4.0,0.050000000000000044,2.067389264702797,2.059038434177637,0.027836086694151163
double_centered_full_action_dqn,805,433,94.22904217392207,80.88192690305412,31.73357578366995,62.495465943217276,1.5365733094513416,17556.692993164062,0.0,28.0,0.0,2.0,0.050000000000000044,1.9016880691051483,1.8940969742834568,0.02530370035674423
double_centered_full_action_dqn,805,434,63.8202529117465,80.29668340682984,26.246650628745556,37.573602163791655,1.4165921974927187,14854.716300964355,0.0,20.0,0.0,2.0,0.050000000000000044,2.285106934607029,2.27578879147768,0.031060464680194855
double_centered_full_action_dqn,805,435,85.13168679177761,81.17955279350282,29.34062221646309,55.79106441140175,1.483413946814835,16490.634521484375,0.0,26.0,0.0,1.0,0.050000000000000044,1.8627404980361462,1.8545145243406296,0.02741996559780091
double_centered_full_action_dqn,805,436,80.26241040974855,81.59313973262906,29.0559014454484,51.20650862157345,1.4878473989665508,16369.287635803223,0.0,25.0,0.0,0.0,0.050000000000000044,1.8719314001500607,1.8616851959377527,0.034153930959291756
double_centered_full_action_dqn,805,437,81.26983724087476,81.24534305371344,28.76528273522854,52.504554244875905,1.499137768521905,16489.120601654053,0.0,23.0,0.0,3.0,0.050000000000000044,1.4315199796110392,1.4213862493634224,0.03377908398397267
double_centered_full_action_dqn,805,438,66.09971692413092,81.00667637549341,26.65127695351839,39.44843974709511,1.4165024384856224,15261.127990722656,0.0,21.0,0.0,0.0,0.050000000000000044,1.5939260572195053,1.584577376022935,0.03116224054247141
double_centered_full_action_dqn,805,439,72.51932423710824,80.43310369364919,26.474250182509422,46.045074039697646,1.4188350420445204,14751.62776184082,0.0,22.0,0.0,2.0,0.050000000000000044,2.1240160819143057,2.115725766867399,0.0276343934237957
double_centered_full_action_dqn,805,440,77.10537578165531,79.83071620419622,27.899560391902924,49.205815479159355,1.5251562325283885,16847.09747314453,0.0,24.0,0.0,0.0,0.050000000000000044,1.5897395722568035,1.5815217774361372,0.027392642106860876
double_centered_full_action_dqn,805,441,71.90177503973246,79.2195952063054,27.47629851847887,44.425476640462875,1.4702094411477447,15982.270725250244,0.0,20.0,0.0,0.0,0.050000000000000044,1.9164099413901567,1.9076520018279552,0.02919310610741377
double_centered_full_action_dqn,805,442,76.7807677090168,78.07974659629167,26.95634151995182,49.824426501989365,1.4477197295054793,15224.750381469727,0.0,24.0,0.0,0.0,0.050000000000000044,1.792646523565054,1.7830233108252287,0.0320774526335299
double_centered_full_action_dqn,805,443,88.81763019412756,78.7157737904787,31.800862565636635,57.016767010092735,1.585082926787436,18151.073837280273,0.0,26.0,0.0,0.0,0.050000000000000044,1.8827362172305584,1.874766480177641,0.026565782725811005
double_centered_full_action_dqn,805,444,75.46658378243447,79.08824374958873,27.514379486441612,47.95220426619053,1.4569580079987645,15336.020301818848,0.0,23.0,0.0,1.0,0.050000000000000044,1.5648895166814327,1.5564961303025484,0.027977919671684504
double_centered_full_action_dqn,805,445,77.58564463406802,79.49620600998404,28.203377805650234,49.382267200946806,1.455539065413177,15969.213634490967,0.0,22.0,0.0,1.0,0.050000000000000044,2.0279570259153843,2.0171346738934517,0.03607450914569199
double_centered_full_action_dqn,805,446,89.48753021806479,80.25481085248293,30.42605907469988,59.06147130727768,1.553036991506815,17176.92469406128,0.0,26.0,0.0,1.0,0.050000000000000044,1.8836842756718397,1.8741167653352022,0.03189164912328124
double_centered_full_action_dqn,805,447,75.5773706883192,79.66673457674683,27.53614155948162,48.04122947156429,1.482822496443987,15862.244033813477,0.0,24.0,0.0,1.0,0.050000000000000044,2.0845680851489305,2.076615083962679,0.02650994062423706
double_centered_full_action_dqn,805,448,80.63655357807875,79.02791850656271,29.168653808534145,51.46789988875389,1.4998431243002415,16655.991050720215,0.0,24.0,0.0,1.0,0.050000000000000044,1.9958838634192944,1.9861166961491108,0.03255723032634705
double_centered_full_action_dqn,805,449,68.69015007019043,79.05895285740495,25.865009129047394,42.82514086663723,1.40105065330863,14409.84508895874,0.0,20.0,0.0,2.0,0.050000000000000044,1.6337896399199963,1.6258235536515713,0.02655363315716386
double_centered_full_action_dqn,805,450,76.71855220198631,78.79008711338044,28.067232564091682,48.651318937540054,1.4479938810691237,15594.585857391357,0.0,23.0,0.0,0.0,0.050000000000000044,2.0535595566034317,2.0449009239673615,0.028862132574431598
double_centered_full_action_dqn,805,451,85.84393610954285,78.7591207484901,30.437910579144955,55.40602567195892,1.511320617981255,17311.77059173584,0.0,25.0,0.0,1.0,0.050000000000000044,2.3123802822083235,2.304504094645381,0.02625390002503991
double_centered_full_action_dqn,805,452,66.22400394827127,77.70840723223985,27.54111935943365,38.68288432061672,1.4460184900090098,15504.098064422607,0.0,20.0,0.0,1.0,0.050000000000000044,1.5157968010753393,1.5076578594744205,0.027129767229780555
double_centered_full_action_dqn,805,453,86.62338615208864,77.32812443114817,30.089237727224827,56.53414836525917,1.5636003743857145,17467.689865112305,0.0,28.0,0.0,0.0,0.050000000000000044,1.6964192800223827,1.6867072954773903,0.03237326233647764
double_centered_full_action_dqn,805,454,77.0325283408165,77.98873820260168,27.631364040076733,49.401164680719376,1.4643326699733734,15898.467189788818,0.0,25.0,0.0,0.0,0.050000000000000044,2.0850575920194387,2.076625168323517,0.028108050697483122
double_centered_full_action_dqn,805,455,74.75372398644686,77.46984006233514,27.003536738455296,47.750187039375305,1.484892181120813,15865.129871368408,0.0,21.0,0.0,0.0,0.050000000000000044,1.7545633371919394,1.7464325111359358,0.027102679363451898
double_centered_full_action_dqn,805,456,68.51987005919219,76.88271304480732,25.240438736975193,43.2794312030077,1.4112573200836778,14666.276485443115,0.0,22.0,0.0,1.0,0.050000000000000044,2.1480110436677933,2.139234295114875,0.029255794826895
double_centered_full_action_dqn,805,457,80.47777494937182,76.84310993023219,29.628966234624386,50.84880865514278,1.5542501425370574,17394.141269683838,0.0,23.0,0.0,1.0,0.050000000000000044,1.868829257786274,1.8605170510709286,0.027707347995601594
double_centered_full_action_dqn,805,458,55.03845216333866,76.29004669219258,24.67818845808506,30.360263913869858,1.3691782616078854,13750.90055847168,0.0,15.0,0.0,0.0,0.050000000000000044,2.482612982392311,2.47317336499691,0.03146547230426222
double_centered_full_action_dqn,805,459,70.38256845623255,76.18320890314878,25.03188119083643,45.3506875783205,1.4422464361414313,14860.304222106934,0.0,22.0,0.0,1.0,0.050000000000000044,2.3046104162931442,2.2948910519480705,0.0323978909291327
double_centered_full_action_dqn,805,460,84.39463028609752,76.54767162837089,29.498920917510986,54.89570944309234,1.4948080629110336,16531.073970794678,0.0,25.0,0.0,2.0,0.050000000000000044,1.462725268676877,1.4546832013875246,0.026806854060851038
double_centered_full_action_dqn,805,461,58.89364746958017,75.89726524986327,24.03591752052307,34.85773020982742,1.3681150376796722,13581.564643859863,0.0,19.0,0.0,2.0,0.050000000000000044,1.6158674508333206,1.6055596359074116,0.03435937501490116
double_centered_full_action_dqn,805,462,88.8966528698802,76.50305950790643,32.90810816735029,55.988545313477516,1.6099328165873885,18711.525817871094,0.0,25.0,0.0,0.0,0.050000000000000044,1.6266412008553743,1.6179476510733366,0.028978461516089737
double_centered_full_action_dqn,805,463,88.4694428831339,76.48565014235676,31.01246451213956,57.45697850883007,1.563422828912735,17645.99665260315,0.0,26.0,0.0,1.0,0.050000000000000044,1.4806323628872633,1.4711253456771374,0.03169007890392095
double_centered_full_action_dqn,805,464,75.3297895282507,76.47881042964758,31.452627435326576,43.8771616756916,1.5233424445614219,17614.80628967285,0.0,22.0,0.0,1.0,0.050000000000000044,1.7789472602307796,1.769611043855548,0.03112077829428017
double_centered_full_action_dqn,805,465,89.51961594820023,77.07550899535418,29.223566561937332,60.29604920744896,1.510513718239963,16262.430751800537,0.0,28.0,0.0,0.0,0.050000000000000044,1.939373418688774,1.930763565003872,0.028699495131149888
double_centered_full_action_dqn,805,466,86.64170097708703,76.9332175333053,31.18769097328186,55.45401015281677,1.5427146721631289,17832.099479675293,0.0,26.0,0.0,1.0,0.050000000000000044,1.671086272224784,1.6623169500380754,0.029231068212538958
double_centered_full_action_dqn,805,467,94.44164472818375,77.87643123529853,31.35464322566986,63.0870017260313,1.5470854360610247,17835.17021560669,0.0,29.0,0.0,1.0,0.050000000000000044,2.1467281822115183,2.1382621359080076,0.028220200794748962
double_centered_full_action_dqn,805,468,92.43579623997212,78.4663933683932,31.10460190474987,61.331194618344306,1.6075765145942569,18173.670711517334,0.0,28.0,0.0,1.0,0.050000000000000044,2.3345878645777702,2.3261029198765755,0.028283155290409923
double_centered_full_action_dqn,805,469,77.30589276701212,78.8971805032343,28.185509897768497,49.12038275003433,1.4652562588453293,15724.27647781372,0.0,23.0,0.0,1.0,0.050000000000000044,1.717703215777874,1.709591444581747,0.027039198437705636
double_centered_full_action_dqn,805,470,78.21714285314083,78.972110035792,28.32512889802456,49.89201362729072,1.501019491814077,16285.133659362793,0.0,24.0,0.0,2.0,0.050000000000000044,1.8402110822498798,1.832040213048458,0.02723622869234532
double_centered_full_action_dqn,805,471,88.24272168576718,79.09204931460323,27.433997943997383,60.80872398018837,1.481845647096634,15743.53122329712,0.0,29.0,0.0,3.0,0.050000000000000044,1.6497598141431808,1.6406633090227842,0.030321697238832712
double_centered_full_action_dqn,805,472,88.75246847420931,80.21847254090012,30.63087471574545,58.12159341573715,1.5909820394590497,18132.87712287903,0.0,26.0,0.0,0.0,0.050000000000000044,1.7781830225139856,1.7695462312549353,0.028789332951419055
double_centered_full_action_dqn,805,473,75.76557837724685,79.67558215215801,27.845537967979908,47.92004055082798,1.4644539467990398,15980.059518814087,0.0,23.0,0.0,4.0,0.050000000000000044,1.6395506709814072,1.6301694586873055,0.031270774314180017
double_centered_full_action_dqn,805,474,92.36411348879338,80.44216140955687,30.533427834510803,61.83068578839302,1.5303373215720057,17335.36328125,0.0,28.0,0.0,1.0,0.050000000000000044,1.8587550465017557,1.8495212607085705,0.03077930526342243
double_centered_full_action_dqn,805,475,77.06881473362446,80.55791594691576,26.758924409747124,50.30989017486572,1.4493770767003298,15380.620391845703,0.0,24.0,0.0,1.0,0.050000000000000044,2.009463520720601,1.9996887631714344,0.03258256160188466
double_centered_full_action_dqn,805,476,69.15352567434311,80.5895987276733,27.963696002960205,41.18982996940613,1.5041771167889237,16312.93168258667,0.0,21.0,0.0,2.0,0.050000000000000044,1.892075054347515,1.884423764422536,0.0255042890785262
double_centered_full_action_dqn,805,477,73.94211880862713,80.26281592063609,27.238982379436493,46.703136414289474,1.497711236588657,15855.979904174805,0.0,23.0,0.0,2.0,0.050000000000000044,1.9504432696849108,1.9417792037129402,0.028880124911665916
double_centered_full_action_dqn,805,478,80.47078423947096,81.53443252444269,29.85660921037197,50.614174991846085,1.5207348549738526,16957.75617980957,0.0,23.0,0.0,2.0,0.050000000000000044,1.7851983085274696,1.777104426175356,0.026979537215083838
double_centered_full_action_dqn,805,479,69.38022232949734,81.48431521810593,26.450926691293716,42.92929592132568,1.4347072476521134,15058.999172210693,0.0,21.0,0.0,1.0,0.050000000000000044,1.865718113258481,1.8565799295902252,0.03046057152096182
double_centered_full_action_dqn,805,480,84.01006691008806,81.46508704930545,28.805490911006927,55.20457652807236,1.5425838995724916,17025.091773986816,0.0,24.0,0.0,4.0,0.050000000000000044,1.8863221518695354,1.8764765169471502,0.03281882533337921
double_centered_full_action_dqn,805,481,72.15211556106806,82.12801045387985,29.13384536653757,43.01827044785023,1.4884858261793852,16437.80230140686,0.0,22.0,0.0,2.0,0.050000000000000044,1.528784329071641,1.5202620662748814,0.028407538891769946
double_centered_full_action_dqn,805,482,78.57706333994865,81.61203097738327,27.95767080783844,50.61939189136028,1.510477565228939,16268.358234405518,0.0,23.0,0.0,3.0,0.050000000000000044,2.184506932273507,2.175394933670759,0.030373243964277208
double_centered_full_action_dqn,805,483,52.33063658475876,79.80509066246451,22.745279252529144,29.585357376933096,1.3266969649121165,12594.938724517822,0.0,18.0,0.0,2.0,0.050000000000000044,1.5320252738893032,1.5230311155319214,0.02998048346489668
double_centered_full_action_dqn,805,484,72.41714182496071,79.6594582773,26.59042000770569,45.826722502708435,1.4773820731788874,15838.646953582764,0.0,22.0,0.0,0.0,0.050000000000000044,1.880216121673584,1.872229153290391,0.026623233454301953
double_centered_full_action_dqn,805,485,69.87058769911528,78.67700686484577,26.304481506347656,43.566106021404266,1.4299844214692712,15176.481872558594,0.0,20.0,0.0,0.0,0.050000000000000044,2.3224635757505894,2.314025927335024,0.028125487850047648
double_centered_full_action_dqn,805,486,83.35841213315726,78.51284242264929,29.72876463085413,53.629647397994994,1.5254280380904675,17000.109092712402,0.0,25.0,0.0,2.0,0.050000000000000044,2.3039168436080217,2.29418932646513,0.03242510533891618
double_centered_full_action_dqn,805,487,71.33143375068903,77.35733187377454,26.623700492084026,44.707733154296875,1.4510866701602936,15272.192527770996,0.0,22.0,0.0,0.0,0.050000000000000044,1.5327151119709015,1.524686662480235,0.02676154440268874
double_centered_full_action_dqn,805,488,78.26065862327815,76.64857499293984,27.624368898570538,50.63628954589367,1.4678321806713939,15783.27970123291,0.0,23.0,0.0,1.0,0.050000000000000044,2.116251291707158,2.1081200297921896,0.02710425015538931
double_centered_full_action_dqn,805,489,78.18690990656614,76.69262584991755,27.904355727136135,50.28255406022072,1.4897770937532187,16189.020492553711,0.0,23.0,0.0,0.0,0.050000000000000044,1.8504903391003609,1.8412985429167747,0.03063931781798601
double_centered_full_action_dqn,805,490,79.28294768929482,76.74591609172523,28.939942337572575,50.343005776405334,1.4644908029586077,16014.893047332764,0.0,22.0,0.0,0.0,0.050000000000000044,1.699699716642499,1.6906229257583618,0.030255942838266492
double_centered_full_action_dqn,805,491,69.1157019212842,75.78956510350108,25.981196992099285,43.13450489938259,1.428827941417694,14932.581993103027,0.0,22.0,0.0,0.0,0.050000000000000044,1.5894156023859978,1.5812424309551716,0.027243915596045554
double_centered_full_action_dqn,805,492,67.3580039381981,74.71984187670053,25.25722511857748,42.10077885687351,1.4001983813941479,14393.039226531982,0.0,23.0,0.0,2.0,0.050000000000000044,1.6054250337183475,1.5975984036922455,0.026088791899383068
double_centered_full_action_dqn,805,493,77.47219927161932,74.80517292141914,27.308648966252804,50.16355000734329,1.4767907233908772,15900.207118988037,0.0,23.0,0.0,2.0,0.050000000000000044,1.9283751863986254,1.9195952638983727,0.02926643576938659
double_centered_full_action_dqn,805,494,82.43369559943676,74.30865202695132,26.770225271582603,55.663470938801765,1.4463993394747376,15202.180809020996,0.0,26.0,0.0,0.0,0.050000000000000044,2.0573513358831406,2.0483742728829384,0.02992349921260029
double_centered_full_action_dqn,805,495,80.3004786387086,74.47023522220553,28.903533823788166,51.39694515764713,1.4897221345454454,16519.768211364746,0.0,25.0,0.0,2.0,0.050000000000000044,2.034375548362732,2.024315172806382,0.033534477232024074
double_centered_full_action_dqn,805,496,90.33455084562301,75.52928648076951,31.84949880838394,58.485052216053006,1.5865563340485096,18337.02193069458,0.0,27.0,0.0,2.0,0.050000000000000044,2.3432192131876945,2.3347790129482746,0.028134034597314894
double_centered_full_action_dqn,805,497,98.22921790480613,76.74364143557847,32.966890811920166,65.26232713758945,1.5748160872608423,18377.95133972168,0.0,28.0,0.0,3.0,0.050000000000000044,1.599299507215619,1.5890413373708725,0.03419386991299689
double_centered_full_action_dqn,805,498,81.10817258954049,76.77551085308195,29.06429547071457,52.043877416849135,1.5015005338937044,16484.135723114014,0.0,24.0,0.0,1.0,0.050000000000000044,2.014971189200878,2.0072296261787415,0.025805185898207128
double_centered_full_action_dqn,805,499,63.49048041701317,76.48102375745773,25.115484908223152,38.37499547898769,1.4129614243283868,14566.18344116211,0.0,19.0,0.0,1.0,0.050000000000000044,1.7241197414696217,1.714911624789238,0.030693714506924152
double_centered_full_action_dqn,805,500,98.46115036308765,77.20357793010773,32.66172108054161,65.79942983388901,1.6365367900580168,19295.29977798462,0.0,29.0,0.0,0.0,0.050000000000000044,2.310093682259321,2.3011833801865578,0.029701043851673603
double_centered_full_action_dqn,805,501,90.20084904134274,78.10601460412146,30.085195899009705,60.11565275490284,1.5554367750883102,17308.671195983887,0.0,28.0,0.0,0.0,0.050000000000000044,2.10610843449831,2.0976784452795982,0.028099948540329933
double_centered_full_action_dqn,805,502,80.19209706783295,78.18676629051568,29.767225481569767,50.42487150430679,1.5406539682298899,17113.729034423828,0.0,26.0,0.0,0.0,0.050000000000000044,1.4903605952858925,1.4814548939466476,0.029685652116313577
double_centered_full_action_dqn,805,503,90.13817276060581,80.07714309930802,30.673032224178314,59.465140387415886,1.5507868565618992,17734.930332183838,0.0,27.0,0.0,0.0,0.050000000000000044,1.6972115766257048,1.6890906002372503,0.027069923002272844
double_centered_full_action_dqn,805,504,70.44213218390942,79.97839261725547,25.129281729459763,45.31285006701946,1.4246425740420818,14585.911609649658,0.0,21.0,0.0,2.0,0.050000000000000044,1.685069978237152,1.6769089549779892,0.02720345603302121
double_centered_full_action_dqn,805,505,82.49509759992361,80.60961811229586,28.124008290469646,54.37108889222145,1.4908605562523007,16459.598476409912,0.0,24.0,0.0,1.0,0.050000000000000044,1.6803575828671455,1.6712937466800213,0.030212809331715107
double_centered_full_action_dqn,805,506,87.28472361266613,80.80593368627132,29.87674117088318,57.40798250138759,1.5090222284197807,17179.846588134766,0.0,26.0,0.0,2.0,0.050000000000000044,2.1854677330702543,2.1765912882983685,0.029588144971057773
double_centered_full_action_dqn,805,507,77.72765114307404,81.12574455589058,28.984891690313816,48.74275968372822,1.5178301455453038,16506.465686798096,0.0,23.0,0.0,2.0,0.050000000000000044,1.845821276307106,1.8371454179286957,0.0289194758515805
double_centered_full_action_dqn,805,508,80.16404792666435,81.22091402105988,28.592050909996033,51.57199701666832,1.5079376362264156,16453.250717163086,0.0,25.0,0.0,1.0,0.050000000000000044,1.5378571171313524,1.526459887623787,0.03799075447022915
double_centered_full_action_dqn,805,509,66.13083828240633,80.61811043985189,25.349882639944553,40.78095528483391,1.3966499110683799,14166.640621185303,0.0,20.0,0.0,0.0,0.050000000000000044,1.4333892464637756,1.4241894166916609,0.03066604572813958
double_centered_full_action_dqn,805,510,71.84806381165981,80.24636624597014,25.965766936540604,45.882296949625015,1.445748464204371,15013.027355194092,0.0,22.0,0.0,0.0,0.050000000000000044,1.9750401936471462,1.9669252447783947,0.02704983949661255
double_centered_full_action_dqn,805,511,85.67733693122864,81.07444799646734,30.87460708618164,54.802730083465576,1.5282415598630905,17218.364192962646,0.0,26.0,0.0,2.0,0.050000000000000044,1.8955538515001535,1.8862592168152332,0.030982099589891732
double_centered_full_action_dqn,805,512,70.65541794151068,81.23931869663298,27.319500096142292,43.335918217897415,1.4073466276749969,15981.995895385742,0.0,20.0,0.0,0.0,0.050000000000000044,1.8030722700059414,1.7933223228901625,0.03249986073933542
double_centered_full_action_dqn,805,513,84.69216352701187,81.60031690940261,29.096372216939926,55.59579128026962,1.4968179445713758,16614.447151184082,0.0,26.0,0.0,0.0,0.050000000000000044,1.9056531842797995,1.895931825041771,0.032404517056420445
double_centered_full_action_dqn,805,514,88.8842279985547,81.92284352935852,30.546391122043133,58.337836876511574,1.5714393258094788,17914.48988723755,0.0,25.0,0.0,1.0,0.050000000000000044,1.4899643510580063,1.4814766570925713,0.02829231391660869
double_centered_full_action_dqn,805,515,81.72555494308472,81.99409734457731,29.697940483689308,52.02761459350586,1.5288774985820055,17085.6149559021,0.0,23.0,0.0,0.0,0.050000000000000044,1.5263336785137653,1.5165683403611183,0.032551205018535256
double_centered_full_action_dqn,805,516,89.31198947131634,81.94296927586197,27.85958118736744,61.45240794122219,1.5041262526065111,16481.517433166504,0.0,28.0,0.0,1.0,0.050000000000000044,1.8772770501673222,1.868063485249877,0.030711856670677662
double_centered_full_action_dqn,805,517,85.15979412198067,81.28949808672071,30.316971972584724,54.84282173216343,1.5138188917189837,17054.069133758545,0.0,26.0,0.0,0.0,0.050000000000000044,1.6140816938132048,1.6048790197819471,0.03067556826863438
double_centered_full_action_dqn,805,518,71.00312101095915,80.78424550779164,26.987500719726086,44.015620708465576,1.4348565777763724,15455.32540512085,0.0,22.0,0.0,1.0,0.050000000000000044,2.2833418995141983,2.274405237287283,0.02978885592892766
double_centered_full_action_dqn,805,519,72.42843745648861,81.23114335976541,25.598729625344276,46.82970826327801,1.4288347475230694,14674.377868652344,0.0,23.0,0.0,0.0,0.050000000000000044,1.4261896181851625,1.4165073987096548,0.032274055760353804
double_centered_full_action_dqn,805,520,89.01594144105911,80.75888291366398,31.938764855265617,57.07717686891556,1.553141525015235,18521.772888183594,0.0,24.0,0.0,0.0,0.050000000000000044,1.7514302637428045,1.742264874279499,0.030551319709047675
double_centered_full_action_dqn,805,521,87.01398548483849,80.59953973583876,31.887112393975258,55.12687334418297,1.5850226134061813,18481.054119110107,0.0,25.0,0.0,0.0,0.050000000000000044,1.8682113345712423,1.8582909125834703,0.03306801163125783
double_centered_full_action_dqn,805,522,79.61149771511555,80.5705097682029,29.581752605736256,50.02974493801594,1.5056967856362462,17065.479274749756,0.0,24.0,0.0,0.0,0.050000000000000044,1.564422344788909,1.5558627005666494,0.0285321781411767
double_centered_full_action_dqn,805,523,86.01861677318811,80.36453196883201,30.03405498713255,55.98456189036369,1.5780697707086802,17975.318912506104,0.0,26.0,0.0,0.0,0.050000000000000044,1.685144679620862,1.6771832834929228,0.026537937112152576
double_centered_full_action_dqn,805,524,89.30613119304181,81.30773191928864,31.692476272583008,57.613655188679694,1.5833231396973133,18078.304790496826,0.0,26.0,0.0,3.0,0.050000000000000044,1.788219127804041,1.7797555159777403,0.028212047298438847
double_centered_full_action_dqn,805,525,83.94325342923403,81.38013971075416,28.92381300777197,55.01944045126438,1.4850198291242123,16586.72035217285,0.0,26.0,0.0,1.0,0.050000000000000044,1.6842378415167332,1.6763418316841125,0.026320051518268883
double_centered_full_action_dqn,805,526,64.33435563743114,80.23262131199242,26.431291982531548,37.9030636548996,1.4193488415330648,14777.246368408203,0.0,19.0,0.0,1.0,0.050000000000000044,1.7691317945718765,1.7603024989366531,0.02943093900103122
double_centered_full_action_dqn,805,527,106.22570998370648,81.65752425402404,33.61974351108074,72.60596575737,1.6058371420949697,18669.854724884033,0.0,31.0,0.0,1.0,0.050000000000000044,1.7297850120812654,1.7214450351893902,0.02779983135405928
double_centered_full_action_dqn,805,528,77.27007210254669,81.51282546281816,27.593741789460182,49.676330506801605,1.5179075356572866,16657.36388015747,0.0,23.0,0.0,1.0,0.050000000000000044,1.762835407629609,1.7542313747107983,0.02868014620617032
double_centered_full_action_dqn,805,529,68.986787378788,81.65562291763723,26.601941347122192,42.384846210479736,1.4530006386339664,15171.037616729736,0.0,22.0,0.0,0.0,0.050000000000000044,1.7517811488360167,1.7422475516796112,0.031778700184077024
double_centered_full_action_dqn,805,530,81.64980012923479,82.14570973351599,30.487098060548306,51.16270203888416,1.5477625420317054,17069.40265274048,0.0,24.0,0.0,0.0,0.050000000000000044,1.6132492870092392,1.6049848031252623,0.027548269252292812
double_centered_full_action_dqn,805,531,93.12069660872221,82.51787771739066,30.57039500027895,62.55030146688223,1.5481893615797162,17330.204195022583,0.0,28.0,0.0,4.0,0.050000000000000044,1.5743643566966057,1.5661149229854345,0.02749807422515005
double_centered_full_action_dqn,805,532,64.93819789588451,82.23201671510934,26.92214459180832,38.01605325937271,1.4381881635636091,15400.762649536133,0.0,18.0,0.0,1.0,0.050000000000000044,1.1285650879144669,1.1199300587177277,0.02878346247598529
double_centered_full_action_dqn,805,533,78.93182991445065,81.94400003448128,28.742185786366463,50.18964384496212,1.4953771652653813,16999.446662902832,0.0,25.0,0.0,0.0,0.050000000000000044,2.417892288416624,2.4090479891747236,0.029480898287147284
double_centered_full_action_dqn,805,534,74.52212453782559,81.22589486144483,28.30658285319805,46.21554217636585,1.4727286510169506,15838.35897064209,0.0,23.0,0.0,2.0,0.050000000000000044,1.9545307606458664,1.9458356089890003,0.028983760508708656
double_centered_full_action_dqn,805,535,91.88231929391623,81.73373307898642,30.629442185163498,61.252876937389374,1.544276773929596,17247.26252746582,0.0,28.0,0.0,0.0,0.050000000000000044,1.4659779332578182,1.4568127933889627,0.03055046556983143
double_centered_full_action_dqn,805,536,91.54702141135931,81.84548467598856,32.556610345840454,58.990410789847374,1.5660362746566534,18403.393463134766,0.0,28.0,0.0,1.0,0.050000000000000044,2.2635361403226852,2.2550993263721466,0.02812266640830785
double_centered_full_action_dqn,805,537,80.23488157987595,81.59923904888333,29.657826453447342,50.57705479860306,1.5247757565230131,16913.43648147583,0.0,23.0,0.0,2.0,0.050000000000000044,1.8936263862997293,1.8849062137305737,0.02906721190083772
double_centered_full_action_dqn,805,538,69.45289302915334,81.52172764979304,26.37275593727827,43.08013744950294,1.4577459935098886,15119.893253326416,0.0,20.0,0.0,2.0,0.050000000000000044,1.7738644499331713,1.7637777216732502,0.033622383256442845
double_centered_full_action_dqn,805,539,101.54138689637185,82.9773751217872,34.316884860396385,67.22450205087662,1.63601643871516,19784.961582183838,0.0,28.0,0.0,1.0,0.050000000000000044,2.429958574473858,2.4187884125858545,0.037233866751194
double_centered_full_action_dqn,805,540,65.70075985193253,81.81161604233088,25.452686972916126,40.24807255864143,1.400527086108923,14420.793487548828,0.0,20.0,0.0,4.0,0.050000000000000044,1.8720335066318512,1.8621625006198883,0.03290336998179555
double_centered_full_action_dqn,805,541,84.30039785802364,81.67593666099012,28.929008170962334,55.37138968706131,1.5038247285410762,16652.97215652466,0.0,25.0,0.0,1.0,0.050000000000000044,1.7804292067885399,1.7719034887850285,0.028419029666110873
double_centered_full_action_dqn,805,542,85.18916456401348,81.95482000343503,29.706710636615753,55.482453525066376,1.558436306193471,17616.54917526245,0.0,23.0,0.0,3.0,0.050000000000000044,1.9324393346905708,1.9233870059251785,0.030174446757882833
double_centered_full_action_dqn,805,543,90.53973360359669,82.18087584495545,31.402391247451305,59.13734260201454,1.5399946039542556,17844.837993621826,0.0,26.0,0.0,0.0,0.050000000000000044,1.9501311220228672,1.9406401440501213,0.031636590138077736
double_centered_full_action_dqn,805,544,89.20566205084324,82.17585238784552,30.98317551612854,58.22248567044735,1.5655687348917127,17761.146129608154,0.0,27.0,0.0,4.0,0.050000000000000044,1.4155275952070951,1.4057932645082474,0.032447791658341885
double_centered_full_action_dqn,805,545,94.93706185519696,82.72554280914366,32.41022990643978,62.52683235108852,1.6055335579439998,18833.223831176758,0.0,28.0,0.0,2.0,0.050000000000000044,1.6722786203026772,1.6629161089658737,0.03120841016061604
double_centered_full_action_dqn,805,546,100.78267109692096,84.54795858211816,32.48625163733959,68.29641960859298,1.6468429593369365,19037.855895996094,0.0,30.0,0.0,4.0,0.050000000000000044,2.1588432788848877,2.1477223839610815,0.037069619284011424
double_centered_full_action_dqn,805,547,56.56593459844589,82.06496981285514,26.1158859282732,30.450048565864563,1.4012658121064305,14624.019199371338,0.0,17.0,0.0,0.0,0.050000000000000044,1.730095287784934,1.7215437944978476,0.028505001333542168
double_centered_full_action_dqn,805,548,71.07475725114345,81.75520407028496,25.588902160525322,45.48585546314716,1.4164499305188656,14756.120761871338,0.0,22.0,0.0,2.0,0.050000000000000044,2.1539702992886305,2.1434792019426823,0.034970352659001946
double_centered_full_action_dqn,805,549,79.94850361943244,82.30328988231717,27.295727282762527,52.652776589989664,1.4624996623024344,15758.639545440674,0.0,24.0,0.0,4.0,0.050000000000000044,1.2499447353184223,1.2416301779448986,0.027715129777789116
double_centered_full_action_dqn,805,550,102.08876221776009,83.32523798674345,33.00241558253765,69.08634673953057,1.6080131810158491,18730.835010528564,0.0,29.0,0.0,2.0,0.050000000000000044,1.8214912600815296,1.8127635419368744,0.02909240243025124
double_centered_full_action_dqn,805,551,74.45155605077744,82.39178095884621,26.589016661047935,47.86253925561905,1.430445016361773,15355.460334777832,0.0,23.0,0.0,2.0,0.050000000000000044,1.8976939842104912,1.8874093126505613,0.03428226138930768
double_centered_full_action_dqn,805,552,58.67791233211756,82.07876668065788,23.83033560216427,34.84757651388645,1.3926352933049202,14284.95552444458,0.0,19.0,0.0,0.0,0.050000000000000044,1.3153233099728823,1.3071297369897366,0.02731193951331079
double_centered_full_action_dqn,805,553,84.84692621231079,82.37452149555088,28.189428612589836,56.65749725699425,1.4905787417665124,16470.74306488037,0.0,26.0,0.0,0.0,0.050000000000000044,1.736379997804761,1.7285407166928053,0.026130881975404918
double_centered_full_action_dqn,805,554,66.7526146620512,81.98604600176216,26.739685498178005,40.01292884349823,1.4423434594646096,15660.770114898682,0.0,21.0,0.0,0.0,0.050000000000000044,2.6587279215455055,2.64994665235281,0.029270846280269325
double_centered_full_action_dqn,805,555,87.68554501533508,81.77620728783309,29.372851870954037,58.3126935839653,1.49235101044178,16562.417728424072,0.0,25.0,0.0,4.0,0.050000000000000044,2.185912400484085,2.1778560299426317,0.026854531024582684
double_centered_full_action_dqn,805,556,74.03678948581219,80.90069569155574,26.566684618592262,47.47010528445244,1.459150182083249,15306.426273345947,0.0,22.0,0.0,1.0,0.050000000000000044,2.3576209098100662,2.3496156856417656,0.026684022624976933
double_centered_full_action_dqn,805,557,71.43630990386009,80.46076710775495,27.01618678867817,44.420123264193535,1.456675878725946,15439.265399932861,0.0,22.0,0.0,1.0,0.050000000000000044,2.3557807318866253,2.3475456312298775,0.02745040343143046
double_centered_full_action_dqn,805,558,82.05975014269352,81.09110996343195,30.238382570445538,51.82136771380901,1.541623723693192,17512.158779144287,0.0,23.0,0.0,2.0,0.050000000000000044,1.5052473302930593,1.496715260669589,0.028440205263905227
double_centered_full_action_dqn,805,559,87.24325459003448,80.37620334811508,29.283753767609596,57.95950061380863,1.5287439646199346,16952.512510299683,0.0,27.0,0.0,3.0,0.050000000000000044,1.791684802621603,1.7831489015370607,0.028452968690544367
double_centered_full_action_dqn,805,560,84.11570952236653,81.29695083163679,28.132939115166664,55.982770496606825,1.486879887059331,16270.005386352539,0.0,27.0,0.0,1.0,0.050000000000000044,1.8880056124180555,1.8805688992142677,0.024789037299342453
double_centered_full_action_dqn,805,561,78.8218015819788,81.02302101783455,28.347792744636536,50.47400870323181,1.4929374139755964,16337.006935119629,0.0,25.0,0.0,1.0,0.050000000000000044,2.01243238709867,2.0043229423463345,0.027031554840505123
double_centered_full_action_dqn,805,562,90.3596200734377,81.28154379330576,31.464641250669956,58.8949788749218,1.5906995879486203,18614.89887237549,0.0,25.0,0.0,3.0,0.050000000000000044,1.8127825185656548,1.8038064558058977,0.029920157743617892
double_centered_full_action_dqn,805,563,80.84221991300583,80.79666810877623,28.193711668252945,52.64850812554359,1.5167280221357942,16804.11167526245,0.0,24.0,0.0,3.0,0.050000000000000044,1.564680740237236,1.5550143979489803,0.0322211793391034
double_centered_full_action_dqn,805,564,77.80930416435004,80.22685021445156,29.603679172694683,48.205625438690184,1.4984439555555582,16884.167156219482,0.0,23.0,0.0,1.0,0.050000000000000044,1.9670036751776934,1.9578168671578169,0.030622712220065296
double_centered_full_action_dqn,805,565,96.74780675917864,80.31738745965065,32.59493391960859,64.15287303328515,1.5761642223224044,18559.779006958008,0.0,28.0,0.0,3.0,0.050000000000000044,2.151384281925857,2.141337340697646,0.03348974767141044
double_centered_full_action_dqn,805,566,75.64349732846021,79.0604287712276,27.42376507818699,48.21973195970058,1.4546484388411045,15735.237270355225,0.0,22.0,0.0,4.0,0.050000000000000044,1.9199969246983528,1.909030333161354,0.03655535157304257
double_centered_full_action_dqn,805,567,84.4079302996397,80.45252855628729,26.950261764228344,57.45766840875149,1.459446420893073,15724.595603942871,0.0,25.0,0.0,1.0,0.050000000000000044,1.9017443973571062,1.8927839156240225,0.02986825758125633
double_centered_full_action_dqn,805,568,73.06732867062092,80.55215712726115,26.60556809604168,46.46176014244556,1.4520857641473413,15426.114353179932,0.0,23.0,0.0,1.0,0.050000000000000044,1.6675854735076427,1.6589615941047668,0.028746299678459764
double_centered_full_action_dqn,805,569,56.44303970783949,79.37688393168152,24.603387020528316,31.839652955532074,1.3898384924978018,14262.666799545288,0.0,17.0,0.0,1.0,0.050000000000000044,2.0057665929198265,1.9965403117239475,0.030754305655136704
double_centered_full_action_dqn,805,570,73.64130362123251,77.95451100185514,25.471276819705963,48.170027047395706,1.4281050125136971,14795.260883331299,0.0,23.0,0.0,0.0,0.050000000000000044,1.847049180418253,1.8379346430301666,0.030381758348084986
double_centered_full_action_dqn,805,571,80.1756871342659,78.24071755602957,27.332979023456573,52.842707961797714,1.4928307812660933,16376.46724319458,0.0,25.0,0.0,2.0,0.050000000000000044,1.8042091727256775,1.795171096920967,0.03012695675715804
double_centered_full_action_dqn,805,572,82.66029873788356,79.43983687631786,27.282250732183456,55.37804790139198,1.4419803218916059,15554.599308013916,0.0,25.0,0.0,2.0,0.050000000000000044,1.6443551145493984,1.6360036805272102,0.02783821744378656
double_centered_full_action_dqn,805,573,93.1698483556509,79.85598298348486,31.860265910625458,61.30958241522312,1.6021609008312225,18523.700923919678,0.0,28.0,0.0,2.0,0.050000000000000044,1.516929380595684,1.5073952823877335,0.031780345598235726
double_centered_full_action_dqn,805,574,113.33750020265579,82.18522726051509,36.98507732152939,76.35242322385311,1.707769432105124,20547.71169281006,0.0,32.0,0.0,5.0,0.050000000000000044,1.9158892445266247,1.9066079873591661,0.03093753708526492
double_centered_full_action_dqn,805,575,80.1350116595626,81.80770059272646,30.206458695232868,49.928552919626235,1.5662617953494191,17824.750999450684,0.0,24.0,0.0,1.0,0.050000000000000044,1.3348558750003576,1.3265097830444574,0.02782032056711614
double_centered_full_action_dqn,805,576,82.36971599012614,82.22434691794217,27.240944363176823,55.128771939873694,1.4800099227577448,16033.729267120361,0.0,26.0,0.0,1.0,0.050000000000000044,1.7846951391547918,1.7759747467935085,0.02906790841370821
double_centered_full_action_dqn,805,577,92.46355798840523,83.27570932216943,32.075890839099884,60.38766747713089,1.590109946206212,18541.309505462646,0.0,28.0,0.0,0.0,0.050000000000000044,1.9460217524319887,1.9369322210550308,0.030298426165245473
double_centered_full_action_dqn,805,578,75.58275797218084,82.95185971364381,29.087951742112637,46.49480627477169,1.5178372459486127,16793.498817443848,0.0,23.0,0.0,2.0,0.050000000000000044,1.9437185432761908,1.9327354859560728,0.03661019925493747
double_centered_full_action_dqn,805,579,83.58081909418107,82.76873793885113,29.474452823400497,54.10636613667011,1.5189610375091434,17189.293701171875,0.0,25.0,0.0,1.0,0.050000000000000044,1.7030432913452387,1.6932551674544811,0.03262702689971775
double_centered_full_action_dqn,805,580,63.796917150914666,81.75279832027853,26.214271493256092,37.58264546394348,1.4140558671206236,14626.652210235596,0.0,21.0,0.0,2.0,0.050000000000000044,1.9560534097254276,1.9474372696131468,0.028720509028062224
double_centered_full_action_dqn,805,581,78.90602668374777,81.75700957536698,27.012758053839207,51.8932688832283,1.465248791500926,15635.558952331543,0.0,24.0,0.0,0.0,0.050000000000000044,1.7002348341047764,1.6913931220769882,0.029472338850609958
double_centered_full_action_dqn,805,582,79.40461599230767,81.20925937131048,29.153800696134567,50.250815445184706,1.5114280860871077,16826.20881652832,0.0,23.0,0.0,1.0,0.050000000000000044,1.4958989061415195,1.486830411478877,0.030228317715227604
double_centered_full_action_dqn,805,583,85.96447367370129,81.46537205934524,28.943198919296265,57.02127497792244,1.519703826867044,16675.80662536621,0.0,27.0,0.0,1.0,0.050000000000000044,2.1200915966182947,2.110090533271432,0.03333691053558141
double_centered_full_action_dqn,805,584,83.14350175857544,81.73208193905653,29.236347049474716,53.9071554094553,1.5328450864180923,17065.263023376465,0.0,25.0,0.0,1.0,0.050000000000000044,1.7322508785873652,1.723744809627533,0.02835361461620778
double_centered_full_action_dqn,805,585,73.92558604478836,80.59097090333701,27.62094534933567,46.304640620946884,1.482267452403903,16233.321014404297,0.0,21.0,0.0,0.0,0.050000000000000044,2.1985884569585323,2.1899578403681517,0.0287686325609684
double_centered_full_action_dqn,805,586,80.55264796614647,80.83642843522132,28.09895460307598,52.45369254350662,1.4979908503592014,16283.307010650635,0.0,24.0,0.0,3.0,0.050000000000000044,1.9812187682837248,1.9719910006970167,0.030759102664887905
double_centered_full_action_dqn,805,587,82.5320046633482,80.74263215340673,29.857180446386337,52.674823904037474,1.5375276794657111,17114.54958343506,0.0,25.0,0.0,2.0,0.050000000000000044,1.7028312981128693,1.693424478173256,0.03135603026021272
double_centered_full_action_dqn,805,588,76.97256898134947,80.93789416894317,29.123635850846767,47.84893298149109,1.499545588158071,16720.184646606445,0.0,22.0,0.0,0.0,0.050000000000000044,1.6544073764234781,1.6446050591766834,0.03267439373303205
double_centered_full_action_dqn,805,589,65.64111552387476,81.39779795974492,25.49638072401285,40.1447351872921,1.437679066322744,15266.468238830566,0.0,21.0,0.0,1.0,0.050000000000000044,1.8375331778079271,1.828383482992649,0.030498999753035605
double_centered_full_action_dqn,805,590,77.11249738186598,81.57135764777661,28.261952839791775,48.85054475069046,1.4925978556275368,16425.722597122192,0.0,23.0,0.0,0.0,0.050000000000000044,2.177562266588211,2.167831879109144,0.03243469225708395
double_centered_full_action_dqn,805,591,84.91168715953827,81.80815764904023,29.892680406570435,55.01900608241558,1.5743628786876798,17467.715885162354,0.0,26.0,0.0,2.0,0.050000000000000044,2.1058280300348997,2.0969410352408886,0.029623348847962916
double_centered_full_action_dqn,805,592,72.00807219743729,81.27554632201792,27.156914308667183,44.851157546043396,1.4962030900642276,16381.650993347168,0.0,22.0,0.0,2.0,0.050000000000000044,1.6296109836548567,1.6204144097864628,0.030655222944915295
double_centered_full_action_dqn,805,593,64.04198692888022,79.81915325067939,24.645176716148853,39.39681025743484,1.3783605573698878,14301.76868057251,0.0,19.0,0.0,1.0,0.050000000000000044,1.7997636646032333,1.7909771893173456,0.029288237681612372
double_centered_full_action_dqn,805,594,94.29900271594525,78.86722837634386,32.58827342838049,61.71072935461998,1.579042443074286,18782.392623901367,0.0,26.0,0.0,2.0,0.050000000000000044,1.5351074542850256,1.5253338478505611,0.032578690676018596
double_centered_full_action_dqn,805,595,88.23351157605649,79.27215337216856,30.83082155138254,57.402689883112906,1.584240972995758,17871.70320892334,0.0,26.0,0.0,2.0,0.050000000000000044,1.3654069732874632,1.355546509847045,0.03286820161156356
double_centered_full_action_dqn,805,596,98.29750020205975,80.06854258276525,32.74898365139961,65.54851652085782,1.6220007985830307,18841.70952606201,0.0,30.0,0.0,3.0,0.050000000000000044,1.8160951659083366,1.8067167736589909,0.03126127307768911
double_centered_full_action_dqn,805,597,93.22259977459908,80.10649467207493,31.461700938642025,61.76089936494827,1.5837323796004057,18352.918685913086,0.0,27.0,0.0,2.0,0.050000000000000044,2.479742966592312,2.4702197909355164,0.031743978848680854
double_centered_full_action_dqn,805,598,97.66824531853199,81.21076903939249,32.906834810972214,64.76140986680984,1.6272163670510054,18883.325225830078,0.0,29.0,0.0,2.0,0.050000000000000044,1.8844036143273115,1.8753779660910368,0.03008546947967261
double_centered_full_action_dqn,805,599,71.59371261447669,80.61141371540727,26.623665116727352,44.970047453045844,1.4577160235494375,15475.344226837158,0.0,21.0,0.0,1.0,0.050000000000000044,2.0628819093108177,2.0531750097870827,0.03235627186950296
double_centered_full_action_dqn,805,600,79.43607221692801,81.39337146870793,29.252369694411755,50.18370231389999,1.5076632713899016,16526.635231018066,0.0,24.0,0.0,1.0,0.050000000000000044,1.8427067305892706,1.8338479809463024,0.02952913334593177
double_centered_full_action_dqn,805,601,84.04073244035244,81.65010675653816,27.791133604943752,56.24959887266159,1.5528152361512184,16816.01922607422,0.0,27.0,0.0,4.0,0.050000000000000044,2.1905809305608273,2.1813762299716473,0.03068232850637287
double_centered_full_action_dqn,805,602,62.90559542179108,80.82515572801233,24.81807441264391,38.0875204205513,1.3858975730836391,13851.15934753418,0.0,20.0,0.0,1.0,0.050000000000000044,1.7334892190992832,1.7231899462640285,0.034330859780311584
double_centered_full_action_dqn,805,603,61.2227802157402,79.58807105511428,24.25265145301819,36.97012801766395,1.3832398932427168,13824.322170257568,0.0,18.0,0.0,2.0,0.050000000000000044,2.274872452020645,2.265007531270385,0.03288309695199132
double_centered_full_action_dqn,805,604,89.65673198103904,79.91373256623746,30.33996321260929,59.316768291592595,1.52571511734277,17338.378314971924,0.0,25.0,0.0,5.0,0.050000000000000044,1.6725060418248177,1.663327043876052,0.030596708063967526
double_centered_full_action_dqn,805,605,87.0510745793581,80.57000699296593,31.484704300761223,55.56637027859688,1.5678527913987637,18034.349256515503,0.0,25.0,0.0,1.0,0.050000000000000044,1.6524074990302324,1.6438110880553722,0.028654761728830636
double_centered_full_action_dqn,805,606,87.90667067468166,80.9377081283927,29.636374101042747,58.270296439528465,1.530618499033153,16950.56105041504,0.0,26.0,0.0,1.0,0.050000000000000044,2.3376850187778473,2.3278441540896893,0.03280289249960333
double_centered_full_action_dqn,805,607,71.58511136472225,80.3903634634614,28.544830694794655,43.04028056561947,1.4727327078580856,16279.772010803223,0.0,22.0,0.0,2.0,0.050000000000000044,1.8763592466711998,1.8670697137713432,0.030965093174017966
double_centered_full_action_dqn,805,608,95.87146305441857,81.33530816711486,31.354704707860947,64.51675783991814,1.5675069708377123,17975.463375091553,0.0,29.0,0.0,1.0,0.050000000000000044,2.142052350565791,2.13285755738616,0.03064931696280837
double_centered_full_action_dqn,805,609,102.41001509130001,83.17375314548613,33.79322964698076,68.61678549647331,1.6393160754814744,19399.551959991455,0.0,29.0,0.0,2.0,0.050000000000000044,1.5105614084750414,1.5001275204122066,0.034779646317474544
double_centered_full_action_dqn,805,610,51.36957982182503,81.88660726748408,22.4761843085289,28.893394857645035,1.3054840117692947,12637.297058105469,0.0,17.0,0.0,0.0,0.050000000000000044,1.9405031315982342,1.9302595537155867,0.03414517280180007
double_centered_full_action_dqn,805,611,70.32858453840018,81.15745213642717,26.163717441260815,44.16486684381962,1.4274231940507889,15138.94111251831,0.0,21.0,0.0,2.0,0.050000000000000044,1.9744302108883858,1.965851940214634,0.028594196075573564
double_centered_full_action_dqn,805,612,68.63320514708758,80.98870878390969,25.992740258574486,42.64046440422535,1.4247993752360344,14711.505630493164,0.0,21.0,0.0,2.0,0.050000000000000044,1.7438294403254986,1.7336468063294888,0.03394205588847399
double_centered_full_action_dqn,805,613,65.27689509093761,81.05045419201255,26.437093049287796,38.839802250266075,1.4298106776550412,15237.725971221924,0.0,19.0,0.0,0.0,0.050000000000000044,2.021256795153022,2.0108820348978043,0.03458247322123498
double_centered_full_action_dqn,805,614,62.69908592402935,79.47045835241677,24.470006927847862,38.229078251123426,1.3902021562680602,14185.640445709229,0.0,20.0,0.0,3.0,0.050000000000000044,1.280205924063921,1.271238774061203,0.029890562873333693
double_centered_full_action_dqn,805,615,71.46053049713373,78.63180929847063,27.632803104817867,43.827727660536766,1.4660399723798037,15799.837549209595,0.0,22.0,0.0,1.0,0.050000000000000044,2.513235792517662,2.5044767633080482,0.029196738032624125
double_centered_full_action_dqn,805,616,67.50643598288298,77.09225608751177,25.719272159039974,41.78716368973255,1.458464470691979,15520.341117858887,0.0,19.0,0.0,0.0,0.050000000000000044,1.5439434126019478,1.5332672409713268,0.03558716631960124
double_centered_full_action_dqn,805,617,88.1494204133749,76.83859711945055,30.22424803674221,57.925173106789586,1.5398544082418084,17060.46880722046,0.0,26.0,0.0,3.0,0.050000000000000044,1.9340016432106495,1.9240730293095112,0.03309540415648371
double_centered_full_action_dqn,805,618,91.54335843920708,76.53235277548433,29.395020477473736,62.14833831191063,1.5259266728535295,17125.094566345215,0.0,29.0,0.0,2.0,0.050000000000000044,2.1231375224888325,2.114394759759307,0.029142624116502702
double_centered_full_action_dqn,805,619,87.64545823633671,77.33494005657732,29.15056237578392,58.49489587545395,1.5438921200111508,17095.088676452637,0.0,27.0,0.0,1.0,0.050000000000000044,1.883916947990656,1.8738946504890919,0.0334076537983492
double_centered_full_action_dqn,805,620,93.87132717072964,78.05670280426742,31.186173990368843,62.685152956843375,1.5541724096983671,17827.340669631958,0.0,27.0,0.0,3.0,0.050000000000000044,1.5586384516209364,1.549203310161829,0.0314504619454965
double_centered_full_action_dqn,805,621,91.96048353910446,78.45269035920502,31.264882594347,60.69560061693191,1.5763641968369484,18205.099311828613,0.0,29.0,0.0,3.0,0.050000000000000044,2.2736297845840454,2.2652448937296867,0.027949668932706118
double_centered_full_action_dqn,805,622,91.72466602921486,79.89364388957621,31.041315138339996,60.683350667357445,1.5761303305625916,18044.163970947266,0.0,28.0,0.0,1.0,0.050000000000000044,1.620003778487444,1.6109126713126898,0.030303715029731393
double_centered_full_action_dqn,805,623,66.59335123002529,80.16217244029045,25.57760815322399,41.01574319601059,1.4318368947133422,14956.842384338379,0.0,20.0,0.0,1.0,0.050000000000000044,2.0317449029535055,2.020876035094261,0.036229614284820855
double_centered_full_action_dqn,805,624,75.25387568026781,79.44202962525189,26.490987539291382,48.762887835502625,1.456653244793415,15218.641494750977,0.0,23.0,0.0,3.0,0.050000000000000044,1.6970711834728718,1.6870718989521265,0.033330986043438315
double_centered_full_action_dqn,805,625,88.18600788116456,79.49877629034222,29.564933091402054,58.62107496857643,1.5699406927451491,17127.22563934326,0.0,25.0,0.0,3.0,0.050000000000000044,1.8622571676969528,1.8530981671065092,0.030530002899467945
double_centered_full_action_dqn,805,626,66.05420665442944,78.4061530893296,25.34737928211689,40.706827372312546,1.40895230229944,14737.867778778076,0.0,20.0,0.0,0.0,0.050000000000000044,1.9075660910457373,1.8989752475172281,0.028636125032790005
double_centered_full_action_dqn,805,627,93.22770204544068,79.48828262336554,32.98732612282038,60.240376406908034,1.5976861957460642,18951.81893157959,0.0,28.0,0.0,1.0,0.050000000000000044,2.135379269719124,2.126398704946041,0.02993525518104434
double_centered_full_action_dqn,805,628,79.12586432695389,78.6510026869923,28.70231106132269,50.42355352640152,1.4730762876570225,16591.90723800659,0.0,24.0,0.0,0.0,0.050000000000000044,1.5130175780504942,1.5026481430977583,0.03456481674220413
double_centered_full_action_dqn,805,629,95.48798001706601,78.3049009332806,33.51472967863083,61.9732507109642,1.6392407258972526,18992.218170166016,0.0,27.0,0.0,1.0,0.050000000000000044,1.4509148597717285,1.4412747137248516,0.03213376610074192
double_centered_full_action_dqn,805,630,65.6176332473755,79.01730360455812,25.050612211227417,40.56702091693878,1.37430261913687,14045.307956695557,0.0,21.0,0.0,1.0,0.050000000000000044,1.5396080408245325,1.5292900651693344,0.03439329902175814
double_centered_full_action_dqn,805,631,79.01406683772802,79.45157771952452,27.59468799084425,51.419379234313965,1.4413820849731565,15746.12812423706,0.0,23.0,0.0,0.0,0.050000000000000044,1.553321797400713,1.5441465843468904,0.030584075138904154
double_centered_full_action_dqn,805,632,69.77113404124975,79.50847416423262,27.609885595738888,42.16124813258648,1.456625485792756,15547.843395233154,0.0,21.0,0.0,0.0,0.050000000000000044,1.9815881382673979,1.9709834903478622,0.035348866251297295
double_centered_full_action_dqn,805,633,88.38963388055564,80.66411110371352,30.51423003524542,57.875403770804404,1.5378462253138423,17522.299396514893,0.0,27.0,0.0,1.0,0.050000000000000044,1.982750453054905,1.9725322593003511,0.03406075097154826
double_centered_full_action_dqn,805,634,75.5902310013771,81.3086683575809,27.30586977303028,48.28436130285263,1.4478424414992332,15470.08776473999,0.0,22.0,0.0,0.0,0.050000000000000044,1.5534813590347767,1.5445391442626715,0.029807403218001127
double_centered_full_action_dqn,805,635,84.535575568676,81.96242061115802,29.06367651373148,55.47189922630787,1.5046121841296554,16944.61012649536,0.0,25.0,0.0,0.0,0.050000000000000044,1.5909769386053085,1.5800195448100567,0.0365246458677575
double_centered_full_action_dqn,805,636,93.94963920116425,83.28458077207208,31.26346330344677,62.686175897717476,1.5518589122220874,17715.13282775879,0.0,29.0,0.0,0.0,0.050000000000000044,1.854117527604103,1.8426431566476822,0.03824796399567276
double_centered_full_action_dqn,805,637,79.14512036144734,82.83436576947571,29.772239610552788,49.37288089990616,1.4785244492813945,16542.193031311035,0.0,23.0,0.0,1.0,0.050000000000000044,2.2589172795414925,2.249488141387701,0.031430528266355395
double_centered_full_action_dqn,805,638,58.875672842562196,81.20098148964345,24.553268812596798,34.322404134273526,1.3919421331956983,14261.794651031494,0.0,18.0,0.0,3.0,0.050000000000000044,1.9539644960314035,1.9443409349769354,0.03207853378262371
double_centered_full_action_dqn,805,639,78.83568220287562,80.76049268797041,27.771483972668648,51.06419802904129,1.4890411356464028,16038.729064941406,0.0,23.0,0.0,4.0,0.050000000000000044,1.7279691956937313,1.7185324095189571,0.03145588259212673
double_centered_full_action_dqn,805,640,77.93723042458296,79.96378785066308,27.20331532508135,50.73391535282135,1.4526840336620808,15444.808815002441,0.0,26.0,0.0,2.0,0.050000000000000044,1.4824261479079723,1.4728142945095897,0.03203950705938041
double_centered_full_action_dqn,805,641,86.50896804183722,79.69121207579971,29.624276749789715,56.88469094932079,1.5366993946954608,17176.619033813477,0.0,26.0,0.0,2.0,0.050000000000000044,1.5151848662644625,1.5056898295879364,0.03165007766801864
double_centered_full_action_dqn,805,642,99.24828114509583,80.06739283159376,34.052667289972305,65.1956138253212,1.6259815655648708,19373.38743209839,0.0,29.0,0.0,3.0,0.050000000000000044,2.4500114303082228,2.440850568935275,0.030536188976839185
double_centered_full_action_dqn,805,643,68.90108094513417,80.18277931734922,25.123701125383377,43.77737962603569,1.451503905467689,15024.49129486084,0.0,22.0,0.0,2.0,0.050000000000000044,2.095162946730852,2.086510978639126,0.028839988168329
double_centered_full_action_dqn,805,644,61.24126011878252,79.48214853927496,24.611422024667263,36.62983816862106,1.3717094361782074,14150.112144470215,0.0,20.0,0.0,0.0,0.050000000000000044,2.036586008965969,2.026637291535735,0.0331624720711261
double_centered_full_action_dqn,805,645,89.48159505426884,79.54692789793016,31.59277941286564,57.888815104961395,1.5904198111966252,18219.439971923828,0.0,24.0,0.0,3.0,0.050000000000000044,1.9751810301095247,1.9659211039543152,0.030866416869685054
double_centered_full_action_dqn,805,646,79.18178561329842,80.2033068458736,28.60344771295786,50.57833781838417,1.5096844853833318,16794.625602722168,0.0,23.0,0.0,1.0,0.050000000000000044,2.1900786831974983,2.1810863129794598,0.029974542325362563
double_centered_full_action_dqn,805,647,82.10799992382526,79.64732173979283,27.82926271855831,54.27873695194721,1.4832356637343764,15953.813735961914,0.0,27.0,0.0,4.0,0.050000000000000044,1.765219785273075,1.7565897032618523,0.02876693708822131
double_centered_full_action_dqn,805,648,68.20315393209458,79.10118622004987,25.20025995373726,43.002894499897955,1.4159861262887716,14525.535217285156,0.0,20.0,0.0,1.0,0.050000000000000044,1.661823800764978,1.6530920090153813,0.02910599613096565
double_centered_full_action_dqn,805,649,86.74658466130495,78.66411645226182,29.56046010553837,57.186124548316,1.5359971262514591,17171.55615234375,0.0,27.0,0.0,0.0,0.050000000000000044,1.9645641911774874,1.954306285828352,0.034193059895187616
double_centered_full_action_dqn,805,650,78.47402858138085,79.30693621896208,27.41969946026802,51.054328674077986,1.4878252930939198,16204.742862701416,0.0,28.0,0.0,1.0,0.050000000000000044,1.93485876172781,1.9252988807857037,0.03186623542569578
double_centered_full_action_dqn,805,651,76.86450068801642,79.19945791147651,28.24492608755827,48.61957421302795,1.490170388482511,16393.70037460327,0.0,25.0,0.0,2.0,0.050000000000000044,1.5067580807954073,1.4970875326544046,0.032235148595646024
double_centered_full_action_dqn,805,652,71.75376098155975,79.298589258492,27.275943517684937,44.4778173148632,1.4739748947322369,15683.955989837646,0.0,22.0,0.0,2.0,0.050000000000000044,1.8159290440380573,1.8064985405653715,0.03143500618170947
double_centered_full_action_dqn,805,653,86.3427378922701,79.19624445907773,29.76764990389347,56.57508774995804,1.5612288163974881,17497.63722229004,0.0,24.0,0.0,1.0,0.050000000000000044,2.1657989379018545,2.1557983085513115,0.03333544288761914
double_centered_full_action_dqn,805,654,68.54645393937827,78.84405560597779,25.577267728745937,42.96918609142303,1.4043134031817317,14414.580982208252,0.0,20.0,0.0,3.0,0.050000000000000044,1.9621476214379072,1.953399583697319,0.029160142177715898
double_centered_full_action_dqn,805,655,70.19589869827033,78.1270717624575,27.63656335324049,42.55933498740196,1.464803266339004,15887.305953979492,0.0,21.0,0.0,1.0,0.050000000000000044,2.003433357924223,1.9941633231937885,0.030900153680704534
double_centered_full_action_dqn,805,656,74.3317606151104,77.14617783315482,28.27785997092724,46.05390079319477,1.490094625391066,16069.42206954956,0.0,23.0,0.0,0.0,0.050000000000000044,2.51002399623394,2.500400209799409,0.03207919921260327
double_centered_full_action_dqn,805,657,75.83249130249024,76.98054638020696,26.49538618326187,49.3371051043272,1.4427887182682753,15299.680992126465,0.0,24.0,0.0,1.0,0.050000000000000044,2.2887772023677826,2.278991147875786,0.032620142912492156
double_centered_full_action_dqn,805,658,78.17763102799654,77.94564428947868,28.858339428901672,49.31929203867912,1.5022687669843435,16202.961929321289,0.0,25.0,0.0,0.0,0.050000000000000044,1.6917819567024708,1.6807047296315432,0.03692406264599413
double_centered_full_action_dqn,805,659,86.501816624403,78.32895101055504,28.173785150051117,58.32803156375885,1.531475736759603,17254.080295562744,0.0,27.0,0.0,1.0,0.050000000000000044,1.903671968728304,1.8923334330320358,0.037795123062096536
double_centered_full_action_dqn,805,660,53.29662746936083,77.09692086279395,22.761271931231022,30.535355761647224,1.3399346573278308,13007.11268043518,0.0,18.0,0.0,1.0,0.050000000000000044,1.9104967657476664,1.8999451361596584,0.03517216851469129
double_centered_full_action_dqn,805,661,72.43954942375422,76.39344993188979,26.2755541279912,46.16399537026882,1.45071907248348,15320.762664794922,0.0,22.0,0.0,0.0,0.050000000000000044,1.617801921442151,1.6067974343895912,0.036681644385680556
double_centered_full_action_dqn,805,662,72.1858806848526,75.04032990887762,26.09439727663994,46.09148316979408,1.4212615946307778,15311.053134918213,0.0,23.0,0.0,1.0,0.050000000000000044,2.1927081756293774,2.1831188835203648,0.03196424164343625
double_centered_full_action_dqn,805,663,88.5423400938511,76.02239286631348,30.86812648177147,57.674214059114455,1.5502742789685726,17622.476398468018,0.0,26.0,0.0,2.0,0.050000000000000044,1.9637010283768177,1.9533446989953518,0.03452111850492656
double_centered_full_action_dqn,805,664,86.4843647569418,77.28454809822145,30.996769852936268,55.487595015764235,1.550995085388422,17866.39210510254,0.0,26.0,0.0,3.0,0.050000000000000044,1.7175378277897835,1.7059712875634432,0.03855514829047024
double_centered_full_action_dqn,805,665,75.9260432869196,76.60677050985399,27.735780641436577,48.190262496471405,1.4657804016023874,15783.871482849121,0.0,24.0,0.0,0.0,0.050000000000000044,1.8711696937680244,1.8597397282719612,0.03809986088890582
double_centered_full_action_dqn,805,666,95.19038685560227,77.40720057196918,31.91404654085636,63.27633943557739,1.5792569620534778,18421.565631866455,0.0,29.0,0.0,1.0,0.050000000000000044,1.4439046327024698,1.4331360030919313,0.03589540522079915
double_centered_full_action_dqn,805,667,82.17856524884701,77.41072883822025,29.024513259530067,53.15405161678791,1.5143569260835648,16421.59789276123,0.0,24.0,0.0,3.0,0.050000000000000044,1.665754547342658,1.6560012996196747,0.032510790042579174
double_centered_full_action_dqn,805,668,83.49012497067451,78.17507739014926,28.49705322831869,54.99307197332382,1.5101190628483891,16577.47932434082,0.0,25.0,0.0,1.0,0.050000000000000044,1.909489095211029,1.8998750150203705,0.03204695961903781
double_centered_full_action_dqn,805,669,81.20863974988461,77.89818014457823,28.223644375801086,52.984994956851004,1.4885050198063254,15940.512504577637,0.0,26.0,0.0,4.0,0.050000000000000044,1.5183433126658201,1.5078755412250757,0.03489254601299763
double_centered_full_action_dqn,805,670,68.69531081020833,77.4092442560196,26.403186321258545,42.29212445914745,1.449257593601942,15169.396713256836,0.0,20.0,0.0,2.0,0.050000000000000044,1.8764057252556086,1.8675331715494394,0.029575193533673882
double_centered_full_action_dqn,805,671,81.82318134009839,77.65717828862371,28.367039568722248,53.45614176392555,1.4840088728815317,16255.002479553223,0.0,24.0,0.0,1.0,0.050000000000000044,2.0964273549616337,2.085390830412507,0.03678843716625124
double_centered_full_action_dqn,805,672,78.58853081762791,77.99891678042712,27.87839188426733,50.71013959646225,1.4948917925357819,16354.195230484009,0.0,25.0,0.0,2.0,0.050000000000000044,2.071287652477622,2.0619269888848066,0.031202187878079712
double_centered_full_action_dqn,805,673,75.59501679241657,77.46153072543444,29.195402927696705,46.39961412549019,1.497511680237949,16667.84613800049,0.0,23.0,0.0,1.0,0.050000000000000044,2.358509249985218,2.348586156964302,0.03307696245610714
double_centered_full_action_dqn,805,674,75.45766624212266,77.80709134057165,28.277388118207455,47.180278250575064,1.4943723147735,16745.649028778076,0.0,25.0,0.0,1.0,0.050000000000000044,1.776379443705082,1.7665643356740475,0.03271700453478843
double_centered_full_action_dqn,805,675,82.31713652759791,78.41315323203803,29.322362922132015,52.994773456454276,1.5922976760193706,17690.96559524536,0.0,26.0,0.0,1.0,0.050000000000000044,1.9551289342343807,1.9454533159732819,0.03225210029631853
double_centered_full_action_dqn,805,676,88.94745177179576,79.1439377898723,30.556275963783264,58.3911758005619,1.5618052911013365,17541.151836395264,0.0,27.0,0.0,1.0,0.050000000000000044,1.6226290073245764,1.6117692720144987,0.03619917936157435
double_centered_full_action_dqn,805,677,87.07950394004584,79.70628842175009,30.336503706872463,56.742999815940856,1.5627035545185208,18115.974334716797,0.0,25.0,0.0,2.0,0.050000000000000044,2.191499099135399,2.1825801208615303,0.02972993382718414
double_centered_full_action_dqn,805,678,76.61885125935078,79.6283494333178,28.513639397919178,48.10521149635315,1.4905060781165957,16284.27375793457,0.0,23.0,0.0,2.0,0.050000000000000044,1.352462723851204,1.3431858718395233,0.03092286572791636
double_centered_full_action_dqn,805,679,81.90017385184765,79.39826729469003,29.156433761119843,52.74374043345451,1.5770453540608287,17814.21911239624,0.0,25.0,0.0,2.0,0.050000000000000044,1.726410049945116,1.7164867017418146,0.03307779773604125
double_centered_full_action_dqn,805,680,92.29480455368757,81.34817614890636,30.57726662606001,61.717538106441495,1.5728696854785085,17644.25018310547,0.0,28.0,0.0,3.0,0.050000000000000044,1.5933214332908392,1.5835557375103235,0.032552391989156604
double_centered_full_action_dqn,805,681,73.66396806538106,81.4093970809877,26.701039284467697,46.96292912364006,1.4647636078298092,15827.774765014648,0.0,24.0,0.0,2.0,0.050000000000000044,1.6571464501321316,1.6470729652792215,0.03357827046420425
double_centered_full_action_dqn,805,682,81.66118907481432,81.88316250048578,28.850983805954456,52.81020528376102,1.519576134160161,16629.817974090576,0.0,24.0,0.0,2.0,0.050000000000000044,1.8772674836218357,1.867771940305829,0.031651709927245975
double_centered_full_action_dqn,805,683,86.71697461605072,81.79189422659576,29.958025351166725,56.75894908607006,1.52943716943264,16890.53981781006,0.0,26.0,0.0,1.0,0.050000000000000044,1.4553767684847116,1.4460559245198965,0.031069531687535346
double_centered_full_action_dqn,805,684,62.55649419426918,80.59550069846213,24.372403502464294,38.18409069180488,1.38277683313936,13814.369678497314,0.0,19.0,0.0,2.0,0.050000000000000044,1.9978219363838434,1.9873723611235619,0.034831940196454525
double_centered_full_action_dqn,805,685,78.56421076655388,80.72740907244386,27.044519536197186,51.519691029191016,1.4477355284616351,15592.20520401001,0.0,23.0,0.0,1.0,0.050000000000000044,1.970630694180727,1.96112971752882,0.031669977703131735
double_centered_full_action_dqn,805,686,68.73601172119379,79.40469031572341,26.60097085684538,42.13504037261009,1.4592304369434714,15792.09856414795,0.0,21.0,0.0,0.0,0.050000000000000044,2.206707587465644,2.196385459974408,0.03440714406315237
double_centered_full_action_dqn,805,687,89.89782992303371,79.79065354943276,32.438722021877766,57.45910749137401,1.6330529311671853,18988.082641601562,0.0,26.0,0.0,2.0,0.050000000000000044,1.9707589000463486,1.9589232448488474,0.03945216676220298
double_centered_full_action_dqn,805,688,93.0812589019537,80.27021024599672,30.538711540400982,62.542547503113745,1.539762639440596,17526.079761505127,0.0,27.0,0.0,2.0,0.050000000000000044,1.6020661052316427,1.5922329388558865,0.032777291373349726
double_centered_full_action_dqn,805,689,73.88609130680561,79.90408282384277,27.951160289347172,45.934930980205536,1.506004354916513,16572.31377029419,0.0,23.0,0.0,0.0,0.050000000000000044,1.2368081491440535,1.2274437732994556,0.03121456888038665
double_centered_full_action_dqn,805,690,77.03470860421658,80.32105271354318,27.728140518069267,49.30656862258911,1.50891007296741,16303.82209777832,0.0,24.0,0.0,0.0,0.050000000000000044,2.04795378446579,2.0367013439536095,0.0375080828089267
double_centered_full_action_dqn,805,691,75.15171656906605,79.98747947499157,26.83942898362875,48.312287324666976,1.4955764412879944,16204.508201599121,0.0,21.0,0.0,1.0,0.050000000000000044,1.8393900282680988,1.8297097440809011,0.0322676565265283
double_centered_full_action_dqn,805,692,82.31360413879156,80.17373314104975,29.934668354690075,52.37893605232239,1.5434143720194697,17160.779815673828,0.0,24.0,0.0,2.0,0.050000000000000044,1.6080357301980257,1.5979745015501976,0.03353746421635151
double_centered_full_action_dqn,805,693,98.98172389864922,81.34306849636138,30.965321838855743,68.01640179157258,1.5614878740161657,17714.934394836426,0.0,31.0,0.0,1.0,0.050000000000000044,1.623428512364626,1.6132417544722557,0.033955773105844855
double_centered_full_action_dqn,805,694,93.96658374667167,82.26851437158884,30.342661574482918,63.623922410607335,1.5587145667523146,17503.41618347168,0.0,29.0,0.0,2.0,0.050000000000000044,1.504883237183094,1.495916798710823,0.02988816157449037
double_centered_full_action_dqn,805,695,88.91729238778353,82.59852216459811,30.2780107781291,58.639281609654425,1.5352652296423912,17068.953804016113,0.0,27.0,0.0,1.0,0.050000000000000044,1.5304359998553991,1.5212533380836248,0.030608911416493356
double_centered_full_action_dqn,805,696,71.794244363904,81.74086179420354,26.120306581258774,45.673938035964966,1.4544133646413684,15468.787118911743,0.0,21.0,0.0,0.0,0.050000000000000044,1.6817659344524145,1.6725857593119144,0.030600599944591522
double_centered_full_action_dqn,805,697,64.28254602104425,80.60101389825344,26.664667509496212,37.61787886917591,1.4189011342823505,15392.66630935669,0.0,20.0,0.0,2.0,0.050000000000000044,3.1308597773313522,3.1207525730133057,0.03369061439298093
double_centered_full_action_dqn,805,698,85.46226819753647,81.04318474516273,30.35214000940323,55.110128039121626,1.577822762541473,17784.883781433105,0.0,25.0,0.0,2.0,0.050000000000000044,1.7214102130383253,1.711035743355751,0.03458157042041421
double_centered_full_action_dqn,805,699,83.7233143389225,81.13434176951648,27.46258381009102,56.2607305586338,1.5204679425805807,16137.707092285156,0.0,24.0,0.0,1.0,0.050000000000000044,1.858302241191268,1.848412362858653,0.0329662982840091
double_centered_full_action_dqn,805,700,81.38466136157513,80.58883460991086,27.633067652583122,53.75159399211407,1.5189944664016366,16688.981441497803,0.0,26.0,0.0,0.0,0.050000000000000044,1.8463615868240595,1.8356939256191254,0.03555893013253808
double_centered_full_action_dqn,805,701,96.8981351852417,81.75054296590389,33.76063917577267,63.1374963670969,1.641009253449738,19494.555473327637,0.0,29.0,0.0,1.0,0.050000000000000044,2.148167237639427,2.137451708316803,0.03571844333782792
double_centered_full_action_dqn,805,702,86.61355895847082,81.99816146008672,30.351045168936253,56.2625132381916,1.5690409820526838,17999.585147857666,0.0,24.0,0.0,3.0,0.050000000000000044,2.1115150824189186,2.0998134780675173,0.039005308295600116
double_centered_full_action_dqn,805,703,89.53835724294186,82.13923059143126,30.160288751125336,59.378068536520004,1.5504153026267886,17442.86557006836,0.0,28.0,0.0,0.0,0.050000000000000044,1.8228659555315971,1.8111807610839605,0.03895070299040526
double_centered_full_action_dqn,805,704,76.82319339513779,82.8525655514747,27.227811135351658,49.59538199901581,1.4689418263733387,15477.650547027588,0.0,24.0,0.0,2.0,0.050000000000000044,2.500057552009821,2.489396769553423,0.0355358551023528
double_centered_full_action_dqn,805,705,91.37585658729077,83.49314784251155,29.06632137298584,62.309534737467764,1.5478283418342471,17115.902786254883,0.0,27.0,0.0,2.0,0.050000000000000044,1.8499563671648502,1.8392743840813637,0.035606637015007436
double_centered_full_action_dqn,805,706,85.20733708143234,84.31671411052346,29.6574839502573,55.54985284805298,1.5108505440875888,17072.50258255005,0.0,25.0,0.0,2.0,0.050000000000000044,2.1710720658302307,2.1608968190848827,0.0339175023837015
double_centered_full_action_dqn,805,707,85.48119989335537,84.09588260903955,28.893546223640442,56.58765335679054,1.5151430368423462,16523.85356903076,0.0,25.0,0.0,2.0,0.050000000000000044,1.5844334829598665,1.5744170304387808,0.03338817856274545
double_centered_full_action_dqn,805,708,92.52989951074123,84.06831463947893,30.41291645914316,62.116983357071874,1.5711953714489937,17549.054119110107,0.0,28.0,0.0,2.0,0.050000000000000044,1.8602588791400194,1.8513770252466202,0.029606159077957273
double_centered_full_action_dqn,805,709,88.65272080153227,84.80664611421525,30.42853482812643,58.22418576478958,1.5532991737127304,17467.09335708618,0.0,27.0,0.0,0.0,0.050000000000000044,1.9643742479383945,1.9532094039022923,0.037216158118098974
double_centered_full_action_dqn,805,710,83.75496513098479,85.14265894055367,27.713944599032402,56.04102047979832,1.4905424024909735,15975.068691253662,0.0,25.0,0.0,3.0,0.050000000000000044,1.991714308038354,1.9813889972865582,0.03441766602918506
double_centered_full_action_dqn,805,711,90.98298795670271,85.93422250993551,30.01487296074629,60.968115323781966,1.5833106078207493,17814.559881210327,0.0,27.0,0.0,2.0,0.050000000000000044,1.6122330352663994,1.6026093699038029,0.03207890072371811
double_centered_full_action_dqn,805,712,79.97770372331142,85.81742748916149,28.92536871135235,51.052335399389264,1.5101981125772,16958.76280593872,0.0,23.0,0.0,2.0,0.050000000000000044,1.812378192320466,1.802248002961278,0.033767363405786455
double_centered_full_action_dqn,805,713,87.33279042840005,85.23498081564904,29.074236325919628,58.25855421423912,1.5290812719613314,16988.91050338745,0.0,25.0,0.0,4.0,0.050000000000000044,1.442148202098906,1.433325375430286,0.029409416601993144
double_centered_full_action_dqn,805,714,90.81292707622052,85.07729798212648,30.920175097882748,59.89275283515453,1.5504495995119214,17495.409950256348,0.0,27.0,0.0,1.0,0.050000000000000044,2.2376812994480133,2.226928761228919,0.03584169480018318
double_centered_full_action_dqn,805,715,75.10409819334745,84.38663827240468,27.69836051017046,47.405737698078156,1.471808010712266,15812.308170318604,0.0,23.0,0.0,2.0,0.050000000000000044,1.7072687093168497,1.6971694733947515,0.0336641815956682
double_centered_full_action_dqn,805,716,94.88565967977047,85.541209038198,32.900086745619774,61.985572308301926,1.6054053334519267,19206.589317321777,0.0,29.0,0.0,0.0,0.050000000000000044,2.054847575724125,2.044039772823453,0.03602596232667565
double_centered_full_action_dqn,805,717,75.73505689352751,86.11383458182218,27.42144200950861,48.313614377379416,1.4615820674225688,15649.974765777588,0.0,22.0,0.0,1.0,0.050000000000000044,1.9156046360731125,1.9060991294682026,0.031684994231909513
double_centered_full_action_dqn,805,718,78.06644859910011,85.74404360190036,26.18089620023966,51.88555204868317,1.4635976562276483,15292.079208374023,0.0,23.0,0.0,0.0,0.050000000000000044,1.7549889013171196,1.7455640211701393,0.03141630603931844
double_centered_full_action_dqn,805,719,79.67967245727777,85.54186150781811,28.604111425578594,51.075560837984085,1.540074659511447,16658.690326690674,0.0,24.0,0.0,0.0,0.050000000000000044,1.8800866957753897,1.8692555781453848,0.036103709833696485
double_centered_full_action_dqn,805,720,81.50921014249325,85.54808894686401,28.084074422717094,53.425135540962216,1.5039017852395773,16204.784328460693,0.0,26.0,0.0,2.0,0.050000000000000044,1.7168125864118338,1.7064378317445517,0.03458256332669407
double_centered_full_action_dqn,805,721,90.72724182903767,85.23954427905382,30.35646367073059,60.37077887356281,1.5413586953654885,17616.744495391846,0.0,28.0,0.0,0.0,0.050000000000000044,1.7897217646241188,1.7791760545223951,0.03515231958590448
double_centered_full_action_dqn,805,722,81.49915264546871,84.9838239634037,27.659388951957226,53.83976337313652,1.481036702170968,16220.18698501587,0.0,28.0,0.0,0.0,0.050000000000000044,2.576145451515913,2.565395949408412,0.03583154734224081
double_centered_full_action_dqn,805,723,69.80143725425005,83.9969779639691,26.941882900893688,42.85955438315868,1.4299064995720983,15559.321407318115,0.0,22.0,0.0,2.0,0.050000000000000044,2.1061327159404755,2.096224272623658,0.03302816383074969
double_centered_full_action_dqn,805,724,72.53080951720476,83.78235877007246,26.845678262412548,45.685131672024724,1.4231338584795594,14849.350891113281,0.0,23.0,0.0,2.0,0.050000000000000044,2.095623530447483,2.0851772986352444,0.03482074057683349
double_centered_full_action_dqn,805,725,80.11252676695585,83.2191922790557,28.694505527615547,51.418021127581596,1.4935295712202787,16666.53355407715,0.0,24.0,0.0,0.0,0.050000000000000044,1.8582509886473417,1.8478539530187845,0.03465680265799165
double_centered_full_action_dqn,805,726,86.26705423891545,83.27217813692987,28.082883670926094,58.18417122364044,1.5260742278769612,16943.455558776855,0.0,25.0,0.0,2.0,0.050000000000000044,1.634430157020688,1.6252580024302006,0.030573821859434247
double_centered_full_action_dqn,805,727,90.91565112769604,83.54390069864691,30.587794095277786,60.327857315540314,1.5638626664876938,18052.147541046143,0.0,27.0,0.0,2.0,0.050000000000000044,2.412290947511792,2.402166809886694,0.03374709829222411
double_centered_full_action_dqn,805,728,76.10794749855995,82.72280309803784,29.08847649395466,47.019470900297165,1.5167678957805037,17025.372428894043,0.0,21.0,0.0,0.0,0.050000000000000044,2.063058329746127,2.0527210254222155,0.03445761546026915
double_centered_full_action_dqn,805,729,83.31309575736523,82.45582184582949,28.78880749642849,54.52428864836693,1.4951278492808342,16073.438823699951,0.0,26.0,0.0,1.0,0.050000000000000044,2.08557540923357,2.0747873410582542,0.03596018743701279
double_centered_full_action_dqn,805,730,76.22872769087553,82.07950997382403,27.74742140620947,48.481306940317154,1.4804241172969341,15935.710540771484,0.0,25.0,0.0,0.0,0.050000000000000044,1.8603403102606535,1.850888354703784,0.03150649927556515
double_centered_full_action_dqn,805,731,90.32994024455547,82.04685758821668,29.861997425556183,60.46794281899929,1.540430893190205,17467.356071472168,0.0,28.0,0.0,2.0,0.050000000000000044,1.9013715982437134,1.8908897675573826,0.03493940189946443
double_centered_full_action_dqn,805,732,85.19062257111072,82.30750353060662,28.966413281857967,56.2242091178894,1.5248078685253859,16701.927268981934,0.0,26.0,0.0,2.0,0.050000000000000044,1.8811748046427965,1.871535699814558,0.03213034849613905
double_centered_full_action_dqn,805,733,85.03250720351934,82.19248936936259,30.699266232550144,54.33324111998081,1.5173206692561507,17146.64748764038,0.0,25.0,0.0,0.0,0.050000000000000044,1.5569389034062624,1.5455344077199697,0.03801499947439879
double_centered_full_action_dqn,805,734,87.0172650963068,82.00270627036691,29.61032249033451,57.40694285929203,1.5661755567416549,17560.524368286133,0.0,26.0,0.0,3.0,0.050000000000000044,1.725552175194025,1.7144819013774395,0.036900853272527456
double_centered_full_action_dqn,805,735,78.57552051693202,82.17627738654613,27.8531893491745,50.72233119010925,1.5025504492223263,16175.33445930481,0.0,24.0,0.0,1.0,0.050000000000000044,1.444892993196845,1.4348404668271542,0.033508468652144074
double_centered_full_action_dqn,805,736,95.55310679972172,82.2096497425437,32.170109674334526,63.382997274398804,1.587088579311967,18346.95878982544,0.0,29.0,0.0,1.0,0.050000000000000044,1.7077106609940529,1.6982787735760212,0.031439641141332686
double_centered_full_action_dqn,805,737,66.94818138331175,81.77030596703291,24.79705237597227,42.15112879872322,1.3848796458914876,13888.21300125122,0.0,21.0,0.0,1.0,0.050000000000000044,1.904472155496478,1.8951942194253206,0.03092639718670398
double_centered_full_action_dqn,805,738,79.73039179444314,81.85350312680006,28.58507490903139,51.14531657993793,1.521632763557136,16725.078287124634,0.0,26.0,0.0,2.0,0.050000000000000044,2.3731951881200075,2.363609727472067,0.03195153025444597
double_centered_full_action_dqn,805,739,79.0537428855896,81.82220664821565,28.472770005464554,50.58097305893898,1.4983447035774589,16455.750247955322,0.0,23.0,0.0,0.0,0.050000000000000044,1.8526379466056824,1.8432459384202957,0.03130672953557223
double_centered_full_action_dqn,805,740,83.97138918936253,81.94531560055911,30.13806316256523,53.83332550525665,1.5573140336200595,17554.357597351074,0.0,25.0,0.0,0.0,0.050000000000000044,2.169279797002673,2.1587179973721504,0.035205936059355736
double_centered_full_action_dqn,805,741,98.31560727357865,82.32473387278618,32.09347330033779,66.22213334739209,1.5777588309720159,18386.03430557251,0.0,29.0,0.0,1.0,0.050000000000000044,1.7493525985628366,1.7400542683899403,0.03099442576058209
double_centered_full_action_dqn,805,742,75.0927755087614,82.0044150159508,28.948167145252228,46.14460809528828,1.4597646230831742,15973.095531463623,0.0,22.0,0.0,1.0,0.050000000000000044,1.7439798600971699,1.7353056371212006,0.028914054157212377
double_centered_full_action_dqn,805,743,90.91163993030787,83.0599251497537,29.40097948908806,61.51066053807735,1.504887101240456,16806.377223968506,0.0,28.0,0.0,1.0,0.050000000000000044,1.7802903652191162,1.7710029929876328,0.030957863200455904
double_centered_full_action_dqn,805,744,68.10648704618215,82.83870902620257,25.3763193115592,42.73016824126243,1.4114500861614943,14485.274280548096,0.0,21.0,0.0,2.0,0.050000000000000044,2.0837144032120705,2.073265044018626,0.03483118594158441
double_centered_full_action_dqn,805,745,96.819693171978,83.67406734645368,31.020675659179688,65.79901715517045,1.5811070585623384,18047.53239440918,0.0,30.0,0.0,1.0,0.050000000000000044,1.6461578533053398,1.6363849435001612,0.03257641044910997
double_centered_full_action_dqn,805,746,94.04370257556438,84.06289976328613,32.512446604669094,61.53125609755516,1.5641296356916428,18301.39786529541,0.0,28.0,0.0,3.0,0.050000000000000044,2.1026725247502327,2.091710079461336,0.036541512701660395
double_centered_full_action_dqn,805,747,84.2455454736948,83.72939448058605,28.720629960298538,55.52491555809975,1.5161092514172196,16616.979568481445,0.0,24.0,0.0,3.0,0.050000000000000044,1.945041598752141,1.935639625415206,0.03133994364179671
double_centered_full_action_dqn,805,748,91.00862632095814,84.47442842170597,29.024516135454178,61.98411042392254,1.5088433921337128,16706.344066619873,0.0,28.0,0.0,2.0,0.050000000000000044,1.9630703516304493,1.9539128001779318,0.030525221955031157
double_centered_full_action_dqn,805,749,65.83980691581965,83.60076397962868,25.582495622336864,40.257311502099036,1.4038981944322586,14480.86312866211,0.0,22.0,0.0,1.0,0.050000000000000044,1.5954913701862097,1.5842406824231148,0.03750225773546845
double_centered_full_action_dqn,805,750,64.59440688043833,83.01904793910684,26.19460988789797,38.39979663491249,1.4483854295685887,15428.556629180908,0.0,20.0,0.0,1.0,0.050000000000000044,1.7389634922146797,1.7291311100125313,0.03277463174890727
double_centered_full_action_dqn,805,751,81.84937548190355,82.59501970097423,28.90965684503317,52.93971826434135,1.5158943245187402,17044.494983673096,0.0,23.0,0.0,4.0,0.050000000000000044,1.5933749098330736,1.5835997462272644,0.03258380840998143
double_centered_full_action_dqn,805,752,70.32601178437471,81.85178916163743,26.895331501960754,43.430680736899376,1.4603154547512531,15477.993919372559,0.0,22.0,0.0,0.0,0.050000000000000044,1.728170670568943,1.7180575747042894,0.033710290561430156
double_centered_full_action_dqn,805,753,83.67809897810221,81.78406875036657,31.09265784174204,52.585441344976424,1.5475200600922108,17632.738903045654,0.0,24.0,0.0,2.0,0.050000000000000044,1.6204292513430119,1.610762469470501,0.032222550944425166
double_centered_full_action_dqn,805,754,75.09066268205643,81.18773862965406,26.492048293352127,48.59861429929733,1.4411640036851168,15538.35260772705,0.0,22.0,0.0,1.0,0.050000000000000044,1.6326763033866882,1.623115211725235,0.03187028714455664
double_centered_full_action_dqn,805,755,81.65948825478554,81.34193701654674,28.0665091201663,53.59297870993614,1.4784272713586688,15889.7119140625,0.0,25.0,0.0,2.0,0.050000000000000044,1.6649995790794492,1.6554659269750118,0.03177882812451571
double_centered_full_action_dqn,805,756,92.14075521528721,81.17131943732502,31.10154464840889,61.03921073079109,1.5421407399699092,17437.682327270508,0.0,28.0,0.0,1.0,0.050000000000000044,1.480059441179037,1.470517072826624,0.0318079023854807
double_centered_full_action_dqn,805,757,73.17316681146622,81.48256870873274,26.774806782603264,46.39836022257805,1.4147526295855641,15103.170547485352,0.0,24.0,0.0,1.0,0.050000000000000044,1.891722934320569,1.8824238516390324,0.030996881192550063
double_centered_full_action_dqn,805,758,80.90513836592436,81.5413060373068,28.62031128257513,52.28482660651207,1.4942946787923574,16449.007850646973,0.0,24.0,0.0,1.0,0.050000000000000044,1.561671081930399,1.5527144335210323,0.029855553759261966
double_centered_full_action_dqn,805,759,74.07261621356011,81.29224970370532,28.35167069733143,45.720944786071776,1.4744425723329186,16299.565738677979,0.0,22.0,0.0,1.0,0.050000000000000044,1.80952007509768,1.8002382088452578,0.030939573887735605
double_centered_full_action_dqn,805,760,71.32415339499713,80.65988791398705,25.456548191607,45.86760536730289,1.402415850199759,14879.78260421753,0.0,22.0,0.0,1.0,0.050000000000000044,1.9412216376513243,1.9316148050129414,0.032022837665863335
double_centered_full_action_dqn,805,761,80.73540043979884,79.78087757229807,29.515329234302044,51.22007126510143,1.5395917603746057,17166.053188323975,0.0,25.0,0.0,3.0,0.050000000000000044,1.608264284208417,1.5982535537332296,0.033369080163538456
double_centered_full_action_dqn,805,762,72.0157265022397,79.62702512197197,26.861264131963253,45.15446241497993,1.426733212545514,14822.333145141602,0.0,22.0,0.0,3.0,0.050000000000000044,1.743514072149992,1.7333975248038769,0.03372177167329937
double_centered_full_action_dqn,805,763,81.13293622434139,79.13808993667365,30.644707798957825,50.488228276371956,1.5318941855803132,17577.31093978882,0.0,24.0,0.0,0.0,0.050000000000000044,1.9151763878762722,1.903202896937728,0.039911643019877374
double_centered_full_action_dqn,805,764,77.19656621813775,79.59259389527143,29.914117574691772,47.282448256015776,1.5028066765516996,17131.3376789093,0.0,24.0,0.0,1.0,0.050000000000000044,1.7644914332777262,1.7527747731655836,0.03905552648939192
double_centered_full_action_dqn,805,765,78.62030971944333,78.6826247226447,28.365687154233456,50.25462242364883,1.460326936095953,16007.264862060547,0.0,23.0,0.0,2.0,0.050000000000000044,1.954507315531373,1.9455158449709415,0.029971564188599586
double_centered_full_action_dqn,805,766,70.27300165593624,77.4940896766633,28.13153325021267,42.14146852493286,1.4832177609205246,16047.07343673706,0.0,22.0,0.0,0.0,0.050000000000000044,1.7559122331440449,1.7450329065322876,0.036264414666220546
double_centered_full_action_dqn,805,767,79.24518310427666,77.2440715581924,30.85266223549843,48.39252115190029,1.5261627594009042,17426.7778301239,0.0,24.0,0.0,1.0,0.050000000000000044,1.6879583802074194,1.6789033841341734,0.030183377559296787
double_centered_full_action_dqn,805,768,82.03085981309414,76.79518323279919,29.108287908136845,52.92257237434387,1.552254756912589,16871.792907714844,0.0,24.0,0.0,1.0,0.050000000000000044,1.7631018497049809,1.7535244412720203,0.03192468115594238
double_centered_full_action_dqn,805,769,74.66158492863178,77.2362721334398,26.97490780800581,47.68667694926262,1.4431495890021324,15159.226444244385,0.0,21.0,0.0,0.0,0.050000000000000044,1.947805479168892,1.9383346308022738,0.03156942978966981
double_centered_full_action_dqn,805,770,74.60178837925196,77.73664120838046,26.286891482770443,48.314896941185,1.4142151596024632,14646.780935287476,0.0,22.0,0.0,0.0,0.050000000000000044,1.9417321272194386,1.9315747022628784,0.03385808027815074
double_centered_full_action_dqn,805,771,75.28902691304684,77.40862377993764,27.388922221958637,47.90010487735272,1.467633386142552,15705.562864303589,0.0,22.0,0.0,4.0,0.050000000000000044,1.8440548721700907,1.8342229425907135,0.03277312417048961
double_centered_full_action_dqn,805,772,80.31674445420504,77.90816041342916,29.4114196524024,50.90532474219799,1.5220574736595154,16717.719383239746,0.0,26.0,0.0,1.0,0.050000000000000044,1.8184167798608541,1.8095666710287333,0.029500298434868455
double_centered_full_action_dqn,805,773,70.03619750738144,77.22606533989311,25.246821120381355,44.789376059174536,1.4278636882081628,14808.618940353394,0.0,22.0,0.0,2.0,0.050000000000000044,1.589673200622201,1.5791249759495258,0.035160801955498755
double_centered_full_action_dqn,805,774,86.59745278209448,77.80140484489502,29.212981037795544,57.38447219133377,1.5362078929319978,16906.193935394287,0.0,27.0,0.0,2.0,0.050000000000000044,1.8165557906031609,1.8066459745168686,0.03303264593705535
double_centered_full_action_dqn,805,775,74.61880372464657,77.44937061838806,27.17107805609703,47.447726368904114,1.5064161475747824,16222.31806564331,0.0,21.0,0.0,0.0,0.050000000000000044,1.5607990324497223,1.5504646580666304,0.03444789082277566
double_centered_full_action_dqn,805,776,55.97700640708208,75.64118317797781,24.11295986175537,31.864046776294707,1.3905020812526345,13632.555274963379,0.0,18.0,0.0,1.0,0.050000000000000044,1.8915648888796568,1.8826309591531754,0.02977974317036569
double_centered_full_action_dqn,805,777,95.64874324202538,76.76496199950577,33.77788224816322,61.87086135149002,1.553132520057261,18744.79210281372,0.0,28.0,0.0,0.0,0.050000000000000044,2.111610099673271,2.1007678136229515,0.0361409776378423
double_centered_full_action_dqn,805,778,66.86274340301752,76.06284225136042,24.712167032063007,42.15057637095451,1.4287416758015752,14728.548080444336,0.0,21.0,0.0,2.0,0.050000000000000044,2.3202492371201515,2.3108768239617348,0.031241388176567852
double_centered_full_action_dqn,805,779,87.82474035322666,76.75044845834375,30.314370155334473,57.510370197892186,1.566005514934659,17572.14385986328,0.0,26.0,0.0,4.0,0.050000000000000044,2.046099603176117,2.035898059606552,0.03400514449458569
double_centered_full_action_dqn,805,780,77.23042171001434,77.04576187409461,29.435929976403713,47.79449163675308,1.5197602771222591,17075.67753982544,0.0,23.0,0.0,2.0,0.050000000000000044,2.1306717060506344,2.121397903189063,0.030912662274204195
double_centered_full_action_dqn,805,781,92.03025288879871,77.61050449654459,30.62860433757305,61.40164838731289,1.555513683706522,17715.554916381836,0.0,26.0,0.0,2.0,0.050000000000000044,2.022658048197627,2.0131207574158907,0.03179106570314616
double_centered_full_action_dqn,805,782,85.30324372649193,78.27488035775721,29.26248749345541,56.04075652360916,1.5088181868195534,16909.007835388184,0.0,27.0,0.0,1.0,0.050000000000000044,1.383713049814105,1.373018380254507,0.0356488797115162
double_centered_full_action_dqn,805,783,77.01530084908009,78.06899858899416,27.617924973368645,49.39737565219402,1.5109168589115143,16523.538623809814,0.0,23.0,0.0,1.0,0.050000000000000044,1.6820043195039034,1.6714999824762344,0.035014452412724495
double_centered_full_action_dqn,805,784,86.52243829667569,78.53529219292105,29.168188624083996,57.354249292612074,1.516217302531004,16649.974437713623,0.0,27.0,0.0,3.0,0.050000000000000044,2.021493922919035,2.011010194197297,0.03494587680324912
double_centered_full_action_dqn,805,785,70.29036270976067,78.11879484243693,25.944116540253162,44.34624616205692,1.4082102281972766,14950.656963348389,0.0,22.0,0.0,2.0,0.050000000000000044,2.3749707341194153,2.3647488951683044,0.034072794136591256
double_centered_full_action_dqn,805,786,66.81061625480652,77.94567557238045,26.129025146365166,40.68159160017967,1.4212487982586026,14621.986167907715,0.0,21.0,0.0,1.0,0.050000000000000044,1.9283663891255856,1.918400913476944,0.03321823093574494
double_centered_full_action_dqn,805,787,84.39903414547443,78.20336812444033,29.508530408143997,54.89050396084785,1.5132495034486055,16882.21149635315,0.0,25.0,0.0,3.0,0.050000000000000044,1.6273637674748898,1.6172303594648838,0.033778011566028
double_centered_full_action_dqn,805,788,80.08771751821041,78.10621100969612,29.039242573082447,51.04847466945648,1.5181816956028342,16908.68641281128,0.0,25.0,0.0,1.0,0.050000000000000044,1.9089543893933296,1.8986449390649796,0.034364813356660306
double_centered_full_action_dqn,805,789,84.86963722258807,78.61661362439393,30.46355377882719,54.40608322024345,1.561056506820023,18152.968757629395,0.0,24.0,0.0,1.0,0.050000000000000044,1.7233680803328753,1.7135651465505362,0.032676368369720876
double_centered_full_action_dqn,805,790,88.61853758394719,79.31745108462871,31.64328185468912,56.97525570690632,1.5824998626485467,18070.456283569336,0.0,26.0,0.0,1.0,0.050000000000000044,1.990948038175702,1.9805062543600798,0.034805945586413145
double_centered_full_action_dqn,805,791,65.80369840413331,78.84318465918304,23.774781465530396,42.02891722917557,1.3714282903820276,14029.222961425781,0.0,20.0,0.0,4.0,0.050000000000000044,1.7984746936708689,1.787390780635178,0.03694637445732951
double_centered_full_action_dqn,805,792,82.40514771044255,78.94760482199491,27.732693754136562,54.67245336771011,1.499702992849052,16113.907272338867,0.0,27.0,0.0,1.0,0.050000000000000044,1.6802876107394695,1.6704967953264713,0.032636066898703575
double_centered_full_action_dqn,805,793,66.22581964731216,78.75708592899144,26.46094472706318,39.76487523317337,1.4510367633774877,15436.843139648438,0.0,22.0,0.0,0.0,0.050000000000000044,1.7299774680286646,1.7198143042623997,0.0338772073155269
double_centered_full_action_dqn,805,794,71.40881654024125,77.99765411689879,26.347186602652073,45.06162963211536,1.4135613795369864,15032.752952575684,0.0,21.0,0.0,2.0,0.050000000000000044,1.4553072396665812,1.44615663215518,0.030502035398967564
double_centered_full_action_dqn,805,795,76.49817689657212,78.09162277549507,27.9512852281332,48.546891608834265,1.4968598689883947,16530.71284866333,0.0,24.0,0.0,2.0,0.050000000000000044,1.7144446074962616,1.7045176271349192,0.03308997314888984
double_centered_full_action_dqn,805,796,78.7069279551506,79.22811885289849,29.05422756075859,49.65270045399666,1.5002160081639886,16436.68204498291,0.0,24.0,0.0,2.0,0.050000000000000044,1.6251632943749428,1.6136772707104683,0.0382867498556152
double_centered_full_action_dqn,805,797,67.19407334327698,77.80538535796107,25.221043467521667,41.97303017377853,1.4350551990792155,14810.522499084473,0.0,20.0,0.0,1.0,0.050000000000000044,2.3189035691320896,2.3091617561876774,0.032472767983563244
double_centered_full_action_dqn,805,798,72.88800855278969,78.10664861544969,26.592472694814205,46.29553589522838,1.4804836055263877,15460.960487365723,0.0,20.0,0.0,2.0,0.050000000000000044,1.2896337136626244,1.2802074812352657,0.03142081352416426
double_centered_full_action_dqn,805,799,81.46651398390532,77.78873729698361,29.51925566792488,51.94725848734379,1.5147963501513004,16804.668643951416,0.0,26.0,0.0,0.0,0.050000000000000044,1.2836598977446556,1.2742698211222887,0.03130027430597693
double_centered_full_action_dqn,805,800,87.60634595453739,78.30753350920975,29.644064649939537,57.96228166222572,1.5256759785115719,16974.444332122803,0.0,26.0,0.0,2.0,0.050000000000000044,2.005778243765235,1.9946910124272108,0.03695741214323789
double_centered_full_action_dqn,805,801,72.70873808264733,77.34145776890219,26.909671254456043,45.79906705915928,1.4376681074500084,15640.119524002075,0.0,23.0,0.0,2.0,0.050000000000000044,1.91024611890316,1.9005359634757042,0.03236720082350075
double_centered_full_action_dqn,805,802,82.54953652620316,77.20377240888776,29.24306057393551,53.30647569894791,1.5015369337052107,16885.925045013428,0.0,23.0,0.0,0.0,0.050000000000000044,1.6429506745189428,1.6331564746797085,0.03264722728636116
double_centered_full_action_dqn,805,803,85.00172094404698,77.6030934136361,30.45996032655239,54.54176112413406,1.5346807958558202,17366.349075317383,0.0,24.0,0.0,1.0,0.050000000000000044,1.5432311408221722,1.5321724023669958,0.03686249547172338
double_centered_full_action_dqn,805,804,64.56695990413428,76.50531949400903,26.094345286488533,38.47261463999748,1.4211279572919011,15147.825241088867,0.0,18.0,0.0,1.0,0.050000000000000044,1.663148395717144,1.6533833649009466,0.03255010559223592
double_centered_full_action_dqn,805,805,82.6527957573533,77.12344114638867,28.01389541476965,54.63890016376972,1.471843403764069,16205.615795135498,0.0,23.0,0.0,2.0,0.050000000000000044,1.8142388612031937,1.804707307368517,0.03177189803682268
double_centered_full_action_dqn,805,806,59.323719495534895,76.74909630842508,23.56098586320877,35.76273367702961,1.3520961189642549,13669.507049560547,0.0,19.0,0.0,1.0,0.050000000000000044,1.6401689052581787,1.6301712226122618,0.033325671567581594
double_centered_full_action_dqn,805,807,88.17376049011946,76.93783262565734,29.5301591232419,58.6436009645462,1.5157532626762986,17101.576499938965,0.0,26.0,0.0,1.0,0.050000000000000044,1.2754846028983593,1.26543109677732,0.03351166273932904
double_centered_full_action_dqn,805,808,86.51286857575178,77.2590901785344,29.414747171103954,57.098120987415314,1.496043355204165,16358.244354248047,0.0,26.0,0.0,0.0,0.050000000000000044,2.1605418492108583,2.1503156647086143,0.034087304142303765
double_centered_full_action_dqn,805,809,80.04571416378022,77.01789402559402,27.686107382178307,52.35960685610771,1.4852283308282495,16440.848594665527,0.0,25.0,0.0,2.0,0.050000000000000044,1.6606072708964348,1.649918707087636,0.035628525889478624
double_centered_full_action_dqn,805,810,90.25952033102513,77.0999431629479,29.339932397007942,60.91958778500557,1.5129338866099715,17088.36932373047,0.0,28.0,0.0,2.0,0.050000000000000044,1.9438022524118423,1.93400944955647,0.03264268930070102
double_centered_full_action_dqn,805,811,93.60156648159027,78.48983656682074,30.84959265589714,62.751974153518674,1.5619712183251977,17678.93923187256,0.0,27.0,0.0,2.0,0.050000000000000044,2.0265990011394024,2.0162504464387894,0.03449526464100927
double_centered_full_action_dqn,805,812,90.6822724416852,78.90369280338288,31.268621303141117,59.413650661706924,1.5819414695724845,17776.905139923096,0.0,28.0,0.0,2.0,0.050000000000000044,2.218509592115879,2.2067600674927235,0.039164952002465725
double_centered_full_action_dqn,805,813,67.74067401140928,78.97943552158773,26.15578816086054,41.584885478019714,1.4483502870425582,15580.680770874023,0.0,20.0,0.0,2.0,0.050000000000000044,1.3997294027358294,1.388104472309351,0.038749748724512756
double_centered_full_action_dqn,805,814,81.97529964894056,79.50775967702269,28.733037628233433,53.24226213991642,1.5351080652326345,16750.102123260498,0.0,25.0,0.0,0.0,0.050000000000000044,1.7175009697675705,1.705743219703436,0.03919243207201362
double_centered_full_action_dqn,805,815,79.7098230957985,79.66834198698402,27.527754247188568,52.182069012522696,1.4868318354710937,16382.784824371338,0.0,25.0,0.0,1.0,0.050000000000000044,1.6014594342559576,1.5899972785264254,0.03820715402252972
double_centered_full_action_dqn,805,816,74.18029128164054,79.44201015330853,27.280763693153858,46.899527260661124,1.4793409928679466,15869.156372070312,0.0,22.0,0.0,1.0,0.050000000000000044,2.151652731001377,2.1413127034902573,0.03446669923141599
double_centered_full_action_dqn,805,817,91.8424321204424,80.67442809216679,29.69910977035761,62.143322163820265,1.5549463042989373,17221.610431671143,0.0,28.0,0.0,1.0,0.050000000000000044,2.3154499232769012,2.3059725500643253,0.0315912653459236
double_centered_full_action_dqn,805,818,74.25368583202362,80.7427119561285,25.84125553816557,48.41243040561676,1.4049565596506,14853.305339813232,0.0,23.0,0.0,1.0,0.050000000000000044,1.8723041154444218,1.8613959960639477,0.036360431346111
double_centered_full_action_dqn,805,819,78.80571139752865,80.60967182680966,28.463066093623638,50.342645385861395,1.518077863380313,16709.18426322937,0.0,25.0,0.0,2.0,0.050000000000000044,1.6366332937031984,1.6271138526499271,0.0317314884159714
double_centered_full_action_dqn,805,820,93.01088531017304,80.87989879459145,33.111996695399284,59.89888834655285,1.5909785702824593,18998.83726119995,0.0,27.0,0.0,4.0,0.050000000000000044,1.792328355833888,1.781525380909443,0.03600996267050505
double_centered_full_action_dqn,805,821,91.40917601585389,81.81492069125179,30.172976940870285,61.2361988812685,1.577502053231001,18011.44083404541,0.0,28.0,0.0,2.0,0.050000000000000044,1.8258861750364304,1.8144677728414536,0.03806131344754249
double_centered_full_action_dqn,805,822,65.02406684458256,80.93864720717076,26.174821987748146,38.84924449920654,1.413934231735766,14631.196517944336,0.0,21.0,0.0,1.0,0.050000000000000044,1.4358613938093185,1.4260516464710236,0.032699201605282724
double_centered_full_action_dqn,805,823,81.84008365124464,80.78056534253064,29.970872588455677,51.86921128630638,1.535757727921009,17771.119792938232,0.0,22.0,0.0,2.0,0.050000000000000044,2.1006675139069557,2.0911105945706367,0.03185643383767456
double_centered_full_action_dqn,805,824,73.6869027197361,81.2365624833107,26.104885421693325,47.58201766312122,1.4420080687850714,15026.207880020142,0.0,23.0,0.0,3.0,0.050000000000000044,1.8175833225250244,1.8081941921263933,0.031297025037929416
double_centered_full_action_dqn,805,825,69.55172229260207,80.58150881007315,27.34932977706194,42.20239270925522,1.4782359506934881,15974.883399963379,0.0,21.0,0.0,3.0,0.050000000000000044,1.6728120986372232,1.6634037587791681,0.031361163477413356
double_centered_full_action_dqn,805,826,79.80092296004295,81.60536898329855,28.53715295344591,51.263769775629044,1.4940627217292786,16499.010345458984,0.0,23.0,0.0,1.0,0.050000000000000044,1.451577864587307,1.4411179516464472,0.034866432077251375
double_centered_full_action_dqn,805,827,68.8286043703556,80.63811117731036,26.760736130177975,42.067869022488594,1.42909265588969,15257.482753753662,0.0,20.0,0.0,2.0,0.050000000000000044,2.062058724462986,2.052186783403158,0.032906462089158595
double_centered_full_action_dqn,805,828,77.08983411192894,80.16695945411921,28.325249031186104,48.764585483074185,1.4935093438252807,16379.538879394531,0.0,23.0,0.0,2.0,0.050000000000000044,1.1847552098333836,1.1763983499258757,0.027856169850565493
double_centered_full_action_dqn,805,829,77.59563220441342,80.04445535615088,28.374789513647556,49.22084283232689,1.478120326064527,16069.760272979736,0.0,22.0,0.0,3.0,0.050000000000000044,1.9432457983493805,1.9320313856005669,0.03738136822357774
double_centered_full_action_dqn,805,830,68.92610448747874,78.97778456397356,25.39922460913658,43.526880049705504,1.4242191882804036,15107.322143554688,0.0,20.0,0.0,1.0,0.050000000000000044,2.0513810515403748,2.0419295728206635,0.03150494711007923
double_centered_full_action_dqn,805,831,86.67712523192168,78.63156250149014,29.08863290399313,57.5884923428297,1.5214755088090897,16456.82211303711,0.0,28.0,0.0,1.0,0.050000000000000044,1.5675380807369947,1.5587002839893103,0.02945933712180704
double_centered_full_action_dqn,805,832,86.73137838691473,78.43401779875161,30.42257448285818,56.308804380893704,1.5499655837193131,17405.423431396484,0.0,25.0,0.0,5.0,0.050000000000000044,1.7074695266783237,1.6988357529044151,0.02877927420195192
double_centered_full_action_dqn,805,833,80.39748423695565,79.06685831002893,27.86621966958046,52.53126429915428,1.507931699976325,16559.474502563477,0.0,24.0,0.0,2.0,0.050000000000000044,2.1812344938516617,2.1718206629157066,0.031379469437524676
double_centered_full_action_dqn,805,834,82.01468908935786,79.0688277820498,29.069058388471603,52.94563134908676,1.5001960471272469,16687.765033721924,0.0,26.0,0.0,2.0,0.050000000000000044,2.034939795732498,2.025952834635973,0.02995654835831374
double_centered_full_action_dqn,805,835,92.83518123030663,79.7250956887752,32.26145175099373,60.5737292855978,1.606347986496985,18697.22248840332,0.0,27.0,0.0,2.0,0.050000000000000044,1.1717074140906334,1.1619538590312004,0.032511861994862556
double_centered_full_action_dqn,805,836,87.49989043176174,80.39107564628125,29.96098032593727,57.53890970349312,1.5573730794712901,17711.575004577637,0.0,27.0,0.0,0.0,0.050000000000000044,1.6735113840550184,1.6641874685883522,0.03107970964629203
double_centered_full_action_dqn,805,837,94.72716188579798,80.53531213454905,29.870041273534298,64.85712035894394,1.5541260465979576,17095.868980407715,0.0,29.0,0.0,3.0,0.050000000000000044,1.7234068624675274,1.7139322273433208,0.03158212127164006
double_centered_full_action_dqn,805,838,78.96302533149719,80.7707791095227,26.377041563391685,52.58598357439041,1.429380614310503,15399.50184059143,0.0,23.0,0.0,1.0,0.050000000000000044,1.9204074144363403,1.9106306750327349,0.032589044189080596
double_centered_full_action_dqn,805,839,72.3469233289361,80.44783970609308,28.065794177353382,44.28112916648388,1.4704931946471334,16031.1298828125,0.0,21.0,0.0,0.0,0.050000000000000044,1.4732865393161774,1.4628387559205294,0.03482592152431607
double_centered_full_action_dqn,805,840,82.4024288803339,79.91741688460112,28.707229390740395,53.695199608802795,1.4789763437584043,16221.023876190186,0.0,26.0,0.0,1.0,0.050000000000000044,1.9495589975267649,1.9406980369240046,0.029536420246586204
double_centered_full_action_dqn,805,841,93.46900025755167,80.02040809668601,31.22779657691717,62.24120384454727,1.5741741573438048,17614.38231277466,0.0,27.0,0.0,0.0,0.050000000000000044,1.9679163843393326,1.957694299519062,0.034073579707182944
double_centered_full_action_dqn,805,842,65.32878928631544,80.03564421877266,26.00796676427126,39.32082265615463,1.4478326383978128,15130.910774230957,0.0,19.0,0.0,1.0,0.050000000000000044,1.4789332412183285,1.4690904133021832,0.03280935692600906
double_centered_full_action_dqn,805,843,79.9588878929615,79.9415844308585,27.253288201987743,52.705599683523175,1.439380302093923,15090.975593566895,0.0,25.0,0.0,3.0,0.050000000000000044,2.1210113558918238,2.1129984091967344,0.02670984494034201
double_centered_full_action_dqn,805,844,98.4397990345955,81.17922924660147,31.528061643242836,66.91173755526543,1.571565980091691,17793.53412246704,0.0,30.0,0.0,2.0,0.050000000000000044,2.1602477077394724,2.1514063142240047,0.029471236746758223
double_centered_full_action_dqn,805,845,73.8466374501586,81.3939750044793,28.270108722150326,45.5765288323164,1.484508284367621,16106.577407836914,0.0,23.0,0.0,1.0,0.050000000000000044,1.6105777379125357,1.601035363972187,0.03180793044157326
double_centered_full_action_dqn,805,846,83.39463989436626,81.57366085119546,28.657466545701027,54.73717328906059,1.51034592743963,16487.905628204346,0.0,25.0,0.0,1.0,0.050000000000000044,1.5992804802954197,1.5904406495392323,0.029466090607456863
double_centered_full_action_dqn,805,847,84.6088607057929,82.36267366796734,28.187402449548244,56.4214582413435,1.5178650422021747,16507.670124053955,0.0,26.0,0.0,4.0,0.050000000000000044,1.6624043956398964,1.6525120474398136,0.03297450172249228
double_centered_full_action_dqn,805,848,83.67059742063284,82.69171183340254,29.4379877820611,54.232609340548514,1.4863153686746955,16724.38262939453,0.0,24.0,0.0,2.0,0.050000000000000044,1.8459818623960018,1.837509611621499,0.028240821906365454
double_centered_full_action_dqn,805,849,91.26686249673367,83.37527334801854,31.03055727481842,60.23630532622337,1.574980454519391,18026.95024871826,0.0,27.0,0.0,1.0,0.050000000000000044,1.7725241649895906,1.76305565610528,0.03156175452750176
double_centered_full_action_dqn,805,850,70.23810156434774,83.44087320186199,26.13587862253189,44.1022230386734,1.4011308690533042,15264.995281219482,0.0,22.0,0.0,2.0,0.050000000000000044,1.6780062764883041,1.6679445207118988,0.03353920590598136
double_centered_full_action_dqn,805,851,71.01655619740487,82.65784475013615,25.20597693324089,45.81057911515236,1.416850815527141,14668.842224121094,0.0,22.0,0.0,1.0,0.050000000000000044,1.8549821488559246,1.8455921728163958,0.031299866270273924
double_centered_full_action_dqn,805,852,65.86156696230174,81.6143541789055,26.193811662495136,39.66775504648685,1.4049199111759663,14930.111894607544,0.0,20.0,0.0,1.0,0.050000000000000044,1.6554136015474796,1.6449449062347412,0.03489564382471144
double_centered_full_action_dqn,805,853,71.78615754246712,81.18378784418107,26.298480987548828,45.48767671883106,1.436996664851904,15021.246656417847,0.0,23.0,0.0,1.0,0.050000000000000044,1.6072261556982994,1.5950507633388042,0.04058462311513722
double_centered_full_action_dqn,805,854,76.7382030159235,80.91996354050936,27.60835273563862,49.129850041866305,1.537065029144287,16675.53458404541,0.0,22.0,0.0,3.0,0.050000000000000044,1.8861214630305767,1.8764137253165245,0.0323590385960415
double_centered_full_action_dqn,805,855,89.88047949969769,80.7722284539789,30.13941717147827,59.74106228351593,1.5604151170700788,17207.724102020264,0.0,27.0,0.0,1.0,0.050000000000000044,2.2244858853518963,2.2145339511334896,0.03317308193072677
double_centered_full_action_dqn,805,856,86.6303062736988,80.72874924607575,30.570777013897896,56.059529572725296,1.5853665107861161,17770.573680877686,0.0,27.0,0.0,1.0,0.050000000000000044,1.5201709438115358,1.5097377281636,0.0347772961249575
double_centered_full_action_dqn,805,857,71.80794764310122,79.58278853394091,26.841733671724796,44.96621322631836,1.4245255459100008,15051.038749694824,0.0,23.0,0.0,1.0,0.050000000000000044,1.8212507385760546,1.8123598545789719,0.029636211693286896
double_centered_full_action_dqn,805,858,84.74260511249304,79.87176752299071,30.469211615622044,54.27339389920235,1.5988581124693155,18322.546710968018,0.0,24.0,0.0,1.0,0.050000000000000044,1.9033429827541113,1.8951301109045744,0.027376345940865576
double_centered_full_action_dqn,805,859,81.50666050612926,80.32975438185035,29.021139480173588,52.485521629452705,1.5175354722887278,16713.045026779175,0.0,24.0,0.0,2.0,0.050000000000000044,2.247782174497843,2.238422278314829,0.031199785647913814
double_centered_full_action_dqn,805,860,81.9155794620514,80.30541191093624,29.017644211649895,52.89793522059917,1.544841825030744,17401.079216003418,0.0,26.0,0.0,1.0,0.050000000000000044,1.9375271499156952,1.9279381707310677,0.03196323825977743
double_centered_full_action_dqn,805,861,91.02148561477661,80.1830361787975,29.901310607790947,61.12017521560192,1.5735258180648088,17453.939178466797,0.0,28.0,0.0,4.0,0.050000000000000044,1.7985168304294348,1.7882291302084923,0.03429233329370618
double_centered_full_action_dqn,805,862,78.84829730689526,80.85901157982649,27.334086254239082,51.514210695028304,1.4718315629288554,16227.043350219727,0.0,23.0,0.0,1.0,0.050000000000000044,1.7827128246426582,1.773516921326518,0.03065301466267556
double_centered_full_action_dqn,805,863,98.02411034703255,81.76227270253004,33.56761893630028,64.45649169385433,1.6114666610956192,19174.17247390747,0.0,28.0,0.0,0.0,0.050000000000000044,1.595109697431326,1.5861860662698746,0.029745409381575882
double_centered_full_action_dqn,805,864,85.4509505942464,81.11283028051258,29.29541701823473,56.155534052848814,1.5256636571139097,16775.789680480957,0.0,26.0,0.0,3.0,0.050000000000000044,1.4110432118177414,1.401435861364007,0.03202451567631215
double_centered_full_action_dqn,805,865,102.78677933365107,82.55983737468719,31.044353671371937,71.74242524504662,1.5919486032798886,18117.026874542236,0.0,31.0,0.0,4.0,0.050000000000000044,2.1877207159996033,2.1785580590367317,0.030542200431227684
double_centered_full_action_dqn,805,866,86.32587120682001,82.70639894030988,28.86741191148758,57.45845887064934,1.4909703461453319,16506.85453414917,0.0,26.0,0.0,0.0,0.050000000000000044,1.7498574573546648,1.7404773086309433,0.03126715624239296
double_centered_full_action_dqn,805,867,83.89571238309145,82.67074152417482,27.942652091383934,55.95306074619293,1.5157264498993754,16434.775409698486,0.0,26.0,0.0,2.0,0.050000000000000044,1.3768093883991241,1.3681845404207706,0.028749458957463503
double_centered_full_action_dqn,805,868,61.16054584980011,81.54523894563319,25.661857411265373,35.49868840873241,1.4361404525116086,15114.39561843872,0.0,19.0,0.0,1.0,0.050000000000000044,1.8491034843027592,1.8391745667904615,0.033096411963924766
double_centered_full_action_dqn,805,869,80.00709156990051,80.98225039929152,28.982464350759983,51.02462762892246,1.5603865161538124,17329.243465423584,0.0,25.0,0.0,3.0,0.050000000000000044,1.6277686152607203,1.6193512883037329,0.028057726100087166
double_centered_full_action_dqn,805,870,91.08034035116434,82.02436233863234,30.346984885632992,60.73335536122322,1.5034664254635572,17127.319858551025,0.0,28.0,0.0,3.0,0.050000000000000044,1.5768763944506645,1.5665584336966276,0.03439322079066187
double_centered_full_action_dqn,805,871,85.67204272001982,82.7571366647631,29.448683984577656,56.223358392715454,1.5182758122682571,17229.250228881836,0.0,25.0,0.0,1.0,0.050000000000000044,1.6717287562787533,1.6616748720407486,0.03351299825590104
double_centered_full_action_dqn,805,872,71.93968823701144,83.06104272849858,28.072902515530586,43.86678593754768,1.4758050227537751,16003.543167114258,0.0,21.0,0.0,2.0,0.050000000000000044,1.8170529585331678,1.8079573009163141,0.030318844714201987
double_centered_full_action_dqn,805,873,94.97111920267344,84.22029081150889,30.60970512777567,64.36141374707222,1.5308290990069509,17387.71091079712,0.0,28.0,0.0,2.0,0.050000000000000044,1.8136189877986908,1.8041326589882374,0.03162111574783921
double_centered_full_action_dqn,805,874,84.67881535291671,84.61732142835855,28.4061915948987,56.2726238772273,1.4945203121751547,16560.51516342163,0.0,27.0,0.0,2.0,0.050000000000000044,1.6820637583732605,1.6729413028806448,0.030408298480324447
double_centered_full_action_dqn,805,875,72.25983230024576,83.73628906838596,27.35724538564682,44.902586594223976,1.4679704625159502,15817.632850646973,0.0,24.0,0.0,0.0,0.050000000000000044,1.909355241805315,1.8997750766575336,0.03193389798980206
double_centered_full_action_dqn,805,876,65.7525387942791,82.69240069441497,25.255602404475212,40.496936389803885,1.4057070333510637,14395.462064743042,0.0,20.0,0.0,1.0,0.050000000000000044,1.8585705608129501,1.8503700345754623,0.02733515785075724
double_centered_full_action_dqn,805,877,80.24551259726286,83.11427894212305,29.749816350638866,50.49569654464722,1.495122043415904,16608.333053588867,0.0,24.0,0.0,0.0,0.050000000000000044,2.0227407179772854,2.013191604986787,0.03183031769003719
double_centered_full_action_dqn,805,878,71.47939667999745,82.45111852049828,26.59934414923191,44.88005250096321,1.4362370194867253,15448.083499908447,0.0,21.0,0.0,1.0,0.050000000000000044,1.732324643060565,1.7232496235519648,0.030250091454945505
double_centered_full_action_dqn,805,879,75.11260459721089,82.13141572505236,28.29665371775627,46.81595061123371,1.4881564024835825,16644.897872924805,0.0,22.0,0.0,1.0,0.050000000000000044,1.4192704912275076,1.410337422043085,0.029776863986626267
double_centered_full_action_dqn,805,880,86.42712607979774,82.35699305593968,28.950595065951347,57.47653144598007,1.5387509260326624,17058.266437530518,0.0,25.0,0.0,1.0,0.050000000000000044,1.823280941694975,1.813934400677681,0.03115513501688838
double_centered_full_action_dqn,805,881,79.35900267213583,81.77386890880766,28.09087934345007,51.26812297105789,1.4883979391306639,16461.714267730713,0.0,23.0,0.0,0.0,0.050000000000000044,1.7150860354304314,1.7068305537104607,0.027518296730704606
double_centered_full_action_dqn,805,882,82.73241567164659,81.9680748270452,30.91557051986456,51.81684544980526,1.5543130626901984,17956.994312286377,0.0,24.0,0.0,3.0,0.050000000000000044,2.159146873280406,2.149780683219433,0.031220696517266333
double_centered_full_action_dqn,805,883,75.72416370362043,80.8530774948746,28.228697158396244,47.49546667933464,1.492587424814701,16362.465103149414,0.0,24.0,0.0,0.0,0.050000000000000044,1.9725723303854465,1.9623824656009674,0.03396623255684972
double_centered_full_action_dqn,805,884,97.43927724063397,81.45249382719398,32.49177420139313,64.9475027859211,1.5891542490571737,18410.984954833984,0.0,29.0,0.0,2.0,0.050000000000000044,2.3299683779478073,2.320498503744602,0.031566162360832095
double_centered_full_action_dqn,805,885,54.72452233880758,79.04938097745182,24.24863415211439,30.475888231396674,1.3782163355499506,13740.33553314209,0.0,16.0,0.0,1.0,0.050000000000000044,1.9646098613739014,1.956130687147379,0.028263957472518086
double_centered_full_action_dqn,805,886,73.37883216142654,78.40202902518215,26.150646284222603,47.22818596661091,1.4068754622712731,14493.349605560303,0.0,24.0,0.0,0.0,0.050000000000000044,1.920825533568859,1.9116871654987335,0.03046125383116305
double_centered_full_action_dqn,805,887,78.7383366972208,78.14416024088861,28.231489419937134,50.50684708356857,1.5260992487892509,16671.394733428955,0.0,23.0,0.0,2.0,0.050000000000000044,1.74116419441998,1.7317343577742577,0.031432758551090956
double_centered_full_action_dqn,805,888,82.67323471009732,79.21979468390347,27.81487776339054,54.85835696160793,1.4576638974249363,16089.343441009521,0.0,28.0,0.0,2.0,0.050000000000000044,1.8302845861762762,1.8208477161824703,0.03145626513287425
double_centered_full_action_dqn,805,889,85.5523471236229,79.49705746158959,30.49912865459919,55.053218111395836,1.5660676676779985,18103.420932769775,0.0,25.0,0.0,0.0,0.050000000000000044,1.699240455403924,1.6907086186110973,0.028439444489777088
double_centered_full_action_dqn,805,890,75.81412369012833,78.73374662853777,29.846595406532288,45.96752846240997,1.5079787019640207,17057.068672180176,0.0,23.0,0.0,2.0,0.050000000000000044,1.716876808553934,1.7069311179220676,0.0331523553468287
double_centered_full_action_dqn,805,891,75.52724529206753,78.22650675714017,27.28440150618553,48.24284371137619,1.476982980966568,16276.555778503418,0.0,22.0,0.0,1.0,0.050000000000000044,1.8241071328520775,1.814359100535512,0.03249340632464737
double_centered_full_action_dqn,805,892,100.92732366472482,79.67588852852583,33.235185980796814,67.69213818311691,1.5956817204132676,18989.45916366577,0.0,32.0,0.0,2.0,0.050000000000000044,1.8457263261079788,1.8358811922371387,0.03281707537826151
double_centered_full_action_dqn,805,893,79.25763633847237,78.89021438531577,27.989471182227135,51.268165320158005,1.4993718583136797,16521.223541259766,0.0,24.0,0.0,0.0,0.050000000000000044,1.8153622951358557,1.8060172908008099,0.03115002263803035
double_centered_full_action_dqn,805,894,90.76376025676727,79.1944616305083,31.725311525166035,59.03844853043556,1.561632053926587,18130.140314102173,0.0,27.0,0.0,4.0,0.050000000000000044,1.8335371240973473,1.8234496768563986,0.033624836592935026
double_centered_full_action_dqn,805,895,80.24424988925458,79.59368250995874,26.714485183358192,53.52976464629173,1.4880761504173279,15941.823390960693,0.0,25.0,0.0,1.0,0.050000000000000044,1.7387741431593895,1.7301706410944462,0.028678363538347185
double_centered_full_action_dqn,805,896,74.57823090404273,80.03496711544693,26.809928245842457,47.76830259859562,1.453319133259356,15596.21566772461,0.0,22.0,0.0,3.0,0.050000000000000044,1.8965141661465168,1.8868232909590006,0.03230295469984412
double_centered_full_action_dqn,805,897,81.58603298664093,80.10199313491583,27.920959934592247,53.66507251560688,1.5387237221002579,16566.27223777771,0.0,24.0,0.0,0.0,0.050000000000000044,1.543635444715619,1.5343058109283447,0.031098806066438556
double_centered_full_action_dqn,805,898,92.43503890484571,81.14977524615826,30.923387117683887,61.511651563644406,1.573564919643104,17990.397762298584,0.0,28.0,0.0,3.0,0.050000000000000044,1.7008862793445587,1.6915202960371971,0.03121997753623873
double_centered_full_action_dqn,805,899,85.12247417867184,81.6502687252313,28.58798296749592,56.53449110686779,1.5217913128435612,17098.539840698242,0.0,26.0,0.0,1.0,0.050000000000000044,2.1826420184224844,2.1739810593426228,0.02886985638178885
