variant,model_seed,episode,cost,rolling_cost,immediate_cost,penalty,energy_use,latency_ms,thermal_violation,energy_violation,queue_violation,contact_violation,epsilon,loss,td_loss,auxiliary_loss
double_dqn,810,0,109.99912644922733,109.99912644922733,38.62832398712635,71.37080299854279,1.7167042698711157,23007.685291290283,0.0,31.0,0.0,0.0,0.9954761904761905,,,
double_dqn,810,1,104.94174321889878,107.47043483406306,37.21372281014919,67.72802100479603,1.697240985929966,21837.667766571045,0.0,30.0,0.0,2.0,0.9909523809523809,1.2422034740447998,1.2422034740447998,0.0
double_dqn,810,2,172.58740289488475,129.17609085433696,46.00714634358883,126.58025643208667,1.982287927530706,27374.81484222412,0.0,38.0,26.0,2.0,0.9864285714285714,1.182358544319868,1.182358544319868,0.0
double_dqn,810,3,117.4925539135933,126.25520661915104,39.21403978765011,78.27851370871068,1.7728587305173278,23296.70885848999,0.0,34.0,0.0,1.0,0.981904761904762,1.3553347513079643,1.3553347513079643,0.0
double_dqn,810,4,131.3560509675449,127.27537548882981,41.55073746293783,89.80531316188035,1.883334114216268,25383.463481903076,0.0,32.0,10.0,0.0,0.9773809523809524,1.1860596984624863,1.1860596984624863,0.0
double_dqn,810,5,128.4790502995945,127.4759879572906,40.701825365424156,87.77722481496106,1.8027259018272161,24792.663619995117,0.0,31.0,16.0,0.0,0.9728571428571429,0.9960203878581524,0.9960203878581524,0.0
double_dqn,810,6,109.42815167949273,124.8977256318909,35.69713880866766,73.7310122002728,1.6896534655243158,21314.312257766724,0.0,32.0,2.0,1.0,0.9683333333333334,0.8037584088742733,0.8037584088742733,0.0
double_dqn,810,7,125.71502605080605,124.9998881842553,43.84139785170555,81.87362848222256,1.81470319442451,25217.08953857422,0.0,35.0,0.0,0.0,0.9638095238095238,0.7955629080533981,0.7955629080533981,0.0
double_dqn,810,8,142.0313990272643,126.89227827792297,44.242741242051125,97.78865821734685,1.8541646022349596,26081.40463256836,0.0,33.0,17.0,0.0,0.9592857142857143,0.7241751626133919,0.7241751626133919,0.0
double_dqn,810,9,125.12508168816566,126.71555861894724,43.04537534713745,82.07970707118511,1.796088176779449,25099.71353149414,0.0,35.0,0.0,1.0,0.9547619047619048,0.5776480138301849,0.5776480138301849,0.0
double_dqn,810,10,168.79802712662644,130.5412375741908,40.31210903823376,128.48591796918342,1.8347502117976546,24246.13481903076,0.0,36.0,22.0,3.0,0.9502380952380952,0.4284154400229454,0.4284154400229454,0.0
double_dqn,810,11,131.79400559050399,130.64563490888358,42.48770748078823,89.30629807991342,1.7933691842481494,25181.18830871582,0.0,35.0,13.0,0.0,0.9457142857142857,0.3363774623721838,0.3363774623721838,0.0
double_dqn,810,12,132.06841032058824,130.7550791713224,40.22849291563034,91.8399174049579,1.8111845133826137,24246.175464630127,0.0,34.0,13.0,1.0,0.9411904761904761,0.26715125143527985,0.26715125143527985,0.0
double_dqn,810,13,154.46610229619324,132.44872368024173,43.203641548752785,111.26246077724274,1.8640408422797918,25906.978317260742,0.0,35.0,14.0,1.0,0.9366666666666666,0.23226494528353214,0.23226494528353214,0.0
double_dqn,810,14,104.99439300298691,130.61843496842476,38.60948847234249,66.38490432202816,1.6488598501309752,22108.447345733643,0.0,28.0,0.0,3.0,0.9321428571428572,0.21115126833319664,0.21115126833319664,0.0
double_dqn,810,15,110.98219662952086,129.39117007224326,39.06525431573391,71.91694285022875,1.802565990947187,23558.941402435303,0.0,31.0,2.0,2.0,0.9276190476190476,0.5226002782583237,0.5226002782583237,0.0
double_dqn,810,16,189.95829438900702,132.9539420908764,43.088351756334305,146.86994264757388,1.9273891216143966,26128.151794433594,0.0,35.0,34.0,4.0,0.9230952380952381,0.6073307320475578,0.6073307320475578,0.0
double_dqn,810,17,159.61472018942624,134.43509642968473,42.24389563500881,117.37082459912088,1.941141133196652,25956.568660736084,0.0,34.0,14.0,2.0,0.9185714285714286,0.41305550560355186,0.41305550560355186,0.0
double_dqn,810,18,209.26263159316377,138.37338775407838,47.66835142672062,161.59428010683845,2.0263703567907214,28394.767921447754,0.0,37.0,34.0,2.0,0.914047619047619,0.3000039029866457,0.3000039029866457,0.0
double_dqn,810,19,137.04209521317807,138.30682312703337,41.74714747071266,95.29494789147704,1.8362799640744925,24590.81232070923,0.0,36.0,21.0,2.0,0.9095238095238095,0.31256469897925854,0.31256469897925854,0.0
double_dqn,810,20,120.86856124691559,138.85029486691775,39.95460546016693,80.91395533971385,1.8127411724999547,23921.165969848633,0.0,33.0,14.0,1.0,0.905,0.2906220192089677,0.2906220192089677,0.0
double_dqn,810,21,125.89949143777204,139.89818227786145,40.05868211388588,85.84080924938036,1.7959048263728619,24095.72840499878,0.0,34.0,16.0,0.0,0.9004761904761904,0.25359709467738867,0.25359709467738867,0.0
double_dqn,810,22,149.52596942694979,138.7451106044647,46.47271765768528,103.05325121792154,1.9321472756564617,27753.30739593506,0.0,35.0,13.0,0.0,0.895952380952381,0.24192784633487463,0.24192784633487463,0.0
double_dqn,810,23,105.525529935956,138.14675940558283,37.535363242030144,67.99016678333282,1.688753467053175,22209.037580490112,0.0,28.0,0.0,0.0,0.8914285714285715,0.6385114705190063,0.6385114705190063,0.0
double_dqn,810,24,116.43013914972543,137.40046381469185,40.05301669239998,76.37712331414222,1.7736119832843542,23311.39273071289,0.0,32.0,0.0,3.0,0.8869047619047619,0.5734847038984299,0.5734847038984299,0.0
double_dqn,810,25,120.11916082480856,136.98246934095258,34.884869530797005,85.23429111519764,1.7715991334989667,21442.44404220581,0.0,34.0,11.0,0.0,0.8823809523809524,0.42261463589966297,0.42261463589966297,0.0
double_dqn,810,26,191.6154901126009,141.09183626260798,43.04093539714813,148.57455486446437,1.9978846237063408,26898.06552886963,0.0,37.0,27.0,0.0,0.8778571428571429,0.34882934484630823,0.34882934484630823,0.0
double_dqn,810,27,230.08239824692345,146.31020487241383,45.58494082093239,184.49745742599106,1.938873654231429,27532.593673706055,0.0,39.0,46.0,1.0,0.8733333333333333,0.35051542427390814,0.35051542427390814,0.0
double_dqn,810,28,97.07144655287266,144.06220724869425,35.73298440873623,61.33846251666546,1.55870227701962,19940.03157043457,0.0,28.0,0.0,0.0,0.8688095238095238,0.33920125663280487,0.33920125663280487,0.0
double_dqn,810,29,118.72214584987806,143.74206045677985,41.26901517063379,77.45313009809898,1.7857976267114282,24418.40587234497,0.0,35.0,4.0,0.0,0.8642857142857143,0.3148734513670206,0.3148734513670206,0.0
double_dqn,810,30,141.87800995552018,142.39605959822453,40.48900471627712,101.38900540315588,1.805508941411972,24090.24584197998,0.0,33.0,21.0,2.0,0.8597619047619047,0.28203188441693783,0.28203188441693783,0.0
double_dqn,810,31,104.82940533027461,141.0478295852131,34.8973231613636,69.93208203480057,1.727010534144938,21511.496658325195,0.0,31.0,8.0,0.0,0.8552380952380952,0.8759660236537457,0.8759660236537457,0.0
double_dqn,810,32,101.50932395458221,139.51987526691278,34.07258668541908,67.43673729896545,1.6638115840032697,20320.854286193848,0.0,30.0,0.0,0.0,0.8507142857142858,0.5999985877424479,0.5999985877424479,0.0
double_dqn,810,33,108.02337945401669,137.19773912480397,41.387172147631645,66.63620758950711,1.7866462273523211,23707.075508117676,0.0,28.0,0.0,1.0,0.8461904761904762,0.4951593801379204,0.4951593801379204,0.0
double_dqn,810,34,120.0534576177597,137.9506923555426,44.740542352199554,75.31291499733925,1.758748434484005,24791.274864196777,0.0,32.0,0.0,1.0,0.8416666666666667,0.44761184975504875,0.44761184975504875,0.0
double_dqn,810,35,123.92628396857643,138.5978967224954,43.04182640463114,80.8844581748929,1.839024412445724,25332.56201171875,0.0,35.0,1.0,0.0,0.8371428571428572,0.41202620416879654,0.41202620416879654,0.0
double_dqn,810,36,125.29491332173347,135.3647276691317,43.775173150002956,81.51973995566368,1.8096160450950265,25018.500038146973,0.0,35.0,0.0,0.0,0.8326190476190476,0.34228874184191227,0.34228874184191227,0.0
double_dqn,810,37,106.19395601153374,132.6936894602371,37.47247415035963,68.72148197293282,1.7114302767440677,21827.866916656494,0.0,30.0,0.0,4.0,0.8280952380952381,0.39465445652604103,0.39465445652604103,0.0
double_dqn,810,38,98.08969444036484,127.13504260259715,37.04837970435619,61.041315123438835,1.6510218065232038,21530.570140838623,0.0,27.0,0.0,0.0,0.8235714285714286,0.3372011259198189,0.3372011259198189,0.0
double_dqn,810,39,102.08708254396916,125.38729196913668,38.09208124876022,63.995001131296156,1.7018490293994546,22090.543781280518,0.0,29.0,0.0,2.0,0.819047619047619,0.8407118860632181,0.8407118860632181,0.0
double_dqn,810,40,127.42722613084905,125.71522521333338,36.54230700433254,90.88491914141767,1.768519657664001,22179.14849090576,0.0,32.0,13.0,2.0,0.8145238095238095,0.617408400401473,0.617408400401473,0.0
double_dqn,810,41,91.28382666558028,123.9844419747238,32.208332531154156,59.075494506955145,1.6165015902370214,19503.98780822754,0.0,27.0,0.0,1.0,0.81,0.5170569941401482,0.5170569941401482,0.0
double_dqn,810,42,113.24912784993649,122.17059989587312,40.460603058338165,72.78852477669716,1.7375293020159006,22979.23829650879,0.0,31.0,0.0,0.0,0.8054761904761905,0.4808720890432596,0.4808720890432596,0.0
double_dqn,810,43,117.24520374834538,122.75658358649257,42.32533560693264,74.91986818611622,1.7868038984015584,24345.529972076416,0.0,32.0,0.0,0.0,0.800952380952381,0.4391713822260499,0.4391713822260499,0.0
double_dqn,810,44,109.2743840366602,122.3987958308393,39.15697091072798,70.11741389334202,1.6992692360654473,22278.795642852783,0.0,31.0,0.0,1.0,0.7964285714285715,0.5083462223410606,0.5083462223410606,0.0
double_dqn,810,45,122.85398769441606,122.53553717431969,39.758936777710915,83.09505109551908,1.8212368823587894,23592.263275146484,0.0,37.0,1.0,0.0,0.7919047619047619,0.4187568984925747,0.4187568984925747,0.0
double_dqn,810,46,125.31090351396858,119.22030784438807,38.45251417160034,86.85838877612412,1.8070636028423905,23609.096797943115,0.0,31.0,12.0,2.0,0.7873809523809524,0.5466812150552869,0.5466812150552869,0.0
double_dqn,810,47,133.37918578513973,114.38514722129887,38.31602916121483,95.06315625139587,1.8216554569080472,23588.943130493164,0.0,36.0,15.0,0.0,0.7828571428571429,0.7512419037520885,0.7512419037520885,0.0
double_dqn,810,48,115.17940226197243,115.29054500675386,38.0924279242754,77.08697417378426,1.8136467607691884,22462.310432434082,0.0,35.0,0.0,0.0,0.7783333333333333,0.6696814652532339,0.6696814652532339,0.0
double_dqn,810,49,118.10640814304352,115.25975812141215,40.928389608860016,77.17801856398583,1.7901209574192762,23552.2779006958,0.0,33.0,0.0,1.0,0.7738095238095238,0.6397554744035006,0.6397554744035006,0.0
double_dqn,810,50,125.81133472919464,114.45642436009587,43.62277968227863,82.18855485320091,1.8403150392696261,25165.817150115967,0.0,35.0,0.0,0.0,0.7692857142857144,0.4888884639367461,0.4888884639367461,0.0
double_dqn,810,51,128.34193700164553,115.6320509436644,41.70687311887741,86.63506373375652,1.8550835317000747,24924.045846939087,0.0,36.0,6.0,2.0,0.7647619047619048,0.6365289147943258,0.6365289147943258,0.0
double_dqn,810,52,110.78240898996592,116.09570519543358,38.14211235195398,72.6402967274189,1.6839151829481125,22369.096145629883,0.0,30.0,0.0,2.0,0.7602380952380953,0.5118139833211899,0.5118139833211899,0.0
double_dqn,810,53,124.73507109673213,116.93128977756935,38.574252262711525,86.16081831247996,1.8381906570866704,23495.026584625244,0.0,36.0,15.0,1.0,0.7557142857142858,0.4274527784436941,0.4274527784436941,0.0
double_dqn,810,54,125.6307285875082,117.21015332605677,44.237736232578754,81.39299237728119,1.7575111631304026,24728.904960632324,0.0,34.0,0.0,0.0,0.7511904761904762,0.916984848678112,0.916984848678112,0.0
double_dqn,810,55,127.92436736822128,117.41005749603903,41.15336002409458,86.77100691199303,1.7974262945353985,23607.661834716797,0.0,35.0,0.0,0.0,0.7466666666666667,0.6286015622317791,0.6286015622317791,0.0
double_dqn,810,56,120.36895924210549,117.16375979205763,39.401226848363876,80.96773254275323,1.7810955252498388,22695.964710235596,0.0,35.0,0.0,1.0,0.7421428571428572,0.670777321793139,0.670777321793139,0.0
double_dqn,810,57,124.43114279964804,118.07561913146336,43.919807225465775,80.5113361404264,1.8781101256608963,26008.656593322754,0.0,34.0,3.0,1.0,0.7376190476190476,0.6253958102315664,0.6253958102315664,0.0
double_dqn,810,58,112.01311199367046,118.77179000912864,40.263706356287,71.74940520524979,1.7476353840902448,23157.68783569336,0.0,30.0,0.0,1.0,0.7330952380952381,0.5853813663125038,0.5853813663125038,0.0
double_dqn,810,59,111.0163927614689,119.21825552000362,39.64224499464035,71.37414769232274,1.7448073830455542,22271.3098487854,0.0,32.0,0.0,2.0,0.7285714285714286,0.4721123296767473,0.4721123296767473,0.0
double_dqn,810,60,102.35236256569624,117.96451234174599,36.737894989550114,65.61446832120419,1.7360270796343684,21917.035621643066,0.0,28.0,0.0,1.0,0.724047619047619,0.5056021381169558,0.5056021381169558,0.0
double_dqn,810,61,107.87962058186531,118.79430203756024,36.42280939221382,71.45681171119213,1.703938609920442,21344.320400238037,0.0,32.0,0.0,1.0,0.7195238095238095,0.5553389359265566,0.5553389359265566,0.0
double_dqn,810,62,107.01711388826371,118.4827013394766,35.93056833744049,71.08654565513135,1.7090896219015121,21243.713214874268,0.0,32.0,0.0,2.0,0.7150000000000001,0.8560773013159633,0.8560773013159633,0.0
double_dqn,810,63,97.20252817869186,117.48056756099393,36.337830662727356,60.86469826102257,1.6284702587872744,20621.99655532837,0.0,26.0,0.0,1.0,0.7104761904761905,0.8709580227732658,0.8709580227732658,0.0
double_dqn,810,64,110.14279966056347,117.52398834218907,33.68858262896538,76.45421707630157,1.7833766164258122,21356.383743286133,0.0,29.0,0.0,2.0,0.7059523809523809,0.6169117707759142,0.6169117707759142,0.0
double_dqn,810,65,155.00985790749343,119.13178185284293,43.029231518507004,111.98062626977713,1.9057086259126663,25040.359924316406,0.0,41.0,34.0,1.0,0.7014285714285715,0.6329665631055832,0.6329665631055832,0.0
double_dqn,810,66,132.98649269645344,119.51556131196716,42.70258578658104,90.28390717809327,1.8787774126976728,25217.878761291504,0.0,35.0,7.0,2.0,0.6969047619047619,0.7967479284852743,0.7967479284852743,0.0
double_dqn,810,67,102.53406769931317,117.97330540767584,36.50174045562744,66.03232789933682,1.665828313678503,20739.058177947998,0.0,28.0,0.0,1.0,0.6923809523809523,0.6475148741155863,0.6475148741155863,0.0
double_dqn,810,68,110.10988411307335,117.71982950023089,39.40776087343693,70.70212341845036,1.728745830245316,22886.124004364014,0.0,30.0,0.0,2.0,0.687857142857143,0.6637894948944449,0.6637894948944449,0.0
double_dqn,810,69,128.85084404051304,118.25705129510439,40.16099292784929,88.68985198438168,1.8256779555231333,23352.800750732422,0.0,37.0,0.0,0.0,0.6833333333333333,0.6806314503774047,0.6806314503774047,0.0
double_dqn,810,70,104.3690511673689,117.1849371170131,36.104397654533386,68.26465364694596,1.723257390782237,21578.2844581604,0.0,29.0,0.0,1.0,0.6788095238095238,0.928778875619173,0.928778875619173,0.0
double_dqn,810,71,112.6326804459095,116.3994742892263,36.32917033135891,76.30350969731808,1.702087352052331,20966.170616149902,0.0,32.0,0.0,0.0,0.6742857142857144,0.9690278526395559,0.9690278526395559,0.0
double_dqn,810,72,107.25026278197765,116.22286697882687,37.027463749051094,70.22279924154282,1.6993770143017173,21961.43344116211,0.0,30.0,0.0,0.0,0.6697619047619048,0.6180492844432592,0.6180492844432592,0.0
double_dqn,810,73,121.66033707559109,116.06913027776982,42.129912763834,79.53042390942574,1.8072463851422071,24410.595642089844,0.0,34.0,0.0,0.0,0.6652380952380952,0.8735507857054472,0.8735507857054472,0.0
double_dqn,810,74,117.15863214433193,115.64552545561101,36.35311487317085,80.80551669001579,1.716823191381991,21281.43500518799,0.0,33.0,0.0,0.0,0.6607142857142857,0.7121153008192778,0.7121153008192778,0.0
double_dqn,810,75,113.2833168745041,114.91347293092515,38.97146891057491,74.31184833645821,1.724694068543613,21752.744606018066,0.0,31.0,0.0,1.0,0.6561904761904762,0.7977265678346157,0.7977265678346157,0.0
double_dqn,810,76,112.56694830954075,114.52337238429693,39.601862996816635,72.9650849699974,1.7374911168590188,22444.022171020508,0.0,31.0,0.0,0.0,0.6516666666666667,0.8195859622210264,0.8195859622210264,0.0
double_dqn,810,77,117.83168337494135,114.1933994130616,41.019824497401714,76.81185874342918,1.799616977572441,23884.147945404053,0.0,32.0,0.0,0.0,0.6471428571428571,0.6909945625811815,0.6909945625811815,0.0
double_dqn,810,78,132.29745057225227,115.20761634199069,44.72898665070534,87.568464204669,1.874227000400424,25424.951503753662,0.0,37.0,0.0,0.0,0.6426190476190476,0.9638594090938568,0.9638594090938568,0.0
double_dqn,810,79,104.47745730876923,114.8806695693557,36.43832525610924,68.0391321271658,1.6715425476431847,20834.96017074585,0.0,31.0,0.0,1.0,0.6380952380952382,1.0015654228627682,1.0015654228627682,0.0
double_dqn,810,80,117.29698723554611,115.62790080284819,41.08082601428032,76.21616147458553,1.76054457295686,23284.458171844482,0.0,33.0,0.0,0.0,0.6335714285714286,0.8958817608654499,0.8958817608654499,0.0
double_dqn,810,81,102.05425322055817,115.33663243478284,39.39230328798294,62.661949783563614,1.7272297907620668,22630.710487365723,0.0,28.0,0.0,2.0,0.6290476190476191,0.8294150475412607,0.8294150475412607,0.0
double_dqn,810,82,123.45034093558789,116.15829378714905,41.171017840504646,82.27932294607163,1.8224878078326583,23751.81383895874,0.0,33.0,0.0,1.0,0.6245238095238095,0.8529100902378559,0.8529100902378559,0.0
double_dqn,810,83,116.58225110173225,117.12727993330107,39.92906430363655,76.65318650007248,1.7614631494507194,23072.13188934326,0.0,32.0,0.0,1.0,0.62,1.0590146034955978,1.0590146034955978,0.0
double_dqn,810,84,100.67483497560025,116.65388169905289,36.148142486810684,64.52669248878956,1.6111585861071944,19964.237129211426,0.0,28.0,0.0,1.0,0.6154761904761905,0.7693351414054632,0.7693351414054632,0.0
double_dqn,810,85,94.22246181964874,113.61451189466068,36.473932094872,57.74852982163429,1.6509219221770763,20913.639545440674,0.0,26.0,0.0,1.0,0.6109523809523809,1.1252215541899204,1.1252215541899204,0.0
double_dqn,810,86,90.15486934036016,111.47293072685599,31.64248286932707,58.51238676905632,1.5943020209670067,18539.376657485962,0.0,25.0,0.0,1.0,0.6064285714285714,1.0359847340732813,1.0359847340732813,0.0
double_dqn,810,87,78.55702655017376,110.27407866939902,28.51537725329399,50.04164978861809,1.5026761423796415,16366.655796051025,0.0,23.0,0.0,0.0,0.6019047619047619,0.7508805748075247,0.7508805748075247,0.0
double_dqn,810,88,114.21710296869279,110.47943961218,38.35800775885582,75.8590951949358,1.708141022361815,21365.307693481445,0.0,34.0,0.0,1.0,0.5973809523809523,0.7548505049198866,0.7548505049198866,0.0
double_dqn,810,89,100.59568203268397,109.06668151178856,39.384208515286446,61.21147335348475,1.8289823913946748,23462.506196975708,0.0,27.0,4.0,2.0,0.592857142857143,0.8187231626361609,0.8187231626361609,0.0
double_dqn,810,90,127.53051075339317,110.22475449108977,42.76447805762291,84.76603281497955,1.8552949782460928,24489.162567138672,0.0,34.0,0.0,0.0,0.5883333333333334,0.7940588314086199,0.7940588314086199,0.0
double_dqn,810,91,90.64703650176526,109.12547229388254,33.19665367901325,57.45038323998451,1.5841148113831878,18588.630451202393,0.0,26.0,0.0,1.0,0.5838095238095238,0.7851708019152284,0.7851708019152284,0.0
double_dqn,810,92,104.58200211971999,108.99205926076965,35.60723688453436,68.97476517558098,1.6621385402977467,20646.050930023193,0.0,30.0,0.0,2.0,0.5792857142857144,0.6894555017352104,0.6894555017352104,0.0
double_dqn,810,93,97.70485573261976,107.79428519362109,32.202720426023006,65.5021356344223,1.6391064999625087,18682.730989456177,0.0,30.0,0.0,2.0,0.5747619047619048,0.9307050341740251,0.9307050341740251,0.0
double_dqn,810,94,101.70178154110909,107.02144266345995,34.57881109416485,67.1229696571827,1.6548723680898547,19895.33856201172,0.0,30.0,0.0,0.0,0.5702380952380952,1.0181199088692665,1.0181199088692665,0.0
double_dqn,810,95,115.08687913417816,107.11162077644367,39.10515220463276,75.98172582685947,1.7521508820354939,22836.847896575928,0.0,32.0,0.0,0.0,0.5657142857142857,0.9462222699075937,0.9462222699075937,0.0
double_dqn,810,96,111.12172911316156,107.03935981662468,37.91287659853697,73.20885282754898,1.7386151431128383,22179.935710906982,0.0,31.0,0.0,1.0,0.5611904761904762,0.7841189596801996,0.7841189596801996,0.0
double_dqn,810,97,114.76643680781126,106.88609748826818,43.73317418247461,71.03326289355755,1.7760604079812765,24618.46494102478,0.0,30.0,0.0,1.0,0.5566666666666666,0.9526764526963234,0.9526764526963234,0.0
double_dqn,810,98,82.93692068159581,104.41807099373537,31.50852645933628,51.428394281864165,1.5214649783447385,17961.671880722046,0.0,25.0,0.0,1.0,0.5521428571428572,0.7486249255016446,0.7486249255016446,0.0
double_dqn,810,99,103.06912484765053,104.34765437067945,33.16979294270277,69.89933222532272,1.6640030071139336,19337.019207000732,0.0,30.0,0.0,0.0,0.5476190476190477,0.9454872161149979,0.9454872161149979,0.0
double_dqn,810,100,125.41556904613972,104.7535834612091,44.37656493484974,81.0390040665865,1.8091355618089437,25059.218673706055,0.0,33.0,0.0,2.0,0.5430952380952381,0.7778906226158142,0.7778906226158142,0.0
double_dqn,810,101,116.88528003692628,105.49513480202752,37.66612696647644,79.21915292143822,1.7004986582323909,21534.9832611084,0.0,33.0,0.0,3.0,0.5385714285714286,1.0081867203116417,1.0081867203116417,0.0
double_dqn,810,102,111.1910111412406,104.88216831231016,35.38075254112482,75.81025857031345,1.7315569538623095,21088.577087402344,0.0,31.0,0.0,2.0,0.5340476190476191,1.164976216852665,1.164976216852665,0.0
double_dqn,810,103,113.02860082089902,104.70448579826851,39.29610422253609,73.73249683678151,1.746160731650889,22147.634979248047,0.0,33.0,0.0,2.0,0.5295238095238095,0.9947306253015995,0.9947306253015995,0.0
double_dqn,810,104,99.44892294704914,104.64319019684095,35.92289102077484,63.52603152394295,1.6644525714218616,20937.085426330566,0.0,28.0,0.0,1.0,0.525,0.9054060764610767,0.9054060764610767,0.0
double_dqn,810,105,103.53454442620277,105.10879432716862,35.95048609375954,67.58405910730362,1.6621204372495413,20347.53865814209,0.0,30.0,0.0,2.0,0.5204761904761905,0.8746686596423388,0.8746686596423388,0.0
double_dqn,810,106,102.9324578434229,105.74767375232177,32.38827249407768,70.54418560266495,1.6089637884870172,18074.92111968994,0.0,31.0,0.0,2.0,0.5159523809523809,0.8095863033086061,0.8095863033086061,0.0
double_dqn,810,107,94.00203101336956,106.51992397548156,34.384331315755844,59.61769951879978,1.6363327978178859,19698.839572906494,0.0,28.0,0.0,0.0,0.5114285714285716,0.8634815998375416,0.8634815998375416,0.0
double_dqn,810,108,100.56969475895167,105.83755356499451,35.78786163777113,64.78183337450028,1.6465346394106746,20503.358264923096,0.0,28.0,0.0,1.0,0.506904761904762,0.9861282352358103,0.9861282352358103,0.0
double_dqn,810,109,94.99068231135607,105.55730357892813,35.559551544487476,59.43113087117672,1.648039392195642,20776.138229370117,0.0,28.0,0.0,1.0,0.5023809523809524,1.3003562800586224,1.3003562800586224,0.0
double_dqn,810,110,113.65920037031174,104.86373805977405,40.84049701690674,72.8187036216259,1.711574045009911,22770.589305877686,0.0,31.0,0.0,1.0,0.4978571428571429,0.9385763332247734,0.9385763332247734,0.0
double_dqn,810,111,101.37140103578568,105.39995628647507,36.96948504447937,64.40191563367844,1.6786965364590287,21109.637645721436,0.0,28.0,0.0,1.0,0.4933333333333334,1.1426667533814907,1.1426667533814907,0.0
double_dqn,810,112,112.98767377436161,105.82023986920714,37.51937581598759,75.46829818189144,1.7173012616112828,21628.654891967773,0.0,32.0,0.0,0.0,0.4888095238095238,1.124390684068203,1.124390684068203,0.0
double_dqn,810,113,104.6302653938532,106.16651035226883,33.53195062279701,71.09831430912018,1.6667494997382164,19953.162841796875,0.0,31.0,0.0,1.0,0.4842857142857143,0.9281712472438812,0.9281712472438812,0.0
double_dqn,810,114,98.0370342746377,105.98327298894526,36.460921950638294,61.57611269652843,1.671520515345037,20667.35348892212,0.0,27.0,0.0,1.0,0.4797619047619047,1.057988665997982,1.057988665997982,0.0
double_dqn,810,115,115.04781677126884,105.98131987079981,38.17853853106499,76.8692786425352,1.7856018459424376,22554.27230834961,0.0,31.0,0.0,2.0,0.47523809523809524,0.9709535520523787,0.9709535520523787,0.0
double_dqn,810,116,104.66538354158402,105.65850259222091,37.918334648013115,66.74704960882664,1.729331947863102,22030.38959503174,0.0,29.0,0.0,2.0,0.47071428571428575,1.4383976254612207,1.4383976254612207,0.0
double_dqn,810,117,111.24214588999749,105.48228804633023,35.16310757398605,76.07903782427312,1.647842101752758,20034.177764892578,0.0,33.0,0.0,2.0,0.46619047619047627,1.17571659386158,1.17571659386158,0.0
double_dqn,810,118,113.36709219962358,107.0037966222316,39.910415180027485,73.45667666196823,1.712392353452742,22267.58009338379,0.0,31.0,0.0,0.0,0.46166666666666667,1.036096964031458,1.036096964031458,0.0
double_dqn,810,119,109.41055958122016,107.32086835891009,34.68445814400911,74.72610200345517,1.7124617770314217,20236.351991653442,0.0,32.0,0.0,3.0,0.4571428571428572,0.9932844266295433,0.9932844266295433,0.0
double_dqn,810,120,102.77128227949143,106.18865402057767,34.20292367786169,68.56835859417916,1.666954105719924,19874.50828552246,0.0,30.0,0.0,1.0,0.4526190476190477,1.0921720415353775,1.0921720415353775,0.0
double_dqn,810,121,110.29748511314392,105.85926427438855,38.116309493780136,72.18117532134056,1.7550894729793072,22276.92306137085,0.0,31.0,0.0,1.0,0.4480952380952381,0.9980755560100079,0.9980755560100079,0.0
double_dqn,810,122,94.00450118780137,104.99993877671659,33.66996045410633,60.334541061520575,1.6014312915503979,19020.207988739014,0.0,27.0,0.0,1.0,0.4435714285714286,0.9609609693288803,0.9609609693288803,0.0
double_dqn,810,123,106.80771764516831,104.68889461793006,35.8280635625124,70.97965388894082,1.7053232211619616,20659.173553466797,0.0,31.0,0.0,2.0,0.439047619047619,1.2561381086707115,1.2561381086707115,0.0
double_dqn,810,124,89.70832939594985,104.20186494037509,32.55173300951719,57.156596252322196,1.5900057228282094,18548.46054840088,0.0,25.0,0.0,1.0,0.43452380952380953,1.2611608654260635,1.2611608654260635,0.0
double_dqn,810,125,112.07973395586014,104.62912441685799,38.45502369105816,73.624710637331,1.7236332120373845,21502.99926185608,0.0,31.0,0.0,3.0,0.43000000000000005,1.1071354560554028,1.1071354560554028,0.0
double_dqn,810,126,114.78820397853852,105.22191172361374,36.74869890511036,78.03950465619565,1.703706576488912,21029.264682769775,0.0,33.0,0.0,1.0,0.42547619047619056,0.9961423370987177,0.9961423370987177,0.0
double_dqn,810,127,87.88943777233362,104.91628206156194,32.29909007996321,55.590347811579704,1.5877446057274938,18693.524990081787,0.0,24.0,0.0,0.0,0.42095238095238097,0.902403824031353,0.902403824031353,0.0
double_dqn,810,128,87.96672993153334,104.28613382019103,31.281451918184757,56.685277208685875,1.5618927590548992,18242.52493095398,0.0,28.0,0.0,1.0,0.41642857142857137,0.9519613943994045,0.9519613943994045,0.0
double_dqn,810,129,99.65952498614789,104.51957595393063,32.33623678982258,67.32328846454621,1.5943441027775407,18787.97737121582,0.0,29.0,0.0,2.0,0.4119047619047619,0.9411528557538986,0.9411528557538986,0.0
double_dqn,810,130,110.52928746640683,104.36308030873538,36.879847675561905,73.6494392246008,1.7177044628188014,21170.456073760986,0.0,32.0,0.0,3.0,0.4073809523809524,1.010416941717267,1.010416941717267,0.0
double_dqn,810,131,95.32997624725104,104.06100906930865,30.33659452944994,64.99338220953942,1.5943454587832093,17627.051483154297,0.0,28.0,0.0,1.0,0.4028571428571429,1.1501663699746132,1.1501663699746132,0.0
double_dqn,810,132,109.0460298895836,103.86392687506975,35.18630596995354,73.85972377061844,1.6831181747838855,20051.70225906372,0.0,31.0,0.0,1.0,0.39833333333333343,1.1087571512907743,1.1087571512907743,0.0
double_dqn,810,133,99.59153869003057,103.61199053987862,33.95505777746439,65.63648107647896,1.6267466684803367,19930.344623565674,0.0,27.0,0.0,1.0,0.39380952380952383,1.3538998328149319,1.3538998328149319,0.0
double_dqn,810,134,90.63698292076587,103.24198797218503,32.20914474129677,58.42783832848072,1.5652346927672625,18176.047401428223,0.0,26.0,0.0,2.0,0.38928571428571423,1.2203883957117796,1.2203883957117796,0.0
double_dqn,810,135,75.23362275958061,101.25127827160061,29.51554062962532,45.718082010746,1.4478296386078,16331.10131263733,0.0,22.0,0.0,1.0,0.38476190476190475,1.161918941885233,1.161918941885233,0.0
double_dqn,810,136,108.92878809720278,101.46444849938156,35.08153636008501,73.84725194573403,1.673200448974967,19840.893257141113,0.0,32.0,0.0,1.0,0.38023809523809526,0.9531940091401339,0.9531940091401339,0.0
double_dqn,810,137,115.04654341936111,101.65466837584974,38.247654393315315,76.79888944327831,1.7411806052550673,21694.96646118164,0.0,33.0,0.0,1.0,0.3757142857142858,1.0439126826822758,1.0439126826822758,0.0
double_dqn,810,138,112.4933307915926,101.61098030544818,35.51117008924484,76.98216001689434,1.7208828497678041,20804.71618461609,0.0,33.0,0.0,1.0,0.3711904761904763,0.9599367082118988,0.9599367082118988,0.0
double_dqn,810,139,100.90051544010639,101.1854780983925,33.607276543974876,67.29323904514312,1.6418161895126104,19341.418209075928,0.0,29.0,0.0,3.0,0.3666666666666667,1.0580146685242653,1.0580146685242653,0.0
double_dqn,810,140,110.76946885883808,101.58538742735982,38.45074541121721,72.31872336566448,1.6944542052224278,21272.697093963623,0.0,32.0,0.0,0.0,0.3621428571428572,1.2164078876376152,1.2164078876376152,0.0
double_dqn,810,141,106.13075123727322,101.37705073356628,34.90923789143562,71.22151380777359,1.6512335781008005,19845.878204345703,0.0,30.0,0.0,1.0,0.3576190476190476,1.0250469241291285,1.0250469241291285,0.0
double_dqn,810,142,93.58376069366932,101.35601370885969,31.937178172171116,61.64658273756504,1.5535128451883793,17876.262397766113,0.0,27.0,0.0,0.0,0.35309523809523813,1.246282296255231,1.246282296255231,0.0
double_dqn,810,143,88.23612351715565,100.42743400245905,33.293325647711754,54.94279807806015,1.5757922567427158,18811.162223815918,0.0,24.0,0.0,0.0,0.34857142857142864,1.088659081608057,1.088659081608057,0.0
double_dqn,810,144,107.72842246294022,101.32843865580858,32.88907973468304,74.83934208750725,1.6457972209900618,18824.798183441162,0.0,32.0,0.0,0.0,0.34404761904761905,1.3004679381847382,1.3004679381847382,0.0
double_dqn,810,145,102.72155413925648,100.86052966497839,32.82258342951536,69.89897074699402,1.6300933538004756,19018.449340820312,0.0,29.0,0.0,1.0,0.33952380952380956,0.9373562764376402,0.9373562764376402,0.0
double_dqn,810,146,75.0899627789855,98.87561760500074,29.302232511341572,45.78773028254509,1.4816399505361915,16227.9778175354,0.0,21.0,0.0,4.0,0.3350000000000001,1.0384375471621752,1.0384375471621752,0.0
double_dqn,810,147,116.91595930159092,100.3269436814636,37.3965038061142,79.51945537626743,1.7483783392235637,21365.93590927124,0.0,33.0,0.0,4.0,0.3304761904761905,1.2300124410539865,1.2300124410539865,0.0
double_dqn,810,148,110.61925302743911,101.4595698362589,36.38222251832485,74.23703116476536,1.694156133569777,20957.383697509766,0.0,31.0,0.0,3.0,0.325952380952381,1.4334698915481567,1.4334698915481567,0.0
double_dqn,810,149,75.4728204831481,100.25023461110888,27.073915280401707,48.39890494942665,1.4686987856402993,15270.391567230225,0.0,23.0,0.0,0.0,0.3214285714285714,1.0407349802553654,1.0407349802553654,0.0
double_dqn,810,150,72.76150654405356,98.36184556499124,28.758028857409954,44.00347780585289,1.4927773084491491,16759.002082824707,0.0,21.0,0.0,1.0,0.3169047619047619,1.2094491608440876,1.2094491608440876,0.0
double_dqn,810,151,94.65840500593185,98.32826700292529,33.68169378489256,60.9767110645771,1.5917655602097511,18726.660305023193,0.0,28.0,0.0,0.0,0.3123809523809524,1.215094543993473,1.215094543993473,0.0
double_dqn,810,152,89.5863700389862,97.35528401039541,31.43534456193447,58.151025879383084,1.5441392781212926,17708.9725189209,0.0,27.0,0.0,2.0,0.30785714285714294,1.0535092893987894,1.0535092893987894,0.0
double_dqn,810,153,105.58962225914001,97.65518818885087,36.29411534965038,69.29550702869892,1.7285337671637535,20871.712474822998,0.0,30.0,0.0,1.0,0.30333333333333345,1.1203311532735825,1.1203311532735825,0.0
double_dqn,810,154,92.42919260412455,97.7447986730188,34.958087764680386,57.47110476493835,1.629294378682971,19952.572059631348,0.0,25.0,0.0,1.0,0.29880952380952375,1.2764416299760342,1.2764416299760342,0.0
double_dqn,810,155,111.21877148151398,99.54405610911549,37.82825695723295,73.39051406979561,1.6870690742507577,21424.05945968628,0.0,31.0,0.0,1.0,0.29428571428571426,0.8978080283850431,0.8978080283850431,0.0
double_dqn,810,156,84.08790865689517,98.3020121371001,30.230781830847263,53.857126557826994,1.5442464193329215,17147.43600845337,0.0,25.0,0.0,1.0,0.2897619047619048,1.4296322874724865,1.4296322874724865,0.0
double_dqn,810,157,87.42443467080594,96.92090669967236,30.448888167738914,56.975547009706496,1.5795818334445357,17704.70245361328,0.0,27.0,0.0,1.0,0.2852380952380953,1.3352343197911978,1.3352343197911978,0.0
double_dqn,810,158,112.0046935170889,96.89647483594717,37.4658008813858,74.53889226317406,1.73511125985533,20959.604301452637,0.0,32.0,0.0,2.0,0.2807142857142858,1.0804948695003986,1.0804948695003986,0.0
double_dqn,810,159,104.54451955258847,97.07867504157129,36.755805253982544,67.78871425390244,1.6353244194760919,19941.661701202393,0.0,31.0,0.0,1.0,0.2761904761904763,1.2161116302013397,1.2161116302013397,0.0
double_dqn,810,160,87.51278482526541,95.91584083989264,32.03378650546074,55.478998416662215,1.6045168647542596,18469.167991638184,0.0,25.0,0.0,3.0,0.2716666666666666,1.0931865759193897,1.0931865759193897,0.0
double_dqn,810,161,104.78796466588975,95.84870151132347,35.11207316815853,69.6758915424347,1.6898714378476143,20523.11542892456,0.0,30.0,0.0,2.0,0.2671428571428571,1.0469743832945824,1.0469743832945824,0.0
double_dqn,810,162,102.23891357779503,96.28145915552976,32.03548149764538,70.20343154370785,1.6167978374287486,18444.06692123413,0.0,31.0,0.0,3.0,0.26261904761904764,1.1255848668515682,1.1255848668515682,0.0
double_dqn,810,163,82.65932159870863,96.00261905960741,29.081771440804005,53.57754999399185,1.5128363789990544,16866.343921661377,0.0,25.0,0.0,0.0,0.25809523809523816,0.8232611920684576,0.8232611920684576,0.0
double_dqn,810,164,92.84647649526596,95.25852176122368,30.891313061118126,61.95516401529312,1.5270213894546032,17510.160320281982,0.0,29.0,0.0,3.0,0.25357142857142867,1.472185805439949,1.472185805439949,0.0
double_dqn,810,165,103.16569963097572,95.28072903580963,37.57122212648392,65.59447738528252,1.6723100505769253,21050.419761657715,0.0,27.0,0.0,2.0,0.24904761904761907,1.2584190145134926,1.2584190145134926,0.0
double_dqn,810,166,112.93368852138519,97.17291532292963,37.030273139476776,75.90341505408287,1.7083641244098544,21027.734477996826,0.0,33.0,0.0,0.0,0.2445238095238096,1.0640648119151592,1.0640648119151592,0.0
double_dqn,810,167,93.21571550667286,95.98790313318372,33.36094489693642,59.85477101206779,1.6117078280076385,18895.25687789917,0.0,27.0,0.0,1.0,0.24,1.2800706904381514,1.2800706904381514,0.0
double_dqn,810,168,74.54282512515783,94.18408173806965,24.714117109775543,49.82870802283287,1.422469537705183,14269.328958511353,0.0,26.0,0.0,0.0,0.2354761904761905,1.2073962297290564,1.2073962297290564,0.0
double_dqn,810,169,76.12969792783261,94.21692561030389,30.14824801683426,45.98144940435886,1.522966674529016,16625.936220169067,0.0,21.0,0.0,1.0,0.23095238095238102,1.050786904990673,1.050786904990673,0.0
double_dqn,810,170,92.16897122561932,95.18729884438218,31.569793581962585,60.599177822470665,1.5781044755131006,17902.650478363037,0.0,27.0,0.0,0.0,0.22642857142857142,1.3698511980473995,1.3698511980473995,0.0
double_dqn,810,171,101.75890700817108,95.54232394449413,33.31655180454254,68.44235483109951,1.6278565535321832,18999.409984588623,0.0,29.0,0.0,3.0,0.22190476190476194,1.1298869661986828,1.1298869661986828,0.0
double_dqn,810,172,93.61394521594048,95.74370270334184,33.540864527225494,60.073080226778984,1.6010906137526035,18624.239391326904,0.0,26.0,0.0,2.0,0.21738095238095245,1.4870750047266483,1.4870750047266483,0.0
double_dqn,810,173,94.49465420246125,95.1889543005079,32.82556812465191,61.669086360931395,1.5990695394575596,18499.00355529785,0.0,27.0,0.0,1.0,0.21285714285714286,1.072473345324397,1.072473345324397,0.0
double_dqn,810,174,97.17931974828244,95.42646065771581,33.05593253672123,64.12338762879372,1.5878413785248995,18097.25647354126,0.0,29.0,0.0,1.0,0.20833333333333337,1.2265378795564175,1.2265378795564175,0.0
double_dqn,810,175,87.38844983279705,94.23494457527997,30.1212065666914,57.26724320650101,1.5299508608877659,17092.460079193115,0.0,24.0,0.0,0.0,0.20380952380952377,1.2278047855943441,1.2278047855943441,0.0
double_dqn,810,176,90.2030597731471,94.54070213109256,31.89806317538023,58.30499594211578,1.5812001405283809,18037.062671661377,0.0,25.0,0.0,2.0,0.1992857142857143,1.2942020520567894,1.2942020520567894,0.0
double_dqn,810,177,87.66098710298539,94.55252975270153,33.48925553262234,54.171731704473494,1.590115049853921,18797.24785232544,0.0,24.0,0.0,1.0,0.1947619047619048,1.2794603742659092,1.2794603742659092,0.0
double_dqn,810,178,106.16712902486324,94.26065152809025,36.47212143242359,69.69500763714314,1.7032566471025348,20541.796562194824,0.0,30.0,0.0,0.0,0.19023809523809532,1.2596006579697132,1.2596006579697132,0.0
double_dqn,810,179,89.58631096035242,93.51274109847844,32.06614927947521,57.52016182243824,1.5705647841095924,17951.23525238037,0.0,26.0,0.0,0.0,0.18571428571428583,1.563552277162671,1.563552277162671,0.0
double_dqn,810,180,96.90014043450356,93.98210887894035,33.341654881834984,63.5584861189127,1.6902344468981028,20022.78793144226,0.0,27.0,0.0,0.0,0.18119047619047624,1.400079295039177,1.400079295039177,0.0
double_dqn,810,181,63.42276929467916,91.91384911037983,25.838735453784466,37.58403398990631,1.427461313083768,14848.883071899414,0.0,18.0,0.0,1.0,0.17666666666666664,1.4124595150351524,1.4124595150351524,0.0
double_dqn,810,182,91.94055325835943,91.39893109440803,33.090359807014465,58.85019356310367,1.5437241839244962,18104.51974105835,0.0,26.0,0.0,3.0,0.17214285714285715,1.2560828141868114,1.2560828141868114,0.0
double_dqn,810,183,83.299957716465,91.43096290029587,30.271656081080437,53.02830176949501,1.4803283298388124,16432.518089294434,0.0,26.0,0.0,1.0,0.16761904761904767,1.4108134042471647,1.4108134042471647,0.0
double_dqn,810,184,100.93473775833846,91.83537596344948,37.55574615299702,63.378991389274596,1.683783670887351,21057.143768310547,0.0,28.0,0.0,3.0,0.16309523809523818,1.37711232714355,1.37711232714355,0.0
double_dqn,810,185,82.410135948658,90.7975977793336,28.6509745195508,53.759161779284476,1.4974094573408365,16234.941268920898,0.0,26.0,0.0,1.0,0.1585714285714287,1.2161060776561499,1.2161060776561499,0.0
double_dqn,810,186,97.51881855726242,90.02685428112747,32.17535226047039,65.34346598386765,1.598969771526754,18194.473747253418,0.0,29.0,0.0,0.0,0.1540476190476191,1.1730006840080023,1.1730006840080023,0.0
double_dqn,810,187,82.94059778004885,89.51309839479627,30.31469715386629,52.625900983810425,1.5399316102266312,17783.337209701538,0.0,24.0,0.0,0.0,0.1495238095238095,1.391347797587514,1.391347797587514,0.0
double_dqn,810,188,108.51632384359837,91.21177333071829,34.59650740027428,73.9198165178299,1.6758575392886996,19781.18325805664,0.0,33.0,0.0,1.0,0.14500000000000002,1.3466668352484703,1.3466668352484703,0.0
double_dqn,810,189,79.1816466525197,91.36437076695265,28.09190985560417,51.089735984802246,1.4845970682799816,16394.7460231781,0.0,24.0,0.0,0.0,0.14047619047619053,1.1495403107255697,1.1495403107255697,0.0
double_dqn,810,190,91.89186388701201,91.35051540002227,29.913188971579075,61.9786752730608,1.5829750932753086,17553.909034729004,0.0,29.0,0.0,4.0,0.13595238095238105,1.2521160151809454,1.2521160151809454,0.0
double_dqn,810,191,96.6361701220274,91.0943785557151,34.48982076346874,62.14634900093078,1.6499667298048735,19463.302322387695,0.0,26.0,0.0,2.0,0.13142857142857145,1.3187618758529425,1.3187618758529425,0.0
double_dqn,810,192,90.82468511909246,90.9549155508727,30.147900588810444,60.676784574985504,1.5382383791729808,17282.21519088745,0.0,26.0,0.0,2.0,0.12690476190476196,1.2371810376644135,1.2371810376644135,0.0
double_dqn,810,193,90.13962987959385,90.73716433472933,30.956259936094284,59.183369451761244,1.5868777027353644,17815.018898010254,0.0,27.0,0.0,1.0,0.12238095238095237,1.418459890410304,1.418459890410304,0.0
double_dqn,810,194,97.69053664803505,90.76272517971695,33.112156718969345,64.5783801972866,1.6225642124190927,18548.450386047363,0.0,29.0,0.0,0.0,0.11785714285714288,1.0190970450639725,1.0190970450639725,0.0
double_dqn,810,195,89.02821266055108,90.84471332110465,29.124937623739243,59.90327534973621,1.5366701781749725,17026.490703582764,0.0,27.0,0.0,2.0,0.1133333333333334,1.537923064082861,1.537923064082861,0.0
double_dqn,810,196,97.65598413348198,91.2173595391214,30.238702222704887,67.41728222370148,1.5995780490338802,17517.75693511963,0.0,29.0,0.0,2.0,0.1088095238095238,1.2325321808457375,1.2325321808457375,0.0
double_dqn,810,197,87.69965698719025,91.21929303333164,31.437116980552673,56.262539544701575,1.5440388731658459,17433.680297851562,0.0,25.0,0.0,1.0,0.10428571428571431,1.2003524340689182,1.2003524340689182,0.0
double_dqn,810,198,104.2858614563942,91.1252296549082,33.64109064638615,70.64477076530457,1.6581074465066195,19140.4931640625,0.0,30.0,0.0,1.0,0.09976190476190483,1.0822446588426828,1.0822446588426828,0.0
double_dqn,810,199,74.56759505867959,90.37429385982455,28.13689474761486,46.43070060908794,1.4593273121863604,15231.554708480835,0.0,21.0,0.0,1.0,0.09523809523809534,1.1445669289678335,1.1445669289678335,0.0
double_dqn,810,200,92.13025498390198,90.13579958729447,29.46343171596527,62.66682307422161,1.5764124859124422,17030.407653808594,0.0,27.0,0.0,0.0,0.09071428571428575,1.280935751274228,1.280935751274228,0.0
double_dqn,810,201,85.68607858717442,91.24896505191924,28.7470675483346,56.9390111207962,1.499859574250877,16232.456245422363,0.0,26.0,0.0,2.0,0.08619047619047626,1.0558194108307362,1.0558194108307362,0.0
double_dqn,810,202,84.0282880678773,90.85335179239513,28.784699089825153,55.24358847141266,1.479908631183207,15628.90507888794,0.0,25.0,0.0,1.0,0.08166666666666667,1.3805085271596909,1.3805085271596909,0.0
double_dqn,810,203,95.93211404383183,91.48495960876348,30.86582686007023,65.06628716886044,1.6010930081829429,18055.00291442871,0.0,29.0,0.0,1.0,0.07714285714285718,1.2702997233718634,1.2702997233718634,0.0
double_dqn,810,204,108.29859820902348,91.85315263129773,34.05301907658577,74.24557968378068,1.6736694108694792,19073.849853515625,0.0,31.0,0.0,1.0,0.0726190476190477,1.5543396845459938,1.5543396845459938,0.0
double_dqn,810,205,83.98799754828215,91.93204571127895,28.79635963588953,55.19163834452629,1.550293599255383,16635.90732574463,0.0,24.0,0.0,2.0,0.06809523809523821,1.1674046739935875,1.1674046739935875,0.0
double_dqn,810,206,109.27433741241694,92.51982165403666,33.16529183089733,76.10904599130154,1.7094936221837997,19703.990970611572,0.0,32.0,0.0,3.0,0.06357142857142861,1.2261828947812319,1.2261828947812319,0.0
double_dqn,810,207,81.05224620699883,92.42540407538415,27.61818791925907,53.434058079123496,1.5033959429711103,16054.637489318848,0.0,26.0,0.0,1.0,0.059047619047619015,1.278940089046955,1.278940089046955,0.0
double_dqn,810,208,85.80218155086041,91.28969696074726,31.041012287139893,54.761168935894965,1.567075057886541,17452.03033065796,0.0,24.0,0.0,2.0,0.05452380952380953,1.4065163470804691,1.4065163470804691,0.0
double_dqn,810,209,81.81649547070265,91.4214394016564,27.434257186949253,54.38223786652088,1.476599189452827,15460.18512916565,0.0,25.0,0.0,2.0,0.050000000000000044,1.5624221228063107,1.5624221228063107,0.0
double_dqn,810,210,81.97561987489462,90.92562720105055,27.826823197305202,54.14879696071148,1.496563296765089,15607.938129425049,0.0,28.0,0.0,0.0,0.050000000000000044,1.011979516595602,1.011979516595602,0.0
double_dqn,810,211,72.72462166845798,89.73004977837206,27.382571324706078,45.34205025434494,1.4465802488848567,14854.378149032593,0.0,23.0,0.0,0.0,0.050000000000000044,1.3666417561471462,1.3666417561471462,0.0
double_dqn,810,212,88.16928832232952,89.59727993853392,32.26432728767395,55.90496103465557,1.5886522131040692,18346.12028503418,0.0,25.0,0.0,1.0,0.050000000000000044,1.5141234211623669,1.5141234211623669,0.0
double_dqn,810,213,100.19113490879536,90.09985518999399,32.68440918624401,67.50672575235367,1.5827844366431236,18415.548137664795,0.0,30.0,0.0,1.0,0.050000000000000044,1.5668075550347567,1.5668075550347567,0.0
double_dqn,810,214,98.85377057790757,90.15801688648762,31.74938904494047,67.10438161492348,1.5669270707294345,17930.879726409912,0.0,30.0,0.0,1.0,0.050000000000000044,1.2328367475420237,1.2328367475420237,0.0
double_dqn,810,215,90.80683817714453,90.2469481623173,31.3736534640193,59.43318459391594,1.5890038758516312,17811.359756469727,0.0,27.0,0.0,0.0,0.050000000000000044,1.7598113901913166,1.7598113901913166,0.0
double_dqn,810,216,60.999621571600436,88.41413003422322,25.515201531350613,35.48442023396492,1.3928695749491453,14037.95626449585,0.0,18.0,0.0,1.0,0.050000000000000044,1.3579026758670807,1.3579026758670807,0.0
double_dqn,810,217,91.00288958102465,88.57929166391493,31.99197579175234,59.01091408729553,1.5807376001030207,18130.877502441406,0.0,25.0,0.0,1.0,0.050000000000000044,1.5163244530558586,1.5163244530558586,0.0
double_dqn,810,218,88.71705570816994,87.80085137650372,27.8997894898057,60.817266047000885,1.5003263456746936,16059.694923400879,0.0,28.0,0.0,2.0,0.050000000000000044,1.6190606132149696,1.6190606132149696,0.0
double_dqn,810,219,87.41592871546746,88.44326805934311,30.673670649528503,56.742258155345915,1.545414981432259,17289.319423675537,0.0,25.0,0.0,1.0,0.050000000000000044,1.3309448175132275,1.3309448175132275,0.0
double_dqn,810,220,86.2074965685606,88.14713013857605,30.39182425290346,55.81567284464836,1.5670827440917492,17421.50721168518,0.0,26.0,0.0,2.0,0.050000000000000044,1.2416830360889435,1.2416830360889435,0.0
double_dqn,810,221,70.02617696672678,87.36413505755365,27.8557540923357,42.17042326927185,1.463274147361517,15551.284814834595,0.0,20.0,0.0,1.0,0.050000000000000044,1.4988979808986187,1.4988979808986187,0.0
double_dqn,810,222,88.07352909445763,87.56639710888268,28.84045969694853,59.233069241046906,1.5822423473000526,17295.762687683105,0.0,27.0,0.0,2.0,0.050000000000000044,1.2378874439746141,1.2378874439746141,0.0
double_dqn,810,223,101.64813359081745,87.85219808623195,33.61076086014509,68.03737258911133,1.6148371929302812,19035.942111968994,0.0,31.0,0.0,0.0,0.050000000000000044,1.3582630772143602,1.3582630772143602,0.0
double_dqn,810,224,78.33128493726254,86.3538324226439,26.84670829027891,51.48457702696324,1.4536605831235647,15109.415000915527,0.0,24.0,0.0,4.0,0.050000000000000044,1.4399624094367027,1.4399624094367027,0.0
double_dqn,810,225,77.69246431589127,86.03905576102436,28.047624498605728,49.64483959376812,1.4660484967753291,15592.529151916504,0.0,23.0,0.0,2.0,0.050000000000000044,1.3076433185487986,1.3076433185487986,0.0
double_dqn,810,226,62.87578050792217,83.71912791579963,23.999374642968178,38.876405850052834,1.3925545122474432,14024.225412368774,0.0,20.0,0.0,0.0,0.050000000000000044,1.6606070194393396,1.6606070194393396,0.0
double_dqn,810,227,89.5879432052374,84.14591276571156,30.411331355571747,59.176611894369124,1.5448657684028149,16733.787483215332,0.0,27.0,0.0,2.0,0.050000000000000044,1.2409684490412474,1.2409684490412474,0.0
double_dqn,810,228,92.65776739269495,84.48869205780329,30.15034281462431,62.50742447376251,1.556251723319292,16983.087955474854,0.0,28.0,0.0,1.0,0.050000000000000044,1.373146403580904,1.373146403580904,0.0
double_dqn,810,229,87.3730837509036,84.76652147181332,30.00304551422596,57.37003889977932,1.5455518877133727,16958.913581848145,0.0,27.0,0.0,3.0,0.050000000000000044,1.222820581868291,1.222820581868291,0.0
double_dqn,810,230,88.0770613849163,85.07159354731441,30.46310266852379,57.61395861208439,1.5285283541306853,16872.731407165527,0.0,27.0,0.0,0.0,0.050000000000000044,1.3075624518096447,1.3075624518096447,0.0
double_dqn,810,231,85.7270603582263,85.72171548180282,28.30389742553234,57.423162671923635,1.484917270950973,15913.17444229126,0.0,26.0,0.0,3.0,0.050000000000000044,1.2459778804332018,1.2459778804332018,0.0
double_dqn,810,232,92.60618858337402,85.94356049485505,30.939017236232758,61.66717134714126,1.579144381918013,17674.32057571411,0.0,27.0,0.0,2.0,0.050000000000000044,1.4151311703026295,1.4151311703026295,0.0
double_dqn,810,233,82.57501112818719,85.06275430582464,28.4235245808959,54.1514863461256,1.5056948149576783,16050.739715576172,0.0,25.0,0.0,3.0,0.050000000000000044,1.2502972595393658,1.2502972595393658,0.0
double_dqn,810,234,98.16819276809693,85.0284754153341,33.00398724526167,65.16420612633229,1.6638640752062201,19159.68870162964,0.0,29.0,0.0,1.0,0.050000000000000044,1.3158802762627602,1.3158802762627602,0.0
double_dqn,810,235,79.63125452697277,84.46969623282553,27.380616307258606,52.25063897967338,1.473522231914103,15732.086894989014,0.0,23.0,0.0,3.0,0.050000000000000044,1.5121564846485853,1.5121564846485853,0.0
double_dqn,810,236,87.73285237699747,85.80635777309539,29.547689385712147,58.185163497924805,1.5567016676068306,17082.70789718628,0.0,25.0,0.0,1.0,0.050000000000000044,1.5047783199697733,1.5047783199697733,0.0
double_dqn,810,237,83.40264732390642,85.42634566023946,31.12823586910963,52.27441191673279,1.5207765670493245,17487.682258605957,0.0,24.0,0.0,0.0,0.050000000000000044,1.5798310153186321,1.5798310153186321,0.0
double_dqn,810,238,96.26336492747069,85.8036611212045,31.70796039700508,64.5554041132331,1.5739919822663069,17708.926391601562,0.0,29.0,0.0,1.0,0.050000000000000044,1.283945720642805,1.283945720642805,0.0
double_dqn,810,239,89.38218533992767,85.90197395242751,27.325831696391106,62.05635327100754,1.539388914592564,16604.046602249146,0.0,26.0,0.0,0.0,0.050000000000000044,1.3526728823781013,1.3526728823781013,0.0
double_dqn,810,240,85.21355247795582,85.85227674789726,29.70363449305296,55.5099178135395,1.5299983834847808,16820.57350540161,0.0,25.0,0.0,2.0,0.050000000000000044,1.5488463193178177,1.5488463193178177,0.0
double_dqn,810,241,87.46683806329966,86.72430980272591,30.953718930482864,56.513118432462214,1.542060692794621,16888.299140930176,0.0,26.0,0.0,2.0,0.050000000000000044,1.395760590210557,1.395760590210557,0.0
double_dqn,810,242,81.31302473843098,86.3862845849246,28.069890692830086,53.24313413500786,1.4904630417004228,15868.116258621216,0.0,26.0,0.0,3.0,0.050000000000000044,1.3960898034274578,1.3960898034274578,0.0
double_dqn,810,243,80.19609664008021,85.31368273738772,30.328718673437834,49.867378145456314,1.5125249894335866,17271.121852874756,0.0,22.0,0.0,1.0,0.050000000000000044,1.8335780650377274,1.8335780650377274,0.0
double_dqn,810,244,84.85326959490776,85.63978197026998,28.44130928814411,56.411960560083386,1.4815505519509315,15863.270450592041,0.0,26.0,0.0,2.0,0.050000000000000044,1.748144045472145,1.748144045472145,0.0
double_dqn,810,245,85.98150813728572,86.0542341613397,29.627428777515888,56.35407877862453,1.4992469595745206,16497.478580474854,0.0,25.0,0.0,2.0,0.050000000000000044,1.5399699993431568,1.5399699993431568,0.0
double_dqn,810,246,76.66373229771852,86.74363175082952,28.40318887680769,48.26054376363754,1.5451541924849153,16618.294059753418,0.0,25.0,0.0,0.0,0.050000000000000044,1.2405124697834253,1.2405124697834253,0.0
double_dqn,810,247,93.20179098844528,86.92432413998992,31.33391274511814,61.867877542972565,1.5622657965868711,17338.822158813477,0.0,27.0,0.0,0.0,0.050000000000000044,1.1309983041137457,1.1309983041137457,0.0
double_dqn,810,248,97.35787418484688,87.15932947959752,30.823753505945206,66.5341218560934,1.6196664869785309,18132.06346130371,0.0,29.0,0.0,0.0,0.050000000000000044,1.7079147584736347,1.7079147584736347,0.0
double_dqn,810,249,74.43099808692932,86.5122251963988,27.95216302573681,46.47883516550064,1.4790032850578427,15887.318172454834,0.0,21.0,0.0,2.0,0.050000000000000044,1.4627411514520645,1.4627411514520645,0.0
double_dqn,810,250,92.81255006194115,86.74899963025004,28.910892516374588,63.90165697932243,1.4946872321888804,16398.05699157715,0.0,27.0,0.0,2.0,0.050000000000000044,1.637463891878724,1.637463891878724,0.0
double_dqn,810,251,73.47220360636712,86.13625679265708,27.637778364121914,45.83442520499229,1.444721250794828,15198.727241516113,0.0,22.0,0.0,1.0,0.050000000000000044,1.579789998009801,1.579789998009801,0.0
double_dqn,810,252,74.59624038785697,85.23575938288124,28.535403035581112,46.06083699464798,1.5035452581942081,16539.92807006836,0.0,24.0,0.0,1.0,0.050000000000000044,1.3126432690769434,1.3126432690769434,0.0
double_dqn,810,253,71.76233672648668,84.69512566279622,28.303620107471943,43.45871641039848,1.5001023160293698,15699.197540283203,0.0,21.0,0.0,2.0,0.050000000000000044,1.7814793270081282,1.7814793270081282,0.0
double_dqn,810,254,85.54905750602484,84.0641688996926,29.461679726839066,56.087377205491066,1.5154314208775759,16813.36594772339,0.0,26.0,0.0,2.0,0.050000000000000044,0.9317545369267464,0.9317545369267464,0.0
double_dqn,810,255,67.44365353137255,83.45478884991259,26.420695185661316,41.022957757115364,1.4571707984432578,14997.968112945557,0.0,22.0,0.0,1.0,0.050000000000000044,1.5793539360165596,1.5793539360165596,0.0
double_dqn,810,256,79.56528504192829,83.04641048315912,28.76632783561945,50.798957109451294,1.4989335844293237,16067.779489517212,0.0,25.0,0.0,0.0,0.050000000000000044,1.515963640064001,1.515963640064001,0.0
double_dqn,810,257,91.86451008319855,83.46950362112374,31.64773914217949,60.2167712688446,1.5886429687961936,18401.406982421875,0.0,26.0,0.0,2.0,0.050000000000000044,1.5178619362413883,1.5178619362413883,0.0
double_dqn,810,258,86.86359039098025,82.99951489429921,28.706353895366192,58.157236286997794,1.527713974006474,16511.331211090088,0.0,28.0,0.0,1.0,0.050000000000000044,1.547696728259325,1.547696728259325,0.0
double_dqn,810,259,83.54897740036249,82.70785449732097,29.976143181324005,53.57283392846584,1.541001203469932,16786.475955963135,0.0,25.0,0.0,4.0,0.050000000000000044,1.7442083470523357,1.7442083470523357,0.0
double_dqn,810,260,73.59978465735912,82.12716610629113,28.02597153186798,45.57381331920624,1.4565532077103853,15329.576606750488,0.0,23.0,0.0,0.0,0.050000000000000044,1.5807811934500933,1.5807811934500933,0.0
double_dqn,810,261,85.97186071425676,82.05241723883897,27.251788541674614,58.72007246315479,1.513960118405521,16186.81562423706,0.0,26.0,0.0,1.0,0.050000000000000044,1.4376757312566042,1.4376757312566042,0.0
double_dqn,810,262,68.58174565434456,81.41585328463465,26.57341217249632,42.00833389163017,1.4595192782580853,14964.602493286133,0.0,21.0,0.0,2.0,0.050000000000000044,1.7654958069324493,1.7654958069324493,0.0
double_dqn,810,263,92.50122320652008,82.03110961295664,32.10038375109434,60.40083956718445,1.5985608184710145,18309.05100440979,0.0,28.0,0.0,1.0,0.050000000000000044,1.7953727655112743,1.7953727655112743,0.0
double_dqn,810,264,84.95105070620775,82.03599866852164,30.620574086904526,54.33047717809677,1.5246545355767012,17123.675342559814,0.0,24.0,0.0,0.0,0.050000000000000044,1.5673161465674639,1.5673161465674639,0.0
double_dqn,810,265,75.71264104098081,81.52255531370639,28.550918750464916,47.16172217130661,1.4874047292396426,16215.733280181885,0.0,21.0,0.0,3.0,0.050000000000000044,1.9414553195238113,1.9414553195238113,0.0
double_dqn,810,266,95.82156650125981,82.48044702388347,32.6922537535429,63.12931262850761,1.6040462786331773,18455.754592895508,0.0,28.0,0.0,1.0,0.050000000000000044,1.514321530237794,1.514321530237794,0.0
double_dqn,810,267,62.440568290650845,80.94238588899374,24.37813986092806,38.062428429722786,1.424579362384975,14253.089149475098,0.0,20.0,0.0,0.0,0.050000000000000044,1.4687469769269228,1.4687469769269228,0.0
double_dqn,810,268,77.63740389943123,79.95636237472296,28.607371851801872,49.03003288209438,1.5002381317317486,16035.785961151123,0.0,24.0,0.0,1.0,0.050000000000000044,1.5797001514583826,1.5797001514583826,0.0
double_dqn,810,269,92.74802286326886,80.87221361353996,31.573763728141785,61.174258762598036,1.607065349817276,18624.70118713379,0.0,28.0,0.0,2.0,0.050000000000000044,1.4064880944788456,1.4064880944788456,0.0
double_dqn,810,270,79.68107144087553,80.21563968248667,28.83160923421383,50.84946202039718,1.4993045702576637,16410.32389640808,0.0,24.0,0.0,3.0,0.050000000000000044,1.3911412861198187,1.3911412861198187,0.0
double_dqn,810,271,86.18031264841557,80.85104513458909,30.294003933668137,55.88630932569504,1.5122516127303243,16541.759357452393,0.0,26.0,0.0,0.0,0.050000000000000044,1.667517077177763,1.667517077177763,0.0
double_dqn,810,272,93.20053124427795,81.78125967741013,32.42055530101061,60.77997599542141,1.585462330840528,17922.005989074707,0.0,26.0,0.0,1.0,0.050000000000000044,1.415836662054062,1.415836662054062,0.0
double_dqn,810,273,79.21507899463177,82.15389679081738,27.64064820855856,51.57443106174469,1.4696481302380562,15756.652473449707,0.0,24.0,0.0,0.0,0.050000000000000044,1.9018748998641968,1.9018748998641968,0.0
double_dqn,810,274,89.01473416388035,82.32718062371016,30.811503022909164,58.203230649232864,1.513860085979104,16824.267093658447,0.0,25.0,0.0,0.0,0.050000000000000044,1.2304259184747934,1.2304259184747934,0.0
double_dqn,810,275,105.69958720505238,84.23997730739416,31.826201796531677,73.87338563203812,1.6037473576143384,18378.666019439697,0.0,32.0,0.0,1.0,0.050000000000000044,1.6966938152909279,1.6966938152909279,0.0
double_dqn,810,276,82.91269122064114,84.4073476163298,29.737687319517136,53.1750036329031,1.543346500955522,16866.59910583496,0.0,24.0,0.0,0.0,0.050000000000000044,1.5867524724453688,1.5867524724453688,0.0
double_dqn,810,277,82.7487151414156,83.95155786924065,29.397643089294434,53.35107179880142,1.5122505640611053,16717.871551513672,0.0,26.0,0.0,2.0,0.050000000000000044,1.6668719686567783,1.6668719686567783,0.0
double_dqn,810,278,98.68468745946885,84.5426127226651,34.582851111888885,64.10183630287648,1.6167564075440168,18971.445426940918,0.0,29.0,0.0,2.0,0.050000000000000044,1.3762693628668785,1.3762693628668785,0.0
double_dqn,810,279,74.37960491329432,84.08414409831167,28.97069602459669,45.40890870988369,1.521435939706862,16718.24494934082,0.0,22.0,0.0,1.0,0.050000000000000044,1.4446066617965698,1.4446066617965698,0.0
double_dqn,810,280,79.12286730110645,84.36029823049904,28.90716925263405,50.21569775044918,1.468207155354321,15670.43786239624,0.0,24.0,0.0,0.0,0.050000000000000044,1.5789279360324144,1.5789279360324144,0.0
double_dqn,810,281,57.35653291642666,82.92953184060752,24.853346318006516,32.50318652391434,1.3737573809921741,13498.344493865967,0.0,18.0,0.0,0.0,0.050000000000000044,1.8920599222183228,1.8920599222183228,0.0
double_dqn,810,282,81.36181454360485,83.56853528507054,28.663741543889046,52.69807322323322,1.5090787503868341,16425.6007270813,0.0,24.0,0.0,0.0,0.050000000000000044,1.6230027973651886,1.6230027973651886,0.0
double_dqn,810,283,86.21974906474352,83.25446157798171,28.493754722177982,57.72599401473999,1.49640753865242,16187.995590209961,0.0,26.0,0.0,4.0,0.050000000000000044,1.6332941930741072,1.6332941930741072,0.0
double_dqn,810,284,82.46024997532368,83.12992154143751,28.110464930534363,54.34978522360325,1.5159833207726479,16204.663385391235,0.0,25.0,0.0,0.0,0.050000000000000044,1.3271186780184507,1.3271186780184507,0.0
double_dqn,810,285,89.67385822534561,83.82798240065576,30.436903670430183,59.23695448040962,1.5291476380079985,16814.120056152344,0.0,27.0,0.0,0.0,0.050000000000000044,1.438362380489707,1.438362380489707,0.0
double_dqn,810,286,93.49907197803259,83.71185767449438,32.98388171195984,60.51519076526165,1.6242220802232623,18996.798740386963,0.0,27.0,0.0,2.0,0.050000000000000044,1.3440754152834415,1.3440754152834415,0.0
double_dqn,810,287,66.96681422740221,83.93816997133196,25.743405900895596,41.223407834768295,1.4174660751596093,14564.672836303711,0.0,21.0,0.0,0.0,0.050000000000000044,1.4445757865905762,1.4445757865905762,0.0
double_dqn,810,288,86.6384601816535,84.38822278544306,31.82409530133009,54.81436435878277,1.5557210417464375,17554.937759399414,0.0,25.0,0.0,1.0,0.050000000000000044,1.5760661512613297,1.5760661512613297,0.0
double_dqn,810,289,74.80973994880915,83.49130863972009,26.975803904235363,47.83393613398075,1.4570039007812738,15282.089622497559,0.0,24.0,0.0,1.0,0.050000000000000044,1.8600867539644241,1.8600867539644241,0.0
double_dqn,810,290,92.39909753501415,84.12720994442701,30.84718758612871,61.5519101947546,1.5624012099578977,17573.964653015137,0.0,28.0,0.0,4.0,0.050000000000000044,1.7516677789390087,1.7516677789390087,0.0
double_dqn,810,291,88.11100079864264,84.22374435193836,30.414413176476955,57.6965873837471,1.5300369644537568,17124.265789031982,0.0,26.0,0.0,0.0,0.050000000000000044,1.602825928479433,1.602825928479433,0.0
double_dqn,810,292,67.42668161094188,82.93505187027156,24.200614593923092,43.22606765031814,1.3822300918400288,13567.246524810791,0.0,22.0,0.0,2.0,0.050000000000000044,1.578557875007391,1.578557875007391,0.0
double_dqn,810,293,83.39571574628353,83.14408370785415,28.37364999949932,55.02206553816795,1.5060450341552496,16125.222763061523,0.0,26.0,0.0,3.0,0.050000000000000044,1.85548603720963,1.85548603720963,0.0
double_dqn,810,294,75.58522570133209,82.47260828472675,28.924682341516018,46.66054308414459,1.5128637729212642,16627.288440704346,0.0,22.0,0.0,0.0,0.050000000000000044,1.7670903764665127,1.7670903764665127,0.0
double_dqn,810,295,80.38057886362076,81.20665786765515,28.11014237999916,52.270436602830884,1.4973751995712519,16372.87659072876,0.0,25.0,0.0,2.0,0.050000000000000044,1.7671294827014208,1.7671294827014208,0.0
double_dqn,810,296,103.63967780768871,82.24300719700753,31.591613337397575,72.04806488752365,1.567148620262742,17794.716325759888,0.0,31.0,0.0,1.0,0.050000000000000044,1.440184224396944,1.440184224396944,0.0
double_dqn,810,297,62.464966566860674,81.22881976827979,24.793453201651573,37.67151320874691,1.3755755256861448,13955.341274261475,0.0,19.0,0.0,1.0,0.050000000000000044,1.9397521670907736,1.9397521670907736,0.0
double_dqn,810,298,82.51644010990859,80.42040740080179,29.146756924688816,53.36968412399292,1.5176380658522248,16827.930976867676,0.0,24.0,0.0,2.0,0.050000000000000044,1.7802823148667812,1.7802823148667812,0.0
double_dqn,810,299,92.5062236353755,81.32673833690585,31.05252455919981,61.453699165582655,1.5851299529895186,17805.640838623047,0.0,28.0,0.0,2.0,0.050000000000000044,1.585710471495986,1.585710471495986,0.0
double_dqn,810,300,63.10601694881916,80.52589581929149,25.010129190981388,38.09588775038719,1.3825709465891123,14029.858798980713,0.0,20.0,0.0,0.0,0.050000000000000044,1.3879616521298885,1.3879616521298885,0.0
double_dqn,810,301,84.21700683385134,81.86891951516273,29.653636872768402,54.563370490074156,1.5060822516679764,16461.60446548462,0.0,24.0,0.0,2.0,0.050000000000000044,1.234981905668974,1.234981905668974,0.0
double_dqn,810,302,97.81141233444214,82.69139940470458,31.635974064469337,66.17543825507164,1.634674770757556,18898.95775604248,0.0,28.0,0.0,0.0,0.050000000000000044,1.5659606996923685,1.5659606996923685,0.0
double_dqn,810,303,87.6823445290327,82.76452917791904,27.63665858656168,60.04568605422973,1.4745183773338795,15710.16484451294,0.0,27.0,0.0,3.0,0.050000000000000044,1.5581271555274725,1.5581271555274725,0.0
double_dqn,810,304,75.7246021270752,82.42774678550663,27.81856121122837,47.90604103505611,1.4573338842019439,15447.120620727539,0.0,22.0,0.0,2.0,0.050000000000000044,1.7832531817257404,1.7832531817257404,0.0
double_dqn,810,305,85.37516275048256,82.21281201176346,28.71539894491434,56.659763514995575,1.5481711132451892,17030.663108825684,0.0,26.0,0.0,0.0,0.050000000000000044,1.9390889108181,1.9390889108181,0.0
double_dqn,810,306,82.61036787182093,81.66837680645287,30.22697903215885,52.38338848948479,1.551879889331758,17147.968984603882,0.0,24.0,0.0,0.0,0.050000000000000044,1.6141884289681911,1.6141884289681911,0.0
double_dqn,810,307,93.98106738328934,83.01908946424723,30.711927749216557,63.26913974583149,1.5365765085443854,17181.767742156982,0.0,29.0,0.0,1.0,0.050000000000000044,1.8981101978570223,1.8981101978570223,0.0
double_dqn,810,308,87.29012144505978,83.05167252741755,29.613922998309135,57.67619805932045,1.490884349681437,16179.357040405273,0.0,26.0,0.0,1.0,0.050000000000000044,1.3315171487629414,1.3315171487629414,0.0
double_dqn,810,309,83.91385551542044,83.50687830574812,27.652609445154667,56.26124595105648,1.5392963737249374,16444.220615386963,0.0,25.0,0.0,1.0,0.050000000000000044,1.377206327393651,1.377206327393651,0.0
double_dqn,810,310,96.70070215314627,83.72195853665472,31.12053904682398,65.58016251027584,1.5905604930594563,18177.49294281006,0.0,29.0,0.0,0.0,0.050000000000000044,1.7433077432215214,1.7433077432215214,0.0
double_dqn,810,311,76.50553369522095,83.14168518148362,28.593165040016174,47.91236908733845,1.5004795975983143,16106.523384094238,0.0,23.0,0.0,1.0,0.050000000000000044,1.4324355237185955,1.4324355237185955,0.0
double_dqn,810,312,103.71701199561357,84.95620170071722,31.37282893061638,72.3441836386919,1.5919613698497415,17918.28086090088,0.0,32.0,0.0,2.0,0.050000000000000044,1.9188854843378067,1.9188854843378067,0.0
double_dqn,810,313,74.70193436145783,84.52151263147593,26.493188120424747,48.20874612927437,1.4240173287689686,14932.095043182373,0.0,22.0,0.0,1.0,0.050000000000000044,1.4979944173246622,1.4979944173246622,0.0
double_dqn,810,314,76.74416420757771,84.57945955678822,27.450348988175392,49.293814772367476,1.459972571581602,15680.495365142822,0.0,25.0,0.0,1.0,0.050000000000000044,1.8289260864257812,1.8289260864257812,0.0
double_dqn,810,315,76.6993832886219,84.39539977803827,29.124241292476654,47.575141936540604,1.5007590735331178,16123.825584411621,0.0,23.0,0.0,2.0,0.050000000000000044,1.3549700155854225,1.3549700155854225,0.0
double_dqn,810,316,72.38059815019369,82.83244579516352,27.273948088288307,45.106649935245514,1.456273921765387,15385.7412109375,0.0,23.0,0.0,0.0,0.050000000000000044,2.0875810235738754,2.0875810235738754,0.0
double_dqn,810,317,83.10858801007271,83.86462686732412,29.61832344532013,53.49026492238045,1.4981970889493823,16750.00002670288,0.0,25.0,0.0,0.0,0.050000000000000044,1.364700211212039,1.364700211212039,0.0
double_dqn,810,318,67.16184583306313,83.09689715348183,25.506927147507668,41.65491919219494,1.4452748699113727,14896.799263000488,0.0,22.0,0.0,0.0,0.050000000000000044,1.6449170615524054,1.6449170615524054,0.0
double_dqn,810,319,84.41601161807776,82.69238655261697,28.450052194297314,55.96595952808857,1.499742092564702,16007.81163406372,0.0,26.0,0.0,1.0,0.050000000000000044,1.9732126630842686,1.9732126630842686,0.0
double_dqn,810,320,82.3755907073617,83.65586524054409,32.178973130881786,50.19661730825901,1.5342016452923417,17936.05327606201,0.0,24.0,0.0,2.0,0.050000000000000044,1.9477489814162254,1.9477489814162254,0.0
double_dqn,810,321,67.50615923404693,82.82032286055387,26.228653259575367,41.277505952119824,1.398064387962222,14383.178016662598,0.0,20.0,0.0,2.0,0.050000000000000044,1.3474316876381636,1.3474316876381636,0.0
double_dqn,810,322,83.24360213428736,82.09193235054612,30.627159230411053,52.6164425611496,1.5068351989611983,16876.599809646606,0.0,27.0,0.0,0.0,0.050000000000000044,1.6527570895850658,1.6527570895850658,0.0
double_dqn,810,323,85.97984173893929,82.00680721104145,28.801760993897915,57.17808094620705,1.5003045750781894,16525.164165496826,0.0,26.0,0.0,0.0,0.050000000000000044,1.4848784692585468,1.4848784692585468,0.0
double_dqn,810,324,71.19783028960228,81.7804686191678,28.709561944007874,42.48826822638512,1.4876433499157429,16182.597761154175,0.0,21.0,0.0,2.0,0.050000000000000044,1.1518162824213505,1.1518162824213505,0.0
double_dqn,810,325,80.00448501855135,81.51193473257123,27.828640781342983,52.175844103097916,1.4845976112410426,15633.073307037354,0.0,23.0,0.0,0.0,0.050000000000000044,1.8522015884518623,1.8522015884518623,0.0
double_dqn,810,326,83.91943257451058,81.57738796770573,28.852160722017288,55.06727238893509,1.514786934480071,16334.10924911499,0.0,25.0,0.0,2.0,0.050000000000000044,1.4355085734277964,1.4355085734277964,0.0
double_dqn,810,327,76.77147126942873,80.71690816201269,28.685070514678955,48.086400866508484,1.4632908832281828,15471.855895996094,0.0,23.0,0.0,0.0,0.050000000000000044,1.050497317686677,1.050497317686677,0.0
double_dqn,810,328,74.11152639985085,80.05797840975227,25.628388561308384,48.48313753306866,1.4185682702809572,14626.475339889526,0.0,25.0,0.0,4.0,0.050000000000000044,1.9614505022764206,1.9614505022764206,0.0
double_dqn,810,329,92.31159435212612,80.47786535158754,32.26609952747822,60.04549463093281,1.5707148546352983,17805.047847747803,0.0,27.0,0.0,0.0,0.050000000000000044,1.7375215888023376,1.7375215888023376,0.0
double_dqn,810,330,99.37555354237557,80.611607921049,33.60170477628708,65.77384872138501,1.6375062856823206,19208.746013641357,0.0,29.0,0.0,1.0,0.050000000000000044,1.8345730993896723,1.8345730993896723,0.0
double_dqn,810,331,75.6537466660142,80.56901856958866,29.704353854060173,45.94939243197441,1.492598980665207,16852.229751586914,0.0,22.0,0.0,2.0,0.050000000000000044,1.9909679591655731,1.9909679591655731,0.0
double_dqn,810,332,76.4778159275651,79.20705876618625,29.877234630286694,46.600581207871436,1.4925157707184553,16433.175426483154,0.0,22.0,0.0,1.0,0.050000000000000044,1.9966377187520266,1.9966377187520266,0.0
double_dqn,810,333,89.07104741036892,79.92551441863182,31.862320363521576,57.2087267935276,1.568933811970055,18004.208183288574,0.0,26.0,0.0,0.0,0.050000000000000044,1.8445940427482128,1.8445940427482128,0.0
double_dqn,810,334,75.4974757835269,79.86317999742927,28.258197993040085,47.239277738332746,1.4722136538475752,15736.167739868164,0.0,23.0,0.0,3.0,0.050000000000000044,1.2020698338747025,1.2020698338747025,0.0
double_dqn,810,335,86.98041843622923,80.37723175480963,31.453312538564205,55.52710571885109,1.5690702106803656,18115.943225860596,0.0,27.0,0.0,0.0,0.050000000000000044,1.507014336064458,1.507014336064458,0.0
double_dqn,810,336,85.92269217967987,81.05433645628392,30.238631568849087,55.68406057357788,1.5138807967305183,16902.48889541626,0.0,25.0,0.0,0.0,0.050000000000000044,1.6661185696721077,1.6661185696721077,0.0
double_dqn,810,337,87.2842649102211,81.26312030129135,29.712369225919247,57.57189594507217,1.529398227110505,16855.60022354126,0.0,25.0,0.0,4.0,0.050000000000000044,1.5874338950961828,1.5874338950961828,0.0
double_dqn,810,338,76.79563558995724,81.74480978913606,26.954997047781944,49.84063827395439,1.447304768487811,15270.752571105957,0.0,23.0,0.0,2.0,0.050000000000000044,1.9319054633378983,1.9319054633378983,0.0
double_dqn,810,339,84.55664321780205,81.75184136912227,28.987431183457375,55.5692121386528,1.5358655536547303,16660.596839904785,0.0,25.0,0.0,0.0,0.050000000000000044,1.383012317121029,1.383012317121029,0.0
double_dqn,810,340,83.79539036750793,81.82283135212958,31.829445756971836,51.965944558382034,1.5426681330427527,17629.845821380615,0.0,25.0,0.0,0.0,0.050000000000000044,1.8182926308363676,1.8182926308363676,0.0
double_dqn,810,341,74.14656827896833,82.15485180437565,26.940449960529804,47.2061177521944,1.4530084803700447,15330.431972503662,0.0,21.0,0.0,2.0,0.050000000000000044,1.613087221980095,1.613087221980095,0.0
double_dqn,810,342,75.92420960217714,81.78888217777013,29.307780876755714,46.616428911685944,1.5291987471282482,16698.367259979248,0.0,23.0,0.0,0.0,0.050000000000000044,2.0550477989017963,2.0550477989017963,0.0
double_dqn,810,343,93.11552579700947,82.14566638067365,30.946283474564552,62.16924262046814,1.545674392953515,17449.73192214966,0.0,27.0,0.0,0.0,0.050000000000000044,2.145628523081541,2.145628523081541,0.0
double_dqn,810,344,66.26723317056894,81.89913652472198,26.764681167900562,39.5025520324707,1.4381245654076338,15591.322389602661,0.0,21.0,0.0,1.0,0.050000000000000044,1.5894648302346468,1.5894648302346468,0.0
double_dqn,810,345,77.94705087840558,81.7962648177147,26.18178479373455,51.76526583135128,1.4432247187942266,14907.439071655273,0.0,25.0,0.0,1.0,0.050000000000000044,2.1031177807599306,2.1031177807599306,0.0
double_dqn,810,346,66.06215465813875,80.90340092189611,24.721067056059837,41.34108775854111,1.3739869659766555,13680.974601745605,0.0,21.0,0.0,0.0,0.050000000000000044,1.5432274993509054,1.5432274993509054,0.0
double_dqn,810,347,93.7252129033208,81.75108800359071,31.18416327238083,62.5410491168499,1.6178585402667522,18391.01244354248,0.0,26.0,0.0,2.0,0.050000000000000044,1.8879451304674149,1.8879451304674149,0.0
double_dqn,810,348,78.99220351874828,81.99512185953559,28.52452154457569,50.46768230199814,1.5125290621072054,16178.273113250732,0.0,22.0,0.0,0.0,0.050000000000000044,1.7560763359069824,1.7560763359069824,0.0
double_dqn,810,349,77.15482145547867,81.23728321470321,28.886805847287178,48.268015652894974,1.498486703261733,16923.785274505615,0.0,24.0,0.0,1.0,0.050000000000000044,1.881064034998417,1.881064034998417,0.0
double_dqn,810,350,83.33326544761658,80.43516880996526,29.878502368927002,53.45476306378841,1.50476242788136,16800.91201019287,0.0,24.0,0.0,2.0,0.050000000000000044,1.8012352623045444,1.8012352623045444,0.0
double_dqn,810,351,84.48360496908427,80.87666172511877,30.74902994185686,53.73457525074482,1.5708778267726302,18047.45964050293,0.0,24.0,0.0,2.0,0.050000000000000044,1.4446339718997478,1.4446339718997478,0.0
double_dqn,810,352,89.23764017224312,81.51465293735266,33.652399480342865,55.58524024486542,1.5791384745389223,18651.129440307617,0.0,25.0,0.0,0.0,0.050000000000000044,1.6484102234244347,1.6484102234244347,0.0
double_dqn,810,353,76.69540058225394,80.89587059594692,27.39345023781061,49.30195035934448,1.4623236423358321,15545.177799224854,0.0,24.0,0.0,4.0,0.050000000000000044,2.065938875079155,2.065938875079155,0.0
double_dqn,810,354,95.6678309828043,81.9043883559108,33.7670925706625,61.900738859176634,1.623874556273222,19147.111476898193,0.0,27.0,0.0,1.0,0.050000000000000044,1.5281644184142351,1.5281644184142351,0.0
double_dqn,810,355,75.1238229945302,81.31155858382583,27.55278629809618,47.57103644311428,1.458653088659048,15568.82689666748,0.0,23.0,0.0,1.0,0.050000000000000044,1.7380337193608284,1.7380337193608284,0.0
double_dqn,810,356,103.22394853830338,82.176621401757,35.27295130491257,67.95099720358849,1.6517128832638264,20004.28687286377,0.0,31.0,0.0,0.0,0.050000000000000044,1.996361792087555,1.996361792087555,0.0
double_dqn,810,357,79.86285543590785,81.80555092804136,27.864584662020206,51.99827062487602,1.4789512548595667,15954.974124908447,0.0,25.0,0.0,3.0,0.050000000000000044,1.7412738241255283,1.7412738241255283,0.0
double_dqn,810,358,54.41425893008709,80.68648209504784,23.971716843545437,30.44254215359688,1.3635169640183449,13704.11037826538,0.0,17.0,0.0,2.0,0.050000000000000044,2.2352688554674387,2.2352688554674387,0.0
double_dqn,810,359,72.31058772504329,80.0741793204099,26.62765373289585,45.682934573292734,1.435914191417396,14736.010303497314,0.0,22.0,0.0,4.0,0.050000000000000044,2.0515559520572424,2.0515559520572424,0.0
double_dqn,810,360,81.26164141446353,79.94749187275768,28.017536215484142,53.244104558229445,1.473154273815453,15716.944993972778,0.0,25.0,0.0,2.0,0.050000000000000044,1.797390105202794,1.797390105202794,0.0
double_dqn,810,361,84.17294962108136,80.44881093986334,30.062785401940346,54.110164606571196,1.520825476385653,17096.041618347168,0.0,26.0,0.0,1.0,0.050000000000000044,1.4178570322692394,1.4178570322692394,0.0
double_dqn,810,362,75.7401661887765,80.4396087691933,27.527002833783627,48.21316277384758,1.4597321636974812,15474.605339050293,0.0,22.0,0.0,1.0,0.050000000000000044,1.3509816750884056,1.3509816750884056,0.0
double_dqn,810,363,92.50480407476425,80.40907268308104,33.12061605602503,59.38418793678284,1.5874252710491419,18789.123836517334,0.0,25.0,0.0,0.0,0.050000000000000044,1.2721852473914623,1.2721852473914623,0.0
double_dqn,810,364,77.75272474437952,80.98334726177157,26.944763220846653,50.80796204507351,1.4511682633310556,15425.580280303955,0.0,24.0,0.0,0.0,0.050000000000000044,1.687011705711484,1.687011705711484,0.0
double_dqn,810,365,82.3859810680151,81.20529377125204,29.55128113925457,52.8346998244524,1.5173218566924334,16343.138748168945,0.0,26.0,0.0,0.0,0.050000000000000044,1.959577601402998,1.959577601402998,0.0
double_dqn,810,366,77.47654699534178,81.77601338811219,27.387092776596546,50.089454263448715,1.4777800794690847,15712.4914894104,0.0,24.0,0.0,0.0,0.050000000000000044,1.9869860988110304,1.9869860988110304,0.0
double_dqn,810,367,83.54142510145903,81.26682399801909,29.644684553146362,53.89674037694931,1.5231788586825132,16592.149646759033,0.0,26.0,0.0,0.0,0.050000000000000044,1.8088084422051907,1.8088084422051907,0.0
double_dqn,810,368,82.9248608648777,81.46345686532557,27.941544897854328,54.98331618309021,1.4831678913906217,15605.61014175415,0.0,26.0,0.0,0.0,0.050000000000000044,1.9061538595706224,1.9061538595706224,0.0
double_dqn,810,369,76.28873518109322,81.42015255160631,28.739857390522957,47.54887770116329,1.4935851944610476,16217.925025939941,0.0,23.0,0.0,0.0,0.050000000000000044,1.6434364952147007,1.6434364952147007,0.0
double_dqn,810,370,77.583176741004,81.13264811627567,28.57947127521038,49.0037055850029,1.5020392276346684,16536.149181365967,0.0,23.0,0.0,2.0,0.050000000000000044,1.9199337363243103,1.9199337363243103,0.0
double_dqn,810,371,76.62045037299394,80.73949038647115,27.038379333913326,49.58207123279571,1.4607053576037288,15488.75806427002,0.0,22.0,0.0,4.0,0.050000000000000044,2.1369919776916504,2.1369919776916504,0.0
double_dqn,810,372,88.72191027700902,80.71370389170946,30.583777770400047,58.13813235759735,1.5733765726909041,17821.621055603027,0.0,26.0,0.0,1.0,0.050000000000000044,1.9742107428610325,1.9742107428610325,0.0
double_dqn,810,373,84.74446998536587,81.11615736186505,28.799103930592537,55.94536602497101,1.54624511487782,17286.479711532593,0.0,25.0,0.0,1.0,0.050000000000000044,2.0717704724520445,2.0717704724520445,0.0
double_dqn,810,374,69.37175527960062,79.80135357670487,27.056329272687435,42.31542564928532,1.4701614920049906,15332.542617797852,0.0,22.0,0.0,1.0,0.050000000000000044,1.5642485450953245,1.5642485450953245,0.0
double_dqn,810,375,77.88614824563265,79.93946983926,28.98102607578039,48.905121901631354,1.571564911864698,17447.07438659668,0.0,22.0,0.0,1.0,0.050000000000000044,1.6035952381789684,1.6035952381789684,0.0
double_dqn,810,376,69.06114236563444,78.23132953062654,25.45173206180334,43.609410884976384,1.4231416005641222,14571.519165039062,0.0,20.0,0.0,2.0,0.050000000000000044,2.096468597650528,2.096468597650528,0.0
double_dqn,810,377,84.38623824119568,78.45749867089094,31.451547034084797,52.934690767526625,1.52594796102494,17759.82511138916,0.0,24.0,0.0,2.0,0.050000000000000044,1.758451160043478,1.758451160043478,0.0
double_dqn,810,378,92.86559051275253,80.38006525002422,32.16915289312601,60.696437641978264,1.59830719884485,18593.899145126343,0.0,28.0,0.0,0.0,0.050000000000000044,1.5867997910827398,1.5867997910827398,0.0
double_dqn,810,379,62.867781567573545,79.90792494215071,25.572001345455647,37.295780169963834,1.3992147436365485,14495.039710998535,0.0,19.0,0.0,2.0,0.050000000000000044,1.5434543080627918,1.5434543080627918,0.0
double_dqn,810,380,59.537997932732104,78.82174276806415,24.222180418670177,35.31581758856773,1.355387058109045,13392.579460144043,0.0,18.0,0.0,2.0,0.050000000000000044,2.115770287811756,2.115770287811756,0.0
double_dqn,810,381,95.39936425685883,79.38306349985302,32.14748749881983,63.25187667608261,1.6065553687512875,18408.549030303955,0.0,29.0,0.0,1.0,0.050000000000000044,1.7029763534665108,1.7029763534665108,0.0
double_dqn,810,382,74.00156458616257,79.29613341972234,26.92173095047474,47.07983382940292,1.4426026651635766,15050.552333831787,0.0,22.0,0.0,1.0,0.050000000000000044,1.6839570924639702,1.6839570924639702,0.0
double_dqn,810,383,84.27115436792374,78.88445093438031,30.068021789193153,54.203133353590964,1.5571010261774063,17415.60139465332,0.0,25.0,0.0,1.0,0.050000000000000044,2.0254757199436426,2.0254757199436426,0.0
double_dqn,810,384,93.32938056588173,79.66328372545543,30.54447328299284,62.78490730524063,1.5718125328421593,17402.006061553955,0.0,29.0,0.0,2.0,0.050000000000000044,2.243983432650566,2.243983432650566,0.0
double_dqn,810,385,86.30248048901558,79.85910869650544,29.60843736678362,56.69404324889183,1.4997935947030783,16475.672103881836,0.0,25.0,0.0,0.0,0.050000000000000044,1.9698921367526054,1.9698921367526054,0.0
double_dqn,810,386,72.88187050819397,79.62937487214805,25.896026089787483,46.98584400117397,1.46309594810009,15519.320106506348,0.0,23.0,0.0,0.0,0.050000000000000044,1.6373480055481195,1.6373480055481195,0.0
double_dqn,810,387,72.22459361255169,79.06353329770268,28.93107019364834,43.29352332949638,1.5136903068050742,16706.88695526123,0.0,22.0,0.0,4.0,0.050000000000000044,1.9545956943184137,1.9545956943184137,0.0
double_dqn,810,388,89.92845381051302,79.41371294498444,32.499805845320225,57.4286483079195,1.5841738088056445,18302.26097869873,0.0,26.0,0.0,0.0,0.050000000000000044,1.6988726053386927,1.6988726053386927,0.0
double_dqn,810,389,69.20181697756053,79.0593670348078,26.887228585779667,42.314588317275046,1.4244686840102077,14910.812662124634,0.0,21.0,0.0,2.0,0.050000000000000044,1.2917206399142742,1.2917206399142742,0.0
double_dqn,810,390,76.59475631266832,79.00994601339102,29.372740410268307,47.22201620042324,1.4975360706448555,16557.21678161621,0.0,22.0,0.0,0.0,0.050000000000000044,1.4995520040392876,1.4995520040392876,0.0
double_dqn,810,391,90.42982633411884,79.70041481144727,30.285491727292538,60.14433500170708,1.5165891163051128,16739.4411277771,0.0,27.0,0.0,0.0,0.050000000000000044,1.6841989643871784,1.6841989643871784,0.0
double_dqn,810,392,68.86504214257002,78.70757140472531,26.806774370372295,42.05826808512211,1.460279575549066,14918.462142944336,0.0,21.0,0.0,0.0,0.050000000000000044,2.1806768011301756,2.1806768011301756,0.0
double_dqn,810,393,78.75392370820046,78.40804409086705,29.991940587759018,48.761983731389044,1.5123896598815918,16570.82006072998,0.0,22.0,0.0,2.0,0.050000000000000044,1.670308843255043,1.670308843255043,0.0
double_dqn,810,394,70.84026084244252,78.48146936900915,25.670028284192085,45.170232677459715,1.4172703111544251,14553.006992340088,0.0,21.0,0.0,1.0,0.050000000000000044,1.783776979893446,1.783776979893446,0.0
double_dqn,810,395,83.22541554272175,78.74843273386361,30.014268800616264,53.211146488785744,1.515167354606092,16725.971355438232,0.0,24.0,0.0,0.0,0.050000000000000044,1.936192326247692,1.936192326247692,0.0
double_dqn,810,396,74.39382323622704,79.01506677739323,27.171949461102486,47.22187404334545,1.4716033088043332,15497.7318649292,0.0,23.0,0.0,1.0,0.050000000000000044,1.2762238178402185,1.2762238178402185,0.0
double_dqn,810,397,69.22612374424935,78.25706105254592,27.28311461955309,41.943008655309676,1.4521502619609237,15250.356967926025,0.0,21.0,0.0,1.0,0.050000000000000044,1.6788181588053703,1.6788181588053703,0.0
double_dqn,810,398,75.72901827096939,77.40023244045676,26.715811014175415,49.01320806145668,1.4497674209997058,15248.93606185913,0.0,24.0,0.0,1.0,0.050000000000000044,1.9717374369502068,1.9717374369502068,0.0
double_dqn,810,399,82.51774972677231,78.38273084841668,28.13959115743637,54.37815836071968,1.5372571414336562,16473.847038269043,0.0,25.0,0.0,2.0,0.050000000000000044,1.72264264523983,1.72264264523983,0.0
double_dqn,810,400,50.80118282139301,77.94589009284974,23.367251694202423,27.433931037783623,1.3421828392893076,12793.417999267578,0.0,15.0,0.0,0.0,0.050000000000000044,1.735496612265706,1.735496612265706,0.0
double_dqn,810,401,63.76270782351494,76.36405727118253,24.814112149178982,38.948595786094664,1.4152435464784503,14407.07222366333,0.0,21.0,0.0,1.0,0.050000000000000044,1.9963066689670086,1.9963066689670086,0.0
double_dqn,810,402,74.18510612100363,76.3732343479246,28.87606441229582,45.309041768312454,1.4842805061489344,16009.497888565063,0.0,20.0,0.0,0.0,0.050000000000000044,1.3769950028508902,1.3769950028508902,0.0
double_dqn,810,403,71.34274220466614,75.72681373976171,27.566278383135796,43.77646405249834,1.44314453471452,15589.922649383545,0.0,21.0,0.0,2.0,0.050000000000000044,1.575822999700904,1.575822999700904,0.0
double_dqn,810,404,81.83594074100256,75.15214174851776,31.183924920856953,50.652016162872314,1.5713526541367173,18189.885314941406,0.0,22.0,0.0,0.0,0.050000000000000044,1.8938083965331316,1.8938083965331316,0.0
double_dqn,810,405,75.3677080065012,74.60540312439204,29.77098073065281,45.596727231144904,1.522423175163567,17176.854988098145,0.0,24.0,0.0,1.0,0.050000000000000044,1.6448791772127151,1.6448791772127151,0.0
double_dqn,810,406,83.20384180545807,75.12150168925525,27.553855136036873,55.649986907839775,1.4735866747796535,15823.695358276367,0.0,27.0,0.0,1.0,0.050000000000000044,1.6345251686871052,1.6345251686871052,0.0
double_dqn,810,407,91.24088365733624,76.07231619149448,31.256203427910805,59.984680169820784,1.5328860869631171,17376.818202972412,0.0,28.0,0.0,1.0,0.050000000000000044,1.914739701896906,1.914739701896906,0.0
double_dqn,810,408,86.24908369928599,75.88834768593313,28.807054728269577,57.44202851653099,1.5065862033516169,16722.622806549072,0.0,26.0,0.0,2.0,0.050000000000000044,1.624036855995655,1.624036855995655,0.0
double_dqn,810,409,74.49594271183014,76.1530539726466,27.04401744157076,47.451924815773964,1.4463764065876603,15397.155040740967,0.0,23.0,0.0,0.0,0.050000000000000044,1.5597956161946058,1.5597956161946058,0.0
double_dqn,810,410,74.39958656132221,76.0432954850793,26.531011767685413,47.868575024604795,1.452361911535263,15029.840229034424,0.0,23.0,0.0,2.0,0.050000000000000044,2.268234945833683,2.268234945833683,0.0
double_dqn,810,411,84.03347727656364,75.72347803220154,29.731314204633236,54.30216237902641,1.5332744605839252,17180.130641937256,0.0,27.0,0.0,2.0,0.050000000000000044,1.680915342643857,1.680915342643857,0.0
double_dqn,810,412,72.37506947815419,75.89897939898074,28.25141403079033,44.12365571558475,1.4673798074945807,15925.526630401611,0.0,21.0,0.0,1.0,0.050000000000000044,1.7371304128319025,1.7371304128319025,0.0
double_dqn,810,413,73.98874049186706,75.66072023816407,27.963719129562378,46.0250213176012,1.4597934186458588,15904.14847946167,0.0,22.0,0.0,2.0,0.050000000000000044,1.8720296025276184,1.8720296025276184,0.0
double_dqn,810,414,86.34170157462358,76.43579227477312,29.082384653389454,57.25931692123413,1.5205751210451126,16574.320232391357,0.0,25.0,0.0,2.0,0.050000000000000044,1.7999056223779917,1.7999056223779917,0.0
double_dqn,810,415,96.19973608255387,77.08450830176474,29.946077153086662,66.25365870594979,1.5633614622056484,17486.53189086914,0.0,28.0,0.0,2.0,0.050000000000000044,1.830504659563303,1.830504659563303,0.0
double_dqn,810,416,84.15702230632306,77.57266825526953,31.220352545380592,52.936669969558714,1.5713825644925237,17803.05265045166,0.0,24.0,0.0,1.0,0.050000000000000044,2.0049144588410854,2.0049144588410854,0.0
double_dqn,810,417,58.658182106912136,77.04427117340268,24.46750908344984,34.19067317247391,1.398501930758357,14027.396030426025,0.0,20.0,0.0,0.0,0.050000000000000044,1.6937964111566544,1.6937964111566544,0.0
double_dqn,810,418,81.65675044357776,77.34065778203309,27.057166919112206,54.599584001302716,1.4975862624123693,15923.163681030273,0.0,24.0,0.0,2.0,0.050000000000000044,1.598516296595335,1.598516296595335,0.0
double_dqn,810,419,74.09063035994768,76.91930181369186,27.455854795873165,46.63477581739426,1.480391962453723,15775.718677520752,0.0,21.0,0.0,2.0,0.050000000000000044,1.89950717613101,1.89950717613101,0.0
double_dqn,810,420,69.150212071836,77.83675327621401,25.447763673961163,43.702448055148125,1.4307754086330533,14629.343242645264,0.0,21.0,0.0,2.0,0.050000000000000044,1.8357657101005316,1.8357657101005316,0.0
double_dqn,810,421,86.52074904888869,78.97465533748269,29.491565838456154,57.02918344885111,1.5365928607061505,16817.590618133545,0.0,26.0,0.0,2.0,0.050000000000000044,1.6424284800887108,1.6424284800887108,0.0
double_dqn,810,422,84.48183566331863,79.48949181459844,27.742410629987717,56.73942530155182,1.4883773485198617,15776.754257202148,0.0,25.0,0.0,2.0,0.050000000000000044,1.7174855582416058,1.7174855582416058,0.0
double_dqn,810,423,80.8130683168769,79.963008120209,27.11618711799383,53.696881079673766,1.4692041333764791,16069.043226242065,0.0,24.0,0.0,1.0,0.050000000000000044,2.003292316570878,2.003292316570878,0.0
double_dqn,810,424,75.06612753868103,79.6245174600929,26.884838357567787,48.18128891289234,1.45068896189332,15347.872848510742,0.0,24.0,0.0,1.0,0.050000000000000044,1.9897318631410599,1.9897318631410599,0.0
double_dqn,810,425,82.3537785500288,79.9738209872693,27.91340120136738,54.4403773188591,1.4916818961501122,15992.119976043701,0.0,25.0,0.0,2.0,0.050000000000000044,1.698749428614974,1.698749428614974,0.0
double_dqn,810,426,69.35438957065344,79.28134837552906,25.106505155563354,44.24788448214531,1.4462786354124546,15063.154426574707,0.0,22.0,0.0,1.0,0.050000000000000044,2.0636652410030365,2.0636652410030365,0.0
double_dqn,810,427,86.59568977504969,79.04908868141474,30.20738086849451,56.38830898106098,1.5285648936405778,16989.096927642822,0.0,25.0,0.0,1.0,0.050000000000000044,1.599072977900505,1.599072977900505,0.0
double_dqn,810,428,75.91188735663891,78.53222886428239,26.649485267698765,49.262402245402335,1.439743671566248,15294.26672744751,0.0,24.0,0.0,1.0,0.050000000000000044,1.967973753809929,1.967973753809929,0.0
double_dqn,810,429,72.56851162165404,78.43585730977358,26.102633766829967,46.46587766110897,1.423575783148408,14919.987951278687,0.0,22.0,0.0,1.0,0.050000000000000044,1.8932402804493904,1.8932402804493904,0.0
double_dqn,810,430,62.469923892617224,77.83937417633834,25.984958708286285,36.48496482670307,1.3988991929218173,14286.336891174316,0.0,20.0,0.0,1.0,0.050000000000000044,1.8652920797467232,1.8652920797467232,0.0
double_dqn,810,431,94.37056909799576,78.35622876740993,28.907488837838173,65.46307991743087,1.5228737639263272,17004.58013534546,0.0,30.0,0.0,3.0,0.050000000000000044,1.596224995329976,1.596224995329976,0.0
double_dqn,810,432,77.76590575277805,78.62577058114113,28.30170565843582,49.464199870824814,1.4855833128094673,16410.62355041504,0.0,23.0,0.0,1.0,0.050000000000000044,1.3298352863639593,1.3298352863639593,0.0
double_dqn,810,433,75.69053085148335,78.71086009912193,27.622285328805447,48.06824591755867,1.432620351202786,15338.366539001465,0.0,23.0,0.0,0.0,0.050000000000000044,1.8090633749961853,1.8090633749961853,0.0
double_dqn,810,434,82.64026058614255,78.52578804969788,28.30469600111246,54.33556496500969,1.5168438712134957,16492.998538970947,0.0,27.0,0.0,1.0,0.050000000000000044,1.7321063037961721,1.7321063037961721,0.0
double_dqn,810,435,82.22823064923287,77.82721277803185,29.276593536138535,52.95163728445768,1.5086997225880623,16777.10369873047,0.0,25.0,0.0,2.0,0.050000000000000044,1.9740549325942993,1.9740549325942993,0.0
double_dqn,810,436,86.33425501286983,77.93607441335918,30.802044823765755,55.53220962285995,1.562197477556765,18098.125648498535,0.0,26.0,0.0,2.0,0.050000000000000044,1.99867470189929,1.99867470189929,0.0
double_dqn,810,437,89.84540906846523,79.49543576143682,31.367083698511124,58.4783255636692,1.583462062291801,17842.632480621338,0.0,27.0,0.0,2.0,0.050000000000000044,1.9549037255346775,1.9549037255346775,0.0
double_dqn,810,438,81.4629132822156,79.48574390336871,29.877184249460697,51.585729628801346,1.5119352592155337,17365.105506896973,0.0,23.0,0.0,0.0,0.050000000000000044,1.8703363537788391,1.8703363537788391,0.0
double_dqn,810,439,90.68193770945072,80.31530927084387,29.298974841833115,61.382962465286255,1.5704466113820672,17379.753143310547,0.0,27.0,0.0,1.0,0.050000000000000044,1.715827176347375,1.715827176347375,0.0
double_dqn,810,440,76.35072552412748,80.67533494345844,27.916799165308475,48.433926582336426,1.4913179129362106,16129.226804733276,0.0,24.0,0.0,0.0,0.050000000000000044,1.906937375664711,1.906937375664711,0.0
double_dqn,810,441,100.42788843810558,81.37069191291928,31.88780488073826,68.54008364677429,1.5944325206801295,18637.956077575684,0.0,29.0,0.0,1.0,0.050000000000000044,2.020799435675144,2.020799435675144,0.0
double_dqn,810,442,69.96120829880238,80.64466054469347,26.47526839375496,43.48593980073929,1.4237202573567629,15026.798183441162,0.0,20.0,0.0,0.0,0.050000000000000044,1.8541132379323244,1.8541132379323244,0.0
double_dqn,810,443,88.08511240035295,81.00826274886728,30.04788626730442,58.03722620010376,1.5423774477094412,17343.925617218018,0.0,27.0,0.0,2.0,0.050000000000000044,2.1272652447223663,2.1272652447223663,0.0
double_dqn,810,444,77.75267214626074,81.14258997924625,26.212018005549908,51.540654110908505,1.4616708839312196,15334.718000411987,0.0,24.0,0.0,3.0,0.050000000000000044,1.8918258398771286,1.8918258398771286,0.0
double_dqn,810,445,83.27280924618245,81.18854151405395,29.442387521266937,53.830421754717825,1.5132972607389092,16978.095279693604,0.0,26.0,0.0,1.0,0.050000000000000044,1.9230448435992002,1.9230448435992002,0.0
double_dqn,810,446,71.70627972483635,81.3061360217631,27.37268076837063,44.33359880745411,1.525822731666267,16462.841817855835,0.0,21.0,0.0,1.0,0.050000000000000044,1.8320951499044895,1.8320951499044895,0.0
double_dqn,810,447,73.31612294316292,80.64215768016876,26.72055435925722,46.595567838847636,1.4557705093175173,15820.180355072021,0.0,22.0,0.0,1.0,0.050000000000000044,1.7860490288585424,1.7860490288585424,0.0
double_dqn,810,448,80.74611016511918,80.88386882059278,27.704204231500626,53.04190612733364,1.478001861833036,16171.84619140625,0.0,23.0,0.0,1.0,0.050000000000000044,1.6548935864120722,1.6548935864120722,0.0
double_dqn,810,449,66.82456244528294,80.59667136177421,24.760503076016903,42.06405919790268,1.3985396716743708,14216.825017929077,0.0,23.0,0.0,1.0,0.050000000000000044,2.2964381128549576,2.2964381128549576,0.0
double_dqn,810,450,76.03420111835003,81.27488522306086,27.973726242780685,48.06047523319721,1.5085486322641373,16570.385097503662,0.0,23.0,0.0,2.0,0.050000000000000044,2.197177043184638,2.197177043184638,0.0
double_dqn,810,451,81.13551433682441,80.61313248500228,28.97317499667406,52.1623389005661,1.5357731245458126,16729.526470184326,0.0,25.0,0.0,2.0,0.050000000000000044,1.3432620037347078,1.3432620037347078,0.0
double_dqn,810,452,64.02563186883927,79.92611879080535,24.981900349259377,39.04373178780079,1.405463058501482,14285.435111999512,0.0,19.0,0.0,2.0,0.050000000000000044,1.378640916198492,1.378640916198492,0.0
double_dqn,810,453,71.55609613060952,79.71939705476164,26.552269227802753,45.003826984763144,1.4322084737941623,15244.444965362549,0.0,21.0,0.0,2.0,0.050000000000000044,2.155980471521616,2.155980471521616,0.0
double_dqn,810,454,94.08979079276324,80.2918735650927,30.55369520932436,63.53609497249126,1.5449474025517702,17495.58839225769,0.0,28.0,0.0,1.0,0.050000000000000044,1.806585405021906,1.806585405021906,0.0
double_dqn,810,455,91.11694493889809,80.73630927957595,30.511427514255047,60.60551738739014,1.5380188515409827,17551.27300262451,0.0,27.0,0.0,0.0,0.050000000000000044,1.7659884821623564,1.7659884821623564,0.0
double_dqn,810,456,64.50348487496376,79.64477077268064,24.21788714081049,40.28559795022011,1.3886804515495896,14134.642658233643,0.0,22.0,0.0,1.0,0.050000000000000044,1.697245454415679,1.697245454415679,0.0
double_dqn,810,457,81.49863203763962,79.22743192113937,30.610917180776596,50.88771518468857,1.5334691544994712,17411.469970703125,0.0,24.0,0.0,1.0,0.050000000000000044,1.4338676240295172,1.4338676240295172,0.0
double_dqn,810,458,80.79645892232656,79.19410920314492,30.3987902328372,50.39766865968704,1.497936187312007,17034.35093307495,0.0,22.0,0.0,0.0,0.050000000000000044,1.6904174983501434,1.6904174983501434,0.0
double_dqn,810,459,73.17813627421856,78.3189191313833,26.04590616375208,47.13222974538803,1.4464565897360444,15102.801483154297,0.0,24.0,0.0,0.0,0.050000000000000044,1.5139982607215643,1.5139982607215643,0.0
double_dqn,810,460,76.56126583516598,78.32944614693523,27.030509270727634,49.5307565420866,1.4549000142142177,15725.323749542236,0.0,23.0,0.0,1.0,0.050000000000000044,2.3998408541083336,2.3998408541083336,0.0
double_dqn,810,461,81.72623375952244,77.39436341300608,29.545259296894073,52.18097429871559,1.4952242970466614,16621.02476501465,0.0,23.0,0.0,1.0,0.050000000000000044,1.7985249143093824,1.7985249143093824,0.0
double_dqn,810,462,69.91801407337189,77.39220370173456,25.812078073620796,44.10593611896038,1.423763026483357,14822.452810287476,0.0,22.0,0.0,1.0,0.050000000000000044,1.7143033631145954,1.7143033631145954,0.0
double_dqn,810,463,95.13225538432599,77.74456085093321,30.775680653750896,64.35657472312451,1.5535553507506847,17475.91556930542,0.0,29.0,0.0,2.0,0.050000000000000044,1.709752095863223,1.709752095863223,0.0
double_dqn,810,464,73.44559426605701,77.52920695692303,27.05771417915821,46.38788014650345,1.4881749544292688,15609.040225982666,0.0,22.0,0.0,1.0,0.050000000000000044,1.7725445348769426,1.7725445348769426,0.0
double_dqn,810,465,83.12196701169015,77.52166484519842,27.881224021315575,55.24074285626411,1.5225321082398295,16621.98477935791,0.0,25.0,0.0,1.0,0.050000000000000044,1.5851526632905006,1.5851526632905006,0.0
double_dqn,810,466,88.27281865477562,78.34999179169537,29.802089676260948,58.47072882950306,1.5423668846488,17323.373817443848,0.0,28.0,0.0,1.0,0.050000000000000044,1.97580024600029,1.97580024600029,0.0
double_dqn,810,467,97.2413173019886,79.54625150963666,33.32145766168833,63.919860169291496,1.617771953344345,19236.322982788086,0.0,29.0,0.0,1.0,0.050000000000000044,1.8905035853385925,1.8905035853385925,0.0
double_dqn,810,468,92.70608174949885,80.14425008885564,30.491831496357918,62.214250007271765,1.557359218597412,17543.569841384888,0.0,28.0,0.0,4.0,0.050000000000000044,1.756645530462265,1.756645530462265,0.0
double_dqn,810,469,90.47237858325244,81.32664089575411,30.78392054885626,59.688458079099654,1.597406916320324,18481.75519180298,0.0,26.0,0.0,1.0,0.050000000000000044,1.837166840210557,1.837166840210557,0.0
double_dqn,810,470,66.31082062721252,80.84047187119724,25.785668425261974,40.525152283906934,1.414961158297956,14398.314655303955,0.0,21.0,0.0,2.0,0.050000000000000044,1.7938611172139645,1.7938611172139645,0.0
double_dqn,810,471,76.67122972160578,80.61725764043629,26.812220960855484,49.85900862663984,1.4594708988443017,15402.864339828491,0.0,22.0,0.0,1.0,0.050000000000000044,1.5496996492147446,1.5496996492147446,0.0
double_dqn,810,472,53.16136404275894,80.07404424913229,23.70252523571253,29.45883891880512,1.3282520221546292,13153.75121307373,0.0,18.0,0.0,1.0,0.050000000000000044,1.8482666090130806,1.8482666090130806,0.0
double_dqn,810,473,81.18457936793565,80.55546841099859,28.078153409063816,53.10642598122358,1.531075056642294,16494.2078666687,0.0,25.0,0.0,3.0,0.050000000000000044,1.5716477669775486,1.5716477669775486,0.0
double_dqn,810,474,74.08829180896282,79.55539346180856,26.314918749034405,47.77337323129177,1.433864401653409,15118.337120056152,0.0,23.0,0.0,0.0,0.050000000000000044,1.7495983857661486,1.7495983857661486,0.0
double_dqn,810,475,75.46774125248194,78.77293327748777,26.693241573870182,48.774499678611754,1.456221528351307,15472.86824798584,0.0,23.0,0.0,1.0,0.050000000000000044,1.6126796808093786,1.6126796808093786,0.0
double_dqn,810,476,76.01793097257614,79.34865558236838,27.481239020824432,48.53669177293777,1.4771259846165776,16228.396598815918,0.0,22.0,0.0,2.0,0.050000000000000044,1.9450977183878422,1.9450977183878422,0.0
double_dqn,810,477,92.20854624509812,79.88415129274131,30.173050180077553,62.03549672067165,1.5664704693481326,17190.510334014893,0.0,27.0,0.0,2.0,0.050000000000000044,2.1229817159473896,2.1229817159473896,0.0
double_dqn,810,478,71.1425417408347,79.40145543366671,26.53500859439373,44.60753342211247,1.4068943662568927,15095.778600692749,0.0,21.0,0.0,3.0,0.050000000000000044,1.904132105410099,1.904132105410099,0.0
double_dqn,810,479,71.68931920975447,79.3270145804435,25.127877362072468,46.5614423841238,1.444706185720861,15145.349380493164,0.0,23.0,0.0,1.0,0.050000000000000044,2.142420895397663,2.142420895397663,0.0
double_dqn,810,480,95.26192612349988,80.2620475948602,33.32596829533577,61.93595843911171,1.586276606656611,18580.181308746338,0.0,26.0,0.0,1.0,0.050000000000000044,2.1811943911015987,2.1811943911015987,0.0
double_dqn,810,481,62.47783733904362,79.29962777383626,24.293815597891808,38.18402171134949,1.3787305857986212,13831.436763763428,0.0,19.0,0.0,0.0,0.050000000000000044,1.9077061042189598,1.9077061042189598,0.0
double_dqn,810,482,84.63201832771301,80.03532798655333,29.663609161973,54.96840946376324,1.5465542078018188,17487.83046722412,0.0,27.0,0.0,1.0,0.050000000000000044,2.1596566904336214,2.1596566904336214,0.0
double_dqn,810,483,78.21349647641182,79.18939004115761,28.385608822107315,49.8278878480196,1.4801410343497992,16184.824352264404,0.0,25.0,0.0,0.0,0.050000000000000044,1.850487845018506,1.850487845018506,0.0
double_dqn,810,484,88.85742323845625,79.95998148977756,30.62353079020977,58.23389172554016,1.5741302063688636,17782.364574432373,0.0,26.0,0.0,1.0,0.050000000000000044,1.390637818723917,1.390637818723917,0.0
double_dqn,810,485,95.88899112790823,80.59833269558848,33.96211161464453,61.92687964737415,1.6538397297263145,19524.398082733154,0.0,27.0,0.0,3.0,0.050000000000000044,1.7923997268080711,1.7923997268080711,0.0
double_dqn,810,486,70.80341755896806,79.7248626407981,25.870888218283653,44.93252916932106,1.4399208575487137,14986.63197517395,0.0,22.0,0.0,2.0,0.050000000000000044,1.8594892621040344,1.8594892621040344,0.0
double_dqn,810,487,74.07601251453161,78.56659740142524,27.57304959744215,46.50296315550804,1.4833197118714452,15993.09642791748,0.0,21.0,0.0,0.0,0.050000000000000044,1.5143158622086048,1.5143158622086048,0.0
double_dqn,810,488,82.51337404549122,78.05696201622486,28.867898553609848,53.64547534286976,1.4963315380737185,16515.635164260864,0.0,25.0,0.0,2.0,0.050000000000000044,1.4919174835085869,1.4919174835085869,0.0
double_dqn,810,489,90.2642060816288,78.04655339114369,31.332793459296227,58.931412532925606,1.5903273951262236,18208.559074401855,0.0,27.0,0.0,1.0,0.050000000000000044,1.873511642217636,1.873511642217636,0.0
double_dqn,810,490,68.17508056163788,78.13976638786497,26.257623717188835,41.91745681464672,1.4645902132615447,15314.640930175781,0.0,21.0,0.0,1.0,0.050000000000000044,1.8207326084375381,1.8207326084375381,0.0
double_dqn,810,491,94.60723915994167,79.03656685978174,32.13261329382658,62.47462569475174,1.5795183442533016,18102.857582092285,0.0,29.0,0.0,3.0,0.050000000000000044,1.6454350128769875,1.6454350128769875,0.0
double_dqn,810,492,78.89614188075066,80.32330575168133,25.82470527291298,53.07143654823303,1.4883064748719335,15459.040561676025,0.0,24.0,0.0,4.0,0.050000000000000044,2.1014181822538376,2.1014181822538376,0.0
double_dqn,810,493,78.19205839931965,80.17367970325053,28.100659161806107,50.09139937162399,1.5408823005855083,17203.04027557373,0.0,22.0,0.0,0.0,0.050000000000000044,1.9089998379349709,1.9089998379349709,0.0
double_dqn,810,494,70.93095881640912,80.01581305362285,24.31031845510006,46.62064070403576,1.4029974536970258,14179.163497924805,0.0,22.0,0.0,2.0,0.050000000000000044,1.7228049580007792,1.7228049580007792,0.0
double_dqn,810,495,72.14993690699339,79.84992283634843,27.852335639297962,44.297600746154785,1.4360861396417022,15405.053260803223,0.0,21.0,0.0,0.0,0.050000000000000044,1.5829664301127195,1.5829664301127195,0.0
double_dqn,810,496,85.20006675422192,80.30902962543071,28.084629371762276,57.11543705463409,1.5061895167455077,16123.161811828613,0.0,25.0,0.0,2.0,0.050000000000000044,1.870987594127655,1.870987594127655,0.0
double_dqn,810,497,94.95978329479695,80.44659147791566,31.305356591939926,63.65442709028721,1.6015219651162624,18158.976959228516,0.0,28.0,0.0,2.0,0.050000000000000044,1.59370619058609,1.59370619058609,0.0
double_dqn,810,498,82.93057741224766,81.03599326148631,30.102454639971256,52.82812303304672,1.5081893624737859,16944.965705871582,0.0,25.0,0.0,1.0,0.050000000000000044,1.993000254034996,1.993000254034996,0.0
double_dqn,810,499,76.36142931282521,81.26959876663985,27.686222225427628,48.67520678937435,1.4878386668860912,15826.715154647827,0.0,23.0,0.0,2.0,0.050000000000000044,1.8510924838483334,1.8510924838483334,0.0
double_dqn,810,500,77.67738021165133,80.39037147104742,26.945034883916378,50.732344806194305,1.4999606776982546,15867.723567962646,0.0,23.0,0.0,1.0,0.050000000000000044,1.9171693064272404,1.9171693064272404,0.0
double_dqn,810,501,90.68276210129261,81.80061770915987,31.201950296759605,59.480812072753906,1.5473210411146283,17337.785888671875,0.0,27.0,0.0,2.0,0.050000000000000044,1.7961534559726715,1.7961534559726715,0.0
double_dqn,810,502,84.85148652791977,81.8115911191702,28.498587772250175,56.35289830863476,1.5006026728078723,16282.811813354492,0.0,27.0,0.0,1.0,0.050000000000000044,1.966932399198413,1.966932399198413,0.0
double_dqn,810,503,93.52327615320682,82.57708010300995,31.28495267033577,62.23832319974899,1.5391322718933225,17721.609394073486,0.0,29.0,0.0,2.0,0.050000000000000044,1.5577206127345562,1.5577206127345562,0.0
double_dqn,810,504,70.20527821034193,81.64447285160423,27.072356186807156,43.13292235136032,1.4325162088498473,15674.552249908447,0.0,21.0,0.0,1.0,0.050000000000000044,1.9528262428939342,1.9528262428939342,0.0
double_dqn,810,505,75.67731118351222,80.63388885438442,27.32096792012453,48.35634339749813,1.4984399806708097,16468.707633972168,0.0,22.0,0.0,2.0,0.050000000000000044,1.7902180776000023,1.7902180776000023,0.0
double_dqn,810,506,74.2938575297594,80.808410852924,26.917415261268616,47.37644253671169,1.419769512489438,14886.021293640137,0.0,24.0,0.0,1.0,0.050000000000000044,1.753741405904293,1.753741405904293,0.0
double_dqn,810,507,67.19766010344028,80.46449323236943,26.558925792574883,40.63873469829559,1.4647014504298568,15558.534072875977,0.0,21.0,0.0,0.0,0.050000000000000044,2.419522065669298,2.419522065669298,0.0
double_dqn,810,508,74.73955600857735,80.07580233052374,27.195075765252113,47.544480168819426,1.4402707405388355,14836.191928863525,0.0,23.0,0.0,1.0,0.050000000000000044,1.744340691715479,1.744340691715479,0.0
double_dqn,810,509,63.015544946491715,78.71336927376689,25.760288283228874,37.255256700515744,1.3876955695450306,14431.053016662598,0.0,19.0,0.0,2.0,0.050000000000000044,1.8568730652332306,1.8568730652332306,0.0
double_dqn,810,510,76.22713636606932,79.11597206398845,28.190216526389122,48.03691966831684,1.5177309596911073,16616.98083114624,0.0,24.0,0.0,1.0,0.050000000000000044,1.8240532465279102,1.8240532465279102,0.0
double_dqn,810,511,76.84329985231162,78.22777509860694,27.918936878442764,48.92436362206936,1.4822190254926682,15857.667629241943,0.0,23.0,0.0,1.0,0.050000000000000044,1.4363740365952253,1.4363740365952253,0.0
double_dqn,810,512,87.35063512921333,78.65049976103008,30.552637174725533,56.79799819290638,1.559847628697753,17508.0765914917,0.0,25.0,0.0,2.0,0.050000000000000044,1.8234613612294197,1.8234613612294197,0.0
double_dqn,810,513,76.567427277565,78.56926820494235,27.127566546201706,49.43986117839813,1.4565567588433623,15547.789833068848,0.0,23.0,0.0,0.0,0.050000000000000044,1.6517806984484196,1.6517806984484196,0.0
double_dqn,810,514,86.96844130009413,79.3711423291266,29.50199431926012,57.466447338461876,1.550858123227954,17080.76385116577,0.0,26.0,0.0,1.0,0.050000000000000044,2.0658008828759193,2.0658008828759193,0.0
double_dqn,810,515,77.30631365031005,79.62896116629244,28.42011008411646,48.88620349168777,1.5026812450960279,16487.480377197266,0.0,25.0,0.0,1.0,0.050000000000000044,1.7089508883655071,1.7089508883655071,0.0
double_dqn,810,516,82.64482711404563,79.50119918428364,27.24896254390478,55.39586394429207,1.496355121023953,16019.959117889404,0.0,25.0,0.0,3.0,0.050000000000000044,2.2498875968158245,2.2498875968158245,0.0
double_dqn,810,517,66.84419392198325,78.09541971564295,25.4276450201869,41.41654888689518,1.4108312297612429,14295.110126495361,0.0,22.0,0.0,2.0,0.050000000000000044,1.8864616714417934,1.8864616714417934,0.0
double_dqn,810,518,71.1060059979558,77.50419114492836,27.263005383312702,43.84300056993961,1.4928595665842295,15677.89379119873,0.0,21.0,0.0,1.0,0.050000000000000044,1.6903272680938244,1.6903272680938244,0.0
double_dqn,810,519,77.83088253438473,77.57766380600633,27.22617197036743,50.60471087694168,1.470603053458035,15694.315925598145,0.0,23.0,0.0,1.0,0.050000000000000044,1.9720261879265308,1.9720261879265308,0.0
double_dqn,810,520,72.47422039210797,77.31750581502916,26.245706602931023,46.228513312339786,1.4369223359972239,15024.360126495361,0.0,22.0,0.0,3.0,0.050000000000000044,1.793012410402298,1.793012410402298,0.0
double_dqn,810,521,97.83324993550778,77.67503020673992,32.39730266481638,65.4359474271536,1.6095254253596067,18693.131938934326,0.0,28.0,0.0,2.0,0.050000000000000044,1.5937060378491879,1.5937060378491879,0.0
double_dqn,810,522,96.90089557915925,78.27750065930188,30.652581699192524,66.24831383526325,1.5569545635953546,17434.373107910156,0.0,29.0,0.0,6.0,0.050000000000000044,2.1115518286824226,2.1115518286824226,0.0
double_dqn,810,523,79.25403992980719,77.5640388481319,28.63725269585848,50.616787338256835,1.4862040551379323,16378.140190124512,0.0,24.0,0.0,1.0,0.050000000000000044,1.4276284370571375,1.4276284370571375,0.0
double_dqn,810,524,81.50707221031189,78.1291285481304,28.534028261899948,52.973043739795685,1.4387197950854897,15911.24535369873,0.0,25.0,0.0,0.0,0.050000000000000044,1.390768863260746,1.390768863260746,0.0
double_dqn,810,525,75.49148793518543,78.11983738571405,27.830302715301514,47.66118448972702,1.5079220160841942,16156.333728790283,0.0,24.0,0.0,1.0,0.050000000000000044,1.4956475645303726,1.4956475645303726,0.0
double_dqn,810,526,72.22720363140107,78.01650469079615,26.281719535589218,45.94548327624798,1.4377541951835155,15026.816177368164,0.0,24.0,0.0,2.0,0.050000000000000044,1.6998246498405933,1.6998246498405933,0.0
double_dqn,810,527,85.86141439676285,78.94969240546227,31.67902810871601,54.18238594532013,1.62127829156816,18797.502296447754,0.0,26.0,0.0,2.0,0.050000000000000044,1.7150875646620989,1.7150875646620989,0.0
double_dqn,810,528,72.7119824141264,78.84831372573973,25.817112639546394,46.89486952126026,1.4442744450643659,15377.351707458496,0.0,23.0,0.0,2.0,0.050000000000000044,2.5235368870198727,2.5235368870198727,0.0
double_dqn,810,529,83.1096899241209,79.85302097462119,31.091149352490902,52.01854057908058,1.535406998358667,17512.9282913208,0.0,25.0,0.0,3.0,0.050000000000000044,1.4803675804287195,1.4803675804287195,0.0
double_dqn,810,530,78.80428666025401,79.98187848933043,27.380674198269844,51.42361238002777,1.4748099353164434,15792.928314208984,0.0,26.0,0.0,2.0,0.050000000000000044,2.273943893611431,2.273943893611431,0.0
double_dqn,810,531,73.01771892309189,79.79059944286942,25.633494563400745,47.38422444164753,1.4114349568262696,14846.66106414795,0.0,23.0,0.0,3.0,0.050000000000000044,2.0806022994220257,2.0806022994220257,0.0
double_dqn,810,532,91.5171946078539,79.99892741680146,31.762345373630524,59.75484907031059,1.6112091271206737,18383.815357208252,0.0,26.0,0.0,1.0,0.050000000000000044,1.9514183811843395,1.9514183811843395,0.0
double_dqn,810,533,92.24930378198624,80.78302124202254,31.27870823442936,60.970596039295195,1.602180728688836,18275.48117828369,0.0,26.0,0.0,2.0,0.050000000000000044,2.1858621798455715,2.1858621798455715,0.0
double_dqn,810,534,64.48129645884038,79.65866399995984,24.81531349569559,39.665983164310454,1.3788795294240117,14019.808555603027,0.0,20.0,0.0,2.0,0.050000000000000044,1.4267588071525097,1.4267588071525097,0.0
double_dqn,810,535,73.71045263111591,79.47887094900014,28.743775323033333,44.96667742729187,1.4924454065039754,16648.248069763184,0.0,21.0,0.0,0.0,0.050000000000000044,2.302051194012165,2.302051194012165,0.0
double_dqn,810,536,84.22355754673481,79.55780747063459,28.626653760671616,55.59690411388874,1.5156524991616607,16473.981021881104,0.0,26.0,0.0,1.0,0.050000000000000044,1.325552986934781,1.325552986934781,0.0
double_dqn,810,537,88.89572031944991,80.66038379050792,30.266531877219677,58.6291888743639,1.5399642381817102,17438.663333892822,0.0,26.0,0.0,2.0,0.050000000000000044,1.8492720127105713,1.8492720127105713,0.0
double_dqn,810,538,93.21976502984762,81.76607174210251,32.54814839363098,60.67161652445793,1.5868891226127744,18847.613037109375,0.0,28.0,0.0,0.0,0.050000000000000044,1.908633403480053,1.908633403480053,0.0
double_dqn,810,539,85.40438475012779,82.14474685288965,28.564111545681953,56.840272057056424,1.4965654602274299,16578.983211517334,0.0,25.0,0.0,2.0,0.050000000000000044,1.4007287621498108,1.4007287621498108,0.0
double_dqn,810,540,85.65421977639198,82.80374682210388,30.200845420360565,55.45337498188019,1.5650231502950191,18019.952346801758,0.0,26.0,0.0,0.0,0.050000000000000044,1.4032433778047562,1.4032433778047562,0.0
double_dqn,810,541,92.74759995937347,82.54946432329714,29.526903830468655,63.22069688141346,1.5484919250011444,17339.255184173584,0.0,27.0,0.0,0.0,0.050000000000000044,1.9510885886847973,1.9510885886847973,0.0
double_dqn,810,542,87.5022692412138,82.07953300639987,31.27301424741745,56.22925502359867,1.5577324843034148,17922.48203277588,0.0,26.0,0.0,2.0,0.050000000000000044,2.2970443163067102,2.2970443163067102,0.0
double_dqn,810,543,86.26374151557684,82.43001808568835,28.11807120591402,58.14567083120346,1.513857671059668,16547.12688446045,0.0,26.0,0.0,0.0,0.050000000000000044,1.4622991252690554,1.4622991252690554,0.0
double_dqn,810,544,62.49527288526296,81.4794281194359,25.16927257180214,37.32600035071373,1.4005563501268625,14700.68197631836,0.0,19.0,0.0,3.0,0.050000000000000044,1.9194386322051287,1.9194386322051287,0.0
double_dqn,810,545,89.67671567350627,82.18868950635195,30.456229157745838,59.22048666477203,1.5768144084140658,18146.276584625244,0.0,26.0,0.0,2.0,0.050000000000000044,2.5082307141274214,2.5082307141274214,0.0
double_dqn,810,546,77.76847814917565,82.46575323224069,27.80601853132248,49.96245993077755,1.4717679107561707,16151.254154205322,0.0,24.0,0.0,1.0,0.050000000000000044,1.9216440357267857,1.9216440357267857,0.0
double_dqn,810,547,70.83002078533173,81.71418355166912,25.89374853670597,44.936271980404854,1.5014080302789807,15992.73115158081,0.0,21.0,0.0,1.0,0.050000000000000044,1.8024413008242846,1.8024413008242846,0.0
double_dqn,810,548,99.40847394168377,83.049008128047,33.75240348279476,65.65607002675533,1.6404299149289727,19396.679458618164,0.0,29.0,0.0,2.0,0.050000000000000044,2.0426579862833023,2.0426579862833023,0.0
double_dqn,810,549,69.20389464646578,82.35371836416424,26.203359179198742,43.00053600370884,1.413024260662496,14664.679527282715,0.0,22.0,0.0,1.0,0.050000000000000044,1.870435370132327,1.870435370132327,0.0
double_dqn,810,550,71.11941640228034,81.96947485126556,25.26287979632616,45.85653708279133,1.4415023541077971,14897.93346786499,0.0,22.0,0.0,1.0,0.050000000000000044,1.7960345204919577,1.7960345204919577,0.0
double_dqn,810,551,76.46034336090088,82.14160607315601,26.50307746976614,49.95726627111435,1.4573321277275681,15356.054573059082,0.0,25.0,0.0,1.0,0.050000000000000044,1.9672007746994495,1.9672007746994495,0.0
double_dqn,810,552,88.54275991022587,81.99288433827462,28.37786240875721,60.16489776968956,1.574873379431665,17256.24278640747,0.0,27.0,0.0,1.0,0.050000000000000044,1.5520995929837227,1.5520995929837227,0.0
double_dqn,810,553,77.37909040600061,81.24937366947532,30.163605205714703,47.21548503637314,1.4765504263341427,16800.32287979126,0.0,21.0,0.0,0.0,0.050000000000000044,1.872316025197506,1.872316025197506,0.0
double_dqn,810,554,70.87888607382774,81.56925315022468,25.969845935702324,44.9090401828289,1.4688287982717156,15181.767272949219,0.0,21.0,0.0,0.0,0.050000000000000044,1.8386280238628387,1.8386280238628387,0.0
double_dqn,810,555,82.33505802750588,82.0004834200442,30.64415493607521,51.69090346395969,1.50265400018543,16915.53860092163,0.0,23.0,0.0,1.0,0.050000000000000044,2.399850346148014,2.399850346148014,0.0
double_dqn,810,556,72.40906655192376,81.40975887030365,26.280319824814796,46.128747248649596,1.4575103130191565,15368.766242980957,0.0,23.0,0.0,1.0,0.050000000000000044,1.8389447052031755,1.8389447052031755,0.0
double_dqn,810,557,92.39459306001663,81.58470250733198,30.917390689253807,61.477201759815216,1.6203353721648455,18577.163373947144,0.0,27.0,0.0,1.0,0.050000000000000044,1.7330450601875782,1.7330450601875782,0.0
double_dqn,810,558,74.10764040797949,80.62909627623858,27.08386867493391,47.023771494627,1.4902084870263934,15955.842548370361,0.0,23.0,0.0,0.0,0.050000000000000044,1.61233451962471,1.61233451962471,0.0
double_dqn,810,559,71.1179308667779,79.91477358207108,25.919475235044956,45.1984558403492,1.4468706073239446,15269.907283782959,0.0,21.0,0.0,1.0,0.050000000000000044,1.7919731847941875,1.7919731847941875,0.0
double_dqn,810,560,84.25150898247958,79.84463804237546,30.0251577347517,54.22635199278593,1.5572248147800565,17686.570625305176,0.0,24.0,0.0,1.0,0.050000000000000044,1.7574151903390884,1.7574151903390884,0.0
double_dqn,810,561,80.8768402427435,79.25110005654396,27.43173834681511,53.44510179162025,1.4787992360070348,15777.715023040771,0.0,24.0,0.0,1.0,0.050000000000000044,1.4999939016997814,1.4999939016997814,0.0
double_dqn,810,562,93.52580593675376,79.55227689132096,33.23147236555815,60.294333377480505,1.607351379469037,18965.69972229004,0.0,27.0,0.0,1.0,0.050000000000000044,1.3655732478946447,1.3655732478946447,0.0
double_dqn,810,563,76.1783898934722,79.04800931021573,26.777503982186317,49.400886246562,1.5290814200416207,16368.701675415039,0.0,25.0,0.0,1.0,0.050000000000000044,1.9391315765678883,1.9391315765678883,0.0
double_dqn,810,564,74.33720987439156,79.64010615967217,26.605527594685555,47.73168230950832,1.4784212857484818,15415.362689971924,0.0,23.0,0.0,1.0,0.050000000000000044,2.0254354998469353,2.0254354998469353,0.0
double_dqn,810,565,65.27801620215178,78.42017118610444,25.22225084900856,40.05576519668102,1.437557809986174,15087.671264648438,0.0,22.0,0.0,2.0,0.050000000000000044,1.8782555609941483,1.8782555609941483,0.0
double_dqn,810,566,92.2374004945159,79.14361730337144,30.959477588534355,61.277922570705414,1.5671679126098752,18122.911460876465,0.0,26.0,0.0,1.0,0.050000000000000044,1.3090143110603094,1.3090143110603094,0.0
double_dqn,810,567,74.78384414464236,79.34130847133697,26.214326106011868,48.569517666101454,1.3835807358846068,14578.847023010254,0.0,23.0,0.0,1.0,0.050000000000000044,2.126273535192013,2.126273535192013,0.0
double_dqn,810,568,84.29700098335744,78.58573482342067,30.751391887664795,53.54560915529728,1.544564038515091,17619.437091827393,0.0,26.0,0.0,3.0,0.050000000000000044,1.624702489003539,1.624702489003539,0.0
double_dqn,810,569,90.2779491841793,79.63943755030633,30.988360695540905,59.289588555693626,1.5823537101969123,18268.876342773438,0.0,26.0,0.0,2.0,0.050000000000000044,1.794609360396862,1.794609360396862,0.0
double_dqn,810,570,76.99365607053042,79.93314953371885,28.95936519652605,48.03429075479507,1.5000526020303369,16253.608478546143,0.0,22.0,0.0,1.0,0.050000000000000044,2.501777332276106,2.501777332276106,0.0
double_dqn,810,571,91.67512235194445,80.69388848327102,31.509015761315823,60.166106382012366,1.5917661348357797,18121.47624206543,0.0,28.0,0.0,1.0,0.050000000000000044,1.7151421159505844,1.7151421159505844,0.0
double_dqn,810,572,81.00285840928555,80.316893408224,28.802042305469513,52.20081629753113,1.4624591870233417,16088.67721939087,0.0,25.0,0.0,2.0,0.050000000000000044,1.8643444385379553,1.8643444385379553,0.0
double_dqn,810,573,96.05310341715813,81.25059405878187,29.84104499965906,66.21205933392048,1.5773732457309961,17914.323234558105,0.0,29.0,0.0,1.0,0.050000000000000044,1.6704760938882828,1.6704760938882828,0.0
double_dqn,810,574,67.68149457275868,81.09072448372842,26.58714770525694,41.09434702396393,1.4744312819093466,15807.911922454834,0.0,19.0,0.0,1.0,0.050000000000000044,1.7679583430290222,1.7679583430290222,0.0
double_dqn,810,575,91.03520331680775,81.52573174819352,30.85011898726225,60.18508475422859,1.5356082106009126,17092.579723358154,0.0,27.0,0.0,1.0,0.050000000000000044,1.6703262273222208,1.6703262273222208,0.0
double_dqn,810,576,76.64156948924065,81.73735689505936,26.94832730293274,49.69324249923229,1.4735721666365862,15802.70446395874,0.0,22.0,0.0,2.0,0.050000000000000044,1.9370949640870094,1.9370949640870094,0.0
double_dqn,810,577,78.75202270001174,81.05522837705912,27.05763577669859,51.69438656568527,1.4675949029624462,15282.100276947021,0.0,23.0,0.0,1.0,0.050000000000000044,1.578045541420579,1.578045541420579,0.0
double_dqn,810,578,67.10861358046532,80.70527703568341,26.106181383132935,41.002432361245155,1.429970002733171,14916.373947143555,0.0,21.0,0.0,1.0,0.050000000000000044,1.6027221344411373,1.6027221344411373,0.0
double_dqn,810,579,94.24819216132164,81.8617901004106,31.370163530111313,62.87802863121033,1.5969730392098427,18488.17018508911,0.0,27.0,0.0,1.0,0.050000000000000044,2.041765222325921,2.041765222325921,0.0
double_dqn,810,580,97.64254548549653,82.53134192556145,33.084925040602684,64.557621383667,1.5785312876105309,18920.54305267334,0.0,27.0,0.0,2.0,0.050000000000000044,1.9290886912494898,1.9290886912494898,0.0
double_dqn,810,581,96.9941867172718,83.33720924928785,33.75088472664356,63.24330215454101,1.610904118977487,18940.35297012329,0.0,30.0,0.0,3.0,0.050000000000000044,1.841538704931736,1.841538704931736,0.0
double_dqn,810,582,78.14884380251169,82.56836114257575,29.293415263295174,48.85542879998684,1.5162679692730308,16576.26528930664,0.0,24.0,0.0,1.0,0.050000000000000044,1.7268359959125519,1.7268359959125519,0.0
double_dqn,810,583,77.33118994534016,82.62600114516914,29.691289581358433,47.63990047574043,1.5493727829307318,17712.768314361572,0.0,24.0,0.0,1.0,0.050000000000000044,2.0925358571112156,2.0925358571112156,0.0
double_dqn,810,584,76.10834462940693,82.7145578829199,27.010521695017815,49.097822815179825,1.5043921982869506,16029.815353393555,0.0,23.0,0.0,1.0,0.050000000000000044,2.138702692463994,2.138702692463994,0.0
double_dqn,810,585,81.28420923054219,83.51486753433944,28.994882956147194,52.2893264234066,1.542036110535264,16825.85586166382,0.0,23.0,0.0,4.0,0.050000000000000044,1.7098278366029263,1.7098278366029263,0.0
double_dqn,810,586,71.79672689884902,82.4928338545561,27.91061858087778,43.88610870540142,1.4484652588143945,16207.72537612915,0.0,22.0,0.0,2.0,0.050000000000000044,1.9919756911695004,1.9919756911695004,0.0
double_dqn,810,587,74.23059294372797,82.46517129451038,28.019222006201744,46.21137090027332,1.4770808685570955,16098.729267120361,0.0,23.0,0.0,2.0,0.050000000000000044,1.6901553720235825,1.6901553720235825,0.0
double_dqn,810,588,80.74816305935383,82.28772939831019,29.380927726626396,51.36723601818085,1.520372706465423,17090.856956481934,0.0,24.0,0.0,1.0,0.050000000000000044,1.554419245570898,1.554419245570898,0.0
double_dqn,810,589,99.88434772193432,82.76804932519795,33.865896470844746,66.01845124363899,1.6536846524104476,19420.193363189697,0.0,30.0,0.0,1.0,0.050000000000000044,1.9726251773536205,1.9726251773536205,0.0
double_dqn,810,590,83.49334640055895,83.09303384169937,29.28037891536951,54.21296727657318,1.5790674602612853,17274.836097717285,0.0,24.0,0.0,2.0,0.050000000000000044,1.8261244967579842,1.8261244967579842,0.0
double_dqn,810,591,84.0977720350027,82.71416632585228,29.066012665629387,55.03175936937332,1.5234396224841475,16400.031677246094,0.0,26.0,0.0,3.0,0.050000000000000044,2.168982895091176,2.168982895091176,0.0
double_dqn,810,592,98.0142359673977,83.56473520375788,31.356398686766624,66.65783732533455,1.603302021510899,18134.636905670166,0.0,28.0,0.0,2.0,0.050000000000000044,1.6118369493633509,1.6118369493633509,0.0
double_dqn,810,593,82.82307790219784,82.90323392800987,29.528119139373302,53.29495847225189,1.5059804515913129,16886.324655532837,0.0,23.0,0.0,1.0,0.050000000000000044,1.652742413803935,1.652742413803935,0.0
double_dqn,810,594,76.92297836393118,83.3653081175685,27.584130637347698,49.338848024606705,1.4421353312209249,15490.652355194092,0.0,23.0,0.0,1.0,0.050000000000000044,1.5144401285797358,1.5144401285797358,0.0
double_dqn,810,595,97.34360085427761,83.68072799444198,32.649430334568024,64.69417044520378,1.5832242835313082,18482.54077911377,0.0,28.0,0.0,0.0,0.050000000000000044,2.001335769891739,2.001335769891739,0.0
double_dqn,810,596,67.28753134012223,83.21302608698606,25.356332823634148,41.93119850158691,1.4591356376186013,14955.8857421875,0.0,20.0,0.0,4.0,0.050000000000000044,1.7219408322125673,1.7219408322125673,0.0
double_dqn,810,597,93.46340423822403,83.94859516389668,32.491288527846336,60.97211557626724,1.62576321978122,18731.189363479614,0.0,26.0,0.0,2.0,0.050000000000000044,1.9002500344067812,1.9002500344067812,0.0
double_dqn,810,598,82.53691514581442,84.72001024216414,30.413628689944744,52.12328723073006,1.5499990116804838,17907.128803253174,0.0,25.0,0.0,1.0,0.050000000000000044,1.6965444423258305,1.6965444423258305,0.0
double_dqn,810,599,80.04375922828913,84.00978859551252,29.14553601294756,50.89822309613228,1.5259041571989655,16870.346809387207,0.0,22.0,0.0,1.0,0.050000000000000044,1.9192492179572582,1.9192492179572582,0.0
double_dqn,810,600,97.90852122306823,84.0230873823911,33.73510430753231,64.1734164237976,1.6218440169468522,19110.381908416748,0.0,29.0,0.0,2.0,0.050000000000000044,1.7872160635888577,1.7872160635888577,0.0
double_dqn,810,601,79.1258571177721,83.12967090241611,28.08017110824585,51.04568609893322,1.4717321787029505,16369.521099090576,0.0,23.0,0.0,4.0,0.050000000000000044,2.1371742505580187,2.1371742505580187,0.0
double_dqn,810,602,73.68780684769153,82.9066190546751,27.812155053019524,45.875651869177815,1.4772391049191356,15966.582626342773,0.0,24.0,0.0,2.0,0.050000000000000044,1.0133354477584362,1.0133354477584362,0.0
double_dqn,810,603,72.5649474427104,82.6683069295436,26.578222580254078,45.986725056171416,1.4468390913680196,15278.236907958984,0.0,24.0,0.0,1.0,0.050000000000000044,2.0497810523957014,2.0497810523957014,0.0
double_dqn,810,604,74.52946145832539,82.58936277098954,28.303445756435394,46.22601555287838,1.4737253123894334,16461.13200378418,0.0,23.0,0.0,0.0,0.050000000000000044,2.1921143010258675,2.1921143010258675,0.0
double_dqn,810,605,84.33260077238083,82.74178234808147,29.874581016600132,54.45801953971386,1.5388769274577498,16951.539134979248,0.0,26.0,0.0,2.0,0.050000000000000044,1.738206872716546,1.738206872716546,0.0
double_dqn,810,606,69.2704281076789,82.61546740852297,24.939091585576534,44.3313368499279,1.4629142479971051,15055.360012054443,0.0,22.0,0.0,1.0,0.050000000000000044,2.172943376004696,2.172943376004696,0.0
double_dqn,810,607,90.65211513787509,83.43654351823032,29.40011002123356,61.25200563073158,1.53956547845155,17129.798736572266,0.0,28.0,0.0,2.0,0.050000000000000044,1.7606202736496925,1.7606202736496925,0.0
double_dqn,810,608,95.76959186196328,84.18761495836081,32.200204253196716,63.569388353824614,1.5935936216264963,18240.907424926758,0.0,28.0,0.0,1.0,0.050000000000000044,1.6666194163262844,1.6666194163262844,0.0
double_dqn,810,609,87.83650366216898,83.58522275537254,29.002276495099068,58.8342267870903,1.49323108792305,16433.53418159485,0.0,26.0,0.0,1.0,0.050000000000000044,1.6116018388420343,1.6116018388420343,0.0
double_dqn,810,610,88.42482037246228,83.83179645396771,31.139673575758934,57.285146647691725,1.5491126533597708,17703.316646575928,0.0,28.0,0.0,1.0,0.050000000000000044,1.7108377236872911,1.7108377236872911,0.0
double_dqn,810,611,76.09559395164251,83.4316875497997,26.651957012712955,49.44363650679588,1.4846999952569604,15706.441791534424,0.0,24.0,0.0,1.0,0.050000000000000044,1.6517632398754358,1.6517632398754358,0.0
double_dqn,810,612,76.10835362374783,82.3363934326172,28.75280313193798,47.35555004477501,1.555335583165288,17180.723819732666,0.0,23.0,0.0,3.0,0.050000000000000044,1.875519748777151,1.875519748777151,0.0
double_dqn,810,613,94.2135325551033,82.90591616526248,32.013664193451405,62.1998683989048,1.6166964657604694,18576.30114364624,0.0,29.0,0.0,3.0,0.050000000000000044,1.6662469450384378,1.6662469450384378,0.0
double_dqn,810,614,65.96353358179331,82.35794392615557,25.358390785753727,40.60514263212681,1.4123887857422233,14618.96590423584,0.0,20.0,0.0,3.0,0.050000000000000044,1.5128408055752516,1.5128408055752516,0.0
double_dqn,810,615,91.10343163609505,82.04593546524646,29.612476959824562,61.49095460176468,1.5055180909112096,16516.51943206787,0.0,27.0,0.0,2.0,0.050000000000000044,1.4359846618026495,1.4359846618026495,0.0
double_dqn,810,616,58.59219833761453,81.61116881512105,23.69886652380228,34.89333206713199,1.374777713790536,13774.991928100586,0.0,16.0,0.0,2.0,0.050000000000000044,1.659164723008871,1.659164723008871,0.0
double_dqn,810,617,74.52684356421233,80.66434078142048,26.399183697998524,48.12765949368477,1.5015897983685136,15939.226829528809,0.0,22.0,0.0,2.0,0.050000000000000044,1.9066465180367231,1.9066465180367231,0.0
double_dqn,810,618,78.41431079804897,80.45821056403221,29.034569077193737,49.379741445183754,1.5173819242045283,16624.258026123047,0.0,25.0,0.0,0.0,0.050000000000000044,1.8385572265833616,1.8385572265833616,0.0
double_dqn,810,619,80.56139674037695,80.4840924396366,28.180314101278782,52.38108183443546,1.4941885014995933,16171.198379516602,0.0,26.0,0.0,2.0,0.050000000000000044,1.8915813732892275,1.8915813732892275,0.0
double_dqn,810,620,93.56586803495884,80.26695978023113,31.69735535979271,61.86851245164871,1.6344729475677013,18192.567512512207,0.0,27.0,0.0,0.0,0.050000000000000044,2.0750510469079018,2.0750510469079018,0.0
double_dqn,810,621,83.50439429432154,80.48588663905859,28.60411074757576,54.900283770263194,1.573136692866683,17252.686267852783,0.0,25.0,0.0,1.0,0.050000000000000044,1.9199932254850864,1.9199932254850864,0.0
double_dqn,810,622,65.59454044103623,80.08122331872583,26.399177610874176,39.19536235332489,1.4373677801340818,14930.53535079956,0.0,20.0,0.0,3.0,0.050000000000000044,1.652353087440133,1.652353087440133,0.0
double_dqn,810,623,89.89915838837624,80.94793386600914,29.873914271593094,60.0252445936203,1.5720528485253453,17951.875045776367,0.0,26.0,0.0,3.0,0.050000000000000044,2.0650737322866917,2.0650737322866917,0.0
double_dqn,810,624,87.0401446312666,81.5734680246562,29.918185740709305,57.12195932269096,1.5437239799648523,17079.323471069336,0.0,27.0,0.0,3.0,0.050000000000000044,1.8247199431061745,1.8247199431061745,0.0
double_dqn,810,625,91.58888329565525,81.9362821508199,30.44367454200983,61.14520925283432,1.539776848629117,17286.416007995605,0.0,28.0,0.0,1.0,0.050000000000000044,1.9934230595827103,1.9934230595827103,0.0
double_dqn,810,626,90.44120220243931,82.99482085555792,31.789051085710526,58.652150923013686,1.5791827570647001,18162.328163146973,0.0,26.0,0.0,1.0,0.050000000000000044,1.6178619973361492,1.6178619973361492,0.0
double_dqn,810,627,91.87139546126127,83.05578487172724,33.775539733469486,58.0958554148674,1.6302235946059227,19292.84373474121,0.0,26.0,0.0,0.0,0.050000000000000044,1.7959967534989119,1.7959967534989119,0.0
double_dqn,810,628,77.07240565270186,82.12092556126417,29.496662594377995,47.57574298381805,1.549347335472703,16831.791912078857,0.0,23.0,0.0,1.0,0.050000000000000044,2.142484448850155,2.142484448850155,0.0
double_dqn,810,629,80.59109447151423,81.75865510173143,27.095607951283455,53.495486840605736,1.4370565675199032,15388.406608581543,0.0,25.0,0.0,1.0,0.050000000000000044,1.9709929004311562,1.9709929004311562,0.0
double_dqn,810,630,96.03063531219959,82.1389458487183,33.51236656308174,62.5182680785656,1.618029585108161,19460.393743515015,0.0,29.0,0.0,1.0,0.050000000000000044,1.6546246223151684,1.6546246223151684,0.0
double_dqn,810,631,89.87616193294525,82.82797424778343,30.02642473578453,59.84973742067814,1.5178351057693362,16919.225608825684,0.0,27.0,0.0,1.0,0.050000000000000044,2.042565492913127,2.042565492913127,0.0
double_dqn,810,632,97.30138964354992,83.88762604877354,33.64053098857403,63.660858863592146,1.5827130414545536,19387.85767364502,0.0,30.0,0.0,2.0,0.050000000000000044,1.610147450119257,1.610147450119257,0.0
double_dqn,810,633,67.94858119040728,82.57437848053874,25.59419610351324,42.35438489317894,1.4350008042529225,14693.756088256836,0.0,20.0,0.0,2.0,0.050000000000000044,1.8542913720011711,1.8542913720011711,0.0
double_dqn,810,634,67.58117910623551,82.65526075676085,25.230021685361862,42.35115703344345,1.439027052372694,14609.737419128418,0.0,22.0,0.0,3.0,0.050000000000000044,1.8230053894221783,1.8230053894221783,0.0
double_dqn,810,635,77.6990010663867,81.98503922827544,29.15645832568407,48.54254274070263,1.4831931265071034,16567.255699157715,0.0,23.0,0.0,0.0,0.050000000000000044,1.9633512366563082,1.9633512366563082,0.0
double_dqn,810,636,84.64249198138714,83.28755391046407,30.221363715827465,54.42112797498703,1.5309905372560024,17644.75107574463,0.0,24.0,0.0,1.0,0.050000000000000044,1.7665508706122637,1.7665508706122637,0.0
double_dqn,810,637,84.06635729968548,83.76452959723773,28.07124885171652,55.99510858952999,1.547218925319612,16737.808135986328,0.0,26.0,0.0,2.0,0.050000000000000044,1.6534630432724953,1.6534630432724953,0.0
double_dqn,810,638,84.81023743450642,84.08432592906058,30.131552830338478,54.67868345677853,1.590649831108749,17679.13720703125,0.0,25.0,0.0,3.0,0.050000000000000044,1.551307687535882,1.551307687535882,0.0
double_dqn,810,639,88.2593953549862,84.46922585979105,30.73181762546301,57.52757784128189,1.538555166684091,17340.72981262207,0.0,26.0,0.0,3.0,0.050000000000000044,2.081286370754242,2.081286370754242,0.0
double_dqn,810,640,93.27440944314003,84.45465293020011,30.75177799165249,62.52263167500496,1.6414052611216903,18568.958656311035,0.0,28.0,0.0,0.0,0.050000000000000044,1.8302447609603405,1.8302447609603405,0.0
double_dqn,810,641,86.07711275219917,84.58328885309399,29.696827180683613,56.38028581738472,1.5068898079916835,17015.45468521118,0.0,25.0,0.0,3.0,0.050000000000000044,2.2932863645255566,2.2932863645255566,0.0
double_dqn,810,642,71.59326941668988,84.88322530187666,25.64868839085102,45.94458124935627,1.4529026951640844,15579.429622650146,0.0,24.0,0.0,3.0,0.050000000000000044,1.8202463649213314,1.8202463649213314,0.0
double_dqn,810,643,80.22021169960499,84.39927796743811,27.476049683988094,52.74416226148605,1.4972653603181243,15819.322214126587,0.0,25.0,0.0,3.0,0.050000000000000044,1.7167156487703323,1.7167156487703323,0.0
double_dqn,810,644,77.46499688923359,83.92052058033644,27.587557964026928,49.87743878364563,1.4793585138395429,16020.54700088501,0.0,24.0,0.0,1.0,0.050000000000000044,2.3660515770316124,2.3660515770316124,0.0
double_dqn,810,645,87.54576919972897,83.71836487554015,28.93200133740902,58.613767579197884,1.5117693981155753,17046.551719665527,0.0,27.0,0.0,1.0,0.050000000000000044,1.3557157404720783,1.3557157404720783,0.0
double_dqn,810,646,82.97641646116972,83.34512558847665,29.63771168142557,53.338704749941826,1.562848904170096,18025.39846420288,0.0,24.0,0.0,1.0,0.050000000000000044,1.8381235357373953,1.8381235357373953,0.0
double_dqn,810,647,81.26492033153772,82.81480183199048,27.196048073470592,54.06887251138687,1.5017173802480102,15836.886589050293,0.0,24.0,0.0,0.0,0.050000000000000044,1.6520827636122704,1.6520827636122704,0.0
double_dqn,810,648,89.40535079836846,83.43144908927381,29.98211072385311,59.42323994040489,1.5404259944334626,17292.728229522705,0.0,26.0,0.0,3.0,0.050000000000000044,2.0432875603437424,2.0432875603437424,0.0
double_dqn,810,649,84.89348197877408,83.64656846463681,29.3149938210845,55.57848752439022,1.557531476020813,17151.492122650146,0.0,25.0,0.0,1.0,0.050000000000000044,1.9402523338794708,1.9402523338794708,0.0
double_dqn,810,650,87.32038363963366,83.21105588100852,29.850955851376057,57.469427996873854,1.5864352155476809,17963.392333984375,0.0,25.0,0.0,1.0,0.050000000000000044,1.5462260320782661,1.5462260320782661,0.0
double_dqn,810,651,54.65499899685383,81.44999773420395,23.812856875360012,30.842141890525816,1.3425750732421875,13515.600196838379,0.0,17.0,0.0,1.0,0.050000000000000044,1.6222560107707977,1.6222560107707977,0.0
double_dqn,810,652,74.05087271332741,80.28747188769282,27.854484759271145,46.19638800621033,1.463696618564427,15770.860118865967,0.0,23.0,0.0,1.0,0.050000000000000044,2.338773924857378,2.338773924857378,0.0
double_dqn,810,653,69.37853845208883,80.3589697507769,26.810664378106594,42.567874521017075,1.4600330339744687,15710.433456420898,0.0,22.0,0.0,0.0,0.050000000000000044,2.2162864822894335,2.2162864822894335,0.0
double_dqn,810,654,66.41413679867983,80.3006176353991,25.891568064689636,40.522568652033804,1.412988499738276,14838.171562194824,0.0,19.0,0.0,1.0,0.050000000000000044,2.1575988978147507,2.1575988978147507,0.0
double_dqn,810,655,78.29388005286455,80.33036158472301,29.55528687685728,48.73859365284443,1.5084343822672963,16913.533180236816,0.0,22.0,0.0,0.0,0.050000000000000044,1.8428749907761812,1.8428749907761812,0.0
double_dqn,810,656,75.86559937894344,79.89151695460082,27.659670248627663,48.20592874288559,1.459070480428636,16015.085521697998,0.0,24.0,0.0,1.0,0.050000000000000044,1.6874086689203978,1.6874086689203978,0.0
double_dqn,810,657,85.5541393622756,79.96590605773034,31.064352072775364,54.48978775143623,1.5654435902833939,17736.943935394287,0.0,25.0,0.0,1.0,0.050000000000000044,1.5869434848427773,1.5869434848427773,0.0
double_dqn,810,658,70.5446955665946,79.25262896433472,25.54499277472496,44.999702754616735,1.42386188916862,14535.206914901733,0.0,22.0,0.0,2.0,0.050000000000000044,1.8749192655086517,1.8749192655086517,0.0
double_dqn,810,659,75.27000245451927,78.60315931931139,26.90111032128334,48.36889238655567,1.5286795943975449,16723.217975616455,0.0,22.0,0.0,0.0,0.050000000000000044,1.8355341330170631,1.8355341330170631,0.0
double_dqn,810,660,82.01640577316284,78.04025913581252,28.47397841513157,53.54242776036263,1.5138563998043537,16372.156757354736,0.0,24.0,0.0,4.0,0.050000000000000044,2.156285636126995,2.156285636126995,0.0
double_dqn,810,661,95.02145674228669,78.48747633531691,31.838216349482536,63.18324031829834,1.5955334631726146,17892.12490081787,0.0,27.0,0.0,1.0,0.050000000000000044,1.7290616352111101,1.7290616352111101,0.0
double_dqn,810,662,86.48085036277772,79.23185538262129,28.94518744945526,57.535662630200385,1.5609879987314343,17487.252796173096,0.0,26.0,0.0,2.0,0.050000000000000044,1.6075082886964083,1.6075082886964083,0.0
double_dqn,810,663,69.50856116712093,78.6962728559971,26.96658620238304,42.54197520315647,1.4562060963362455,15375.498146057129,0.0,23.0,0.0,4.0,0.050000000000000044,1.562963666394353,1.562963666394353,0.0
double_dqn,810,664,69.47901434600354,78.2969737288356,26.2034709751606,43.275542908906935,1.4407910415902734,15157.931255340576,0.0,21.0,0.0,2.0,0.050000000000000044,1.8521807044744492,1.8521807044744492,0.0
double_dqn,810,665,78.5707828193903,77.84822440981867,27.772771641612053,50.79801149070263,1.5510628521442413,17249.198970794678,0.0,24.0,0.0,1.0,0.050000000000000044,1.8946891017258167,1.8946891017258167,0.0
double_dqn,810,666,70.06233820468188,77.20252049699427,26.78827327489853,43.274064967036246,1.4344899710267782,15088.27505493164,0.0,21.0,0.0,1.0,0.050000000000000044,1.3471045531332493,1.3471045531332493,0.0
double_dqn,810,667,82.51680687069893,77.26511482395233,29.64974509179592,52.86706154048443,1.5338349733501673,17495.643505096436,0.0,24.0,0.0,1.0,0.050000000000000044,1.5313193760812283,1.5313193760812283,0.0
double_dqn,810,668,68.16234530210495,76.20296454913915,27.126430109143257,41.0359147310257,1.4394971206784248,15297.522621154785,0.0,20.0,0.0,3.0,0.050000000000000044,1.982170969247818,1.982170969247818,0.0
double_dqn,810,669,87.80062980949879,76.34832194067539,28.01640523970127,59.78422422707081,1.5537571609020233,17381.654266357422,0.0,26.0,0.0,2.0,0.050000000000000044,1.6573312878608704,1.6573312878608704,0.0
double_dqn,810,670,69.61369622349739,75.46298756986856,25.513020992279053,44.10067473948002,1.4182925447821617,15213.545963287354,0.0,23.0,0.0,5.0,0.050000000000000044,1.5854770056903362,1.5854770056903362,0.0
double_dqn,810,671,76.22347496449947,76.54141136825085,28.641941025853157,47.58153459429741,1.497486929409206,16523.699966430664,0.0,24.0,0.0,0.0,0.050000000000000044,1.36509457975626,1.36509457975626,0.0
double_dqn,810,672,65.32748154848814,76.10524181000889,25.56410428136587,39.76337772905826,1.391756339929998,14049.899780273438,0.0,20.0,0.0,2.0,0.050000000000000044,1.7762285191565752,1.7762285191565752,0.0
double_dqn,810,673,73.13544319570065,76.29308704718947,26.2392722889781,46.896170765161514,1.4594693491235375,15239.412559509277,0.0,25.0,0.0,1.0,0.050000000000000044,1.6696537341922522,1.6696537341922522,0.0
double_dqn,810,674,74.81392316520214,76.71307636551559,26.954966075718403,47.85895720124245,1.4708939427509904,15719.207921981812,0.0,23.0,0.0,2.0,0.050000000000000044,1.8858674857765436,1.8858674857765436,0.0
double_dqn,810,675,87.58522088229657,77.17764340698719,29.613892383873463,57.971328967809676,1.528997820802033,17215.91679763794,0.0,26.0,0.0,2.0,0.050000000000000044,2.1361648477613926,2.1361648477613926,0.0
double_dqn,810,676,80.55509582161903,77.41211822912098,28.48474822193384,52.070347771048546,1.5331312846392393,16385.75390625,0.0,25.0,0.0,0.0,0.050000000000000044,2.0218850318342447,2.0218850318342447,0.0
double_dqn,810,677,67.66371170431376,76.51759684622289,25.249265424907207,42.41444656252861,1.4219461614266038,15087.268253326416,0.0,21.0,0.0,2.0,0.050000000000000044,2.009727615863085,2.009727615863085,0.0
double_dqn,810,678,75.7555361032486,76.77813887305558,27.28190579265356,48.47363027334213,1.4920247104018927,16174.756378173828,0.0,24.0,0.0,2.0,0.050000000000000044,2.2971825413405895,2.2971825413405895,0.0
double_dqn,810,679,82.45220019072295,77.13724875986577,28.362624682486057,54.08957597017288,1.5175111284479499,16402.451152801514,0.0,25.0,0.0,2.0,0.050000000000000044,2.044495426118374,2.044495426118374,0.0
double_dqn,810,680,76.64780452102423,76.86881869725885,26.582434080541134,50.06537023186684,1.5028754593804479,16232.670181274414,0.0,23.0,0.0,1.0,0.050000000000000044,1.7052851282060146,1.7052851282060146,0.0
double_dqn,810,681,77.39842354804277,75.98766703754664,28.373016230762005,49.025407421588895,1.5250655375421047,16681.141757965088,0.0,24.0,0.0,3.0,0.050000000000000044,1.7241053618490696,1.7241053618490696,0.0
double_dqn,810,682,70.79265432059765,75.20325723543763,25.495072036981583,45.29758185148239,1.4060971746221185,14383.839447021484,0.0,23.0,0.0,1.0,0.050000000000000044,1.228096254169941,1.228096254169941,0.0
double_dqn,810,683,70.1313237324357,75.23439536370337,26.958794333040714,43.17252919077873,1.4927480118349195,15943.527961730957,0.0,21.0,0.0,1.0,0.050000000000000044,1.6317374166101217,1.6317374166101217,0.0
double_dqn,810,684,71.930938847363,75.35699158877135,23.988735131919384,47.942204132676125,1.4105577105656266,14449.306886672974,0.0,26.0,0.0,2.0,0.050000000000000044,1.9833530597388744,1.9833530597388744,0.0
double_dqn,810,685,61.79188542962074,74.51804671928286,23.759777769446373,38.032107630372046,1.3649970134720206,13549.668209075928,0.0,20.0,0.0,1.0,0.050000000000000044,1.577488949522376,1.577488949522376,0.0
double_dqn,810,686,72.00180787742138,74.61502020291985,27.219012036919594,44.782795989513396,1.4747515842318535,15689.354614257812,0.0,22.0,0.0,2.0,0.050000000000000044,1.2462428137660027,1.2462428137660027,0.0
double_dqn,810,687,77.35025548487901,74.35669263362885,27.818563751876354,49.53169201612472,1.4957208959385753,16192.734062194824,0.0,24.0,0.0,2.0,0.050000000000000044,1.5879377592355013,1.5879377592355013,0.0
double_dqn,810,688,82.61703524142504,75.07942713059487,29.128251440823078,53.48878408372402,1.5289403833448887,17564.01801300049,0.0,23.0,0.0,1.0,0.050000000000000044,1.9597011748701334,1.9597011748701334,0.0
double_dqn,810,689,85.92021532356739,74.98540640629828,31.655288830399513,54.264926701784134,1.5491510219871998,17944.657833099365,0.0,26.0,0.0,0.0,0.050000000000000044,1.7104750201106071,1.7104750201106071,0.0
double_dqn,810,690,60.52515163272619,74.53097917675971,24.642362780869007,35.882788732647896,1.3943312224000692,14234.238494873047,0.0,18.0,0.0,0.0,0.050000000000000044,1.6499750390648842,1.6499750390648842,0.0
double_dqn,810,691,87.99398172646761,75.11950451485814,30.222736679017544,57.77124521136284,1.567766317166388,17351.64334487915,0.0,26.0,0.0,0.0,0.050000000000000044,1.5139761418104172,1.5139761418104172,0.0
double_dqn,810,692,82.04226540178061,75.95524370752275,28.234668605029583,53.80759666264057,1.5468233106657863,17097.549785614014,0.0,25.0,0.0,1.0,0.050000000000000044,1.5821977704763412,1.5821977704763412,0.0
double_dqn,810,693,64.77989779561759,75.5374664375186,25.11921328306198,39.66068463921547,1.4002423863857985,14123.10986328125,0.0,20.0,0.0,1.0,0.050000000000000044,1.737071456387639,1.737071456387639,0.0
double_dqn,810,694,100.69376690089703,76.83145862430335,31.53861489892006,69.15515235960484,1.6128989849239588,18271.77412033081,0.0,30.0,0.0,1.0,0.050000000000000044,1.8540006019175053,1.8540006019175053,0.0
double_dqn,810,695,75.30682288408279,76.21753872439265,25.962493389844894,49.34432979226112,1.4701332030817866,15326.501720428467,0.0,25.0,0.0,3.0,0.050000000000000044,1.6727730818092823,1.6727730818092823,0.0
double_dqn,810,696,80.17032259702682,76.19830006316305,28.285373985767365,51.88494919240475,1.5077520636841655,16422.190631866455,0.0,25.0,0.0,0.0,0.050000000000000044,1.6633989196270704,1.6633989196270704,0.0
double_dqn,810,697,97.58530820906162,77.69437988840045,37.11024896800518,60.47505933046341,1.637700011022389,20609.598068237305,0.0,27.0,0.0,0.0,0.050000000000000044,1.6174199264496565,1.6174199264496565,0.0
double_dqn,810,698,79.990443110466,77.9061252387613,27.513335034251213,52.47710767388344,1.49776363465935,16138.993515014648,0.0,24.0,0.0,0.0,0.050000000000000044,1.8421392552554607,1.8421392552554607,0.0
double_dqn,810,699,89.80923712402583,78.27397708542647,32.115607760846615,57.69362913966179,1.584561393596232,18499.341190338135,0.0,27.0,0.0,1.0,0.050000000000000044,1.636734563857317,1.636734563857317,0.0
double_dqn,810,700,86.58050975352526,78.77061234705153,28.75963654369116,57.8208737462759,1.5133543172851205,17003.456966400146,0.0,26.0,0.0,2.0,0.050000000000000044,1.6401603519916534,1.6401603519916534,0.0
double_dqn,810,701,72.5571908801794,78.52855071365835,26.96400809288025,45.59318237006664,1.4629240231588483,15730.905841827393,0.0,22.0,0.0,0.0,0.050000000000000044,1.6453284714370966,1.6453284714370966,0.0
double_dqn,810,702,93.72139566391706,79.67498778082431,31.332368098199368,62.38902789354324,1.577647932805121,17761.33321762085,0.0,29.0,0.0,0.0,0.050000000000000044,2.1423361636698246,2.1423361636698246,0.0
double_dqn,810,703,75.9438472032547,79.96561395436527,26.133731976151466,49.810115137696265,1.4834572998806834,15667.337120056152,0.0,22.0,0.0,1.0,0.050000000000000044,1.6441806331276894,1.6441806331276894,0.0
double_dqn,810,704,88.16205751150846,80.77716988757254,30.771274335682392,57.39078342914581,1.6073078801855445,17991.147491455078,0.0,25.0,0.0,2.0,0.050000000000000044,2.2551056183874607,2.2551056183874607,0.0
double_dqn,810,705,85.46558148562909,81.96085469037295,28.912674345076084,56.55290758013725,1.5156389251351357,16627.867515563965,0.0,27.0,0.0,2.0,0.050000000000000044,1.5285040736198425,1.5285040736198425,0.0
double_dqn,810,706,90.55266509950161,82.88839755147697,31.124691426753998,59.42797374725342,1.5697239572182298,18176.494388580322,0.0,28.0,0.0,0.0,0.050000000000000044,1.9224166758358479,1.9224166758358479,0.0
double_dqn,810,707,72.82132594436408,82.66195107445121,25.574784241616726,47.246542343497275,1.4711590353399515,15366.431335449219,0.0,22.0,0.0,4.0,0.050000000000000044,1.5715150386095047,1.5715150386095047,0.0
double_dqn,810,708,61.354777310788634,81.5988381779194,24.48992756009102,36.86484978795052,1.3774475380778313,13869.530672073364,0.0,19.0,0.0,3.0,0.050000000000000044,1.7696406450122595,1.7696406450122595,0.0
double_dqn,810,709,96.28808274269105,82.11723154887558,31.173625633120537,65.11445690095425,1.5837527075782418,18155.860584259033,0.0,30.0,0.0,2.0,0.050000000000000044,1.9820927903056145,1.9820927903056145,0.0
double_dqn,810,710,78.54656239897012,83.01830208718778,28.32856761664152,50.2179947823286,1.4926688093692064,16740.822681427002,0.0,23.0,0.0,3.0,0.050000000000000044,1.7540484014898539,1.7540484014898539,0.0
double_dqn,810,711,99.742057710886,83.60570588640869,30.78011930733919,68.96193788945675,1.5647980701178312,17628.25685119629,0.0,31.0,0.0,0.0,0.050000000000000044,1.9832837469875813,1.9832837469875813,0.0
double_dqn,810,712,85.94695183038712,83.80094020783902,28.90317064523697,57.043780678510664,1.5400719046592712,16933.585163116455,0.0,26.0,0.0,3.0,0.050000000000000044,1.4463052824139595,1.4463052824139595,0.0
double_dqn,810,713,77.56902482509614,84.44039655931294,26.884842917323112,50.68418204188347,1.4835099335759878,15919.731861114502,0.0,25.0,0.0,1.0,0.050000000000000044,1.512945318594575,1.512945318594575,0.0
double_dqn,810,714,89.20425250381231,83.86592083945871,28.26210556179285,60.9421469271183,1.595864332281053,17526.318716049194,0.0,28.0,0.0,1.0,0.050000000000000044,1.4207189865410328,1.4207189865410328,0.0
double_dqn,810,715,76.47522666305304,83.92434102840723,27.424319244921207,49.05090752243996,1.4614889929071069,15557.239921569824,0.0,23.0,0.0,0.0,0.050000000000000044,2.0466969460248947,2.0466969460248947,0.0
double_dqn,810,716,77.54865531176328,83.79325766414404,27.51350850611925,50.035146701335904,1.4571246206760406,15763.55842590332,0.0,22.0,0.0,3.0,0.050000000000000044,1.7435232177376747,1.7435232177376747,0.0
double_dqn,810,717,79.42831505835056,82.88540800660849,30.191528029739857,49.23678696155548,1.5495485505089164,17506.577751159668,0.0,22.0,0.0,0.0,0.050000000000000044,1.5087637212127447,1.5087637212127447,0.0
double_dqn,810,718,74.73471911549568,82.62262180685998,27.292816758155823,47.44190253615379,1.4737702896818519,15481.794437408447,0.0,21.0,0.0,2.0,0.050000000000000044,1.645176775753498,1.645176775753498,0.0
double_dqn,810,719,67.07749956846237,81.4860349290818,25.15184472501278,41.92565447092056,1.4715545661747456,15288.385753631592,0.0,21.0,0.0,1.0,0.050000000000000044,1.7336532939225435,1.7336532939225435,0.0
double_dqn,810,720,86.69493875801564,81.49175637930632,30.05715637654066,56.63778204619884,1.5632011787965894,17573.714111328125,0.0,26.0,0.0,2.0,0.050000000000000044,1.3101025894284248,1.3101025894284248,0.0
double_dqn,810,721,84.27130604088306,82.0774621373415,30.195053607225418,54.076252076029775,1.5537557806819677,17354.352535247803,0.0,26.0,0.0,3.0,0.050000000000000044,1.5384513512253761,1.5384513512253761,0.0
double_dqn,810,722,94.45025482773781,82.11390509553254,32.97170074284077,61.47855404019356,1.5891622267663479,18776.86399078369,0.0,29.0,0.0,2.0,0.050000000000000044,1.5638468842953444,1.5638468842953444,0.0
double_dqn,810,723,94.23273527622223,83.0283494991809,31.5455479323864,62.687187016010284,1.6276248060166836,18386.24787902832,0.0,29.0,0.0,0.0,0.050000000000000044,1.8701340705156326,1.8701340705156326,0.0
double_dqn,810,724,94.57267789840698,83.34888051852583,31.468608856201172,63.104068893194196,1.5887987855821848,18142.585597991943,0.0,28.0,0.0,3.0,0.050000000000000044,1.8825820460915565,1.8825820460915565,0.0
double_dqn,810,725,81.65163952112198,83.15818342030049,28.835913568735123,52.815725922584534,1.531087932176888,16575.517024993896,0.0,24.0,0.0,2.0,0.050000000000000044,2.1686419881880283,2.1686419881880283,0.0
double_dqn,810,726,68.73835397660733,82.06746786415577,27.633031010627747,41.105323457717894,1.4901423770934343,16634.388637542725,0.0,20.0,0.0,1.0,0.050000000000000044,1.4235077425837517,1.4235077425837517,0.0
double_dqn,810,727,101.9440531000495,83.52360422194005,31.846392281353474,70.09766110181809,1.5985088450834155,18174.58301925659,0.0,30.0,0.0,2.0,0.050000000000000044,1.4399494472891092,1.4399494472891092,0.0
double_dqn,810,728,84.049614199996,84.65834606640041,30.539558306336403,53.51005574464798,1.576794657856226,18017.091205596924,0.0,25.0,0.0,1.0,0.050000000000000044,1.637488692998886,1.637488692998886,0.0
double_dqn,810,729,75.11593100428581,83.59973847948017,27.65045827627182,47.465472996234894,1.483953963033855,15939.46891784668,0.0,25.0,0.0,1.0,0.050000000000000044,1.918210729956627,1.918210729956627,0.0
double_dqn,810,730,103.33402417004109,84.8391115680337,34.64107462763786,68.69294992983342,1.629144573584199,19357.911464691162,0.0,30.0,0.0,2.0,0.050000000000000044,1.755848616361618,1.755848616361618,0.0
double_dqn,810,731,88.01449228972197,84.2527332969755,31.78255056589842,56.23194179832935,1.585101766511798,18290.207496643066,0.0,25.0,0.0,1.0,0.050000000000000044,2.0946025643497705,2.0946025643497705,0.0
double_dqn,810,732,73.40661838650703,83.6257166247815,26.74996119737625,46.65665715932846,1.495711935684085,15910.196376800537,0.0,23.0,0.0,2.0,0.050000000000000044,1.9023000970482826,1.9023000970482826,0.0
double_dqn,810,733,79.9293418303132,83.74373247504236,27.79347801953554,52.13586348295212,1.527791442349553,16818.339962005615,0.0,23.0,0.0,1.0,0.050000000000000044,1.7646851167082787,1.7646851167082787,0.0
double_dqn,810,734,95.31839885115623,84.04943979240954,32.72119718044996,62.59720157384872,1.61341449059546,18727.52631378174,0.0,28.0,0.0,4.0,0.050000000000000044,1.8993925862014294,1.8993925862014294,0.0
double_dqn,810,735,82.15198188275099,84.33327755339444,28.993111677467823,53.15887089073658,1.5097931791096926,16836.051052093506,0.0,25.0,0.0,1.0,0.050000000000000044,1.763125715777278,1.763125715777278,0.0
double_dqn,810,736,86.3199501156807,84.77184229359031,29.75363889336586,56.56631160974503,1.5188524648547173,17137.440673828125,0.0,25.0,0.0,3.0,0.050000000000000044,1.9470222424715757,1.9470222424715757,0.0
double_dqn,810,737,96.11747176349164,85.60630012884738,33.76428060233593,62.35319153368473,1.6504753790795803,19282.01433944702,0.0,28.0,0.0,1.0,0.050000000000000044,2.0327454209327698,2.0327454209327698,0.0
double_dqn,810,738,88.84583347439766,86.31185584679248,29.895836256444454,58.94999756813049,1.5245194444432855,16958.862155914307,0.0,27.0,0.0,1.0,0.050000000000000044,1.9335386790335178,1.9335386790335178,0.0
double_dqn,810,739,70.2960998520255,86.47278586097063,27.008562229573727,43.287537443637845,1.485869008116424,15769.600105285645,0.0,21.0,0.0,2.0,0.050000000000000044,1.7935475669801235,1.7935475669801235,0.0
double_dqn,810,740,91.45189692229033,86.71063376918437,27.569367863237858,63.88252926766872,1.5912424894049764,17484.713329315186,0.0,27.0,0.0,2.0,0.050000000000000044,1.5254760533571243,1.5254760533571243,0.0
double_dqn,810,741,80.50352927446366,86.5222449308634,29.413970410823822,51.08955969810486,1.5552435209974647,17702.44474029541,0.0,23.0,0.0,1.0,0.050000000000000044,1.6058011651039124,1.6058011651039124,0.0
double_dqn,810,742,72.57101514339448,85.42828294664623,28.688767425715923,43.88224693536758,1.472825050354004,16465.285083770752,0.0,22.0,0.0,3.0,0.050000000000000044,1.6642269752919674,1.6642269752919674,0.0
double_dqn,810,743,79.78027055561543,84.70565971061589,26.64857816696167,53.13169232904911,1.4823999116197228,15713.879833221436,0.0,25.0,0.0,1.0,0.050000000000000044,1.7160192392766476,1.7160192392766476,0.0
double_dqn,810,744,83.59940654784441,84.15699614308775,29.34480082243681,54.25460498034954,1.536327462643385,17365.65251159668,0.0,26.0,0.0,1.0,0.050000000000000044,1.729806788265705,1.729806788265705,0.0
double_dqn,810,745,85.33183544874191,84.34100593946876,30.39689512550831,54.934940084815025,1.5369686037302017,17258.3865776062,0.0,25.0,0.0,1.0,0.050000000000000044,1.779668003320694,1.779668003320694,0.0
double_dqn,810,746,89.46216306090355,85.37719639368356,29.23311485350132,60.22904792428017,1.5586717054247856,17404.61001586914,0.0,26.0,0.0,0.0,0.050000000000000044,2.0007530227303505,2.0007530227303505,0.0
double_dqn,810,747,74.84870001673698,84.02242873951793,28.934121429920197,45.91457882523537,1.485850490629673,16458.810859680176,0.0,23.0,0.0,0.0,0.050000000000000044,1.5637886468321085,1.5637886468321085,0.0
double_dqn,810,748,79.93155825138092,83.81652594208717,28.664371594786644,51.26718659698963,1.4985923888161778,16435.34852218628,0.0,24.0,0.0,1.0,0.050000000000000044,2.2864488307386637,2.2864488307386637,0.0
double_dqn,810,749,97.8844060689211,84.95494969531894,31.831681095063686,66.05272548794747,1.602085861377418,18805.734676361084,0.0,28.0,0.0,2.0,0.050000000000000044,1.5584899690002203,1.5584899690002203,0.0
double_dqn,810,750,79.03566281497478,83.74003162756563,28.336094744503498,50.699568420648575,1.5258798096328974,16823.61301612854,0.0,23.0,0.0,1.0,0.050000000000000044,1.5366170406341553,1.5366170406341553,0.0
double_dqn,810,751,77.9802476465702,83.23831939540806,26.78540103137493,51.19484643638134,1.4954409031197429,16103.964931488037,0.0,24.0,0.0,0.0,0.050000000000000044,1.6291016191244125,1.6291016191244125,0.0
double_dqn,810,752,86.422807559371,83.88912885405124,29.070754185318947,57.3520530462265,1.4848531112074852,16938.85955810547,0.0,26.0,0.0,1.0,0.050000000000000044,1.7764303777366877,1.7764303777366877,0.0
double_dqn,810,753,66.6290607020259,83.22411479763687,25.204796887934208,41.42426365017891,1.4161526132375002,14812.920230865479,0.0,20.0,0.0,3.0,0.050000000000000044,2.2443591579794884,2.2443591579794884,0.0
double_dqn,810,754,83.52222119420767,82.63430591478945,31.225626222789288,52.29659561216831,1.5705694993957877,18428.16767501831,0.0,25.0,0.0,1.0,0.050000000000000044,1.6448741033673286,1.6448741033673286,0.0
double_dqn,810,755,91.15204541385174,83.0843090913445,29.192590601742268,61.959454730153084,1.5084058744832873,17217.04587173462,0.0,29.0,0.0,0.0,0.050000000000000044,1.559722999110818,1.559722999110818,0.0
double_dqn,810,756,80.55520021170378,82.79607159614564,28.373286105692387,52.18191435933113,1.5108519196510315,16847.528678894043,0.0,24.0,0.0,0.0,0.050000000000000044,1.890495803207159,1.890495803207159,0.0
double_dqn,810,757,73.16329741477966,81.64836287871005,27.387749679386616,45.77554762363434,1.4671168709173799,15914.283811569214,0.0,22.0,0.0,1.0,0.050000000000000044,1.9284827299416065,1.9284827299416065,0.0
double_dqn,810,758,93.18982988595963,81.86556269928813,31.81127555668354,61.37855443358421,1.6615518117323518,19148.751905441284,0.0,27.0,0.0,0.0,0.050000000000000044,1.6059707887470722,1.6059707887470722,0.0
double_dqn,810,759,73.29986611008644,82.01575101219117,25.82741306722164,47.47245319187641,1.4729001484811306,15850.466918945312,0.0,22.0,0.0,0.0,0.050000000000000044,1.8443113416433334,1.8443113416433334,0.0
double_dqn,810,760,85.91577955335379,81.73894514374436,28.304291404783726,57.61148780584335,1.5689290212467313,17072.366317749023,0.0,26.0,0.0,0.0,0.050000000000000044,2.0516745187342167,2.0516745187342167,0.0
double_dqn,810,761,83.67711272984744,81.89762431651354,29.263951428234577,54.41316127181053,1.5328151509165764,17032.459175109863,0.0,26.0,0.0,1.0,0.050000000000000044,1.8082470893859863,1.8082470893859863,0.0
double_dqn,810,762,78.93827290087938,82.21598720438779,28.878618456423283,50.059654489159584,1.540447674691677,17253.68814086914,0.0,23.0,0.0,1.0,0.050000000000000044,1.7623134888708591,1.7623134888708591,0.0
double_dqn,810,763,80.25640064030885,82.23979370862244,29.37229810655117,50.88410274982452,1.5429927948862314,17256.29130935669,0.0,24.0,0.0,4.0,0.050000000000000044,1.6962054837495089,1.6962054837495089,0.0
double_dqn,810,764,81.57886817455292,82.13876678995788,27.07527581602335,54.50359278321266,1.4693040931597352,15454.764881134033,0.0,25.0,0.0,1.0,0.050000000000000044,1.4412287678569555,1.4412287678569555,0.0
double_dqn,810,765,97.01225105971098,82.72278757050633,32.03765665739775,64.97459437251091,1.6432720636948943,19038.04001235962,0.0,28.0,0.0,2.0,0.050000000000000044,1.447071135044098,1.447071135044098,0.0
double_dqn,810,766,74.59821302443743,81.97959006868302,27.403104908764362,47.19510826468468,1.4784208303317428,15969.678176879883,0.0,22.0,0.0,1.0,0.050000000000000044,1.6816461198031902,1.6816461198031902,0.0
double_dqn,810,767,88.75832162797451,82.67507114924491,30.5540831387043,58.20423862338066,1.5432329392060637,17466.78187561035,0.0,27.0,0.0,0.0,0.050000000000000044,1.489926615729928,1.489926615729928,0.0
double_dqn,810,768,77.12081168740988,82.53453382104637,28.696505270898342,48.42430649101734,1.5188136026263237,17033.311157226562,0.0,23.0,0.0,1.0,0.050000000000000044,1.6569365821778774,1.6569365821778774,0.0
double_dqn,810,769,80.10849671065807,81.64573835313321,29.74582327902317,50.36267337203026,1.5245717614889145,17189.661834716797,0.0,23.0,0.0,0.0,0.050000000000000044,1.6728635504841805,1.6728635504841805,0.0
double_dqn,810,770,75.58046420663595,81.47297842271627,29.051744647324085,46.52871933579445,1.4838592121377587,16575.87775039673,0.0,22.0,0.0,3.0,0.050000000000000044,1.6417745724320412,1.6417745724320412,0.0
double_dqn,810,771,75.74322828650475,81.361127454713,26.468293003737926,49.27493545413017,1.4240801930427551,15117.422176361084,0.0,24.0,0.0,0.0,0.050000000000000044,1.6283559165894985,1.6283559165894985,0.0
double_dqn,810,772,75.86983741223813,80.83347894735635,26.42987909168005,49.43995771706104,1.4265886573120952,15019.972911834717,0.0,24.0,0.0,1.0,0.050000000000000044,2.0529484562575817,2.0529484562575817,0.0
double_dqn,810,773,85.78754022717476,81.79140292361379,29.63285356760025,56.154686480760574,1.5240047546103597,16777.70750808716,0.0,26.0,0.0,0.0,0.050000000000000044,2.3007408156991005,2.3007408156991005,0.0
double_dqn,810,774,69.54979087412357,81.09278140760958,25.964746177196503,43.58504477143288,1.4484925474971533,15529.919361114502,0.0,22.0,0.0,1.0,0.050000000000000044,1.7840490229427814,1.7840490229427814,0.0
double_dqn,810,775,71.19708614945412,80.09503344438971,27.379631206393242,43.817454466223715,1.464423448778689,15577.164585113525,0.0,23.0,0.0,1.0,0.050000000000000044,1.589842066168785,1.589842066168785,0.0
double_dqn,810,776,64.69833870381117,79.30219036899508,25.068587131798267,39.629751899838446,1.408214091323316,14349.830474853516,0.0,19.0,0.0,1.0,0.050000000000000044,1.5082548297941685,1.5082548297941685,0.0
double_dqn,810,777,81.81423076987267,79.73473703674973,28.28430474549532,53.52992603182793,1.518063054420054,16540.566612243652,0.0,25.0,0.0,0.0,0.050000000000000044,2.0480116568505764,2.0480116568505764,0.0
double_dqn,810,778,82.06917314231396,79.17870419956745,28.34181161224842,53.7273618131876,1.5021377094089985,16365.951080322266,0.0,25.0,0.0,0.0,0.050000000000000044,1.6242729295045137,1.6242729295045137,0.0
double_dqn,810,779,79.3859972730279,79.48301075771451,27.91512181609869,51.47087541222572,1.500419856980443,16480.624633789062,0.0,24.0,0.0,0.0,0.050000000000000044,2.003117449581623,2.003117449581623,0.0
double_dqn,810,780,94.13577399551869,79.89401047982275,31.752006232738495,62.38376840353012,1.5892995884642005,18525.130710601807,0.0,27.0,0.0,1.0,0.050000000000000044,1.9619878083467484,1.9619878083467484,0.0
double_dqn,810,781,90.71623364388942,80.24596652552486,30.7560808211565,59.960153359174726,1.5879093799740076,18180.84267807007,0.0,27.0,0.0,3.0,0.050000000000000044,1.6246533412486315,1.6246533412486315,0.0
double_dqn,810,782,86.786255659163,80.63836566343905,31.61978902667761,55.16646666228771,1.5951884845271707,18291.554958343506,0.0,26.0,0.0,3.0,0.050000000000000044,1.570123989135027,1.570123989135027,0.0
double_dqn,810,783,91.50595773905516,81.20084351837636,30.49499625712633,61.01096109449863,1.5260638808831573,17775.903747558594,0.0,27.0,0.0,3.0,0.050000000000000044,1.9124862905591726,1.9124862905591726,0.0
double_dqn,810,784,94.10060239732266,81.82693022951484,31.615329325199127,62.48527326583862,1.636746745556593,19104.11257171631,0.0,26.0,0.0,1.0,0.050000000000000044,1.4830862861126661,1.4830862861126661,0.0
double_dqn,810,785,83.39898604154587,81.1462669786066,31.78655517101288,51.6124312877655,1.5469449693337083,17868.084510803223,0.0,23.0,0.0,0.0,0.050000000000000044,1.8874707985669374,1.8874707985669374,0.0
double_dqn,810,786,77.53778414428234,81.29324553459884,26.86371546983719,50.674068704247475,1.4671019604429603,15646.180179595947,0.0,24.0,0.0,2.0,0.050000000000000044,1.4140136186033487,1.4140136186033487,0.0
double_dqn,810,787,87.04242579638958,81.20745074301958,31.585989966988564,55.45643591880798,1.6190547589212656,18435.966876983643,0.0,26.0,0.0,1.0,0.050000000000000044,1.746943948790431,1.746943948790431,0.0
double_dqn,810,788,63.38368581533432,80.5205944494158,23.112866282463074,40.270819815993306,1.3537502912804484,13473.587200164795,0.0,21.0,0.0,2.0,0.050000000000000044,1.4602594450116158,1.4602594450116158,0.0
double_dqn,810,789,73.98796971142292,80.21456809945404,25.634610541164875,48.35335901379585,1.4326001200824976,15016.263313293457,0.0,23.0,0.0,0.0,0.050000000000000044,1.738728642463684,1.738728642463684,0.0
double_dqn,810,790,96.11256996691228,81.24117338746785,31.89345669001341,64.21911300122738,1.5788892209529877,18479.713333129883,0.0,29.0,0.0,1.0,0.050000000000000044,1.5293892659246922,1.5293892659246922,0.0
double_dqn,810,791,92.35081890970469,82.07155291862786,31.781097657978535,60.569721549749374,1.7248629620298743,19797.14859008789,0.0,26.0,0.0,1.0,0.050000000000000044,1.8278944864869118,1.8278944864869118,0.0
double_dqn,810,792,85.20499724894762,82.53831091046334,28.636842995882034,56.568154245615005,1.533135018311441,16839.958560943604,0.0,25.0,0.0,1.0,0.050000000000000044,2.2597635611891747,2.2597635611891747,0.0
double_dqn,810,793,80.54298494905234,82.27608314655723,29.06165685504675,51.48132833242416,1.5159183405339718,17368.778812408447,0.0,23.0,0.0,2.0,0.050000000000000044,2.531288057565689,2.531288057565689,0.0
double_dqn,810,794,79.67769339680672,82.78247827269138,28.43852038681507,51.2391726821661,1.497054143808782,16285.454689025879,0.0,24.0,0.0,0.0,0.050000000000000044,1.7859641760587692,1.7859641760587692,0.0
double_dqn,810,795,84.3470171496272,83.43997482270002,28.176399938762188,56.17061733007431,1.4875995181500912,16756.102893829346,0.0,27.0,0.0,3.0,0.050000000000000044,1.726095162332058,1.726095162332058,0.0
double_dqn,810,796,91.39633245915175,84.77487451046707,30.175630144774914,61.22070210576057,1.559169971384108,17524.929489135742,0.0,28.0,0.0,2.0,0.050000000000000044,1.8266658056527376,1.8266658056527376,0.0
double_dqn,810,797,78.79112532734871,84.62371923834085,27.074620112776756,51.71650564670563,1.4509637355804443,15680.190162658691,0.0,24.0,0.0,1.0,0.050000000000000044,1.9409771859645844,1.9409771859645844,0.0
double_dqn,810,798,60.3861372500658,83.53956744372844,22.52668310701847,37.85945417284965,1.3766974732279778,13751.558082580566,0.0,19.0,0.0,2.0,0.050000000000000044,1.8548694178462029,1.8548694178462029,0.0
double_dqn,810,799,85.75704131573438,83.85811964586378,28.255937486886978,57.50110362768173,1.5911532491445541,17530.516445159912,0.0,25.0,0.0,2.0,0.050000000000000044,1.5526526756584644,1.5526526756584644,0.0
double_dqn,810,800,68.73052820563316,82.5878573563695,25.732734479010105,42.997793421149254,1.494243430905044,15627.283668518066,0.0,21.0,0.0,1.0,0.050000000000000044,1.4874466471374035,1.4874466471374035,0.0
double_dqn,810,801,77.88240779340268,81.94616606384515,27.649129956960678,50.2332779109478,1.522408677265048,16448.03778076172,0.0,24.0,0.0,1.0,0.050000000000000044,2.034317644312978,2.034317644312978,0.0
double_dqn,810,802,96.67376372218132,82.44054146699608,31.850801527500153,64.82296200096607,1.605502624064684,18823.010139465332,0.0,28.0,0.0,0.0,0.050000000000000044,1.6377648375928402,1.6377648375928402,0.0
double_dqn,810,803,81.96088853776455,81.96328800693155,29.513757094740868,52.44713156223297,1.4968141531571746,16839.58080291748,0.0,24.0,0.0,2.0,0.050000000000000044,1.3104061111807823,1.3104061111807823,0.0
double_dqn,810,804,78.34650593400002,81.17558318376543,29.215824477374554,49.130682015419005,1.5039619393646717,16831.174938201904,0.0,23.0,0.0,1.0,0.050000000000000044,1.6649596504867077,1.6649596504867077,0.0
double_dqn,810,805,87.07770387083292,81.35951907522977,30.09149282425642,56.98621064424515,1.5816963398829103,18073.202304840088,0.0,25.0,0.0,0.0,0.050000000000000044,1.9771731738001108,1.9771731738001108,0.0
double_dqn,810,806,60.63289169371128,80.51427445270123,23.866061180830002,36.766830363869666,1.361600123345852,13976.285385131836,0.0,18.0,0.0,1.0,0.050000000000000044,1.4607975911349058,1.4607975911349058,0.0
double_dqn,810,807,76.85786291956902,80.0050463088602,28.346370548009872,48.511492893099785,1.4949846053496003,16720.4806098938,0.0,22.0,0.0,0.0,0.050000000000000044,1.60740483738482,1.60740483738482,0.0
double_dqn,810,808,73.15006313621998,80.49336517490448,27.279224179685116,45.8708389043808,1.4707460664212704,15320.112770080566,0.0,22.0,0.0,2.0,0.050000000000000044,1.3048620522022247,1.3048620522022247,0.0
double_dqn,810,809,89.80493312478066,81.28421334557237,28.56183061003685,61.24310223162174,1.5744798267260194,17471.463584899902,0.0,27.0,0.0,1.0,0.050000000000000044,1.3230253495275974,1.3230253495275974,0.0
double_dqn,810,810,74.50256252288818,80.20371297337115,26.33668963611126,48.16587270796299,1.4357384694740176,14761.597106933594,0.0,23.0,0.0,0.0,0.050000000000000044,1.3157890234142542,1.3157890234142542,0.0
double_dqn,810,811,68.12793791294098,78.99256892353297,26.73121676594019,41.396720975637436,1.4518236527219415,15027.084884643555,0.0,21.0,0.0,0.0,0.050000000000000044,1.4805403761565685,1.4805403761565685,0.0
double_dqn,810,812,81.54962052553893,78.80980008736255,28.92466426640749,52.624956333637236,1.5374986566603184,17034.59390258789,0.0,23.0,0.0,1.0,0.050000000000000044,1.7742332257330418,1.7742332257330418,0.0
double_dqn,810,813,85.47155337929726,79.0562285088748,27.181023448705673,58.29052954316139,1.5185841023921967,16621.616771697998,0.0,28.0,0.0,2.0,0.050000000000000044,2.335891555994749,2.335891555994749,0.0
double_dqn,810,814,87.26492388546467,79.43559003330768,29.006534799933434,58.25838914513588,1.526227722875774,17170.017379760742,0.0,27.0,0.0,2.0,0.050000000000000044,1.271197671070695,1.271197671070695,0.0
double_dqn,810,815,90.96178997606039,79.76632867462934,29.99053981155157,60.971250626444814,1.6021074838936329,17539.233379364014,0.0,28.0,0.0,3.0,0.050000000000000044,1.493440367281437,1.493440367281437,0.0
double_dqn,810,816,78.42531573176385,79.11777783825995,27.389975279569626,51.035339736938475,1.5026865545660257,15960.839778900146,0.0,25.0,0.0,1.0,0.050000000000000044,1.9620633590966463,1.9620633590966463,0.0
double_dqn,810,817,104.70037068426609,80.4132401061058,33.5900898873806,71.11028054356575,1.6430390467867255,19438.60150909424,0.0,31.0,0.0,1.0,0.050000000000000044,1.527715815231204,1.527715815231204,0.0
double_dqn,810,818,67.11223471164703,80.74954497918488,25.763276740908623,41.348958134651184,1.4465585639700294,15375.412166595459,0.0,21.0,0.0,1.0,0.050000000000000044,2.0200089402496815,2.0200089402496815,0.0
double_dqn,810,819,79.82459240853787,80.45292253382505,27.998284950852394,51.82630790472031,1.5035222908481956,16347.188468933105,0.0,25.0,0.0,3.0,0.050000000000000044,1.6527856849133968,1.6527856849133968,0.0
double_dqn,810,820,95.8798183143139,81.8103870392591,31.59739349782467,64.28242463767529,1.5862999334931374,18157.59996032715,0.0,29.0,0.0,1.0,0.050000000000000044,1.403751352801919,1.403751352801919,0.0
double_dqn,810,821,81.56949133574963,81.99474121637644,27.734347745776176,53.83514335155487,1.4861821178346872,16327.269828796387,0.0,24.0,0.0,2.0,0.050000000000000044,1.573756443336606,1.573756443336606,0.0
double_dqn,810,822,69.94634381830693,80.65837022118272,25.428433880209923,44.51790983378887,1.4536102609708905,15004.414764404297,0.0,20.0,0.0,1.0,0.050000000000000044,1.7958974707871675,1.7958974707871675,0.0
double_dqn,810,823,83.73136516809464,80.74689405269923,27.070487946271896,56.660877206921576,1.5485693207010627,16937.579204559326,0.0,25.0,0.0,3.0,0.050000000000000044,1.6895369477570057,1.6895369477570057,0.0
double_dqn,810,824,91.7250993847847,81.41582372523847,30.865711972117424,60.85938689112663,1.5688439179211855,17867.556022644043,0.0,27.0,0.0,1.0,0.050000000000000044,1.5309350565075874,1.5309350565075874,0.0
double_dqn,810,825,87.63131751269103,81.44350440733136,32.79719194024801,54.834125542640685,1.6017953846603632,19078.33931159973,0.0,26.0,0.0,3.0,0.050000000000000044,1.6821495331823826,1.6821495331823826,0.0
double_dqn,810,826,69.22203951328993,81.87296179831029,26.971666760742664,42.25037305057049,1.476943477988243,16092.614994049072,0.0,21.0,0.0,0.0,0.050000000000000044,1.831099670380354,1.831099670380354,0.0
double_dqn,810,827,91.65992493927479,82.61306489929558,31.212341606616974,60.447582483291626,1.5976533582434058,18242.239570617676,0.0,27.0,0.0,2.0,0.050000000000000044,1.6412614025175571,1.6412614025175571,0.0
double_dqn,810,828,76.4047160744667,82.77579754620791,25.935985401272774,50.46873092651367,1.445820039138198,15178.20735168457,0.0,23.0,0.0,0.0,0.050000000000000044,2.0200848095119,2.0200848095119,0.0
double_dqn,810,829,68.15474665164948,81.69328822255135,27.120069310069084,41.034677773714066,1.5066544758155942,16229.065227508545,0.0,22.0,0.0,1.0,0.050000000000000044,1.6397835835814476,1.6397835835814476,0.0
double_dqn,810,830,75.68404778242112,81.752362485528,29.882432490587234,45.80161548554897,1.5308663910254836,17175.641799926758,0.0,23.0,0.0,3.0,0.050000000000000044,1.741083923727274,1.741083923727274,0.0
double_dqn,810,831,87.28315252065659,82.71012321591378,28.318128809332848,58.96502369642258,1.5624566180631518,17302.74279975891,0.0,26.0,0.0,3.0,0.050000000000000044,1.9466716703027487,1.9466716703027487,0.0
double_dqn,810,832,87.84373454153538,83.02482891671362,28.577969186007977,59.26576521396637,1.5432775421068072,17046.390758514404,0.0,27.0,0.0,2.0,0.050000000000000044,1.4916610419750214,1.4916610419750214,0.0
double_dqn,810,833,81.27863625586033,82.81518306054177,28.456058636307716,52.82257770895958,1.5002053305506706,16448.905807495117,0.0,24.0,0.0,2.0,0.050000000000000044,1.6948426757007837,1.6948426757007837,0.0
double_dqn,810,834,82.42905246466398,82.57338948950174,29.475296817719936,52.95375522971153,1.5094493087381124,16779.49863433838,0.0,25.0,0.0,0.0,0.050000000000000044,1.8386892080307007,1.8386892080307007,0.0
double_dqn,810,835,78.92744245529175,81.9716721134633,27.505711168050766,51.42173091471195,1.4644163502380252,16048.612155914307,0.0,25.0,0.0,2.0,0.050000000000000044,1.4607204664498568,1.4607204664498568,0.0
double_dqn,810,836,103.3675069898367,83.21878167636694,34.59723189473152,68.77027522921563,1.6487575974315405,19603.604290008545,0.0,31.0,0.0,1.0,0.050000000000000044,1.9539310559630394,1.9539310559630394,0.0
double_dqn,810,837,85.09466522336007,82.23849640332165,30.470180794596672,54.62448435425758,1.5579866943880916,17473.91974258423,0.0,25.0,0.0,1.0,0.050000000000000044,2.015541937202215,2.015541937202215,0.0
double_dqn,810,838,72.14720965325833,82.49024515040222,27.00251966714859,45.1446898072958,1.4610702069476247,15435.122581481934,0.0,21.0,0.0,3.0,0.050000000000000044,1.7069295570254326,1.7069295570254326,0.0
double_dqn,810,839,56.92228710651398,81.345129885301,24.143926702439785,32.778360694646835,1.3880794905126095,14057.861316680908,0.0,18.0,0.0,1.0,0.050000000000000044,1.9791564419865608,1.9791564419865608,0.0
double_dqn,810,840,100.14432112276555,81.55835502572359,30.412779316306114,69.73154210448266,1.5495289582759142,17869.039306640625,0.0,30.0,0.0,3.0,0.050000000000000044,1.731401976197958,1.731401976197958,0.0
double_dqn,810,841,74.86448231637478,81.22310457475484,26.237831108272076,48.62665169239044,1.4728832142427564,15810.800579071045,0.0,22.0,0.0,2.0,0.050000000000000044,2.1641372200101614,2.1641372200101614,0.0
double_dqn,810,842,63.16206052899361,80.88389041028917,24.502755738794804,38.65930488705635,1.4005205761641264,14565.506538391113,0.0,21.0,0.0,3.0,0.050000000000000044,1.2996125016361475,1.2996125016361475,0.0
double_dqn,810,843,68.2685257717967,80.11074844047428,25.220094092190266,43.048431634902954,1.478132744319737,15345.56993484497,0.0,21.0,0.0,1.0,0.050000000000000044,1.8785841446369886,1.8785841446369886,0.0
double_dqn,810,844,80.88340330123901,79.56866363629698,27.470611199736595,53.41279165446758,1.5016391947865486,15903.634986877441,0.0,26.0,0.0,2.0,0.050000000000000044,1.8295574113726616,1.8295574113726616,0.0
double_dqn,810,845,77.94676631689072,79.08443607650698,28.805579900741577,49.14118650555611,1.4632050143554807,16150.697189331055,0.0,25.0,0.0,0.0,0.050000000000000044,1.8779611475765705,1.8779611475765705,0.0
double_dqn,810,846,82.8733114540577,79.76699967354537,28.692114248871803,54.181197041273116,1.5462940875440836,17290.188835144043,0.0,24.0,0.0,3.0,0.050000000000000044,2.2365707773715258,2.2365707773715258,0.0
double_dqn,810,847,85.46379486173392,79.45719316966833,29.37909709662199,56.08469789922238,1.5106665370985866,17125.290796279907,0.0,26.0,0.0,4.0,0.050000000000000044,1.9404716491699219,1.9404716491699219,0.0
double_dqn,810,848,76.93946836143732,79.48393078401685,29.699400067329407,47.24006849527359,1.5097428895533085,16304.844470977783,0.0,23.0,0.0,0.0,0.050000000000000044,2.148788571357727,2.148788571357727,0.0
double_dqn,810,849,64.04591628015041,79.27848926544189,26.331742368638515,37.714173978567125,1.41226901486516,14725.997802734375,0.0,19.0,0.0,5.0,0.050000000000000044,1.6811363399028778,1.6811363399028778,0.0
double_dqn,810,850,54.79754286557436,78.23416401959955,24.110938273370266,30.686604815721513,1.3556405333802104,13453.206031799316,0.0,17.0,0.0,2.0,0.050000000000000044,1.9070245176553726,1.9070245176553726,0.0
double_dqn,810,851,89.03726693242788,78.3218697401881,32.18205278366804,56.85521391034126,1.6155628822743893,18621.189853668213,0.0,26.0,0.0,1.0,0.050000000000000044,1.7994874827563763,1.7994874827563763,0.0
double_dqn,810,852,81.76847869157791,78.01810694769026,30.088327556848526,51.6801505535841,1.5489839520305395,17711.186698913574,0.0,23.0,0.0,0.0,0.050000000000000044,1.6600133422762156,1.6600133422762156,0.0
double_dqn,810,853,58.028956019878386,76.85562293589115,23.372862845659256,34.65609302520752,1.348952910862863,13379.95488357544,0.0,19.0,0.0,1.0,0.050000000000000044,1.8094954900443554,1.8094954900443554,0.0
double_dqn,810,854,91.17046765238047,77.29269369527698,31.57118769735098,59.59928007423878,1.5556718669831753,18164.851036071777,0.0,27.0,0.0,0.0,0.050000000000000044,1.546694602817297,1.546694602817297,0.0
double_dqn,810,855,80.98763997852802,77.39570357143879,27.801424130797386,53.18621611595154,1.4997515194118023,16681.625801086426,0.0,24.0,0.0,2.0,0.050000000000000044,1.4147908445447683,1.4147908445447683,0.0
double_dqn,810,856,83.08085083961487,76.3813707639277,28.121629387140274,54.95922130346298,1.4720225417986512,16401.31505203247,0.0,24.0,0.0,2.0,0.050000000000000044,1.5785326100885868,1.5785326100885868,0.0
double_dqn,810,857,80.55692130029202,76.15448356777429,27.791702270507812,52.765219148993495,1.460929916240275,15678.591983795166,0.0,25.0,0.0,5.0,0.050000000000000044,1.6630126498639584,1.6630126498639584,0.0
double_dqn,810,858,70.97225561290979,76.09573586575686,26.73541870713234,44.23683698773384,1.4091907730326056,15322.236293792725,0.0,21.0,0.0,2.0,0.050000000000000044,1.7993618752807379,1.7993618752807379,0.0
double_dqn,810,859,85.67037077993155,77.53314004942774,29.993294455111027,55.67707675695419,1.59153660107404,18139.777309417725,0.0,26.0,0.0,2.0,0.050000000000000044,1.7889018803834915,1.7889018803834915,0.0
double_dqn,810,860,74.50493256747723,76.25117062166333,27.596782729029655,46.90814973413944,1.483851176686585,15826.518047332764,0.0,23.0,0.0,0.0,0.050000000000000044,2.279938831925392,2.279938831925392,0.0
double_dqn,810,861,89.56013211011887,76.98595311135054,31.18274062871933,58.37739154100418,1.5243296260014176,17213.85052871704,0.0,28.0,0.0,1.0,0.050000000000000044,1.7064845599234104,1.7064845599234104,0.0
double_dqn,810,862,93.1876361221075,78.48723189100623,31.90685537457466,61.28078058362007,1.5947435647249222,18435.059410095215,0.0,27.0,0.0,1.0,0.050000000000000044,1.5596183687448502,1.5596183687448502,0.0
double_dqn,810,863,86.71746961772442,79.40967908330262,29.766793817281723,56.950675785541534,1.5977189168334007,18258.637550354004,0.0,24.0,0.0,0.0,0.050000000000000044,1.6543995290994644,1.6543995290994644,0.0
double_dqn,810,864,66.81023435592651,78.706020636037,26.870668977499008,39.939565542340276,1.4806090891361237,15799.806442260742,0.0,21.0,0.0,2.0,0.050000000000000044,1.8220260925590992,1.8220260925590992,0.0
double_dqn,810,865,74.75456333905458,78.5464104871452,27.869932107627392,46.884631499648094,1.4607311710715294,16150.74596786499,0.0,22.0,0.0,2.0,0.050000000000000044,1.1497322637587786,1.1497322637587786,0.0
double_dqn,810,866,74.11873124539852,78.10868147671222,26.62430400401354,47.49442720413208,1.4467257540673018,15854.47919845581,0.0,21.0,0.0,0.0,0.050000000000000044,1.6132087092846632,1.6132087092846632,0.0
double_dqn,810,867,73.96956230252981,77.53396984875202,27.478605337440968,46.49095693528652,1.5039439350366592,16391.5225982666,0.0,24.0,0.0,3.0,0.050000000000000044,1.9050183184444904,1.9050183184444904,0.0
double_dqn,810,868,70.51560242474079,77.21277655191719,26.20299107581377,44.31261098384857,1.4356248928233981,15126.65369796753,0.0,22.0,0.0,0.0,0.050000000000000044,1.5637899972498417,1.5637899972498417,0.0
double_dqn,810,869,66.72824233174325,77.34689285449684,27.189433991909027,39.5388084590435,1.4821761641651392,16079.04126739502,0.0,19.0,0.0,1.0,0.050000000000000044,1.9065783564001322,1.9065783564001322,0.0
double_dqn,810,870,88.9242222249508,79.05322682246566,28.76685367524624,60.157368624210356,1.5413423124700785,17607.689933776855,0.0,27.0,0.0,2.0,0.050000000000000044,1.643685720860958,1.643685720860958,0.0
double_dqn,810,871,84.70332657694817,78.8365298046917,29.905244156718254,54.798082852363585,1.5493563944473863,17560.9108543396,0.0,25.0,0.0,3.0,0.050000000000000044,1.95808594673872,1.95808594673872,0.0
double_dqn,810,872,64.31160509586334,77.96368612490596,25.31224848330021,38.999356508255005,1.4309435468167067,15039.204057693481,0.0,18.0,0.0,0.0,0.050000000000000044,1.698220182210207,1.698220182210207,0.0
double_dqn,810,873,69.43607761710882,78.53404220476747,26.305160872638226,43.13091591000557,1.4912727139890194,15870.785667419434,0.0,21.0,0.0,0.0,0.050000000000000044,1.4985420610755682,1.4985420610755682,0.0
double_dqn,810,874,92.85577247440816,78.61830744586885,30.43452090024948,62.421251291036604,1.547680763527751,17411.950519561768,0.0,27.0,0.0,3.0,0.050000000000000044,1.4218091499060392,1.4218091499060392,0.0
double_dqn,810,875,81.62787520289422,78.65031920708716,29.99815209209919,51.62972275316715,1.54785125143826,17344.259546279907,0.0,23.0,0.0,1.0,0.050000000000000044,1.9448906630277634,1.9448906630277634,0.0
double_dqn,810,876,85.92044861614704,78.79229909591378,30.704225689172745,55.2162230014801,1.537132932804525,17602.717044830322,0.0,26.0,0.0,1.0,0.050000000000000044,1.6057658679783344,1.6057658679783344,0.0
double_dqn,810,877,73.64074493944645,78.4464902778715,26.352392092347145,47.288352340459824,1.4520055865868926,15290.494449615479,0.0,23.0,0.0,0.0,0.050000000000000044,1.4822296388447285,1.4822296388447285,0.0
double_dqn,810,878,70.54907011389733,78.42533100292087,26.366141252219677,44.182929092645644,1.4374915724620223,15263.577392578125,0.0,22.0,0.0,3.0,0.050000000000000044,2.085571389645338,2.085571389645338,0.0
double_dqn,810,879,94.46064546704292,78.86484473727644,32.739717453718185,61.72092801332474,1.678532931022346,19544.451805114746,0.0,26.0,0.0,3.0,0.050000000000000044,1.6415524017065763,1.6415524017065763,0.0
double_dqn,810,880,61.273074680566786,78.20325184293092,24.055276408791542,37.21779836118221,1.40221534576267,14439.953815460205,0.0,21.0,0.0,1.0,0.050000000000000044,1.996503073722124,1.996503073722124,0.0
double_dqn,810,881,82.95366539210082,77.87292850703003,28.828365601599216,54.12530002892017,1.4962882651016116,16811.615882873535,0.0,24.0,0.0,3.0,0.050000000000000044,1.385901190340519,1.385901190340519,0.0
double_dqn,810,882,80.8236093968153,77.2547271707654,28.290785163640976,52.532824113965034,1.5417474713176489,17183.242401123047,0.0,24.0,0.0,1.0,0.050000000000000044,1.507926844060421,1.507926844060421,0.0
double_dqn,810,883,81.23114604800939,76.98041099227966,28.858986653387547,52.372160005569455,1.5028309440240264,16866.187301635742,0.0,24.0,0.0,3.0,0.050000000000000044,1.4752859212458134,1.4752859212458134,0.0
double_dqn,810,884,93.68376506865025,78.32408752791584,31.514315716922283,62.169449627399445,1.5589018277823925,17965.526893615723,0.0,28.0,0.0,2.0,0.050000000000000044,1.2820506691932678,1.2820506691932678,0.0
double_dqn,810,885,79.1211214825511,78.54241543509066,27.91026360541582,51.21085769832134,1.4814602117985487,16397.36128616333,0.0,25.0,0.0,1.0,0.050000000000000044,1.5367737617343664,1.5367737617343664,0.0
double_dqn,810,886,71.3504523575306,78.40400149069727,25.15786226838827,46.1925900965929,1.4108401648700237,14895.931842803955,0.0,22.0,0.0,1.0,0.050000000000000044,1.597687240689993,1.597687240689993,0.0
double_dqn,810,887,85.03782649636268,78.95741470038891,30.480018123984337,54.55780883431434,1.556375808082521,17413.521171569824,0.0,25.0,0.0,3.0,0.050000000000000044,1.9231420755386353,1.9231420755386353,0.0
double_dqn,810,888,44.27685110270977,77.64547713428736,21.977352626621723,22.299498215317726,1.2970533687621355,12266.319736480713,0.0,15.0,0.0,0.0,0.050000000000000044,1.8306753523647785,1.8306753523647785,0.0
double_dqn,810,889,93.23854430913926,78.97099223315716,31.713379137218,61.52516516447067,1.6878183241933584,19472.225170135498,0.0,27.0,0.0,4.0,0.050000000000000044,1.787896415218711,1.787896415218711,0.0
double_dqn,810,890,74.9399079233408,78.27177651807666,27.3452874943614,47.59462034702301,1.4893573364242911,15861.32398223877,0.0,22.0,0.0,0.0,0.050000000000000044,1.239922033622861,1.239922033622861,0.0
double_dqn,810,891,83.34933245182037,78.20407681182027,28.644666850566864,54.70466606318951,1.516466200351715,16541.640407562256,0.0,24.0,0.0,0.0,0.050000000000000044,1.5436825212091208,1.5436825212091208,0.0
double_dqn,810,892,74.25093877464533,78.70104349575938,27.06728457659483,47.183654406666754,1.4821785548701882,16509.436073303223,0.0,22.0,0.0,2.0,0.050000000000000044,1.413151327520609,1.413151327520609,0.0
double_dqn,810,893,77.58172381073237,79.10832580544056,27.59027785807848,49.99144602715969,1.4701115116477013,15803.467910766602,0.0,23.0,0.0,2.0,0.050000000000000044,1.672651894390583,1.672651894390583,0.0
double_dqn,810,894,78.46344462931157,78.38870941318574,28.75946554541588,49.70397920310497,1.483146128244698,16675.86100769043,0.0,24.0,0.0,1.0,0.050000000000000044,1.3764238487929106,1.3764238487929106,0.0
double_dqn,810,895,82.75685513019562,78.4451584095508,29.67741074413061,53.079443871974945,1.5202009491622448,17227.2314453125,0.0,25.0,0.0,0.0,0.050000000000000044,1.7762953378260136,1.7762953378260136,0.0
double_dqn,810,896,85.56199111044407,78.42723553426565,30.665850088000298,54.89614114165306,1.5834753653034568,18099.209922790527,0.0,25.0,0.0,0.0,0.050000000000000044,1.8903703950345516,1.8903703950345516,0.0
double_dqn,810,897,97.59626662135125,79.6250116183609,31.730360314249992,65.86590639650822,1.6117330826818943,18708.195293426514,0.0,29.0,0.0,3.0,0.050000000000000044,1.6627807691693306,1.6627807691693306,0.0
double_dqn,810,898,78.35901080369949,80.015508652851,29.75106529891491,48.60794569849968,1.5267294952645898,17021.451316833496,0.0,23.0,0.0,3.0,0.050000000000000044,1.8420475628226995,1.8420475628226995,0.0
double_dqn,810,899,84.03910201787949,79.49443148039282,27.61538490653038,56.423717349767685,1.4689204888418317,16121.356876373291,0.0,27.0,0.0,1.0,0.050000000000000044,1.5791176594793797,1.5791176594793797,0.0
