variant,model_seed,episode,cost,rolling_cost,immediate_cost,penalty,energy_use,latency_ms,thermal_violation,energy_violation,queue_violation,contact_violation,epsilon,loss,td_loss,auxiliary_loss
double_centered_full_action_dqn,802,0,117.51771372198749,117.51771372198749,35.83170376718044,81.68600983559776,1.7264740923419595,21663.689514160156,0.0,32.0,7.0,2.0,0.9954761904761905,,,
double_centered_full_action_dqn,802,1,217.26381774633722,167.39076573416236,46.59637212753296,170.66744561880427,1.965910098515451,27926.671543121338,0.0,37.0,38.0,2.0,0.9909523809523809,2.163815498352051,2.1515135765075684,0.04100657254457474
double_centered_full_action_dqn,802,2,167.96579406192458,167.58244184341643,44.84817211329937,123.11762145688688,1.9080088920891285,26724.202533721924,0.0,33.0,25.0,1.0,0.9864285714285714,1.9263874515891075,1.9138373658061028,0.04183365637436509
double_centered_full_action_dqn,802,3,185.8722271900132,172.15488818006563,44.56601031124592,141.30621683406383,1.971857650205493,27561.36661529541,0.0,34.0,23.0,2.0,0.981904761904762,1.966530904173851,1.9549871236085892,0.03847928252071142
double_centered_full_action_dqn,802,4,105.0955648869276,158.74302352143803,34.67276065796614,70.42280392348766,1.6484686452895403,20800.173027038574,0.0,31.0,0.0,0.0,0.9773809523809524,1.8011083826422691,1.793039694428444,0.026895590825006366
double_centered_full_action_dqn,802,5,121.25159154217462,152.49445152489412,45.118638068437576,76.1329526839755,1.876912558451295,26471.745491027832,0.0,32.0,2.0,1.0,0.9728571428571429,1.457060694694519,1.4505295380949974,0.021770523046143353
double_centered_full_action_dqn,802,6,122.85825012686472,148.2607084680328,38.2819249778986,84.5763247317336,1.7716882629320025,23022.338722229004,0.0,33.0,7.0,0.0,0.9683333333333334,1.1546645238995552,1.147217996418476,0.024821758386678994
double_centered_full_action_dqn,802,7,108.72086971521378,143.3182286239304,41.84923408180475,66.87163504481316,1.8256328478455544,25060.586265563965,0.0,30.0,1.0,0.0,0.9638095238095238,1.0737959258258343,1.068878561258316,0.01639122300548479
double_centered_full_action_dqn,802,8,117.04620985620294,140.39911542751622,37.60219042003155,79.4440185868052,1.7451585214585066,22707.178966522217,0.0,33.0,4.0,0.0,0.9592857142857143,1.0220270343124866,1.0145708583295345,0.024853920098394156
double_centered_full_action_dqn,802,9,122.356859408319,138.5948898255965,42.490374974906445,79.86648543179035,1.7772317240014672,24609.068981170654,0.0,33.0,0.0,0.0,0.9547619047619048,0.7189566791057587,0.7136284597218037,0.017760728020220995
double_centered_full_action_dqn,802,10,103.09040859341621,135.3672097135801,37.06218063831329,66.02822786569595,1.7078590150922537,22158.42297744751,0.0,27.0,0.0,1.0,0.9502380952380952,0.5456099603325129,0.5408522635698318,0.01585896365577355
double_centered_full_action_dqn,802,11,107.60138615352062,133.05339108357518,36.223332569003105,71.37805383783726,1.7489724084734917,22491.074993133545,0.0,31.0,1.0,1.0,0.9457142857142857,0.3935475442558527,0.3880734648555517,0.018246940919198096
double_centered_full_action_dqn,802,12,152.51493122881567,134.55043263320906,39.72238165140152,112.79254965191998,1.9144757073372602,25089.462036132812,0.0,34.0,25.0,2.0,0.9411904761904761,0.3300488814711571,0.32387107610702515,0.02059269032906741
double_centered_full_action_dqn,802,13,146.87152745727062,135.43051083492773,38.989351227879524,107.88217594626903,1.8467323603108525,24342.10313796997,0.0,34.0,16.0,0.0,0.9366666666666666,0.2995162019506097,0.294266052544117,0.017500506015494466
double_centered_full_action_dqn,802,14,125.9621618628502,134.79928757012257,46.10702668130398,79.85513463020325,1.8166704820469022,26217.81187438965,0.0,34.0,0.0,1.0,0.9321428571428572,0.27594885788857937,0.27133216336369514,0.015388975094538182
double_centered_full_action_dqn,802,15,179.23250852351572,137.57636387970965,45.08443607389927,134.1480725092211,1.9753298768773675,27391.112258911133,0.0,36.0,23.0,2.0,0.9276190476190476,0.605713514611125,0.6002710433676839,0.018141577602364123
double_centered_full_action_dqn,802,16,92.09805789589882,134.90116941007372,35.78817055374384,56.30988737940788,1.6272419057786465,21236.373374938965,0.0,26.0,0.0,0.0,0.9230952380952381,0.6732249744236469,0.6667346432805061,0.021634464850649238
double_centered_full_action_dqn,802,17,108.56077241301537,133.43781402134826,35.198452070355415,73.36232035756112,1.6501768361777067,20470.34893798828,0.0,32.0,0.0,1.0,0.9185714285714286,0.41376104950904846,0.4086121739819646,0.01716291724005714
double_centered_full_action_dqn,802,18,124.10319322788663,132.94651819011344,40.89127776026726,83.21191566133447,1.836080969311297,24762.778076171875,0.0,33.0,13.0,0.0,0.914047619047619,0.3257144168019295,0.32060045562684536,0.017046535504050553
double_centered_full_action_dqn,802,19,126.35029131097603,132.61670684615655,41.70135375112295,84.64893772376585,1.8015258572995663,24739.976585388184,0.0,32.0,13.0,1.0,0.9095238095238095,0.29766369704157114,0.2931942231953144,0.014898245630320162
double_centered_full_action_dqn,802,20,180.9682489229242,135.78923360620337,45.039379477500916,135.92886944542332,2.0370727330446243,28374.715307235718,0.0,33.0,25.0,0.0,0.905,0.26564457453787327,0.2612614221870899,0.014610503625590354
double_centered_full_action_dqn,802,21,129.08546763741916,131.3803161007575,42.99411327391863,86.09135424429124,1.8470835015177727,25315.91872024536,0.0,33.0,19.0,2.0,0.9004761904761904,0.2765011843293905,0.2726497482508421,0.012838121154345572
double_centered_full_action_dqn,802,22,156.46036237881822,130.80504451660218,46.34791315346956,110.11244932220622,1.9068127209320664,27508.49813079834,0.0,35.0,21.0,0.0,0.895952380952381,0.24702466931194067,0.24313196633011103,0.012975671619642526
double_centered_full_action_dqn,802,23,127.91927152342039,127.90739673327252,39.76470889151096,88.15456324285704,1.7580940062180161,23623.49568939209,0.0,35.0,10.0,0.0,0.8914285714285715,0.6030607623979449,0.5986360050737858,0.01474918401800096
double_centered_full_action_dqn,802,24,108.12740862369537,128.05898892011092,36.8589653223753,71.26844325661659,1.6722834836691618,21253.10585784912,0.0,31.0,0.0,0.0,0.8869047619047619,0.6041894517838955,0.5987575333565474,0.018106421921402216
double_centered_full_action_dqn,802,25,129.38362941145897,128.46559081357515,43.100726917386055,86.28290313482285,1.8456779066473246,24849.613388061523,0.0,36.0,0.0,0.0,0.8823809523809524,0.4263948518782854,0.42088657058775425,0.018360941961873323
double_centered_full_action_dqn,802,26,191.7076478918422,131.908060701824,42.713393434882164,148.9942545314658,2.033428686670959,27160.051361083984,0.0,37.0,19.0,2.0,0.8778571428571429,0.3568297913298011,0.3520951634272933,0.01578208722639829
double_centered_full_action_dqn,802,27,108.67043285220862,131.90553885867374,38.16706634312868,70.50336697101594,1.6480175936594605,21403.91307449341,0.0,31.0,0.0,2.0,0.8733333333333333,0.3670816197991371,0.36211386788636446,0.016559165727812797
double_centered_full_action_dqn,802,28,111.92491689324379,131.6494742105258,39.733144856989384,72.19177186489105,1.722038770094514,23085.15126800537,0.0,31.0,0.0,0.0,0.8688095238095238,0.3128346484154463,0.30740291997790337,0.018105773662682623
double_centered_full_action_dqn,802,29,119.32729865923562,131.4979961730716,38.252938866615295,81.07435968831217,1.7253774711862206,22472.013801574707,0.0,33.0,9.0,1.0,0.8642857142857143,0.28868442587554455,0.2838686741888523,0.016052500228397548
double_centered_full_action_dqn,802,30,109.66357719600201,131.8266546032009,41.093985214829445,68.56959138512612,1.7736726542934775,24124.235221862793,0.0,30.0,1.0,2.0,0.8597619047619047,0.3803128842264414,0.37545067071914673,0.016207366483286023
double_centered_full_action_dqn,802,31,102.14536018669605,131.55385330485967,36.220948718488216,65.92441150546074,1.6720325341448188,21470.337825775146,0.0,32.0,0.0,0.0,0.8552380952380952,0.762101911008358,0.7548828274011612,0.02406360552413389
double_centered_full_action_dqn,802,32,107.41172025501729,129.29869275616977,36.33042662590742,71.08129369616509,1.6768900072202086,21691.564308166504,0.0,32.0,0.0,2.0,0.8507142857142858,0.5809972677379847,0.5742184221744537,0.02259615284856409
double_centered_full_action_dqn,802,33,119.10852200347807,127.91054248348011,41.16729597002268,77.94122621226933,1.8272292958572507,24925.67068862915,0.0,32.0,5.0,1.0,0.8461904761904762,0.4363033026456833,0.4295835457742214,0.02239919640123844
double_centered_full_action_dqn,802,34,202.77005632827996,131.75093720675162,40.82867433130741,161.94138214598416,1.9172614207491279,25525.05491256714,0.0,34.0,31.0,1.0,0.8416666666666667,0.44338556472212076,0.4373168107122183,0.020229184068739414
double_centered_full_action_dqn,802,35,115.37334361076356,128.55797896111403,40.72323463857174,74.65010906159878,1.7790311463177204,23821.331916809082,0.0,32.0,0.0,1.0,0.8371428571428572,0.3552761431783438,0.348799716681242,0.02158808975946158
double_centered_full_action_dqn,802,36,87.1429778560996,128.31022495912407,31.213637597858906,55.92933988571167,1.585246798582375,18976.252433776855,0.0,26.0,0.0,1.0,0.8326190476190476,0.4673793762922287,0.46079300064593554,0.021954603493213654
double_centered_full_action_dqn,802,37,132.8248421075947,129.52342844385302,38.65337432920933,94.17146751761504,1.840985406190157,23459.417778015137,0.0,33.0,11.0,3.0,0.8280952380952381,0.39515191316604614,0.38867976143956184,0.021573851467110217
double_centered_full_action_dqn,802,38,93.70534374564886,128.00353596974114,32.29205334931612,61.41329076886177,1.6460814513266087,19947.606899261475,0.0,27.0,0.0,1.0,0.8235714285714286,0.36788754910230637,0.36180840991437435,0.020263794634956867
double_centered_full_action_dqn,802,39,111.56975919008255,127.26450936369645,40.72994086146355,70.83981835842133,1.7714200615882874,23861.27597427368,0.0,29.0,0.0,2.0,0.819047619047619,0.8565699104219675,0.847736582159996,0.029444449581205845
double_centered_full_action_dqn,802,40,111.18178915977478,123.775186375539,39.000388130545616,72.18140056729317,1.7086780406534672,22734.071060180664,0.0,31.0,0.0,0.0,0.8145238095238095,0.6358497571200132,0.6281320042908192,0.025725840940140188
double_centered_full_action_dqn,802,41,105.36676491051912,122.58925123919398,37.47044274955988,67.89632301032543,1.6871877405792475,21563.40616416931,0.0,31.0,0.0,0.0,0.81,0.522640966810286,0.5147372949868441,0.026345578022301197
double_centered_full_action_dqn,802,42,130.32679753363132,121.28257299693465,42.23289433121681,88.09390341103077,1.8470115121454,24499.641941070557,0.0,37.0,1.0,1.0,0.8054761904761905,0.5227315984666348,0.5149289285764098,0.026008902583271265
double_centered_full_action_dqn,802,43,97.50506208240986,119.76186252488412,38.131828621029854,59.37323326766491,1.6373793706297874,21529.435989379883,0.0,26.0,0.0,1.0,0.800952380952381,0.4774198289960623,0.46963733341544867,0.0259416657499969
double_centered_full_action_dqn,802,44,103.20177076905966,119.51558063215234,35.696016915142536,67.50575354099274,1.635511732660234,20683.78288078308,0.0,29.0,0.0,2.0,0.7964285714285715,0.4485378013923764,0.4404944349080324,0.026811218354851007
double_centered_full_action_dqn,802,45,134.80428093856284,119.78661320850753,45.60488274693489,89.19939795320937,1.9037921242415905,26534.868087768555,0.0,34.0,6.0,2.0,0.7919047619047619,0.4345521004870534,0.42683597654104233,0.025720417383126915
double_centered_full_action_dqn,802,46,105.65364308059216,115.48391296794505,37.24494403600693,68.40869888067246,1.694384309463203,22132.764602661133,0.0,30.0,0.0,2.0,0.7873809523809524,0.6366902980953455,0.6283344272524118,0.027852909872308373
double_centered_full_action_dqn,802,47,101.27087128162384,115.11393488941579,36.387173399329185,64.88369795680046,1.6216957233846188,20677.99111557007,0.0,29.0,0.0,0.0,0.7828571428571429,0.7712023369967937,0.7617425210773945,0.03153271262999624
double_centered_full_action_dqn,802,48,109.2674102857709,114.98105955904214,36.605335392057896,72.66207474470139,1.7571844281628728,22174.422256469727,0.0,29.0,0.0,2.0,0.7783333333333333,0.6368799824267626,0.6278672777116299,0.030042345635592937
double_centered_full_action_dqn,802,49,120.8241168861575,115.05590047038822,38.735430493950844,82.08868622829388,1.8118118280544877,23410.47186279297,0.0,31.0,9.0,2.0,0.7738095238095238,0.5767548233270645,0.5672860164195299,0.03156269935425371
double_centered_full_action_dqn,802,50,112.94852332025766,115.22014777660101,42.488804541528225,70.45971915125847,1.770519164390862,24447.603630065918,0.0,30.0,0.0,0.0,0.7692857142857144,0.5615280531346798,0.5521949697285891,0.03111027937848121
double_centered_full_action_dqn,802,51,121.82942773696652,116.20435115411453,39.28789610415697,82.54153154340258,1.8379632672294974,24282.935863494873,0.0,33.0,3.0,1.0,0.7647619047619048,0.4326791316270828,0.4233152363449335,0.031212982372380793
double_centered_full_action_dqn,802,52,113.34223991632462,116.50087713717991,38.279761619865894,75.06247852742672,1.6881123688071966,21969.946964263916,0.0,33.0,0.0,1.0,0.7602380952380953,0.5325672011822462,0.5231930930167437,0.03124703641515225
double_centered_full_action_dqn,802,53,127.53280550526044,116.92209131226903,38.119913190603256,89.4128923146572,1.8394361697137356,23402.172397613525,0.0,33.0,24.0,1.0,0.7557142857142858,0.5098540615290403,0.5004125405102968,0.031471751630306244
double_centered_full_action_dqn,802,54,105.2873886615038,112.04795792893022,34.83724455535412,70.45014473199845,1.6850976655259728,20526.38842010498,0.0,30.0,0.0,1.0,0.7511904761904762,0.8162218704819679,0.8065601419657469,0.032205802970565856
double_centered_full_action_dqn,802,55,104.26019957661629,111.49230072722287,38.636685237288475,65.62351527810097,1.6818287260830402,22311.253635406494,0.0,27.0,0.0,0.0,0.7466666666666667,0.7600169628858566,0.7493132967501879,0.035678884480148554
double_centered_full_action_dqn,802,56,95.22770501077176,111.89653708495646,34.88494752347469,60.342756965756415,1.6109731337055564,20165.02268600464,0.0,27.0,0.0,1.0,0.7421428571428572,0.5859190821647644,0.5747588695958257,0.03720070095732808
double_centered_full_action_dqn,802,57,109.8210626617074,110.7463481126621,35.82283163815737,73.99823114275932,1.7030328586697578,20937.007106781006,0.0,32.0,0.0,0.0,0.7376190476190476,0.7101972978562117,0.6993233524262905,0.0362464755307883
double_centered_full_action_dqn,802,58,116.54012286961078,111.8880870688602,36.89437872171402,79.64574444591999,1.7379389125853777,21680.760848999023,0.0,33.0,0.0,2.0,0.7330952380952381,0.533765884116292,0.5232243193313479,0.03513853647746146
double_centered_full_action_dqn,802,59,121.08319653570652,112.36375893614141,36.91805803775787,84.165137976408,1.7378257252275944,22069.5094871521,0.0,36.0,0.0,0.0,0.7285714285714286,0.6923774983733892,0.6812375765293837,0.03713306412100792
double_centered_full_action_dqn,802,60,155.75830219662404,114.59258458798384,42.508317083120346,113.24998527741646,1.9773048255592585,26150.687530517578,0.0,35.0,17.0,1.0,0.724047619047619,0.5589448399841785,0.5482260370627046,0.03572933468967676
double_centered_full_action_dqn,802,61,115.20410803705454,115.08445174431063,37.18692193180323,78.01718610525131,1.7354685720056295,21730.286224365234,0.0,32.0,0.0,1.0,0.7195238095238095,0.690202634781599,0.6790276244282722,0.037250037654303014
double_centered_full_action_dqn,802,62,109.23661616444588,114.02994267585134,37.43834966421127,71.79826664924622,1.6809442266821861,21408.371784210205,0.0,30.0,0.0,1.0,0.7150000000000001,0.8421512497588992,0.8308549849316478,0.03765422769356519
double_centered_full_action_dqn,802,63,112.21088868379593,114.76523400592063,39.94112405180931,72.26976402103901,1.7120208460837603,23073.77049636841,0.0,31.0,0.0,0.0,0.7104761904761905,0.7929387651383877,0.7808683067560196,0.04023486049845815
double_centered_full_action_dqn,802,64,120.52308639883995,115.63129978740967,41.61755779385567,78.90552805364132,1.7760523688048124,23952.53363418579,0.0,33.0,0.0,0.0,0.7059523809523809,0.6530037987977266,0.6404700633138418,0.04177914222236723
double_centered_full_action_dqn,802,65,113.09064123034477,114.54561780199876,36.941048696637154,76.14959226548672,1.764608602039516,21822.81865310669,0.0,33.0,0.0,0.0,0.7014285714285715,0.7347064018249512,0.7219280451536179,0.04259450675453991
double_centered_full_action_dqn,802,66,111.47212383151054,114.83654183954468,36.93221653997898,74.5399070084095,1.7331192689016461,21746.16647720337,0.0,31.0,0.0,0.0,0.6969047619047619,0.6819600975140929,0.6699409168213606,0.04006393812596798
double_centered_full_action_dqn,802,67,108.95274616032839,115.2206355834799,37.09297091513872,71.85977545380592,1.6457393961027265,21169.399452209473,0.0,31.0,0.0,0.0,0.6923809523809523,0.6348498659208417,0.6232339730486274,0.038719621719792485
double_centered_full_action_dqn,802,68,104.71584268808365,114.99305720359555,37.27741873264313,67.43842346370221,1.616381331346929,20791.83436203003,0.0,31.0,0.0,1.0,0.687857142857143,0.7147640567272902,0.7026960290968418,0.040226735873147845
double_centered_full_action_dqn,802,69,99.35230745077133,113.91946673182625,35.953540086746216,63.3987674087286,1.6498821265995502,20337.215602874756,0.0,27.0,0.0,3.0,0.6833333333333333,0.6275047175586224,0.6166027896106243,0.036339753307402134
double_centered_full_action_dqn,802,70,99.91251011490822,113.26766607155878,37.922598123550415,61.989911663532254,1.6468392945826054,21250.398204803467,0.0,27.0,0.0,3.0,0.6788095238095238,0.9512035474181175,0.93694818764925,0.04751787427812815
double_centered_full_action_dqn,802,71,234.74979538791746,118.91368445410633,41.2596602588892,193.49013512902826,1.980268644168973,25683.92597579956,0.0,38.0,37.0,1.0,0.6742857142857144,0.7891362737864256,0.7756341341882944,0.04500714014284313
double_centered_full_action_dqn,802,72,125.8697664886713,119.54006078272366,40.94646891951561,84.92329838871956,1.8297014134004712,24127.30046081543,0.0,34.0,0.0,0.0,0.6697619047619048,0.7152238860726357,0.701532980427146,0.04563635936938226
double_centered_full_action_dqn,802,73,87.78522118926048,117.55268156692367,30.333390653133392,57.4518304169178,1.5563933607190847,17594.084489822388,0.0,26.0,0.0,1.0,0.6652380952380952,0.7647384032607079,0.7522804159671068,0.04152663075365126
double_centered_full_action_dqn,802,74,116.02564406394958,118.08959433704595,38.62567576766014,77.3999682366848,1.7031615795567632,21813.21128463745,0.0,33.0,0.0,2.0,0.6607142857142857,0.8060395866632462,0.7919806353747845,0.046863164752721786
double_centered_full_action_dqn,802,75,122.15669006109238,118.98441886126975,43.71189123392105,78.44479915499687,1.7824849598109722,24251.72882080078,0.0,34.0,0.0,0.0,0.6561904761904762,0.7776271151378751,0.7617457685992122,0.05293782602529973
double_centered_full_action_dqn,802,76,109.74065437912941,119.71006632968763,39.789708241820335,69.9509465098381,1.7235394166782498,22292.668128967285,0.0,33.0,0.0,0.0,0.6516666666666667,0.7728399969637394,0.7590214889496565,0.046061704168096185
double_centered_full_action_dqn,802,77,104.92439586818219,119.46523299001137,34.956700414419174,69.96769528985024,1.6368243293836713,19838.666458129883,0.0,31.0,0.0,1.0,0.6471428571428571,0.7226299606263638,0.709259781986475,0.0445672778878361
double_centered_full_action_dqn,802,78,131.5213000959498,120.21429185132831,37.40507200360298,94.11622789863175,1.8182251350954175,22604.16058731079,0.0,37.0,16.0,1.0,0.6426190476190476,1.1365306843072176,1.1229308731853962,0.045332723297178745
double_centered_full_action_dqn,802,79,116.4441187620163,119.98233796264381,38.851554334163666,77.59256442785264,1.724103620275855,22149.48846435547,0.0,33.0,0.0,1.0,0.6380952380952382,0.8917377777397633,0.8754339665174484,0.05434605642221868
double_centered_full_action_dqn,802,80,116.59922655820847,118.02438418072305,38.03491820394993,78.56430844366551,1.7429639641195536,22166.82733154297,0.0,33.0,0.0,1.0,0.6335714285714286,0.8266212791204453,0.8134692125022411,0.043840214842930436
double_centered_full_action_dqn,802,81,99.64432660639287,117.24639510918996,34.90662783384323,64.73769869804383,1.7096935911104083,20969.035652160645,0.0,28.0,0.0,1.0,0.6290476190476191,0.7315917406231165,0.7192410891875625,0.041168837691657245
double_centered_full_action_dqn,802,82,104.19530370235444,116.99432948608539,35.75283903628588,68.44246509075165,1.6247359123080969,19790.1326713562,0.0,30.0,0.0,3.0,0.6245238095238095,0.8875942043960094,0.8730952367186546,0.0483299158513546
double_centered_full_action_dqn,802,83,96.18284858763218,116.19292748127721,33.67702190577984,62.50582626461983,1.6049060868099332,19385.60118484497,0.0,27.0,0.0,0.0,0.62,0.7822346705943346,0.767641456797719,0.048644055146723986
double_centered_full_action_dqn,802,84,114.9719653531909,115.91537142899476,37.7458683103323,77.22609683424234,1.7284240406006575,21989.934635162354,0.0,32.0,0.0,2.0,0.6154761904761905,0.813588353805244,0.7995510697364807,0.04679096327163279
double_centered_full_action_dqn,802,85,114.29511960744858,115.97559534784993,39.63103476166725,74.66408490538598,1.8077669786289334,23453.752773284912,0.0,31.0,0.0,1.0,0.6109523809523809,0.8963221590965986,0.8829286340624094,0.04464508965611458
double_centered_full_action_dqn,802,86,93.46232159733772,115.0751052361413,35.98265963792801,57.47966122925281,1.6450884100049734,20672.953132629395,0.0,27.0,0.0,2.0,0.6064285714285714,1.0858824886381626,1.0699062962085009,0.05325397732667625
double_centered_full_action_dqn,802,87,123.441259765625,115.79953091640611,40.02511286735535,83.41614616811276,1.8316234443336725,23324.760944366455,0.0,36.0,0.0,2.0,0.6019047619047619,0.8994845151901245,0.8845632281154394,0.04973757255356759
double_centered_full_action_dqn,802,88,105.76749894917012,115.85211372946046,36.292673006653786,69.47482536137105,1.6771397683769464,20823.355125427246,0.0,31.0,0.0,1.0,0.5973809523809523,0.7760509196668863,0.7614490166306496,0.0486729945987463
double_centered_full_action_dqn,802,89,108.8238590657711,116.32569131021043,36.884219735860825,71.93963967263699,1.717865601181984,21793.350372314453,0.0,31.0,0.0,1.0,0.592857142857143,0.8616240359842777,0.8466460034251213,0.04992676759138703
double_centered_full_action_dqn,802,90,121.47805625200272,117.40396861706515,41.51326207816601,79.96479472517967,1.7682812875136733,23353.832405090332,0.0,33.0,0.0,3.0,0.5883333333333334,0.801930577494204,0.7861464405432343,0.05261378642171621
double_centered_full_action_dqn,802,91,106.40059066563845,110.98650838095121,36.535393334925175,69.86519731581211,1.6788982450962067,21082.368492126465,0.0,30.0,0.0,0.0,0.5838095238095238,1.044865496456623,1.0313811730593443,0.04494771547615528
double_centered_full_action_dqn,802,92,119.39554713666439,110.66279741335086,37.785039864480495,81.61050713062286,1.777138652279973,22009.715953826904,0.0,34.0,0.0,0.0,0.5792857142857144,0.9512174502015114,0.9365080762654543,0.049031238770112395
double_centered_full_action_dqn,802,93,116.33153715133668,112.09011321145468,38.565858498215675,77.76567968130112,1.7947112545371056,22603.481595993042,0.0,31.0,0.0,2.0,0.5747619047619048,0.9334809277206659,0.9165511019527912,0.05643273936584592
double_centered_full_action_dqn,802,94,119.87931317090988,112.28279666680268,40.325932495296,79.55338099598885,1.7327118199318647,22466.61137008667,0.0,34.0,0.0,1.0,0.5702380952380952,0.9646734539419413,0.9474179353564978,0.05751841375604272
double_centered_full_action_dqn,802,95,94.05035834610462,110.87748008105329,32.94884020090103,61.101517176628114,1.646192234940827,19118.287998199463,0.0,27.0,0.0,4.0,0.5657142857142857,0.7498063873499632,0.7333237351849675,0.05494219157844782
double_centered_full_action_dqn,802,96,110.47830932736397,110.91436282846503,35.82121069729328,74.65709894299508,1.6822094330564141,20674.798210144043,0.0,33.0,0.0,1.0,0.5611904761904762,0.8590491376817226,0.8414180241525173,0.058770368341356516
double_centered_full_action_dqn,802,97,109.27563852071762,111.1319249610918,37.252593129873276,72.02304537594318,1.6945792511105537,20974.177753448486,0.0,31.0,0.0,1.0,0.5566666666666666,0.8339555151760578,0.8174472711980343,0.055027469992637634
double_centered_full_action_dqn,802,98,91.29058304429054,109.12038910850883,34.158971935510635,57.13161073625088,1.615416007116437,19743.990142822266,0.0,27.0,0.0,1.0,0.5521428571428572,0.8481355514377356,0.8311848230659962,0.05650241463445127
double_centered_full_action_dqn,802,99,100.12390270829201,108.30437830582261,34.70072154700756,65.42318014800549,1.6229540323838592,19386.656406402588,0.0,29.0,0.0,1.0,0.5476190476190477,0.8295743279159069,0.8124942593276501,0.05693353689275682
double_centered_full_action_dqn,802,100,102.58687903285026,107.60376092955471,36.443668976426125,66.14321036934852,1.6290193106979132,20551.61901473999,0.0,28.0,0.0,2.0,0.5430952380952381,0.8012970313429832,0.7854497618973255,0.052824244601652026
double_centered_full_action_dqn,802,101,121.02789069712162,108.67293913409114,43.08976748585701,77.93812358379364,1.7631514249369502,23837.611080169678,0.0,32.0,0.0,0.0,0.5385714285714286,0.9757660198956728,0.9590824376791716,0.05561192077584565
double_centered_full_action_dqn,802,102,112.23585052788258,109.07496647536755,35.386014848947525,76.84983563423157,1.6139973876997828,20030.700122833252,0.0,33.0,0.0,0.0,0.5340476190476191,1.0797166544944048,1.0623842254281044,0.05777471628971398
double_centered_full_action_dqn,802,103,116.80729793310165,110.10618894264103,37.997344836592674,78.80995360314846,1.829757884144783,22833.637786865234,0.0,33.0,0.0,2.0,0.5295238095238095,0.8497600220143795,0.8327806238085032,0.056597966235131025
double_centered_full_action_dqn,802,104,89.87562670111656,108.85137201003731,31.75744765251875,58.1181793987751,1.5862756287679076,18561.01819229126,0.0,26.0,0.0,2.0,0.525,0.814429946243763,0.7970461491495371,0.057945969980210066
double_centered_full_action_dqn,802,105,109.88692291080952,108.63096217520535,41.89772177487612,67.9892006367445,1.7637358913198113,24124.507263183594,0.0,30.0,0.0,0.0,0.5204761904761905,0.8941348418593407,0.8774203807115555,0.05571486381813884
double_centered_full_action_dqn,802,106,89.58182758837938,108.43693747475743,32.364573650062084,57.21725396811962,1.5482150316238403,18579.56372833252,0.0,25.0,0.0,0.0,0.5159523809523809,0.996135737746954,0.9778753500431776,0.06086794100701809
double_centered_full_action_dqn,802,107,100.26983022838832,107.27836599789559,34.20868757367134,66.06114236414433,1.566636229865253,18992.1636428833,0.0,29.0,0.0,2.0,0.5114285714285716,0.9168466329574585,0.8992229718714952,0.05874554254114628
double_centered_full_action_dqn,802,108,114.87760349512101,107.73387122519314,40.39033026993275,74.48727353811265,1.7737952573224902,23493.08088684082,0.0,30.0,0.0,1.0,0.506904761904762,0.8624511286616325,0.8446275070309639,0.05941205355338752
double_centered_full_action_dqn,802,109,116.78969928622246,108.13216323621573,39.768236607313156,77.02146302163601,1.731909996829927,22466.937133789062,0.0,33.0,0.0,0.0,0.5023809523809524,1.3323356844484806,1.3136959858238697,0.06213233829475939
double_centered_full_action_dqn,802,110,110.5903489291668,107.58777787007394,36.157060630619526,74.43328867852688,1.727405090816319,21272.865676879883,0.0,32.0,0.0,1.0,0.4978571428571429,1.0760576743632555,1.0580259412527084,0.060105765936896205
double_centered_full_action_dqn,802,111,111.41469166576863,107.83848292008042,37.775849267840385,73.63884211480618,1.725545920431614,21759.266262054443,0.0,31.0,0.0,3.0,0.4933333333333334,0.8592411410063505,0.8411698564887047,0.06023760698735714
double_centered_full_action_dqn,802,112,108.84316723942757,107.31086392521858,38.516630440950394,70.32653635144234,1.7053090203553438,21725.159938812256,0.0,31.0,0.0,1.0,0.4888095238095238,0.8918685652315617,0.873182887211442,0.06228562304750085
double_centered_full_action_dqn,802,113,97.87944249808788,106.38825919255615,35.415704905986786,62.463737308979034,1.6606157645583153,20277.879665374756,0.0,27.0,0.0,0.0,0.4842857142857143,0.949532687664032,0.9304712656885386,0.06353807379491627
double_centered_full_action_dqn,802,114,106.57847645878792,105.72321735695004,39.06414069980383,67.51433578133583,1.6838618703186512,21715.04281616211,0.0,31.0,0.0,0.0,0.4797619047619047,1.0589940696954727,1.0416856538504362,0.05769470240920782
double_centered_full_action_dqn,802,115,87.58784469366074,105.40009167432785,31.23557186871767,56.352272847294806,1.5496171675622463,17994.27170944214,0.0,26.0,0.0,2.0,0.47523809523809524,0.9656127002090216,0.9478238206356764,0.0592962671071291
double_centered_full_action_dqn,802,116,94.84778968393803,104.61856569215657,33.47553640604019,61.37225248813629,1.600665113888681,19021.290590286255,0.0,26.0,0.0,1.0,0.47071428571428575,1.1316546387970448,1.114022720605135,0.05877300282008946
double_centered_full_action_dqn,802,117,95.13531595170498,103.91154956370592,36.43591386824846,58.69940247833729,1.6707356693223119,21093.235416412354,0.0,27.0,0.0,3.0,0.46619047619047627,1.3053378239274025,1.286906387656927,0.06143813533708453
double_centered_full_action_dqn,802,118,84.62792591005564,103.57841670699418,28.934572778642178,55.69335278868675,1.5187510047107935,16263.06379699707,0.0,26.0,0.0,0.0,0.46166666666666667,1.2862147688865662,1.2664725333452225,0.06580742984078825
double_centered_full_action_dqn,802,119,129.5738681346178,105.05091497831047,45.877412885427475,83.69645478725434,1.7935893051326275,25167.71686553955,0.0,35.0,0.0,1.0,0.4571428571428572,1.0460869167000055,1.0284934043884277,0.0586449985858053
double_centered_full_action_dqn,802,120,87.1803079098463,104.28058642216028,31.85577681660652,55.32453091442585,1.580373085103929,18557.953174591064,0.0,24.0,0.0,2.0,0.4526190476190477,1.127155862748623,1.107521202415228,0.06544886087067425
double_centered_full_action_dqn,802,121,111.57961555719376,103.80817266516388,38.65115623176098,72.92845922112465,1.7537227384746075,22418.54002761841,0.0,31.0,0.0,1.0,0.4480952380952381,0.9251747280359268,0.9065475389361382,0.06209066906012595
double_centered_full_action_dqn,802,122,92.1177813783288,102.80226920768618,32.72808387130499,59.38969774544239,1.591779638081789,18860.14253616333,0.0,27.0,0.0,1.0,0.4435714285714286,0.9828015528619289,0.9666088689118624,0.05397563660517335
double_centered_full_action_dqn,802,123,117.0142833918333,102.81261848062277,42.15942621231079,74.85485813319683,1.777456889860332,23429.334632873535,0.0,34.0,0.0,2.0,0.439047619047619,1.0682811886072159,1.050345165655017,0.05978669808246195
double_centered_full_action_dqn,802,124,105.28756048679352,103.58321516990661,36.60220493376255,68.68535589575768,1.6979958936572075,21079.560905456543,0.0,30.0,0.0,3.0,0.43452380952380953,0.9743040781468153,0.9572227671742439,0.05693767708726227
double_centered_full_action_dqn,802,125,111.30790126472712,103.6542640876025,41.36228271573782,69.94561884701253,1.754999072290957,23119.70426940918,0.0,30.0,0.0,1.0,0.43000000000000005,1.1574095413088799,1.134956343099475,0.07484398409724236
double_centered_full_action_dqn,802,126,83.79035122841597,103.36469026960432,31.8522771820426,51.93807359933853,1.5344069078564644,17808.352058410645,0.0,25.0,0.0,2.0,0.42547619047619056,1.16991070471704,1.1499451287090778,0.06655191886238754
double_centered_full_action_dqn,802,127,92.63818396031857,102.98310795620084,33.28263655304909,59.3555467069149,1.624669381417334,18981.447540283203,0.0,26.0,0.0,1.0,0.42095238095238097,0.9539256878197193,0.9341265168040991,0.06599722034297884
double_centered_full_action_dqn,802,128,95.17481852471829,101.99796870768073,33.53771033883095,61.637108290195464,1.6077820239588618,18822.962657928467,0.0,26.0,0.0,1.0,0.41642857142857137,0.9046352300792933,0.8841229304671288,0.06837433692999184
double_centered_full_action_dqn,802,129,98.67128431200982,101.09204795897008,34.386634178459644,64.28464960455895,1.6257972605526447,19580.58023071289,0.0,28.0,0.0,1.0,0.4119047619047619,1.0676309447735548,1.0483134295791388,0.06439168192446232
double_centered_full_action_dqn,802,130,90.14829407036305,100.0699452160299,30.19842328131199,59.94987132549286,1.5637131445109844,17497.776176452637,0.0,28.0,0.0,2.0,0.4073809523809524,0.9432458337396383,0.9248639270663261,0.06127300416119397
double_centered_full_action_dqn,802,131,111.65480625629425,100.08195094555619,37.227340787649155,74.42746543884277,1.7098881928250194,21545.085456848145,0.0,31.0,0.0,1.0,0.4028571428571429,0.8996117785573006,0.8809927608817816,0.062063391553238034
double_centered_full_action_dqn,802,132,86.99983678758144,98.98978442296387,30.94818715751171,56.05164900422096,1.608660721220076,18297.40997314453,0.0,24.0,0.0,1.0,0.39833333333333343,0.9517251588404179,0.9334618914872408,0.06087754259351641
double_centered_full_action_dqn,802,133,108.10190518200397,99.50090755715966,36.31185472011566,71.79005029797554,1.7018088148906827,20589.58183670044,0.0,32.0,0.0,0.0,0.39380952380952383,1.1714207716286182,1.1499257795512676,0.07164997351355851
double_centered_full_action_dqn,802,134,99.69050732254982,99.15650910034776,33.183923333883286,66.50658395886421,1.638673784211278,19313.510341644287,0.0,31.0,0.0,1.0,0.38928571428571423,0.9921528417617083,0.9738735724240541,0.06093088933266699
double_centered_full_action_dqn,802,135,97.06005140393972,99.63011943586172,34.04525659233332,63.01479488611221,1.6039941497147083,19471.176069259644,0.0,27.0,0.0,0.0,0.38476190476190475,1.2918331418186426,1.274147666990757,0.05895150708965957
double_centered_full_action_dqn,802,136,91.52983077764512,99.46422149054708,33.42001320421696,58.10981749892235,1.6098777269944549,18789.721225738525,0.0,26.0,0.0,1.0,0.38023809523809526,1.1136870048940182,1.0943721607327461,0.06438280292786658
double_centered_full_action_dqn,802,137,97.79781129956245,99.59734625793995,32.91625592112541,64.88155494630337,1.5625431556254625,18722.466766357422,0.0,28.0,0.0,0.0,0.3757142857142858,0.8974258471280336,0.8792413901537657,0.06061485270038247
double_centered_full_action_dqn,802,138,92.4269215926528,99.9872960420698,31.586966924369335,60.8399549216032,1.5812936685979366,17951.571937561035,0.0,28.0,0.0,1.0,0.3711904761904763,1.096626928076148,1.0772003587335348,0.06475523300468922
double_centered_full_action_dqn,802,139,96.6279798835516,98.3400016295165,32.35935802012682,64.2686223179102,1.5861522797495127,18502.515632629395,0.0,28.0,0.0,2.0,0.3666666666666667,1.3429464492946863,1.3247662466019392,0.06060072383843362
double_centered_full_action_dqn,802,140,93.56980138421059,98.65947630323471,31.637157052755356,61.93264448046684,1.5759701486676931,18073.423458099365,0.0,28.0,0.0,2.0,0.3621428571428572,1.10071437433362,1.083525825291872,0.05729517387226224
double_centered_full_action_dqn,802,141,100.51077715307474,98.10603438302876,35.039353743195534,65.47142334282398,1.6172291552647948,19748.105976104736,0.0,28.0,0.0,0.0,0.3576190476190476,1.4265082590281963,1.4066408909857273,0.06622452405281365
double_centered_full_action_dqn,802,142,114.516411870718,99.22596590764822,37.86010131239891,76.65631079673767,1.6965020326897502,21447.178871154785,0.0,34.0,0.0,1.0,0.35309523809523813,1.3688971661031246,1.3506748788058758,0.06074095773510635
double_centered_full_action_dqn,802,143,97.6638476550579,98.25844412080944,36.06084302067757,61.60300424695015,1.6855372386053205,20483.145763397217,0.0,28.0,0.0,0.0,0.34857142857142864,1.0398262180387974,1.019844874739647,0.06660445802845061
double_centered_full_action_dqn,802,144,91.9665697067976,97.59239458180964,33.456290781497955,58.510279193520546,1.6025616601109505,18897.477516174316,0.0,27.0,0.0,0.0,0.34404761904761905,0.9794863741844893,0.9598925299942493,0.06531282560899854
double_centered_full_action_dqn,802,145,95.55517022311687,96.80475802972913,32.62592426687479,62.92924574017525,1.6041914466768503,18753.49697494507,0.0,30.0,0.0,1.0,0.33952380952380956,1.1091805510222912,1.0888005439192057,0.06793331215158105
double_centered_full_action_dqn,802,146,102.31292292624713,97.73088661462069,36.28858747333288,66.02433509528638,1.6281416676938534,20017.12911605835,0.0,29.0,0.0,1.0,0.3350000000000001,1.0265393890440464,1.0083792731165886,0.06053372542373836
double_centered_full_action_dqn,802,147,69.85457556694746,96.59170619495214,27.43884263187647,42.41573280096054,1.4437722256407142,15183.074687957764,0.0,20.0,0.0,1.0,0.3304761904761905,0.9385732784867287,0.9207647163420916,0.0593618827406317
double_centered_full_action_dqn,802,148,92.86100487411022,96.47601551242174,30.772866681218147,62.08813899755478,1.6009737430140376,17806.50118637085,0.0,30.0,0.0,1.0,0.325952380952381,1.1963348481804132,1.1788632459938526,0.058238672791048884
double_centered_full_action_dqn,802,149,97.93306358158588,96.43910447590054,34.004784502089024,63.92827881872654,1.6155681917443871,19258.16759109497,0.0,30.0,0.0,0.0,0.3214285714285714,1.2843371834605932,1.2675494439899921,0.0559591013006866
double_centered_full_action_dqn,802,150,88.57156041562557,96.36026779316366,32.466924250125885,56.10463610589504,1.575314094312489,18200.487216949463,0.0,24.0,0.0,3.0,0.3169047619047619,1.1998555157333612,1.1805579327046871,0.06432524905540049
double_centered_full_action_dqn,802,151,101.06422658264637,95.83073880948126,36.79768820106983,64.26653788983822,1.6489980816841125,20464.596534729004,0.0,30.0,0.0,1.0,0.3123809523809524,1.097841689363122,1.0785429440438747,0.06432918692007661
double_centered_full_action_dqn,802,152,99.54214198887348,96.45785406954586,34.33422173559666,65.2079202234745,1.5673078149557114,18978.699592590332,0.0,30.0,0.0,0.0,0.30785714285714294,1.1691269986331463,1.1517594121396542,0.057891886215656996
double_centered_full_action_dqn,802,153,98.0969796717167,95.9576077940315,36.630308628082275,61.46667014956474,1.6315136151388288,20062.26902770996,0.0,28.0,0.0,1.0,0.30333333333333345,1.26685562543571,1.248021710664034,0.06277974974364042
double_centered_full_action_dqn,802,154,114.67230981588364,96.70669791869821,35.765368059277534,78.90694180130959,1.6659822426736355,20378.45578765869,0.0,35.0,0.0,0.0,0.29880952380952375,1.1093103289604187,1.0906223393976688,0.06229330343194306
double_centered_full_action_dqn,802,155,93.4580384656787,96.52659727178516,31.439535401761532,62.01850284785032,1.595596837811172,18131.58934020996,0.0,27.0,0.0,2.0,0.29428571428571426,1.0406850315630436,1.022872244939208,0.05937597225420177
double_centered_full_action_dqn,802,156,93.59959308803082,96.63008538730443,32.62055693566799,60.979036420583725,1.5857383953407407,18730.447105407715,0.0,27.0,0.0,0.0,0.2897619047619048,1.1829254385083914,1.1639349982142448,0.06330137932673097
double_centered_full_action_dqn,802,157,105.13563234508038,96.99697643958034,36.57791494578123,68.55771731734276,1.6187752932310104,19828.65923690796,0.0,30.0,0.0,1.0,0.2852380952380953,1.4653316996991634,1.4463734440505505,0.06319414870813489
double_centered_full_action_dqn,802,158,106.2744850218296,97.68935461103918,39.32319965958595,66.95128524303436,1.69107221160084,21522.701461791992,0.0,29.0,0.0,0.0,0.2807142857142858,1.354457190260291,1.3371258825063705,0.05777105293236673
double_centered_full_action_dqn,802,159,87.5477718487382,97.2353442092985,32.990556724369526,54.55721539258957,1.5684389984235168,18101.735919952393,0.0,26.0,0.0,0.0,0.2761904761904763,1.0313697829842567,1.0128794983029366,0.06163427047431469
double_centered_full_action_dqn,802,160,95.43861569464207,97.32878492482007,33.32806420326233,62.110551595687866,1.6030064187943935,18773.761749267578,0.0,27.0,0.0,0.0,0.2716666666666666,1.3019473031163216,1.2834645751863718,0.06160907610319555
double_centered_full_action_dqn,802,161,95.47767823934555,97.07712997913362,35.030572921037674,60.44710502028465,1.6286261174827814,19688.68772506714,0.0,27.0,0.0,0.0,0.2671428571428571,1.2365120705217123,1.2182497400790453,0.06087446422316134
double_centered_full_action_dqn,802,162,95.67918810248375,96.1352687907219,32.12109596282244,63.5580917596817,1.5814612107351422,18159.28115081787,0.0,28.0,0.0,1.0,0.26261904761904764,1.040133798494935,1.0213192123919725,0.06271527265198529
double_centered_full_action_dqn,802,163,96.56902392953634,96.08052760444582,33.18810888379812,63.38091520965099,1.5903710657730699,18683.505207061768,0.0,29.0,0.0,0.0,0.25809523809523816,1.48015246540308,1.4626064151525497,0.058486862340942025
double_centered_full_action_dqn,802,164,97.02996503710747,96.33369737096132,33.19794850796461,63.832016402482985,1.5825676945969462,18490.375984191895,0.0,28.0,0.0,1.0,0.25357142857142867,1.5008998662233353,1.4824043065309525,0.06165184220299125
double_centered_full_action_dqn,802,165,84.46970871239901,95.77942429542543,31.685624286532402,52.78408480584621,1.5533293569460511,18256.100589752197,0.0,24.0,0.0,1.0,0.24904761904761907,1.0793624855577946,1.0599394533783197,0.06474347808398306
double_centered_full_action_dqn,802,166,67.8916282966733,94.05835956394674,28.618036948144436,39.273591884970664,1.4638812048360705,15824.93592453003,0.0,20.0,0.0,2.0,0.2445238095238096,1.1442210003733635,1.1268410291522741,0.057933271396905184
double_centered_full_action_dqn,802,167,82.9479125842452,94.71302641481162,30.085643507540226,52.86226924061775,1.4954596906900406,16988.384086608887,0.0,25.0,0.0,2.0,0.24,1.0425422806292772,1.0245421137660742,0.0600005853921175
double_centered_full_action_dqn,802,168,96.7540370374918,94.9076780229807,32.34243059158325,64.41160625219345,1.5850373106077313,18012.413360595703,0.0,29.0,0.0,0.0,0.2354761904761905,1.246993774548173,1.229234592989087,0.05919729731976986
double_centered_full_action_dqn,802,169,103.72494360804558,95.19727202430369,34.7807976230979,68.94414567947388,1.6721038008108735,19852.93127632141,0.0,29.0,0.0,2.0,0.23095238095238102,1.2920651473104954,1.272271253168583,0.06597964675165713
double_centered_full_action_dqn,802,170,91.67419911921024,95.35240395948291,33.055448830127716,58.618750259280205,1.568231518380344,18378.21730041504,0.0,28.0,0.0,0.0,0.22642857142857142,1.4058931916952133,1.3857854567468166,0.06702575692906976
double_centered_full_action_dqn,802,171,95.67772699892521,95.08307898029685,34.44130276143551,61.236424028873444,1.6290817689150572,19803.94602584839,0.0,27.0,0.0,1.0,0.22190476190476194,1.2983155846595764,1.2781313620507717,0.067280737683177
double_centered_full_action_dqn,802,172,106.10497945547104,95.41122085362673,36.101228296756744,70.00375068187714,1.698671480640769,20888.95108795166,0.0,30.0,0.0,0.0,0.21738095238095245,1.241114005446434,1.2209734320640564,0.0671352508943528
double_centered_full_action_dqn,802,173,78.33879900872708,94.42331182047727,31.174813017249107,47.16398593187332,1.4906981028616428,17010.678827285767,0.0,23.0,0.0,1.0,0.21285714285714286,1.1807251702994108,1.1619064193218946,0.06272913794964552
double_centered_full_action_dqn,802,174,95.62208944559097,93.47080080196261,34.18320765346289,61.43888148665428,1.564268291927874,19245.753467559814,0.0,27.0,0.0,1.0,0.20833333333333337,1.031103927642107,1.0134390816092491,0.05888280994258821
double_centered_full_action_dqn,802,175,73.60304196923971,92.47805097714067,28.472388483583927,45.130654126405716,1.4765174193307757,15872.111339569092,0.0,22.0,0.0,1.0,0.20380952380952377,1.3716311417520046,1.3530077617615461,0.06207789294421673
double_centered_full_action_dqn,802,176,90.72910295426846,92.33452647045256,32.02747796475887,58.70162492990494,1.537431525066495,17697.40312576294,0.0,28.0,0.0,0.0,0.1992857142857143,1.1551863569766283,1.1374488472938538,0.05912503390572965
double_centered_full_action_dqn,802,177,86.11377561092377,91.38343363374472,32.81887986510992,53.29489555954933,1.5727852825075388,18408.59132385254,0.0,24.0,0.0,0.0,0.1947619047619048,1.2126650232821703,1.196668278425932,0.05332251079380512
double_centered_full_action_dqn,802,178,96.26109799146653,90.88276428222657,32.65728198736906,63.60381624996662,1.580550231039524,18385.852180480957,0.0,29.0,0.0,1.0,0.19023809523809532,1.1710692401975393,1.153906213119626,0.057210035156458616
double_centered_full_action_dqn,802,179,94.30620441734791,91.22068591065707,33.197774693369865,61.108429157733916,1.6208585407584906,18678.75981903076,0.0,27.0,0.0,2.0,0.18571428571428583,1.3531365226954222,1.3350584357976913,0.060260257218033075
double_centered_full_action_dqn,802,180,89.25639674812555,90.91157496333123,31.811792768537998,57.444603353738785,1.5329895857721567,17659.020149230957,0.0,27.0,0.0,0.0,0.18119047619047624,1.3429620787501335,1.3267577700316906,0.05401432700455189
double_centered_full_action_dqn,802,181,77.77232710421086,90.0263074065745,30.253364227712154,47.51896301805973,1.5045406129211187,16984.973600387573,0.0,21.0,0.0,1.0,0.17666666666666664,1.1999200843274593,1.1826660875231028,0.057513306150212884
double_centered_full_action_dqn,802,182,63.464777149260044,88.41558685891331,26.81272477656603,36.65205192565918,1.4304826194420457,15219.105457305908,0.0,18.0,0.0,0.0,0.17214285714285715,1.2106984835118055,1.1925717778503895,0.060422315960749984
double_centered_full_action_dqn,802,183,64.24331530928612,86.7993014279008,26.592808939516544,37.65050654113293,1.4068094855174422,14406.06008529663,0.0,18.0,0.0,0.0,0.16761904761904767,1.1599046047776937,1.142113707959652,0.059302978217601776
double_centered_full_action_dqn,802,184,99.3711049631238,86.9163584242016,34.47101981192827,64.90008489787579,1.6395699167624116,19364.709281921387,0.0,29.0,0.0,0.0,0.16309523809523818,1.1178338136523962,1.1010467819869518,0.05595678649842739
double_centered_full_action_dqn,802,185,85.75044974982738,86.98039547607303,29.20252837985754,56.547922018170354,1.4889411879703403,16234.302406311035,0.0,25.0,0.0,3.0,0.1585714285714287,1.3022698536515236,1.2856379859149456,0.05543954996392131
double_centered_full_action_dqn,802,186,105.72161126881838,88.87189462468028,34.897026903927326,70.82458475232124,1.6244823215529323,19355.433155059814,0.0,31.0,0.0,1.0,0.1540476190476191,1.2610703371465206,1.2434870302677155,0.05861106957308948
double_centered_full_action_dqn,802,187,89.47171152532101,89.19808457173407,32.7120281457901,56.75968331992626,1.572574627585709,17964.738166809082,0.0,25.0,0.0,1.0,0.1495238095238095,1.342661265283823,1.3257220201194286,0.05646414868533611
double_centered_full_action_dqn,802,188,93.37202251851559,89.02898384578526,32.06692296266556,61.305099391937254,1.588749890215695,17865.94813156128,0.0,28.0,0.0,1.0,0.14500000000000002,1.304370902478695,1.2868382781744003,0.05844207503832877
double_centered_full_action_dqn,802,189,80.34267304986716,87.85987031787636,31.05362156778574,49.28905118405819,1.4893865622580051,16928.225728988647,0.0,22.0,0.0,1.0,0.14047619047619053,1.7087588012218475,1.691556565463543,0.057340830098837614
double_centered_full_action_dqn,802,190,96.9123964458704,88.12178018420937,33.17921544611454,63.7331809848547,1.641935983672738,19061.301538467407,0.0,29.0,0.0,0.0,0.13595238095238105,1.1994278077036142,1.1835459489375353,0.05293955758679658
double_centered_full_action_dqn,802,191,84.48259019255639,87.56202334389091,31.75475698709488,52.72783322036266,1.5655561434105039,17817.565803527832,0.0,25.0,0.0,1.0,0.13142857142857145,1.319316752254963,1.3024083152413368,0.05636150948703289
double_centered_full_action_dqn,802,192,95.85643272101879,87.0495960071683,34.86167727410793,60.99475556612015,1.6324886558577418,19725.521787643433,0.0,28.0,0.0,0.0,0.12690476190476196,1.2312784977257252,1.212843170389533,0.06145103950984776
double_centered_full_action_dqn,802,193,95.99088111519814,87.93220011249186,31.028138130903244,64.96274358034134,1.5667635751888156,17321.67929840088,0.0,28.0,0.0,1.0,0.12238095238095237,1.2746699191629887,1.2579233273863792,0.0558219263330102
double_centered_full_action_dqn,802,194,75.32548581063747,86.91736993074417,28.716138005256653,46.60934790968895,1.4873197134584188,16455.3844871521,0.0,22.0,0.0,1.0,0.11785714285714288,1.1564771831035614,1.1391330193728209,0.05781387374736369
double_centered_full_action_dqn,802,195,84.77269671261311,87.47585266791285,29.910428628325462,54.86226821839809,1.5091626616194844,16718.715843200684,0.0,26.0,0.0,1.0,0.1133333333333334,1.3063871189951897,1.2888498902320862,0.058457419043406844
double_centered_full_action_dqn,802,196,77.3811956346035,86.80845730192961,28.092154391109943,49.289041593670845,1.4438688522204757,15832.791381835938,0.0,23.0,0.0,1.0,0.1088095238095238,1.1428046263754368,1.1271256189793348,0.05226333811879158
double_centered_full_action_dqn,802,197,87.93660371005535,86.89959870688618,29.835112400352955,58.10149100422859,1.5035778963938355,16791.946544647217,0.0,27.0,0.0,1.0,0.10428571428571431,0.8120530173182487,0.7951686028391123,0.05628141341730952
double_centered_full_action_dqn,802,198,84.51862494647503,86.31247505463661,31.423375867307186,53.09524890780449,1.5451899189502,17618.073501586914,0.0,24.0,0.0,0.0,0.09976190476190483,1.1152772959321737,1.099144585430622,0.05377567862160504
double_centered_full_action_dqn,802,199,73.1078450679779,85.2525570871681,26.88557332754135,46.2222716063261,1.4602994248270988,15190.913417816162,0.0,23.0,0.0,0.0,0.09523809523809534,1.2647397350519896,1.2473302129656076,0.05803172616288066
double_centered_full_action_dqn,802,200,74.66074128448963,84.5227743139863,28.615275964140892,46.04546540975571,1.4746949160471559,15996.624866485596,0.0,22.0,0.0,0.0,0.09071428571428575,1.1867075581103563,1.170225065201521,0.05494164046831429
double_centered_full_action_dqn,802,201,69.66314563155174,84.11731524035335,28.427169390022755,41.23597627878189,1.4598521012812853,15769.69342803955,0.0,20.0,0.0,0.0,0.08619047619047626,1.3050564136356115,1.2887816652655602,0.05424911994487047
double_centered_full_action_dqn,802,202,88.59828485548496,85.3739906256646,30.16090828180313,58.43737679719925,1.5360684292390943,16738.55546951294,0.0,26.0,0.0,0.0,0.08166666666666667,1.200325045734644,1.1849200576543808,0.05134990345686674
double_centered_full_action_dqn,802,203,80.71185620874166,86.19741767063738,29.540201999247074,51.17165446281433,1.497637677937746,16343.471418380737,0.0,24.0,0.0,1.0,0.07714285714285718,1.459813417866826,1.4410866480320692,0.06242260057479143
double_centered_full_action_dqn,802,204,92.69189638793469,85.86345724187791,31.123649664223194,61.56824752092361,1.554569042287767,17274.519968032837,0.0,28.0,0.0,1.0,0.0726190476190477,1.2787194345146418,1.2628184910863638,0.05300311977043748
double_centered_full_action_dqn,802,205,92.35420334637165,86.19364492170513,32.50440430641174,59.84979862272739,1.5642767045646906,17988.9151802063,0.0,27.0,0.0,3.0,0.06809523809523821,1.2502029463648796,1.2330757156014442,0.05709074903279543
double_centered_full_action_dqn,802,206,92.64068788290024,85.53959875240922,31.200571916997433,61.44011543691158,1.5543535389006138,17275.301891326904,0.0,27.0,0.0,1.0,0.06357142857142861,1.13797876983881,1.12090764939785,0.05690370174124837
double_centered_full_action_dqn,802,207,74.89306212961674,84.810666282624,29.825795330107212,45.06726658344269,1.5097482884302735,16850.09267807007,0.0,22.0,0.0,0.0,0.059047619047619015,1.126222973689437,1.1089618671685457,0.05753699783235788
double_centered_full_action_dqn,802,208,69.61559084951878,83.62284469917417,27.605140432715416,42.01045002937317,1.4398771692067385,15405.412006378174,0.0,20.0,0.0,1.0,0.05452380952380953,1.3229499347507954,1.3058027550578117,0.05715721216984093
double_centered_full_action_dqn,802,209,90.09821597486734,84.11062184542418,31.6622144728899,58.436000883579254,1.584835410118103,18067.177127838135,0.0,26.0,0.0,0.0,0.050000000000000044,1.4795152954757214,1.4624135699123144,0.05700569017790258
double_centered_full_action_dqn,802,210,83.81067270189524,83.45553565822543,29.55559343844652,54.25507932305336,1.5191505961120129,16513.17615890503,0.0,24.0,0.0,1.0,0.050000000000000044,1.2130226697772741,1.197936300188303,0.05028789769858122
double_centered_full_action_dqn,802,211,78.47769541293383,83.1552909192443,28.26255726069212,50.215138494968414,1.491436855867505,15922.159881591797,0.0,24.0,0.0,1.0,0.050000000000000044,1.3379606399685144,1.3189546186476946,0.06335341080557555
double_centered_full_action_dqn,802,212,73.8366536527872,82.0543019658327,28.44838707894087,45.38826699852943,1.4547256277874112,15444.669692993164,0.0,22.0,0.0,2.0,0.050000000000000044,1.1026901211589575,1.0852893888950348,0.05800244212150574
double_centered_full_action_dqn,802,213,60.16004522293806,80.26276017121971,25.284751944243908,34.87529317438602,1.4113983875140548,14230.336797714233,0.0,19.0,0.0,1.0,0.050000000000000044,1.2556684464216232,1.2390485107898712,0.05539975594729185
double_centered_full_action_dqn,802,214,88.73447069525719,80.9332094154507,30.90524585545063,57.82922528684139,1.5525140278041363,17552.856212615967,0.0,25.0,0.0,0.0,0.050000000000000044,1.3546748142689466,1.33735123090446,0.05774528672918677
double_centered_full_action_dqn,802,215,84.94950962215663,80.94205006092787,28.764920696616173,56.184588903188704,1.4944712202996016,15976.602390289307,0.0,26.0,0.0,1.0,0.050000000000000044,1.0917368531227112,1.0765482168644667,0.05062880017794669
double_centered_full_action_dqn,802,216,80.2979672729969,81.08788864284755,28.752428896725178,51.54553897976875,1.4793384997174144,15838.299774169922,0.0,24.0,0.0,2.0,0.050000000000000044,1.3468743786215782,1.3294007778167725,0.05824532965198159
double_centered_full_action_dqn,802,217,63.504482203722,79.86628256753087,27.56475981324911,35.93972233831882,1.4218385834246874,15003.066972732544,0.0,18.0,0.0,1.0,0.050000000000000044,1.58655939809978,1.5699936617165804,0.05521910823881626
double_centered_full_action_dqn,802,218,77.58398068845273,79.51955035462976,28.193894758820534,49.390085914731024,1.467668849043548,15819.781253814697,0.0,22.0,0.0,1.0,0.050000000000000044,1.616360668092966,1.599870165809989,0.054968347772955894
double_centered_full_action_dqn,802,219,65.78153509795666,79.1532348561287,25.580211952328682,40.201323413848876,1.4216437209397554,14507.622589111328,0.0,21.0,0.0,1.0,0.050000000000000044,1.396559113636613,1.3799694702029228,0.0552987945266068
double_centered_full_action_dqn,802,220,74.66889777928591,79.15364268086851,30.160797469317913,44.508099564909934,1.4959333380684257,16824.706565856934,0.0,21.0,0.0,2.0,0.050000000000000044,1.112452045083046,1.0964302103966475,0.053406155202537775
double_centered_full_action_dqn,802,221,75.104804725945,79.42572563558818,27.57790980488062,47.52689477205276,1.433475443162024,14933.407789230347,0.0,23.0,0.0,1.0,0.050000000000000044,1.5395892020314932,1.5217783842235804,0.05936943646520376
double_centered_full_action_dqn,802,222,72.52311594933272,78.62196719028057,28.20088367909193,44.32223246395588,1.450446080416441,15629.643215179443,0.0,21.0,0.0,1.0,0.050000000000000044,1.1273871324956417,1.1095529347658157,0.059447309700772166
double_centered_full_action_dqn,802,223,87.67420268207789,78.97008451394738,31.20649216324091,56.46771063804626,1.5507440641522408,17724.720085144043,0.0,24.0,0.0,1.0,0.050000000000000044,1.459247363731265,1.4429917763918638,0.05418529687449336
double_centered_full_action_dqn,802,224,108.97148808240891,79.7840640986711,36.48944212496281,72.48204574882985,1.718216941691935,20356.965240478516,0.0,32.0,0.0,3.0,0.050000000000000044,1.280894072726369,1.2637213598936796,0.0572423858102411
double_centered_full_action_dqn,802,225,71.50250730663538,78.74147929668428,26.017603039741516,45.48490384221077,1.433323560282588,14548.027400970459,0.0,23.0,0.0,0.0,0.050000000000000044,1.2025833800435066,1.1868548169732094,0.05242854217067361
double_centered_full_action_dqn,802,226,76.27949856519699,77.92341983079912,27.449436105787754,48.83006212413311,1.461637475527823,15642.533866882324,0.0,24.0,0.0,2.0,0.050000000000000044,1.3820514157414436,1.3672996051609516,0.04917267244309187
double_centered_full_action_dqn,802,227,88.3989302366972,78.59871323615313,32.161599174141884,56.237330958247185,1.577755362726748,18470.17907333374,0.0,25.0,0.0,0.0,0.050000000000000044,1.2726883608847857,1.2560494095087051,0.05546318995766342
double_centered_full_action_dqn,802,228,79.09108572602273,79.07248797997832,28.389981150627136,50.70110514163971,1.469623165205121,15479.579929351807,0.0,23.0,0.0,1.0,0.050000000000000044,1.4424564577639103,1.4255223795771599,0.05644693272188306
double_centered_full_action_dqn,802,229,79.24190145134926,78.52967225380243,27.46229764074087,51.779604682326315,1.4603063631802797,15302.701637268066,0.0,24.0,0.0,2.0,0.050000000000000044,1.406792813912034,1.3909114710986614,0.05293782567605376
double_centered_full_action_dqn,802,230,75.61680764257908,78.11997900083662,29.43451701849699,46.182290989160535,1.4778714533895254,16107.308368682861,0.0,22.0,0.0,3.0,0.050000000000000044,1.1720841992646456,1.1568596865981817,0.05074840399902314
double_centered_full_action_dqn,802,231,70.37785380333662,77.71498692035676,27.49042458832264,42.88742911815643,1.4354460295289755,15096.524032592773,0.0,19.0,0.0,0.0,0.050000000000000044,1.297693306580186,1.2819638289511204,0.05243155895732343
double_centered_full_action_dqn,802,232,104.29278130978346,79.23779330320657,35.387980587780476,68.90479981303216,1.6641980791464448,19713.51586151123,0.0,30.0,0.0,2.0,0.050000000000000044,1.1220114063471556,1.1052114963531494,0.05599966202862561
double_centered_full_action_dqn,802,233,94.96544848680496,80.9780634663999,30.578721150755882,64.38672796189785,1.5344612086191773,16951.688751220703,0.0,29.0,0.0,2.0,0.050000000000000044,1.2802055645734072,1.2641625609248877,0.053476702654734254
double_centered_full_action_dqn,802,234,96.51451445668935,81.36706565447153,35.51635291427374,60.99816184043884,1.6479358281940222,19668.56255340576,0.0,27.0,0.0,3.0,0.050000000000000044,1.376565696671605,1.3606825955212116,0.05294366809539497
double_centered_full_action_dqn,802,235,88.3803625434637,81.53860830053688,31.959719225764275,56.420643258094785,1.5374824348837137,17702.49486541748,0.0,26.0,0.0,2.0,0.050000000000000044,1.5315725691616535,1.5152610465884209,0.054371819365769625
double_centered_full_action_dqn,802,236,60.57579787969589,80.55249983087182,25.61127281188965,34.96452479958534,1.3928204588592052,14489.976467132568,0.0,19.0,0.0,1.0,0.050000000000000044,1.3536710012704134,1.3387794513255358,0.04963848856277764
double_centered_full_action_dqn,802,237,74.71840930134059,81.11319618575276,27.97158396244049,46.74682570397854,1.4484134213998914,15353.982685089111,0.0,22.0,0.0,2.0,0.050000000000000044,1.2219649888575077,1.205698449164629,0.05422173207625747
double_centered_full_action_dqn,802,238,68.83753199130297,80.67587375089528,28.408753417432308,40.428778529167175,1.4632489904761314,16021.20331954956,0.0,20.0,0.0,0.0,0.050000000000000044,1.3676079884171486,1.3512008730322123,0.05469038989394903
double_centered_full_action_dqn,802,239,96.58432991355657,82.21601349167527,33.89651720970869,62.687812346220014,1.6216374998912215,19085.754417419434,0.0,29.0,0.0,3.0,0.050000000000000044,1.4417045563459396,1.427367389202118,0.047790527110919356
double_centered_full_action_dqn,802,240,95.52445209026337,83.25879120722414,31.232943430542946,64.29150864481926,1.592127832584083,18097.167823791504,0.0,28.0,0.0,1.0,0.050000000000000044,1.2819855231791735,1.2674851790070534,0.04833442158997059
double_centered_full_action_dqn,802,241,88.3382076561451,83.92046135373414,28.791577354073524,59.546630257368086,1.4887064835056663,16137.768474578857,0.0,27.0,0.0,1.0,0.050000000000000044,1.2722867894917727,1.2559879310429096,0.05432954849675298
double_centered_full_action_dqn,802,242,88.95781962126493,84.74219653733076,31.647063717246056,57.31075579226017,1.5695992968976498,17741.71816635132,0.0,26.0,0.0,2.0,0.050000000000000044,1.7470232844352722,1.7329758554697037,0.046824769116938114
double_centered_full_action_dqn,802,243,83.60534589886666,84.5387536981702,28.344831064343452,55.2605142980814,1.4801634103059769,15756.778907775879,0.0,26.0,0.0,1.0,0.050000000000000044,1.2570732310414314,1.2416544072329998,0.051396109513007104
double_centered_full_action_dqn,802,244,89.13404811918736,83.54688170000912,31.39302183687687,57.741026774048805,1.543170821852982,17813.94623565674,0.0,25.0,0.0,0.0,0.050000000000000044,1.00374804623425,0.9891536347568035,0.0486480207182467
double_centered_full_action_dqn,802,245,76.52962071448565,83.79823737040162,28.039770506322384,48.489849865436554,1.4823238207027316,16081.092720031738,0.0,23.0,0.0,0.0,0.050000000000000044,1.261948574334383,1.2459536623209715,0.05331633682362735
double_centered_full_action_dqn,802,246,75.17189984172583,83.74285743422807,27.030627511441708,48.14127215147018,1.4190286183729768,14644.679180145264,0.0,25.0,0.0,1.0,0.050000000000000044,1.3449660576879978,1.3311687875539064,0.04599092644639313
double_centered_full_action_dqn,802,247,93.4276740193367,83.99429462336005,32.39720145240426,61.03047267496586,1.5698796948418021,18007.103548049927,0.0,26.0,0.0,2.0,0.050000000000000044,1.8016576655209064,1.785796858370304,0.052869324805215
double_centered_full_action_dqn,802,248,73.40835657715797,83.71015816591681,27.002414725720882,46.405941873788834,1.4301926521584392,14832.521360397339,0.0,23.0,0.0,1.0,0.050000000000000044,1.339698489755392,1.3239207081496716,0.052592595340684056
double_centered_full_action_dqn,802,249,86.08723884820938,84.05242503575981,29.55446520447731,56.532773435115814,1.5290378080680966,16847.115573883057,0.0,27.0,0.0,0.0,0.050000000000000044,1.1649064626544714,1.1483024675399065,0.055346640292555094
double_centered_full_action_dqn,802,250,84.07460560053588,84.47531493365766,31.58495143055916,52.489654222130774,1.548737975768745,17499.53731918335,0.0,25.0,0.0,4.0,0.050000000000000044,1.5654433723539114,1.5499709099531174,0.05157494673039764
double_centered_full_action_dqn,802,251,88.56231826543808,85.38453815676273,29.787801072001457,58.77451692521572,1.5485828761011362,16962.35618209839,0.0,27.0,0.0,0.0,0.050000000000000044,1.4483072441071272,1.4320875350385904,0.05406571947969496
double_centered_full_action_dqn,802,252,69.68797569721937,83.65429787613452,27.86884029954672,41.819135680794716,1.4576906757429242,15299.336750030518,0.0,21.0,0.0,1.0,0.050000000000000044,1.7427511811256409,1.727539662271738,0.050705108093097806
double_centered_full_action_dqn,802,253,82.08845370411873,83.01044813700021,29.596158757805824,52.49229490160942,1.493546936661005,16112.627834320068,0.0,23.0,0.0,1.0,0.050000000000000044,1.4918220322579145,1.4776247031986713,0.047324446495622396
double_centered_full_action_dqn,802,254,94.2905242830515,82.89924862831832,33.599311754107475,60.691212424635886,1.5890815928578377,18789.149700164795,0.0,27.0,0.0,1.0,0.050000000000000044,1.5805634390562773,1.56578972004354,0.049245692789554596
double_centered_full_action_dqn,802,255,96.48338636755943,83.30439981952311,32.43032883107662,64.05305740237236,1.57470837328583,18289.582038879395,0.0,29.0,0.0,2.0,0.050000000000000044,1.763499604538083,1.7477123402059078,0.05262410640716553
double_centered_full_action_dqn,802,256,76.49259594082832,84.10023972257973,28.852979443967342,47.63961645960808,1.4877704298123717,16066.653484344482,0.0,24.0,0.0,0.0,0.050000000000000044,1.7904454916715622,1.7733717150986195,0.05691252159886062
double_centered_full_action_dqn,802,257,108.54977122247219,85.7918078186363,35.47415504604578,73.0756153345108,1.6540252938866615,19665.063625335693,0.0,31.0,0.0,2.0,0.050000000000000044,1.5535142328590155,1.5384489707648754,0.05021755094639957
double_centered_full_action_dqn,802,258,84.47116476297379,86.57348945721984,30.423555821180344,54.04760880768299,1.5208526970818639,16892.32724761963,0.0,26.0,0.0,0.0,0.050000000000000044,1.3598432894796133,1.345806684345007,0.04678871075157076
double_centered_full_action_dqn,802,259,72.58380632847548,85.37346327796578,26.970577463507652,45.61322917044163,1.4221100192517042,14929.415100097656,0.0,23.0,0.0,0.0,0.050000000000000044,1.5800702534615993,1.567219391465187,0.04283629031851888
double_centered_full_action_dqn,802,260,77.85602687299252,84.49004201710224,31.14709185063839,46.70893481373787,1.5181278800591826,17375.21449279785,0.0,23.0,0.0,0.0,0.050000000000000044,1.352243511006236,1.3387299999594688,0.045045055099762976
double_centered_full_action_dqn,802,261,90.58200996369123,84.60223213247954,30.789541944861412,59.79246813058853,1.553007165901363,17279.759605407715,0.0,28.0,0.0,0.0,0.050000000000000044,1.739608034491539,1.7247420269995928,0.04955334356054664
double_centered_full_action_dqn,802,262,75.65583808869124,83.93713305585086,29.184883311390877,46.47095456123352,1.499792248941958,16290.046112060547,0.0,22.0,0.0,1.0,0.050000000000000044,1.6461167130619287,1.6320666894316673,0.04683340201154351
double_centered_full_action_dqn,802,263,66.97737815678119,83.1057346687466,26.45185460150242,40.525523346662524,1.420765332877636,14915.29175567627,0.0,20.0,0.0,3.0,0.050000000000000044,1.1518420949578285,1.1372972056269646,0.04848290712106973
double_centered_full_action_dqn,802,264,86.78258293271065,82.98816140942277,29.652361750602722,57.13022103309631,1.5103282546624541,16329.107292175293,0.0,26.0,0.0,1.0,0.050000000000000044,1.1067699175328016,1.0931324921548367,0.045458094915375113
double_centered_full_action_dqn,802,265,82.55662068128586,83.28951140776277,30.28898911178112,52.26763161420822,1.5074313171207905,17200.17329978943,0.0,24.0,0.0,1.0,0.050000000000000044,1.2601314075291157,1.244960717856884,0.0505689192796126
double_centered_full_action_dqn,802,266,74.42699883878231,83.25226635761561,28.373599089682102,46.05339968204498,1.4608324030414224,15630.742582321167,0.0,22.0,0.0,2.0,0.050000000000000044,1.5621102470904589,1.5486433394253254,0.04488971293903887
double_centered_full_action_dqn,802,267,103.78322979807854,83.77004414655269,33.79871818423271,69.98451186716557,1.612112971022725,18790.947509765625,0.0,30.0,0.0,0.0,0.050000000000000044,1.30993777140975,1.2946371547877789,0.05100202327594161
double_centered_full_action_dqn,802,268,90.64760194122792,84.63200641475619,32.24314984679222,58.40445204973221,1.6060971599072218,18378.27960395813,0.0,26.0,0.0,2.0,0.050000000000000044,1.148446150124073,1.1339424811303616,0.04834556707646698
double_centered_full_action_dqn,802,269,75.79390982687474,84.11733996368946,27.393247105181217,48.400662967562674,1.4350028382614255,15249.260887145996,0.0,23.0,0.0,1.0,0.050000000000000044,1.3804256170988083,1.3644522950053215,0.05324440123513341
double_centered_full_action_dqn,802,270,88.765680834651,84.35189372539521,30.385283783078194,58.38039679825306,1.5104860058054328,16989.87944793701,0.0,27.0,0.0,0.0,0.050000000000000044,1.62358015216887,1.6093569695949554,0.04741066973656416
double_centered_full_action_dqn,802,271,88.73939814418554,84.36074771933258,31.21195962280035,57.52743807435036,1.5613688500598073,17397.532356262207,0.0,27.0,0.0,0.0,0.050000000000000044,1.3793753869831562,1.3668376617133617,0.041792357922531664
double_centered_full_action_dqn,802,272,73.4311096161604,84.54790441527965,26.113224536180496,47.317885452508925,1.4304132517427206,14378.939464569092,0.0,23.0,0.0,2.0,0.050000000000000044,1.7625380419194698,1.748158436268568,0.0479320571757853
double_centered_full_action_dqn,802,273,82.56538397222758,84.57175092868508,28.578237645328045,53.987146535515784,1.4834741251543164,16070.378269195557,0.0,24.0,0.0,2.0,0.050000000000000044,1.4856331795454025,1.4708496369421482,0.04927846812643111
double_centered_full_action_dqn,802,274,72.63682202398778,83.48906581573189,29.238330617547035,43.39849133193493,1.4598242081701756,15890.030918121338,0.0,21.0,0.0,1.0,0.050000000000000044,2.0995743107050657,2.0863395165652037,0.04411593056283891
double_centered_full_action_dqn,802,275,87.03919845819473,83.01685642026366,30.277795866131783,56.76140259206295,1.549811638891697,17152.559810638428,0.0,27.0,0.0,1.0,0.050000000000000044,1.6670817732810974,1.6535123586654663,0.045231368858367205
double_centered_full_action_dqn,802,276,78.717489258945,83.1281010861695,30.847686551511288,47.86980226039886,1.557608180679381,17637.255348205566,0.0,23.0,0.0,1.0,0.050000000000000044,1.6183323208242655,1.6035081185400486,0.049413990462198853
double_centered_full_action_dqn,802,277,66.87001574784517,81.04411331243814,27.111412793397903,39.758603006601334,1.4107862580567598,15498.339576721191,0.0,20.0,0.0,0.0,0.050000000000000044,1.319141250103712,1.3039018530398607,0.05079792463220656
double_centered_full_action_dqn,802,278,104.14080040156841,82.02759509436787,34.12643551826477,70.01436534523964,1.636148345656693,19389.500705718994,0.0,30.0,0.0,0.0,0.050000000000000044,1.2639164198189974,1.2506576534360647,0.04419590602628887
double_centered_full_action_dqn,802,279,75.38774362504482,82.16779195919634,27.824341498315334,47.56340205967426,1.470405776053667,15539.897361755371,0.0,23.0,0.0,2.0,0.050000000000000044,1.1809399295598269,1.1678973864763975,0.04347518284339458
double_centered_full_action_dqn,802,280,77.18029017746449,82.13400512441993,29.21428233385086,47.96600767970085,1.4947094460949302,16431.58139038086,0.0,23.0,0.0,1.0,0.050000000000000044,1.1785922273993492,1.1642477195709944,0.04781499714590609
double_centered_full_action_dqn,802,281,75.95645464211702,81.40272735834122,28.54115054011345,47.4153039008379,1.4769871337339282,15985.146411895752,0.0,23.0,0.0,1.0,0.050000000000000044,1.484371030703187,1.4686978626996279,0.05224382062442601
double_centered_full_action_dqn,802,282,83.59444666951894,81.7996577873826,29.637875452637672,53.95657103061676,1.5184929557144642,16764.96604347229,0.0,26.0,0.0,3.0,0.050000000000000044,1.269677935168147,1.2556942831724882,0.04661218717228621
double_centered_full_action_dqn,802,283,96.40403712838888,83.27099073596298,32.12732596695423,64.2767110645771,1.5850594509392977,18048.988765716553,0.0,29.0,0.0,3.0,0.050000000000000044,1.3918050657957792,1.378641227260232,0.04387943563051522
double_centered_full_action_dqn,802,284,88.75656509399414,83.36968984402715,30.587438628077507,58.16912692785263,1.5453238962218165,17294.126373291016,0.0,26.0,0.0,0.0,0.050000000000000044,1.6099734976887703,1.5972514264285564,0.042406871914863586
double_centered_full_action_dqn,802,285,75.34875012487173,83.00929631620644,27.88124878704548,47.46750113666057,1.4620518870651722,15968.560091018677,0.0,22.0,0.0,4.0,0.050000000000000044,1.633919907733798,1.619985967874527,0.04644654062576592
double_centered_full_action_dqn,802,286,70.34043676406145,82.80496821247041,27.095574505627155,43.24486207962036,1.4406831366941333,15044.513656616211,0.0,21.0,0.0,1.0,0.050000000000000044,1.4856551121920347,1.4722337517887354,0.04473785776644945
double_centered_full_action_dqn,802,287,51.32284730672836,80.1819490879029,24.141989447176456,27.18085739016533,1.3639667490497231,13434.480302810669,0.0,17.0,0.0,1.0,0.050000000000000044,1.5108688473701477,1.496629722416401,0.047463740105740726
double_centered_full_action_dqn,802,288,56.63256023079157,78.4811970023811,24.66505766659975,31.96750235557556,1.3592654010280967,13443.828205108643,0.0,18.0,0.0,0.0,0.050000000000000044,1.280481643974781,1.2676498387008905,0.04277269693557173
double_centered_full_action_dqn,802,289,92.92158584296703,79.33758080318572,30.451711788773537,62.46987426280975,1.5577475419268012,17577.147258758545,0.0,27.0,0.0,1.0,0.050000000000000044,2.057465063408017,2.042824976146221,0.04880031116772443
double_centered_full_action_dqn,802,290,86.87826226651669,79.243209874779,31.42283606529236,55.45542633533478,1.5514131672680378,17933.353233337402,0.0,25.0,0.0,0.0,0.050000000000000044,1.5468059182167053,1.5327685549855232,0.046791199361905456
double_centered_full_action_dqn,802,291,72.17517004907131,78.41499847002328,27.777474224567413,44.39769522845745,1.4548158487305045,15992.255569458008,0.0,23.0,0.0,0.0,0.050000000000000044,1.221219165250659,1.2069885861128569,0.047435239888727665
double_centered_full_action_dqn,802,292,86.26716285347939,79.05680113188923,31.854166194796562,54.41299653947353,1.5507259909063578,17768.234420776367,0.0,27.0,0.0,2.0,0.050000000000000044,1.4248878937214613,1.4108807314187288,0.046690590446814895
double_centered_full_action_dqn,802,293,89.71343371421099,79.41420361898841,31.295878298580647,58.41755502820015,1.586941390298307,18183.972606658936,0.0,25.0,0.0,2.0,0.050000000000000044,1.3520540073513985,1.3397339172661304,0.04106701142154634
double_centered_full_action_dqn,802,294,80.0615444779396,79.78543974168599,29.095184564590454,50.96635991334915,1.4959732787683606,16368.556503295898,0.0,25.0,0.0,1.0,0.050000000000000044,1.748270470649004,1.7342883758246899,0.046607002848759294
double_centered_full_action_dqn,802,295,79.93056636452675,79.4300081370026,29.272346422076225,50.65822007656097,1.5007596565410495,16302.85061264038,0.0,24.0,0.0,1.0,0.050000000000000044,1.7154451757669449,1.7030997164547443,0.041151580633595586
double_centered_full_action_dqn,802,296,89.01118516325951,79.94469293221832,30.60571701079607,58.40546796619892,1.5000923266634345,16834.47938156128,0.0,27.0,0.0,2.0,0.050000000000000044,1.3695861157029867,1.3567939791828394,0.04264041280839592
double_centered_full_action_dqn,802,297,65.601603525877,79.88127232111991,25.415457010269165,40.18614691793918,1.386063739657402,14225.751605987549,0.0,21.0,0.0,2.0,0.050000000000000044,1.2787212040275335,1.2648903895169497,0.046102753607556224
double_centered_full_action_dqn,802,298,83.88741050064564,78.86860282607378,30.409110240638256,53.47829996943474,1.5190648352727294,16462.150730133057,0.0,25.0,0.0,3.0,0.050000000000000044,1.503353614360094,1.4897481501102448,0.04535156092606485
double_centered_full_action_dqn,802,299,71.5263879224658,78.67553504094482,28.126797549426556,43.39959028363228,1.4593366580083966,15645.618062973022,0.0,22.0,0.0,0.0,0.050000000000000044,1.3697919640690088,1.3558437544852495,0.04649405903182924
double_centered_full_action_dqn,802,300,86.72326458245516,79.15268376119435,30.87262821942568,55.85063663125038,1.5523160193115473,17741.29648208618,0.0,25.0,0.0,1.0,0.050000000000000044,1.4122213274240494,1.3984678741544485,0.04584485781379044
double_centered_full_action_dqn,802,301,100.70233918726444,80.38997798845173,33.59459738433361,67.10774263739586,1.647340145893395,19353.890300750732,0.0,30.0,0.0,1.0,0.050000000000000044,1.7236756458878517,1.7097825054079294,0.046310443663969636
double_centered_full_action_dqn,802,302,79.33357562124729,80.17693443603814,28.86625185608864,50.4673243612051,1.5009498549625278,16208.526145935059,0.0,23.0,0.0,0.0,0.050000000000000044,1.288082554936409,1.2747930735349655,0.04429825732950121
double_centered_full_action_dqn,802,303,70.84957064986229,78.8992111121118,25.290250942111015,45.55931984186172,1.3854177314788103,14188.78087425232,0.0,23.0,0.0,3.0,0.050000000000000044,1.4784079063683748,1.4664536640048027,0.03984746034257114
double_centered_full_action_dqn,802,304,89.43818280100822,78.9332919974625,29.86628767848015,59.57189525663853,1.5252403486520052,16894.254154205322,0.0,28.0,0.0,0.0,0.050000000000000044,1.2753424942493439,1.2621876522898674,0.04384948348160833
double_centered_full_action_dqn,802,305,89.12909383475781,79.62230918295683,31.287088461220264,57.84200505316257,1.532697383314371,17369.735790252686,0.0,26.0,0.0,1.0,0.050000000000000044,1.8780312296003103,1.8650888539850712,0.043141221976839006
double_centered_full_action_dqn,802,306,67.96416034698487,79.503495362103,28.01518316566944,39.94897727072239,1.4518227186053991,15632.590515136719,0.0,20.0,0.0,3.0,0.050000000000000044,1.6823537107557058,1.6685644183307886,0.045964308083057404
double_centered_full_action_dqn,802,307,86.81944620609283,81.27832530707121,29.747926220297813,57.07151961326599,1.548431407660246,17155.842182159424,0.0,27.0,0.0,0.0,0.050000000000000044,1.6848872192203999,1.6712901815772057,0.04532345733605325
double_centered_full_action_dqn,802,308,81.74425665438176,82.53391012825072,28.67981481552124,53.06444136202335,1.4931338764727116,16428.21301651001,0.0,24.0,0.0,1.0,0.050000000000000044,1.656596377491951,1.6430381573736668,0.04519401304423809
double_centered_full_action_dqn,802,309,72.98278528749942,81.53697010047735,27.808812513947487,45.17397246062755,1.4250712264329195,15197.030414581299,0.0,21.0,0.0,2.0,0.050000000000000044,1.50770702958107,1.494682401418686,0.04341536993160844
double_centered_full_action_dqn,802,310,79.90082430839539,81.18809820257128,28.513249561190605,51.38757465779781,1.463224120438099,15929.375274658203,0.0,25.0,0.0,0.0,0.050000000000000044,1.5246478971093893,1.5126401279121637,0.040025890921242535
double_centered_full_action_dqn,802,311,82.58780946582556,81.708730173409,30.54791074246168,52.03989893198013,1.5178058054298162,17060.69511604309,0.0,24.0,0.0,1.0,0.050000000000000044,1.6356282252818346,1.6230348646640778,0.04197781439870596
double_centered_full_action_dqn,802,312,76.80163772404194,81.23545391693712,29.1291633695364,47.672473788261414,1.4892097394913435,16206.42264175415,0.0,22.0,0.0,1.0,0.050000000000000044,1.5084739942103624,1.4951787050813437,0.044317605905234814
double_centered_full_action_dqn,802,313,82.20652084052563,80.86010827325285,28.73274616897106,53.4737745821476,1.4885644689202309,16194.69087600708,0.0,25.0,0.0,0.0,0.050000000000000044,1.5753844026476145,1.5646425765007734,0.03580615937244147
double_centered_full_action_dqn,802,314,86.8368870779872,81.19887540325524,29.2309335693717,57.605953299999236,1.5164030874148011,16710.52593612671,0.0,27.0,0.0,3.0,0.050000000000000044,1.6451606918126345,1.6330915875732899,0.04023036197759211
double_centered_full_action_dqn,802,315,85.30770426988602,81.4677322985232,30.38776668906212,54.91993798315525,1.5496430601924658,17593.459159851074,0.0,25.0,0.0,1.0,0.050000000000000044,1.6910629887133837,1.6794128138571978,0.03883393679279834
double_centered_full_action_dqn,802,316,76.45083484947682,80.83971478283406,28.82095541059971,47.62987985610962,1.4532097363844514,15858.587795257568,0.0,21.0,0.0,1.0,0.050000000000000044,1.8262212947010994,1.8135648481547832,0.04218820098321885
double_centered_full_action_dqn,802,317,70.26482500284911,81.07287585668267,27.303604878485203,42.96122010946274,1.4433328220620751,15258.793907165527,0.0,21.0,0.0,2.0,0.050000000000000044,1.7407522164285183,1.72931557148695,0.03812214860226959
double_centered_full_action_dqn,802,318,75.89306531101465,80.67315859720112,28.538938961923122,47.35412618517876,1.470857659354806,15892.177654266357,0.0,22.0,0.0,0.0,0.050000000000000044,1.3717733435332775,1.359724584966898,0.0401624646037817
double_centered_full_action_dqn,802,319,78.75071348249912,81.03437487520279,28.178728461265564,50.571985229849815,1.4708400508388877,15928.063999176025,0.0,24.0,0.0,0.0,0.050000000000000044,1.1442361753433943,1.1309804189950228,0.044185854378156364
double_centered_full_action_dqn,802,320,86.14309142529964,81.005366217345,29.285635396838188,56.85745561122894,1.531905086711049,16935.369331359863,0.0,25.0,0.0,2.0,0.050000000000000044,1.2600779253989458,1.248515097424388,0.03854276635684073
double_centered_full_action_dqn,802,321,71.64082474410534,79.55229049518705,26.277993731200695,45.362830901145934,1.4108255449682474,14710.970565795898,0.0,23.0,0.0,1.0,0.050000000000000044,1.8298427611589432,1.817748673260212,0.04031357914209366
double_centered_full_action_dqn,802,322,91.10867730528116,80.14104557938875,32.86977814882994,58.238899663090706,1.5828681029379368,18316.835298538208,0.0,27.0,0.0,1.0,0.050000000000000044,1.862541949376464,1.8487458620220423,0.04598702141083777
double_centered_full_action_dqn,802,323,79.10228851586581,80.55368147268892,28.598990596830845,50.50329808294773,1.4980258755385876,16594.27530670166,0.0,23.0,0.0,1.0,0.050000000000000044,1.468089733272791,1.4567091763019562,0.03793513681739569
double_centered_full_action_dqn,802,324,82.73370635509491,80.21845765039326,30.172486290335655,52.56122054159641,1.5096442205831409,16716.37501525879,0.0,25.0,0.0,0.0,0.050000000000000044,1.7520760297775269,1.7397494912147522,0.04108851484488696
double_centered_full_action_dqn,802,325,77.71116031706333,79.64756097450852,27.98571479320526,49.72544540464878,1.468988586217165,15894.584999084473,0.0,24.0,0.0,1.0,0.050000000000000044,1.3000182788819075,1.2861260455101728,0.04630739020649344
double_centered_full_action_dqn,802,326,75.40046068280935,80.01937599129975,28.17864131182432,47.221819311380386,1.4849645989015698,15987.486045837402,0.0,23.0,0.0,2.0,0.050000000000000044,1.5381380133330822,1.5260070003569126,0.0404367403825745
double_centered_full_action_dqn,802,327,95.86181802451611,80.47149458222091,31.321527250111103,64.54029133319855,1.555751700885594,17383.01378440857,0.0,28.0,0.0,1.0,0.050000000000000044,1.4599435105919838,1.4469443894922733,0.04333036707248539
double_centered_full_action_dqn,802,328,86.36601681262255,80.70258259013296,29.696301333606243,56.66971558332443,1.533250623382628,17117.82385635376,0.0,28.0,0.0,0.0,0.050000000000000044,1.8459396287798882,1.8346903175115585,0.037497644778341055
double_centered_full_action_dqn,802,329,86.33873923867941,81.37038028769196,31.149529822170734,55.1892099827528,1.5698367450386286,18108.474977493286,0.0,28.0,0.0,0.0,0.050000000000000044,1.639646664261818,1.627353746443987,0.04097640246618539
double_centered_full_action_dqn,802,330,65.53616383075715,80.65214726381005,25.29245162010193,40.2437120616436,1.3649293323978782,13906.40251159668,0.0,19.0,0.0,1.0,0.050000000000000044,1.6681061089038849,1.656480921432376,0.03875067783519626
double_centered_full_action_dqn,802,331,91.58958861231804,81.10223622113467,30.145698100328445,61.44389057159424,1.5139403631910682,16938.726942062378,0.0,26.0,0.0,0.0,0.050000000000000044,1.3974525034427643,1.3842029720544815,0.04416506877169013
double_centered_full_action_dqn,802,332,86.70043853670359,81.59717626176776,30.916193433105946,55.78424517810345,1.5559930996969342,17638.952068328857,0.0,27.0,0.0,0.0,0.050000000000000044,1.3429211471229792,1.3309181611984968,0.0400099252583459
double_centered_full_action_dqn,802,333,78.92663586437702,81.43318201296032,29.60576893389225,49.32086670696735,1.5066764578223228,16540.641777038574,0.0,22.0,0.0,2.0,0.050000000000000044,1.5461694803088903,1.5323625523597002,0.04602305172011256
double_centered_full_action_dqn,802,334,80.68616213649511,81.12564576588571,30.25064044445753,50.43552139401436,1.509265880100429,17136.031330108643,0.0,23.0,0.0,0.0,0.050000000000000044,1.322174347937107,1.3097956106066704,0.04126241896301508
double_centered_full_action_dqn,802,335,84.02052844315767,81.06128697454929,29.333253286778927,54.68727461993694,1.4873111145570874,16271.329666137695,0.0,25.0,0.0,0.0,0.050000000000000044,1.6397561244666576,1.6280648037791252,0.03897107322700322
double_centered_full_action_dqn,802,336,89.18925166130066,81.69820781514048,30.096775226294994,59.092476561665535,1.5576572734862566,17573.921661376953,0.0,27.0,0.0,0.0,0.050000000000000044,1.3518306203186512,1.3398389462381601,0.03997227130457759
double_centered_full_action_dqn,802,337,77.15949627012014,82.04294137850404,27.358859233558178,49.800636887550354,1.4399203611537814,15404.151550292969,0.0,24.0,0.0,0.0,0.050000000000000044,1.751214100047946,1.738791273906827,0.04140933905728161
double_centered_full_action_dqn,802,338,70.49033249914646,81.77280473791063,27.067191302776337,43.423140943050385,1.4414451327174902,15216.025085449219,0.0,19.0,0.0,0.0,0.050000000000000044,1.7214453648775816,1.7087654527276754,0.04226637864485383
double_centered_full_action_dqn,802,339,84.29198437184095,82.04986828237773,30.374467603862286,53.917517334222794,1.5440819524228573,17525.690740585327,0.0,24.0,0.0,2.0,0.050000000000000044,1.5052908081561327,1.493561202660203,0.03909868828486651
double_centered_full_action_dqn,802,340,82.92478881031275,81.88895315162839,28.375495366752148,54.549293518066406,1.4850104209035635,15840.102661132812,0.0,24.0,0.0,1.0,0.050000000000000044,1.4793454464524984,1.467386296018958,0.03986384021118283
double_centered_full_action_dqn,802,341,72.34567063450814,81.92419544614852,27.309593975543976,45.036076644062994,1.4409976294264197,15245.735527038574,0.0,21.0,0.0,1.0,0.050000000000000044,1.767308684065938,1.7567094471305609,0.03533085051458329
double_centered_full_action_dqn,802,342,85.99206354469061,81.668364758119,30.420427218079567,55.57163690030575,1.573337129317224,17559.660717010498,0.0,25.0,0.0,0.0,0.050000000000000044,1.4098072592169046,1.3973191175609827,0.041627148631960154
double_centered_full_action_dqn,802,343,73.93611058592796,81.4100558616221,28.560085244476795,45.37602540850639,1.4736037086695433,16095.871570587158,0.0,24.0,0.0,1.0,0.050000000000000044,1.5264031141996384,1.5149463135749102,0.03818936413154006
double_centered_full_action_dqn,802,344,70.54757925868034,80.80074950680137,27.728697702288628,42.818880811333656,1.457159759476781,15910.663513183594,0.0,20.0,0.0,2.0,0.050000000000000044,1.5072679352015257,1.4961067289113998,0.03720403462648392
double_centered_full_action_dqn,802,345,88.60662502199412,81.3455227420479,29.48782003670931,59.118805491924284,1.555261249653995,17312.570205688477,0.0,25.0,0.0,2.0,0.050000000000000044,1.818340653553605,1.8050810061395168,0.044198861345648766
double_centered_full_action_dqn,802,346,84.9253545999527,81.82176743790508,28.754401959478855,56.17095294594765,1.4659345429390669,16158.879261016846,0.0,27.0,0.0,1.0,0.050000000000000044,1.5659191068261862,1.5549718663096428,0.03649077075533569
double_centered_full_action_dqn,802,347,76.89081747829914,80.87321741059422,27.487263210117817,49.403554022312164,1.45524834189564,15749.96675491333,0.0,24.0,0.0,1.0,0.050000000000000044,1.297875126823783,1.2859906777739525,0.03961479046847671
double_centered_full_action_dqn,802,348,69.47336502373219,80.0285848211497,28.01156411319971,41.46180118620396,1.4203918296843767,15155.292259216309,0.0,21.0,0.0,0.0,0.050000000000000044,1.156552493572235,1.1437795422971249,0.0425765480613336
double_centered_full_action_dqn,802,349,81.19455049186945,79.77137538380921,29.575122721493244,51.619427263736725,1.5066524129360914,16690.094623565674,0.0,22.0,0.0,2.0,0.050000000000000044,1.7045201025903225,1.6938987970352173,0.03540439042262733
double_centered_full_action_dqn,802,350,83.13644602298737,80.65138949342072,29.82085195928812,53.31559384763241,1.5169469490647316,16683.897003173828,0.0,25.0,0.0,1.0,0.050000000000000044,1.626675171777606,1.6149528753012419,0.03907433431595564
double_centered_full_action_dqn,802,351,86.24310205131769,80.3840651653707,29.70688670128584,56.53621570765972,1.5189726883545518,16993.13437271118,0.0,26.0,0.0,0.0,0.050000000000000044,1.5186699386686087,1.5065716654062271,0.04032753442879766
double_centered_full_action_dqn,802,352,86.3753784686327,80.36781216196717,30.9720626398921,55.40331541895866,1.5529071800410748,17715.13948059082,0.0,26.0,0.0,1.0,0.050000000000000044,1.7082590982317924,1.6969587095081806,0.03766796621493995
double_centered_full_action_dqn,802,353,56.72216426581144,79.25758858203889,24.85949905961752,31.862664833664894,1.405244305729866,13954.198192596436,0.0,18.0,0.0,0.0,0.050000000000000044,1.516261126846075,1.5039729103446007,0.04096073471009731
double_centered_full_action_dqn,802,354,82.98055639863014,79.37230829514563,28.873553834855556,54.10700207948685,1.4670809637755156,16171.135515213013,0.0,24.0,0.0,1.0,0.050000000000000044,1.4932222180068493,1.481464197859168,0.03919338446576148
double_centered_full_action_dqn,802,355,74.4386917501688,78.89321646049618,27.77900341898203,46.65968817472458,1.4750496530905366,15566.411861419678,0.0,24.0,0.0,0.0,0.050000000000000044,1.6680805012583733,1.6571611687541008,0.03639773465692997
double_centered_full_action_dqn,802,356,72.69824577122927,78.06866616599261,27.085746988654137,45.61249865591526,1.4349224558100104,14850.13302230835,0.0,22.0,0.0,1.0,0.050000000000000044,1.6828515492379665,1.6708136983215809,0.040126206586137414
double_centered_full_action_dqn,802,357,68.678138487041,77.64459827683865,27.087807945907116,41.59033004939556,1.4452433828264475,15718.882736206055,0.0,21.0,0.0,2.0,0.050000000000000044,1.4377313628792763,1.4256567358970642,0.040248744771815836
double_centered_full_action_dqn,802,358,89.26327362656593,78.58324533320963,31.519138924777508,57.74413454532623,1.5469597540795803,17725.144235610962,0.0,26.0,0.0,1.0,0.050000000000000044,2.0780670307576656,2.0649185311049223,0.04382838762830943
double_centered_full_action_dqn,802,359,90.4494005382061,78.89111614152789,33.1983040869236,57.251096644997595,1.601268058642745,18789.59620666504,0.0,27.0,0.0,1.0,0.050000000000000044,1.228258103132248,1.2160822078585625,0.04058636270929128
double_centered_full_action_dqn,802,360,68.26320186555385,78.15803679428994,26.91159673780203,41.351605015993115,1.4301207335665822,15154.834001541138,0.0,20.0,0.0,2.0,0.050000000000000044,1.8042077422142029,1.7923641167581081,0.039478771621361375
double_centered_full_action_dqn,802,361,83.52889441251754,78.71719798319042,29.816829055547714,53.71206559538841,1.4939457653090358,16672.841876983643,0.0,24.0,0.0,2.0,0.050000000000000044,1.7871404066681862,1.774337962269783,0.04267481295391917
double_centered_full_action_dqn,802,362,71.86955954134464,78.01107278302311,27.540174081921577,44.329385459423065,1.4536073096096516,15438.558082580566,0.0,21.0,0.0,1.0,0.050000000000000044,1.625031704083085,1.6131947040557861,0.03945666877552867
double_centered_full_action_dqn,802,363,68.63727377355099,77.74613094240426,27.792795844376087,40.84447783231735,1.456632404588163,15922.206922531128,0.0,20.0,0.0,0.0,0.050000000000000044,1.2811667285859585,1.2694502007216215,0.039055099710822105
double_centered_full_action_dqn,802,364,89.89772567301989,78.71363826312125,32.72940681129694,57.16831878721714,1.5731312595307827,18666.006004333496,0.0,25.0,0.0,1.0,0.050000000000000044,1.7217031698673964,1.709177440032363,0.04175239219330251
double_centered_full_action_dqn,802,365,86.29898625612259,78.59825632482767,30.140332400798798,56.15865397453308,1.5420779343694448,17578.062576293945,0.0,27.0,0.0,0.0,0.050000000000000044,1.8318263422697783,1.8194182366132736,0.04136035137344152
double_centered_full_action_dqn,802,366,80.57168513685465,78.38057285167278,29.797902412712574,50.773782619833945,1.510066851042211,16513.221488952637,0.0,24.0,0.0,1.0,0.050000000000000044,1.4105058945715427,1.3993964474648237,0.03703156276606023
double_centered_full_action_dqn,802,367,75.72488073557615,78.32227601453663,29.39900305122137,46.32587819099426,1.5081621715798974,16629.59250640869,0.0,23.0,0.0,2.0,0.050000000000000044,2.216198466718197,2.205665744841099,0.035109070129692554
double_centered_full_action_dqn,802,368,89.467709068954,79.32199321679772,30.937443666160107,58.53026540279389,1.5211252914741635,17732.439599990845,0.0,26.0,0.0,3.0,0.050000000000000044,1.701507719233632,1.690387075766921,0.0370687780668959
double_centered_full_action_dqn,802,369,92.67086432874203,79.89580890864133,30.87035822123289,61.800506725907326,1.557184649631381,17618.83571434021,0.0,27.0,0.0,1.0,0.050000000000000044,1.6610712762922049,1.6499888189136982,0.03694155637640506
double_centered_full_action_dqn,802,370,68.61740157008171,79.16985668599605,26.5642222315073,42.05317957699299,1.4161379160359502,14767.946155548096,0.0,21.0,0.0,0.0,0.050000000000000044,1.6008670572191477,1.5877248272299767,0.04380745650269091
double_centered_full_action_dqn,802,371,84.94934406280518,79.10516878657043,28.24724479019642,56.702098780870436,1.497412158176303,16261.009788513184,0.0,26.0,0.0,1.0,0.050000000000000044,1.7792437318712473,1.7682752944529057,0.03656148805748671
double_centered_full_action_dqn,802,372,65.24262029081584,78.0485308776796,26.1156672462821,39.12695305943489,1.419992908835411,15039.830020904541,0.0,21.0,0.0,2.0,0.050000000000000044,1.590942244976759,1.5786426533013582,0.04099865013267845
double_centered_full_action_dqn,802,373,73.3210607022047,78.87847569949926,27.053833410143852,46.26722736656666,1.4173895046114922,15277.287384033203,0.0,24.0,0.0,1.0,0.050000000000000044,1.7005928754806519,1.6898633763194084,0.035764954751357436
double_centered_full_action_dqn,802,374,80.59023252278567,78.75895950570704,28.22392378002405,52.36630884706974,1.500370760448277,16324.929790496826,0.0,23.0,0.0,2.0,0.050000000000000044,1.6590395141392946,1.6486787870526314,0.034535670070908964
double_centered_full_action_dqn,802,375,84.7745952308178,79.27575467973949,29.249505534768105,55.52508947253227,1.5017525665462017,16857.49741744995,0.0,24.0,0.0,0.0,0.050000000000000044,1.8999954964965582,1.8865767065435648,0.04472922836430371
double_centered_full_action_dqn,802,376,81.81704808026552,79.73169479519129,28.135767817497253,53.681280225515366,1.4796598674729466,16128.041427612305,0.0,26.0,0.0,1.0,0.050000000000000044,1.363307785242796,1.3511034827679396,0.04068101814482361
double_centered_full_action_dqn,802,377,91.89846560359001,80.89271115101874,32.16067474335432,59.73779083788395,1.5636497382074594,18026.537322998047,0.0,27.0,0.0,0.0,0.050000000000000044,1.7126956209540367,1.699109472334385,0.045287143904715776
double_centered_full_action_dqn,802,378,70.92404813617468,79.97574987649918,27.561566285789013,43.36248226761818,1.454841903410852,15743.791366577148,0.0,20.0,0.0,4.0,0.050000000000000044,1.4378472305834293,1.426208233460784,0.038796673994511366
double_centered_full_action_dqn,802,379,89.27818706333638,79.9171892027557,31.515163078904152,57.7630246847868,1.5515699768438935,17493.668796539307,0.0,25.0,0.0,4.0,0.050000000000000044,1.6880219168961048,1.6753253024071455,0.04232205741573125
double_centered_full_action_dqn,802,380,78.24593605995179,80.41632591247559,28.823909141123295,49.42202719449997,1.4608294712379575,16047.756401062012,0.0,23.0,0.0,1.0,0.050000000000000044,1.2440200354903936,1.2326068002730608,0.03804413031321019
double_centered_full_action_dqn,802,381,74.37416064739227,79.95858922421932,27.4009772464633,46.97318382561207,1.4412198588252068,15083.05850982666,0.0,22.0,0.0,2.0,0.050000000000000044,1.4042265992611647,1.3911602087318897,0.04355462617240846
double_centered_full_action_dqn,802,382,81.79847032725812,80.455034763515,29.410580970346928,52.38788982629776,1.4848272167146206,16275.283546447754,0.0,24.0,0.0,1.0,0.050000000000000044,1.7293898165225983,1.718542654067278,0.0361572444671765
double_centered_full_action_dqn,802,383,77.68807542473078,80.907574846074,29.01507029682398,48.67300517261028,1.463871682062745,16256.881439208984,0.0,23.0,0.0,1.0,0.050000000000000044,1.5679482743144035,1.5559203680604696,0.04009304288774729
double_centered_full_action_dqn,802,384,91.01848351359368,80.96361273810268,31.970376044511795,59.048107573390006,1.5860957140102983,18061.268795013428,0.0,26.0,0.0,1.0,0.050000000000000044,1.458296624943614,1.4466760978102684,0.038735083071514964
double_centered_full_action_dqn,802,385,72.16631874591113,80.25697936259212,25.106772623956203,47.05954592823982,1.3719482384622097,13910.689136505127,0.0,22.0,0.0,1.0,0.050000000000000044,1.6763863563537598,1.6659617349505424,0.03474872827064246
double_centered_full_action_dqn,802,386,82.30382733792067,80.34358647264541,31.117701441049576,51.18612602353096,1.5264210421591997,17314.71156692505,0.0,24.0,0.0,0.0,0.050000000000000044,1.4037526678293943,1.3920532707124949,0.03899802512023598
double_centered_full_action_dqn,802,387,63.488264065980914,79.73175563916564,24.599097304046154,38.88916699290276,1.3579254169017076,13928.791744232178,0.0,20.0,0.0,3.0,0.050000000000000044,1.56156937032938,1.5483508799225092,0.04406160779763013
double_centered_full_action_dqn,802,388,84.45432030558587,79.48108620099725,28.965007327497005,55.48931306004524,1.5143159367144108,16654.599765777588,0.0,25.0,0.0,3.0,0.050000000000000044,2.002986043691635,1.990642011165619,0.04114677861798555
double_centered_full_action_dqn,802,389,67.72702940553427,78.23389445483686,27.097691632807255,40.629338055849075,1.4081550762057304,14885.892974853516,0.0,22.0,0.0,0.0,0.050000000000000044,1.8161495365202427,1.8048162180930376,0.03777777194045484
double_centered_full_action_dqn,802,390,95.78997847437859,79.5925233000517,33.64031232893467,62.149666637182236,1.5722145298495889,18686.547607421875,0.0,28.0,0.0,0.0,0.050000000000000044,1.687524002045393,1.675912033766508,0.03870656376238912
double_centered_full_action_dqn,802,391,66.79960220456124,78.6850362071395,25.66252375394106,41.13707856237888,1.3879119353368878,14347.70163345337,0.0,20.0,0.0,1.0,0.050000000000000044,1.7493608072400093,1.737089667469263,0.04090384743176401
double_centered_full_action_dqn,802,392,80.32141010463238,79.43897569783033,29.817500606179237,50.50390988588333,1.5303273806348443,17367.410026550293,0.0,24.0,0.0,1.0,0.050000000000000044,2.2684800028800964,2.2578970417380333,0.03527659666724503
double_centered_full_action_dqn,802,393,71.30337385833263,79.33809135563672,27.933359906077385,43.37001448869705,1.4516145046800375,16014.217693328857,0.0,23.0,0.0,2.0,0.050000000000000044,1.4592444114387035,1.4478623159229755,0.037940266192890704
double_centered_full_action_dqn,802,394,79.19903742522001,79.26853160075844,28.2433672696352,50.95567053556442,1.4598318608477712,15508.09676361084,0.0,23.0,0.0,1.0,0.050000000000000044,1.8202783092856407,1.8088529370725155,0.038084558211266994
double_centered_full_action_dqn,802,395,74.6177965939045,78.76069166891277,28.01307288557291,46.604723715782164,1.4714937610551715,15705.286596298218,0.0,21.0,0.0,1.0,0.050000000000000044,1.4014699067920446,1.3894407413899899,0.04009719134774059
double_centered_full_action_dqn,802,396,76.82590319514274,78.51113442465663,28.771614745259285,48.05428861379623,1.4708760725334287,16550.8371925354,0.0,22.0,0.0,3.0,0.050000000000000044,1.6728977281600237,1.6630758121609688,0.03273981448728591
double_centered_full_action_dqn,802,397,43.087665647268295,76.07059442684054,22.72166434675455,20.36600172519684,1.2763779917731881,12505.365274429321,0.0,15.0,0.0,0.0,0.050000000000000044,1.784530770033598,1.7730387449264526,0.03830666793510318
double_centered_full_action_dqn,802,398,72.3379218146205,76.14128811076284,26.66956538707018,45.6683562785387,1.426526098512113,15018.538175582886,0.0,22.0,0.0,1.0,0.050000000000000044,1.6476733423769474,1.6353194694966078,0.04117957048583776
double_centered_full_action_dqn,802,399,80.33800756186247,75.69427913568914,30.42200806736946,49.91599953174591,1.5098378797993064,16872.082929611206,0.0,24.0,0.0,0.0,0.050000000000000044,1.6564714685082436,1.644935268908739,0.03845399245619774
double_centered_full_action_dqn,802,400,78.47061639279127,75.70551315233112,28.495634265244007,49.974982127547264,1.4880952388048172,15983.846969604492,0.0,23.0,0.0,0.0,0.050000000000000044,2.026537051424384,2.0151184126734734,0.03806208411697298
double_centered_full_action_dqn,802,401,82.01718577146531,76.08766440853478,27.70347824692726,54.31370737552643,1.465369176119566,15116.811470031738,0.0,26.0,0.0,1.0,0.050000000000000044,1.599003791809082,1.5873890910297632,0.038715672795660794
double_centered_full_action_dqn,802,402,74.29056019335985,75.71226890183986,27.31425493210554,46.9763051122427,1.4740077648311853,15826.462100982666,0.0,21.0,0.0,0.0,0.050000000000000044,1.6383042242377996,1.6271739676594734,0.037100874935276806
double_centered_full_action_dqn,802,403,83.35694793760777,75.99571252748372,29.868329755961895,53.488618129491805,1.4986674776300788,16870.651664733887,0.0,25.0,0.0,2.0,0.050000000000000044,1.626431604847312,1.614867638796568,0.03854653495363891
double_centered_full_action_dqn,802,404,80.66823316514493,75.47820001006127,28.214503161609173,52.45372992157936,1.4674393935129046,15736.694858551025,0.0,24.0,0.0,3.0,0.050000000000000044,1.878715954720974,1.8671294674277306,0.03862163983285427
double_centered_full_action_dqn,802,405,77.70618638396263,75.75519339196384,27.929776705801487,49.77640937268734,1.4803315894678235,15896.319324493408,0.0,23.0,0.0,0.0,0.050000000000000044,1.7289488185197115,1.7179215643554926,0.03675752261187881
double_centered_full_action_dqn,802,406,67.4507796779275,75.01254100896419,25.257258288562298,42.19352180659771,1.4137418288737535,14596.41833114624,0.0,22.0,0.0,1.0,0.050000000000000044,1.6028730869293213,1.5917713083326817,0.03700588399078697
double_centered_full_action_dqn,802,407,81.83394977599383,75.92982529446485,30.01271867007017,51.82123067378998,1.519009256735444,16637.822944641113,0.0,24.0,0.0,1.0,0.050000000000000044,1.3906566519290209,1.3798092305660248,0.03615807113237679
double_centered_full_action_dqn,802,408,107.4250988766551,77.07836422301828,35.46920918673277,71.95588968992233,1.6410621330142021,19827.16459274292,0.0,31.0,0.0,3.0,0.050000000000000044,1.8247331734746695,1.8143721297383308,0.034536792896687984
double_centered_full_action_dqn,802,409,68.10839582234621,77.0974325438589,24.564332388341427,43.54406315088272,1.3861931366845965,14003.625961303711,0.0,21.0,0.0,0.0,0.050000000000000044,1.9218658357858658,1.9108523707836866,0.03671156114432961
double_centered_full_action_dqn,802,410,89.65111054480076,76.79048914737999,29.652954258024693,59.99815648794174,1.4949317760765553,16631.78558731079,0.0,27.0,0.0,1.0,0.050000000000000044,1.4274809882044792,1.4151820838451385,0.04099626268725842
double_centered_full_action_dqn,802,411,93.41252652704716,78.1211353635043,31.539353132247925,61.87317291796207,1.566244819201529,17827.71152496338,0.0,28.0,0.0,2.0,0.050000000000000044,1.7514139451086521,1.737903319299221,0.045035468647256494
double_centered_full_action_dqn,802,412,78.43923091888428,78.0270264042169,27.434374406933784,51.004856288433075,1.4434754475951195,15591.293312072754,0.0,25.0,0.0,0.0,0.050000000000000044,1.6386215630918741,1.6253150589764118,0.04435498150996864
double_centered_full_action_dqn,802,413,76.83105561882257,78.3034104922414,28.135695807635784,48.69536001980305,1.462865049019456,15919.989353179932,0.0,23.0,0.0,0.0,0.050000000000000044,1.6857874300330877,1.6740220561623573,0.03921793436165899
double_centered_full_action_dqn,802,414,101.23805575966836,79.40536140896381,34.257774621248245,66.98028057217599,1.6543794898316264,19764.88571548462,0.0,29.0,0.0,2.0,0.050000000000000044,1.6093672551214695,1.5980979353189468,0.03756442363373935
double_centered_full_action_dqn,802,415,87.37111561745405,80.04302736014128,30.032165981829166,57.33894947171211,1.5268562156707048,16955.880157470703,0.0,27.0,0.0,0.0,0.050000000000000044,1.7155711818486452,1.7019828706979752,0.045294385869055986
double_centered_full_action_dqn,802,416,85.92737154662609,80.49810077771545,30.50615319609642,55.42121821641922,1.5175775093957782,17130.92205810547,0.0,25.0,0.0,0.0,0.050000000000000044,1.1263344045728445,1.1132922880351543,0.04347372683696449
double_centered_full_action_dqn,802,417,59.84935300052166,81.33618514537812,25.802529118955135,34.04682399332523,1.357850108295679,13776.354732513428,0.0,19.0,0.0,0.0,0.050000000000000044,1.8387598488479853,1.8281622920185328,0.03532521252054721
double_centered_full_action_dqn,802,418,80.37296686321497,81.73793739780783,28.472238279879093,51.90072877705097,1.4451946103945374,15838.40294265747,0.0,25.0,0.0,0.0,0.050000000000000044,1.9895163085311651,1.9778123460710049,0.039013140252791345
double_centered_full_action_dqn,802,419,67.41947218328714,81.09201062887907,25.497217565774918,41.92225472182035,1.3923481162637472,14413.27811050415,0.0,21.0,0.0,3.0,0.050000000000000044,1.3994021341204643,1.3869623560458422,0.041465918184258044
double_centered_full_action_dqn,802,420,86.82990237623453,81.50997492805122,30.927573539316654,55.902328464388845,1.5522904191166162,17502.434494018555,0.0,26.0,0.0,3.0,0.050000000000000044,1.4469489846378565,1.435276947915554,0.038906790083274245
double_centered_full_action_dqn,802,421,83.24131711721421,81.57118149533868,31.12935432046652,52.11196262538433,1.5324414391070604,17279.810401916504,0.0,24.0,0.0,2.0,0.050000000000000044,1.8434317652136087,1.8330774176865816,0.03451450588181615
double_centered_full_action_dqn,802,422,75.23700474947691,81.61850372314453,28.58488865941763,46.652116015553474,1.4544433625414968,15849.294038772583,0.0,21.0,0.0,0.0,0.050000000000000044,1.4384870007634163,1.4264439344406128,0.04014358704444021
double_centered_full_action_dqn,802,423,87.53175416886806,81.82724403470755,29.95113617181778,57.580617788434026,1.5237066186964512,17278.393634796143,0.0,27.0,0.0,2.0,0.050000000000000044,1.5112267788499594,1.5004888512194157,0.03579308360349387
double_centered_full_action_dqn,802,424,83.94891587793828,81.99127817034721,30.99841818958521,52.95049815773964,1.5257089156657457,17333.526344299316,0.0,24.0,0.0,2.0,0.050000000000000044,1.7749496884644032,1.7638958059251308,0.03684627229813486
double_centered_full_action_dqn,802,425,62.909096390008926,81.25142367064953,25.05161053687334,37.8574857711792,1.3778456216678023,14628.194652557373,0.0,20.0,0.0,1.0,0.050000000000000044,1.707369089126587,1.6957190334796906,0.03883355576545
double_centered_full_action_dqn,802,426,94.78094736039638,82.61793205477298,34.123120829463005,60.65782690346241,1.6032111756503582,19332.43064880371,0.0,26.0,0.0,2.0,0.050000000000000044,1.797436099499464,1.78671096265316,0.03575050923973322
double_centered_full_action_dqn,802,427,82.10513626933098,82.63149137943984,31.292995035648346,50.812141159176825,1.556870966218412,17775.050956726074,0.0,24.0,0.0,1.0,0.050000000000000044,1.866418669000268,1.8553958535194397,0.03674270655028522
double_centered_full_action_dqn,802,428,76.69845952391624,81.09515941180288,30.141721323132515,46.556738558411595,1.4631447680294514,16878.053092956543,0.0,23.0,0.0,2.0,0.050000000000000044,1.4746528696268797,1.4634137004613876,0.037463882588781416
double_centered_full_action_dqn,802,429,84.91032803058624,81.93525602221489,29.61769151687622,55.29263550043106,1.519282003864646,17078.333862304688,0.0,25.0,0.0,3.0,0.050000000000000044,1.415826067328453,1.4044842291623354,0.03780619509052485
double_centered_full_action_dqn,802,430,88.47326795756817,81.87636389285326,28.889562770724297,59.58370490372181,1.5132430205121636,16540.089027404785,0.0,29.0,0.0,0.0,0.050000000000000044,1.6140632145106792,1.6033405885100365,0.035742079257033765
double_centered_full_action_dqn,802,431,71.15162841230631,80.76331898711622,28.008852444589138,43.1427763402462,1.4588295826688409,16145.608459472656,0.0,21.0,0.0,2.0,0.050000000000000044,1.358782108873129,1.3477104548364878,0.036905507440678775
double_centered_full_action_dqn,802,432,94.2669105231762,81.55470296733081,33.33472768962383,60.932183280587196,1.602776249870658,18914.286624908447,0.0,28.0,0.0,1.0,0.050000000000000044,1.7808440048247576,1.7695986833423376,0.0374844535253942
double_centered_full_action_dqn,802,433,78.64682405740022,81.64549138925969,30.588381879031658,48.058442282676694,1.5253659700974822,17178.93553543091,0.0,24.0,0.0,3.0,0.050000000000000044,1.8004469387233257,1.7901898045092821,0.034190467558801174
double_centered_full_action_dqn,802,434,91.84615088552236,81.17589614555239,31.35191898792982,60.49423165917396,1.5620975689962506,17787.327564239502,0.0,28.0,0.0,2.0,0.050000000000000044,1.8886301815509796,1.8767137862741947,0.039721324341371655
double_centered_full_action_dqn,802,435,86.01311154663563,81.10799594201146,30.871377661824226,55.14173385500908,1.5179808177053928,17705.045768737793,0.0,27.0,0.0,0.0,0.050000000000000044,1.8802270106971264,1.8671925943344831,0.043448100332170725
double_centered_full_action_dqn,802,436,80.20838001668453,80.82204636551438,30.82827963680029,49.38010052144527,1.534361987374723,17722.48705291748,0.0,22.0,0.0,2.0,0.050000000000000044,2.149383917450905,2.1370718516409397,0.041040135896764696
double_centered_full_action_dqn,802,437,78.3662094026804,81.74788918562233,28.418143212795258,49.94806635379791,1.4752089651301503,16015.013347625732,0.0,22.0,0.0,1.0,0.050000000000000044,1.863992813974619,1.8522939439862967,0.03899615828413516
double_centered_full_action_dqn,802,438,72.84548901170493,81.37151529304683,27.87094273418188,44.97454627752304,1.4476214637979865,16144.00910949707,0.0,20.0,0.0,2.0,0.050000000000000044,2.293667485937476,2.282458931207657,0.03736171196214855
double_centered_full_action_dqn,802,439,89.00883947461844,82.4509836576134,31.274408720433712,57.73442988991737,1.5679936604574323,17857.81964492798,0.0,26.0,0.0,1.0,0.050000000000000044,1.86846842803061,1.8554248865693808,0.04347847250755876
double_centered_full_action_dqn,802,440,65.61366491019726,81.39017178431155,25.3497154712677,40.2639496922493,1.382640459574759,14003.830234527588,0.0,20.0,0.0,0.0,0.050000000000000044,1.8355896640568972,1.823515672236681,0.04024667653720826
double_centered_full_action_dqn,802,441,97.99186132848263,82.12769899487496,33.08797651529312,64.90388514101505,1.6076800003647804,18606.654762268066,0.0,28.0,0.0,0.0,0.050000000000000044,1.7809764221310616,1.7695936504751444,0.037942592171020806
double_centered_full_action_dqn,802,442,80.23589549213648,82.37764353200794,28.4572686702013,51.778626412153244,1.4985999334603548,15998.458797454834,0.0,24.0,0.0,1.0,0.050000000000000044,1.7461743615567684,1.7349635921418667,0.03736927441786975
double_centered_full_action_dqn,802,443,66.3562500923872,81.3188683281839,25.638884104788303,40.71736636757851,1.3975836895406246,14309.574005126953,0.0,20.0,0.0,0.0,0.050000000000000044,1.8710638470947742,1.8607538864016533,0.03436653548851609
double_centered_full_action_dqn,802,444,88.87129622101784,81.56498734533787,30.83866362273693,58.03263249397278,1.5624316977337003,17789.894065856934,0.0,24.0,0.0,2.0,0.050000000000000044,1.447282200679183,1.4357010573148727,0.03860388498287648
double_centered_full_action_dqn,802,445,74.68132440894843,82.15359874628486,28.152998439967632,46.528325939178465,1.4713302860036492,15812.11251449585,0.0,23.0,0.0,1.0,0.050000000000000044,1.7253331653773785,1.7151918075978756,0.03380457905586809
double_centered_full_action_dqn,802,446,72.09910160303116,81.0195064584166,28.074727453291416,44.024374172091484,1.460698594339192,16353.296798706055,0.0,21.0,0.0,0.0,0.050000000000000044,1.7421433385461569,1.7309516668319702,0.037305540521629155
double_centered_full_action_dqn,802,447,75.49444220364094,80.68897175513209,26.05586228519678,49.438579791784285,1.404274545609951,14812.88533782959,0.0,23.0,0.0,2.0,0.050000000000000044,1.7762312088161707,1.7649411130696535,0.03763369855005294
double_centered_full_action_dqn,802,448,67.65162972509862,80.23663026519121,26.909259125590324,40.74237046539783,1.4392809495329857,15235.879598617554,0.0,22.0,0.0,1.0,0.050000000000000044,1.4933308381587267,1.4821393489837646,0.037305013625882566
double_centered_full_action_dqn,802,449,85.10781071335077,80.24650439932944,30.22764068096876,54.880169838666916,1.5312049677595496,16999.274559020996,0.0,25.0,0.0,1.0,0.050000000000000044,1.4494214989244938,1.4383329208940268,0.03696190437767655
double_centered_full_action_dqn,802,450,84.47445125281811,80.04656356409194,30.3300059735775,54.14444535374641,1.5186210228130221,17344.660556793213,0.0,26.0,0.0,1.0,0.050000000000000044,1.609361944720149,1.5973491072654724,0.040042738895863295
double_centered_full_action_dqn,802,451,91.24779859185219,81.05137207306923,31.913771495223045,59.33402734994888,1.5633360100910068,18108.883071899414,0.0,27.0,0.0,0.0,0.050000000000000044,2.1978361029177904,2.1871662717312574,0.03556608245708048
double_centered_full_action_dqn,802,452,85.98158700019121,80.63710589691996,30.14214299619198,55.83944410085678,1.536675917916,17191.652868270874,0.0,25.0,0.0,0.0,0.050000000000000044,1.822373177856207,1.8075889609754086,0.04928066418506205
double_centered_full_action_dqn,802,453,77.9849165007472,80.60401051908732,28.043793834745884,49.94112288951874,1.4637750396504998,16198.782657623291,0.0,23.0,0.0,0.0,0.050000000000000044,2.1327829100191593,2.1194940488785505,0.04429620539303869
double_centered_full_action_dqn,802,454,83.52124155312777,80.18776505246758,31.7265413030982,51.794699996709824,1.558897434733808,17679.41301727295,0.0,24.0,0.0,3.0,0.050000000000000044,1.9489912651479244,1.9371881075203419,0.0393438832834363
double_centered_full_action_dqn,802,455,86.18909189999104,80.19656407013535,29.89956371486187,56.28952812552452,1.5287867179140449,17381.00821685791,0.0,27.0,0.0,1.0,0.050000000000000044,1.8684292137622833,1.8567002415657043,0.03909667790867388
double_centered_full_action_dqn,802,456,59.98823715746403,79.18555692717433,25.537406280636787,34.45083133876324,1.3849638244137168,14532.010488510132,0.0,19.0,0.0,0.0,0.050000000000000044,2.269938813522458,2.25772987306118,0.040696364478208125
double_centered_full_action_dqn,802,457,85.52899141609669,79.54369602784516,31.75391349941492,53.775077775120735,1.5308513194322586,17862.553131103516,0.0,25.0,0.0,0.0,0.050000000000000044,1.5952390767633915,1.583266470581293,0.03990869550034404
double_centered_full_action_dqn,802,458,73.37214594632387,79.5700288745761,26.789673440158367,46.58247249126434,1.4425378488376737,14897.624435424805,0.0,21.0,0.0,2.0,0.050000000000000044,2.086757116019726,2.0757769271731377,0.036600676947273314
double_centered_full_action_dqn,802,459,84.99870911240578,79.36952235646547,30.523399472236633,54.47530969977379,1.5262791700661182,17728.02426147461,0.0,25.0,0.0,1.0,0.050000000000000044,1.4253481235355139,1.4149977713823318,0.03450117271859199
double_centered_full_action_dqn,802,460,88.95138218998909,80.53640822045506,32.390362948179245,56.56101915240288,1.586566793732345,18533.231159210205,0.0,25.0,0.0,0.0,0.050000000000000044,1.3123068194836378,1.2997658029198647,0.04180339723825455
double_centered_full_action_dqn,802,461,77.11080815047026,79.49235556155443,29.738097846508026,47.37271019220352,1.5158753460273147,16974.536220550537,0.0,24.0,0.0,1.0,0.050000000000000044,2.072769545018673,2.0594053231179714,0.04454736318439245
double_centered_full_action_dqn,802,462,95.62649138271809,80.26188535608352,32.712330751121044,62.91416123509407,1.575125471688807,18290.00118637085,0.0,27.0,0.0,1.0,0.050000000000000044,1.7866607643663883,1.7734546978026628,0.044020259054377675
double_centered_full_action_dqn,802,463,78.16122146695852,80.85213392481208,28.355667859315872,49.80555382370949,1.5128301624208689,16165.31611251831,0.0,23.0,0.0,3.0,0.050000000000000044,1.8770288489758968,1.865955825895071,0.03691004845313728
double_centered_full_action_dqn,802,464,71.81989064216614,79.99956364586951,26.88856914639473,44.93132143616676,1.436607883311808,15583.241477966309,0.0,23.0,0.0,2.0,0.050000000000000044,2.0026471689343452,1.9910406693816185,0.03868834557943046
double_centered_full_action_dqn,802,465,87.84512465000152,80.65775365792214,32.50681218504906,55.338312822580335,1.5771984672173858,18401.69771194458,0.0,26.0,0.0,2.0,0.050000000000000044,1.5676653943955898,1.55468306876719,0.043274435331113636
double_centered_full_action_dqn,802,466,78.59797185659409,80.9826971706003,27.69263008236885,50.905341386795044,1.4715780336409807,16338.536483764648,0.0,23.0,0.0,1.0,0.050000000000000044,2.301256248727441,2.2889104411005974,0.04115268576424569
double_centered_full_action_dqn,802,467,79.52852114439011,81.18440111763775,28.807564079761505,50.72095734775066,1.48325474280864,16073.417724609375,0.0,23.0,0.0,1.0,0.050000000000000044,1.5343672148883343,1.521868035197258,0.04166396090295166
double_centered_full_action_dqn,802,468,70.77821553051471,81.34073040790857,24.422247610986233,46.355967852473256,1.4098437745124102,14566.745315551758,0.0,22.0,0.0,3.0,0.050000000000000044,2.2084632012993097,2.1954992841929197,0.043213067459873855
double_centered_full_action_dqn,802,469,85.34656339287758,81.3526680418849,29.16323360055685,56.183329412341116,1.4862997317686677,16752.653659820557,0.0,26.0,0.0,1.0,0.050000000000000044,1.495367618277669,1.4846735894680023,0.03564675431698561
double_centered_full_action_dqn,802,470,74.64902546405793,80.86139675244691,26.761633947491646,47.88739106953144,1.4202066818252206,15020.961101531982,0.0,23.0,0.0,1.0,0.050000000000000044,1.805479984730482,1.7931739464402199,0.041020131669938564
double_centered_full_action_dqn,802,471,80.10059330165386,80.30403648793698,28.95881437510252,51.141779008507726,1.4954678984358907,16521.317302703857,0.0,22.0,0.0,2.0,0.050000000000000044,1.7765023931860924,1.7647027596831322,0.03933206107467413
double_centered_full_action_dqn,802,472,71.91901145279408,79.60090771056713,28.592954203486443,43.32605772614479,1.4882774548605084,16392.612701416016,0.0,22.0,0.0,1.0,0.050000000000000044,1.6895845718681812,1.6784974224865437,0.03695714590139687
double_centered_full_action_dqn,802,473,65.06391406953335,78.95485758900644,25.478010423481464,39.58590360879898,1.3925340622663498,14137.62004852295,0.0,20.0,0.0,1.0,0.050000000000000044,1.670560609549284,1.6604262124747038,0.03378132055513561
double_centered_full_action_dqn,802,474,88.00944660604,79.17926784165205,30.13034500181675,57.879101261496544,1.5177955338731408,17171.823455810547,0.0,26.0,0.0,0.0,0.050000000000000044,1.818179914727807,1.8063362687826157,0.03947879746556282
double_centered_full_action_dqn,802,475,67.69253867268563,78.25444018028679,26.08610962331295,41.606429451704024,1.3983891354873776,14548.493183135986,0.0,23.0,0.0,1.0,0.050000000000000044,1.956276923418045,1.9458458125591278,0.03477037337142974
double_centered_full_action_dqn,802,476,98.93170230090618,80.20161343745889,33.27482421696186,65.6568778604269,1.6394037902355194,19013.593955993652,0.0,30.0,0.0,1.0,0.050000000000000044,1.8014383558183908,1.7901774439960718,0.037536409217864275
double_centered_full_action_dqn,802,477,70.25618506222963,79.43797311976553,25.81296718120575,44.44321756064892,1.4085714062675834,14694.434173583984,0.0,23.0,0.0,0.0,0.050000000000000044,1.7298016231507063,1.7181881703436375,0.03871150268241763
double_centered_full_action_dqn,802,478,72.70801914483309,79.40476677969099,28.357570819556713,44.35044810175896,1.4430265724658966,16116.032810211182,0.0,21.0,0.0,1.0,0.050000000000000044,1.9564764201641083,1.9421323910355568,0.04781345673836768
double_centered_full_action_dqn,802,479,94.44901706576347,79.87728217735886,29.592089027166367,64.85692841112613,1.5183292273432016,16832.4967918396,0.0,29.0,0.0,2.0,0.050000000000000044,2.2383146919310093,2.2255583815276623,0.042521029245108366
double_centered_full_action_dqn,802,480,72.43920263051987,79.0516731993854,27.92125504463911,44.51794728040695,1.473247847519815,15845.792518615723,0.0,21.0,0.0,1.0,0.050000000000000044,1.4505757056176662,1.4383952114731073,0.04060160182416439
double_centered_full_action_dqn,802,481,77.03280678391457,79.04777313105762,28.43066704273224,48.602139949798584,1.5367979928851128,16549.33855819702,0.0,24.0,0.0,1.0,0.050000000000000044,1.6912898924201727,1.6770985070616007,0.04730464913882315
double_centered_full_action_dqn,802,482,91.52540622651577,78.8427188732475,31.249071665108204,60.276334792375565,1.6025226395577192,18432.886180877686,0.0,28.0,0.0,0.0,0.050000000000000044,1.6847300846129656,1.6730923503637314,0.03879245917778462
double_centered_full_action_dqn,802,483,89.29116189479828,79.3992158946395,29.470183327794075,59.82097867131233,1.5415628487244248,17255.21234703064,0.0,27.0,0.0,2.0,0.050000000000000044,2.189525807276368,2.1782531160861254,0.03757564828265458
double_centered_full_action_dqn,802,484,89.32719449102879,80.27458108708262,30.431317508220673,58.89587705731392,1.5364044141024351,17344.194427490234,0.0,27.0,0.0,2.0,0.050000000000000044,2.1626566648483276,2.1507445722818375,0.03970694413874298
double_centered_full_action_dqn,802,485,55.73585950732231,78.66911782994868,24.109021976590157,31.626837635040282,1.3707372760400176,13980.581367492676,0.0,17.0,0.0,1.0,0.050000000000000044,1.7346627283841372,1.7234388757497072,0.03741281770635396
double_centered_full_action_dqn,802,486,102.12064226269722,79.84525135025383,32.54835419356823,69.5722875624895,1.5931500950828195,18708.129020690918,0.0,31.0,0.0,3.0,0.050000000000000044,1.9429577812552452,1.9313900843262672,0.0385590591467917
double_centered_full_action_dqn,802,487,98.00940783321857,80.76929568469527,31.283178746700287,66.72622898221016,1.5531695121899247,17833.330574035645,0.0,30.0,0.0,0.0,0.050000000000000044,1.632710762321949,1.6199449449777603,0.042552676517516375
double_centered_full_action_dqn,802,488,91.47050674259663,81.80391024529935,30.54582343995571,60.92468351125717,1.5369449434801936,17270.36762237549,0.0,29.0,0.0,0.0,0.050000000000000044,1.8691902980208397,1.856188379228115,0.043339721276424825
double_centered_full_action_dqn,802,489,70.30006874352694,81.0515855128318,27.17367472499609,43.12639397382736,1.4334441982209682,15257.246929168701,0.0,21.0,0.0,0.0,0.050000000000000044,1.8724132683128119,1.8595056422054768,0.04302545916289091
double_centered_full_action_dqn,802,490,75.75930589586497,81.10709953442216,28.701493062078953,47.05781284868717,1.5026350608095527,16343.443229675293,0.0,24.0,0.0,1.0,0.050000000000000044,1.69572146050632,1.6831773091107607,0.041813884396106005
double_centered_full_action_dqn,802,491,85.68130094558,81.38613491661847,30.749361284077168,54.93193927407265,1.5029390482231975,16863.33703804016,0.0,25.0,0.0,0.0,0.050000000000000044,1.8721004966646433,1.8598101250827312,0.04096795921213925
double_centered_full_action_dqn,802,492,76.01929119378329,81.59114890366794,29.3220402225852,46.69725104570389,1.5292599387466908,16897.96315765381,0.0,22.0,0.0,1.0,0.050000000000000044,1.620113030076027,1.6091724149882793,0.03646871540695429
double_centered_full_action_dqn,802,493,69.03302844762803,81.78960462257268,27.425068736076355,41.60795929431915,1.4487227769568563,15737.442302703857,0.0,21.0,0.0,2.0,0.050000000000000044,1.7283967342227697,1.7183897793293,0.03335650579538196
double_centered_full_action_dqn,802,494,91.51901599764824,81.96508309215308,32.95793788135052,58.56107860803604,1.597438463009894,18828.011890411377,0.0,28.0,0.0,2.0,0.050000000000000044,1.3753616269677877,1.3632865101099014,0.040250415448099375
double_centered_full_action_dqn,802,495,86.23436081409454,82.89217419922353,31.409674681723118,54.82468622922897,1.5461452659219503,17794.158645629883,0.0,26.0,0.0,1.0,0.050000000000000044,1.9119668137282133,1.8997790645807981,0.040625791414640844
double_centered_full_action_dqn,802,496,70.14661147594452,81.45291965797546,28.669164642691612,41.47744668424129,1.5056313555687666,16438.552848815918,0.0,21.0,0.0,2.0,0.050000000000000044,1.686528006568551,1.6755372751504183,0.036635780590586364
double_centered_full_action_dqn,802,497,86.34992583841085,82.2576066967845,29.090064875781536,57.25986151397228,1.4887987216934562,16573.33324623108,0.0,27.0,0.0,1.0,0.050000000000000044,1.8326367121189833,1.8214270900934935,0.03736549033783376
double_centered_full_action_dqn,802,498,79.09891923666001,82.57715170137585,27.367642983794212,51.731276327371596,1.46161874756217,15701.04479598999,0.0,23.0,0.0,1.0,0.050000000000000044,1.805595701560378,1.793831268325448,0.03921483107842505
double_centered_full_action_dqn,802,499,83.74805669635535,82.04210368290545,29.196316681802273,54.55174043178558,1.5044422941282392,16857.108711242676,0.0,26.0,0.0,1.0,0.050000000000000044,1.942550489678979,1.9317061435431242,0.03614781703799963
double_centered_full_action_dqn,802,500,84.76395462453365,82.65834128260613,28.514563478529453,56.24939124286175,1.5088978875428438,16142.693866729736,0.0,28.0,0.0,0.0,0.050000000000000044,2.1096367575228214,2.096839828416705,0.04265644203405827
double_centered_full_action_dqn,802,501,85.33147476613522,83.07327468171717,30.858163967728615,54.4733102619648,1.516332601197064,16939.56297683716,0.0,25.0,0.0,0.0,0.050000000000000044,1.3505039997398853,1.338333897292614,0.04056697175838053
double_centered_full_action_dqn,802,502,94.92883275449276,83.24344600811602,31.460460521280766,63.46837258338928,1.565971459262073,18058.747814178467,0.0,28.0,0.0,1.0,0.050000000000000044,1.631729969754815,1.618448181077838,0.04427268239669502
double_centered_full_action_dqn,802,503,89.3226738423109,83.24502160549164,32.42269277572632,56.89998069405556,1.579297948628664,18253.789234161377,0.0,26.0,0.0,0.0,0.050000000000000044,1.6039647720754147,1.5909791495651007,0.043285397347062826
double_centered_full_action_dqn,802,504,83.13419273495674,82.93537151768803,28.268767677247524,54.865424767136574,1.495050131343305,16383.45503616333,0.0,26.0,0.0,0.0,0.050000000000000044,1.2322583738714457,1.220808994024992,0.038164595258422196
double_centered_full_action_dqn,802,505,87.47762142121792,84.52245961338282,30.2963400259614,57.18128162622452,1.4976871218532324,16944.122188568115,0.0,26.0,0.0,0.0,0.050000000000000044,1.9329112507402897,1.91850814409554,0.04801038047298789
double_centered_full_action_dqn,802,506,74.80267181396485,83.15656109094621,27.354335069656372,47.44833671450615,1.4371905643492937,15653.272491455078,0.0,22.0,0.0,1.0,0.050000000000000044,2.368034351617098,2.356527866795659,0.038354903692379594
double_centered_full_action_dqn,802,507,71.44348247498274,81.82826482303442,26.886601582169533,44.55688043832779,1.4472611686214805,15353.984882354736,0.0,20.0,0.0,1.0,0.050000000000000044,1.895280297845602,1.8850997500121593,0.03393520193640143
double_centered_full_action_dqn,802,508,80.69592049866915,81.28953551083805,28.200105778872967,52.49581449627876,1.4793610097840428,16547.431133270264,0.0,25.0,0.0,3.0,0.050000000000000044,1.9704693909734488,1.9597995691001415,0.03556606057099998
double_centered_full_action_dqn,802,509,89.79522569477558,82.26429335840048,31.3121590167284,58.483066499233246,1.5350892348214984,17881.32670211792,0.0,25.0,0.0,0.0,0.050000000000000044,1.390640314668417,1.3780081309378147,0.04210724926088005
double_centered_full_action_dqn,802,510,76.66884696483612,82.30977041184903,29.49959011375904,47.16925713419914,1.4611366763710976,16326.338806152344,0.0,21.0,0.0,1.0,0.050000000000000044,2.0961972177028656,2.0835948679596186,0.04200774431228638
double_centered_full_action_dqn,802,511,73.8985944390297,81.72063508652151,25.582020424306393,48.31657373905182,1.4098097318783402,14634.192207336426,0.0,24.0,0.0,1.0,0.050000000000000044,1.69098986312747,1.6785733439028263,0.04138838208746165
double_centered_full_action_dqn,802,512,95.03061264157296,82.67120115891099,33.11619159579277,61.91442055404186,1.594034593552351,18795.227157592773,0.0,28.0,0.0,2.0,0.050000000000000044,1.618977839127183,1.6062569376081228,0.04240300494711846
double_centered_full_action_dqn,802,513,69.10553353279829,82.67482641316951,26.387925647199154,42.71760872006416,1.4141941918060184,14708.822465896606,0.0,21.0,0.0,0.0,0.050000000000000044,1.4682817813009024,1.4562385343015194,0.04014413943514228
double_centered_full_action_dqn,802,514,77.05527629703283,81.95163942813875,27.869518287479877,49.185757890343666,1.501207091845572,16346.012428283691,0.0,25.0,0.0,1.0,0.050000000000000044,1.8264662977308035,1.8150879219174385,0.037927871220745146
double_centered_full_action_dqn,802,515,75.63244168460369,81.4215434716642,27.670704200863838,47.96173678338528,1.4718938563019037,15623.985538482666,0.0,24.0,0.0,0.0,0.050000000000000044,1.6169398650527,1.6040687020868063,0.04290383658371866
double_centered_full_action_dqn,802,516,80.8523570895195,81.95683075234294,29.815002270042896,51.03735515475273,1.4922541324049234,16468.508304595947,0.0,24.0,0.0,0.0,0.050000000000000044,1.7102438397705555,1.698343150317669,0.03966895421035588
double_centered_full_action_dqn,802,517,71.98668249696493,81.23866858527064,26.78579395264387,45.20088830590248,1.4461859837174416,15514.944957733154,0.0,22.0,0.0,0.0,0.050000000000000044,1.7085546627640724,1.6973270941525698,0.037425197078846395
double_centered_full_action_dqn,802,518,88.58384490311145,81.71291486859322,30.60848081111908,57.97536377906799,1.5621188469231129,17514.745555877686,0.0,26.0,0.0,3.0,0.050000000000000044,1.7878107093274593,1.776933766901493,0.03625649039167911
double_centered_full_action_dqn,802,519,76.12608400285244,81.33181623391806,28.86609597504139,47.25998790860176,1.4787440402433276,16340.275053024292,0.0,22.0,0.0,3.0,0.050000000000000044,1.8608377613127232,1.8493083398789167,0.03843147656880319
double_centered_full_action_dqn,802,520,90.29260753244162,81.60824887931346,29.35669830441475,60.9359094440937,1.5165731366723776,16687.671955108643,0.0,28.0,0.0,2.0,0.050000000000000044,1.8244232926517725,1.8122006710618734,0.04074207576923072
double_centered_full_action_dqn,802,521,74.8654864370823,81.08494946286082,26.46884687244892,48.39663929641247,1.4457819601520896,15568.016639709473,0.0,22.0,0.0,2.0,0.050000000000000044,2.21176989749074,2.2002398893237114,0.03843334084376693
double_centered_full_action_dqn,802,522,91.8820978730917,80.93261271879078,32.34427931904793,59.53781934380531,1.5872062528505921,18235.300662994385,0.0,26.0,0.0,2.0,0.050000000000000044,1.8340705707669258,1.8220405764877796,0.04010001081041992
double_centered_full_action_dqn,802,523,79.9247033521533,80.4627141942829,28.913624122738838,51.01107959449291,1.488984134979546,16575.13261795044,0.0,23.0,0.0,0.0,0.050000000000000044,2.2467780020087957,2.2335675954818726,0.04403464472852647
double_centered_full_action_dqn,802,524,69.85184165239335,79.79859664015473,25.95606029778719,43.895781153440474,1.4066125713288784,14608.815242767334,0.0,20.0,0.0,1.0,0.050000000000000044,1.680703304708004,1.6689675096422434,0.03911932825576514
double_centered_full_action_dqn,802,525,67.40560632348061,78.79499588526787,27.46781674027443,39.93778962790966,1.462418058887124,15795.308086395264,0.0,21.0,0.0,2.0,0.050000000000000044,1.4977936837822199,1.4857149459421635,0.04026245209388435
double_centered_full_action_dqn,802,526,68.67185458093881,78.48845502361657,26.809972248971462,41.861882615089414,1.4197073485702276,15021.122951507568,0.0,20.0,0.0,2.0,0.050000000000000044,1.5247012339532375,1.5135374683886766,0.03721262572798878
double_centered_full_action_dqn,802,527,81.8287558555603,79.00771869264544,28.741132616996765,53.08762353658676,1.48401552811265,16798.953186035156,0.0,23.0,0.0,1.0,0.050000000000000044,2.071229415014386,2.060416279360652,0.03604380809701979
double_centered_full_action_dqn,802,528,80.32708917856216,78.98927712664008,29.044441625475883,51.2826473146677,1.5000731982290745,16661.06837463379,0.0,24.0,0.0,3.0,0.050000000000000044,2.037115290760994,2.024964513257146,0.040502593270502985
double_centered_full_action_dqn,802,529,78.6062732949853,78.42982950665058,28.633907191455364,49.97236571609974,1.5235069785267115,16560.28915977478,0.0,25.0,0.0,1.0,0.050000000000000044,2.1048149205744267,2.0911252666264772,0.045632167253643274
double_centered_full_action_dqn,802,530,80.9866791665554,78.64572111673654,28.553198359906673,52.43348053097725,1.4872214142233133,16509.1181640625,0.0,25.0,0.0,1.0,0.050000000000000044,1.868370410054922,1.8570938594639301,0.03758849436417222
double_centered_full_action_dqn,802,531,76.33395310640336,78.76748905010523,28.42404279112816,47.90990955531597,1.497181436046958,16424.742908477783,0.0,23.0,0.0,3.0,0.050000000000000044,1.8669690415263176,1.8552894406020641,0.0389320224057883
double_centered_full_action_dqn,802,532,91.30643348544837,78.581280092299,31.575721718370914,59.73071199059486,1.5443671271204948,18058.704887390137,0.0,26.0,0.0,2.0,0.050000000000000044,1.4847230929881334,1.4723059516400099,0.04139042540919036
double_centered_full_action_dqn,802,533,80.62505636513234,79.1572562339157,29.055105715990067,51.56995081305504,1.5120169119909406,17041.244873046875,0.0,22.0,0.0,3.0,0.050000000000000044,1.5849547944962978,1.5738690625876188,0.0369524285197258
double_centered_full_action_dqn,802,534,78.67632342875004,79.23830859050156,28.91446627676487,49.76185716688633,1.4906468382105231,16333.272659301758,0.0,24.0,0.0,0.0,0.050000000000000044,1.9389689527451992,1.926957605406642,0.040037859696894884
double_centered_full_action_dqn,802,535,74.85819943249226,79.199596477896,26.80082119256258,48.057377859950066,1.4643676551058888,15453.443574905396,0.0,24.0,0.0,1.0,0.050000000000000044,1.633534736931324,1.621602388098836,0.039774530567228794
double_centered_full_action_dqn,802,536,78.6223958581686,79.08809841632845,28.850914016366005,49.771482303738594,1.4810546087101102,16159.945552825928,0.0,24.0,0.0,0.0,0.050000000000000044,1.394774328917265,1.3825729936361313,0.0406710896641016
double_centered_full_action_dqn,802,537,79.15759028494358,79.44664380572736,27.62914702296257,51.52844366431236,1.4475171314552426,15362.74571609497,0.0,25.0,0.0,0.0,0.050000000000000044,1.6838654465973377,1.6731620989739895,0.03567777504213154
double_centered_full_action_dqn,802,538,87.78644672930241,79.40677389703691,31.634564019739628,56.15188215076923,1.5663673607632518,18099.411556243896,0.0,26.0,0.0,1.0,0.050000000000000044,1.8380216732621193,1.82558186724782,0.04146604938432574
double_centered_full_action_dqn,802,539,89.50947438180447,80.07594341598453,32.08388049900532,57.42559456825256,1.570388998836279,18324.67222213745,0.0,25.0,0.0,0.0,0.050000000000000044,1.5498889610171318,1.5378258302807808,0.040210477192886174
double_centered_full_action_dqn,802,540,99.62430808842183,80.54252844378354,32.28388783335686,67.34042064249516,1.5906066177412868,18379.39657974243,0.0,29.0,0.0,1.0,0.050000000000000044,2.074226452037692,2.063042299821973,0.03728053730446845
double_centered_full_action_dqn,802,541,91.94726265370846,81.39661725461485,30.21957992017269,61.7276824504137,1.5159761663526297,17107.985481262207,0.0,27.0,0.0,1.0,0.050000000000000044,2.041848286986351,2.030480321496725,0.03789320518262684
double_centered_full_action_dqn,802,542,74.78074246048928,80.54154948398472,28.734506085515022,46.04623567461967,1.5019393572583795,16673.141555786133,0.0,24.0,0.0,1.0,0.050000000000000044,1.7773010861128569,1.7655364107340574,0.03921557846479118
double_centered_full_action_dqn,802,543,88.08368545919657,80.9494985893369,30.2591105774045,57.8245747923851,1.5247709546238184,17155.87718963623,0.0,26.0,0.0,1.0,0.050000000000000044,1.4040821343660355,1.3931507486850023,0.036437954753637314
double_centered_full_action_dqn,802,544,61.003588035702705,80.50708590850236,24.617388054728508,36.38620004057884,1.3874031025916338,14154.787559509277,0.0,19.0,0.0,0.0,0.050000000000000044,1.9209771528840065,1.9102650042623281,0.03570715035311878
double_centered_full_action_dqn,802,545,83.18142758458853,81.29587697155776,29.393119879066944,53.78830770552158,1.517914297990501,17061.365026474,0.0,24.0,0.0,3.0,0.050000000000000044,1.8142437357455492,1.8013062998652458,0.043124806601554155
double_centered_full_action_dqn,802,546,62.93813933581114,81.00919120930136,25.631948687136173,37.30619072318077,1.4226397573947906,15098.923809051514,0.0,20.0,0.0,2.0,0.050000000000000044,1.746280124410987,1.7343135066330433,0.039888698258437216
double_centered_full_action_dqn,802,547,70.296615549922,80.43258419401946,26.21566255390644,44.08095315992832,1.394218417815864,14752.588203430176,0.0,22.0,0.0,1.0,0.050000000000000044,1.8970490600913763,1.8848573565483093,0.04063895985018462
double_centered_full_action_dqn,802,548,84.45090106129646,80.63877478815616,30.431029736995697,54.01987121999264,1.5231853406876326,16990.417560577393,0.0,26.0,0.0,0.0,0.050000000000000044,1.5382842049002647,1.5251183416694403,0.043886174098588526
double_centered_full_action_dqn,802,549,82.23816402256489,80.82036932453515,29.220983758568764,53.01717995107174,1.5051989145576954,16701.475212097168,0.0,24.0,0.0,0.0,0.050000000000000044,1.9798620529472828,1.9670030809938908,0.042863165377639234
double_centered_full_action_dqn,802,550,75.04898588508368,80.52348466046155,28.28064266592264,46.76834327876568,1.452429105527699,16178.477382659912,0.0,22.0,0.0,1.0,0.050000000000000044,2.2150691226124763,2.2031925953924656,0.03958843764849007
double_centered_full_action_dqn,802,551,82.07844291031361,80.81070915065706,28.95806123316288,53.12038124501705,1.5204228926450014,16666.145332336426,0.0,24.0,0.0,1.0,0.050000000000000044,1.553746435791254,1.5418716948479414,0.03958245657850057
double_centered_full_action_dqn,802,552,62.43431735038757,79.36710334390402,25.236489102244377,37.19782806932926,1.3986676074564457,14436.274703979492,0.0,19.0,0.0,0.0,0.050000000000000044,1.9255351722240448,1.9136005267500877,0.03978214121889323
double_centered_full_action_dqn,802,553,92.03261384367943,79.93748121783139,30.61671882867813,61.415895119309425,1.5906844018027186,17970.887771606445,0.0,29.0,0.0,2.0,0.050000000000000044,1.2539746966212988,1.2397291492670774,0.04748506657779217
double_centered_full_action_dqn,802,554,66.52661874890327,79.32999598383904,27.146342992782593,39.38027562201023,1.475437331944704,15996.468544006348,0.0,20.0,0.0,1.0,0.050000000000000044,1.8343242146074772,1.8188597820699215,0.05154808924999088
double_centered_full_action_dqn,802,555,80.68924929350615,79.62154847688973,29.69853588193655,50.99071324765682,1.5523147704079747,17394.241104125977,0.0,23.0,0.0,2.0,0.050000000000000044,2.2429305240511894,2.2304498814046383,0.04160217405296862
double_centered_full_action_dqn,802,556,71.8566272109747,79.28326004453004,27.358078472316265,44.49854879081249,1.4697232600301504,15989.78695678711,0.0,24.0,0.0,0.0,0.050000000000000044,2.2130207754671574,2.1980571281164885,0.049878941965289414
double_centered_full_action_dqn,802,557,78.46059729903936,79.24841039523483,27.285214118659496,51.17538346350193,1.4525017468258739,15733.132423400879,0.0,24.0,0.0,1.0,0.050000000000000044,1.7829893436282873,1.7706792950630188,0.04103355039842427
double_centered_full_action_dqn,802,558,71.62036419063807,78.4401062683016,27.37009448558092,44.25027015209198,1.4375122794881463,15498.106700897217,0.0,21.0,0.0,1.0,0.050000000000000044,1.4481465704739094,1.4349096845835447,0.04412297857925296
double_centered_full_action_dqn,802,559,94.09989455640316,78.66962727703154,31.212132014334202,62.88776248246431,1.5635924814268947,18030.96263885498,0.0,28.0,0.0,2.0,0.050000000000000044,1.6577755063772202,1.645255096256733,0.04173475713469088
double_centered_full_action_dqn,802,560,64.17917098104954,76.89737042166293,24.620935782790184,39.55823555588722,1.3973864344879985,14380.938940048218,0.0,19.0,0.0,0.0,0.050000000000000044,1.6697599068284035,1.658253664150834,0.038354218821041286
double_centered_full_action_dqn,802,561,77.81691549867392,76.1908530639112,27.377226151525974,50.43968968987465,1.4795013274997473,15831.807666778564,0.0,24.0,0.0,1.0,0.050000000000000044,1.6909160558134317,1.6799958236515522,0.036400797544047236
double_centered_full_action_dqn,802,562,78.38654680550098,76.37114328116179,29.19628155231476,49.19026529788971,1.5154427560046315,16727.571281433105,0.0,23.0,0.0,1.0,0.050000000000000044,1.504444181919098,1.4934645500034094,0.03659874980803579
double_centered_full_action_dqn,802,563,73.56455017924308,75.6451865171641,29.91176027059555,43.65278987884521,1.5243955962359905,17354.00949859619,0.0,23.0,0.0,2.0,0.050000000000000044,1.5327536705881357,1.5195891037583351,0.04388188640587032
double_centered_full_action_dqn,802,564,78.53777302801609,76.52189576677978,28.5531907081604,49.98458242416382,1.5113054756075144,16327.539112091064,0.0,24.0,0.0,0.0,0.050000000000000044,1.952695395797491,1.9403107166290283,0.04128227790351957
double_centered_full_action_dqn,802,565,65.43459409475327,75.63455409228801,27.154054388403893,38.28053995966911,1.445820614695549,15901.460494995117,0.0,18.0,0.0,0.0,0.050000000000000044,2.087181458249688,2.072973631322384,0.04735940578393638
double_centered_full_action_dqn,802,566,87.13987164199352,76.84464070759712,31.508397966623306,55.63147383928299,1.5684672705829144,18173.619579315186,0.0,25.0,0.0,0.0,0.050000000000000044,1.8945622816681862,1.8817241489887238,0.04279377241618931
double_centered_full_action_dqn,802,567,94.92866285145283,78.07624307267368,32.88664446771145,62.04201799631119,1.580365002155304,18460.570629119873,0.0,27.0,0.0,1.0,0.050000000000000044,1.7290083821862936,1.717019073665142,0.03996433364227414
double_centered_full_action_dqn,802,568,86.37138697504997,78.17226736836135,30.295459270477295,56.07592751085758,1.5529003869742155,17207.804920196533,0.0,25.0,0.0,0.0,0.050000000000000044,1.625099552795291,1.6105067506432533,0.04864269099198282
double_centered_full_action_dqn,802,569,83.73491875976325,78.24710510522127,29.573256857693195,54.16166160404682,1.5101369582116604,17096.297077178955,0.0,25.0,0.0,1.0,0.050000000000000044,1.678682716563344,1.6661164928227663,0.041887421160936356
double_centered_full_action_dqn,802,570,61.93891788423061,77.59160170517862,26.13877086341381,35.80014658868313,1.434455062262714,15158.923431396484,0.0,18.0,0.0,4.0,0.050000000000000044,1.7144256122410297,1.7024196069687605,0.040020020795054734
double_centered_full_action_dqn,802,571,96.93413679301739,78.33438639931381,33.203457310795784,63.73068027198315,1.609180030412972,18781.13190460205,0.0,29.0,0.0,0.0,0.050000000000000044,1.9185928031802177,1.905758235603571,0.042781872441992164
double_centered_full_action_dqn,802,572,85.72565613687038,79.49895333863796,30.995401218533516,54.73025521636009,1.5554742012172937,17809.05442237854,0.0,26.0,0.0,0.0,0.050000000000000044,1.3980140406638384,1.3855063579976559,0.04169221641495824
double_centered_full_action_dqn,802,573,80.8201822310686,78.93833175800742,29.381538793444633,51.43864302039147,1.5175018208101392,16820.49722290039,0.0,23.0,0.0,3.0,0.050000000000000044,2.099221356213093,2.0876345559954643,0.03862267662771046
double_centered_full_action_dqn,802,574,83.51168333888054,79.78758498750628,30.512180484831333,52.999502503871916,1.5596940610557795,17764.516189575195,0.0,24.0,0.0,2.0,0.050000000000000044,1.9253570269793272,1.9127698075026274,0.041957290028221905
double_centered_full_action_dqn,802,575,68.47078437060118,79.17666174136103,28.093921832740307,40.376862686872485,1.4576804665848613,16225.906234741211,0.0,21.0,0.0,3.0,0.050000000000000044,1.585086602717638,1.5731566473841667,0.039766527246683836
double_centered_full_action_dqn,802,576,74.21914018839598,79.2947873902321,27.16646996885538,47.052670219540595,1.448760804720223,15581.046798706055,0.0,24.0,0.0,1.0,0.050000000000000044,1.5617887303233147,1.5481437724083662,0.04548320092726499
double_centered_full_action_dqn,802,577,86.24813767671586,79.68416440911594,29.30353546142578,56.94460215568542,1.5329142855480313,16866.08683013916,0.0,24.0,0.0,3.0,0.050000000000000044,1.9041925147175789,1.89204060472548,0.04050638829357922
double_centered_full_action_dqn,802,578,87.94212874025106,80.50025263659657,30.392707012593746,57.54942190647125,1.5403020801022649,17324.79735183716,0.0,24.0,0.0,0.0,0.050000000000000044,1.9040703400969505,1.8934807404875755,0.0352986907819286
double_centered_full_action_dqn,802,579,70.25210289657116,79.30786305360496,26.589922912418842,43.66218024492264,1.4431002289056778,15683.561916351318,0.0,22.0,0.0,0.0,0.050000000000000044,1.8331250213086605,1.8221268337219954,0.03666063374839723
double_centered_full_action_dqn,802,580,73.44980136156082,79.77139457263053,29.4281647503376,44.0216371178627,1.489843336865306,16561.838191986084,0.0,21.0,0.0,4.0,0.050000000000000044,1.4099426548928022,1.397789379581809,0.04051094700116664
double_centered_full_action_dqn,802,581,77.69343193769456,79.76522039458158,26.969428285956383,50.724003517627715,1.4740948928520083,15747.373876571655,0.0,25.0,0.0,3.0,0.050000000000000044,1.6380968056619167,1.6260419376194477,0.040182908065617085
double_centered_full_action_dqn,802,582,81.81961992383003,79.93687405049802,26.999607518315315,54.82001221179962,1.4336239537224174,15172.806213378906,0.0,25.0,0.0,0.0,0.050000000000000044,1.6949104815721512,1.6834423635154963,0.038227060227654874
double_centered_full_action_dqn,802,583,87.02885328382254,80.610089205727,30.12485570460558,56.903997206687926,1.565607599914074,17704.066122055054,0.0,25.0,0.0,1.0,0.050000000000000044,1.7042431104928255,1.6920218523591757,0.040737494826316833
double_centered_full_action_dqn,802,584,73.95112580955029,80.3807568448037,26.09805376827717,47.85307174324989,1.4253301415592432,15005.800277709961,0.0,22.0,0.0,1.0,0.050000000000000044,1.4906134754419327,1.4793438650667667,0.03756543679628521
double_centered_full_action_dqn,802,585,76.31942988336087,80.92499863423409,26.937048368155956,49.38238110542297,1.461619676090777,15527.412391662598,0.0,23.0,0.0,1.0,0.050000000000000044,1.4947483651340008,1.4813612587749958,0.04462367144878954
double_centered_full_action_dqn,802,586,70.67264079451562,80.1016370918602,28.230802699923515,42.44183809459209,1.4818446105346084,16388.747161865234,0.0,22.0,0.0,1.0,0.050000000000000044,1.7269327230751514,1.7134313341230154,0.04500459204427898
double_centered_full_action_dqn,802,587,100.99672528058291,80.40504021331671,31.93892464786768,69.05780048370362,1.5908499443903565,18304.32410812378,0.0,30.0,0.0,6.0,0.050000000000000044,1.5370208397507668,1.524114103987813,0.04302247753366828
double_centered_full_action_dqn,802,588,73.04521430283785,79.7387315797061,27.70705572515726,45.338158920407295,1.4538910938426852,16038.172481536865,0.0,22.0,0.0,2.0,0.050000000000000044,1.5665461607277393,1.5524017810821533,0.047147972509264946
double_centered_full_action_dqn,802,589,94.09108937084675,80.25654011026025,32.34087064862251,61.750218752026555,1.63682652823627,18931.158058166504,0.0,27.0,0.0,4.0,0.050000000000000044,2.1829515863209963,2.1700289696455,0.043075406923890114
double_centered_full_action_dqn,802,590,71.32496813684702,80.72584262289108,28.115916088223457,43.209052473306656,1.4657250382006168,16228.916330337524,0.0,22.0,0.0,0.0,0.050000000000000044,1.5051389038562775,1.4919300135225058,0.044029670068994164
double_centered_full_action_dqn,802,591,75.81284801661968,79.66977818407119,27.23183235526085,48.58101558685303,1.4647655449807644,15805.726863861084,0.0,23.0,0.0,0.0,0.050000000000000044,1.5999745409935713,1.5873606484383345,0.042046384420245886
double_centered_full_action_dqn,802,592,81.52132481485606,79.45956161797048,29.108100458979607,52.41322382688522,1.4870585361495614,16752.951820373535,0.0,24.0,0.0,1.0,0.050000000000000044,1.4597987420856953,1.4468828327953815,0.04305306961759925
double_centered_full_action_dqn,802,593,74.75210751742125,79.15615788228811,26.94506723433733,47.807039806246756,1.469029682688415,15715.11064529419,0.0,24.0,0.0,1.0,0.050000000000000044,1.347630936652422,1.3349200319498777,0.04236966336611658
double_centered_full_action_dqn,802,594,76.1342129856348,78.78728436462583,26.87315085530281,49.261061891913414,1.4659142857417464,15661.73892211914,0.0,24.0,0.0,1.0,0.050000000000000044,1.3780582714825869,1.3646528515964746,0.044684735825285316
double_centered_full_action_dqn,802,595,93.9342125594616,80.06045577406886,32.300607576966286,61.63360492289066,1.5908713741227984,18400.91771697998,0.0,26.0,0.0,2.0,0.050000000000000044,1.94857332482934,1.933132853358984,0.05146825988776982
double_centered_full_action_dqn,802,596,97.03197433948517,81.20109748162331,33.4189678132534,63.61300658583641,1.6404962604865432,19458.07807159424,0.0,27.0,0.0,2.0,0.050000000000000044,1.8281281888484955,1.8116642888635397,0.05487969215027988
double_centered_full_action_dqn,802,597,59.95749273449182,79.8865652345121,26.13979273289442,33.81770009100437,1.4280418558046222,15570.436130523682,0.0,18.0,0.0,4.0,0.050000000000000044,2.1261760890483856,2.111302439123392,0.04957882082089782
double_centered_full_action_dqn,802,598,82.48351802825928,79.61363469891252,27.696125090122223,54.78739338517189,1.4754111543297768,16037.914958953857,0.0,24.0,0.0,3.0,0.050000000000000044,1.6158651746809483,1.6031274292618036,0.04245919082313776
double_centered_full_action_dqn,802,599,79.30139116346837,80.06609911225738,29.62545469403267,49.67593646943569,1.529893171042204,17494.405097961426,0.0,24.0,0.0,2.0,0.050000000000000044,1.4974572099745274,1.4841106478124857,0.04448850033804774
double_centered_full_action_dqn,802,600,80.47841723263264,80.41752990581097,28.43404161185026,52.04437597095966,1.4651489844545722,16174.46040725708,0.0,25.0,0.0,0.0,0.050000000000000044,1.5147547516971827,1.5013025365769863,0.04484071652404964
double_centered_full_action_dqn,802,601,80.82895074039698,80.57430584594609,28.300143860280514,52.52880731225014,1.4720503445714712,16042.060863494873,0.0,25.0,0.0,1.0,0.050000000000000044,1.4405818860977888,1.4273386225104332,0.044144176645204425
double_centered_full_action_dqn,802,602,101.39778243005276,81.55321397125722,34.41312749683857,66.98465485870838,1.6502629211172462,20111.650077819824,0.0,30.0,0.0,0.0,0.050000000000000044,2.1302062813192606,2.117702394723892,0.0416796492645517
double_centered_full_action_dqn,802,603,77.21276877820492,81.06240974597634,27.84830404818058,49.364464700222015,1.4820459755137563,15996.317707061768,0.0,23.0,0.0,1.0,0.050000000000000044,1.7672710176557302,1.7535356432199478,0.04578455747105181
double_centered_full_action_dqn,802,604,58.4624187797308,80.28797439448536,25.95599377155304,32.50642465054989,1.4428655579686165,15141.478008270264,0.0,18.0,0.0,0.0,0.050000000000000044,2.2412799689918756,2.2279952727258205,0.04428228980395943
double_centered_full_action_dqn,802,605,73.98810450732708,80.17140812568366,27.00286114960909,46.98524361848831,1.4486489100381732,15749.422714233398,0.0,23.0,0.0,0.0,0.050000000000000044,2.181323729455471,2.1691588889807463,0.0405493366997689
double_centered_full_action_dqn,802,606,76.7351093813777,80.47453155502677,30.78349355608225,45.951616287231445,1.5536351194605231,18299.529823303223,0.0,22.0,0.0,1.0,0.050000000000000044,2.1191623751074076,2.1074413917958736,0.039069920079782605
double_centered_full_action_dqn,802,607,87.63378401994706,79.80638449199498,31.8654802441597,55.768304044008254,1.5567663228139281,18202.65531539917,0.0,25.0,0.0,1.0,0.050000000000000044,1.8730550147593021,1.8601664379239082,0.042961860075592995
double_centered_full_action_dqn,802,608,98.59363849461079,81.08380570158363,32.338892355561256,66.25474679470062,1.5901597682386637,18485.245735168457,0.0,30.0,0.0,0.0,0.050000000000000044,1.9936209358274937,1.9803741052746773,0.044156012358143926
double_centered_full_action_dqn,802,609,72.63541886210442,80.01102217614651,26.81764031946659,45.81777831912041,1.4675849648192525,15777.036643981934,0.0,22.0,0.0,0.0,0.050000000000000044,1.6995402183383703,1.684154149144888,0.051286858739331365
double_centered_full_action_dqn,802,610,68.92947051674128,79.89124729514123,27.851600371301174,41.077870875597,1.481614568270743,16366.863960266113,0.0,19.0,0.0,2.0,0.050000000000000044,1.9043869283050299,1.8912021424621344,0.043949326733127236
double_centered_full_action_dqn,802,611,69.65406531244517,79.5833081599325,26.260595709085464,43.39346975982189,1.4183137165382504,14947.509983062744,0.0,22.0,0.0,1.0,0.050000000000000044,1.9511224925518036,1.936206005513668,0.049721661722287536
double_centered_full_action_dqn,802,612,83.2423344269395,79.66935864053667,31.110651053488255,52.13168356716633,1.555170456878841,17898.779415130615,0.0,25.0,0.0,2.0,0.050000000000000044,1.5761638320982456,1.5610807351768017,0.0502769451122731
double_centered_full_action_dqn,802,613,80.29372438937426,79.94643948413434,27.919060058891773,52.37466497123241,1.4757320182397962,16007.896877288818,0.0,26.0,0.0,2.0,0.050000000000000044,2.22500241920352,2.2135389037430286,0.03821176942437887
double_centered_full_action_dqn,802,614,87.82518708109856,80.53098818890751,29.990628115832806,57.834558525681494,1.5333182020112872,17489.19993209839,0.0,27.0,0.0,2.0,0.050000000000000044,1.675099402666092,1.6640431620180607,0.03685407363809645
double_centered_full_action_dqn,802,615,81.21761536598206,79.89515832923355,29.26784658432007,51.949768751859665,1.5230215219780803,17009.83925628662,0.0,26.0,0.0,0.0,0.050000000000000044,2.133429404348135,2.120685199275613,0.042480748728848994
double_centered_full_action_dqn,802,616,87.37410146892071,79.41226468570531,29.889987602829933,57.48411335945129,1.550766808912158,17406.657070159912,0.0,26.0,0.0,1.0,0.050000000000000044,1.7000994738191366,1.6866878233850002,0.04470546869561076
double_centered_full_action_dqn,802,617,64.34195979684591,79.63148803882302,25.91526337713003,38.42669679224491,1.433653430081904,14822.549774169922,0.0,20.0,0.0,1.0,0.050000000000000044,1.2353746071457863,1.2234638128429651,0.03970266738906503
double_centered_full_action_dqn,802,618,80.07455214262009,79.51103974454107,28.315382942557335,51.75916936397552,1.4988075327128172,16588.73317718506,0.0,25.0,0.0,1.0,0.050000000000000044,1.4585406351834536,1.4459060914814472,0.04211511043831706
double_centered_full_action_dqn,802,619,80.86980888545513,79.58946063064039,28.40727537870407,52.462533476948735,1.4537352519109845,15815.592575073242,0.0,26.0,0.0,2.0,0.050000000000000044,2.349473537877202,2.3352388478815556,0.047448935685679317
double_centered_full_action_dqn,802,620,87.52412406355143,79.94174597218634,29.5170901119709,58.00703436136246,1.5077462634071708,17187.436275482178,0.0,25.0,0.0,1.0,0.050000000000000044,2.2817520312964916,2.2687804102897644,0.04323873529210687
double_centered_full_action_dqn,802,621,93.26682204008102,80.56363953717053,32.95639707148075,60.31042446196079,1.645188556984067,19319.742668151855,0.0,27.0,0.0,0.0,0.050000000000000044,1.6728936322033405,1.6606094259768724,0.040947321336716413
double_centered_full_action_dqn,802,622,80.70452312529088,79.52897657193245,28.792532727122307,51.91199063658714,1.519375023432076,16806.44829559326,0.0,24.0,0.0,2.0,0.050000000000000044,1.5596783868968487,1.5470308680087328,0.04215845686849207
double_centered_full_action_dqn,802,623,79.15007276088,79.62584177106619,28.071238704025745,51.078833878040314,1.4866283349692822,16563.233486175537,0.0,23.0,0.0,2.0,0.050000000000000044,2.406349653378129,2.392567738890648,0.04593968053814024
double_centered_full_action_dqn,802,624,81.18070281296968,80.76175597272814,30.297782190144062,50.882920771837234,1.5358453448861837,17201.653564453125,0.0,25.0,0.0,1.0,0.050000000000000044,2.010089263319969,1.9979880657047033,0.04033730132505298
double_centered_full_action_dqn,802,625,82.94522620737553,81.20961205773057,28.824762657284737,54.120463252067566,1.5062057171016932,17085.230682373047,0.0,24.0,0.0,0.0,0.050000000000000044,1.6826466731727123,1.6682381611317396,0.048028340679593384
double_centered_full_action_dqn,802,626,78.2918768748641,81.28745043240488,29.564317993819714,48.72755914926529,1.5675179176032543,17597.544662475586,0.0,24.0,0.0,2.0,0.050000000000000044,1.55115563608706,1.5385312251746655,0.04208137560635805
double_centered_full_action_dqn,802,627,77.71184639781714,80.79135355129839,27.621721476316452,50.09012527912855,1.5073263263329864,16513.90626525879,0.0,22.0,0.0,1.0,0.050000000000000044,2.0047327242791653,1.9907750934362411,0.046525353100150824
double_centered_full_action_dqn,802,628,78.41259878873825,79.78230156600475,28.733504854142666,49.6790938526392,1.4961337791755795,16865.761837005615,0.0,24.0,0.0,1.0,0.050000000000000044,1.5428182948380709,1.529977586120367,0.0428023524582386
double_centered_full_action_dqn,802,629,95.66619256436825,80.93384025111796,32.108047261834145,63.5581453025341,1.5742356861010194,18151.06430053711,0.0,28.0,0.0,3.0,0.050000000000000044,1.906901754438877,1.8934096544981003,0.04497371893376112
double_centered_full_action_dqn,802,630,88.61855071783066,81.9182942611724,29.32854849100113,59.29000213742256,1.5107697425410151,17046.146850585938,0.0,27.0,0.0,0.0,0.050000000000000044,1.5603157822042704,1.5467655640095472,0.04516740934923291
double_centered_full_action_dqn,802,631,85.12158543765545,82.69167026743293,30.274884283542633,54.84670085608959,1.533853780478239,17470.438514709473,0.0,26.0,0.0,2.0,0.050000000000000044,2.2427849397063255,2.229168400168419,0.045388482860289514
double_centered_full_action_dqn,802,632,87.53629896193743,82.90636849418283,29.880244597792625,57.65605410337448,1.5330604193732142,17182.057502746582,0.0,25.0,0.0,3.0,0.050000000000000044,1.7689796015620232,1.7545630522072315,0.04805516987107694
double_centered_full_action_dqn,802,633,66.34735239446164,82.20904989443721,25.379607193171978,40.967745119333266,1.4449124410748482,15079.616306304932,0.0,21.0,0.0,1.0,0.050000000000000044,1.8076219987124205,1.794780895113945,0.042803727090358734
double_centered_full_action_dqn,802,634,84.28190365433693,82.03188572309912,30.375695914030075,53.90620765089989,1.5175089361146092,17133.6001663208,0.0,24.0,0.0,0.0,0.050000000000000044,1.8847006931900978,1.8717723712325096,0.04309441917575896
double_centered_full_action_dqn,802,635,77.39688553661108,81.84084923163057,28.522831447422504,48.874053955078125,1.5150447096675634,16448.55665588379,0.0,23.0,0.0,0.0,0.050000000000000044,1.5465357825160027,1.534004820510745,0.04176980326883495
double_centered_full_action_dqn,802,636,71.48161994218826,81.04622515529394,26.137149639427662,45.3444700717926,1.4262222247198224,14668.205375671387,0.0,22.0,0.0,3.0,0.050000000000000044,1.892587624490261,1.8802050575613976,0.041275255498476326
double_centered_full_action_dqn,802,637,91.56202360391617,82.40722834564745,33.08146557956934,58.48055785298347,1.5744311166927218,18794.617279052734,0.0,25.0,0.0,1.0,0.050000000000000044,1.8058872744441032,1.7909029424190521,0.04994775215163827
double_centered_full_action_dqn,802,638,68.85164543688296,81.84608301036062,24.90736235678196,43.94428274482489,1.406389893963933,14539.524585723877,0.0,21.0,0.0,3.0,0.050000000000000044,1.8718840144574642,1.8598120529204607,0.04023991758003831
double_centered_full_action_dqn,802,639,88.00806314498186,82.20299572333695,29.53641899675131,58.471643805503845,1.5608723228797317,18286.670791625977,0.0,27.0,0.0,0.0,0.050000000000000044,1.8504687268286943,1.8367768973112106,0.045639466028660536
double_centered_full_action_dqn,802,640,66.10077465325594,81.13182825282216,25.61926957964897,40.48150518536568,1.4218534817919135,14617.103435516357,0.0,21.0,0.0,0.0,0.050000000000000044,1.4663201253861189,1.4545783922076225,0.03913912572897971
double_centered_full_action_dqn,802,641,76.77921041995288,80.30744767181577,28.643513590097427,48.13569718003273,1.4762785201892257,16500.73087310791,0.0,22.0,0.0,1.0,0.050000000000000044,2.350917410105467,2.336612783372402,0.04768205317668617
double_centered_full_action_dqn,802,642,92.56159782409668,80.90030140675606,32.177907437086105,60.38368999958038,1.6127168145030737,18679.837257385254,0.0,27.0,0.0,0.0,0.050000000000000044,1.7105142995715141,1.6977986581623554,0.04238553764298558
double_centered_full_action_dqn,802,643,71.12379171848298,80.49898735463621,27.065720826387405,44.05807074308395,1.5083085158839822,16041.755168914795,0.0,21.0,0.0,1.0,0.050000000000000044,2.264633260667324,2.252034939825535,0.041994442231953144
double_centered_full_action_dqn,802,644,89.10572322607041,80.89523837529126,30.40140002965927,58.704322749376296,1.5395288253203034,17403.00164413452,0.0,27.0,0.0,1.0,0.050000000000000044,1.9714384526014328,1.9570703282952309,0.04789379867725074
double_centered_full_action_dqn,802,645,92.21988900005817,81.35897151492537,29.92196972668171,62.29791924357414,1.5212084464728832,17055.044410705566,0.0,29.0,0.0,0.0,0.050000000000000044,2.256569780409336,2.2444205805659294,0.04049730906262994
double_centered_full_action_dqn,802,646,76.1924672678113,81.25400103457272,27.39314829558134,48.799318242073056,1.4696874702349305,15925.198566436768,0.0,24.0,0.0,2.0,0.050000000000000044,1.5974115673452616,1.585128916427493,0.04094209475442767
double_centered_full_action_dqn,802,647,92.99910962283612,82.01836419582368,30.196541354060173,62.80256756842137,1.5389663809910417,17045.397232055664,0.0,28.0,0.0,3.0,0.050000000000000044,1.79216118901968,1.7785926517099142,0.04522851842921227
double_centered_full_action_dqn,802,648,70.18159180283547,81.60681384652854,26.103229716420174,44.07836207151413,1.4342668680474162,14984.490825653076,0.0,21.0,0.0,2.0,0.050000000000000044,1.948340779170394,1.9349228758364916,0.04472624370828271
double_centered_full_action_dqn,802,649,98.51701080054045,81.74935475833715,31.604766257107258,66.91224418580532,1.550229525193572,17661.67056465149,0.0,30.0,0.0,1.0,0.050000000000000044,2.121825899928808,2.1079686488956213,0.04619098384864628
double_centered_full_action_dqn,802,650,81.58625215291977,81.3977398300916,27.67153726518154,53.91471453011036,1.4728197865188122,15648.644409179688,0.0,25.0,0.0,1.0,0.050000000000000044,1.8260970786213875,1.8135852068662643,0.041706186602823436
double_centered_full_action_dqn,802,651,102.26501905918121,82.25491151116789,32.45772863924503,69.80729028582573,1.6281134691089392,18618.130573272705,0.0,30.0,0.0,0.0,0.050000000000000044,2.0039122477173805,1.9897145107388496,0.04732579435221851
double_centered_full_action_dqn,802,652,76.40775857120752,81.69848449163139,27.430624440312386,48.97713440656662,1.4631443247199059,15880.48249053955,0.0,22.0,0.0,1.0,0.050000000000000044,1.7184797003865242,1.7020298019051552,0.05483296560123563
double_centered_full_action_dqn,802,653,78.16424452662469,82.28932909823955,28.06205950677395,50.10218487083912,1.4534136075526476,15488.54144859314,0.0,24.0,0.0,1.0,0.050000000000000044,1.914090946316719,1.8984731249511242,0.05205943202599883
double_centered_full_action_dqn,802,654,87.06757271289825,82.42861255116762,31.431340664625168,55.636231899261475,1.5852313991636038,18065.834381103516,0.0,25.0,0.0,2.0,0.050000000000000044,1.8144558928906918,1.8012246303260326,0.04410421755164862
double_centered_full_action_dqn,802,655,79.32687271535397,82.52511191010475,27.71455505490303,51.61231760084629,1.458184496499598,15800.69607925415,0.0,23.0,0.0,1.0,0.050000000000000044,1.8988733738660812,1.883625203743577,0.05082726525142789
double_centered_full_action_dqn,802,656,78.45130880326033,82.87359635315838,28.34346704930067,50.107841277122496,1.5030607776716352,16495.16228866577,0.0,23.0,0.0,1.0,0.050000000000000044,2.0630321241915226,2.0480682272464037,0.049879555124789476
double_centered_full_action_dqn,802,657,90.32291465252638,82.81164090558887,30.255234457552433,60.06767925620079,1.5624743299558759,17739.56703186035,0.0,26.0,0.0,0.0,0.050000000000000044,1.8547655194997787,1.8420861046761274,0.04226470994763076
double_centered_full_action_dqn,802,658,80.1657141238451,83.37734433993698,29.323193043470383,50.84252090156078,1.5228691175580025,17037.992671966553,0.0,23.0,0.0,2.0,0.050000000000000044,2.147421645000577,2.133818855509162,0.04534260416403413
double_centered_full_action_dqn,802,659,82.58002853691578,83.10594260953368,29.503150910139084,53.07687782049179,1.5046193469315767,16799.19472885132,0.0,23.0,0.0,2.0,0.050000000000000044,1.5155676528811455,1.5032588988542557,0.0410292015876621
double_centered_full_action_dqn,802,660,84.77575169503689,84.03969146162272,28.721004143357277,56.054747611284256,1.5127403689548373,16857.22612762451,0.0,25.0,0.0,2.0,0.050000000000000044,2.306607523933053,2.2938691414892673,0.04246128792874515
double_centered_full_action_dqn,802,661,99.13112506270409,85.15728719376028,34.018066465854645,65.11305862665176,1.6090636113658547,19640.08568572998,0.0,28.0,0.0,0.0,0.050000000000000044,2.0700574684888124,2.055248936638236,0.04936177982017398
double_centered_full_action_dqn,802,662,74.39876882880927,84.24914574399591,27.241690255701542,47.157078289985655,1.490774642676115,16274.830001831055,0.0,23.0,0.0,1.0,0.050000000000000044,1.6576052624732256,1.6448939684778452,0.04237101902253926
double_centered_full_action_dqn,802,663,74.03564793616533,84.39473855488004,28.434061475098133,45.60158684849739,1.5157634746283293,16741.2449798584,0.0,23.0,0.0,3.0,0.050000000000000044,1.921780427917838,1.9082287475466728,0.04517225129529834
double_centered_full_action_dqn,802,664,78.02218126654626,83.84056145690383,27.649281322956085,50.372899839282034,1.4789616214111447,16125.396751403809,0.0,24.0,0.0,3.0,0.050000000000000044,1.434534315019846,1.4215576108545065,0.04325562040321529
double_centered_full_action_dqn,802,665,90.62508238554001,83.76082112617793,31.61109632253647,59.01398625671864,1.5870060985907912,18283.066802978516,0.0,26.0,0.0,3.0,0.050000000000000044,1.369428662583232,1.356851376593113,0.04192424798384309
double_centered_full_action_dqn,802,666,86.32542444765568,84.26746898517014,29.763065487146378,56.562358781695366,1.5461300443857908,17162.6219329834,0.0,27.0,0.0,2.0,0.050000000000000044,1.6349318828433752,1.6223017554730177,0.04210044152569026
double_centered_full_action_dqn,802,667,86.38134437501431,83.93658072277904,29.82035529613495,56.56098912358284,1.5401032427325845,17070.942737579346,0.0,25.0,0.0,3.0,0.050000000000000044,1.6190805695950985,1.6051512323319912,0.04643112584017217
double_centered_full_action_dqn,802,668,84.11078234910966,84.63304025009276,28.945965237915516,55.16481662690639,1.4968028757721186,16687.140705108643,0.0,27.0,0.0,1.0,0.050000000000000044,1.7012517880648375,1.6883597485721111,0.0429735267534852
double_centered_full_action_dqn,802,669,62.217550821602345,82.81806725114585,24.49411518126726,37.72343571484089,1.3903854368254542,14618.009979248047,0.0,19.0,0.0,0.0,0.050000000000000044,2.043423540890217,2.030942615121603,0.04160316288471222
double_centered_full_action_dqn,802,670,79.09986065030098,82.69374767601491,26.594810336828232,52.505050253868106,1.4668808616697788,15757.425674438477,0.0,24.0,0.0,4.0,0.050000000000000044,1.720170196145773,1.706230890005827,0.04646435007452965
double_centered_full_action_dqn,802,671,92.0331730991602,82.18215537801385,30.666002869606018,61.36717043817043,1.5607368499040604,17839.468868255615,0.0,28.0,0.0,1.0,0.050000000000000044,1.4748761858791113,1.4617365449666977,0.04379883606452495
double_centered_full_action_dqn,802,672,83.06058430075646,82.5147966644913,28.8378454297781,54.22273867726326,1.4971605753526092,16789.62226486206,0.0,24.0,0.0,2.0,0.050000000000000044,1.7200487963855267,1.70808419957757,0.03988205175846815
double_centered_full_action_dqn,802,673,84.6569859907031,82.83943373769522,29.84471831470728,54.81226819753647,1.5141761014238,17153.51922607422,0.0,25.0,0.0,1.0,0.050000000000000044,1.493608359247446,1.481145840138197,0.04154176206793636
double_centered_full_action_dqn,802,674,61.761826157569885,81.57414640992882,26.047264873981476,35.7145611345768,1.423264262266457,14858.970569610596,0.0,19.0,0.0,1.0,0.050000000000000044,1.779956417158246,1.7663916125893593,0.0452160038985312
double_centered_full_action_dqn,802,675,85.46655198335648,81.88113037332894,30.715727292001247,54.75082501173019,1.5784655064344406,17938.136417388916,0.0,25.0,0.0,2.0,0.050000000000000044,2.0698318257927895,2.0579422619193792,0.039631810737773776
double_centered_full_action_dqn,802,676,85.7068243175745,82.24390614904465,31.150372102856636,54.556452348828316,1.5793884135782719,18080.412033081055,0.0,25.0,0.0,0.0,0.050000000000000044,1.8357049990445375,1.8218123205006123,0.046308902092278004
double_centered_full_action_dqn,802,677,88.17324770390988,82.13642280161382,31.703542105853558,56.46970565021038,1.5505041256546974,17973.114463806152,0.0,26.0,0.0,1.0,0.050000000000000044,1.5460112486034632,1.5316555090248585,0.04785240371711552
double_centered_full_action_dqn,802,678,66.86829476952553,81.47155183389785,25.351290985941887,41.51700394749641,1.4365828968584538,14682.128791809082,0.0,20.0,0.0,1.0,0.050000000000000044,1.720467198640108,1.708245811983943,0.04073799424804747
double_centered_full_action_dqn,802,679,70.58992816656828,80.87204681538046,26.460913874208927,44.12901400923729,1.427178849466145,15029.511238098145,0.0,22.0,0.0,3.0,0.050000000000000044,1.795802440494299,1.782753124833107,0.04349773866124451
double_centered_full_action_dqn,802,680,85.44984970986843,80.90575171612205,29.740647703409195,55.70920190215111,1.554675079882145,17293.302165985107,0.0,26.0,0.0,0.0,0.050000000000000044,1.8396542370319366,1.8274891674518585,0.04055016580969095
double_centered_full_action_dqn,802,681,83.14308437108994,80.10634968154133,29.573338449001312,53.56974601149559,1.4817141005769372,16644.267959594727,0.0,24.0,0.0,2.0,0.050000000000000044,2.036229334771633,2.022799752652645,0.04476523492485285
double_centered_full_action_dqn,802,682,83.05779955089092,80.53930121764542,29.363195404410362,53.69460416138172,1.4754647621884942,16347.951774597168,0.0,26.0,0.0,3.0,0.050000000000000044,1.2217496000230312,1.2082018852233887,0.04515898833051324
double_centered_full_action_dqn,802,683,83.1100493222475,80.99302128694953,30.001528218388557,53.108521461486816,1.5696758842095733,17763.679668426514,0.0,23.0,0.0,0.0,0.050000000000000044,2.2658177316188812,2.2532539926469326,0.04187906137667596
double_centered_full_action_dqn,802,684,77.54975807666779,80.9694001274556,28.157514862716198,49.392243042588234,1.479837535880506,16521.958309173584,0.0,24.0,0.0,1.0,0.050000000000000044,1.5853959918022156,1.5720450766384602,0.04450299171730876
double_centered_full_action_dqn,802,685,76.15211752057076,80.24575188420712,27.829747036099434,48.322370290756226,1.4677999950945377,15596.135341644287,0.0,22.0,0.0,1.0,0.050000000000000044,1.8386266976594925,1.8250201679766178,0.045355118811130524
double_centered_full_action_dqn,802,686,82.84807685911656,80.07188450478017,30.271485909819603,52.57659094929695,1.5242585372179747,17397.63366317749,0.0,26.0,0.0,1.0,0.050000000000000044,1.4422904159873724,1.4281225968152285,0.047226050635799766
double_centered_full_action_dqn,802,687,80.54204031825066,79.77991930194199,29.879183165729046,50.6628573089838,1.5145594663918018,16914.051834106445,0.0,24.0,0.0,1.0,0.050000000000000044,1.9521120600402355,1.9404710438102484,0.03880342619959265
double_centered_full_action_dqn,802,688,74.77386938035488,79.31307365350426,27.891241773962975,46.882627472281456,1.474512031301856,15790.14733505249,0.0,23.0,0.0,2.0,0.050000000000000044,1.3494072761386633,1.3366262204945087,0.0426035113632679
double_centered_full_action_dqn,802,689,94.4542198061943,80.92490710273385,30.18410162627697,64.27011858224868,1.5668917195871472,18041.330921173096,0.0,29.0,0.0,2.0,0.050000000000000044,1.6177484225481749,1.6038797069340944,0.046229142928496
double_centered_full_action_dqn,802,690,83.38507905006409,81.139168022722,29.53000968694687,53.855069482326506,1.5222706822678447,16789.86772918701,0.0,24.0,0.0,1.0,0.050000000000000044,1.3245451301336288,1.3097572606056929,0.049292895244434476
double_centered_full_action_dqn,802,691,71.09431526958943,80.09222513124347,27.07850643992424,44.01580875515938,1.4602057617157698,15509.034143447876,0.0,23.0,0.0,1.0,0.050000000000000044,1.5544999986886978,1.5408619940280914,0.045460018096491694
double_centered_full_action_dqn,802,692,72.96745663881302,79.58756874814631,26.82716467231512,46.14029222726822,1.4477995289489627,15321.641519546509,0.0,23.0,0.0,1.0,0.050000000000000044,1.7232987582683563,1.7099316269159317,0.04455707920715213
double_centered_full_action_dqn,802,693,87.08234395980836,79.70883664660157,32.32761715352535,54.75472756624222,1.6370757538825274,18909.381004333496,0.0,24.0,0.0,3.0,0.050000000000000044,1.6529155187308788,1.6396891195327044,0.04408802348189056
double_centered_full_action_dqn,802,694,80.6575255125761,80.65362161435188,28.799721017479897,51.85780398845672,1.4637512797489762,16078.756923675537,0.0,25.0,0.0,4.0,0.050000000000000044,1.9680680483579636,1.9547908417880535,0.04425734980031848
double_centered_full_action_dqn,802,695,75.9781243801117,80.17920023418964,27.731643825769424,48.24648089706898,1.4873734218999743,16825.06818962097,0.0,23.0,0.0,1.0,0.050000000000000044,2.081329269334674,2.0681803356856108,0.04382976226042956
double_centered_full_action_dqn,802,696,81.82548819482327,79.98513342805208,29.782010786235332,52.04347771406174,1.5327137662097812,17476.887603759766,0.0,25.0,0.0,1.0,0.050000000000000044,1.4856932703405619,1.4707382339984179,0.04985015280544758
double_centered_full_action_dqn,802,697,67.60465122759342,78.95670360423625,25.586119756102562,42.01853132247925,1.429721487686038,14878.775482177734,0.0,20.0,0.0,0.0,0.050000000000000044,1.7023161798715591,1.6885438077151775,0.04590789461508393
double_centered_full_action_dqn,802,698,87.26325663924217,79.97645169772207,31.16990076005459,56.09335616230965,1.5634999135509133,18444.81483078003,0.0,25.0,0.0,1.0,0.050000000000000044,1.408864427357912,1.3942696824669838,0.04864922654815018
double_centered_full_action_dqn,802,699,83.11516636908054,80.60271360784768,29.608303174376488,53.50686329901218,1.5133898295462132,17165.927352905273,0.0,23.0,0.0,2.0,0.050000000000000044,2.0384562611579895,2.0264142975211143,0.040139872697182
double_centered_full_action_dqn,802,700,68.85785311460495,79.77311377808452,26.703408807516098,42.1544444411993,1.439955586567521,15704.84123802185,0.0,22.0,0.0,1.0,0.050000000000000044,1.3400761503726244,1.327491795644164,0.0419478485127911
double_centered_full_action_dqn,802,701,72.43225145339966,79.2375721322,27.060119852423668,45.37213173508644,1.4429831495508552,15561.573192596436,0.0,22.0,0.0,0.0,0.050000000000000044,1.7574692498892546,1.7438023835420609,0.04555620707105845
double_centered_full_action_dqn,802,702,89.17920319885016,79.54364231459797,31.53633864969015,57.642864847183226,1.5845800060778856,18327.75860595703,0.0,27.0,0.0,1.0,0.050000000000000044,1.6588390748947859,1.6451320890337229,0.045689980732277036
double_centered_full_action_dqn,802,703,91.45774623155594,79.9610271600634,32.61831133067608,58.83943518400192,1.575862094759941,18909.136558532715,0.0,26.0,0.0,2.0,0.050000000000000044,2.002021012827754,1.9881138447672129,0.046357235638424754
double_centered_full_action_dqn,802,704,85.8578305259347,80.37643078252674,31.381282679736614,54.47654757797718,1.5654904218390584,17818.497848510742,0.0,24.0,0.0,4.0,0.050000000000000044,1.8390176352113485,1.8247097209095955,0.04769298934843391
double_centered_full_action_dqn,802,705,65.64999601244926,79.85132470712067,25.77835275232792,39.87164269387722,1.4223128585144877,15216.850479125977,0.0,19.0,0.0,0.0,0.050000000000000044,1.5709907747805119,1.5582634061574936,0.04242453270126134
double_centered_full_action_dqn,802,706,72.77792268246412,79.34781699828804,27.733158946037292,45.04476338624954,1.4475407795980573,15927.254497528076,0.0,23.0,0.0,2.0,0.050000000000000044,2.0601353272795677,2.0472612231969833,0.04291367088444531
double_centered_full_action_dqn,802,707,64.22380022704601,78.5319049937278,25.103315703570843,39.12048473954201,1.410847757011652,14651.207653045654,0.0,20.0,0.0,0.0,0.050000000000000044,1.7910418473184109,1.7777409628033638,0.04433631245046854
double_centered_full_action_dqn,802,708,78.94088505208492,78.74025577731432,28.906674712896347,50.03421093523502,1.4926819549873471,16715.03476715088,0.0,23.0,0.0,1.0,0.050000000000000044,1.671021407470107,1.658615568652749,0.04135276796296239
double_centered_full_action_dqn,802,709,84.82047899067402,78.2585687365383,31.55323602259159,53.26724301278591,1.5502722105011344,18003.352409362793,0.0,23.0,0.0,0.0,0.050000000000000044,1.4195796232670546,1.40575597807765,0.04607878206297755
double_centered_full_action_dqn,802,710,69.87224161177873,77.58292686462401,27.314689375460148,42.557552355527875,1.4924190109595656,15972.52816772461,0.0,20.0,0.0,3.0,0.050000000000000044,1.5215558968484402,1.5088878609240055,0.04222679208032787
double_centered_full_action_dqn,802,711,78.05349049717188,77.93088562600315,28.15412936359644,49.89936128258705,1.4814407536759973,16325.994567871094,0.0,24.0,0.0,0.0,0.050000000000000044,1.8301867600530386,1.8154158405959606,0.04923645663075149
double_centered_full_action_dqn,802,712,76.16656555235386,78.09084107168019,28.12598030269146,48.0405852496624,1.4953576242551208,16454.846977233887,0.0,24.0,0.0,2.0,0.050000000000000044,1.3545366879552603,1.3408855069428682,0.04550391482189298
double_centered_full_action_dqn,802,713,77.93128268420696,77.63328800790012,27.985318563878536,49.94596403837204,1.4802778121083975,15985.842948913574,0.0,23.0,0.0,2.0,0.050000000000000044,2.178232293576002,2.165908355265856,0.04107973899226636
double_centered_full_action_dqn,802,714,83.0529902651906,77.75306124553084,29.453220061957836,53.599770456552505,1.542867250740528,17536.87940979004,0.0,25.0,0.0,2.0,0.050000000000000044,1.6227909736335278,1.6095586698502302,0.0441076448187232
double_centered_full_action_dqn,802,715,78.10120791494846,77.85921542227268,28.86905163526535,49.23215626478195,1.545330655761063,16986.789930343628,0.0,23.0,0.0,3.0,0.050000000000000044,1.3747486621141434,1.3596168048679829,0.05043953820131719
double_centered_full_action_dqn,802,716,66.1020588055253,77.07304395280778,25.30399151146412,40.79806697368622,1.409317860379815,14623.945518493652,0.0,20.0,0.0,1.0,0.050000000000000044,1.8511828165501356,1.8371656239032745,0.0467239401768893
double_centered_full_action_dqn,802,717,77.02767921686173,77.5441953522712,27.695560716092587,49.332118180394176,1.4411530429497361,15640.971096038818,0.0,23.0,0.0,3.0,0.050000000000000044,1.1188635155558586,1.1052122879773378,0.04550408408977091
double_centered_full_action_dqn,802,718,98.97456161677837,78.129760601148,32.53667379915714,66.43788750469685,1.6023438451811671,18998.733123779297,0.0,29.0,0.0,2.0,0.050000000000000044,1.9561830088496208,1.9422907549887896,0.046307421987876296
double_centered_full_action_dqn,802,719,95.35424365103245,78.74171446524562,31.686813086271286,63.66743117570877,1.5790558317676187,18067.80952835083,0.0,30.0,0.0,0.0,0.050000000000000044,1.5220336448401213,1.5093724839389324,0.042203822755254805
double_centered_full_action_dqn,802,720,69.83218395113946,78.79043100707233,27.0764681994915,42.75571563243866,1.435248696245253,15546.204334259033,0.0,21.0,0.0,1.0,0.050000000000000044,1.3690479304641485,1.353812538087368,0.050784635823220015
double_centered_full_action_dqn,802,721,91.54631921797991,79.74613439530135,29.864102877676487,61.68221635520458,1.4988717678934336,16929.147762298584,0.0,27.0,0.0,1.0,0.050000000000000044,1.648187169805169,1.6324652787297964,0.05240637785755098
double_centered_full_action_dqn,802,722,75.51565423607826,79.06295694716275,26.767858758568764,48.74779558181763,1.4941131742671132,16045.856266021729,0.0,23.0,0.0,1.0,0.050000000000000044,1.679448015987873,1.6637547854334116,0.05231072078458965
double_centered_full_action_dqn,802,723,82.10518215745688,78.59532874345781,28.963376589119434,53.14180573225021,1.53251011390239,16837.409507751465,0.0,23.0,0.0,1.0,0.050000000000000044,1.669540960341692,1.6557054985314608,0.046118261525407434
double_centered_full_action_dqn,802,724,84.04242319762707,78.50455837704241,28.79223895072937,55.250184500217436,1.4856279706582427,16357.044157028198,0.0,26.0,0.0,1.0,0.050000000000000044,1.79261283762753,1.781314803287387,0.03766013425774872
double_centered_full_action_dqn,802,725,82.90860969871282,79.3674890613556,29.22033729404211,53.688272449374196,1.505994750186801,16889.009607315063,0.0,24.0,0.0,2.0,0.050000000000000044,1.525685716420412,1.5135958548635244,0.040299553191289306
double_centered_full_action_dqn,802,726,87.7466137111187,80.11592361278832,29.92829456925392,57.818319484591484,1.5312607930973172,17615.523113250732,0.0,26.0,0.0,0.0,0.050000000000000044,1.8545139040797949,1.8412753101438284,0.04412865824997425
double_centered_full_action_dqn,802,727,85.64014860242605,81.18674103155732,31.044131949543953,54.596016243100166,1.541173793375492,17843.153408050537,0.0,26.0,0.0,1.0,0.050000000000000044,1.6401083543896675,1.6261484511196613,0.046533026499673724
double_centered_full_action_dqn,802,728,83.60822654664517,81.42010810628534,30.069110304117203,53.53911640644073,1.5240616351366043,17827.0274810791,0.0,25.0,0.0,2.0,0.050000000000000044,2.0501074083149433,2.0358374416828156,0.04756654682569206
double_centered_full_action_dqn,802,729,89.09043991863727,81.63360615268348,29.84664562344551,59.24379417598247,1.5444146245718002,17597.85721206665,0.0,26.0,0.0,2.0,0.050000000000000044,1.5570410620421171,1.542843857780099,0.047324006678536534
double_centered_full_action_dqn,802,730,82.70398588776588,82.27519336648285,29.091214537620544,53.61277075409889,1.472722589969635,16263.333126068115,0.0,26.0,0.0,2.0,0.050000000000000044,1.5815548691898584,1.5677532982081175,0.04600524972192943
double_centered_full_action_dqn,802,731,71.55451776087284,81.9502447296679,27.47569113969803,44.078827008605,1.4667347958311439,16326.582717895508,0.0,21.0,0.0,0.0,0.050000000000000044,1.583956178277731,1.5702522918581963,0.04567963443696499
double_centered_full_action_dqn,802,732,76.84449305534363,81.98414110481738,27.96108613908291,48.88340690135956,1.4762796880677342,16153.494194030762,0.0,22.0,0.0,3.0,0.050000000000000044,1.7364718038588762,1.7240447010844946,0.04142370028421283
double_centered_full_action_dqn,802,733,71.13732352405786,81.64444314680993,27.27113328874111,43.866190555691716,1.4431332163512707,15347.364826202393,0.0,21.0,0.0,3.0,0.050000000000000044,1.5433858707547188,1.5288853645324707,0.048335009487345815
double_centered_full_action_dqn,802,734,71.98283450454474,81.09093535877766,29.323337227106094,42.6594975233078,1.4728083964437246,16361.539291381836,0.0,22.0,0.0,1.0,0.050000000000000044,1.7684585172683,1.7552753798663616,0.04394377488642931
double_centered_full_action_dqn,802,735,61.56350741684437,80.26405033387245,24.953945472836494,36.60956189930439,1.4119245326146483,14683.658988952637,0.0,19.0,0.0,1.0,0.050000000000000044,1.533786391839385,1.5204173028469086,0.044563660863786936
double_centered_full_action_dqn,802,736,79.3419468343258,80.92604473531247,29.35290375351906,49.98904366195202,1.512183090671897,16987.774730682373,0.0,25.0,0.0,1.0,0.050000000000000044,2.168661091476679,2.1561678238213062,0.041644162964075804
double_centered_full_action_dqn,802,737,92.84397827386856,81.71685968816281,32.63652187585831,60.20745623409748,1.5810319734737277,18611.458812713623,0.0,28.0,0.0,2.0,0.050000000000000044,1.9261150285601616,1.9130664989352226,0.043495135148987174
double_centered_full_action_dqn,802,738,76.47194525152445,80.59172886990011,27.77846685796976,48.69347748458385,1.4956150287762284,16423.69002532959,0.0,24.0,0.0,4.0,0.050000000000000044,1.3612951301038265,1.3487503677606583,0.04181592084933072
double_centered_full_action_dqn,802,739,76.85179828852415,79.6666066017747,28.280697114765644,48.5711010992527,1.5201266389340162,16748.165412902832,0.0,22.0,0.0,2.0,0.050000000000000044,2.0351932551711798,2.0209262166172266,0.04755679937079549
double_centered_full_action_dqn,802,740,88.16238638013601,80.58311672322452,29.780382551252842,58.382003739476204,1.5161450058221817,17158.075080871582,0.0,26.0,0.0,1.0,0.050000000000000044,1.4026967529207468,1.3890294805169106,0.045557637233287096
double_centered_full_action_dqn,802,741,83.65207748115063,80.18840463638307,29.95299831032753,53.699079751968384,1.5434512225911021,17270.02597808838,0.0,25.0,0.0,0.0,0.050000000000000044,1.8650477919727564,1.8510515987873077,0.04665395081974566
double_centered_full_action_dqn,802,742,80.35733579099178,80.43048871412874,28.66641152650118,51.69092400372028,1.4961663139984012,16475.23756790161,0.0,24.0,0.0,0.0,0.050000000000000044,1.5425301920622587,1.529566826298833,0.04321125603746623
double_centered_full_action_dqn,802,743,74.34759833067656,80.04260952278972,27.046441204845905,47.30115737915039,1.447310769930482,15788.921264648438,0.0,23.0,0.0,2.0,0.050000000000000044,2.3137617148458958,2.299244288355112,0.04839138500392437
double_centered_full_action_dqn,802,744,93.26662928760052,80.5038198272884,32.39390957355499,60.872719356417655,1.579735565930605,18297.00298309326,0.0,27.0,0.0,3.0,0.050000000000000044,1.6938944030553102,1.6802197815850377,0.04558198375161737
double_centered_full_action_dqn,802,745,79.53084075450897,80.3349313800782,27.65961630642414,51.871223986148834,1.4894831366837025,16391.668853759766,0.0,23.0,0.0,0.0,0.050000000000000044,1.9834351371973753,1.9701223205775023,0.044376043835654855
double_centered_full_action_dqn,802,746,87.46094447523356,80.32064791828395,30.99778337776661,56.463161596655844,1.600562583655119,18162.945232391357,0.0,26.0,0.0,4.0,0.050000000000000044,1.9693619925528765,1.9565177485346794,0.04281418141908944
double_centered_full_action_dqn,802,747,91.2658105134964,80.60193101383747,29.740812376141548,61.52499825656414,1.5334473624825478,16939.840404510498,0.0,29.0,0.0,1.0,0.050000000000000044,1.4455874487757683,1.4327647518366575,0.042742281686514616
double_centered_full_action_dqn,802,748,84.88747035264969,80.66589320413769,30.03321962058544,54.85425129830837,1.527437306009233,17388.13725090027,0.0,24.0,0.0,3.0,0.050000000000000044,1.2706684153527021,1.2561517972499132,0.04838875960558653
double_centered_full_action_dqn,802,749,70.82993898689747,79.75286815755071,27.698421217501163,43.131517791748045,1.434421612881124,16025.870601654053,0.0,22.0,0.0,1.0,0.050000000000000044,1.4275446273386478,1.4149733781814575,0.04190421150997281
double_centered_full_action_dqn,802,750,84.91532346010209,79.86343503616752,31.461296401917934,53.454027922451495,1.5412585735321045,17873.73964691162,0.0,25.0,0.0,2.0,0.050000000000000044,1.8021779134869576,1.789966382086277,0.040705161285586655
double_centered_full_action_dqn,802,751,59.257327418029305,79.24857551902534,23.490289121866226,35.76703845262527,1.3654648223891854,13710.667697906494,0.0,19.0,0.0,3.0,0.050000000000000044,1.5703264474868774,1.5561389494687319,0.047291655209846795
double_centered_full_action_dqn,802,752,65.26150316745043,78.66942602463067,24.553569220006466,40.70793396234512,1.4129590336233377,14772.169662475586,0.0,20.0,0.0,0.0,0.050000000000000044,1.5889546666294336,1.575042624026537,0.04637346952222288
double_centered_full_action_dqn,802,753,88.38009224087,79.53156446047129,30.86406122148037,57.51603107154369,1.5295060025528073,17683.247093200684,0.0,27.0,0.0,1.0,0.050000000000000044,1.3983123283833265,1.3838718812912703,0.048134833574295044
double_centered_full_action_dqn,802,754,59.81033101081848,78.92293928578496,26.150020465254784,33.66031032204628,1.4868822051212192,15857.598365783691,0.0,19.0,0.0,1.0,0.050000000000000044,1.7499649785459042,1.7366815526038408,0.04427814553491771
double_centered_full_action_dqn,802,755,89.15416368246079,80.3024720990658,32.09333038330078,57.06083414852619,1.5590361561626196,18347.207118988037,0.0,25.0,0.0,1.0,0.050000000000000044,1.6558350045233965,1.6432211808860302,0.042046143440529704
double_centered_full_action_dqn,802,756,74.43192862123252,80.05697118841114,27.58126773685217,46.85066103339195,1.4813188444823027,15930.595153808594,0.0,23.0,0.0,2.0,0.050000000000000044,1.7952450662851334,1.7824984043836594,0.042488869628869
double_centered_full_action_dqn,802,757,74.11463455408811,79.12050400242211,27.707729570567608,46.406904998421666,1.4616294521838427,15742.44436264038,0.0,22.0,0.0,3.0,0.050000000000000044,1.8277742341160774,1.8143420964479446,0.04477379331365228
double_centered_full_action_dqn,802,758,70.24151485562325,78.80898248262704,26.817027904093266,43.42448710799217,1.4528388939797878,15599.31669998169,0.0,21.0,0.0,1.0,0.050000000000000044,1.4330090172588825,1.4181359708309174,0.04957680788356811
double_centered_full_action_dqn,802,759,89.6922047674656,79.45100280657412,31.205365486443043,58.48683916181326,1.5574940526857972,18005.662715911865,0.0,26.0,0.0,3.0,0.050000000000000044,1.8204009048640728,1.8037784285843372,0.0554082493763417
double_centered_full_action_dqn,802,760,89.06749416142702,79.49625819563866,30.41156566888094,58.6559279859066,1.5478633223101497,17412.715488433838,0.0,27.0,0.0,0.0,0.050000000000000044,1.3667938094586134,1.3538302034139633,0.04321204766165465
double_centered_full_action_dqn,802,761,66.28017109781504,78.62766287647189,27.500924602150917,38.779246339201926,1.4331862377002835,15595.485298156738,0.0,21.0,0.0,1.0,0.050000000000000044,1.7222003508359194,1.7075268644839525,0.04891164554283023
double_centered_full_action_dqn,802,762,69.73376312851906,78.09648424334826,27.97282898426056,41.76093365252018,1.4899434363469481,16267.899810791016,0.0,21.0,0.0,0.0,0.050000000000000044,1.6012086141854525,1.5882513262331486,0.04319096228573471
double_centered_full_action_dqn,802,763,66.24585162997246,77.69139690831305,27.21679089218378,39.02906056642532,1.4563332963734865,15883.598541259766,0.0,20.0,0.0,2.0,0.050000000000000044,1.8313969504088163,1.8168213181197643,0.048585389740765095
double_centered_full_action_dqn,802,764,71.72320609539747,76.61422574870289,28.129994742572308,43.59321168065071,1.4579187529161572,15866.638961791992,0.0,21.0,0.0,0.0,0.050000000000000044,1.3768599312752485,1.362828005105257,0.04677317745517939
double_centered_full_action_dqn,802,765,79.60933706313372,76.61815056413414,27.130514450371265,52.4788232088089,1.4685187544673681,15746.80046081543,0.0,25.0,0.0,2.0,0.050000000000000044,1.6091194227337837,1.5947594158351421,0.04786663642153144
double_centered_full_action_dqn,802,766,84.67136796116829,76.47867173843086,29.40688905119896,55.26447890996933,1.4959362801164389,16899.523349761963,0.0,26.0,0.0,3.0,0.050000000000000044,1.6687755286693573,1.6534486953169107,0.0510894323233515
double_centered_full_action_dqn,802,767,77.67096328139306,75.7989293768257,28.205079302191734,49.46588464975357,1.5190742071717978,16912.199157714844,0.0,24.0,0.0,1.0,0.050000000000000044,1.7311378493905067,1.7176419328898191,0.044986446388065815
double_centered_full_action_dqn,802,768,87.71125877201557,75.94011879779399,29.846879109740257,57.864379572868344,1.5340230697765946,17078.47720336914,0.0,28.0,0.0,3.0,0.050000000000000044,1.8907554429024458,1.875930119305849,0.04941772553138435
double_centered_full_action_dqn,802,769,77.2774266898632,76.26249318294228,28.591543778777122,48.6858824044466,1.465524791739881,16378.264633178711,0.0,22.0,0.0,1.0,0.050000000000000044,1.3687772024422884,1.354844432324171,0.04644258879125118
double_centered_full_action_dqn,802,770,68.56151071935892,75.4448025459051,25.739730648696423,42.82177984714508,1.423504276201129,14788.236320495605,0.0,23.0,0.0,1.0,0.050000000000000044,1.4660869259387255,1.4519280344247818,0.047196191968396306
double_centered_full_action_dqn,802,771,92.6405361533165,77.11396298266948,32.10396119952202,60.53657414913177,1.5938625698909163,18589.57081604004,0.0,27.0,0.0,1.0,0.050000000000000044,1.6147359143942595,1.600539192557335,0.0473223605658859
double_centered_full_action_dqn,802,772,90.88982287943364,78.39537896826864,31.31343038380146,59.57639276385307,1.5300536593422294,17795.224632263184,0.0,27.0,0.0,2.0,0.050000000000000044,1.6184412650763988,1.6030626147985458,0.0512622210662812
double_centered_full_action_dqn,802,773,73.8570685684681,77.66922778464854,27.926852837204933,45.93021562695503,1.4821482067927718,16137.94002532959,0.0,23.0,0.0,1.0,0.050000000000000044,1.617823265492916,1.6034180242568254,0.04801750858314335
double_centered_full_action_dqn,802,774,79.25394159704447,78.64140831395984,28.93909841030836,50.314843320846556,1.486899733543396,16810.3234539032,0.0,24.0,0.0,1.0,0.050000000000000044,1.4853135403245687,1.472637141123414,0.042254679603502154
double_centered_full_action_dqn,802,775,68.64955984055996,77.6161781218648,25.753966204822063,42.89559358358383,1.3956003980711102,14337.826583862305,0.0,21.0,0.0,1.0,0.050000000000000044,1.7046498656272888,1.6907383911311626,0.04637153819203377
double_centered_full_action_dqn,802,776,82.8889369815588,78.03902853988112,27.67266020178795,55.216277092695236,1.4816350433975458,16413.354106903076,0.0,25.0,0.0,1.0,0.050000000000000044,1.8244356643408537,1.810460014268756,0.046585461823269725
double_centered_full_action_dqn,802,777,85.6509293988347,78.61584328211845,28.90298443287611,56.74794581532478,1.5102191912010312,16736.40958213806,0.0,26.0,0.0,2.0,0.050000000000000044,1.837788762524724,1.8251043856143951,0.042281271307729185
double_centered_full_action_dqn,802,778,52.07454952597618,77.7074950156361,23.857872501015663,28.21667730808258,1.3597874287515879,13622.772468566895,0.0,18.0,0.0,0.0,0.050000000000000044,1.6665486991405487,1.652736697345972,0.046039930544793606
double_centered_full_action_dqn,802,779,73.16871264576912,76.88132040955126,25.740962713956833,47.42774960398674,1.4453850388526917,15129.053621292114,0.0,23.0,0.0,1.0,0.050000000000000044,1.4930056743323803,1.4799994751811028,0.04335393779911101
double_centered_full_action_dqn,802,780,71.99871180206537,76.02788129158318,25.755220271646976,46.24349184334278,1.4039882412180305,14680.873970031738,0.0,23.0,0.0,0.0,0.050000000000000044,1.6613350752741098,1.6494344379752874,0.039668819634243846
double_centered_full_action_dqn,802,781,88.11845860779286,77.11979566708207,30.407859303057194,57.71059965491295,1.559139327146113,17626.692504882812,0.0,26.0,0.0,2.0,0.050000000000000044,1.4878716263920069,1.4751190561801195,0.04250858770683408
double_centered_full_action_dqn,802,782,82.42460391670465,77.75433770649136,28.333580665290356,54.09102280437946,1.513063758611679,16757.483325958252,0.0,26.0,0.0,1.0,0.050000000000000044,1.5137745011597872,1.4982502087950706,0.05174765130504966
double_centered_full_action_dqn,802,783,77.56517718285322,78.32030398413539,26.562937133014202,51.00224024355411,1.453003535978496,15540.988454818726,0.0,23.0,0.0,2.0,0.050000000000000044,1.7854989226907492,1.7707406524568796,0.04919422580860555
double_centered_full_action_dqn,802,784,61.48656937479973,77.8084721481055,23.75476859509945,37.73180119693279,1.394257857464254,14114.675926208496,0.0,19.0,0.0,2.0,0.050000000000000044,1.9117930587381124,1.8970979433506727,0.04898371116723865
double_centered_full_action_dqn,802,785,79.00050351917744,77.7780304709077,28.593127749860287,50.407375836372374,1.4971268465742469,16473.402095794678,0.0,23.0,0.0,1.0,0.050000000000000044,1.4654871132224798,1.4526002444326878,0.042956211138516665
double_centered_full_action_dqn,802,786,76.21285466849804,77.35510480627418,27.95248146355152,48.26037284731865,1.4922728184610605,16276.935459136963,0.0,22.0,0.0,1.0,0.050000000000000044,1.4781510718166828,1.4630265850573778,0.050414955243468285
double_centered_full_action_dqn,802,787,85.00895141959191,77.72200421318414,30.381183460354805,54.6277680337429,1.5343971448019147,17423.374057769775,0.0,25.0,0.0,1.0,0.050000000000000044,1.779520159587264,1.7649950608611107,0.048416964476928115
double_centered_full_action_dqn,802,788,75.47934424132109,77.1104084866494,28.444371782243252,47.03497238457203,1.4971709828823805,16610.207111358643,0.0,22.0,0.0,3.0,0.050000000000000044,1.8671458270400763,1.8533589821308851,0.045956051209941506
double_centered_full_action_dqn,802,789,81.80764541774988,77.33691942304374,28.371628515422344,53.43601709604263,1.500337854027748,16630.62578201294,0.0,24.0,0.0,1.0,0.050000000000000044,1.4222031701356173,1.4080758355557919,0.04709108057431877
double_centered_full_action_dqn,802,790,74.21633159518242,77.61966046683492,26.46266184002161,47.75366913676262,1.4807542990893126,15919.75736618042,0.0,21.0,0.0,1.0,0.050000000000000044,1.7955448012799025,1.7809647172689438,0.04860028577968478
double_centered_full_action_dqn,802,791,71.57917929440737,76.56659262388945,27.0815165117383,44.49766306579113,1.4490561541169882,15599.544006347656,0.0,22.0,0.0,0.0,0.050000000000000044,1.6343403868377209,1.6221664734184742,0.04057973995804787
double_centered_full_action_dqn,802,792,83.73278214037418,76.20874058693649,30.02148050069809,53.71130113303661,1.517639379017055,17120.921222686768,0.0,25.0,0.0,0.0,0.050000000000000044,1.106552880257368,1.093291124328971,0.04420585045590997
double_centered_full_action_dqn,802,793,71.09623913615943,76.07069911532105,25.856181666254997,45.24005779027939,1.4419323382899165,15721.949234008789,0.0,20.0,0.0,1.0,0.050000000000000044,1.520364535972476,1.5060320254415274,0.04777499625924975
double_centered_full_action_dqn,802,794,73.94767689108849,75.80538588002325,27.414395831525326,46.533280888199805,1.4757442651316524,16108.108654022217,0.0,23.0,0.0,1.0,0.050000000000000044,1.8358010295778513,1.8200696650892496,0.052437892416492105
double_centered_full_action_dqn,802,795,74.89360681921244,76.11758822895588,28.039961256086826,46.853646233677864,1.488213743083179,16418.834800720215,0.0,23.0,0.0,1.0,0.050000000000000044,1.864841140806675,1.8498029820621014,0.050127089489251375
double_centered_full_action_dqn,802,796,94.62908587753773,76.70459567375482,30.466828785836697,64.16225695014,1.5256986729800701,17345.343990325928,0.0,29.0,0.0,1.0,0.050000000000000044,2.627345457673073,2.612303026020527,0.05014142673462629
double_centered_full_action_dqn,802,797,96.22249085009098,77.23317374631763,32.75805090367794,63.464439782500264,1.5894706966355443,18382.846057891846,0.0,28.0,0.0,2.0,0.050000000000000044,1.489113224670291,1.473920563235879,0.050642249872907996
double_centered_full_action_dqn,802,798,68.04092457294465,78.03149249866605,25.128738179802895,42.91218684017658,1.4353325478732586,15304.82437133789,0.0,21.0,0.0,2.0,0.050000000000000044,1.620752714574337,1.6069812253117561,0.04590498190373182
double_centered_full_action_dqn,802,799,79.75212433189154,78.36066308297218,29.24861227720976,50.50351244211197,1.5049207769334316,17148.839672088623,0.0,23.0,0.0,0.0,0.050000000000000044,1.7138710394501686,1.6977977566421032,0.053577606449835
double_centered_full_action_dqn,802,800,77.5556556224823,78.63851027399302,31.070616260170937,46.48503931760788,1.5037062233313918,17666.753902435303,0.0,23.0,0.0,2.0,0.050000000000000044,1.4315838925540447,1.4143152125179768,0.05756225250661373
double_centered_full_action_dqn,802,801,83.6091287985444,78.4130437835306,28.02452762424946,55.5846006155014,1.4967696825042367,16160.24068069458,0.0,25.0,0.0,2.0,0.050000000000000044,1.5235303584486246,1.5077059846371412,0.0527479350566864
double_centered_full_action_dqn,802,802,76.3391574844718,78.10877146191896,28.64211194962263,47.697045743465424,1.4923284826800227,16300.481754302979,0.0,24.0,0.0,0.0,0.050000000000000044,1.5799856800585985,1.5656849648803473,0.04766904073767364
double_centered_full_action_dqn,802,803,78.808647505939,78.17094497807324,28.003396563231945,50.805250197649,1.4969037603586912,16711.77479171753,0.0,23.0,0.0,0.0,0.050000000000000044,1.688956642523408,1.674118408933282,0.049460759153589606
double_centered_full_action_dqn,802,804,62.07205376774073,78.20021919772029,24.51209770143032,37.55995616316795,1.3952949503436685,15007.335472106934,0.0,20.0,0.0,2.0,0.050000000000000044,1.5822676494717598,1.5673189293593168,0.049829106545075774
double_centered_full_action_dqn,802,805,89.6137655466795,78.7308822990954,30.502062886953354,59.1117024064064,1.563554990105331,17569.30057144165,0.0,27.0,0.0,1.0,0.050000000000000044,1.3700279854238033,1.3548336327075958,0.05064780334942043
double_centered_full_action_dqn,802,806,91.63141733407974,79.50181043237448,32.78344805538654,58.84796978533268,1.6005927603691816,19184.47654724121,0.0,27.0,0.0,0.0,0.050000000000000044,1.478463102132082,1.4634889159351587,0.04991397634148598
double_centered_full_action_dqn,802,807,74.92795490473509,78.99776060663164,28.40410492569208,46.523849844932556,1.4983118940144777,16643.021759033203,0.0,21.0,0.0,3.0,0.050000000000000044,1.8199961967766285,1.8061403892934322,0.046186055755242705
double_centered_full_action_dqn,802,808,83.75249888002872,79.41141833856702,32.03303499519825,51.71946394443512,1.5820544613525271,18403.77680206299,0.0,24.0,0.0,3.0,0.050000000000000044,1.398656040430069,1.3851063027977943,0.04516578931361437
double_centered_full_action_dqn,802,809,83.02196495980024,79.47213431566954,28.570381239056587,54.45158389210701,1.4926067451015115,16451.709728240967,0.0,26.0,0.0,0.0,0.050000000000000044,1.7062882110476494,1.6927789859473705,0.04503074171952903
double_centered_full_action_dqn,802,810,69.94508235305548,79.2585718535632,27.57935581356287,42.36572688221931,1.4662436628714204,16026.01549911499,0.0,20.0,0.0,1.0,0.050000000000000044,1.7515341527760029,1.7378244511783123,0.04569900897331536
double_centered_full_action_dqn,802,811,84.51981822252273,79.90560379996896,29.50715209543705,55.01266582906246,1.5422342214733362,17115.148361206055,0.0,24.0,0.0,4.0,0.050000000000000044,1.3125594053417444,1.2991357184946537,0.04474566481076181
double_centered_full_action_dqn,802,812,75.95848068594933,79.51688872724772,28.337605953216553,47.62087461352348,1.4966033827513456,16756.22716140747,0.0,23.0,0.0,1.0,0.050000000000000044,1.7722574844956398,1.7571060918271542,0.05050459178164601
double_centered_full_action_dqn,802,813,74.82562175542117,79.70335785821081,27.2376446723938,47.58797707557678,1.4715679856017232,15617.462337493896,0.0,23.0,0.0,2.0,0.050000000000000044,1.903356833383441,1.8898273520171642,0.04509824048727751
double_centered_full_action_dqn,802,814,73.91648717224598,79.70179837226867,27.322800636291504,46.593686908483505,1.467755931429565,16139.44401550293,0.0,23.0,0.0,1.0,0.050000000000000044,1.840040497481823,1.8245948404073715,0.051485542324371636
double_centered_full_action_dqn,802,815,73.33453913033009,79.62384498782457,28.530606642365456,44.803932547569275,1.5011398289352655,16381.831573486328,0.0,21.0,0.0,2.0,0.050000000000000044,1.6290737241506577,1.6163035072386265,0.042567407945171
double_centered_full_action_dqn,802,816,88.43673072010279,79.31422722995282,31.417486868798733,57.01924350857735,1.596166248433292,18193.705741882324,0.0,25.0,0.0,2.0,0.050000000000000044,1.5522123519331217,1.5350998304784298,0.057041731430217624
double_centered_full_action_dqn,802,817,81.50497782975435,78.57835157893598,28.261946015059948,53.24303188920021,1.5118357557803392,16828.693168640137,0.0,26.0,0.0,2.0,0.050000000000000044,1.763217343017459,1.7479156944900751,0.051005513640120625
double_centered_full_action_dqn,802,818,84.9844723507762,79.42552896782756,27.501847065985203,57.48262568712234,1.4763093395158648,15915.926239013672,0.0,26.0,0.0,2.0,0.050000000000000044,1.6636552475392818,1.6506557166576385,0.043331767199561
double_centered_full_action_dqn,802,819,87.08532380461693,79.79218894146383,30.562388509511948,56.522934997081755,1.582428121007979,18116.25591659546,0.0,27.0,0.0,1.0,0.050000000000000044,1.66869493201375,1.6543718092143536,0.04774375329725444
double_centered_full_action_dqn,802,820,90.36372226625681,80.43259227365256,29.687796138226986,60.67592608332634,1.5152419935911894,16943.502712249756,0.0,27.0,0.0,2.0,0.050000000000000044,1.5522409081459045,1.5361334756016731,0.053691486129537225
double_centered_full_action_dqn,802,821,88.48836986720562,80.67655432708563,29.240796759724617,59.24757343530655,1.5215870784595609,16976.05072402954,0.0,27.0,0.0,3.0,0.050000000000000044,1.799004415050149,1.7844118662178516,0.04864185384940356
double_centered_full_action_dqn,802,822,71.95369008928537,80.4572809573263,27.45369317382574,44.499997317790985,1.4437769185751677,15692.510108947754,0.0,22.0,0.0,2.0,0.050000000000000044,2.1381599456071854,2.124125871807337,0.046780207427218556
double_centered_full_action_dqn,802,823,81.76163264364004,80.60493021421135,30.277389854192734,51.48424232006073,1.5366515638306737,17482.474994659424,0.0,23.0,0.0,1.0,0.050000000000000044,1.8729471154510975,1.859850350767374,0.04365590063389391
double_centered_full_action_dqn,802,824,75.46871201097966,81.2747631263733,26.53732243180275,48.931389608979224,1.4637282844632864,15622.937477111816,0.0,23.0,0.0,2.0,0.050000000000000044,1.8773941807448864,1.8622486237436533,0.050485195592045784
double_centered_full_action_dqn,802,825,79.26478815078735,80.75731425657868,29.12057949602604,50.14420908689499,1.5225233044475317,17305.164638519287,0.0,24.0,0.0,0.0,0.050000000000000044,1.6397281140089035,1.6253259684890509,0.048007123405113816
double_centered_full_action_dqn,802,826,78.48527120947838,80.10000695034861,28.302564099431038,50.182707810401915,1.4975473210215569,16324.176971435547,0.0,24.0,0.0,2.0,0.050000000000000044,1.8031804226338863,1.7899291962385178,0.044170728884637356
double_centered_full_action_dqn,802,827,89.9416210949421,80.85069025985896,31.445053547620773,58.49656718969345,1.5950607741251588,18379.447338104248,0.0,26.0,0.0,1.0,0.050000000000000044,1.4901970364153385,1.4759532120078802,0.04747939947992563
double_centered_full_action_dqn,802,828,88.69586362242698,81.09785849697889,31.298101231455803,57.39776273369789,1.604799267835915,18360.447299957275,0.0,27.0,0.0,2.0,0.050000000000000044,1.8352225627750158,1.8221667222678661,0.04351937503088266
double_centered_full_action_dqn,802,829,104.15984516143799,82.15475250706076,33.552559703588486,70.60728493630886,1.617168609984219,19294.77191543579,0.0,30.0,0.0,2.0,0.050000000000000044,1.6808718517422676,1.6649741753935814,0.05299223563633859
double_centered_full_action_dqn,802,830,79.10093822479249,82.61254530064761,28.528296396136284,50.572641962766646,1.505121591500938,16593.813415527344,0.0,25.0,0.0,2.0,0.050000000000000044,2.0614142566919327,2.0479846224188805,0.044765394064597785
double_centered_full_action_dqn,802,831,98.95103874206544,83.33410632662476,32.60997813940048,66.34105964899064,1.5703902011737227,18009.136291503906,0.0,30.0,0.0,1.0,0.050000000000000044,2.037656679749489,2.022864008322358,0.04930893983691931
double_centered_full_action_dqn,802,832,95.28155139535666,84.30025986209513,31.357262022793293,63.9242895513773,1.5878179231658578,18105.75506591797,0.0,29.0,0.0,4.0,0.050000000000000044,1.7612461056560278,1.745757082477212,0.051630022237077355
double_centered_full_action_dqn,802,833,82.86569865345955,84.70226370699704,28.762356981635094,54.10334204435348,1.4844809649512172,16694.93601989746,0.0,24.0,0.0,2.0,0.050000000000000044,1.5703572072088718,1.554888991639018,0.05156070226803422
double_centered_full_action_dqn,802,834,68.42998991906643,84.42793884433806,25.104709967970848,43.32527968287468,1.4024520386010408,14756.654239654541,0.0,23.0,0.0,0.0,0.050000000000000044,1.7157914172858,1.7028290517628193,0.043207883718423545
double_centered_full_action_dqn,802,835,78.65118324160576,84.69377104990186,27.62695886194706,51.02422449886799,1.5078639294952154,16165.896125793457,0.0,24.0,0.0,2.0,0.050000000000000044,1.4362622145563364,1.4231674671173096,0.04364917438942939
double_centered_full_action_dqn,802,836,83.8939507752657,84.46663205266,31.14682711660862,52.74712313711643,1.5579417198896408,17993.76340866089,0.0,24.0,0.0,1.0,0.050000000000000044,1.8258215822279453,1.811704833060503,0.04705591779202223
double_centered_full_action_dqn,802,837,89.95737275481224,84.8892517989129,29.537323564291,60.42004977166653,1.543048806488514,17431.62250518799,0.0,26.0,0.0,1.0,0.050000000000000044,1.5398155264556408,1.523832056671381,0.053278160048648715
double_centered_full_action_dqn,802,838,66.23913811296225,83.9519850870222,26.091545931994915,40.147592359781264,1.4313521916046739,14981.416271209717,0.0,20.0,0.0,1.0,0.050000000000000044,2.0777298621833324,2.0629934296011925,0.049121426651254296
double_centered_full_action_dqn,802,839,56.970261837542054,82.44623198866844,23.87680947035551,33.09345218837261,1.3886705599725246,14047.842975616455,0.0,17.0,0.0,3.0,0.050000000000000044,1.4773828573524952,1.461358880624175,0.05341328680515289
double_centered_full_action_dqn,802,840,71.9149966403842,81.52379570737483,27.107513524591923,44.80748332440853,1.4549613688141108,16052.737560272217,0.0,22.0,0.0,1.0,0.050000000000000044,1.6783794797956944,1.6647748928517103,0.0453486634651199
double_centered_full_action_dqn,802,841,78.95010840296746,81.04688263416293,28.55983256548643,50.39027587473392,1.5049608778208494,16855.803092956543,0.0,24.0,0.0,1.0,0.050000000000000044,1.8075055833905935,1.794388074427843,0.043724949238821864
double_centered_full_action_dqn,802,842,94.50926133990288,82.17466119669379,32.36769725382328,62.14156386256218,1.6050695963203907,18486.804359436035,0.0,28.0,0.0,0.0,0.050000000000000044,1.7141341101378202,1.7004966121166945,0.045458342181518674
double_centered_full_action_dqn,802,843,72.34592961519957,81.70387604527177,26.49902555346489,45.8469043970108,1.4428991405293345,15505.059131622314,0.0,24.0,0.0,2.0,0.050000000000000044,1.3610651139169931,1.3461947832256556,0.04956779209896922
double_centered_full_action_dqn,802,844,75.73295705020428,81.717088297233,27.48197229206562,48.25098475813866,1.461061267182231,15879.956825256348,0.0,23.0,0.0,2.0,0.050000000000000044,1.6900588236749172,1.6759223565459251,0.04712153028231114
double_centered_full_action_dqn,802,845,75.14542800933123,81.51112029016018,27.38800521939993,47.75742283463478,1.4873829688876867,16296.567169189453,0.0,23.0,0.0,1.0,0.050000000000000044,1.6630972865968943,1.6483894623816013,0.049026043619960546
double_centered_full_action_dqn,802,846,65.5756397396326,80.8656387166679,25.85930497944355,39.716334983706474,1.4421770013868809,15628.607685089111,0.0,19.0,0.0,1.0,0.050000000000000044,1.6433938164263964,1.6313424743711948,0.04017115931492299
double_centered_full_action_dqn,802,847,73.98436112701893,80.06777571827175,26.75606445968151,47.22829660773277,1.4597139470279217,16104.315700531006,0.0,22.0,0.0,2.0,0.050000000000000044,1.7155199255794287,1.7012329567223787,0.047623259015381336
double_centered_full_action_dqn,802,848,70.90811368823051,79.1783882215619,28.067774064838886,42.84033954143524,1.4595915377140045,16403.77085876465,0.0,20.0,0.0,0.0,0.050000000000000044,1.6998526602983475,1.6875527799129486,0.04099959728773683
double_centered_full_action_dqn,802,849,83.10629288852215,78.1257106079161,28.08136025071144,55.02493269741535,1.50003317091614,16207.77199935913,0.0,25.0,0.0,0.0,0.050000000000000044,1.5995925664901733,1.5859383270144463,0.04551409324631095
double_centered_full_action_dqn,802,850,87.25108966976404,78.5332181801647,29.19522612541914,58.055863216519356,1.5232847919687629,17258.90810775757,0.0,27.0,0.0,1.0,0.050000000000000044,1.6316494811326265,1.6161887645721436,0.05153572000563145
double_centered_full_action_dqn,802,851,76.33620729446412,77.40247660778464,27.53761288523674,48.79859426021576,1.4934743782505393,16451.623012542725,0.0,23.0,0.0,3.0,0.050000000000000044,1.5490716639906168,1.5369008854031563,0.04056929750367999
double_centered_full_action_dqn,802,852,85.30042707920074,76.90342039197682,28.48121252655983,56.819214910268784,1.4746734024956822,16377.385417938232,0.0,27.0,0.0,1.0,0.050000000000000044,1.7885092627257109,1.7748449705541134,0.04554758523590863
double_centered_full_action_dqn,802,853,79.13521360009909,76.71689613930883,26.873735420405865,52.261478239297865,1.481583397835493,15921.62714958191,0.0,25.0,0.0,1.0,0.050000000000000044,1.831135107204318,1.8172513581812382,0.04627917567268014
double_centered_full_action_dqn,802,854,65.0566460132599,76.5482289440185,25.99161610752344,39.065030032396315,1.4397194478660822,15498.807289123535,0.0,18.0,0.0,1.0,0.050000000000000044,1.533868219703436,1.5207274947315454,0.04380241967737675
double_centered_full_action_dqn,802,855,98.96565484702587,77.5639525242895,33.822561249136925,65.14309325516224,1.6692405138164759,19803.028579711914,0.0,28.0,0.0,3.0,0.050000000000000044,2.017995711416006,2.004007127135992,0.04662852315232158
double_centered_full_action_dqn,802,856,81.30420083701611,77.43446502737703,27.86757902801037,53.43662197291851,1.4811528595164418,16032.983730316162,0.0,25.0,0.0,1.0,0.050000000000000044,1.3725163619965315,1.358936483040452,0.04526627983432263
double_centered_full_action_dqn,802,857,83.07442094534636,77.09031743690373,29.35038321465254,53.724037849903105,1.508406888693571,17183.740516662598,0.0,25.0,0.0,1.0,0.050000000000000044,1.9997162818908691,1.9841427654027939,0.05191172764170915
double_centered_full_action_dqn,802,858,70.9778417021036,77.32725261636081,26.424409061670303,44.55343284904957,1.4496464878320694,15784.181461334229,0.0,20.0,0.0,3.0,0.050000000000000044,1.8654050938785076,1.852445598691702,0.04319828120060265
double_centered_full_action_dqn,802,859,73.60768374055624,78.15912371151151,27.427381344139576,46.18030162155628,1.4859437672421336,16066.467193603516,0.0,22.0,0.0,2.0,0.050000000000000044,1.364902552217245,1.3505679741501808,0.04778199130669236
double_centered_full_action_dqn,802,860,71.91334021985531,78.15904089048506,27.088095903396606,44.82524372041225,1.4632226442918181,16076.787078857422,0.0,22.0,0.0,2.0,0.050000000000000044,1.7527693845331669,1.7374772131443024,0.050973864272236824
double_centered_full_action_dqn,802,861,92.42777803242207,78.83292437195779,32.61307129263878,59.81470684409142,1.6101227439939976,18943.66895675659,0.0,26.0,0.0,5.0,0.050000000000000044,1.2581803910434246,1.2432032898068428,0.04992364440113306
double_centered_full_action_dqn,802,862,65.73409154564142,77.39416588224472,23.193182952702045,42.54090903997421,1.3655083226040006,13897.865016937256,0.0,21.0,0.0,3.0,0.050000000000000044,1.377564312890172,1.3646776415407658,0.042955566314049065
double_centered_full_action_dqn,802,863,76.43362894058228,77.59855084851385,27.69505137950182,48.7385778516531,1.4915651716291904,16534.760917663574,0.0,24.0,0.0,1.0,0.050000000000000044,1.7920393906533718,1.7766886167228222,0.0511692613363266
double_centered_full_action_dqn,802,864,85.20325400680304,78.0720656963438,28.215594179928303,56.98765966296196,1.4799886802211404,16650.470741271973,0.0,25.0,0.0,0.0,0.050000000000000044,1.4148872345685959,1.4005977027118206,0.04763180576264858
double_centered_full_action_dqn,802,865,73.74457042813302,78.00202281728387,27.12818656861782,46.61638412773609,1.4861830649897456,16008.524547576904,0.0,23.0,0.0,4.0,0.050000000000000044,1.8875058628618717,1.873025193810463,0.04826890560798347
double_centered_full_action_dqn,802,866,84.5240893393755,78.94944529727103,29.691565930843353,54.83252343833446,1.5618340224027634,17586.88974380493,0.0,26.0,0.0,2.0,0.050000000000000044,1.8046014569699764,1.7908884547650814,0.0457100672647357
double_centered_full_action_dqn,802,867,83.50471165776253,79.4254628238082,29.508040562272072,53.99667076766491,1.5237222285941243,16699.739776611328,0.0,25.0,0.0,2.0,0.050000000000000044,1.7679961957037449,1.7543207220733166,0.045584905659779906
double_centered_full_action_dqn,802,868,73.87160956263543,79.57363761752845,27.365088373422623,46.506521025300025,1.4629552634432912,15942.238868713379,0.0,22.0,0.0,2.0,0.050000000000000044,1.7520671673119068,1.7375227585434914,0.0484813351649791
double_centered_full_action_dqn,802,869,69.08970156311989,78.87280805125832,25.824564188718796,43.265137672424316,1.4627691339701414,15395.234550476074,0.0,20.0,0.0,2.0,0.050000000000000044,1.7369007878005505,1.7232490107417107,0.045505942427553236
double_centered_full_action_dqn,802,870,99.31811371445656,79.47615925349297,33.452525943517685,65.86558708548546,1.641528258100152,19587.430614471436,0.0,29.0,0.0,1.0,0.050000000000000044,1.8051633574068546,1.789961289614439,0.05067366035655141
double_centered_full_action_dqn,802,871,62.401862071454524,78.77944199234248,23.808026753365993,38.59383534789085,1.421593440696597,14402.283073425293,0.0,19.0,0.0,2.0,0.050000000000000044,1.3380622547119856,1.3251610081642866,0.04300420265644789
double_centered_full_action_dqn,802,872,85.15788047015667,78.77231466189028,29.084183767437935,56.07369667291641,1.5205251853913069,16953.45485687256,0.0,26.0,0.0,1.0,0.050000000000000044,1.629615094512701,1.6166178807616234,0.04332405491732061
double_centered_full_action_dqn,802,873,82.81273347437381,78.956190655604,32.36701788008213,50.44571543037891,1.5838338155299425,18963.152503967285,0.0,22.0,0.0,2.0,0.050000000000000044,1.5695181414484978,1.5548494886606932,0.04889545007608831
double_centered_full_action_dqn,802,874,89.17152261137963,80.16193448550999,29.99363322556019,59.177889668941496,1.5492655783891678,17720.523429870605,0.0,26.0,0.0,1.0,0.050000000000000044,1.9420544300228357,1.9276537578552961,0.048002242809161544
double_centered_full_action_dqn,802,875,80.93515507876873,79.26040949709714,28.52239164710045,52.412763476371765,1.5099772308021784,16669.185264587402,0.0,24.0,0.0,2.0,0.050000000000000044,1.6545639112591743,1.640921801328659,0.045473654638044536
double_centered_full_action_dqn,802,876,72.21422381699085,78.80591064609588,27.898495256900787,44.3157290071249,1.4722160827368498,15991.883853912354,0.0,22.0,0.0,0.0,0.050000000000000044,1.3901703096926212,1.3765519857406616,0.045394413406029344
double_centered_full_action_dqn,802,877,89.05046701431274,79.1047129495442,29.241778686642647,59.80868834257126,1.5324862645938993,17099.812816619873,0.0,29.0,0.0,2.0,0.050000000000000044,2.1680288836359978,2.15242013707757,0.05202921689487994
double_centered_full_action_dqn,802,878,87.0758209452033,79.90961191169917,30.061698861420155,57.01412223279476,1.589332116767764,17796.03865814209,0.0,26.0,0.0,2.0,0.050000000000000044,1.7744925990700722,1.7625925280153751,0.039666942902840674
double_centered_full_action_dqn,802,879,92.96007041633129,80.87723124548793,31.107835277915,61.85223585367203,1.576472518965602,18011.336585998535,0.0,27.0,0.0,2.0,0.050000000000000044,1.6780489478260279,1.6652782838791609,0.042568868841044605
double_centered_full_action_dqn,802,880,64.98238948434592,80.53068370871246,24.714552588760853,40.26783676147461,1.4558626217767596,15020.97258758545,0.0,20.0,0.0,3.0,0.050000000000000044,1.561470802873373,1.5474809240549803,0.04663295531645417
double_centered_full_action_dqn,802,881,87.74429976344109,80.2965097952634,31.10892555117607,56.63537376523018,1.5664893724024296,18072.29874420166,0.0,28.0,0.0,1.0,0.050000000000000044,1.624894617125392,1.6126075312495232,0.04095699405297637
double_centered_full_action_dqn,802,882,78.81208559125662,80.95040949754417,28.302601166069508,50.50948464870453,1.515223496593535,16479.797790527344,0.0,23.0,0.0,1.0,0.050000000000000044,1.576984802260995,1.562665494158864,0.04773106938228011
double_centered_full_action_dqn,802,883,71.37640512138606,80.69754830658437,26.56328596919775,44.81311949491501,1.4532738449051976,15559.887245178223,0.0,21.0,0.0,3.0,0.050000000000000044,1.4928407911211252,1.4776379261165857,0.05067621101625264
double_centered_full_action_dqn,802,884,74.09766782075167,80.1422689972818,27.95279759168625,46.14487025141716,1.5064385533332825,16466.77426147461,0.0,21.0,0.0,0.0,0.050000000000000044,1.1887563057243824,1.1737863440066576,0.04989984957501292
double_centered_full_action_dqn,802,885,76.90789112597705,80.300435032174,26.66151262074709,50.24637925028801,1.4655666761100292,15464.929347991943,0.0,24.0,0.0,3.0,0.050000000000000044,1.5393970925360918,1.5237645152956247,0.05210858373902738
double_centered_full_action_dqn,802,886,61.007449232041836,79.1246030268073,25.219237945973873,35.7882114648819,1.3834399785846472,14753.151290893555,0.0,19.0,0.0,1.0,0.050000000000000044,1.5642923284322023,1.5491017550230026,0.050635264720767736
double_centered_full_action_dqn,802,887,91.81206166148186,79.53997052699329,31.207739770412445,60.60432239770889,1.5601197499781847,17599.45362472534,0.0,28.0,0.0,1.0,0.050000000000000044,1.3152094334363937,1.3014707583934069,0.045795524725690484
double_centered_full_action_dqn,802,888,77.09905099868774,79.70134259879589,27.67398937046528,49.4250615388155,1.492248149588704,16285.604652404785,0.0,23.0,0.0,2.0,0.050000000000000044,1.6775395963340998,1.6631057802587748,0.048112687771208584
double_centered_full_action_dqn,802,889,74.77708587050438,79.98571181416511,27.32751102745533,47.449574545025826,1.431322026066482,15290.780603408813,0.0,22.0,0.0,0.0,0.050000000000000044,1.1938918493688107,1.1806254051625729,0.0442214491777122
double_centered_full_action_dqn,802,890,89.2768074452877,79.48364650070667,29.847251370549202,59.42955579161644,1.5390855465084314,17164.897590637207,0.0,27.0,0.0,5.0,0.050000000000000044,1.8070457130670547,1.7921543940901756,0.049637675983831286
double_centered_full_action_dqn,802,891,96.26479859650135,81.17679332695901,32.81276933848858,63.45202961564064,1.6133872605860233,18706.740913391113,0.0,28.0,0.0,1.0,0.050000000000000044,1.866217004135251,1.8520760722458363,0.047136464854702353
double_centered_full_action_dqn,802,892,73.30147634595633,80.583973120749,27.776647493243217,45.52482893466949,1.5217302720993757,16277.225730895996,0.0,23.0,0.0,2.0,0.050000000000000044,1.3779839351773262,1.3635210879147053,0.04820942389778793
double_centered_full_action_dqn,802,893,68.74493627995253,79.88058326102794,25.78218448162079,42.96275153756142,1.4296717159450054,15391.848762512207,0.0,21.0,0.0,1.0,0.050000000000000044,1.4612781833857298,1.4476780574768782,0.04533365019597113
double_centered_full_action_dqn,802,894,63.60351068675518,78.60218266479671,26.53688930720091,37.06662134230137,1.4434273317456245,15700.343727111816,0.0,20.0,0.0,2.0,0.050000000000000044,1.2378958743065596,1.2226127795875072,0.05094365798868239
double_centered_full_action_dqn,802,895,82.55152183026075,78.68300100237131,28.059148833155632,54.49237322807312,1.4883623020723462,16298.712379455566,0.0,24.0,0.0,1.0,0.050000000000000044,1.728277450427413,1.7140267882496119,0.047502272529527545
double_centered_full_action_dqn,802,896,88.09449298828841,79.4770144609362,30.024454168975353,58.07003883421421,1.5305567411705852,17622.11865234375,0.0,26.0,0.0,1.0,0.050000000000000044,1.6435541063547134,1.62852668389678,0.05009140609763563
double_centered_full_action_dqn,802,897,89.87122494131327,79.51805235728622,30.74042896181345,59.130795979499815,1.5491198003292084,17757.33664703369,0.0,26.0,0.0,2.0,0.050000000000000044,1.31424655392766,1.2984471507370472,0.05266463337466121
double_centered_full_action_dqn,802,898,87.99405204057693,79.5639639120549,32.24403564631939,55.75001661777496,1.6132583683356643,19015.718254089355,0.0,25.0,0.0,3.0,0.050000000000000044,1.2917694728821516,1.2771961372345686,0.0485778097063303
double_centered_full_action_dqn,802,899,67.62799507677555,78.29736014507712,25.662465132772923,41.965529802441594,1.4073613481596112,15037.641429901123,0.0,20.0,0.0,2.0,0.050000000000000044,1.513098407536745,1.4993854202330112,0.04570999159477651
