variant,model_seed,episode,cost,rolling_cost,immediate_cost,penalty,energy_use,latency_ms,thermal_violation,energy_violation,queue_violation,contact_violation,epsilon,loss,td_loss,auxiliary_loss
double_centered_full_action_dqn,816,0,107.90568296015263,107.90568296015263,38.159915909171104,69.74576717019082,1.7034717109054327,22651.65615081787,0.0,31.0,0.0,1.0,0.9954761904761905,,,
double_centered_full_action_dqn,816,1,123.48881058041124,115.69724677028194,44.634856291115284,78.85395422969131,1.74454902485013,25368.00119781494,0.0,33.0,1.0,1.0,0.9909523809523809,1.3281446695327759,1.3085745573043823,0.06523382663726807
double_centered_full_action_dqn,816,2,119.25342530012131,116.88263961356172,41.880539149045944,77.3728865981102,1.8023162996396422,24638.896438598633,0.0,32.0,0.0,1.0,0.9864285714285714,1.169737569987774,1.152703918516636,0.056778861908242106
double_centered_full_action_dqn,816,3,124.34898738419338,118.74922655621964,42.83472643047571,81.51426112508102,1.8628989020362496,25700.98861694336,0.0,34.0,2.0,1.0,0.981904761904762,1.1807264797389507,1.168114349246025,0.042040435364469886
double_centered_full_action_dqn,816,4,100.89800855517387,115.17898295601049,37.616696402430534,63.28131215274334,1.763281392864883,22890.14497566223,0.0,26.0,0.0,0.0,0.9773809523809524,1.052086729556322,1.0446659587323666,0.024735907092690468
double_centered_full_action_dqn,816,5,107.2160205245018,113.85182255075904,39.849977910518646,67.36604262888432,1.7863801876083016,23626.409435272217,0.0,31.0,0.0,0.0,0.9728571428571429,0.7971973456442356,0.7934838496148586,0.012378321669530123
double_centered_full_action_dqn,816,6,168.212057699998,121.61757042922174,42.93295815587044,125.27909960373228,1.8375248815864325,25445.27409172058,0.0,37.0,31.0,0.0,0.9683333333333334,0.6869625560939312,0.6827315762639046,0.014103258901741356
double_centered_full_action_dqn,816,7,309.30356872080813,145.07832021567003,41.52468290925026,267.7788858115579,1.9959246581420302,26767.767963409424,0.0,41.0,57.0,1.0,0.9638095238095238,0.8890828602015972,0.8857128173112869,0.011233451834414154
double_centered_full_action_dqn,816,8,118.41117706894875,142.1153043104788,40.86380858719349,77.54736782610416,1.7913096100091934,24154.84270477295,0.0,32.0,0.0,2.0,0.9592857142857143,1.0684727281332016,1.0629380866885185,0.01844874513335526
double_centered_full_action_dqn,816,9,112.76508817076683,139.1802826965076,38.08078622817993,74.68430230021477,1.6956556104123592,22159.850301742554,0.0,31.0,0.0,0.0,0.9547619047619048,0.8203384764492512,0.8157223872840405,0.015386956394650042
double_centered_full_action_dqn,816,10,118.30943013131619,137.28293246330838,38.95576845109463,79.3536621272564,1.760083475150168,22420.668479919434,0.0,33.0,0.0,1.0,0.9502380952380952,0.6666360609233379,0.6617734655737877,0.01620864396682009
double_centered_full_action_dqn,816,11,101.01580558717251,134.26067189029706,33.50816752016544,67.50763811171055,1.611597653478384,19706.33625793457,0.0,29.0,0.0,1.0,0.9457142857142857,0.5406217779964209,0.5361162424087524,0.0150184640660882
double_centered_full_action_dqn,816,12,106.15839648620504,132.09895839767458,38.347787231206894,67.81060861424821,1.7543831206858158,23108.336280822754,0.0,30.0,6.0,1.0,0.9411904761904761,0.4348183460533619,0.430298188701272,0.015067195927258581
double_centered_full_action_dqn,816,13,108.19173676520586,130.39129970964112,37.28816995769739,70.90356731414795,1.7096986221149564,22151.43532562256,0.0,31.0,0.0,0.0,0.9366666666666666,0.3433602526783943,0.33818163722753525,0.017262059962376952
double_centered_full_action_dqn,816,14,120.14521869270969,129.70822764184567,38.797925874590874,81.34729269890953,1.77713886462152,23725.151977539062,0.0,32.0,12.0,1.0,0.9321428571428572,0.2931622611358762,0.28892945870757103,0.014109345618635416
double_centered_full_action_dqn,816,15,131.71186575680971,129.83345502403094,42.398121647536755,89.313744019866,1.8279542326927185,25121.929836273193,0.0,39.0,2.0,0.0,0.9276190476190476,0.5924813691526651,0.5885919770225883,0.012964631023351103
double_centered_full_action_dqn,816,16,112.31901317834854,128.80319373899079,35.97610279917717,76.34291076660156,1.653920310549438,20886.938026428223,0.0,34.0,0.0,0.0,0.9230952380952381,0.6348216254264116,0.6283752880990505,0.021487772522959858
double_centered_full_action_dqn,816,17,151.446817533057,130.06117283866115,46.53270314633846,104.91411380557322,1.893389482051134,27032.867935180664,0.0,34.0,21.0,0.0,0.9185714285714286,0.44991258159279823,0.4454382602125406,0.014914397965185344
double_centered_full_action_dqn,816,18,121.5385989816191,129.61261631986946,39.24433906376362,82.29425890457652,1.7530255997553468,22988.82586669922,0.0,36.0,3.0,1.0,0.914047619047619,0.29902327712625265,0.295107027515769,0.01305416744435206
double_centered_full_action_dqn,816,19,129.21261672981922,129.59261634036696,43.98375375568867,85.22886303373521,1.8638508217409253,25928.068424224854,0.0,33.0,8.0,0.0,0.9095238095238095,0.27422095090150833,0.2705885022878647,0.012108162278309464
double_centered_full_action_dqn,816,20,176.67105930322404,133.03088515752052,37.48422145843506,139.18683803850405,1.8443270232528448,23482.262649536133,0.0,37.0,31.0,0.0,0.905,0.2819767380133271,0.27845666371285915,0.011733574094250798
double_centered_full_action_dqn,816,21,131.01890307283057,133.40738978214148,40.276889100670815,90.7420141360725,1.8307291511446238,24596.87054824829,0.0,33.0,21.0,0.0,0.9004761904761904,0.25140922516584396,0.2484208634123206,0.009961206873413175
double_centered_full_action_dqn,816,22,103.9597200602293,132.64270452014688,39.87562058120966,64.08410039544106,1.716677377000451,23113.2594871521,0.0,29.0,0.0,0.0,0.895952380952381,0.23517738468945026,0.23235664051026106,0.009402481926372275
double_centered_full_action_dqn,816,23,130.54250251368185,132.9523802766213,40.308173790574074,90.23432872310781,1.7766803707927465,23973.6273727417,0.0,34.0,16.0,1.0,0.8914285714285715,0.5922894617542624,0.5882849944755435,0.013348257227335125
double_centered_full_action_dqn,816,24,107.2942359149456,133.2721916446099,37.04408586025238,70.25015039741993,1.7031927490606904,21504.724824905396,0.0,30.0,0.0,0.0,0.8869047619047619,0.5794264450669289,0.574185399338603,0.01747013215208426
double_centered_full_action_dqn,816,25,143.66524828191967,135.09465303248078,44.31231598556042,99.35293226655699,1.835576825775206,26016.564567565918,0.0,34.0,23.0,2.0,0.8823809523809524,0.3668580548837781,0.3620261177420616,0.01610646111657843
double_centered_full_action_dqn,816,26,144.41313560145005,133.90470692755338,43.945059418678284,100.4680753632079,1.8556020138785243,25811.989822387695,0.0,35.0,14.0,0.0,0.8778571428571429,0.33818155247718096,0.33397508785128593,0.014021548791788518
double_centered_full_action_dqn,816,27,151.83183810605118,126.03112039681552,41.22873520851135,110.60310286773749,1.8978029480203986,25039.157829284668,0.0,35.0,26.0,1.0,0.8733333333333333,0.31623519118875265,0.31206081341952085,0.013914598384872079
double_centered_full_action_dqn,816,28,130.0613941203842,126.6136312493873,39.07873856276274,90.98265558742379,1.8574285991489887,24622.822200775146,0.0,29.0,9.0,1.0,0.8688095238095238,0.2969090882688761,0.2925664698705077,0.014475379895884544
double_centered_full_action_dqn,816,29,104.05067610144616,126.17791064592127,35.29022817313671,68.76044822633267,1.635742312297225,20650.681640625,0.0,30.0,0.0,2.0,0.8642857142857143,0.3345540575683117,0.3304760595783591,0.01359332533320412
double_centered_full_action_dqn,816,30,104.9774506032467,125.5113116695178,36.778172351419926,68.1992781996727,1.620430146344006,20879.484939575195,0.0,29.0,0.0,1.0,0.8597619047619047,0.3169068591669202,0.3125602565705776,0.01448868022998795
double_centered_full_action_dqn,816,31,120.67724607484821,126.4943836939016,37.902808114886284,82.77443760233406,1.788088177330792,23179.303466796875,0.0,33.0,12.0,0.0,0.8552380952380952,0.7175342408008873,0.7115630307234824,0.019904025830328465
double_centered_full_action_dqn,816,32,134.27330453408874,127.90012909629579,42.45008027553558,91.82322410954153,1.84925736207515,25016.484008789062,0.0,34.0,17.0,1.0,0.8507142857142858,0.51079386100173,0.5045152101665735,0.020928833750076592
double_centered_full_action_dqn,816,33,157.16294578465659,130.34868954726832,42.36985558271408,114.79309044036108,1.884796166792512,25941.929092407227,0.0,36.0,23.0,0.0,0.8461904761904762,0.512805113568902,0.5057301074266434,0.023583345697261393
double_centered_full_action_dqn,816,34,119.64941770790224,130.32389949802794,37.03250929713249,82.61690887270575,1.7970100734382868,23084.04186820984,0.0,33.0,4.0,0.0,0.8416666666666667,0.4185519842430949,0.41253308299928904,0.02006300090579316
double_centered_full_action_dqn,816,35,122.73685144172046,129.87514878227347,39.170004934072495,83.56684671626422,1.8012872766703367,23599.99806213379,0.0,33.0,6.0,0.0,0.8371428571428572,0.4107964113354683,0.4047885686159134,0.020026143931318074
double_centered_full_action_dqn,816,36,90.1337718307972,128.76588671489588,32.320930764079094,57.81284097731113,1.6076393304392695,18961.584915161133,0.0,25.0,0.0,1.0,0.8326190476190476,0.3783388948068023,0.3723141821101308,0.020082362461835146
double_centered_full_action_dqn,816,37,110.46560104191303,126.7168258903387,39.203239254653454,71.26236282289028,1.6958906538784504,22443.79180908203,0.0,31.0,0.0,2.0,0.8280952380952381,0.36404481530189514,0.3574579628184438,0.021956154028885067
double_centered_full_action_dqn,816,38,119.39328439682723,126.60956016109913,36.28050075471401,83.11278320997954,1.714031083509326,21349.07423400879,0.0,35.0,0.0,1.0,0.8235714285714286,0.37865022383630276,0.37266257125884295,0.019958839053288102
double_centered_full_action_dqn,816,39,128.01173246385545,126.54951594780093,44.67860873043537,83.3331241804549,1.8878262983635068,25867.48994064331,0.0,33.0,3.0,1.0,0.819047619047619,0.9426914025098085,0.9343774747103453,0.027713084127753973
double_centered_full_action_dqn,816,40,97.33252132683992,122.58258904898173,36.37006511539221,60.962456315755844,1.6457422971725464,20502.441192626953,0.0,26.0,0.0,0.0,0.8145238095238095,0.5752114076167345,0.5664981082081795,0.029044336872175336
double_centered_full_action_dqn,816,41,151.57479702223873,123.61038374645213,41.16923628747463,110.4055605112467,1.861195070669055,24140.064529418945,0.0,38.0,30.0,1.0,0.81,0.5506613356992602,0.5425312202423811,0.027100376435555518
double_centered_full_action_dqn,816,42,114.49717482924461,124.1372564849029,41.442326068878174,73.05484893918037,1.6887708846479654,23032.47621154785,0.0,31.0,0.0,0.0,0.8054761904761905,0.5357951847836375,0.5282603977248073,0.025115958764217794
double_centered_full_action_dqn,816,43,114.38562347888947,123.32941253316328,41.48975859582424,72.89586498737336,1.814372449181974,24345.169277191162,0.0,30.0,0.0,1.0,0.800952380952381,0.5158291067928076,0.5087903663516045,0.02346248470712453
double_centered_full_action_dqn,816,44,106.86719864010811,123.30806066942141,39.06336908042431,67.80382960438729,1.7042509550228715,22230.358211517334,0.0,29.0,0.0,1.0,0.7964285714285715,0.42812214978039265,0.4205831177532673,0.025130111607722938
double_centered_full_action_dqn,816,45,119.69701830202047,122.10964917042645,40.81416368484497,78.88285425954763,1.8174132583662868,23993.99398803711,0.0,32.0,1.0,1.0,0.7919047619047619,0.394660041667521,0.38704286981374025,0.025390580529347062
double_centered_full_action_dqn,816,46,115.08699913322926,120.64334234701539,36.82114212214947,78.2658571600914,1.7969624232500792,22208.507095336914,0.0,34.0,0.0,0.0,0.7873809523809524,0.5408680140972137,0.5335824321955442,0.024285281542688608
double_centered_full_action_dqn,816,47,106.13226120173931,118.35836350179981,38.76274624466896,67.36951485276222,1.8283388139680028,23761.252033233643,0.0,29.0,0.0,0.0,0.7828571428571429,0.7893680892884731,0.7802988402545452,0.03023082041181624
double_centered_full_action_dqn,816,48,112.79496296644211,117.49504194410272,37.75518353283405,75.03977916538716,1.735205614939332,22262.995429992676,0.0,32.0,0.0,1.0,0.7783333333333333,0.5657424777746201,0.5562038291245699,0.031795508111827075
double_centered_full_action_dqn,816,49,99.77773501873017,117.28139488996692,35.87483990192413,63.902895176410674,1.7028938988223672,20886.716796875,0.0,27.0,0.0,2.0,0.7738095238095238,0.5765260830521584,0.5674879560247064,0.030127077945508063
double_centered_full_action_dqn,816,50,103.27226467430592,117.19613559351987,38.680322393774986,64.59194216132164,1.6511129923164845,21938.03283882141,0.0,28.0,0.0,0.0,0.7692857142857144,0.43952040653675795,0.4306337274610996,0.02962225174997002
double_centered_full_action_dqn,816,51,98.38315074145794,116.08143082685035,34.8193779066205,63.56377303600311,1.6499287653714418,20369.82949066162,0.0,28.0,0.0,1.0,0.7647619047619048,0.49594438448548317,0.4869913076981902,0.029843595693819225
double_centered_full_action_dqn,816,52,110.61228276789188,114.89837973854051,37.113984018564224,73.49829864501953,1.687721610069275,21423.574615478516,0.0,31.0,0.0,0.0,0.7602380952380953,0.46200573816895485,0.4542192304506898,0.02595501218456775
double_centered_full_action_dqn,816,53,104.09862525165082,112.24516371189023,38.63653743267059,65.46208790838719,1.6522304434329271,21845.41352081299,0.0,29.0,0.0,1.0,0.7557142857142858,0.4899502033367753,0.4814498517662287,0.028334509348496795
double_centered_full_action_dqn,816,54,137.06985884969183,113.11618576897968,41.147224590182304,95.92263367836424,1.869233289733529,24606.08378982544,0.0,38.0,8.0,3.0,0.7511904761904762,0.6256323084235191,0.6163034085184336,0.03109632444102317
double_centered_full_action_dqn,816,55,105.56127786636353,112.25740709021186,37.328811682760715,68.23246636986732,1.7130486788228154,21927.596389770508,0.0,31.0,0.0,1.0,0.7466666666666667,0.6781297493726015,0.6680610626935959,0.033562275348231196
double_centered_full_action_dqn,816,56,116.88456754475833,113.59494687590991,40.932853169739246,75.95171412169934,1.8461295878514647,24352.15937423706,0.0,32.0,1.0,1.0,0.7421428571428572,0.6333396043628454,0.6234124470502138,0.03309051098767668
double_centered_full_action_dqn,816,57,115.75454387068748,113.85939401734863,36.711210519075394,79.04333379864693,1.6881388006731868,21171.96132659912,0.0,33.0,0.0,0.0,0.7376190476190476,0.6260012444108725,0.6164812464267015,0.0317333082202822
double_centered_full_action_dqn,816,58,130.03088741004467,114.3912741680095,42.91709941625595,87.11378741264343,1.8217025203630328,24674.867416381836,0.0,36.0,0.0,0.0,0.7330952380952381,0.5863950774073601,0.576616239733994,0.03259613853879273
double_centered_full_action_dqn,816,59,117.4600629746914,113.8636906935513,40.75236092507839,76.7077017813921,1.758087924681604,23256.480781555176,0.0,31.0,0.0,1.0,0.7285714285714286,0.6267774477601051,0.6167916264384985,0.03328605240676552
double_centered_full_action_dqn,816,60,178.13335316446387,117.90373228543248,47.41186326742172,130.72149001625144,1.9557983065024018,27918.208839416504,0.0,36.0,29.0,1.0,0.724047619047619,0.5970867713913321,0.5870936699211597,0.03331032255664468
double_centered_full_action_dqn,816,61,110.32219379544259,115.84110212409271,37.068104177713394,73.25408978164197,1.7088986383751035,21747.248416900635,0.0,32.0,0.0,1.0,0.7195238095238095,0.6122190356254578,0.6030754875391722,0.03047845815308392
double_centered_full_action_dqn,816,62,107.21049647778273,115.47676820651961,40.449995152652264,66.76050052046776,1.7474952675402164,23067.59552001953,0.0,30.0,0.0,1.0,0.7150000000000001,0.7955464888364077,0.7858381541445851,0.032361133955419064
double_centered_full_action_dqn,816,63,112.09665322303772,115.362319693727,36.630388125777245,75.46626549959183,1.7276419075205922,21679.157886505127,0.0,33.0,0.0,0.0,0.7104761904761905,0.7454619500786066,0.7341944575309753,0.03755826910492033
double_centered_full_action_dqn,816,64,108.67252181470394,115.45258585245679,38.4646028727293,70.20791940391064,1.7586334180086851,22795.212978363037,0.0,30.0,0.0,2.0,0.7059523809523809,0.613395812921226,0.6030943589285016,0.034338211291469634
double_centered_full_action_dqn,816,65,120.68395512379354,115.50193269354546,36.54292181134224,84.14103310383504,1.7825430445373058,21718.53059387207,0.0,35.0,19.0,0.0,0.7014285714285715,0.7130771214142442,0.7017318326979876,0.03781762742437422
double_centered_full_action_dqn,816,66,144.53642498655637,116.97440398621181,47.77418413758278,96.76224110229333,1.9822263410314918,27730.780992507935,0.0,37.0,13.0,1.0,0.6969047619047619,0.5498111536726356,0.5385617557913065,0.03749799961224198
double_centered_full_action_dqn,816,67,107.81582551002502,117.05858220162611,37.01453472673893,70.80129051506519,1.7430392326787114,21939.14365005493,0.0,32.0,0.0,2.0,0.6923809523809523,0.7343226596713066,0.7235765140503645,0.035820471588522196
double_centered_full_action_dqn,816,68,109.77439572811127,116.90755383970956,39.104664862155914,70.66973052322865,1.6596292173489928,21977.14641571045,0.0,30.0,0.0,1.0,0.687857142857143,0.5860229907557368,0.5748697863891721,0.03717736166436225
double_centered_full_action_dqn,816,69,100.78822840452194,116.95807850899914,36.81386345624924,63.97436518669129,1.6202968349680305,20280.94097518921,0.0,29.0,0.0,3.0,0.6833333333333333,0.5867695845663548,0.57568902336061,0.036935196607373655
double_centered_full_action_dqn,816,70,126.38293357711879,118.11361195413977,40.68806063383818,85.6948734499201,1.8742094337940216,24256.081924438477,0.0,34.0,8.0,2.0,0.6788095238095238,0.8991575967520475,0.8869931129738688,0.04054826672654599
double_centered_full_action_dqn,816,71,114.51894524097443,118.92040167911561,37.04738815128803,77.47155656814576,1.7110443972051144,21376.512453079224,0.0,34.0,0.0,2.0,0.6742857142857144,0.7524603717029095,0.740869453176856,0.0386363931465894
double_centered_full_action_dqn,816,72,91.43176637887954,117.96137585966498,33.57311747968197,57.85864891409874,1.5909964432939887,19392.986572265625,0.0,25.0,0.0,3.0,0.6697619047619048,0.6211222540587187,0.6074522286653519,0.045566772343590856
double_centered_full_action_dqn,816,73,113.70379719138145,118.44163445665154,42.251687094569206,71.45211039483547,1.7331792945042253,23703.372444152832,0.0,31.0,0.0,0.0,0.6652380952380952,0.7443295121192932,0.7317427787929773,0.04195577744394541
double_centered_full_action_dqn,816,74,102.82948012202978,116.72961552026842,36.154586993157864,66.67489283084869,1.6396444439888,20825.211009979248,0.0,28.0,0.0,3.0,0.6607142857142857,0.6238875482231379,0.6120358724147081,0.0395055873086676
double_centered_full_action_dqn,816,75,109.72309049963951,116.9377061519322,37.2734946757555,72.44959592819214,1.751411285251379,22554.121143341064,0.0,28.0,0.0,2.0,0.6561904761904762,0.672998821362853,0.6603718418627977,0.04208993352949619
double_centered_full_action_dqn,816,76,113.1368215918541,116.75031885428703,39.90578477084637,73.23103801310063,1.7193495957180858,22744.553367614746,0.0,32.0,0.0,1.0,0.6516666666666667,0.6626859679818153,0.6511142011731863,0.038572545163333416
double_centered_full_action_dqn,816,77,114.76036880165339,116.70061010083529,36.482930921018124,78.27743852138519,1.7004346223548055,21176.24549484253,0.0,33.0,0.0,0.0,0.6471428571428571,0.5702289892360568,0.5589222023263574,0.03768930200021714
double_centered_full_action_dqn,816,78,108.64709289371967,115.63142037501905,32.30588936060667,76.34120348095894,1.6458009611815214,19016.264251708984,0.0,33.0,0.0,0.0,0.6426190476190476,1.0509876627475023,1.0393146891146898,0.03890995611436665
double_centered_full_action_dqn,816,79,112.898192897439,115.40332687115645,39.794080659747124,73.10411205887794,1.6914317114278674,22095.02442932129,0.0,33.0,0.0,0.0,0.6380952380952382,0.8672210723161697,0.8541400954127312,0.043603260070085526
double_centered_full_action_dqn,816,80,111.24092569947243,112.05870549790686,39.797845512628555,71.44308008253574,1.6810120632871985,22101.389225006104,0.0,31.0,0.0,0.0,0.6335714285714286,0.6837037727236748,0.6710629127919674,0.04213618137873709
double_centered_full_action_dqn,816,81,113.09931457042694,112.19756153665608,39.082943603396416,74.01637089252472,1.6960177887231112,21595.153507232666,0.0,31.0,0.0,1.0,0.6290476190476191,0.9748355038464069,0.9601149149239063,0.049068631837144494
double_centered_full_action_dqn,816,82,114.80076675415039,112.57707505047446,39.187047347426414,75.613719317317,1.7281588977202773,22099.237199783325,0.0,31.0,0.0,2.0,0.6245238095238095,0.6847064532339573,0.6717343293130398,0.04324041260406375
double_centered_full_action_dqn,816,83,118.49724407494068,112.89710459306961,39.88629372417927,78.61095029115677,1.7623570309951901,22678.505950927734,0.0,33.0,0.0,1.0,0.62,0.8866697885096073,0.8748075366020203,0.03954082611016929
double_centered_full_action_dqn,816,84,103.65862672924996,112.64640983879693,37.19200097024441,66.46662599742413,1.7128457250073552,21759.05251312256,0.0,29.0,0.0,2.0,0.6154761904761905,0.7026238963007927,0.6914307959377766,0.03731033531948924
double_centered_full_action_dqn,816,85,96.50848495960236,111.43763633058737,34.91201885044575,61.596465498209,1.7276082197204232,20718.769886016846,0.0,28.0,0.0,0.0,0.6109523809523809,0.6900477055460215,0.6771902749314904,0.04285810387227684
double_centered_full_action_dqn,816,86,103.8876386076212,109.4051970116406,35.76737309247255,68.12026562690735,1.6393757723271847,20543.016132354736,0.0,28.0,0.0,3.0,0.6064285714285714,0.9348892532289028,0.9226292409002781,0.04086672805715352
double_centered_full_action_dqn,816,87,122.28567157685757,110.12868931498224,41.9529782384634,80.3326937109232,1.7655744794756174,23637.671253204346,0.0,34.0,0.0,0.0,0.6019047619047619,0.833711002022028,0.8193732630461454,0.04779247206170112
double_centered_full_action_dqn,816,88,109.2423491999507,110.1020869885742,37.407548286020756,71.83480054140091,1.7188134510070086,21829.44284439087,0.0,30.0,0.0,0.0,0.5973809523809523,0.8501884117722511,0.8365980535745621,0.04530119802802801
double_centered_full_action_dqn,816,89,121.404212936759,111.13288621518605,44.155329808592796,77.24888354539871,1.7968352921307087,24803.79624938965,0.0,33.0,0.0,1.0,0.592857142857143,0.7754747625440359,0.7620841059833765,0.04463554173707962
double_centered_full_action_dqn,816,90,97.5286832600832,109.69017369933427,35.21069046854973,62.3179928958416,1.6514215134084225,20761.914791107178,0.0,25.0,0.0,0.0,0.5883333333333334,0.7604807280004025,0.745701402425766,0.04926443751901388
double_centered_full_action_dqn,816,91,100.67232808470726,108.99784284152092,34.462413020431995,66.20991507172585,1.6121175223961473,19615.719413757324,0.0,29.0,0.0,0.0,0.5838095238095238,0.8385143410414457,0.8264859076589346,0.04009477701038122
double_centered_full_action_dqn,816,92,119.52405098080635,110.40245707161725,42.811414271593094,76.7126362323761,1.7883782489225268,24356.926445007324,0.0,34.0,0.0,0.0,0.5792857142857144,0.7517689429223537,0.7398380674421787,0.03976963320747018
double_centered_full_action_dqn,816,93,105.92845481038094,110.01368995256723,36.98395499587059,68.94449954628945,1.6633061403408647,20820.03625679016,0.0,30.0,0.0,1.0,0.5747619047619048,1.0234647057950497,1.010577341541648,0.04295786144211888
double_centered_full_action_dqn,816,94,118.25064884126186,110.78474838852883,39.51710507273674,78.73354388773441,1.7257541017606854,22599.840551376343,0.0,33.0,0.0,0.0,0.5702380952380952,0.8963380344212055,0.8826557882130146,0.04560748441144824
double_centered_full_action_dqn,816,95,131.24774660813478,111.8609811939536,40.70486097037792,90.54288598048358,1.8404680723324418,23409.35341644287,0.0,35.0,16.0,3.0,0.5657142857142857,0.8310036305338144,0.8169273510575294,0.04692090046592057
double_centered_full_action_dqn,816,96,116.84725750982761,112.04650298985226,43.15591487288475,73.69134239852428,1.8908744174987078,25707.665477752686,0.0,30.0,0.0,1.0,0.5611904761904762,0.865140188485384,0.8509480990469456,0.047306945314630866
double_centered_full_action_dqn,816,97,121.90642210841179,112.40380565519017,39.09210720658302,82.81431473791599,1.7895726803690195,22713.306350708008,0.0,35.0,0.0,0.0,0.5566666666666666,0.7460218891501427,0.7307253051549196,0.050988590111956
double_centered_full_action_dqn,816,98,101.61001756042242,112.05195188852531,36.82194793969393,64.78806900978088,1.6627639159560204,21138.537616729736,0.0,28.0,0.0,1.0,0.5521428571428572,1.062779052183032,1.0497882384806871,0.04330269165802747
double_centered_full_action_dqn,816,99,110.29045613110065,111.92156505020839,39.15359249711037,71.13686373829842,1.6992807453498244,22369.658321380615,0.0,30.0,0.0,1.0,0.5476190476190477,0.750379266217351,0.736164165660739,0.047383676283061504
double_centered_full_action_dqn,816,100,105.0884917229414,111.61394335138183,36.61028844118118,68.47820283472538,1.660239321179688,20489.735591888428,0.0,30.0,0.0,1.0,0.5430952380952381,0.6930196769535542,0.6799325589090586,0.043623733101412654
double_centered_full_action_dqn,816,101,102.20113125443459,111.06903418558223,38.91258618235588,63.28854525089264,1.6584982490167022,21854.343349456787,0.0,28.0,0.0,0.0,0.5385714285714286,0.8040418159216642,0.7904438823461533,0.04532641055993736
double_centered_full_action_dqn,816,102,110.9599434286356,110.8769930193065,40.076827704906464,70.88311566412449,1.7898674737662077,23581.587997436523,0.0,29.0,0.0,1.0,0.5340476190476191,0.9793911073356867,0.9643317312002182,0.05019795545376837
double_centered_full_action_dqn,816,103,118.83785039186478,110.8940233351527,40.83230122923851,78.00554963946342,1.8167183315381408,23950.211387634277,0.0,33.0,0.0,0.0,0.5295238095238095,0.8860573917627335,0.8709879107773304,0.050231597386300564
double_centered_full_action_dqn,816,104,100.6633331105113,110.74425865421577,33.90719569474459,66.75613684952259,1.6492075603455305,19366.262020111084,0.0,29.0,0.0,0.0,0.525,0.9128143694251776,0.8984814696013927,0.047776334919035435
double_centered_full_action_dqn,816,105,102.03634695708752,111.02065175409003,38.00258667767048,64.03376039862633,1.7095958720892668,22194.185054779053,0.0,28.0,0.0,0.0,0.5204761904761905,0.976636242121458,0.9621633607894182,0.048242939403280616
double_centered_full_action_dqn,816,106,95.16942036896944,110.58474084215743,33.37717442214489,61.792245388031006,1.6183482902124524,19283.643306732178,0.0,28.0,0.0,0.0,0.5159523809523809,1.0335210133343935,1.0182882454246283,0.05077592562884092
double_centered_full_action_dqn,816,107,106.10893587172032,109.77590405690057,36.94856837391853,69.16036703586579,1.6881968835368752,20794.620304107666,0.0,30.0,0.0,2.0,0.5114285714285716,0.8969927579164505,0.8830173574388027,0.04658462619408965
double_centered_full_action_dqn,816,108,104.53899376094341,109.54073628495021,37.25040978938341,67.28858409821987,1.6090679550543427,20558.523553848267,0.0,32.0,0.0,0.0,0.506904761904762,0.962896503508091,0.9507286828011274,0.04055942129343748
double_centered_full_action_dqn,816,109,109.06924283653498,108.92398777993901,37.01813166588545,72.0511110663414,1.7103496110066772,20893.873973846436,0.0,31.0,0.0,1.0,0.5023809523809524,1.240711536258459,1.225898876786232,0.04937554779462516
double_centered_full_action_dqn,816,110,103.20838107913733,109.20797267089172,35.10955714434385,68.0988245010376,1.6612018765881658,20156.71932220459,0.0,31.0,0.0,0.0,0.4978571428571429,1.0501105301082134,1.0355745181441307,0.048453351482748985
double_centered_full_action_dqn,816,111,93.66127570718527,108.85742005201561,35.549858048558235,58.111417293548584,1.5821625934913754,19759.34225845337,0.0,26.0,0.0,0.0,0.4933333333333334,0.923167971894145,0.9083572495728731,0.04936908348463476
double_centered_full_action_dqn,816,112,95.13772095739841,107.63810355084522,33.819719068706036,61.31800203025341,1.5901771001517773,19368.605569839478,0.0,27.0,0.0,1.0,0.4888095238095238,0.9744995106011629,0.9603266213089228,0.047242964617908
double_centered_full_action_dqn,816,113,116.72370473444462,108.17786604704841,37.01359577476978,79.71010913848878,1.7461521849036217,21355.410179138184,0.0,33.0,0.0,1.0,0.4842857142857143,1.0561270453035831,1.0385840646922588,0.05847659148275852
double_centered_full_action_dqn,816,114,110.91996985077859,107.81133209752424,36.394079223275185,74.5258908212185,1.8698357567191124,23135.368854522705,0.0,29.0,0.0,1.0,0.4797619047619047,0.900385670363903,0.8842737041413784,0.05370655748993158
double_centered_full_action_dqn,816,115,108.97840942442417,106.69786523833872,35.29049089550972,73.68791851401329,1.6529696015641093,20068.446487426758,0.0,34.0,0.0,0.0,0.47523809523809524,0.8252729065716267,0.8082541897892952,0.05672903312370181
double_centered_full_action_dqn,816,116,106.38145373761654,106.17457504972818,38.11648479104042,68.26496905088425,1.7369671715423465,22317.835983276367,0.0,28.0,0.0,0.0,0.47071428571428575,0.9968149550259113,0.9829099364578724,0.04635005095042288
double_centered_full_action_dqn,816,117,92.56944099962712,104.70772599428892,35.70047891139984,56.86896117925644,1.5952245509251952,19564.366886138916,0.0,25.0,0.0,1.0,0.46619047619047627,1.1643029488623142,1.1485058926045895,0.05265686311759055
double_centered_full_action_dqn,816,118,101.8761477470398,104.7210325036198,39.17169998586178,62.704448252916336,1.647738417610526,21911.832191467285,0.0,28.0,0.0,0.0,0.46166666666666667,1.1400826387107372,1.123231653124094,0.05616995273157954
double_centered_full_action_dqn,816,119,91.53738162815571,103.78337877847255,32.3333830088377,59.203998336195944,1.6464815083891153,18829.9810256958,0.0,25.0,0.0,1.0,0.4571428571428572,1.130541106685996,1.1150730308145285,0.05156027618795633
double_centered_full_action_dqn,816,120,104.98363169431687,103.77813577704133,38.46833887696266,66.51529280245305,1.7171778148040175,21980.526737213135,0.0,28.0,0.0,1.0,0.4526190476190477,0.8772376021370292,0.860480347648263,0.05585752706974745
double_centered_full_action_dqn,816,121,109.60218318700791,104.14818837367,38.26577943563461,71.33640407919884,1.7378398161381483,21855.49964904785,0.0,30.0,0.0,1.0,0.4480952380952381,1.0006266664713621,0.9848182071000338,0.05269487388432026
double_centered_full_action_dqn,816,122,118.86807112395763,104.5435947584361,36.32737146317959,82.54069983959198,1.7451695566996932,20781.645919799805,0.0,36.0,0.0,1.0,0.4435714285714286,0.9182974249124527,0.9045405648648739,0.04585620656143874
double_centered_full_action_dqn,816,123,100.71088494360447,103.63724648602309,36.80742481350899,63.90346020460129,1.653373903594911,20828.859870910645,0.0,28.0,0.0,1.0,0.439047619047619,1.0257336217910051,1.0110805667936802,0.04884351557120681
double_centered_full_action_dqn,816,124,101.58896464109421,103.68352806255223,35.63920457661152,65.94976033270359,1.6309122070670128,20432.666580200195,0.0,30.0,0.0,0.0,0.43452380952380953,0.937343405559659,0.9220077618956566,0.05111876339651644
double_centered_full_action_dqn,816,125,77.8212953209877,102.47277548074722,29.07131800800562,48.74997702240944,1.4819120205938816,16354.728248596191,0.0,24.0,0.0,0.0,0.43000000000000005,1.30845682695508,1.29192865639925,0.05509385536424816
double_centered_full_action_dqn,816,126,114.59526291489601,103.44406760804354,36.734954819083214,77.86030849814415,1.685104395262897,21034.225246429443,0.0,33.0,0.0,0.0,0.42547619047619056,1.149835254997015,1.132360178977251,0.058250308502465487
double_centered_full_action_dqn,816,127,93.78585041314363,102.82791333511473,34.62615827471018,59.15969091653824,1.6433353638276458,20088.876792907715,0.0,25.0,0.0,1.0,0.42095238095238097,1.0677427034825087,1.0499085448682308,0.05944717884995043
double_centered_full_action_dqn,816,128,107.57118739187717,102.97952301666142,35.82142224907875,71.74976542592049,1.6990841664373875,20280.16136932373,0.0,31.0,0.0,0.0,0.41642857142857137,1.0830034017562866,1.0656370930373669,0.057887736009433866
double_centered_full_action_dqn,816,129,88.96826699376106,101.97447422452271,31.61783216148615,57.35043554008007,1.5894538965076208,18267.791160583496,0.0,25.0,0.0,0.0,0.4119047619047619,1.1481493767350912,1.1336083430796862,0.048470133915543556
double_centered_full_action_dqn,816,130,99.82486695051193,101.80529851809145,36.095923125743866,63.728944063186646,1.621714330278337,20676.37605857849,0.0,28.0,0.0,0.0,0.4073809523809524,0.920171458274126,0.9046811442822218,0.051634366158396006
double_centered_full_action_dqn,816,131,100.76177256554365,102.16032336100936,35.38019122928381,65.38158169388771,1.7420174134895205,20759.846435546875,0.0,28.0,0.0,2.0,0.4028571428571429,1.1734599974006414,1.158173969015479,0.05095338635146618
double_centered_full_action_dqn,816,132,101.12931925058365,102.45990327566862,36.90570151805878,64.22361762821674,1.7285357238724828,21243.71741104126,0.0,28.0,0.0,0.0,0.39833333333333343,1.1994818225502968,1.1839822083711624,0.05166541528888047
double_centered_full_action_dqn,816,133,128.2044476300478,103.03394042044879,42.303155556321144,85.90129223763942,1.8508423930034041,24144.45258331299,0.0,36.0,0.0,2.0,0.39380952380952383,1.2999107465147972,1.282438863068819,0.058239573845639825
double_centered_full_action_dqn,816,134,113.4395646095276,103.15992015838621,38.33147048950195,75.1080948650837,1.719969100318849,21837.831092834473,0.0,31.0,0.0,1.0,0.38928571428571423,0.9946813881397247,0.9779876321554184,0.0556458521168679
double_centered_full_action_dqn,816,135,107.22275754213334,103.07213756427169,35.77571027725935,71.4470477193594,1.6479228232055902,20233.825340270996,0.0,30.0,0.0,1.0,0.38476190476190475,1.0591471996158361,1.0434464700520039,0.05233574192970991
double_centered_full_action_dqn,816,136,81.4539379939437,101.82576177708805,32.945002004504204,48.508935728669165,1.5660886447876692,18693.265857696533,0.0,23.0,0.0,2.0,0.38023809523809526,1.070069931447506,1.0542242377996445,0.05281899869441986
double_centered_full_action_dqn,816,137,102.0482659637928,102.29970302529634,37.87797726690769,64.17028890550137,1.688219653442502,21363.282375335693,0.0,28.0,0.0,0.0,0.3757142857142858,0.9417922887951136,0.926636690273881,0.05051867594011128
double_centered_full_action_dqn,816,138,103.29035232961178,102.37041325442495,32.61711896955967,70.67323368787766,1.640892413444817,18995.615077972412,0.0,33.0,0.0,0.0,0.3711904761904763,1.2121538277715445,1.1968138627707958,0.05113321193493903
double_centered_full_action_dqn,816,139,91.20585078895093,102.3538367124647,31.70805363357067,59.49779743850231,1.5376835074275732,17657.50425720215,0.0,27.0,0.0,1.0,0.3666666666666667,1.0868198610842228,1.0706443209201097,0.05391850112937391
double_centered_full_action_dqn,816,140,104.55119782686234,102.33221501909198,35.343786001205444,69.20741114020348,1.6965697789564729,20251.81858062744,0.0,30.0,0.0,0.0,0.3621428571428572,0.9946662653237581,0.9782722350209951,0.0546467425301671
double_centered_full_action_dqn,816,141,92.62312340140343,101.48326202981175,33.92355181276798,58.69957193136215,1.588344069197774,19229.526664733887,0.0,28.0,0.0,2.0,0.3576190476190476,1.1169779896736145,1.0999365840107203,0.05680468142963946
double_centered_full_action_dqn,816,142,132.45607942342758,102.16266244478524,44.66272792220116,87.79335188865662,1.8767988132312894,25486.37836456299,0.0,35.0,0.0,1.0,0.35309523809523813,1.0105142183601856,0.9942990802228451,0.05405045044608414
double_centered_full_action_dqn,816,143,110.47162559628487,102.65069947741927,37.50068441033363,72.97094124555588,1.716931177303195,21036.73997116089,0.0,31.0,0.0,0.0,0.34857142857142864,1.1191867087036371,1.1037863716483116,0.051334458170458674
double_centered_full_action_dqn,816,144,106.68950627744198,102.90572655923665,37.299549132585526,69.38995677232742,1.7073818296194077,21354.444263458252,0.0,30.0,0.0,0.0,0.34404761904761905,1.1493220292031765,1.134029109030962,0.05097637255676091
double_centered_full_action_dqn,816,145,96.0984663233161,103.81958510935308,34.861215464770794,61.23724987506866,1.6318009365350008,19885.03952407837,0.0,26.0,0.0,2.0,0.33952380952380956,0.8585003521293402,0.8410784602165222,0.05807294882833958
double_centered_full_action_dqn,816,146,96.82587819546461,102.93111587338149,34.16736353188753,62.65851438045502,1.6217672852799296,19323.44772720337,0.0,26.0,0.0,1.0,0.3350000000000001,1.300155684351921,1.285026390105486,0.0504309416282922
double_centered_full_action_dqn,816,147,119.20264181494713,104.20195544347166,38.14258502423763,81.06005661189556,1.6988003319129348,21338.054258346558,0.0,35.0,0.0,0.0,0.3304761904761905,1.1387856304645538,1.1242337431758642,0.048506293911486864
double_centered_full_action_dqn,816,148,93.83134953677654,103.51496355071666,31.391080483794212,62.44026902318001,1.592255744151771,17867.27631187439,0.0,28.0,0.0,0.0,0.325952380952381,1.0521998200565577,1.0369742661714554,0.05075182253494859
double_centered_full_action_dqn,816,149,106.28441134393215,104.38077076822519,37.1892494559288,69.09516123235225,1.677553316578269,20961.16257095337,0.0,30.0,0.0,2.0,0.3214285714285714,1.1258736364543438,1.1089690141379833,0.05634872452355921
double_centered_full_action_dqn,816,150,112.4367235839367,105.01136359989644,39.63413171470165,72.80259167551995,1.7195065673440695,22316.25537109375,0.0,30.0,0.0,1.0,0.3169047619047619,1.0636874474585056,1.047517677769065,0.05389922927133739
double_centered_full_action_dqn,816,151,99.51549191772938,104.94904956750572,32.37064107507467,67.14485092461109,1.5864183763042092,18268.83253479004,0.0,30.0,0.0,1.0,0.3123809523809524,1.0193142648786306,1.0042574387043715,0.050189425237476826
double_centered_full_action_dqn,816,152,103.43346104174853,105.06425665706396,34.2699114382267,69.16354962587357,1.593542655929923,18965.47961997986,0.0,31.0,0.0,2.0,0.30785714285714294,0.9709722269326448,0.9548488464206457,0.05374460178427398
double_centered_full_action_dqn,816,153,92.75767682492733,103.29191811680793,32.7273006439209,60.03037594258785,1.5601188661530614,18415.194087982178,0.0,27.0,0.0,0.0,0.30333333333333345,1.0784652531147003,1.0620109345763922,0.05484771355986595
double_centered_full_action_dqn,816,154,90.57515117526054,102.1486974450946,28.172614447772503,62.402536764740944,1.5569193046540022,16425.056354522705,0.0,28.0,0.0,2.0,0.29880952380952375,1.2970612701028585,1.281593518331647,0.051559149054810405
double_centered_full_action_dqn,816,155,103.96802000105382,101.98596056804061,36.60055285692215,67.36746760606766,1.6540736239403486,20469.0577583313,0.0,30.0,0.0,2.0,0.29428571428571426,0.9617609102278948,0.9469385650008917,0.04940779530443251
double_centered_full_action_dqn,816,156,98.58090528249741,102.84230893246828,32.174686662852764,66.40621853768826,1.6325873313471675,18523.21273803711,0.0,30.0,0.0,3.0,0.2897619047619048,1.2401093281805515,1.2232283968478441,0.05626975977793336
double_centered_full_action_dqn,816,157,84.88330713808537,101.98406099118293,29.708131060004234,55.17517533302307,1.506073897704482,16522.59429168701,0.0,25.0,0.0,3.0,0.2852380952380953,1.04548105224967,1.0295050162822008,0.053253424586728215
double_centered_full_action_dqn,816,158,95.58513997495174,101.59880037344993,35.04274668544531,60.54239346086979,1.6046953741461039,19899.925806045532,0.0,26.0,0.0,0.0,0.2807142857142858,1.1544120535254478,1.137752279639244,0.055532597471028566
double_centered_full_action_dqn,816,159,107.0344964414835,102.39023265607656,34.266709595918655,72.76778662204742,1.6358023062348366,19230.36978149414,0.0,31.0,0.0,2.0,0.2761904761904763,1.1553920712321997,1.1385309975594282,0.056203544372692704
double_centered_full_action_dqn,816,160,87.07561827600003,101.51645367853345,30.293187730014324,56.7824310451746,1.5310498271137476,17155.081886291504,0.0,26.0,0.0,1.0,0.2716666666666666,1.4493037164211273,1.4340811595320702,0.05074180825613439
double_centered_full_action_dqn,816,161,98.29970143735409,101.80028258033097,34.940970316529274,63.358731374144554,1.7012481419369578,20144.66746520996,0.0,29.0,0.0,0.0,0.2671428571428571,0.9745265729725361,0.9591344483196735,0.05130712175741792
double_centered_full_action_dqn,816,162,99.69495032727718,100.16222612552346,32.55506578087807,67.13988429307938,1.6033461280167103,18522.21067047119,0.0,28.0,0.0,0.0,0.26261904761904764,1.0233035385608673,1.0072078984230757,0.053652146365493536
double_centered_full_action_dqn,816,163,104.80255717337131,99.87877270437778,34.473399579524994,70.3291578322649,1.653912851586938,19450.218063354492,0.0,30.0,0.0,3.0,0.25809523809523816,1.0568009000271559,1.040733115747571,0.05355931189842522
double_centered_full_action_dqn,816,164,83.82373557388783,98.73548416920008,31.456273421645164,52.36746191382408,1.5422015497460961,17423.302974700928,0.0,24.0,0.0,2.0,0.25357142857142867,1.3567394074052572,1.340726874768734,0.05337510607205331
double_centered_full_action_dqn,816,165,87.0954657882452,98.28533414244653,32.18365612626076,54.91180946826935,1.5502700805664062,17554.725708007812,0.0,25.0,0.0,2.0,0.24904761904761907,1.195148853585124,1.1813148614019156,0.04611327371094376
double_centered_full_action_dqn,816,166,105.39216302335262,98.71364838384093,36.968304082751274,68.42385897040367,1.661934057250619,20465.253540039062,0.0,31.0,0.0,0.0,0.2445238095238096,1.3150473982095718,1.2985899411141872,0.05485818348824978
double_centered_full_action_dqn,816,167,103.83056023716927,97.94504430495203,33.62343696504831,70.20712248980999,1.6026708232238889,18626.610054016113,0.0,31.0,0.0,0.0,0.24,0.9545797351747751,0.9388223960995674,0.052524458384141326
double_centered_full_action_dqn,816,168,95.4072340503335,98.02383853062989,34.47276679426432,60.93446685373783,1.588068887591362,19166.273414611816,0.0,28.0,0.0,1.0,0.2354761904761905,1.2359643019735813,1.2209501322358847,0.050047184340655804
double_centered_full_action_dqn,816,169,108.52653418630362,98.13594467274845,35.202946193516254,73.32358802258969,1.655097622424364,19506.95468902588,0.0,32.0,0.0,2.0,0.23095238095238102,1.0720438156276941,1.0560889467597008,0.05318287783302367
double_centered_full_action_dqn,816,170,77.58052397668362,96.3931346923858,28.805752858519554,48.7747706413269,1.5091134635731578,16375.109439849854,0.0,24.0,0.0,1.0,0.22642857142857142,1.252517744898796,1.237604059278965,0.0497122835367918
double_centered_full_action_dqn,816,171,78.23028063178063,95.32887412808836,28.82591614127159,49.404365012049674,1.4714367361739278,16047.976528167725,0.0,24.0,0.0,1.0,0.22190476190476194,1.2630562782287598,1.248160682618618,0.049652004381641746
double_centered_full_action_dqn,816,172,90.45671004951001,94.68003657847645,31.801245123147964,58.65546485185623,1.55899721942842,17833.5721282959,0.0,26.0,0.0,1.0,0.21738095238095245,1.4111104682087898,1.3954332768917084,0.05225734657142311
double_centered_full_action_dqn,816,173,96.23356654644013,94.85383106455208,31.721511617302895,64.51205500364304,1.610905828885734,18335.807819366455,0.0,29.0,0.0,2.0,0.21285714285714286,1.0746645517647266,1.0573622174561024,0.05767441890202463
double_centered_full_action_dqn,816,174,102.98998085558415,95.47457254856826,36.17410682141781,66.81587460041047,1.637246404774487,19709.34344100952,0.0,30.0,0.0,2.0,0.20833333333333337,1.0470168329775333,1.0330450497567654,0.046572658233344555
double_centered_full_action_dqn,816,175,91.3270181119442,94.84252245411278,32.8704684600234,58.45655037462711,1.606325645931065,18725.671199798584,0.0,26.0,0.0,0.0,0.20380952380952377,1.3539013415575027,1.3389846347272396,0.0497223436832428
double_centered_full_action_dqn,816,176,91.00872481167316,94.46391343057157,32.64933231472969,58.35939272046089,1.5678888717666268,18064.899654388428,0.0,26.0,0.0,3.0,0.1992857142857143,1.1871713772416115,1.1702745389193296,0.05632279301062226
double_centered_full_action_dqn,816,177,95.30617540329695,94.98505684383214,33.671406611800194,61.63476841151714,1.6363603435456753,19265.475439071655,0.0,28.0,0.0,0.0,0.1947619047619048,1.2030519675463438,1.1875300891697407,0.05173956020735204
double_centered_full_action_dqn,816,178,85.55074391514063,94.48333704084158,29.56324126571417,55.987503081560135,1.5386804705485702,16875.629425048828,0.0,26.0,0.0,0.0,0.19023809523809532,1.3279641717672348,1.3129104562103748,0.050179073587059975
double_centered_full_action_dqn,816,179,95.63154934346676,93.91318968594075,31.46222672611475,64.16932302713394,1.554767657071352,17433.485301971436,0.0,29.0,0.0,0.0,0.18571428571428583,1.3014982677996159,1.285010851919651,0.05495801637880504
double_centered_full_action_dqn,816,180,101.09976474940777,94.61439700961112,32.88031439483166,68.21945117413998,1.658031596802175,19274.97755050659,0.0,28.0,0.0,0.0,0.18119047619047624,1.4916842952370644,1.4769794903695583,0.04901602980680764
double_centered_full_action_dqn,816,181,104.43108936548234,94.92096640601756,33.59708898514509,70.83400031328202,1.6521427985280752,19361.682765960693,0.0,32.0,0.0,2.0,0.17666666666666664,1.325259242206812,1.3084315843880177,0.05609225365333259
double_centered_full_action_dqn,816,182,80.2236549422145,93.94740163676443,30.117940045893192,50.105714777112006,1.5040297405794263,16664.21279525757,0.0,23.0,0.0,2.0,0.17214285714285715,1.2396557312458754,1.223632762208581,0.0534098562784493
double_centered_full_action_dqn,816,183,95.30013096481562,93.47228032633663,31.421534478664398,63.878596568107604,1.5821467163041234,18066.152084350586,0.0,28.0,0.0,1.0,0.16761904761904767,1.1934691779315472,1.1782376188784838,0.05077188590075821
double_centered_full_action_dqn,816,184,96.10635829120875,94.08641146220268,34.134808488190174,61.971549892425536,1.6146053383126855,18883.8846282959,0.0,28.0,0.0,1.0,0.16309523809523818,1.1572303213179111,1.143097871914506,0.04710817919112742
double_centered_full_action_dqn,816,185,88.18775417655706,94.14102588161828,30.95330475270748,57.23444955050945,1.5527502382174134,17748.863605499268,0.0,26.0,0.0,0.0,0.1585714285714287,1.2056025732308626,1.1908637471497059,0.049129397608339787
double_centered_full_action_dqn,816,186,96.0417864471674,93.67350705280901,32.05679792910814,63.98498822748661,1.567102262750268,17883.856163024902,0.0,28.0,0.0,0.0,0.1540476190476191,1.2426435109227896,1.2276013232767582,0.050140612525865436
double_centered_full_action_dqn,816,187,84.28826707601547,92.69639239475131,31.591904431581497,52.696362763643265,1.5734646283090115,17791.955963134766,0.0,24.0,0.0,0.0,0.1495238095238095,1.4559183809906244,1.4415841102600098,0.04778090468607843
double_centered_full_action_dqn,816,188,87.47477993667125,92.2997696890682,31.104983046650887,56.36979717314243,1.5305837709456682,17000.617418289185,0.0,25.0,0.0,2.0,0.14500000000000002,1.224930688738823,1.20903124473989,0.052998151862993836
double_centered_full_action_dqn,816,189,89.75339847058058,91.36111290328205,32.65484579652548,57.098552361130714,1.5615031206980348,18193.1303024292,0.0,26.0,0.0,1.0,0.14047619047619053,1.22562244720757,1.2095914036035538,0.053436851128935814
double_centered_full_action_dqn,816,190,81.74662088751793,91.56941774882377,31.720957666635513,50.02566320598125,1.5542470747604966,17777.081199645996,0.0,24.0,0.0,2.0,0.13595238095238105,1.3278346695005894,1.3123246654868126,0.051700003212317824
double_centered_full_action_dqn,816,191,81.62642121315002,91.73922477789225,29.839510679244995,51.78691032528877,1.5120476260781288,16677.275817871094,0.0,24.0,0.0,2.0,0.13142857142857145,0.9623730778694153,0.9480537623167038,0.04773104074411094
double_centered_full_action_dqn,816,192,90.16553959995508,91.72466625541449,31.677774414420128,58.487764954566956,1.5635095005854964,17758.831413269043,0.0,27.0,0.0,2.0,0.12690476190476196,1.1224232017993927,1.1070757918059826,0.051158051239326596
double_centered_full_action_dqn,816,193,76.83097380548716,90.75453661836686,30.31099560111761,46.519978219270705,1.5096998224034905,16791.663368225098,0.0,22.0,0.0,2.0,0.12238095238095237,1.5357831753790379,1.5211416743695736,0.04880500875879079
double_centered_full_action_dqn,816,194,83.33813726305962,89.77194443874062,28.629784889519215,54.708352440595625,1.5034150537103415,16186.572540283203,0.0,25.0,0.0,1.0,0.11785714285714288,1.1934400331228971,1.1793336551636457,0.047021253616549075
double_centered_full_action_dqn,816,195,92.00569883137942,89.80587847471239,32.39840281754732,59.60729640126228,1.607491148635745,18236.895488739014,0.0,25.0,0.0,1.0,0.1133333333333334,1.4031092561781406,1.3881173767149448,0.04997291532345116
double_centered_full_action_dqn,816,196,75.0749100446701,89.00918773636224,28.606079518795013,46.46883012354374,1.50448006298393,16162.153659820557,0.0,23.0,0.0,0.0,0.1088095238095238,1.4821376744657755,1.4653182178735733,0.05606484902091324
double_centered_full_action_dqn,816,197,93.36638359874487,88.91219814613463,32.33335596323013,61.03302755355835,1.5887126801535487,18016.46717453003,0.0,27.0,0.0,1.0,0.10428571428571431,1.3596622496843338,1.344595404341817,0.050222845282405615
double_centered_full_action_dqn,816,198,103.76432728767395,89.82287731476129,34.38575005531311,69.37857773900032,1.6079234397038817,18939.590354919434,0.0,31.0,0.0,3.0,0.09976190476190483,1.1168691702187061,1.1037926077842712,0.043588535278104246
double_centered_full_action_dqn,816,199,98.5770143121481,89.97015056319535,34.1881445646286,64.3888696283102,1.5947548924013972,18620.619274139404,0.0,29.0,0.0,1.0,0.09523809523809534,1.1017750203609467,1.088099505752325,0.045585066080093384
double_centered_full_action_dqn,816,200,91.7936472967267,89.5048446905613,31.336685359477997,60.456961914896965,1.5530502228066325,17469.90011024475,0.0,27.0,0.0,2.0,0.09071428571428575,1.4483212009072304,1.4331075511872768,0.05071221455000341
double_centered_full_action_dqn,816,201,94.92810806632042,89.0296956256032,33.47605173289776,61.452056497335434,1.638137111440301,19055.855766296387,0.0,27.0,0.0,1.0,0.08619047619047626,1.1856182552874088,1.1712011713534594,0.04805695777758956
double_centered_full_action_dqn,816,202,81.5732716858387,89.0971764627844,29.021242074668407,52.55203021466732,1.5142537532374263,16592.20365524292,0.0,25.0,0.0,1.0,0.08166666666666667,1.4242864474654198,1.4099642299115658,0.04774069436825812
double_centered_full_action_dqn,816,203,84.65380601733924,88.5648602154106,30.790761969983578,53.86304440498352,1.513417293317616,16940.79003715515,0.0,25.0,0.0,2.0,0.07714285714285718,1.1776895020157099,1.1627868860960007,0.04967539547942579
double_centered_full_action_dqn,816,204,79.57319241017103,87.73820192135871,29.542678482830524,50.03051333129406,1.493407180532813,16413.788593292236,0.0,25.0,0.0,0.0,0.0726190476190477,1.2188793197274208,1.2035971824079752,0.05094043957069516
double_centered_full_action_dqn,816,205,87.24838623553515,87.69123352430762,34.17897488921881,53.06941118240356,1.5874643353745341,18794.7101020813,0.0,24.0,0.0,1.0,0.06809523809523821,1.3621083442121744,1.346949439495802,0.05052965343929827
double_centered_full_action_dqn,816,206,86.43551231920719,87.21091981790961,29.0927752032876,57.342737555503845,1.5047651790082455,16314.183340072632,0.0,27.0,0.0,0.0,0.06357142857142861,1.3447452932596207,1.328284278512001,0.05486998334527016
double_centered_full_action_dqn,816,207,88.42414305508137,87.4177136168629,33.273428574204445,55.15071431696415,1.6092973724007607,18507.99897003174,0.0,24.0,0.0,1.0,0.059047619047619015,1.4426715709269047,1.4285692013800144,0.0470078979851678
double_centered_full_action_dqn,816,208,75.26727537810802,86.80733838893474,27.600264564156532,47.66701090335846,1.457423365674913,15292.8929977417,0.0,23.0,0.0,0.0,0.05452380952380953,1.2755119074136019,1.2612033728510141,0.047695109504275024
double_centered_full_action_dqn,816,209,90.59224337488413,86.84928063414992,31.6983333081007,58.89391013383865,1.554830732755363,17386.828937530518,0.0,26.0,0.0,2.0,0.050000000000000044,1.0674589797854424,1.0525192245841026,0.04979918315075338
double_centered_full_action_dqn,816,210,86.05553180724382,87.06472618013622,32.12697408348322,53.928557366132736,1.5718765342608094,17838.201274871826,0.0,23.0,0.0,0.0,0.050000000000000044,0.8907684404402971,0.876813255250454,0.04651727434247732
double_centered_full_action_dqn,816,211,84.8040010035038,87.2236051696539,30.362436816096306,54.44156438112259,1.5178911136463284,16399.0785446167,0.0,25.0,0.0,0.0,0.050000000000000044,1.725598843768239,1.710736207664013,0.0495420484803617
double_centered_full_action_dqn,816,212,76.29636278748512,86.5301463290304,30.267123952507973,46.02923958003521,1.5189511654898524,16730.81145477295,0.0,22.0,0.0,0.0,0.050000000000000044,1.189489098265767,1.1763998363167048,0.04363088496029377
double_centered_full_action_dqn,816,213,84.56072035431862,86.91663365647197,30.40802775323391,54.15269246697426,1.5167324366047978,17104.24440765381,0.0,25.0,0.0,1.0,0.050000000000000044,1.5695181749761105,1.5546458065509796,0.049574606120586395
double_centered_full_action_dqn,816,214,71.02734592705966,86.30109408967198,28.17495296895504,42.852392920851706,1.461043156683445,15205.272750854492,0.0,22.0,0.0,1.0,0.050000000000000044,1.2872389126569033,1.2714274507015944,0.05270487582311034
double_centered_full_action_dqn,816,215,85.80626011192798,85.99112215369941,29.244404017925262,56.56185610890388,1.5178725514560938,16578.128847122192,0.0,24.0,0.0,3.0,0.050000000000000044,1.0543152038007975,1.0399041175842285,0.048036943771876395
double_centered_full_action_dqn,816,216,83.25169060528279,86.39996118173005,32.3671375438571,50.884552681446074,1.562294015660882,17848.00379562378,0.0,24.0,0.0,2.0,0.050000000000000044,1.1312558595091105,1.116687100380659,0.048562525073066354
double_centered_full_action_dqn,816,217,90.21680031120778,86.24248201735318,30.041474372148514,60.17532577514648,1.4987868135794997,16095.761840820312,0.0,27.0,0.0,1.0,0.050000000000000044,1.2722141109406948,1.2572004552930593,0.05004556220956147
double_centered_full_action_dqn,816,218,95.01328417658806,85.8049298617989,31.676653660833836,63.33662986755371,1.57105312962085,17816.325065612793,0.0,28.0,0.0,1.0,0.050000000000000044,1.4311140924692154,1.4170078746974468,0.04702072683721781
double_centered_full_action_dqn,816,219,67.35151734948158,84.24365501366557,27.037896782159805,40.31362068653107,1.4744031131267548,15601.989307403564,0.0,20.0,0.0,0.0,0.050000000000000044,1.259915754199028,1.2455140817910433,0.048005604883655906
double_centered_full_action_dqn,816,220,83.85655088722706,83.84680019319059,30.14953299611807,53.707017570734024,1.5060496525838971,16243.519561767578,0.0,25.0,0.0,0.0,0.050000000000000044,1.0818061642348766,1.0677282586693764,0.046926323091611266
double_centered_full_action_dqn,816,221,81.82909985780717,83.19184978276492,30.08966000378132,51.73943951129913,1.490509307011962,16402.826007843018,0.0,24.0,0.0,2.0,0.050000000000000044,0.9640463571995497,0.949748320505023,0.04766007943544537
double_centered_full_action_dqn,816,222,69.25943179428577,82.57615778818727,25.566015794873238,43.69341599941254,1.414593880996108,14232.680179595947,0.0,21.0,0.0,0.0,0.050000000000000044,1.2504639737308025,1.2360381204634905,0.04808620177209377
double_centered_full_action_dqn,816,223,80.15632032752038,82.35128350369634,31.351177006959915,48.805143320560454,1.5222170371562243,17340.954914093018,0.0,22.0,0.0,1.0,0.050000000000000044,1.1705331578850746,1.1555615793913603,0.04990524472668767
double_centered_full_action_dqn,816,224,83.49333068728447,82.547290417552,30.34381054341793,53.14952012896538,1.533749415539205,16753.451320648193,0.0,24.0,0.0,0.0,0.050000000000000044,1.2048070784658194,1.1899737548083067,0.04944437672384083
double_centered_full_action_dqn,816,225,95.93175803124905,82.98145900733769,33.60608170926571,62.32567602396011,1.5784168522804976,18355.62050628662,0.0,27.0,0.0,1.0,0.050000000000000044,1.2589870058000088,1.2455470450222492,0.04479988489765674
double_centered_full_action_dqn,816,226,83.07900932580233,82.81363385766745,30.872283570468426,52.20672588944435,1.529302260838449,17103.213079452515,0.0,24.0,0.0,1.0,0.050000000000000044,1.5656356774270535,1.5532490555197,0.041288753505796194
double_centered_full_action_dqn,816,227,86.45065211057663,82.71495931044221,31.65389835089445,54.79675330519676,1.553465117700398,17850.250762939453,0.0,26.0,0.0,3.0,0.050000000000000044,1.382848534733057,1.368449229747057,0.047997619141824543
double_centered_full_action_dqn,816,228,88.84788490086794,83.3939897865802,32.71968325227499,56.128201216459274,1.588688425719738,18021.571014404297,0.0,25.0,0.0,0.0,0.050000000000000044,1.1089149564504623,1.094589501619339,0.04775152856018394
double_centered_full_action_dqn,816,229,84.35887685418129,83.08232146054507,29.53076946735382,54.828107103705406,1.5185318505391479,16539.153369903564,0.0,25.0,0.0,0.0,0.050000000000000044,1.4023699313402176,1.3890734314918518,0.04432167857885361
double_centered_full_action_dqn,816,230,89.98134932816029,83.2786123365909,31.40769436210394,58.57365455627441,1.5501466048881412,17240.703521728516,0.0,27.0,0.0,1.0,0.050000000000000044,1.314282651990652,1.3013366349041462,0.04315339704044163
double_centered_full_action_dqn,816,231,83.42441116422415,83.20963284462691,30.84138399362564,52.58302726745605,1.5333617264404893,17029.21351623535,0.0,25.0,0.0,2.0,0.050000000000000044,1.2832080777734518,1.2695186138153076,0.045631504617631435
double_centered_full_action_dqn,816,232,73.73309924602509,83.08146966755392,27.695036217570305,46.03806337118149,1.4448263952508569,15184.109748840332,0.0,23.0,0.0,1.0,0.050000000000000044,0.9198904857039452,0.9078186117112637,0.0402395511046052
double_centered_full_action_dqn,816,233,89.3572338372469,83.32129534170033,30.819164633750916,58.538069397211075,1.5513473860919476,17152.81990814209,0.0,26.0,0.0,1.0,0.050000000000000044,1.3492220174521208,1.3364120069891214,0.04270005924627185
double_centered_full_action_dqn,816,234,92.18200154602528,84.3790281226486,32.28915175795555,59.89284960925579,1.5744736203923821,17768.30975341797,0.0,27.0,0.0,1.0,0.050000000000000044,1.4820275325328112,1.4665317814797163,0.05165249505080283
double_centered_full_action_dqn,816,235,76.82598041892052,83.93001413799823,28.689106427133083,48.13687388002872,1.4820026317611337,15886.74303817749,0.0,24.0,0.0,1.0,0.050000000000000044,1.0750225093215704,1.0598006062209606,0.050739637576043606
double_centered_full_action_dqn,816,236,91.36670529097319,84.33576487228274,30.981231577694416,60.38547384738922,1.559384356252849,17540.891944885254,0.0,27.0,0.0,1.0,0.050000000000000044,1.321643503382802,1.3079557213932276,0.04562593228183687
double_centered_full_action_dqn,816,237,85.61035391688347,84.10544255256653,29.8317147269845,55.77863994240761,1.5080687524750829,16736.175914764404,0.0,25.0,0.0,0.0,0.050000000000000044,1.4230354819446802,1.4090841468423605,0.04650446982122958
double_centered_full_action_dqn,816,238,96.97338709235191,84.20344769835472,32.92385719716549,64.04952985048294,1.602195874787867,18542.998985290527,0.0,28.0,0.0,0.0,0.050000000000000044,1.2926664184778929,1.2785815224051476,0.04694966273382306
double_centered_full_action_dqn,816,239,71.13248746097088,84.39249620392918,27.277930967509747,43.85455620288849,1.4407587395980954,15156.632041931152,0.0,23.0,0.0,0.0,0.050000000000000044,1.519748855382204,1.5061791855841875,0.04523221356794238
double_centered_full_action_dqn,816,240,103.96298086643219,85.39781770288944,31.425199262797832,72.53778177499771,1.6301903082057834,18356.832565307617,0.0,32.0,0.0,0.0,0.050000000000000044,1.5581546891480684,1.5438111070543528,0.047811908763833344
double_centered_full_action_dqn,816,241,73.93174477815629,85.0029499489069,30.289606273174286,43.64213860929012,1.515561593696475,16717.514190673828,0.0,21.0,0.0,1.0,0.050000000000000044,1.540702348574996,1.5285194776952267,0.04060954065062106
double_centered_full_action_dqn,816,242,84.29491024613381,85.7547238714993,29.69108460843563,54.60382510125637,1.4996590865775943,16390.07166671753,0.0,25.0,0.0,1.0,0.050000000000000044,1.2302643433213234,1.215556938201189,0.049024687614291906
double_centered_full_action_dqn,816,243,89.88834308832884,86.24132500953974,30.811414159834385,59.0769287198782,1.5365187339484692,16982.94972229004,0.0,27.0,0.0,0.0,0.050000000000000044,1.3094978239387274,1.29747648909688,0.04007108137011528
double_centered_full_action_dqn,816,244,95.38487723469734,86.83590233691038,32.483504340052605,62.90137338638306,1.587529874406755,18044.31019592285,0.0,28.0,0.0,0.0,0.050000000000000044,1.299377977848053,1.2860787063837051,0.04433092032559216
double_centered_full_action_dqn,816,245,75.72127972692252,85.82537842169405,29.05433164536953,46.666948267817496,1.4570394372567534,15774.089939117432,0.0,23.0,0.0,1.0,0.050000000000000044,1.1254544574767351,1.111778238788247,0.04558740963693708
double_centered_full_action_dqn,816,246,84.71035427749158,85.9069456692785,30.477732703089714,54.232621470093726,1.527486303821206,16719.239587783813,0.0,26.0,0.0,1.0,0.050000000000000044,1.2419269476085901,1.2289391541853547,0.04329266329295933
double_centered_full_action_dqn,816,247,80.47945826649666,85.60838597707452,29.026909664273262,51.452548736333846,1.4839541763067245,16271.951778411865,0.0,25.0,0.0,1.0,0.050000000000000044,1.2409851867705584,1.2265071421861649,0.04826015839353204
double_centered_full_action_dqn,816,248,89.37321758568287,85.63465261131526,29.47827845811844,59.894938606023786,1.5183301223441958,16635.60591506958,0.0,26.0,0.0,2.0,0.050000000000000044,1.5195142198354006,1.5064803287386894,0.043446272844448686
double_centered_full_action_dqn,816,249,81.77114498615265,85.50526601791384,28.24282556772232,53.52831943333149,1.4933595089241862,16047.57448387146,0.0,25.0,0.0,1.0,0.050000000000000044,1.5661027505993843,1.5533195026218891,0.042610815609805286
double_centered_full_action_dqn,816,250,92.4444057226181,85.62841883763672,33.60893400013447,58.835471901297566,1.595984016545117,18468.005306243896,0.0,27.0,0.0,2.0,0.050000000000000044,1.525777542963624,1.5113026592880487,0.04824961628764868
double_centered_full_action_dqn,816,251,83.86065623909235,85.65023109138012,31.592707343399525,52.2679485976696,1.5584663096815348,17500.48881149292,0.0,24.0,0.0,0.0,0.050000000000000044,1.6086460947990417,1.594579041004181,0.0468901873100549
double_centered_full_action_dqn,816,252,82.50646515190601,86.08889938667417,30.187637485563755,52.31882806122303,1.5297390529885888,17367.955310821533,0.0,26.0,0.0,0.0,0.050000000000000044,1.3754552714526653,1.3620779905468225,0.044590928591787815
double_centered_full_action_dqn,816,253,89.19117353856564,86.0805963717401,29.672984831035137,59.51818908751011,1.5069897742941976,16644.363302230835,0.0,27.0,0.0,0.0,0.050000000000000044,1.349411966279149,1.3364577945321798,0.043180575128644705
double_centered_full_action_dqn,816,254,85.40252242684365,85.74162241578102,30.53726553916931,54.86525648534298,1.5167538532987237,16636.375034332275,0.0,27.0,0.0,3.0,0.050000000000000044,1.6000285018235445,1.5843681003898382,0.05220129061490297
double_centered_full_action_dqn,816,255,77.46383185088635,85.77351498737933,28.602622620761395,48.86120934933424,1.4712711591273546,15677.347625732422,0.0,23.0,0.0,1.0,0.050000000000000044,1.476529311388731,1.4615777879953384,0.04983843443915248
double_centered_full_action_dqn,816,256,91.70300447940826,85.79032994680107,32.31116263568401,59.39184162020683,1.5786428889259696,18224.311492919922,0.0,26.0,0.0,0.0,0.050000000000000044,1.461949547752738,1.4462663382291794,0.05227735033258796
double_centered_full_action_dqn,816,257,87.43339984416961,85.88148224316538,31.36586356163025,56.0675364613533,1.5443403832614422,16939.61102294922,0.0,25.0,0.0,2.0,0.050000000000000044,1.5989099200814962,1.5838861968368292,0.05007910239510238
double_centered_full_action_dqn,816,258,95.48680282384157,85.80715302973987,33.57042392343283,61.91637931764126,1.5991443870589137,18728.685276031494,0.0,28.0,0.0,0.0,0.050000000000000044,1.484566554427147,1.4703339841216803,0.047441931907087564
double_centered_full_action_dqn,816,259,88.2637229576707,86.66371480457485,30.381959907710552,57.881763184070586,1.5315966131165624,17072.88620376587,0.0,26.0,0.0,1.0,0.050000000000000044,1.4288863129913807,1.4158799313008785,0.04335460485890508
double_centered_full_action_dqn,816,260,81.37788828462362,85.53446017548443,28.197987161576748,53.17990103363991,1.4756618337705731,15641.77855873108,0.0,26.0,0.0,1.0,0.050000000000000044,1.2376255840063095,1.225048989057541,0.041921988129615784
double_centered_full_action_dqn,816,261,78.81475294530392,85.77861058384181,29.730397634208202,49.08435567617416,1.4860210232436657,16594.581523895264,0.0,23.0,0.0,1.0,0.050000000000000044,1.4884472750127316,1.4759864453226328,0.04153608251363039
double_centered_full_action_dqn,816,262,82.61431451886892,85.69458079747857,31.299038894474506,51.315275490283966,1.5483208699151874,17468.953437805176,0.0,24.0,0.0,0.0,0.050000000000000044,1.5330621097236872,1.518288616091013,0.04924496833700687
double_centered_full_action_dqn,816,263,89.02722001820803,85.65152464397252,28.126773089170456,60.90044654905796,1.4847380053251982,15853.37682723999,0.0,28.0,0.0,1.0,0.050000000000000044,1.475341483950615,1.463360395282507,0.03993695054668933
double_centered_full_action_dqn,816,264,93.78633017092943,85.57159729078413,31.372799821197987,62.413530081510544,1.5360874105244875,17263.73448562622,0.0,26.0,0.0,1.0,0.050000000000000044,1.4815280232578516,1.468707425519824,0.0427353581180796
double_centered_full_action_dqn,816,265,91.5924676656723,86.36515668772161,30.750910960137844,60.84155681729317,1.5313932485878468,17033.684322357178,0.0,29.0,0.0,0.0,0.050000000000000044,1.9731894452124834,1.9609853997826576,0.04068018088582903
double_centered_full_action_dqn,816,266,89.8089983701706,86.62008889235557,30.623651884496212,59.1853460162878,1.5445657595992088,17292.37861251831,0.0,26.0,0.0,1.0,0.050000000000000044,1.2381453774869442,1.2240698467940092,0.04691846447531134
double_centered_full_action_dqn,816,267,87.55030608177185,86.97363128311933,30.253393232822418,57.29691316187382,1.5079046869650483,16700.217136383057,0.0,26.0,0.0,1.0,0.050000000000000044,1.6640256103128195,1.64975306391716,0.047575175296515226
double_centered_full_action_dqn,816,268,81.71995051950216,86.59096792981029,29.23083372414112,52.48911711573601,1.479632155969739,16203.080648422241,0.0,24.0,0.0,0.0,0.050000000000000044,1.2421697098761797,1.2283738777041435,0.04598613362759352
double_centered_full_action_dqn,816,269,86.91115589588881,86.84796847529711,30.544242419302464,56.36691332757473,1.5344908917322755,17119.074193954468,0.0,25.0,0.0,1.0,0.050000000000000044,1.2884894125163555,1.2749620489776134,0.04509118327405304
double_centered_full_action_dqn,816,270,85.87095573097467,86.51929597571493,29.489192850887775,56.38176258206367,1.5308616822585464,16604.48337173462,0.0,25.0,0.0,2.0,0.050000000000000044,1.45635917596519,1.4437897987663746,0.04189794999547303
double_centered_full_action_dqn,816,271,79.33425562828779,86.29297594517469,28.498681031167507,50.835575222969055,1.4778491547331214,15804.479551315308,0.0,26.0,0.0,0.0,0.050000000000000044,1.1049067880958319,1.092191692441702,0.042383667663671076
double_centered_full_action_dqn,816,272,88.26396735012531,86.58085105508566,30.295321188867092,57.968645840883255,1.5421254243701696,17003.422924041748,0.0,26.0,0.0,0.0,0.050000000000000044,1.414008129388094,1.4013340324163437,0.042247007600963116
double_centered_full_action_dqn,816,273,69.09310898929834,85.57594782762229,27.437355056405067,41.655754178762436,1.4505303343757987,15336.506788253784,0.0,22.0,0.0,2.0,0.050000000000000044,1.304514778777957,1.293677669018507,0.036123653524555266
double_centered_full_action_dqn,816,274,73.74096279144287,84.99286984585225,28.358294814825058,45.382668647170064,1.4645056538283825,15614.392719268799,0.0,21.0,0.0,2.0,0.050000000000000044,1.426355741918087,1.414163114503026,0.04064210900105536
double_centered_full_action_dqn,816,275,61.016685695946215,84.17051253810526,26.45619820803404,34.5604873239994,1.4145929347723722,14519.78651046753,0.0,18.0,0.0,1.0,0.050000000000000044,1.1117440462112427,1.0977954100817442,0.0464954599738121
double_centered_full_action_dqn,816,276,81.66801074296237,83.66876285128296,29.693471923470497,51.97453933358192,1.5014244327321649,16332.357215881348,0.0,24.0,0.0,1.0,0.050000000000000044,1.665420025587082,1.6532820370048285,0.04045999003574252
double_centered_full_action_dqn,816,277,81.99522239714861,83.39685397893192,29.168498530983925,52.8267240524292,1.4770082822069526,16163.462425231934,0.0,23.0,0.0,0.0,0.050000000000000044,1.388554710894823,1.3754837326705456,0.04356990347150713
double_centered_full_action_dqn,816,278,80.2555665075779,82.63529216311873,28.61600176244974,51.63956506550312,1.4882008824497461,16164.703022003174,0.0,24.0,0.0,1.0,0.050000000000000044,1.3565339632332325,1.3420564532279968,0.04825835837982595
double_centered_full_action_dqn,816,279,92.30361814945937,82.83728692270816,32.60758779197931,59.696030715107916,1.5912428004667163,18465.17791366577,0.0,29.0,0.0,1.0,0.050000000000000044,1.3581629190593958,1.3451009783893824,0.04353977250866592
double_centered_full_action_dqn,816,280,89.69893025159836,83.25333902105689,32.01371152698994,57.68521862030029,1.631719533354044,18739.69499206543,0.0,26.0,0.0,3.0,0.050000000000000044,1.6016460359096527,1.5879622921347618,0.04561248957179487
double_centered_full_action_dqn,816,281,80.0738396063447,83.31629335410894,27.816772289574146,52.257067227363585,1.4568909853696823,15584.36884880066,0.0,24.0,0.0,1.0,0.050000000000000044,1.754892524331808,1.7432620972394943,0.03876814420800656
double_centered_full_action_dqn,816,282,102.5726573318243,84.31421049475671,33.062945269048214,69.50971245765686,1.6032665548846126,18839.58584213257,0.0,30.0,0.0,0.0,0.050000000000000044,1.7694964706897736,1.7555086351931095,0.04662612034007907
double_centered_full_action_dqn,816,283,92.05918101966381,84.46580854482949,31.163366094231606,60.89581489562988,1.5623846556991339,17609.672653198242,0.0,27.0,0.0,2.0,0.050000000000000044,1.364526854828,1.3508016970008612,0.04575055208988488
double_centered_full_action_dqn,816,284,83.16464369148017,83.93472422085703,29.76226595789194,53.40237825512886,1.4906374895945191,16256.202941894531,0.0,24.0,0.0,1.0,0.050000000000000044,1.354226166382432,1.3414625134319067,0.04254544642753899
double_centered_full_action_dqn,816,285,86.63515865951777,83.68685877054932,31.583401657640934,55.05175700187683,1.558931958861649,17632.386024475098,0.0,24.0,0.0,1.0,0.050000000000000044,1.6483558174222708,1.636014273390174,0.041138455853797495
double_centered_full_action_dqn,816,286,83.57696847617626,83.37525727584959,29.6375028565526,53.93946489691734,1.4943373817950487,16116.423736572266,0.0,25.0,0.0,1.0,0.050000000000000044,1.8817168641835451,1.869194533675909,0.0417411201633513
double_centered_full_action_dqn,816,287,92.50065905600786,83.6227749245614,31.065732710063457,61.434926718473434,1.5707308584824204,17865.830410003662,0.0,27.0,0.0,0.0,0.050000000000000044,1.7284666690975428,1.7154565434902906,0.04336714115925133
double_centered_full_action_dqn,816,288,74.98706176429987,83.28613048680128,28.08732844144106,46.89973369538784,1.4477099981158972,15190.62080001831,0.0,22.0,0.0,2.0,0.050000000000000044,0.9587700571864843,0.945281969383359,0.04496026900596917
double_centered_full_action_dqn,816,289,64.185900144279,82.14986769922078,26.496301099658012,37.68959929049015,1.4031172841787338,14881.969295501709,0.0,20.0,0.0,0.0,0.050000000000000044,1.323748817667365,1.3126132804900408,0.03711845038924366
double_centered_full_action_dqn,816,290,96.34312588721514,82.67347620703279,35.11602822691202,61.227097541093826,1.6255327677354217,19330.736289978027,0.0,27.0,0.0,0.0,0.050000000000000044,1.3701150324195623,1.3582294844090939,0.039618518319912255
double_centered_full_action_dqn,816,291,87.52035926282406,83.08278138875961,30.35279880464077,57.16756050288677,1.5445865048095584,17212.69917678833,0.0,27.0,0.0,1.0,0.050000000000000044,1.1519828382879496,1.1387069262564182,0.04425297724083066
double_centered_full_action_dqn,816,292,74.1398167014122,82.37657385632397,28.42541752755642,45.71439914405346,1.473942644894123,15923.217739105225,0.0,22.0,0.0,1.0,0.050000000000000044,1.646339165046811,1.632717352360487,0.04540599859319627
double_centered_full_action_dqn,816,293,97.34863466024399,83.78935013987125,32.31330242753029,65.03533239662647,1.5771117946133018,18201.856590270996,0.0,28.0,0.0,0.0,0.050000000000000044,1.4082508981227875,1.3939601257443428,0.047635920345783234
double_centered_full_action_dqn,816,294,55.49147620797157,82.87687581069767,22.416122265160084,33.07535409927368,1.3089702893048525,12709.346153259277,0.0,20.0,0.0,1.0,0.050000000000000044,1.5975453779101372,1.5837139021605253,0.04610492358915508
double_centered_full_action_dqn,816,295,79.86519749462605,83.81930140063166,28.426789954304695,51.438406974077225,1.4541974123567343,15588.912521362305,0.0,26.0,0.0,0.0,0.050000000000000044,1.5244424752891064,1.510918602347374,0.04507953207939863
double_centered_full_action_dqn,816,296,85.35603403300047,84.00370256513357,31.06454960256815,54.291484743356705,1.5398366255685687,17694.07424545288,0.0,26.0,0.0,0.0,0.050000000000000044,1.4795133043080568,1.4660349935293198,0.044927703915163875
double_centered_full_action_dqn,816,297,66.89184725284576,83.24853380791842,24.994324050843716,41.89752332866192,1.366914926096797,13633.334487915039,0.0,22.0,0.0,0.0,0.050000000000000044,1.5327092297375202,1.5188768804073334,0.046107836766168475
double_centered_full_action_dqn,816,298,86.16155196726322,83.54383308090269,29.7618210837245,56.39973109960556,1.5115642780438066,16621.903942108154,0.0,27.0,0.0,1.0,0.050000000000000044,1.7231309358030558,1.7101377844810486,0.04331050347536802
double_centered_full_action_dqn,816,299,98.99674207121134,83.8784892769903,33.19745867699385,65.79928333461285,1.6221892079338431,18698.689430236816,0.0,30.0,0.0,1.0,0.050000000000000044,1.6708409171551466,1.6571648344397545,0.045586858061142266
double_centered_full_action_dqn,816,300,95.73671614527703,84.18037857167424,32.809859208762646,62.92685734629631,1.5903177298605442,18308.458854675293,0.0,27.0,0.0,1.0,0.050000000000000044,1.4882604517042637,1.476092530414462,0.04055980080738664
double_centered_full_action_dqn,816,301,79.37625470906497,84.14549932681025,29.235110260546207,50.14114418029785,1.494166542775929,16311.274280548096,0.0,23.0,0.0,1.0,0.050000000000000044,1.5038049183785915,1.4905699212104082,0.04411666153464466
double_centered_full_action_dqn,816,302,92.19188485443593,83.62646070294083,31.88467364013195,60.307210797071455,1.5726531259715557,17660.301525115967,0.0,27.0,0.0,1.0,0.050000000000000044,1.4583005290478468,1.4451937414705753,0.04368932649958879
double_centered_full_action_dqn,816,303,70.76717422157526,82.5618603630364,28.395295940339565,42.37187874317169,1.4352379711344838,15407.800374984741,0.0,21.0,0.0,0.0,0.050000000000000044,1.6528851054608822,1.6393249947577715,0.04520036850590259
double_centered_full_action_dqn,816,304,93.0278656706214,83.05502146199346,33.590460903942585,59.43740497529507,1.5812548557296395,18600.3416595459,0.0,26.0,0.0,0.0,0.050000000000000044,1.5474216919392347,1.5329697355628014,0.04817311302758753
double_centered_full_action_dqn,816,305,74.15524110943079,82.4310255844891,27.256250493228436,46.89899009466171,1.4535320838913321,15354.836891174316,0.0,21.0,0.0,0.0,0.050000000000000044,1.8798679001629353,1.8674033358693123,0.04154844372533262
double_centered_full_action_dqn,816,306,78.596404902637,82.18199740581215,28.574547618627548,50.02185809612274,1.4683200111612678,15861.482397079468,0.0,22.0,0.0,0.0,0.050000000000000044,1.7770891822874546,1.7637812551110983,0.04435977980028838
double_centered_full_action_dqn,816,307,81.27784613668919,81.62085675984622,28.57650775462389,52.701338389515875,1.4868651619181037,15884.299335479736,0.0,25.0,0.0,1.0,0.050000000000000044,1.5701930150389671,1.5575535371899605,0.04213161743246019
double_centered_full_action_dqn,816,308,87.80680281817914,82.26184381254018,30.372020967304707,57.43478157520294,1.5348690310493112,16743.799362182617,0.0,28.0,0.0,2.0,0.050000000000000044,1.6902749557048082,1.6766080502420664,0.04555629682727158
double_centered_full_action_dqn,816,309,78.92973686158658,82.99903564840557,27.933211848139763,50.99652492403984,1.4613042371347547,15218.830745697021,0.0,23.0,0.0,3.0,0.050000000000000044,1.4499780256301165,1.4372901301831007,0.042293034959584475
double_centered_full_action_dqn,816,310,83.5024111956358,82.3569999138266,30.85883228480816,52.643578523397444,1.5403740238398314,17005.83698272705,0.0,24.0,0.0,1.0,0.050000000000000044,1.7694981265813112,1.7577442526817322,0.03917952731717378
double_centered_full_action_dqn,816,311,91.10384684801102,82.53617429308595,31.723233252763748,59.380613669753075,1.5623336238786578,17730.12749862671,0.0,27.0,0.0,2.0,0.050000000000000044,1.4560463055968285,1.443471385166049,0.04191638925112784
double_centered_full_action_dqn,816,312,90.91112750768661,83.37473983339967,31.90324906259775,59.00787840783596,1.5875090807676315,17961.94204902649,0.0,28.0,0.0,0.0,0.050000000000000044,1.6624334901571274,1.6492713037878275,0.04387393419165164
double_centered_full_action_dqn,816,313,65.94030227512121,81.80432321414352,26.224946565926075,39.71535548567772,1.4181404151022434,15102.316711425781,0.0,19.0,0.0,0.0,0.050000000000000044,1.5465408954769373,1.5330921057611704,0.04482936440035701
double_centered_full_action_dqn,816,314,74.54493383765221,82.75699609562756,27.549674294888973,46.99525947570801,1.4252195628359914,15389.85530090332,0.0,22.0,0.0,4.0,0.050000000000000044,1.3427173532545567,1.3271518219262362,0.05188507563434541
double_centered_full_action_dqn,816,315,80.37560377418995,82.78251640960575,28.562820579856634,51.812783354520796,1.4776941919699311,15990.580875396729,0.0,24.0,0.0,1.0,0.050000000000000044,1.4586977362632751,1.4445241838693619,0.04724522074684501
double_centered_full_action_dqn,816,316,80.40112570673227,82.53477099329234,28.722726576030254,51.678398966789246,1.478153116069734,15993.804012298584,0.0,24.0,0.0,0.0,0.050000000000000044,1.5785642601549625,1.5654078051447868,0.043854874558746815
double_centered_full_action_dqn,816,317,86.37380548715592,83.50886890500786,32.49013025313616,53.88367513716221,1.5690912678837776,18059.30477142334,0.0,24.0,0.0,1.0,0.050000000000000044,1.3355271201580763,1.3209217935800552,0.04868439235724509
double_centered_full_action_dqn,816,318,99.35215589553118,84.16839910142126,35.17868200689554,64.17347442507744,1.6596461730077863,19826.991024017334,0.0,29.0,0.0,2.0,0.050000000000000044,1.6052857898175716,1.5931961294263601,0.04029883025214076
double_centered_full_action_dqn,816,319,83.18020889908075,83.37757244281472,29.196794621646404,53.98341424763203,1.5074193710461259,16330.469566345215,0.0,24.0,0.0,0.0,0.050000000000000044,1.6681069061160088,1.6548110991716385,0.0443193546961993
double_centered_full_action_dqn,816,320,78.13399262726307,82.49743626691402,28.926167637109756,49.2078245729208,1.494855117984116,16023.37899017334,0.0,24.0,0.0,0.0,0.050000000000000044,1.59992391243577,1.5884183254092932,0.03835196571890265
double_centered_full_action_dqn,816,321,78.71975733339787,82.46461139813066,29.01744367927313,49.70231366157532,1.502522117458284,16417.55158996582,0.0,23.0,0.0,0.0,0.050000000000000044,1.8949357401579618,1.8832973316311836,0.03879478597082198
double_centered_full_action_dqn,816,322,78.5632833018899,81.78318132050336,27.796036645770073,50.76724614202976,1.4972958816215396,16025.721759796143,0.0,26.0,0.0,0.0,0.050000000000000044,1.7740846145898104,1.7622509356588125,0.0394456327194348
double_centered_full_action_dqn,816,323,95.96445891261101,83.04304555505514,33.23832004517317,62.72613877058029,1.5998242432251573,18935.319049835205,0.0,27.0,0.0,0.0,0.050000000000000044,1.4971565548330545,1.4840291570872068,0.04375807009637356
double_centered_full_action_dqn,816,324,101.11041046082974,83.44717279456556,34.3549969047308,66.7554136902094,1.6079429695382714,19023.849613189697,0.0,29.0,0.0,1.0,0.050000000000000044,1.1506798565387726,1.138342473655939,0.04112461628392339
double_centered_full_action_dqn,816,325,85.17149436622859,83.99798545740546,33.09046978503466,52.08102434277534,1.5959914587438107,18816.114652633667,0.0,23.0,0.0,2.0,0.050000000000000044,1.4073264598846436,1.3945662565529346,0.04253405251074582
double_centered_full_action_dqn,816,326,91.37304644435645,84.63681753449143,31.189665593206882,60.18338047862053,1.5183362029492855,17229.04581451416,0.0,27.0,0.0,2.0,0.050000000000000044,1.725083390250802,1.7128718458116055,0.04070509388111532
double_centered_full_action_dqn,816,327,90.60446801781654,85.1031486285478,32.170091077685356,58.4343770891428,1.5436418829485774,17754.523328781128,0.0,26.0,0.0,0.0,0.050000000000000044,1.8373526744544506,1.8253574408590794,0.039984088274650276
double_centered_full_action_dqn,816,328,97.08366641551257,85.56699180841447,33.01223511248827,64.07143186926842,1.56874293461442,18146.5877532959,0.0,30.0,0.0,1.0,0.050000000000000044,1.8118713796138763,1.7985985558480024,0.04424270545132458
double_centered_full_action_dqn,816,329,58.02217910438776,84.52161392055453,25.138699419796467,32.88347953557968,1.3650865769013762,13808.726360321045,0.0,18.0,0.0,1.0,0.050000000000000044,1.4504543580114841,1.4375984147191048,0.04285310418345034
double_centered_full_action_dqn,816,330,59.427167791128156,83.31785175032914,26.3550338819623,33.07213387191295,1.387896191328764,14557.021919250488,0.0,20.0,0.0,2.0,0.050000000000000044,1.702599948272109,1.6898992732167244,0.04233546298928559
double_centered_full_action_dqn,816,331,76.04563568681479,82.56494119226933,27.999700911343098,48.045934775471686,1.4468021905049682,15618.213520050049,0.0,24.0,0.0,1.0,0.050000000000000044,1.9333119299262762,1.9182468764483929,0.050216838950291276
double_centered_full_action_dqn,816,332,91.04186639338732,82.57147813655436,31.511808462440968,59.530057379603385,1.5550945466384292,17683.974983215332,0.0,26.0,0.0,3.0,0.050000000000000044,1.6146562565118074,1.5994046237319708,0.0508388071320951
double_centered_full_action_dqn,816,333,84.66209653913975,83.5075678497553,30.21813589334488,54.44396104812622,1.5326989982277155,17139.750743865967,0.0,24.0,0.0,1.0,0.050000000000000044,1.4534307196736336,1.441364211961627,0.04022173641715199
double_centered_full_action_dqn,816,334,84.34140276908875,83.99739129632714,29.36679546535015,54.97460749745369,1.5113575858995318,16640.55781364441,0.0,25.0,0.0,0.0,0.050000000000000044,1.6399070974439383,1.626503374427557,0.044679054291918874
double_centered_full_action_dqn,816,335,78.28744836896658,83.89298352606595,30.36707016080618,47.920378029346466,1.5165719017386436,16888.866470336914,0.0,22.0,0.0,0.0,0.050000000000000044,1.7422479167580605,1.728286910802126,0.04653670149855316
double_centered_full_action_dqn,816,336,87.57902230322361,84.25187835589051,29.97796329110861,57.60105876624584,1.530587320216,17118.90880203247,0.0,27.0,0.0,1.0,0.050000000000000044,1.6072159316390753,1.5920932944864035,0.05040878732688725
double_centered_full_action_dqn,816,337,90.73645264804364,84.4700107139349,30.730336226522923,60.006116369366644,1.4957645805552602,16926.08257293701,0.0,27.0,0.0,2.0,0.050000000000000044,1.4595156870782375,1.4460391141474247,0.044921881053596735
double_centered_full_action_dqn,816,338,86.45164561718703,83.82498520001771,30.00468362122774,56.44696184694767,1.4964120360091329,16378.407348632812,0.0,26.0,0.0,4.0,0.050000000000000044,1.642614796757698,1.6294552218168974,0.04386532446369529
double_centered_full_action_dqn,816,339,82.02376876175404,83.76716319315136,28.444588221609592,53.5791800558567,1.4853085279464722,15887.706855773926,0.0,25.0,0.0,1.0,0.050000000000000044,1.429943347349763,1.4173527155071497,0.041968728648498654
double_centered_full_action_dqn,816,340,76.0491087988019,83.6629190017283,28.79085548967123,47.25825351774692,1.481687618419528,16200.154495239258,0.0,21.0,0.0,2.0,0.050000000000000044,1.6995451282709837,1.6862048171460629,0.04446770343929529
double_centered_full_action_dqn,816,341,96.81182067096233,84.56752216860653,33.43731455504894,63.37450614571571,1.6109598269686103,18606.367630004883,0.0,29.0,0.0,1.0,0.050000000000000044,1.5985875576734543,1.5857246238738298,0.042876380728557706
double_centered_full_action_dqn,816,342,90.54533237367869,85.16662462219597,31.10647638142109,59.43885619342327,1.5392573093995452,17061.000114440918,0.0,26.0,0.0,2.0,0.050000000000000044,1.6277489941567183,1.6130340285599232,0.04904990829527378
double_centered_full_action_dqn,816,343,60.08951944112778,83.3728776486218,25.861041739583015,34.22847755253315,1.3950111893936992,14029.288970947266,0.0,17.0,0.0,0.0,0.050000000000000044,1.7744218744337559,1.7609808538109064,0.044803360709920526
double_centered_full_action_dqn,816,344,78.3684446901083,82.23577936008573,29.7412568628788,48.62718769311905,1.5027590468525887,16685.13856124878,0.0,24.0,0.0,1.0,0.050000000000000044,1.4964058306068182,1.483211375772953,0.04398148297332227
double_centered_full_action_dqn,816,345,89.7069928124547,82.46255428239705,31.069720163941383,58.637271389365196,1.5323453610762954,17561.21136856079,0.0,26.0,0.0,0.0,0.050000000000000044,1.6462370995432138,1.6333721373230219,0.04288318823091686
double_centered_full_action_dqn,816,346,93.83845500200987,82.5858247102797,31.084342159330845,62.75411224663257,1.5399532467126846,17270.986770629883,0.0,28.0,0.0,2.0,0.050000000000000044,1.684696540236473,1.6713689509779215,0.04442532267421484
double_centered_full_action_dqn,816,347,89.74949404001237,82.5430760113895,32.18404149264097,57.565452301502226,1.5949614783748984,18387.230506896973,0.0,26.0,0.0,1.0,0.050000000000000044,1.936559109017253,1.9221283961087465,0.04810239770449698
double_centered_full_action_dqn,816,348,92.28529150784016,82.30315726600587,31.599407345056534,60.68588460981846,1.5735449129715562,17856.356620788574,0.0,27.0,0.0,0.0,0.050000000000000044,1.9731466714292765,1.9589953385293484,0.047171101439744234
double_centered_full_action_dqn,816,349,84.50499457865953,83.62729803971948,29.830894142389297,54.67410001158714,1.4715563813224435,16289.190814971924,0.0,26.0,0.0,0.0,0.050000000000000044,1.6937260553240776,1.6792261488735676,0.048333050683140755
double_centered_full_action_dqn,816,350,88.05282574295998,85.05858093731106,31.18864743411541,56.864178800582884,1.5208746055141091,17415.71223449707,0.0,27.0,0.0,1.0,0.050000000000000044,1.6612069383263588,1.648425405845046,0.04260512953624129
double_centered_full_action_dqn,816,351,89.93620079159737,85.75310919255018,30.964108169078827,58.97209262251854,1.5644468730315566,17306.932163238525,0.0,28.0,0.0,1.0,0.050000000000000044,1.5892279092222452,1.577033156529069,0.040649179252795875
double_centered_full_action_dqn,816,352,89.19137880206108,85.66058481298388,30.975182384252548,58.2161965072155,1.5283493576571345,17633.771492004395,0.0,27.0,0.0,1.0,0.050000000000000044,1.5782440565526485,1.5652565397322178,0.04329174931626767
double_centered_full_action_dqn,816,353,73.19552400708199,85.087256186381,27.807760313153267,45.38776370882988,1.4530131397768855,15518.794101715088,0.0,21.0,0.0,2.0,0.050000000000000044,1.5358929429203272,1.5230809953063726,0.042706498759798706
double_centered_full_action_dqn,816,354,88.31127787530423,85.28574994169176,29.995975024998188,58.31530291736126,1.4594431277364492,16278.197525024414,0.0,26.0,0.0,1.0,0.050000000000000044,1.6811612471938133,1.6682489924132824,0.04304095427505672
double_centered_full_action_dqn,816,355,84.57343953996897,85.60004950024188,31.149904303252697,53.42353486418724,1.5418955124914646,17238.109048843384,0.0,25.0,0.0,2.0,0.050000000000000044,1.2642563600093126,1.251560678705573,0.042318945517763495
double_centered_full_action_dqn,816,356,47.426062831282614,83.59240152664484,21.89594580233097,25.53011686503887,1.3008158402517438,12269.111572265625,0.0,16.0,0.0,1.0,0.050000000000000044,1.746231485158205,1.7320719324052334,0.04719855007715523
double_centered_full_action_dqn,816,357,81.55163751542568,83.13316077001394,28.30706939101219,53.24456807971001,1.4741937769576907,15841.835079193115,0.0,24.0,0.0,2.0,0.050000000000000044,2.093776524066925,2.08225604146719,0.038401609752327204
double_centered_full_action_dqn,816,358,91.370998108387,83.37912839457394,32.05780893564224,59.31318908333778,1.5801481530070305,18024.749015808105,0.0,28.0,0.0,1.0,0.050000000000000044,1.4822989385575056,1.4679847434163094,0.04771389882080257
double_centered_full_action_dqn,816,359,83.50096448659897,83.45298818081619,30.642041571438313,52.85892250537872,1.5435786386951804,17814.633415222168,0.0,24.0,0.0,1.0,0.050000000000000044,2.016844391822815,2.003801042214036,0.04347782942932099
double_centered_full_action_dqn,816,360,76.11315035074949,83.45619025841356,29.44838470965624,46.66476547718048,1.4898783853277564,16206.27357673645,0.0,21.0,0.0,1.0,0.050000000000000044,1.5136139895766973,1.499866060912609,0.04582646628841758
double_centered_full_action_dqn,816,361,80.93284304440022,82.66224137708545,27.01976665854454,53.913076385855675,1.447113568894565,15258.729526519775,0.0,26.0,0.0,2.0,0.050000000000000044,1.8952540457248688,1.881908819079399,0.04448402673006058
double_centered_full_action_dqn,816,362,90.53898450732231,82.66192398376764,31.939712166786194,58.59927237033844,1.5706106321886182,18063.080474853516,0.0,26.0,0.0,0.0,0.050000000000000044,1.5890957526862621,1.575480878353119,0.04538289294578135
double_centered_full_action_dqn,816,363,79.28398141264915,83.6216470823437,28.13031980395317,51.153661996126175,1.4713116502389312,15891.535022735596,0.0,24.0,0.0,2.0,0.050000000000000044,1.6139969658106565,1.601154150441289,0.042809380451217294
double_centered_full_action_dqn,816,364,76.56222547739745,83.53133612170816,29.061843000352383,47.50038262605667,1.520423211157322,16566.259395599365,0.0,22.0,0.0,4.0,0.050000000000000044,1.8319094888865948,1.8196929041296244,0.040721919503994286
double_centered_full_action_dqn,816,365,70.45504667907953,82.5687388150394,26.446905560791492,44.008141088485715,1.4293591966852546,14492.617082595825,0.0,21.0,0.0,2.0,0.050000000000000044,2.0758883990347385,2.0639984533190727,0.039633118314668536
double_centered_full_action_dqn,816,366,74.72787807881832,81.61320996887983,27.72247863560915,47.00539971888065,1.4529316071420908,15489.154327392578,0.0,23.0,0.0,0.0,0.050000000000000044,1.5264134425669909,1.5137618761509657,0.04217189329210669
double_centered_full_action_dqn,816,367,88.6979163452983,81.56063108414412,29.2946195602417,59.403296740353106,1.4963246528059244,16720.791660308838,0.0,26.0,0.0,3.0,0.050000000000000044,1.5410164967179298,1.526465019211173,0.04850496654398739
double_centered_full_action_dqn,816,368,98.58242045044899,81.87548753127456,35.84388887882233,62.73853136301041,1.6309058777987957,19993.621631622314,0.0,26.0,0.0,3.0,0.050000000000000044,1.9027243331074715,1.8883999064564705,0.04774811118841171
double_centered_full_action_dqn,816,369,74.73609473705292,81.38704253919424,27.959878534078598,46.77621673941612,1.4540851963683963,15577.443172454834,0.0,22.0,0.0,3.0,0.050000000000000044,1.518926365301013,1.5036798231303692,0.050821774173527956
double_centered_full_action_dqn,816,370,69.97762757539749,80.48328263081612,26.42319019138813,43.554437413811684,1.438390951603651,14970.874488830566,0.0,21.0,0.0,0.0,0.050000000000000044,1.5553250294178724,1.5435693375766277,0.039185586269013584
double_centered_full_action_dqn,816,371,98.14005171656609,80.89347517706454,33.65963642299175,64.48041581511498,1.6276543708518147,19339.172996520996,0.0,28.0,0.0,2.0,0.050000000000000044,1.5804674234241247,1.5676023587584496,0.04288360080681741
double_centered_full_action_dqn,816,372,91.33881326764822,81.00084690034392,31.33153359591961,60.00727981328964,1.555251163430512,17581.356365203857,0.0,28.0,0.0,0.0,0.050000000000000044,1.634987773373723,1.6224521584808826,0.04178544436581433
double_centered_full_action_dqn,816,373,81.07411763221026,81.39477658160033,30.421448312699795,50.65266918540001,1.5125233139842749,16668.624355316162,0.0,23.0,0.0,1.0,0.050000000000000044,1.4175852965563536,1.404346913099289,0.04412795917596668
double_centered_full_action_dqn,816,374,81.49827640652657,81.05412650816145,27.999705910682678,53.498570495843886,1.4707393571734428,15590.149726867676,0.0,24.0,0.0,2.0,0.050000000000000044,1.393820334225893,1.3812151607125998,0.04201724496670067
double_centered_full_action_dqn,816,375,65.8523927628994,80.11807416930796,26.48112079501152,39.37127202749252,1.3859684700146317,14913.973026275635,0.0,20.0,0.0,1.0,0.050000000000000044,1.768968217074871,1.7535489574074745,0.051397544564679265
double_centered_full_action_dqn,816,376,97.74088974297047,82.63381551489235,32.24506576359272,65.49582403898239,1.5884985914453864,18120.126949310303,0.0,28.0,0.0,0.0,0.050000000000000044,1.52737295627594,1.513318032026291,0.04684968455694616
double_centered_full_action_dqn,816,377,66.84290347695351,81.89837881296874,25.837702602148056,41.0052006661892,1.4108670642599463,14403.085746765137,0.0,20.0,0.0,5.0,0.050000000000000044,1.9537890292704105,1.940519355237484,0.044232212589122355
double_centered_full_action_dqn,816,378,92.72897103577853,81.96627745933833,32.819043070077896,59.90992837548256,1.5755181796848774,18517.321487426758,0.0,26.0,0.0,1.0,0.050000000000000044,1.6883637197315693,1.6745004430413246,0.04621090181171894
double_centered_full_action_dqn,816,379,52.593345808982846,80.42089652545751,24.27520127594471,28.318144235014916,1.355317615903914,13409.30173110962,0.0,16.0,0.0,2.0,0.050000000000000044,1.7195022273808718,1.706052353605628,0.04483287059701979
double_centered_full_action_dqn,816,380,93.09793242812157,81.27013562932612,30.752926737070084,62.345005467534065,1.5687146931886673,17666.856952667236,0.0,27.0,0.0,1.0,0.050000000000000044,1.2160095144063234,1.2025639079511166,0.044818691443651915
double_centered_full_action_dqn,816,381,66.69990941882133,80.55848894804716,27.48868092894554,39.211228385567665,1.4674171209335327,15562.34005355835,0.0,20.0,0.0,0.0,0.050000000000000044,1.8268323931843042,1.8145506642758846,0.040939088561572134
double_centered_full_action_dqn,816,382,59.4609530121088,79.00458737328648,25.09549030661583,34.36546270549297,1.3812611643224955,14171.616687774658,0.0,19.0,0.0,0.0,0.050000000000000044,1.5862359311431646,1.574492882937193,0.03914339514449239
double_centered_full_action_dqn,816,383,83.30982791632414,79.20587969847024,30.37442374229431,52.935404509305954,1.498119380325079,16804.37862586975,0.0,24.0,0.0,0.0,0.050000000000000044,1.5751088298857212,1.5620622914284468,0.04348844010382891
double_centered_full_action_dqn,816,384,76.68316536545754,79.21192669287325,27.78977680206299,48.89338826537132,1.475428561680019,15461.731399536133,0.0,24.0,0.0,1.0,0.050000000000000044,1.6695469431579113,1.655884126201272,0.04554273094981909
double_centered_full_action_dqn,816,385,71.09361265599728,79.24385499171913,27.1071574985981,43.9864554554224,1.4120415216311812,14960.169050216675,0.0,23.0,0.0,1.0,0.050000000000000044,1.6795279402285814,1.6658125966787338,0.045717851258814335
double_centered_full_action_dqn,816,386,57.09585737586021,78.36225395657122,22.993738241493702,34.10211866497993,1.3359248880296946,12639.240077972412,0.0,18.0,0.0,1.0,0.050000000000000044,2.041878605261445,2.029358606785536,0.04173331509809941
double_centered_full_action_dqn,816,387,92.15753824412823,78.53523505151273,30.783926345407963,61.37361139953136,1.5374575220048428,17566.965171813965,0.0,28.0,0.0,1.0,0.050000000000000044,1.6206424161791801,1.608275217935443,0.041224052431061864
double_centered_full_action_dqn,816,388,71.04107107967138,77.15816758297385,27.850304804742336,43.19076657295227,1.4364772075787187,15131.339618682861,0.0,21.0,0.0,0.0,0.050000000000000044,1.5796197261661291,1.565914910286665,0.045682701747864485
double_centered_full_action_dqn,816,389,75.68529312610626,77.20562750242651,28.94000655412674,46.74528645277023,1.4821387911215425,16170.180679321289,0.0,23.0,0.0,3.0,0.050000000000000044,1.6683813780546188,1.656045513227582,0.04111954302061349
double_centered_full_action_dqn,816,390,71.3554840400815,77.27452032566072,27.317936562001705,44.03754788041115,1.445693051442504,15251.728218078613,0.0,22.0,0.0,1.0,0.050000000000000044,1.6844543125480413,1.6725105084478855,0.039812728529796004
double_centered_full_action_dqn,816,391,72.66113752126694,76.00057461589576,26.35815306007862,46.30298522114754,1.4270117012783885,14794.931476593018,0.0,23.0,0.0,0.0,0.050000000000000044,1.8778803646564484,1.8652811367064714,0.04199738265015185
double_centered_full_action_dqn,816,392,94.64067726731301,76.165667815879,32.62085136771202,62.01982613801956,1.558148386888206,18206.222660064697,0.0,27.0,0.0,1.0,0.050000000000000044,1.7484165653586388,1.7344459686428308,0.04656866239383817
double_centered_full_action_dqn,816,393,88.25579979270697,76.52475192390384,31.54709418118,56.70870526134968,1.5620475420728326,17897.963039398193,0.0,26.0,0.0,1.0,0.050000000000000044,1.708123965188861,1.6955631785094738,0.04186927014961839
double_centered_full_action_dqn,816,394,84.18956038355827,76.65931612275543,28.842768602073193,55.34679135680199,1.497151942923665,16138.21953201294,0.0,25.0,0.0,0.0,0.050000000000000044,1.9000603966414928,1.884459586814046,0.05200256174430251
double_centered_full_action_dqn,816,395,91.05316554158927,77.91935476168992,31.009654350578785,60.04351154863834,1.533118037506938,17449.082862854004,0.0,27.0,0.0,3.0,0.050000000000000044,2.710230477154255,2.6954970601946115,0.04911145498044789
double_centered_full_action_dqn,816,396,80.34791840016842,77.04970619454981,29.22009314596653,51.127825239300726,1.4913249891251326,16452.974475860596,0.0,24.0,0.0,1.0,0.050000000000000044,1.8757665771991014,1.8614459484815598,0.04773551179096103
double_centered_full_action_dqn,816,397,95.92958154678345,78.50404009804132,32.23525606095791,63.69432535171509,1.5906824618577957,18453.658836364746,0.0,28.0,0.0,2.0,0.050000000000000044,1.9655698984861374,1.9526439756155014,0.043086396530270576
double_centered_full_action_dqn,816,398,95.01629171520472,78.61840613201262,34.03287648409605,60.98341478407383,1.6206026878207922,19258.165424346924,0.0,28.0,0.0,0.0,0.050000000000000044,1.7379092052578926,1.7252649702131748,0.0421474581817165
double_centered_full_action_dqn,816,399,71.28562757372856,79.5530202202499,27.03272631019354,44.252901300787926,1.4295563036575913,15389.136661529541,0.0,23.0,0.0,0.0,0.050000000000000044,1.814289927482605,1.8022567704319954,0.04011049342807382
double_centered_full_action_dqn,816,400,73.9499349668622,78.59562034718692,28.9282763376832,45.021658822894096,1.5101258102804422,16241.568767547607,0.0,22.0,0.0,1.0,0.050000000000000044,1.560705754905939,1.548640275374055,0.04021828365512192
double_centered_full_action_dqn,816,401,85.9479249432683,79.55802112340928,27.95789025723934,57.99003435075283,1.4981702016666532,16005.362636566162,0.0,27.0,0.0,2.0,0.050000000000000044,1.6365931276232004,1.6244179140776396,0.04058403754606843
double_centered_full_action_dqn,816,402,85.00545725226402,80.83524633541704,29.224308110773563,55.781149446964264,1.500096975825727,16315.491870880127,0.0,25.0,0.0,0.0,0.050000000000000044,2.0082238018512726,1.9938418120145798,0.04794000799302012
double_centered_full_action_dqn,816,403,73.63353362083436,80.35143162064256,27.742724634706974,45.8908085167408,1.4516751170158386,15453.465152740479,0.0,21.0,0.0,3.0,0.050000000000000044,1.7573817893862724,1.7448237389326096,0.04186016879975796
double_centered_full_action_dqn,816,404,87.11925473958254,80.87323608934881,30.730395518243313,56.38885862529278,1.509556700475514,17017.717765808105,0.0,26.0,0.0,1.0,0.050000000000000044,1.4897246826440096,1.4774942975491285,0.04076796968001872
double_centered_full_action_dqn,816,405,75.12654073536396,81.07488249331713,28.19200875610113,46.93453162908554,1.439691910520196,15737.1044921875,0.0,22.0,0.0,0.0,0.050000000000000044,1.6380364652723074,1.6245932932943106,0.04481058137025684
double_centered_full_action_dqn,816,406,76.63639153540134,82.0519092012942,27.992307275533676,48.64408391714096,1.4579556602984667,15440.448699951172,0.0,23.0,0.0,0.0,0.050000000000000044,1.5701485518366098,1.5561077818274498,0.04680257313884795
double_centered_full_action_dqn,816,407,99.41499278098345,82.41478192813695,32.72753486037254,66.68745883703232,1.5841447412967682,18456.457553863525,0.0,29.0,0.0,1.0,0.050000000000000044,1.6053360793739557,1.593098135665059,0.04079311108216643
double_centered_full_action_dqn,816,408,70.04866606742144,82.36516167752445,26.87279861420393,43.17586746811867,1.4330660980194807,14686.787971496582,0.0,20.0,0.0,0.0,0.050000000000000044,1.6299092024564743,1.6152248866856098,0.048947707284241915
double_centered_full_action_dqn,816,409,104.96191307902336,83.82899267517031,34.76811231672764,70.19380031526089,1.6131975818425417,19468.2830657959,0.0,31.0,0.0,2.0,0.050000000000000044,1.4739494565874338,1.4592698719352484,0.048932021483778954
double_centered_full_action_dqn,816,410,82.91410255432129,84.4069236008823,27.966654293239117,54.94744849205017,1.4482911033555865,15943.37075805664,0.0,27.0,0.0,0.0,0.050000000000000044,1.720631429925561,1.7077172752469778,0.04304711800068617
double_centered_full_action_dqn,816,411,71.24632462263108,84.3361829559505,28.119447119534016,43.126877599954604,1.4288665605708957,15481.623943328857,0.0,22.0,0.0,2.0,0.050000000000000044,1.849146081134677,1.8362110238522291,0.04311680980026722
double_centered_full_action_dqn,816,412,69.77235937863588,83.09276706151664,26.92320730537176,42.84915192425251,1.4262253604829311,15198.511821746826,0.0,22.0,0.0,2.0,0.050000000000000044,1.4676141683012247,1.4530135989189148,0.04866859083995223
double_centered_full_action_dqn,816,413,72.79891538247466,82.31992284100502,27.188858818262815,45.610056325793266,1.4423544416204095,15392.183540344238,0.0,23.0,0.0,2.0,0.050000000000000044,2.384684197604656,2.3706715553998947,0.046708780573681
double_centered_full_action_dqn,816,414,69.50175136625766,81.58553239014,27.67731811851263,41.82443271875381,1.4435188425704837,15869.468479156494,0.0,20.0,0.0,3.0,0.050000000000000044,2.2982592061161995,2.2849576100707054,0.04433861142024398
double_centered_full_action_dqn,816,415,74.57165896296502,80.7614570612088,27.736603617668152,46.83505550920963,1.4729300774633884,15585.894298553467,0.0,21.0,0.0,1.0,0.050000000000000044,1.4623941592872143,1.4482681639492512,0.04708669753745198
double_centered_full_action_dqn,816,416,92.20213434994221,81.35416785869748,32.72178575396538,59.48034874498844,1.6027356227859855,18481.184204101562,0.0,27.0,0.0,1.0,0.050000000000000044,1.418147686868906,1.403232615441084,0.04971694038249552
double_centered_full_action_dqn,816,417,75.59124004095793,80.3372507834062,27.625520639121532,47.96571969985962,1.4632620299234986,15294.991542816162,0.0,24.0,0.0,0.0,0.050000000000000044,1.8155504781752825,1.8016992844641209,0.04617067507933825
double_centered_full_action_dqn,816,418,79.71255985051394,79.57206419017167,29.810801170766354,49.90175845623016,1.4989303313195705,16428.870336532593,0.0,23.0,0.0,1.0,0.050000000000000044,1.95662172883749,1.9433176442980766,0.04434695478994399
double_centered_full_action_dqn,816,419,67.56008788198233,79.38578720558436,27.35491392761469,40.20517395436764,1.4082029378041625,15012.538661956787,0.0,21.0,0.0,1.0,0.050000000000000044,1.9851268865168095,1.970627697184682,0.04833060340024531
double_centered_full_action_dqn,816,420,86.24901668727398,80.00074129160494,31.192235708236694,55.05678106844425,1.5854546474292874,17752.84156036377,0.0,25.0,0.0,3.0,0.050000000000000044,1.4483307767659426,1.4344122726470232,0.04639503522776067
double_centered_full_action_dqn,816,421,83.9166272431612,79.8991764065996,30.73266401141882,53.18396329879761,1.530716821551323,16859.199426651,0.0,25.0,0.0,1.0,0.050000000000000044,2.0042969658970833,1.9920293539762497,0.040892098913900554
double_centered_full_action_dqn,816,422,71.81134270131588,79.23947067905218,27.608619391918182,44.202723652124405,1.4940303014591336,16094.26598739624,0.0,22.0,0.0,1.0,0.050000000000000044,1.6164206471294165,1.6029784474521875,0.04480725817847997
double_centered_full_action_dqn,816,423,80.40327828526497,79.57795791227372,29.938305243849754,50.46497299671173,1.5338738253340125,17053.27980041504,0.0,24.0,0.0,1.0,0.050000000000000044,1.5835864041000605,1.570740059018135,0.04282115795649588
double_centered_full_action_dqn,816,424,79.30404241532088,79.18719729606063,29.87632530927658,49.42771706879139,1.5046054143458605,17175.858684539795,0.0,24.0,0.0,2.0,0.050000000000000044,1.5836697034537792,1.5712230242788792,0.04148896597325802
double_centered_full_action_dqn,816,425,83.92666027843953,79.6272032732144,29.400944992899895,54.52571497261524,1.5056606624275446,16871.7342338562,0.0,26.0,0.0,2.0,0.050000000000000044,1.4046765696257353,1.3922622501850128,0.04138106445316225
double_centered_full_action_dqn,816,426,80.02807410806417,79.79678740184757,30.043339431285858,49.98473447561264,1.495535989291966,16648.308208465576,0.0,23.0,0.0,2.0,0.050000000000000044,1.4716557543724775,1.456499231979251,0.05052175046876073
double_centered_full_action_dqn,816,427,84.22028578817844,79.03705205220732,30.203960582613945,54.01632538437843,1.5337142460048199,17230.60622406006,0.0,26.0,0.0,1.0,0.050000000000000044,1.845344465225935,1.8321330659091473,0.04403802927117795
double_centered_full_action_dqn,816,428,65.94279425740243,78.83175846170636,26.29501586407423,39.647778475284575,1.3949619308114052,14371.095191955566,0.0,21.0,0.0,1.0,0.050000000000000044,1.9944226294755936,1.9813384134322405,0.04361406445968896
double_centered_full_action_dqn,816,429,81.65002557188272,77.66616408634931,30.652401953935623,50.99762361049652,1.5205484041944146,17282.47646713257,0.0,24.0,0.0,2.0,0.050000000000000044,1.380926651880145,1.36799481138587,0.043106208089739084
double_centered_full_action_dqn,816,430,75.49359024465085,77.2951384708658,29.92994051426649,45.56364997625351,1.4953776895999908,16649.136596679688,0.0,24.0,0.0,1.0,0.050000000000000044,1.9824136197566986,1.969720996916294,0.042308762087486684
double_centered_full_action_dqn,816,431,79.18999975323678,77.69232222739609,28.32655456662178,50.863445261120795,1.4714756831526756,16095.566200256348,0.0,23.0,0.0,2.0,0.050000000000000044,1.6206577122211456,1.6065631620585918,0.046981784515082836
double_centered_full_action_dqn,816,432,83.01773731410503,78.35459112416954,27.87343143671751,55.14430595934391,1.4426581785082817,15664.034832000732,0.0,25.0,0.0,0.0,0.050000000000000044,2.057404801249504,2.043424427509308,0.046601161593571305
double_centered_full_action_dqn,816,433,70.82559035718441,78.25592487290503,25.383032634854317,45.442557871341705,1.4057928323745728,14452.250705718994,0.0,23.0,0.0,1.0,0.050000000000000044,2.2089700177311897,2.195328438654542,0.045471925172023475
double_centered_full_action_dqn,816,434,92.17121898382902,79.38939825378358,32.447639994323254,59.72357952594757,1.5939236488193274,18291.73742866516,0.0,27.0,0.0,1.0,0.050000000000000044,1.517886783927679,1.5061518289148808,0.039116527419537306
double_centered_full_action_dqn,816,435,77.11455331891776,79.51654297158123,28.72714401781559,48.38740942776203,1.4816055912524462,16229.39058303833,0.0,25.0,0.0,1.0,0.050000000000000044,2.1186870709061623,2.10645099170506,0.04078687366563827
double_centered_full_action_dqn,816,436,86.26743869632483,79.21980818890037,30.341355301439762,55.92608297765255,1.5295370053499937,17447.611541748047,0.0,26.0,0.0,2.0,0.050000000000000044,1.5841419287025928,1.5713339820504189,0.0426931434776634
double_centered_full_action_dqn,816,437,69.73092745244503,78.9267925594747,27.34559676796198,42.38533081114292,1.441057337448001,15552.994037628174,0.0,22.0,0.0,0.0,0.050000000000000044,1.4029165878891945,1.389097236096859,0.046064506052061915
double_centered_full_action_dqn,816,438,90.26930294930935,79.4546297144145,30.649581775069237,59.61972138285637,1.5466061290353537,17302.9886302948,0.0,28.0,0.0,1.0,0.050000000000000044,1.8185251001268625,1.8054436277598143,0.04360487195663154
double_centered_full_action_dqn,816,439,94.47500505447388,80.80037557303908,33.444964833557606,61.03004037737846,1.612603796645999,18974.900928497314,0.0,26.0,0.0,1.0,0.050000000000000044,1.6696102134883404,1.6566492598503828,0.04320309474132955
double_centered_full_action_dqn,816,440,83.02479826211929,80.63916465178133,28.390970438718796,54.63382740616798,1.4865360353142023,16286.889572143555,0.0,24.0,0.0,2.0,0.050000000000000044,1.8458032254129648,1.8330022040754557,0.042670013615861535
double_centered_full_action_dqn,816,441,51.33210736960173,79.00993865810335,23.576864905655384,27.755242747068404,1.3271432528272271,13015.308044433594,0.0,16.0,0.0,3.0,0.050000000000000044,1.8782024383544922,1.8642744980752468,0.04642639309167862
double_centered_full_action_dqn,816,442,92.30245602875948,80.03449432447553,32.233249358832836,60.06920649111271,1.5586583819240332,17832.980224609375,0.0,27.0,0.0,0.0,0.050000000000000044,1.8334980960935354,1.82061648927629,0.04293862998019904
double_centered_full_action_dqn,816,443,96.40972747653723,80.83481678403913,30.85783625394106,65.55189085006714,1.5699579874053597,17644.384651184082,0.0,31.0,0.0,1.0,0.050000000000000044,1.849520755931735,1.8362886346876621,0.0441070927772671
double_centered_full_action_dqn,816,444,86.62601237148047,81.20091528184713,30.25455693155527,56.37145552933216,1.5167422350496054,17040.788864135742,0.0,28.0,0.0,1.0,0.050000000000000044,1.8046323601156473,1.7914753444492817,0.04385665548034012
double_centered_full_action_dqn,816,445,74.10830987393857,80.70999776162208,27.569872990250587,46.538436555862425,1.4418812096118927,15563.571403503418,0.0,25.0,0.0,2.0,0.050000000000000044,1.7057330403476954,1.6939467936754227,0.03928756492678076
double_centered_full_action_dqn,816,446,75.10739419013262,80.46396376572551,26.657564371824265,48.44982988536358,1.4319125255569816,15021.53736114502,0.0,24.0,0.0,1.0,0.050000000000000044,1.6170229371637106,1.6019817683845758,0.05013728537596762
double_centered_full_action_dqn,816,447,76.4739837795496,80.07664866529407,28.75611360371113,47.717870593070984,1.4715243550017476,16295.6923828125,0.0,24.0,0.0,0.0,0.050000000000000044,1.6446619648486376,1.6329411081969738,0.03906950855161995
double_centered_full_action_dqn,816,448,69.91761282235385,80.27538959354165,27.706716887652874,42.21089603900909,1.4295394029468298,15648.998100280762,0.0,21.0,0.0,1.0,0.050000000000000044,1.6321636959910393,1.617713414132595,0.04816756397485733
double_centered_full_action_dqn,816,449,75.4881805419922,79.96729734204712,28.515435084700584,46.97274582982063,1.4887448688969016,16130.387329101562,0.0,22.0,0.0,1.0,0.050000000000000044,1.5745793171226978,1.5608627647161484,0.04572187294252217
double_centered_full_action_dqn,816,450,87.08000735193491,80.5466181974113,30.906353630125523,56.17365372180939,1.5285190250724554,17133.524181365967,0.0,25.0,0.0,0.0,0.050000000000000044,1.9246132150292397,1.912030765786767,0.04194150946568698
double_centered_full_action_dqn,816,451,80.93501507639886,80.63386896356943,30.08404965698719,50.85096580684185,1.5430623507127166,17089.883464813232,0.0,23.0,0.0,1.0,0.050000000000000044,1.6634262930601835,1.6488273590803146,0.04866308788768947
double_centered_full_action_dqn,816,452,65.96827116012574,79.78139565587045,26.4299436211586,39.53832715153694,1.3930853372439742,14716.401058197021,0.0,20.0,0.0,1.0,0.050000000000000044,1.6682855542749166,1.6546024549752474,0.04561036825180054
double_centered_full_action_dqn,816,453,87.92418801039457,80.63632553853095,30.090873576700687,57.83331471681595,1.5512463264167309,17716.914218902588,0.0,25.0,0.0,0.0,0.050000000000000044,1.7419108711183071,1.72777646407485,0.04711466818116605
double_centered_full_action_dqn,816,454,92.95618775486946,80.67557397708298,31.8529185205698,61.10326857864857,1.5786863388493657,18016.77977371216,0.0,27.0,0.0,0.0,0.050000000000000044,1.8685467392206192,1.8546105027198792,0.0464541248511523
double_centered_full_action_dqn,816,455,64.36407883018255,80.03805025264622,25.30066556483507,39.06341341435909,1.390749047510326,14400.454620361328,0.0,20.0,0.0,4.0,0.050000000000000044,2.0925901643931866,2.078195545822382,0.04798201750963926
double_centered_full_action_dqn,816,456,83.77238124608994,79.91329738013448,30.44421909749508,53.328162372112274,1.521618563681841,17044.491916656494,0.0,24.0,0.0,0.0,0.050000000000000044,2.0271394811570644,2.0137963090091944,0.04447724181227386
double_centered_full_action_dqn,816,457,88.62879626452923,80.85819082073867,31.029885679483414,57.598910480737686,1.5012734159827232,17014.27902984619,0.0,27.0,0.0,0.0,0.050000000000000044,1.9700627475976944,1.9559910148382187,0.04690569965168834
double_centered_full_action_dqn,816,458,77.13628685474396,80.2015400160104,27.817412428557873,49.31887458264828,1.5110805332660675,16365.706415176392,0.0,24.0,0.0,2.0,0.050000000000000044,1.8734305948019028,1.8588206321001053,0.04869988583959639
double_centered_full_action_dqn,816,459,77.44029758274556,79.349804642424,30.640692681074142,46.799604856967925,1.485253513790667,16995.331798553467,0.0,24.0,0.0,1.0,0.050000000000000044,1.7248557563871145,1.7104850746691227,0.04790231364313513
double_centered_full_action_dqn,816,460,83.46363635510207,79.37174654707314,28.455326549708843,55.00830919444561,1.480552451685071,16024.52305984497,0.0,26.0,0.0,2.0,0.050000000000000044,1.7773819267749786,1.7621345985680819,0.05082440795376897
double_centered_full_action_dqn,816,461,81.59829469025135,80.88505591310562,29.214552864432335,52.38374209403992,1.529799472540617,16957.702089309692,0.0,24.0,0.0,0.0,0.050000000000000044,1.5467880945652723,1.5346054956316948,0.040608622366562486
double_centered_full_action_dqn,816,462,73.94353514164686,79.96710986874999,28.000885352492332,45.94264981150627,1.4538760436698794,15392.49447631836,0.0,24.0,0.0,0.0,0.050000000000000044,1.6963605154305696,1.682758491486311,0.04534006817266345
double_centered_full_action_dqn,816,463,73.51833166182041,78.82254007801414,27.128640457987785,46.38969108462334,1.4548912718892097,15422.622905731201,0.0,23.0,0.0,0.0,0.050000000000000044,1.8244287576526403,1.8109739236533642,0.044849479803815484
double_centered_full_action_dqn,816,464,87.67339079082012,78.87490899898111,31.993497826159,55.67989335954189,1.5490299919620156,18166.646549224854,0.0,26.0,0.0,0.0,0.050000000000000044,1.562449287623167,1.5485352762043476,0.04638002649880946
double_centered_full_action_dqn,816,465,46.034638307988644,77.47122542068362,22.07696972042322,23.95766854286194,1.3080181032419205,12752.91913986206,0.0,14.0,0.0,1.0,0.050000000000000044,1.8007265366613865,1.7881708815693855,0.041852147900499403
double_centered_full_action_dqn,816,466,80.03330856561661,77.71752113945783,29.829245805740356,50.20406259596348,1.4962900709360838,16765.62073135376,0.0,25.0,0.0,1.0,0.050000000000000044,1.8395974040031433,1.8269999586045742,0.04199137515388429
double_centered_full_action_dqn,816,467,88.32926966547966,78.31028543375433,30.798239395022392,57.53103073239326,1.522928192280233,17283.15676498413,0.0,26.0,0.0,4.0,0.050000000000000044,1.7677677646279335,1.754964953288436,0.042675965814851224
double_centered_full_action_dqn,816,468,94.37965268194675,79.53338742673397,32.859103575348854,61.52054867446422,1.603639873676002,18897.16534423828,0.0,29.0,0.0,2.0,0.050000000000000044,1.6557742860168219,1.6421224754303694,0.045506035909056664
double_centered_full_action_dqn,816,469,72.03721418976784,79.36083910912275,28.3561971783638,43.68101781606674,1.4719889014959335,16316.973056793213,0.0,22.0,0.0,0.0,0.050000000000000044,1.8824481721967459,1.866993274539709,0.051516272127628326
double_centered_full_action_dqn,816,470,76.90680940449238,78.85217921175062,27.974253945052624,48.932555347681046,1.4537114687263966,15877.34672164917,0.0,23.0,0.0,1.0,0.050000000000000044,1.8616583235561848,1.8468529097735882,0.04935136821586639
double_centered_full_action_dqn,816,471,92.57376465201378,79.43411669053138,32.97863718867302,59.59512707591057,1.6115657975897193,18785.180463790894,0.0,26.0,0.0,1.0,0.050000000000000044,1.6520829815417528,1.6370472311973572,0.050119170220568776
double_centered_full_action_dqn,816,472,70.18927108943463,79.64516668699682,26.787135757505894,43.402134728431705,1.4243515636771917,15077.048648834229,0.0,20.0,0.0,3.0,0.050000000000000044,1.6677160188555717,1.6539705004543066,0.04581845225766301
double_centered_full_action_dqn,816,473,80.7443140745163,79.2861729902029,28.574297480285168,52.17001739144325,1.4861741214990616,15873.42310333252,0.0,24.0,0.0,1.0,0.050000000000000044,1.5491799525916576,1.5343311987817287,0.04949582228437066
double_centered_full_action_dqn,816,474,78.09444761276245,78.54308598309754,27.60355234146118,50.49089515209198,1.4739187862724066,15769.566947937012,0.0,23.0,0.0,0.0,0.050000000000000044,1.8207067102193832,1.8078599032014608,0.0428226632066071
double_centered_full_action_dqn,816,475,82.16990657150745,79.43337737016381,27.469393454492092,54.700513139367104,1.4429886750876904,15623.829597473145,0.0,25.0,0.0,1.0,0.050000000000000044,1.5539413336664438,1.541277615353465,0.0422123585594818
double_centered_full_action_dqn,816,476,91.15829369425774,79.80267299257218,31.132419660687447,60.025874093174934,1.5421563079580665,17505.28430557251,0.0,26.0,0.0,1.0,0.050000000000000044,1.5846332535147667,1.5716365166008472,0.04332243464887142
double_centered_full_action_dqn,816,477,84.48277510106564,79.59537193439901,29.322877645492554,55.159896904230116,1.5063953679054976,16505.60725402832,0.0,25.0,0.0,2.0,0.050000000000000044,1.9323131497949362,1.9179619774222374,0.047837159829214215
double_centered_full_action_dqn,816,478,81.69438670575619,79.82327692694962,30.005301892757416,51.689084589481354,1.526437446475029,17075.37670135498,0.0,23.0,0.0,0.0,0.050000000000000044,2.0067498963326216,1.9921470936387777,0.04867602023296058
double_centered_full_action_dqn,816,479,79.56661522388458,79.92959280900658,27.663275629281998,51.903339475393295,1.4754716232419014,15895.59056854248,0.0,23.0,0.0,0.0,0.050000000000000044,1.4654033612459898,1.4499867856502533,0.051388532621786
double_centered_full_action_dqn,816,480,71.75515485405921,79.34416873395443,26.895496517419815,44.85965848565102,1.4479637360200286,15249.854152679443,0.0,22.0,0.0,4.0,0.050000000000000044,1.7982227131724358,1.7835043035447598,0.049061376485042274
double_centered_full_action_dqn,816,481,70.10518470555544,78.76951323471964,26.255971170961857,43.84921380281448,1.4505383893847466,15314.103950500488,0.0,21.0,0.0,1.0,0.050000000000000044,1.6190933790057898,1.6058756802231073,0.04405900195706636
double_centered_full_action_dqn,816,482,77.15753562152386,78.9302132587135,27.22847478836775,49.92906063199043,1.4202626617625356,15215.805416107178,0.0,25.0,0.0,1.0,0.050000000000000044,1.7390369456261396,1.7262498680502176,0.04262356855906546
double_centered_full_action_dqn,816,483,64.39106695652008,78.47385002344848,26.178766526281834,38.212300080060956,1.3876673262566328,14643.238136291504,0.0,20.0,0.0,3.0,0.050000000000000044,1.9092935808002949,1.8956897519528866,0.04534608009271324
double_centered_full_action_dqn,816,484,82.63244104534388,78.22180253617468,29.230938114225864,53.401502603292464,1.5292873745784163,16965.505226135254,0.0,23.0,0.0,2.0,0.050000000000000044,2.1370786614716053,2.121639661490917,0.05146333738230169
double_centered_full_action_dqn,816,485,76.87711623311043,79.76392643243075,28.736433811485767,48.140682592988014,1.4546904750168324,15726.844360351562,0.0,23.0,0.0,0.0,0.050000000000000044,2.0151775013655424,2.0005211364477873,0.04885449795983732
double_centered_full_action_dqn,816,486,82.79034266620874,79.90177813746035,29.685412727296352,53.10493007302284,1.5278187533840537,16756.332313537598,0.0,24.0,0.0,1.0,0.050000000000000044,1.5553806312382221,1.5420574881136417,0.04441046935971826
double_centered_full_action_dqn,816,487,76.24338509142399,79.29748390875758,27.435274854302406,48.80810981988907,1.460751191712916,15836.433237075806,0.0,23.0,0.0,1.0,0.050000000000000044,2.1157354675233364,2.1017485354095697,0.046623070957139134
double_centered_full_action_dqn,816,488,74.53989924490452,78.30549623690546,26.629969336092472,47.909929767251015,1.418125961907208,14923.120704650879,0.0,24.0,0.0,0.0,0.050000000000000044,2.4673700854182243,2.453113876283169,0.04752069734968245
double_centered_full_action_dqn,816,489,86.27548837065697,79.01740994594992,29.299065619707108,56.97642251253128,1.4995777597650886,16396.113414764404,0.0,24.0,0.0,1.0,0.050000000000000044,2.0812098812311888,2.066636858507991,0.048576704459264874
double_centered_full_action_dqn,816,490,81.23030394464732,79.23358467295768,27.73308914899826,53.49721478819847,1.4643017323687673,15782.409259796143,0.0,25.0,0.0,2.0,0.050000000000000044,1.9219031501561403,1.90941346809268,0.04163230978883803
double_centered_full_action_dqn,816,491,77.91444151103497,78.50061851590873,28.162751115858555,49.751690566539764,1.4853745428845286,16060.108291625977,0.0,24.0,0.0,1.0,0.050000000000000044,1.8327283505350351,1.8174795638769865,0.050829336512833834
double_centered_full_action_dqn,816,492,72.4847396761179,78.61539194524289,27.750330239534378,44.7344094067812,1.4398316573351622,15618.182151794434,0.0,22.0,0.0,1.0,0.050000000000000044,1.5459844060242176,1.531034953892231,0.04983148642349988
double_centered_full_action_dqn,816,493,69.44854923337698,78.05060370318593,26.85874282568693,42.58980678021908,1.4417716702446342,15230.91696548462,0.0,23.0,0.0,0.0,0.050000000000000044,1.5351967569440603,1.5221802666783333,0.043388339690864086
double_centered_full_action_dqn,816,494,81.40026769787073,78.21589470744134,29.961547501385212,51.43872019648552,1.5159265594556928,16679.107807159424,0.0,24.0,0.0,0.0,0.050000000000000044,1.8325719516724348,1.8177434019744396,0.049428496742621064
double_centered_full_action_dqn,816,495,78.55807586014271,78.0353031718731,29.157264426350594,49.40081125497818,1.489907294511795,16320.383304595947,0.0,24.0,0.0,1.0,0.050000000000000044,2.0161802358925343,2.0032481849193573,0.04310691310092807
double_centered_full_action_dqn,816,496,75.6370284497738,77.25923990964891,27.426407992839813,48.21062027812004,1.439646176993847,15451.317916870117,0.0,22.0,0.0,3.0,0.050000000000000044,1.9967904463410378,1.9827718175947666,0.04672876815311611
double_centered_full_action_dqn,816,497,57.5712451338768,75.91366341128946,25.860951080918312,31.710293650627136,1.3843791484832764,14159.576244354248,0.0,16.0,0.0,0.0,0.050000000000000044,1.6273983977735043,1.61002953723073,0.0578961546998471
double_centered_full_action_dqn,816,498,86.55774768441916,76.1568314602226,29.464678652584553,57.093068957328796,1.5170605648308992,17015.99704360962,0.0,25.0,0.0,0.0,0.050000000000000044,1.7015252448618412,1.688025752082467,0.04499833984300494
double_centered_full_action_dqn,816,499,90.18261297941208,76.68763134799899,30.786358647048473,59.39625462293625,1.5319466516375542,17061.548973083496,0.0,26.0,0.0,1.0,0.050000000000000044,2.2939875312149525,2.28101041354239,0.04325694474391639
double_centered_full_action_dqn,816,500,81.15396313518286,77.15757176205517,28.54752131551504,52.60644174516201,1.47529243119061,16081.317737579346,0.0,22.0,0.0,1.0,0.050000000000000044,2.0256451703608036,2.01157633215189,0.04689611564390361
double_centered_full_action_dqn,816,501,75.17694311887026,77.4111596827209,27.555505134165287,47.6214381635189,1.4575688540935516,15719.553033828735,0.0,24.0,0.0,3.0,0.050000000000000044,2.1068212185055017,2.090015536174178,0.05601884284988046
double_centered_full_action_dqn,816,502,65.60885452479124,76.83372562788428,25.499765053391457,40.10908950865269,1.4049752103164792,14250.067958831787,0.0,20.0,0.0,0.0,0.050000000000000044,1.8687100317329168,1.8544062543660402,0.04767932812683284
double_centered_full_action_dqn,816,503,80.5607663795352,77.64221059903502,28.89833214879036,51.66243414878845,1.4807999394834042,16047.444900512695,0.0,24.0,0.0,2.0,0.050000000000000044,1.9270441252738237,1.913848415017128,0.04398567939642817
double_centered_full_action_dqn,816,504,84.25268188863993,77.72322264119983,30.357706286013126,53.89497607946396,1.5201691128313541,17263.751720428467,0.0,24.0,0.0,0.0,0.050000000000000044,1.4733499698340893,1.4588489700108767,0.04833668889477849
double_centered_full_action_dqn,816,505,73.20273887515069,77.53950377330185,26.981205254793167,46.221533665060996,1.4494640044867992,15921.800350189209,0.0,21.0,0.0,1.0,0.050000000000000044,2.1683121658861637,2.1544455885887146,0.04622194985859096
double_centered_full_action_dqn,816,506,98.59172092527152,78.32957268625499,33.02927029877901,65.56245140135289,1.5929716471582651,18907.17293739319,0.0,28.0,0.0,3.0,0.050000000000000044,1.8931486904621124,1.8788855709135532,0.0475437194108963
double_centered_full_action_dqn,816,507,74.98418980240822,78.2666129218042,27.4145977050066,47.56959239542484,1.4480955954641104,15556.173763275146,0.0,23.0,0.0,1.0,0.050000000000000044,1.79117776080966,1.7773428577929735,0.046116332057863474
double_centered_full_action_dqn,816,508,79.46718456745148,78.51297718793155,29.05124308168888,50.41594121754169,1.470764840953052,16137.188442230225,0.0,23.0,0.0,1.0,0.050000000000000044,2.0534849986433983,2.039973169565201,0.045039392774924636
double_centered_full_action_dqn,816,509,75.27486211061478,77.96294587492943,27.392406180500984,47.88245631754398,1.4334020065143704,15527.625579833984,0.0,23.0,0.0,0.0,0.050000000000000044,2.155075764283538,2.1413631290197372,0.0457087317481637
double_centered_full_action_dqn,816,510,76.43052780181169,77.72295706778765,26.206457637250423,50.22407006025314,1.4446895075961947,15352.663124084473,0.0,23.0,0.0,4.0,0.050000000000000044,2.1734064016491175,2.160017352551222,0.04463018546812236
double_centered_full_action_dqn,816,511,51.058901242911816,76.3801800543815,23.188253343105316,27.870648086071014,1.329517531208694,13084.113634109497,0.0,16.0,0.0,0.0,0.050000000000000044,1.8170086797326803,1.8030882123857737,0.04640156356617808
double_centered_full_action_dqn,816,512,86.56490551829339,77.08418834649027,27.4284535497427,59.13645205795765,1.518937774002552,16260.500244140625,0.0,28.0,0.0,1.0,0.050000000000000044,1.9316498432308435,1.9181707296520472,0.04493034188635647
double_centered_full_action_dqn,816,513,68.3396321490407,77.02874249227345,25.05549855530262,43.28413386940956,1.3918629521504045,14225.848211288452,0.0,22.0,0.0,2.0,0.050000000000000044,1.802540061995387,1.787297373637557,0.050808952655643225
double_centered_full_action_dqn,816,514,83.11673150360585,77.11456568256021,28.550723798573017,54.56600775718689,1.4981522960588336,16640.853912353516,0.0,26.0,0.0,1.0,0.050000000000000044,1.5195434596389532,1.5038058254867792,0.05245881248265505
double_centered_full_action_dqn,816,515,78.21054043769837,77.097188911438,27.692646101117134,50.51789394915104,1.4669490419328213,16253.732330322266,0.0,24.0,0.0,2.0,0.050000000000000044,1.943118767812848,1.9301463030278683,0.043241541483439505
double_centered_full_action_dqn,816,516,91.8759975284338,77.90913736537101,30.986967630684376,60.88902959227562,1.5403917962685227,17264.568868637085,0.0,29.0,0.0,0.0,0.050000000000000044,2.1606624238193035,2.1473291348665953,0.044444234343245625
double_centered_full_action_dqn,816,517,83.18177261948586,79.18966373965145,28.279708348214626,54.90206417441368,1.4786590756848454,15914.917503356934,0.0,25.0,0.0,2.0,0.050000000000000044,1.8842090908437967,1.8702725227922201,0.046455205883830786
double_centered_full_action_dqn,816,518,84.09915098696948,79.06673390477897,29.38009435683489,54.71905701756477,1.5056520188227296,16324.13540649414,0.0,26.0,0.0,1.0,0.050000000000000044,1.7264629434794188,1.7122750226408243,0.04729307349771261
double_centered_full_action_dqn,816,519,85.76095356941224,78.84565093427898,30.929623290896416,54.83133048713207,1.5697608813643456,17965.912994384766,0.0,26.0,0.0,2.0,0.050000000000000044,1.7740830108523369,1.7610553056001663,0.04342564579565078
double_centered_full_action_dqn,816,520,99.8664912223816,79.78127733863892,32.30897559970617,67.55751619637013,1.5679558012634516,18291.59369277954,0.0,30.0,0.0,1.0,0.050000000000000044,1.5634929221123457,1.549578558653593,0.04638127097859979
double_centered_full_action_dqn,816,521,82.80216056108475,80.16253821074964,27.575653538107872,55.226506769657135,1.470820663496852,15792.099811553955,0.0,26.0,0.0,1.0,0.050000000000000044,1.9891025722026825,1.9750082101672888,0.04698123340494931
double_centered_full_action_dqn,816,522,85.47271957546472,81.15573146328332,30.687871545553207,54.784847843647,1.5431364504620433,17736.507625579834,0.0,26.0,0.0,4.0,0.050000000000000044,2.0434794370085,2.028861852362752,0.04872532421723008
double_centered_full_action_dqn,816,523,83.13525410741568,81.28445584967733,27.558015570044518,55.57723796367645,1.4748960444703698,15992.837097167969,0.0,26.0,0.0,0.0,0.050000000000000044,1.7262642718851566,1.712892010807991,0.04457425163127482
double_centered_full_action_dqn,816,524,89.22455724477769,81.53304961748422,29.890314169228077,59.33424329161644,1.5197812551632524,16860.53070831299,0.0,26.0,0.0,2.0,0.050000000000000044,1.919488362967968,1.9046995416283607,0.04929597722366452
double_centered_full_action_dqn,816,525,72.6774730026722,81.5067863238603,28.67518326640129,44.00228943824768,1.4893904412165284,16468.27625656128,0.0,22.0,0.0,1.0,0.050000000000000044,2.4094715770334005,2.3956757858395576,0.04598595527932048
double_centered_full_action_dqn,816,526,86.96839904934168,80.92562023006381,30.467089168727398,56.50131013393402,1.4982909141108394,16866.34835243225,0.0,25.0,0.0,2.0,0.050000000000000044,1.7277904395014048,1.7140417993068695,0.04582874779589474
double_centered_full_action_dqn,816,527,77.02374748885632,81.02759811438622,28.994342789053917,48.02940486371517,1.478801591321826,16428.04344177246,0.0,25.0,0.0,0.0,0.050000000000000044,1.8563480712473392,1.8409211318939924,0.051423171535134315
double_centered_full_action_dqn,816,528,85.08898578733206,81.30868817538024,29.932304598391056,55.156681263446806,1.516772530041635,16962.296699523926,0.0,25.0,0.0,2.0,0.050000000000000044,1.7814597468823195,1.7670063115656376,0.04817806265782565
double_centered_full_action_dqn,816,529,68.61798039078712,80.97584408938886,24.809497363865376,43.80848343670368,1.4051457466557622,14192.846340179443,0.0,24.0,0.0,1.0,0.050000000000000044,2.3351593539118767,2.320380076766014,0.04926424450241029
double_centered_full_action_dqn,816,530,85.31162764877081,81.41989908173682,29.98195292800665,55.32967495918274,1.5107010565698147,17064.400604248047,0.0,26.0,0.0,1.0,0.050000000000000044,1.8767918702214956,1.8610265348106623,0.05255120759829879
double_centered_full_action_dqn,816,531,66.30834504365922,82.18237127177419,26.170205913484097,40.138139182329176,1.3812060728669167,14125.366539001465,0.0,22.0,0.0,3.0,0.050000000000000044,1.9317774958908558,1.9180975575000048,0.04559979308396578
double_centered_full_action_dqn,816,532,72.64357035011054,81.48630451336504,27.167558252811432,45.476012298464774,1.4518799996003509,15675.1891746521,0.0,22.0,0.0,1.0,0.050000000000000044,1.5081615801900625,1.4950475189834833,0.0437135249376297
double_centered_full_action_dqn,816,533,84.491324827075,82.29388914726675,30.014495611190796,54.47682932019234,1.5178357306867838,17152.93808364868,0.0,24.0,0.0,1.0,0.050000000000000044,1.55991430580616,1.5447368808090687,0.0505913516972214
double_centered_full_action_dqn,816,534,70.5925925001502,81.66768219709397,27.543270148336887,43.04932314157486,1.4509823713451624,15655.654541015625,0.0,20.0,0.0,0.0,0.050000000000000044,2.1369422543793917,2.1225628294050694,0.047931488836184144
double_centered_full_action_dqn,816,535,91.21297429800033,82.31780389010906,32.45715996623039,58.75581394433975,1.5935402885079384,18641.411911010742,0.0,27.0,0.0,2.0,0.050000000000000044,2.119764218106866,2.103918308392167,0.05281964014284313
double_centered_full_action_dqn,816,536,69.81805331557989,81.21490667946637,27.725412905216217,42.09264050722122,1.4359032539650798,15618.334697723389,0.0,20.0,0.0,2.0,0.050000000000000044,2.3638107124716043,2.3482221588492393,0.05196178122423589
double_centered_full_action_dqn,816,537,66.91631522923709,80.40163380995394,26.58552009612322,40.3307949244976,1.4075486101210117,14766.918479919434,0.0,19.0,0.0,1.0,0.050000000000000044,1.210033854469657,1.1916282530874014,0.06135197402909398
double_centered_full_action_dqn,816,538,88.57257367670536,80.62530494444073,29.31608183681965,59.256491631269455,1.5128276506438851,16540.205904006958,0.0,26.0,0.0,0.0,0.050000000000000044,1.4651122838258743,1.4483590926975012,0.055843964917585254
double_centered_full_action_dqn,816,539,83.30022623538972,80.50226857773961,30.077076509594917,53.22314957678318,1.5386638259515166,17503.81233215332,0.0,24.0,0.0,3.0,0.050000000000000044,2.0156786385923624,2.001881966367364,0.04598899371922016
double_centered_full_action_dqn,816,540,68.15284883230925,78.91658645823598,25.98309013992548,42.16975924372673,1.4076587595045567,14980.960731506348,0.0,21.0,0.0,1.0,0.050000000000000044,1.813772950321436,1.7976067047566175,0.053887557704001665
double_centered_full_action_dqn,816,541,86.4143134534359,79.09719410285355,30.457905389368534,55.956408131122586,1.5058640204370022,17274.93783569336,0.0,26.0,0.0,3.0,0.050000000000000044,2.061623275279999,2.0462450608611107,0.051260812440887094
double_centered_full_action_dqn,816,542,76.8192905858159,78.66452265337111,28.06732238084078,48.75196819007397,1.4941615620628,15615.410461425781,0.0,22.0,0.0,0.0,0.050000000000000044,1.4882382862269878,1.4735663328319788,0.04890648229047656
double_centered_full_action_dqn,816,543,98.12926833480597,79.41422336474062,32.02124087512493,66.10802740752698,1.5734733864665031,18124.46092224121,0.0,30.0,0.0,1.0,0.050000000000000044,1.1881880071014166,1.1740971952676773,0.046969392569735646
double_centered_full_action_dqn,816,544,55.20542778968811,77.71326689198614,23.63749048858881,31.56793742775917,1.3414552435278893,13332.888214111328,0.0,18.0,0.0,2.0,0.050000000000000044,2.1203179489821196,2.105082919821143,0.05078347655944526
double_centered_full_action_dqn,816,545,84.45522335916758,78.30215440981092,30.602638743817806,53.85258449614048,1.5201367381960154,17264.057792663574,0.0,25.0,0.0,1.0,0.050000000000000044,1.7475687004625797,1.7325209993869066,0.05015896260738373
double_centered_full_action_dqn,816,546,87.12175563275814,78.30982223898174,29.870161175727844,57.25159432291984,1.5344787370413542,16891.58349609375,0.0,25.0,0.0,3.0,0.050000000000000044,1.9148457013070583,1.900054905563593,0.04930266831070185
double_centered_full_action_dqn,816,547,71.60541699826717,78.03890571445228,27.477834038436413,44.12758265435696,1.4437477998435497,15187.116344451904,0.0,22.0,0.0,0.0,0.050000000000000044,1.7816326674073935,1.766030615195632,0.052006849087774754
double_centered_full_action_dqn,816,548,72.65604251027108,77.41725855059923,28.20134264230728,44.45469989776611,1.478072908706963,16030.84980392456,0.0,22.0,0.0,2.0,0.050000000000000044,2.176118593662977,2.16195566393435,0.0472097834572196
double_centered_full_action_dqn,816,549,68.31439615935088,77.40207933902741,26.392320699989796,41.92207550406456,1.4301260393112898,15009.904720306396,0.0,20.0,0.0,1.0,0.050000000000000044,1.8645951859652996,1.846539979800582,0.06018398143351078
double_centered_full_action_dqn,816,550,82.19935631155968,77.24646577216686,29.09290501475334,53.10645162463188,1.488789121620357,16335.464279174805,0.0,25.0,0.0,3.0,0.050000000000000044,1.7670061569660902,1.752634720876813,0.04790479433722794
double_centered_full_action_dqn,816,551,93.99830926954746,78.63096398346129,32.30487225949764,61.69343674182892,1.6039669951424003,18499.370124816895,0.0,27.0,0.0,1.0,0.050000000000000044,1.726305928081274,1.7110789492726326,0.05075657553970814
double_centered_full_action_dqn,816,552,66.74305468946696,78.3359382004291,25.27152817696333,41.47152613997459,1.3973857471719384,14482.732925415039,0.0,22.0,0.0,3.0,0.050000000000000044,2.026748711243272,2.00787216052413,0.06292189308442175
double_centered_full_action_dqn,816,553,70.82145053595305,77.65244448587299,26.704994432628155,44.116456267237666,1.4107428416609764,15124.15421295166,0.0,20.0,0.0,3.0,0.050000000000000044,1.9540889877825975,1.937268428504467,0.05606853938661516
double_centered_full_action_dqn,816,554,85.46513967961073,78.39607184484602,30.30320366472006,55.16193576157093,1.5091197919100523,17056.57321548462,0.0,27.0,0.0,2.0,0.050000000000000044,2.1077079866081476,2.0874855779111385,0.06740807206369936
double_centered_full_action_dqn,816,555,71.04728149175644,77.38778720453384,26.131186574697495,44.91609515547752,1.4155826875939965,14509.73328590393,0.0,21.0,0.0,2.0,0.050000000000000044,1.8360165022313595,1.8204736392945051,0.05180954048410058
double_centered_full_action_dqn,816,556,73.53162274807691,77.57346567615868,26.76710545271635,46.764517578482625,1.4174730014055967,15025.47741317749,0.0,22.0,0.0,2.0,0.050000000000000044,2.1005862783640623,2.0865302346646786,0.04685350472573191
double_centered_full_action_dqn,816,557,68.44952114969492,77.65012597218154,27.339212633669376,41.110308456420896,1.436408443376422,15344.224178314209,0.0,21.0,0.0,3.0,0.050000000000000044,1.7399135380983353,1.7251395974308252,0.04924645135179162
double_centered_full_action_dqn,816,558,81.54329131692649,77.29866185419262,30.396330267190933,51.1469614893198,1.543800693936646,17425.414268493652,0.0,24.0,0.0,2.0,0.050000000000000044,1.3407052587717772,1.3237849064171314,0.056401188718155026
double_centered_full_action_dqn,816,559,51.19998834580183,75.69364995971321,22.879630781710148,28.320357578992844,1.308512250892818,12466.197681427002,0.0,17.0,0.0,2.0,0.050000000000000044,1.5979567654430866,1.5823353826999664,0.052071313839405775
double_centered_full_action_dqn,816,560,98.32642778903246,77.2023289075494,33.14282638579607,65.18360120207072,1.6210889779031277,18907.487461090088,0.0,29.0,0.0,1.0,0.050000000000000044,1.6514747235924006,1.6361289899796247,0.051152416970580816
double_centered_full_action_dqn,816,561,79.18975769132376,76.84110111944378,29.47731263190508,49.71244471669197,1.5262108566239476,17191.441688537598,0.0,23.0,0.0,1.0,0.050000000000000044,2.228854864835739,2.215015932917595,0.04612982110120356
double_centered_full_action_dqn,816,562,81.92705941349269,77.09648956082762,28.375106491148472,53.55195335447788,1.4915631022304296,16144.328670501709,0.0,25.0,0.0,2.0,0.050000000000000044,1.829048564657569,1.814806416630745,0.04747388605028391
double_centered_full_action_dqn,816,563,88.45957925319672,76.61300510674717,30.642683044075966,57.81689638793468,1.5218967599794269,17166.412227630615,0.0,27.0,0.0,2.0,0.050000000000000044,1.5860246811062098,1.5702464394271374,0.05259413877502084
double_centered_full_action_dqn,816,564,79.66617912054062,77.83604267328978,28.457087449729443,51.20909172296524,1.4838988920673728,16215.792282104492,0.0,25.0,0.0,1.0,0.050000000000000044,1.958926022052765,1.9460258577018976,0.043000567122362554
double_centered_full_action_dqn,816,565,82.74282419979572,77.75042271532119,29.36469817906618,53.37812544703483,1.5134312370792031,16631.012001037598,0.0,23.0,0.0,3.0,0.050000000000000044,1.688181098550558,1.6731737591326237,0.050024511525407434
double_centered_full_action_dqn,816,566,76.19407063871623,77.20403846561909,25.7331480383873,50.46092268228531,1.4063947461545467,14499.3962059021,0.0,24.0,0.0,1.0,0.050000000000000044,1.8175131138414145,1.8041588868945837,0.04451402788981795
double_centered_full_action_dqn,816,567,65.55091986060143,76.9013136087358,24.75833450257778,40.79258508980274,1.3722085626795888,14311.657512664795,0.0,22.0,0.0,0.0,0.050000000000000044,1.704797176644206,1.690386287868023,0.0480363005772233
double_centered_full_action_dqn,816,568,74.49548543393612,76.99328575491906,27.298682518303394,47.1968025803566,1.4354962231591344,15532.648181915283,0.0,25.0,0.0,1.0,0.050000000000000044,1.9139142483472824,1.898175548762083,0.05246235290542245
double_centered_full_action_dqn,816,569,61.54895080626011,76.65501348726453,25.398832745850086,36.15011788904667,1.3897472638636827,14454.25468826294,0.0,21.0,0.0,1.0,0.050000000000000044,1.736385103315115,1.7216376978904009,0.04915797361172736
double_centered_full_action_dqn,816,570,77.54425210356712,76.42225827686488,26.980315014719963,50.56393698453903,1.4455819642171264,15569.875324249268,0.0,23.0,0.0,4.0,0.050000000000000044,2.2267555817961693,2.212026458233595,0.04909706476610154
double_centered_full_action_dqn,816,571,74.27532284706831,75.43610895574093,29.015175066888332,45.26014767587185,1.4690901571884751,16259.103359222412,0.0,22.0,0.0,0.0,0.050000000000000044,2.047551404684782,2.0341904126107693,0.0445367181673646
double_centered_full_action_dqn,816,572,75.26448362469674,75.86218040250242,27.527994066476822,47.73648911118507,1.4369060285389423,15246.676734924316,0.0,23.0,0.0,1.0,0.050000000000000044,1.7557711321860552,1.7407862078398466,0.049949715845286846
double_centered_full_action_dqn,816,573,86.14698132276536,76.62845694184304,28.578758150339127,57.5682234108448,1.5305941458791494,16937.536991119385,0.0,26.0,0.0,2.0,0.050000000000000044,1.6253495011478662,1.6084479466080666,0.05633847299031913
double_centered_full_action_dqn,816,574,69.59930194914341,75.83516505531968,26.511814802885056,43.087486922740936,1.4502968536689878,15156.77420425415,0.0,22.0,0.0,1.0,0.050000000000000044,1.5310212019830942,1.5138677470386028,0.057178136659786105
double_centered_full_action_dqn,816,575,88.95893001556396,76.73074748151005,30.249153152108192,58.70977644622326,1.5294714383780956,17408.250381469727,0.0,26.0,0.0,2.0,0.050000000000000044,1.6901371404528618,1.675111336633563,0.050086007453501225
double_centered_full_action_dqn,816,576,81.52304656803608,77.13031867250801,29.07578695565462,52.447259560227394,1.4985827449709177,16287.226387023926,0.0,25.0,0.0,1.0,0.050000000000000044,1.7854458130896091,1.7731687929481268,0.04092339193448424
double_centered_full_action_dqn,816,577,83.60535552501679,77.88811039127411,29.107216022908688,54.49813964366913,1.5307709779590368,17155.607223510742,0.0,24.0,0.0,3.0,0.050000000000000044,2.0241644270718098,2.0083711370825768,0.05264436546713114
double_centered_full_action_dqn,816,578,89.8748898074031,78.30469031579794,30.237574689090252,59.63731477558613,1.5432287734001875,17317.049293518066,0.0,27.0,0.0,1.0,0.050000000000000044,1.9995677322149277,1.985329121351242,0.0474620433524251
double_centered_full_action_dqn,816,579,84.7067971304059,79.98003075502814,29.700840450823307,55.00595672428608,1.531716256402433,16693.876461029053,0.0,26.0,0.0,0.0,0.050000000000000044,1.699394878000021,1.6846877913922071,0.049023643136024475
double_centered_full_action_dqn,816,580,91.03159140199423,79.61528893567623,31.398766309022903,59.632824981212615,1.5418375181034207,17658.019603729248,0.0,28.0,0.0,2.0,0.050000000000000044,2.157764872536063,2.1427509486675262,0.05004634568467736
double_centered_full_action_dqn,816,581,86.40426079928875,79.97601409107448,29.31857106089592,57.085689812898636,1.5051334453746676,16715.585704803467,0.0,25.0,0.0,0.0,0.050000000000000044,1.5895194448530674,1.5748610347509384,0.04886139743030071
double_centered_full_action_dqn,816,582,78.21694617718458,79.79050842925906,28.488797046244144,49.72814881801605,1.4970356225967407,16382.27865600586,0.0,22.0,0.0,1.0,0.050000000000000044,2.1025050841271877,2.0861815586686134,0.05441176239401102
double_centered_full_action_dqn,816,583,59.861700266599655,78.36061447992921,24.13026738911867,35.73143222928047,1.3759607914835215,14250.04965209961,0.0,19.0,0.0,0.0,0.050000000000000044,1.800766784697771,1.7840287685394287,0.0557934136595577
double_centered_full_action_dqn,816,584,91.50256016254426,78.9524335320294,32.289096504449844,59.21346413493156,1.6055243900045753,18636.806396484375,0.0,26.0,0.0,2.0,0.050000000000000044,1.8612853046506643,1.843857116997242,0.058094056556001306
double_centered_full_action_dqn,816,585,77.21863457858562,78.6762240509689,27.549860827624798,49.668773773312566,1.4368261005729437,15350.666271209717,0.0,23.0,0.0,2.0,0.050000000000000044,1.9469338171184063,1.9306734316051006,0.054201209684833884
double_centered_full_action_dqn,816,586,53.72807411253452,77.5529242246598,22.928656443953514,30.799417795240878,1.3379485756158829,12705.487529754639,0.0,17.0,0.0,1.0,0.050000000000000044,1.8348658196628094,1.8196464013308287,0.050731387571431696
double_centered_full_action_dqn,816,587,89.17897392809391,78.73432692803443,31.392747975885868,57.786226227879524,1.5551120592281222,17697.612266540527,0.0,27.0,0.0,1.0,0.050000000000000044,1.4927562922239304,1.4758575391024351,0.056329228449612856
double_centered_full_action_dqn,816,588,72.86864553689956,78.6529849331826,27.17928472161293,45.68936093449592,1.423320570960641,15134.783172607422,0.0,21.0,0.0,2.0,0.050000000000000044,1.9963881820440292,1.9828775133937597,0.04503553966060281
double_centered_full_action_dqn,816,589,68.8191067814827,79.01649273194374,25.670194372534752,43.14891211092472,1.4008748065680265,14486.97401046753,0.0,21.0,0.0,1.0,0.050000000000000044,2.07552133128047,2.0612698048353195,0.0475050579989329
double_centered_full_action_dqn,816,590,94.63056392371655,79.8708083229512,31.068676695227623,63.561887645721434,1.5575419710949063,17882.250686645508,0.0,28.0,0.0,1.0,0.050000000000000044,1.8606123495846987,1.8448734059929848,0.05246310913935304
double_centered_full_action_dqn,816,591,82.67289501875639,80.29068693153562,30.529893293976784,52.143001806735995,1.5085973953828216,16837.63865661621,0.0,24.0,0.0,3.0,0.050000000000000044,1.7662982698529959,1.751549018546939,0.04916420218069106
double_centered_full_action_dqn,816,592,60.81420857608318,79.56817317910495,25.024347886443138,35.789860585331915,1.375750495120883,13803.185724258423,0.0,19.0,0.0,1.0,0.050000000000000044,1.9004133772104979,1.8849265351891518,0.05162282241508365
double_centered_full_action_dqn,816,593,79.97487805187703,79.25956801556052,29.029296942055225,50.945581609010695,1.5105759566649795,16491.94154548645,0.0,24.0,0.0,1.0,0.050000000000000044,1.9348596576601267,1.9213162884116173,0.045144555740989745
double_centered_full_action_dqn,816,594,74.83769042044878,79.52148743912579,28.509386464953423,46.328303664922714,1.495202506892383,16612.635816574097,0.0,23.0,0.0,0.0,0.050000000000000044,2.172349451109767,2.1579891685396433,0.047867572167888284
double_centered_full_action_dqn,816,595,73.21200596690178,78.7341412366927,27.775889098644257,45.43611661493778,1.4662876334041357,15540.481197357178,0.0,22.0,0.0,1.0,0.050000000000000044,2.154232617467642,2.1403513737022877,0.04627085570245981
double_centered_full_action_dqn,816,596,86.44093295931816,78.98003555625678,28.339461363852024,58.10147136449814,1.4785790033638477,16071.458099365234,0.0,26.0,0.0,2.0,0.050000000000000044,2.33257919549942,2.317304641008377,0.050915155094116926
double_centered_full_action_dqn,816,597,79.93287369906902,78.79641146495939,27.281445018947124,52.65142894089222,1.4339351123198867,15376.571105957031,0.0,24.0,0.0,2.0,0.050000000000000044,2.0399190932512283,2.0237219035625458,0.053990638349205256
double_centered_full_action_dqn,816,598,80.08372086286545,78.3068530177325,28.52717376500368,51.55654685199261,1.5041971150785685,16679.279418945312,0.0,25.0,0.0,0.0,0.050000000000000044,2.370175262913108,2.35584638081491,0.047762985806912184
double_centered_full_action_dqn,816,599,91.349131077528,78.6389697150886,33.681478053331375,57.667653143405914,1.6111810933798552,19355.425052642822,0.0,26.0,0.0,1.0,0.050000000000000044,1.6301029808819294,1.616475684568286,0.0454243328422308
double_centered_full_action_dqn,816,600,95.73895532637835,78.8743379113078,30.65310264378786,65.08585253357887,1.5304984645918012,17494.626991271973,0.0,29.0,0.0,1.0,0.050000000000000044,1.9132186267524958,1.8974534403532743,0.0525506348349154
double_centered_full_action_dqn,816,601,76.86801392734051,78.3975255677104,28.96401359140873,47.904000306129454,1.4746225783601403,16456.341926574707,0.0,23.0,0.0,2.0,0.050000000000000044,2.0796054378151894,2.0642369352281094,0.05122844665311277
double_centered_full_action_dqn,816,602,85.34638741016389,78.75399762935938,29.81642645597458,55.5299609541893,1.5254426812753081,17343.309642791748,0.0,25.0,0.0,1.0,0.050000000000000044,1.790271231904626,1.7750307191163301,0.05080164805985987
double_centered_full_action_dqn,816,603,68.50186213254929,79.18600572265686,25.736391805112362,42.76547090113163,1.3993761083111167,14008.504261016846,0.0,21.0,0.0,1.0,0.050000000000000044,2.028912305831909,2.0123640447854996,0.05516084632836282
double_centered_full_action_dqn,816,604,95.60385126769543,79.39107027791442,32.70845475792885,62.895396733283995,1.6066289134323597,19105.584146499634,0.0,28.0,0.0,1.0,0.050000000000000044,1.810222977772355,1.7929908763617277,0.057440290693193674
double_centered_full_action_dqn,816,605,88.70194471776486,79.96523578487339,30.00208703428507,58.69985724389553,1.527621521614492,17147.647388458252,0.0,25.0,0.0,5.0,0.050000000000000044,2.148436849936843,2.132327076047659,0.053699358366429806
double_centered_full_action_dqn,816,606,80.19677364826202,81.28867076165976,29.42906491458416,50.76770922541618,1.4891646932810545,16480.212104797363,0.0,24.0,0.0,1.0,0.050000000000000044,2.0849459413439035,2.0683053880929947,0.055468522012233734
double_centered_full_action_dqn,816,607,85.32371394634247,81.09590776257218,28.667873084545135,56.6558407574892,1.4810513285920024,16251.258964538574,0.0,25.0,0.0,3.0,0.050000000000000044,1.8878020718693733,1.8728616759181023,0.04980137723032385
double_centered_full_action_dqn,816,608,80.56000004112721,81.48047548778356,28.662013590335846,51.89798661470413,1.4843969652429223,16500.179893493652,0.0,26.0,0.0,2.0,0.050000000000000044,1.6950342766940594,1.680882664397359,0.04717208002693951
double_centered_full_action_dqn,816,609,78.74630584567785,81.97683544099331,29.145711436867714,49.60059440135956,1.4910192852839828,16731.06134414673,0.0,25.0,0.0,1.0,0.050000000000000044,1.873695071786642,1.85858697257936,0.05036026844754815
double_centered_full_action_dqn,816,610,91.30083538591862,81.81034901410342,30.829239085316658,60.47159631550312,1.5517992163076997,17881.460189819336,0.0,28.0,0.0,0.0,0.050000000000000044,2.09512185305357,2.0796427130699158,0.05159712512977421
double_centered_full_action_dqn,816,611,77.6656796425581,81.55998824529351,27.093340530991554,50.572338530421256,1.456514973193407,15711.695852279663,0.0,23.0,0.0,2.0,0.050000000000000044,1.9325367156416178,1.9175514951348305,0.049950732849538326
double_centered_full_action_dqn,816,612,58.61718712747097,81.4501371728629,24.200495794415474,34.41669128835201,1.3680493589490652,13569.553134918213,0.0,18.0,0.0,0.0,0.050000000000000044,1.6656398568302393,1.6495370231568813,0.053676093462854624
double_centered_full_action_dqn,816,613,77.45594273507595,81.32419040702284,26.666423976421356,50.78951866924763,1.4244146076962352,15274.098567962646,0.0,25.0,0.0,2.0,0.050000000000000044,2.1347356513142586,2.120852541178465,0.046277018496766686
double_centered_full_action_dqn,816,614,97.45271104574203,82.4549414382875,32.320842050015926,65.13186883926392,1.5758894616737962,18109.79404067993,0.0,27.0,0.0,1.0,0.050000000000000044,1.9004050716757774,1.8865992724895477,0.04601932456716895
double_centered_full_action_dqn,816,615,59.159971222281456,81.75233970105648,24.273756831884384,34.88621398806572,1.38178725913167,14292.122211456299,0.0,17.0,0.0,0.0,0.050000000000000044,2.0456690080463886,2.0315454807132483,0.04707836196757853
double_centered_full_action_dqn,816,616,72.90019297003747,81.07530270159245,27.483059853315353,45.41713281869888,1.4709881013259292,15979.8529586792,0.0,23.0,0.0,3.0,0.050000000000000044,2.1475030723959208,2.1322066225111485,0.050988159608095884
double_centered_full_action_dqn,816,617,67.59083957970142,80.45820099562407,26.077118910849094,41.51372092962265,1.404890326783061,14759.081481933594,0.0,21.0,0.0,0.0,0.050000000000000044,1.8529095854610205,1.8387142829596996,0.04731771210208535
double_centered_full_action_dqn,816,618,80.50614304840565,80.47932210490107,28.668418303132057,51.83772486448288,1.475643870420754,16222.090480804443,0.0,23.0,0.0,1.0,0.050000000000000044,2.040695372968912,2.0251151863485575,0.05193393398076296
double_centered_full_action_dqn,816,619,75.31481529772282,79.67760631591082,26.734810709953308,48.580004543066025,1.4463385874405503,15718.75691986084,0.0,24.0,0.0,1.0,0.050000000000000044,2.3387712072581053,2.323865247890353,0.049686541547998786
double_centered_full_action_dqn,816,620,84.75931894779205,79.1286244969815,29.40503591299057,55.35428264737129,1.508389063179493,16686.923278808594,0.0,26.0,0.0,0.0,0.050000000000000044,1.849542137235403,1.8353923726826906,0.04716586461290717
double_centered_full_action_dqn,816,621,87.44753210395575,79.65760040581226,30.5347473397851,56.912784495949744,1.5413495441898704,17525.283964157104,0.0,27.0,0.0,1.0,0.050000000000000044,1.8094019684940577,1.7949687894433737,0.048110570991411805
double_centered_full_action_dqn,816,622,78.40004041939974,79.31028305627407,28.127367682754993,50.27267306447029,1.4615604393184185,16199.20163345337,0.0,22.0,0.0,1.0,0.050000000000000044,2.1316828187555075,2.116091527044773,0.05197096010670066
double_centered_full_action_dqn,816,623,61.9225922241807,78.98131956085565,25.023477278649807,36.89911493062973,1.4038217887282372,14217.971126556396,0.0,20.0,0.0,1.0,0.050000000000000044,2.364940568804741,2.3491138853132725,0.05275561171583831
double_centered_full_action_dqn,816,624,72.46661969572305,77.82445798225703,27.474481396377087,44.992138671875,1.4509509298950434,15345.466274261475,0.0,21.0,0.0,3.0,0.050000000000000044,2.024009045213461,2.0093052107840776,0.049012820003554225
double_centered_full_action_dqn,816,625,94.5401149392128,78.11636649332942,31.14225424826145,63.39786133170128,1.563628369010985,17838.179012298584,0.0,29.0,0.0,0.0,0.050000000000000044,1.8407756704837084,1.8227089326828718,0.06022247252985835
double_centered_full_action_dqn,816,626,66.15719352662563,77.4143874872476,26.946398869156837,39.21079432964325,1.4372732220217586,15140.71960067749,0.0,19.0,0.0,0.0,0.050000000000000044,2.0704128202050924,2.05518726631999,0.0507518146187067
double_centered_full_action_dqn,816,627,80.99716231375933,77.19805990561844,28.518909104168415,52.47825307548046,1.462668809108436,16100.049282073975,0.0,25.0,0.0,1.0,0.050000000000000044,2.7037243396043777,2.6898207888007164,0.04634512180928141
double_centered_full_action_dqn,816,628,69.77435577660799,76.65877769239248,28.3259209766984,41.448434591293335,1.4731990126892924,16090.00772857666,0.0,20.0,0.0,0.0,0.050000000000000044,2.3357112500816584,2.3209619615226984,0.04916436946950853
double_centered_full_action_dqn,816,629,89.8016788750887,77.21154634386302,28.642232187092304,61.15944669544697,1.4772309912368655,16235.471313476562,0.0,28.0,0.0,2.0,0.050000000000000044,1.755080820992589,1.7391933910548687,0.05295804049819708
double_centered_full_action_dqn,816,630,81.24316264241934,76.70866270668806,29.07363273948431,52.16953032016754,1.5089421449229121,16384.020664215088,0.0,24.0,0.0,3.0,0.050000000000000044,1.615965686738491,1.601279765367508,0.048953001853078604
double_centered_full_action_dqn,816,631,86.71242914348841,77.16100018173456,30.023977272212505,56.688451915979385,1.5457331724464893,17345.146614074707,0.0,27.0,0.0,3.0,0.050000000000000044,2.546851646155119,2.5312564559280872,0.05198402563109994
double_centered_full_action_dqn,816,632,70.92932538241148,77.77660709448159,25.473969005048275,45.45535596013069,1.4103289041668177,14708.128438949585,0.0,22.0,0.0,2.0,0.050000000000000044,1.7165534496307373,1.7011264991015196,0.05142313218675554
double_centered_full_action_dqn,816,633,79.85304346680641,77.8964621310681,29.73124234378338,50.12180159986019,1.5314197819679976,16914.667682647705,0.0,25.0,0.0,0.0,0.050000000000000044,1.678464598953724,1.6652726046741009,0.043973287916742265
double_centered_full_action_dqn,816,634,92.47447781413794,77.64755046948791,30.75889604538679,61.71558173894882,1.5551530607044697,17656.929512023926,0.0,27.0,0.0,1.0,0.050000000000000044,1.9183734897524118,1.9023498073220253,0.05341230728663504
double_centered_full_action_dqn,816,635,73.68652804195881,78.37387831047178,27.132087916135788,46.554440170526505,1.4672412518411875,15839.231475830078,0.0,22.0,0.0,2.0,0.050000000000000044,1.7568211406469345,1.7431393880397081,0.04560577101074159
double_centered_full_action_dqn,816,636,78.55877983570099,78.65680765375495,27.949873819947243,50.60890552401543,1.5102977631613612,16562.421772003174,0.0,25.0,0.0,1.0,0.050000000000000044,2.095166776329279,2.0803854558616877,0.04927100311033428
double_centered_full_action_dqn,816,637,81.22761382162571,79.33864636585118,28.90130726993084,52.32630679011345,1.4913200391456485,16396.872594833374,0.0,26.0,0.0,0.0,0.050000000000000044,1.6552916895598173,1.640833618119359,0.04819351795595139
double_centered_full_action_dqn,816,638,77.39497753977776,79.18308809041977,30.166395515203476,47.22858193516731,1.5419326080009341,17270.44919204712,0.0,22.0,0.0,1.0,0.050000000000000044,1.9907666929066181,1.9767933823168278,0.04657773720100522
double_centered_full_action_dqn,816,639,75.59652750343085,79.19717370070518,28.342970483005047,47.253557139635085,1.4930153377354145,16753.48087310791,0.0,21.0,0.0,1.0,0.050000000000000044,2.1367155015468597,2.121068734675646,0.05215585418045521
double_centered_full_action_dqn,816,640,82.29110088944435,79.0737627977878,29.86841630935669,52.42268490791321,1.5350971380248666,17600.52764892578,0.0,24.0,0.0,1.0,0.050000000000000044,1.5946404542773962,1.5787210892885923,0.053064517211169004
double_centered_full_action_dqn,816,641,82.96386060118675,78.84957922264934,28.49325952678919,54.47060118615627,1.4898186037316918,16457.810779571533,0.0,26.0,0.0,0.0,0.050000000000000044,2.1545542497187853,2.140385713428259,0.04722844320349395
double_centered_full_action_dqn,816,642,95.41781875491142,79.70046813942493,31.523768037557602,63.89405067265034,1.5769949164241552,18034.083766937256,0.0,30.0,0.0,1.0,0.050000000000000044,1.8151726126670837,1.7996660098433495,0.051688762847334146
double_centered_full_action_dqn,816,643,79.13751510083675,80.56121428325773,27.53593211621046,51.601583275198934,1.4648689795285463,15438.630336761475,0.0,25.0,0.0,3.0,0.050000000000000044,1.630737854167819,1.6141006276011467,0.05545744672417641
double_centered_full_action_dqn,816,644,74.22394065707923,80.64908033132554,27.80000063031912,46.42393963932991,1.5024158926680684,16352.541053771973,0.0,23.0,0.0,2.0,0.050000000000000044,2.1813372299075127,2.166959146037698,0.04792692977935076
double_centered_full_action_dqn,816,645,82.0022419244051,80.02218668058515,31.242477729916573,50.75976398587227,1.5166124673560262,17123.426109313965,0.0,25.0,0.0,1.0,0.050000000000000044,1.7277379278093576,1.7130131032317877,0.049082704121246934
double_centered_full_action_dqn,816,646,83.07143106460572,80.86789855748415,27.750865697860718,55.320565366744994,1.487577872350812,16180.719467163086,0.0,25.0,0.0,1.0,0.050000000000000044,1.7047629673033953,1.6899303663522005,0.04944194946438074
double_centered_full_action_dqn,816,647,72.43071693181992,80.43957628838719,26.78667175769806,45.64404511451721,1.4752205172553658,15866.047946929932,0.0,21.0,0.0,0.0,0.050000000000000044,1.9586022607982159,1.944392105564475,0.04736724204849452
double_centered_full_action_dqn,816,648,77.85241550952196,80.84347927503288,28.250584565103054,49.601830527186394,1.4856246020644903,16203.28942489624,0.0,22.0,0.0,0.0,0.050000000000000044,1.5955692864954472,1.5802611261606216,0.05102721182629466
double_centered_full_action_dqn,816,649,73.71805806010961,80.03929823428392,28.804851442575455,44.913206818699834,1.4740617303177714,16482.888511657715,0.0,22.0,0.0,2.0,0.050000000000000044,1.7840893119573593,1.7691815830767155,0.049692375119775534
double_centered_full_action_dqn,816,650,80.42036855518818,79.99815852992236,28.58385567367077,51.83651294112205,1.4719700049608946,16359.784782409668,0.0,27.0,0.0,2.0,0.050000000000000044,1.6588256042450666,1.6453349404036999,0.04496894427575171
double_centered_full_action_dqn,816,651,95.71467091143131,80.44827061831951,32.890669122338295,62.82400132715702,1.5878135142847896,18881.252696990967,0.0,28.0,0.0,1.0,0.050000000000000044,1.9068433102220297,1.892148980870843,0.048981091007590294
double_centered_full_action_dqn,816,652,56.72480654716492,79.73804467655718,25.73675026744604,30.98805633187294,1.3794084740802646,14599.809078216553,0.0,16.0,0.0,1.0,0.050000000000000044,2.2033742927014828,2.1895363330841064,0.04612660547718406
double_centered_full_action_dqn,816,653,76.8618875965476,79.58848688304424,27.66751616448164,49.19437074661255,1.4577456768602133,15819.456901550293,0.0,24.0,0.0,1.0,0.050000000000000044,1.6566729992628098,1.6400252785533667,0.05549238063395023
double_centered_full_action_dqn,816,654,90.74202836453915,79.50186441056431,30.629546605050564,60.112482422590254,1.5416518822312355,17701.44634246826,0.0,26.0,0.0,1.0,0.050000000000000044,1.9123148079961538,1.8965836502611637,0.05243721790611744
double_centered_full_action_dqn,816,655,84.99437244236469,80.06725663058461,30.316971108317375,54.67740139365196,1.5353055326268077,17154.79620742798,0.0,24.0,0.0,0.0,0.050000000000000044,1.7774230353534222,1.7594341151416302,0.059963091276586056
double_centered_full_action_dqn,816,656,74.82116457223893,79.8803758674115,27.74240754544735,47.07875710129738,1.4797483682632446,16033.191440582275,0.0,22.0,0.0,1.0,0.050000000000000044,1.6969148442149162,1.6805934272706509,0.05440471530891955
double_centered_full_action_dqn,816,657,66.8640272244811,79.16219653755427,26.73598264157772,40.128044083714485,1.4125504679977894,15173.340785980225,0.0,21.0,0.0,1.0,0.050000000000000044,1.8730721734464169,1.8577157724648714,0.0511880146805197
double_centered_full_action_dqn,816,658,89.74156451225281,79.77952588617802,30.330533742904663,59.41103093326092,1.5568362772464752,17805.347370147705,0.0,27.0,0.0,2.0,0.050000000000000044,2.075059361755848,2.061146378517151,0.04637663206085563
double_centered_full_action_dqn,816,659,86.90250490605831,80.34482475630941,30.55391176044941,56.34859378635883,1.5289705125615,17366.45766067505,0.0,26.0,0.0,1.0,0.050000000000000044,1.7914139814674854,1.7769306432455778,0.048277778550982475
double_centered_full_action_dqn,816,660,83.09986075311899,80.38526274949312,28.805555067956448,54.29430593848228,1.498543243855238,16808.540426254272,0.0,24.0,0.0,4.0,0.050000000000000044,1.7382073868066072,1.721298947930336,0.056361363851465285
double_centered_full_action_dqn,816,661,68.74186627566814,79.67416303321718,25.635045610368252,43.10682101547718,1.4308671653270721,15262.503810882568,0.0,21.0,0.0,0.0,0.050000000000000044,1.6963746175169945,1.6825961004942656,0.04592834890354425
double_centered_full_action_dqn,816,662,91.52089668363332,79.47931692965328,31.06360947340727,60.457287068665025,1.545211466960609,17658.090942382812,0.0,29.0,0.0,2.0,0.050000000000000044,1.989704392850399,1.9742609784007072,0.0514780308585614
double_centered_full_action_dqn,816,663,76.22485969364644,79.33368415929377,27.524920716881752,48.69993884265423,1.4589567994698882,15865.717113494873,0.0,23.0,0.0,2.0,0.050000000000000044,1.6716562081128359,1.6553523167967796,0.054346272721886635
double_centered_full_action_dqn,816,664,86.51156889796258,79.94806557133795,29.998972237110138,56.5125967502594,1.5404288191348314,17527.515815734863,0.0,28.0,0.0,1.0,0.050000000000000044,1.7998160608112812,1.7834490351378918,0.05455675208941102
double_centered_full_action_dqn,816,665,89.02389262020588,80.29914810612799,31.16910270601511,57.85479010045528,1.5589821180328727,17651.31063079834,0.0,28.0,0.0,2.0,0.050000000000000044,1.3443523328751326,1.3293218910694122,0.05010152095928788
double_centered_full_action_dqn,816,666,82.311962030828,80.2611746544391,28.7377390563488,53.57422283291817,1.4848042465746403,16344.705883026123,0.0,25.0,0.0,0.0,0.050000000000000044,2.52203462831676,2.5044888965785503,0.0584857405629009
double_centered_full_action_dqn,816,667,88.60335450172424,81.06980653293432,30.382379680871964,58.22097575962543,1.531785131432116,16925.067237854004,0.0,27.0,0.0,2.0,0.050000000000000044,1.9206199049949646,1.9048949796706438,0.05241641006432474
double_centered_full_action_dqn,816,668,76.51203690618277,81.00278760276737,27.32668911665678,49.18534746170044,1.4761885106563568,16025.669647216797,0.0,24.0,0.0,2.0,0.050000000000000044,1.1751012243330479,1.1605631094425917,0.04846041207201779
double_centered_full_action_dqn,816,669,75.24937470555305,81.07935343503952,29.562568604946136,45.68680592179298,1.507646769285202,16984.9487991333,0.0,21.0,0.0,3.0,0.050000000000000044,1.8013846911489964,1.7853688169270754,0.053386253071948886
double_centered_full_action_dqn,816,670,66.8092934936285,80.39879968196153,25.611316084861755,41.19797746837139,1.405624132603407,14555.385757446289,0.0,21.0,0.0,2.0,0.050000000000000044,2.159603890031576,2.1446172036230564,0.04995570611208677
double_centered_full_action_dqn,816,671,68.97778157144785,79.06195521496237,26.810060299932957,42.16772122681141,1.4537049932405353,15355.124073028564,0.0,20.0,0.0,0.0,0.050000000000000044,2.1346635576337576,2.1188737247139215,0.05263271671719849
double_centered_full_action_dqn,816,672,76.31045109778643,80.04123744249344,28.173074267804623,48.13737690448761,1.5109448740258813,16540.0202293396,0.0,24.0,0.0,2.0,0.050000000000000044,1.6946793906390667,1.6784853916615248,0.05397998169064522
double_centered_full_action_dqn,816,673,75.25906331390142,79.96109622836113,28.4579174593091,46.801145362854,1.4913752377033234,16328.15913772583,0.0,22.0,0.0,3.0,0.050000000000000044,1.454949939623475,1.4396192096173763,0.0511024696752429
double_centered_full_action_dqn,816,674,85.49077262878419,79.69853344157339,30.129656434059143,55.36111616492271,1.5167084131389856,17038.50839996338,0.0,25.0,0.0,1.0,0.050000000000000044,1.6667678598314524,1.6515780240297318,0.050632781349122524
double_centered_full_action_dqn,816,675,86.64994901418686,79.78131227016449,30.845774561166763,55.804174572229385,1.5328696547076106,17209.07753753662,0.0,25.0,0.0,0.0,0.050000000000000044,1.83759905397892,1.8225933760404587,0.05001896992325783
double_centered_full_action_dqn,816,676,82.01279278993607,80.14089368104936,29.59094873815775,52.42184411883354,1.505705438554287,16871.136531829834,0.0,26.0,0.0,3.0,0.050000000000000044,2.071489529684186,2.0557350032031536,0.05251507763750851
double_centered_full_action_dqn,816,677,82.60019657760859,80.92770214870572,29.063318707048893,53.5368782132864,1.4998639589175582,16562.809509277344,0.0,26.0,0.0,0.0,0.050000000000000044,1.6249507907778025,1.6108168866485357,0.0471129990182817
double_centered_full_action_dqn,816,678,89.00623498857021,80.89093567252159,31.681739456951618,57.32449533045292,1.5456207189708948,18082.22720336914,0.0,27.0,0.0,0.0,0.050000000000000044,1.5191598311066628,1.5040705986320972,0.05029745679348707
double_centered_full_action_dqn,816,679,74.7158324867487,80.28160205155612,26.962703719735146,47.75312830507755,1.427724172361195,15081.256004333496,0.0,23.0,0.0,1.0,0.050000000000000044,2.1835609264671803,2.167641205713153,0.05306571861729026
double_centered_full_action_dqn,816,680,83.47131119966507,80.30017457388342,29.79683645069599,53.67447470426559,1.5112895602360368,17073.38730621338,0.0,25.0,0.0,2.0,0.050000000000000044,2.086669661104679,2.0721294842660427,0.04846726544201374
double_centered_full_action_dqn,816,681,76.17517024576664,80.67183977238834,26.96749357879162,49.20767633914947,1.4501881310716271,15085.31997680664,0.0,23.0,0.0,3.0,0.050000000000000044,1.8807867597788572,1.8621696755290031,0.06205698591656983
double_centered_full_action_dqn,816,682,79.47505074739456,80.0695474755764,28.33614294230938,51.138907343149185,1.475357249379158,16234.743186950684,0.0,24.0,0.0,1.0,0.050000000000000044,2.064024429768324,2.0475744772702456,0.0548332710750401
double_centered_full_action_dqn,816,683,73.23704581856728,79.92015678182244,28.341435685753822,44.89560987949371,1.499684488400817,16185.393146514893,0.0,22.0,0.0,1.0,0.050000000000000044,1.7375140842050314,1.7222927510738373,0.050737799843773246
double_centered_full_action_dqn,816,684,79.96194973737002,79.59267582379283,29.23156213015318,50.73038768172264,1.5237971236929297,16898.614503860474,0.0,24.0,0.0,2.0,0.050000000000000044,1.3301910609006882,1.3151569589972496,0.05011368333362043
double_centered_full_action_dqn,816,685,80.08654936552048,79.14580866105857,28.249071687459946,51.83747802078724,1.469940222799778,16128.022747039795,0.0,25.0,0.0,2.0,0.050000000000000044,1.7574072480201721,1.7420287355780602,0.051261719316244125
double_centered_full_action_dqn,816,686,79.33024774044752,78.99672294653953,29.247226871550083,50.083021360635755,1.500146172940731,16152.4655418396,0.0,23.0,0.0,2.0,0.050000000000000044,1.7051158677786589,1.6911175809800625,0.046660871244966984
double_centered_full_action_dqn,816,687,87.11736936867237,78.92242368988694,30.167834028601646,56.949534967541695,1.5460774153470993,17156.102001190186,0.0,27.0,0.0,0.0,0.050000000000000044,2.065401276573539,2.049098527058959,0.05434247408993542
double_centered_full_action_dqn,816,688,73.77740786969662,78.78569223806264,27.130807504057884,46.64660033583641,1.448095708154142,15598.042259216309,0.0,23.0,0.0,0.0,0.050000000000000044,1.76567573659122,1.7492707427591085,0.054683292051777244
double_centered_full_action_dqn,816,689,80.96271849423647,79.07135942749679,30.63486386090517,50.327854707837105,1.532330259680748,17403.96762084961,0.0,23.0,0.0,3.0,0.050000000000000044,1.683891350403428,1.6689798552542925,0.049704996636137366
double_centered_full_action_dqn,816,690,84.23236893117428,79.94251319937408,30.890779070556164,53.34158992767334,1.547928610816598,17921.369205474854,0.0,24.0,0.0,1.0,0.050000000000000044,2.0464344806969166,2.031424146145582,0.05003443453460932
double_centered_full_action_dqn,816,691,81.02045253813267,80.54464674770833,29.06238402426243,51.95806857347488,1.5127460453659296,16438.23300552368,0.0,26.0,0.0,1.0,0.050000000000000044,1.596924427896738,1.582142362371087,0.04927353956736624
double_centered_full_action_dqn,816,692,78.67120158821345,80.66268427222968,29.005051769316196,49.66614972949028,1.498427625745535,16715.957317352295,0.0,24.0,0.0,2.0,0.050000000000000044,2.062411203980446,2.0460319500416517,0.054597490932792425
double_centered_full_action_dqn,816,693,54.196402163803576,79.6095512147248,24.643124297261238,29.55327800810337,1.3350890576839447,13889.33927154541,0.0,16.0,0.0,1.0,0.050000000000000044,1.611548326909542,1.5984473079442978,0.043670065235346556
double_centered_full_action_dqn,816,694,69.94838690459729,78.83243192851545,26.889509610831738,43.05887716710568,1.4342386592179537,15222.829532623291,0.0,21.0,0.0,3.0,0.050000000000000044,1.8276480678468943,1.8124464098364115,0.05067216441966593
double_centered_full_action_dqn,816,695,63.30704645365476,77.66528680048884,24.677199624478817,38.62984662055969,1.3655225969851017,14085.667331695557,0.0,20.0,0.0,3.0,0.050000000000000044,2.3387548476457596,2.3237730339169502,0.049939278746023774
double_centered_full_action_dqn,816,696,46.920606875419615,75.91067750476302,23.064452804625034,23.856153884530066,1.313736335374415,12938.564933776855,0.0,16.0,0.0,1.0,0.050000000000000044,1.8655272405594587,1.8490275908261538,0.05499879433773458
double_centered_full_action_dqn,816,697,72.68194680660963,75.41476501621307,28.14386684447527,44.538080126047134,1.4520742259919643,15890.571548461914,0.0,22.0,0.0,0.0,0.050000000000000044,1.6194962486624718,1.6039804704487324,0.051719248527660966
double_centered_full_action_dqn,816,698,109.40300704538822,76.43460361905396,34.02066724002361,75.38233959674835,1.6998055456206203,19921.600749969482,0.0,32.0,0.0,0.0,0.050000000000000044,1.9682257175445557,1.9531819075345993,0.05014601116999984
double_centered_full_action_dqn,816,699,76.25116398334504,76.51137019388379,28.523301273584366,47.727862828969954,1.4621139988303185,16001.220613479614,0.0,23.0,0.0,1.0,0.050000000000000044,2.2443369328975677,2.2269062101840973,0.05810240004211664
double_centered_full_action_dqn,816,700,87.66656111627817,76.72113268971444,30.320244900882244,57.34631608128548,1.5264366399496794,17151.92363357544,0.0,26.0,0.0,3.0,0.050000000000000044,2.1176620069891214,2.1017075646668673,0.05318141123279929
double_centered_full_action_dqn,816,701,69.84468722343445,76.40460853859784,26.762619137763977,43.082068383693695,1.4397949082776904,14967.2568359375,0.0,21.0,0.0,0.0,0.050000000000000044,1.7411259971559048,1.7263474874198437,0.04926168150268495
double_centered_full_action_dqn,816,702,76.13268899172544,76.23749045081438,27.55746690183878,48.57522177696228,1.4750404870137572,15709.620292663574,0.0,23.0,0.0,4.0,0.050000000000000044,2.215080540627241,2.2005535811185837,0.04842320270836353
double_centered_full_action_dqn,816,703,79.63998006284237,76.55763716302813,27.972727745771408,51.667251631617546,1.4881962966173887,16357.29983139038,0.0,23.0,0.0,2.0,0.050000000000000044,2.6047061532735825,2.5890568047761917,0.05216462700627744
double_centered_full_action_dqn,816,704,81.07708747833968,76.61339405007661,31.48297941684723,49.594108337163924,1.5294143725186586,17896.92022705078,0.0,24.0,0.0,1.0,0.050000000000000044,1.9841456711292267,1.9642123822122812,0.0664443513378501
double_centered_full_action_dqn,816,705,87.03974062353373,76.96105361297728,32.36720382422209,54.67253696322441,1.5825787130743265,18614.884719848633,0.0,25.0,0.0,2.0,0.050000000000000044,1.8575940318405628,1.8412555195391178,0.05446170503273606
double_centered_full_action_dqn,816,706,56.41627027094364,75.81535473950208,24.045784547924995,32.370486065745354,1.3552373750135303,13649.266864776611,0.0,18.0,0.0,0.0,0.050000000000000044,2.22447706758976,2.2079586759209633,0.05506141250953078
double_centered_full_action_dqn,816,707,86.83802163004876,75.80138735257091,29.337286084890366,57.50073545575142,1.4811298418790102,16391.888542175293,0.0,26.0,0.0,3.0,0.050000000000000044,1.6454795114696026,1.6302223540842533,0.050857161870226264
double_centered_full_action_dqn,816,708,75.00541328936815,75.86278762355448,29.92869434505701,45.07671906352043,1.5678434073925018,17566.937076568604,0.0,23.0,0.0,2.0,0.050000000000000044,1.5613143518567085,1.5453849844634533,0.05309790023602545
double_centered_full_action_dqn,816,709,77.3912351667881,75.68421345718205,28.366924934089184,49.0243103146553,1.491284883581102,16560.500465393066,0.0,26.0,0.0,3.0,0.050000000000000044,1.844787085428834,1.8298247046768665,0.04987461701966822
double_centered_full_action_dqn,816,710,74.11969096362591,75.17857955880464,29.127823904156685,44.991867491602896,1.4793434394523501,16254.976360321045,0.0,21.0,0.0,2.0,0.050000000000000044,1.678470492362976,1.661965273320675,0.05501732393167913
double_centered_full_action_dqn,816,711,83.93489083051682,75.32430147342384,30.546447187662125,53.38844365775585,1.5614874605089426,17958.217449188232,0.0,24.0,0.0,1.0,0.050000000000000044,1.744430910795927,1.7284257765859365,0.053350510308519006
double_centered_full_action_dqn,816,712,82.62483520805836,75.5219831544161,28.07428413629532,54.550551012158394,1.5136739378795028,16319.277462005615,0.0,26.0,0.0,0.0,0.050000000000000044,1.864550620317459,1.8486177399754524,0.0531096113845706
double_centered_full_action_dqn,816,713,72.6420821622014,76.44426715433599,27.511984042823315,45.13009852170944,1.4527619509026408,15589.159049987793,0.0,22.0,0.0,0.0,0.050000000000000044,2.047449551522732,2.032546129077673,0.04967802786268294
double_centered_full_action_dqn,816,714,88.89997402131557,77.39184651017189,31.263763904571533,57.63621028065681,1.538077057339251,17768.921924591064,0.0,25.0,0.0,3.0,0.050000000000000044,1.7753071561455727,1.7582180611789227,0.056963685201480985
double_centered_full_action_dqn,816,715,87.2334955483675,78.58816896490752,32.742425978183746,54.49106985330582,1.5543563747778535,18261.764053344727,0.0,24.0,0.0,0.0,0.050000000000000044,1.9217579886317253,1.9050398394465446,0.05572714121080935
double_centered_full_action_dqn,816,716,83.41590321063995,80.41293378166856,31.622987553477287,51.79291518032551,1.5712530249729753,18140.796951293945,0.0,24.0,0.0,1.0,0.050000000000000044,1.779711252078414,1.7631265241652727,0.05528245307505131
double_centered_full_action_dqn,816,717,77.51612538397312,80.65464271053672,27.40534319728613,50.1107822984457,1.4623212721198797,15665.19263458252,0.0,25.0,0.0,3.0,0.050000000000000044,1.5479260012507439,1.5330611448734999,0.04954953445121646
double_centered_full_action_dqn,816,718,72.75589080154896,78.82228689834474,25.898785918951035,46.85710498690605,1.4197480073198676,14785.148178100586,0.0,24.0,0.0,0.0,0.050000000000000044,1.5930498708039522,1.5766088534146547,0.05480336514301598
double_centered_full_action_dqn,816,719,84.7662911862135,79.24804325848818,30.379577800631523,54.38671353459358,1.5102252764627337,17269.638259887695,0.0,25.0,0.0,0.0,0.050000000000000044,2.04945688508451,2.0348764024674892,0.048601641901768744
double_centered_full_action_dqn,816,720,71.50876158773899,78.44015328206122,27.00667431950569,44.50208747684955,1.4378643650561571,15410.444074630737,0.0,23.0,0.0,2.0,0.050000000000000044,1.8648531157523394,1.847985241562128,0.05622616154141724
double_centered_full_action_dqn,816,721,87.70560384839773,79.33319911330939,30.655715115368366,57.049888136982915,1.5658492119982839,17753.5532245636,0.0,25.0,0.0,3.0,0.050000000000000044,1.4118778016418219,1.3959169574081898,0.05320283048786223
double_centered_full_action_dqn,816,722,91.81517418622971,80.11732337303461,29.005281180143356,62.809893348813056,1.5128338215872645,16705.619068145752,0.0,29.0,0.0,2.0,0.050000000000000044,1.4210512805730104,1.404877856373787,0.053911413764581084
double_centered_full_action_dqn,816,723,82.21492104530334,80.24607042215764,28.272425934672356,53.942495349049565,1.49012104049325,16085.468719482422,0.0,26.0,0.0,3.0,0.050000000000000044,1.8460431676357985,1.830271054059267,0.05257366201840341
double_centered_full_action_dqn,816,724,85.6741470694542,80.47592340171339,28.78682853281498,56.887318670749664,1.5179171953350306,16692.86739730835,0.0,25.0,0.0,2.0,0.050000000000000044,2.0540069434791803,2.0373378060758114,0.05556386336684227
double_centered_full_action_dqn,816,725,76.83470545113087,79.96567164309324,27.05752818286419,49.77717744708061,1.4515944784507155,15418.916069030762,0.0,22.0,0.0,1.0,0.050000000000000044,1.9233268965035677,1.9066177383065224,0.05569717101752758
double_centered_full_action_dqn,816,726,84.94590271413327,81.39215326525272,29.056412264704704,55.88949040472507,1.478264450095594,16221.449035644531,0.0,25.0,0.0,1.0,0.050000000000000044,1.6442500241100788,1.6265116818249226,0.05912780435755849
double_centered_full_action_dqn,816,727,81.1411971539259,81.10731204144659,29.352773003280163,51.788423934578894,1.5137142091989517,16634.759693145752,0.0,24.0,0.0,2.0,0.050000000000000044,2.142395868897438,2.1246608197689056,0.059116790536791086
double_centered_full_action_dqn,816,728,85.54468214660884,81.63427548430862,28.306478925049305,57.238203623890875,1.5049952547997236,16264.0786819458,0.0,26.0,0.0,1.0,0.050000000000000044,1.78768914565444,1.7702355664223433,0.058178655337542295
double_centered_full_action_dqn,816,729,59.575750204920766,80.74350123621525,23.66158340871334,35.91416657269001,1.3505714097991586,13256.99819946289,0.0,19.0,0.0,2.0,0.050000000000000044,1.8149876054376364,1.7997783608734608,0.050697489408776164
double_centered_full_action_dqn,816,730,89.67111761868,81.52107256896795,30.957939967513084,58.71317791938782,1.5577986538410187,18055.022693634033,0.0,26.0,0.0,2.0,0.050000000000000044,1.7255114670842886,1.7108369022607803,0.04891524696722627
double_centered_full_action_dqn,816,731,86.82582786083222,81.66561942048371,28.718693897128105,58.10713384449482,1.5218984028324485,16954.20457458496,0.0,27.0,0.0,2.0,0.050000000000000044,1.745104193687439,1.730233270674944,0.04956974717788398
double_centered_full_action_dqn,816,732,79.51475466787815,81.5101153934747,30.030066177248955,49.48468838632107,1.5062440913170576,16759.644481658936,0.0,25.0,0.0,0.0,0.050000000000000044,2.2780768498778343,2.2637174874544144,0.04786451277323067
double_centered_full_action_dqn,816,733,85.99784055352211,82.17790331304073,28.909413412213326,57.088427513837814,1.5425341501832008,16658.123001098633,0.0,27.0,0.0,0.0,0.050000000000000044,2.0073708444833755,1.9915426075458527,0.05276078451424837
double_centered_full_action_dqn,816,734,66.19783910512925,81.04279656723142,27.250518791377544,38.94732036590576,1.4238379187881947,15521.883268356323,0.0,20.0,0.0,1.0,0.050000000000000044,1.5290935765951872,1.5123183727264404,0.05591733613982797
double_centered_full_action_dqn,816,735,81.49233628362417,80.75573860399426,29.232871778309345,52.25946441590786,1.4926400072872639,16442.426307678223,0.0,25.0,0.0,2.0,0.050000000000000044,1.8396426979452372,1.8220710791647434,0.05857202527113259
double_centered_full_action_dqn,816,736,80.317528668046,80.60081987686456,28.871460050344467,51.44606893062591,1.506597986444831,16411.677619934082,0.0,24.0,0.0,2.0,0.050000000000000044,1.749852268025279,1.7342966701835394,0.05185197084210813
double_centered_full_action_dqn,816,737,78.34201039373875,80.64211412735283,28.740098752081394,49.60191164910793,1.5009165331721306,16612.372161865234,0.0,24.0,0.0,0.0,0.050000000000000044,1.592753829434514,1.5762926749885082,0.05487053585238755
double_centered_full_action_dqn,816,738,68.68778163641691,80.43870866909623,25.830799341201782,42.85698187053204,1.4061514977365732,14634.462745666504,0.0,20.0,0.0,3.0,0.050000000000000044,1.7789192833006382,1.7620429750531912,0.05625438620336354
double_centered_full_action_dqn,816,739,76.27785739600658,80.01428697958588,25.792692951858044,50.48516458570957,1.4385402034968138,14782.831020355225,0.0,23.0,0.0,2.0,0.050000000000000044,2.0758977979421616,2.059592992067337,0.054349335841834545
double_centered_full_action_dqn,816,740,93.95129957199097,81.13641387879849,32.83231982588768,61.118979865312575,1.6205161632969975,19046.544536590576,0.0,29.0,0.0,1.0,0.050000000000000044,1.921966128051281,1.9060524962842464,0.05304545536637306
double_centered_full_action_dqn,816,741,72.82227361947298,80.39224736735225,27.84093850106001,44.98133523762226,1.4767280938103795,16028.044036865234,0.0,23.0,0.0,1.0,0.050000000000000044,1.756932282820344,1.7421546168625355,0.049258854473009706
double_centered_full_action_dqn,816,742,84.59865947961808,80.03142163202168,29.509837672114372,55.08882136046886,1.4910114668309689,16578.875122070312,0.0,26.0,0.0,1.0,0.050000000000000044,2.2074522841721773,2.1902869045734406,0.05721799749881029
double_centered_full_action_dqn,816,743,76.60896477103233,79.75112381830812,27.96869106590748,48.6402734965086,1.5491890348494053,16684.126865386963,0.0,24.0,0.0,1.0,0.050000000000000044,2.338187165558338,2.3193612322211266,0.06275317980907857
double_centered_full_action_dqn,816,744,86.70357889682055,79.80259540967644,30.168808199465275,56.53477030992508,1.5272298585623503,17185.94702911377,0.0,26.0,0.0,1.0,0.050000000000000044,1.9953553304076195,1.977060727775097,0.06098201754502952
double_centered_full_action_dqn,816,745,84.1813351303339,80.16992689363659,28.976456090807915,55.20487886071205,1.5148012209683657,16981.194358825684,0.0,25.0,0.0,1.0,0.050000000000000044,1.8645635265856981,1.849594708532095,0.04989601857960224
double_centered_full_action_dqn,816,746,79.40734575837851,79.89299904584887,29.029090277850628,50.37825576364994,1.4854410467669368,16541.48504257202,0.0,23.0,0.0,2.0,0.050000000000000044,1.6595294885337353,1.644788384437561,0.04913697484880686
double_centered_full_action_dqn,816,747,79.66171068102122,79.81902472220364,28.385298497974873,51.27641215324402,1.5058760549873114,16506.504821777344,0.0,24.0,0.0,2.0,0.050000000000000044,1.949149876832962,1.9352575093507767,0.04630792001262307
double_centered_full_action_dqn,816,748,87.01340110599995,79.89246067017318,29.934783056378365,57.07861831784248,1.5261776754632592,17144.187019348145,0.0,27.0,0.0,0.0,0.050000000000000044,1.9924052953720093,1.9759331792593002,0.054907044395804405
double_centered_full_action_dqn,816,749,66.91597056537867,80.25947168819607,26.432598993182182,40.48337114751339,1.4315037028864026,14989.07398223877,0.0,21.0,0.0,1.0,0.050000000000000044,1.7024663016200066,1.6860633455216885,0.0546764456667006
double_centered_full_action_dqn,816,750,80.66182900965214,79.80900725774468,27.90947937965393,52.752349466085434,1.4684933964163065,16225.978115081787,0.0,24.0,0.0,0.0,0.050000000000000044,1.4952019285410643,1.4790962394326925,0.05368561460636556
double_centered_full_action_dqn,816,751,106.32136062681676,80.7837838960439,35.141925156116486,71.17943554520608,1.6678494531661272,20036.919525146484,0.0,33.0,0.0,2.0,0.050000000000000044,1.72210025601089,1.704715982079506,0.057947579538449645
double_centered_full_action_dqn,816,752,71.29645621180535,80.37286897324027,28.316337451338768,42.980118268728255,1.5010518226772547,16332.192497253418,0.0,22.0,0.0,1.0,0.050000000000000044,1.9987108074128628,1.984015753492713,0.04898357670754194
double_centered_full_action_dqn,816,753,88.29921651333571,80.48793777123095,32.33890451490879,55.96031156629324,1.580660211853683,18096.6586227417,0.0,25.0,0.0,3.0,0.050000000000000044,1.8536143712699413,1.83762445487082,0.05329971294850111
double_centered_full_action_dqn,816,754,87.49058493375779,81.55257506266238,29.17288874089718,58.31769644618034,1.511260042898357,16757.855487823486,0.0,27.0,0.0,2.0,0.050000000000000044,1.9641250912100077,1.9482493959367275,0.05291897873394191
double_centered_full_action_dqn,816,755,81.31623439639807,81.54376996830106,28.72597874701023,52.590255910158156,1.5100136389955878,16857.694305419922,0.0,24.0,0.0,1.0,0.050000000000000044,1.8848957289010286,1.870862953364849,0.04677588143385947
double_centered_full_action_dqn,816,756,84.8603315666318,81.77091011323037,29.692745558917522,55.167585828900336,1.5428805574774742,17202.51870727539,0.0,24.0,0.0,2.0,0.050000000000000044,1.608127236366272,1.5922628417611122,0.0528813973069191
double_centered_full_action_dqn,816,757,87.00151208341121,82.20388519771399,29.931522399187088,57.06999014616012,1.5573377488180995,17369.76277923584,0.0,25.0,0.0,4.0,0.050000000000000044,2.0001642871648073,1.9849652107805014,0.050663602305576205
double_centered_full_action_dqn,816,758,85.10810998082161,83.02490161493422,30.037041038274765,55.071068942546844,1.549561713822186,17116.84873199463,0.0,25.0,0.0,0.0,0.050000000000000044,2.074360068887472,2.0582727044820786,0.0536246292758733
double_centered_full_action_dqn,816,759,77.39035892784595,83.08052669152617,28.3390786126256,49.051280695199964,1.486278261989355,16528.336208343506,0.0,23.0,0.0,2.0,0.050000000000000044,1.630147686228156,1.6136826276779175,0.05488353478722274
double_centered_full_action_dqn,816,760,100.5212240755558,83.40902291670443,33.58183854073286,66.93938587009907,1.5850261645391583,18822.783889770508,0.0,30.0,0.0,2.0,0.050000000000000044,1.5708497986197472,1.55543327704072,0.05138845229521394
double_centered_full_action_dqn,816,761,89.50509844124318,84.24316415779293,30.85530422627926,58.64979418516159,1.6052819974720478,18367.665649414062,0.0,26.0,0.0,2.0,0.050000000000000044,1.6456952672451735,1.630066704005003,0.05209526838734746
double_centered_full_action_dqn,816,762,80.96287294477224,84.06137483105064,29.24906388670206,51.71380925178528,1.4999209214001894,16787.086681365967,0.0,24.0,0.0,1.0,0.050000000000000044,2.039873879402876,2.025411669164896,0.04820731864310801
double_centered_full_action_dqn,816,763,75.86891831457615,84.02437250822784,27.14565782248974,48.723260670900345,1.463255386799574,15645.337238311768,0.0,23.0,0.0,0.0,0.050000000000000044,1.8256989680230618,1.811344077810645,0.04784964199643582
double_centered_full_action_dqn,816,764,65.9526074230671,82.98682393454017,25.45496866852045,40.497638419270515,1.3669659364968538,14028.823295593262,0.0,22.0,0.0,0.0,0.050000000000000044,1.5935669261962175,1.5789707396179438,0.04865391016937792
double_centered_full_action_dqn,816,765,96.14163937866688,83.58483914695681,32.139186292886734,64.00245405435562,1.560979806818068,18130.47076034546,0.0,27.0,0.0,4.0,0.050000000000000044,1.670225029811263,1.654400622472167,0.05274809175170958
double_centered_full_action_dqn,816,766,93.72223807871342,84.30058376297356,30.4852926582098,63.23694571852684,1.5382164558395743,17373.892181396484,0.0,30.0,0.0,0.0,0.050000000000000044,1.9486590009182692,1.9342337027192116,0.04808426043018699
double_centered_full_action_dqn,816,767,63.321620942652224,83.48357927605511,25.446077339351177,37.87554361820221,1.4102244703099132,14580.467391967773,0.0,18.0,0.0,1.0,0.050000000000000044,1.3359091356396675,1.3192968927323818,0.055374147137627006
double_centered_full_action_dqn,816,768,73.60320435911417,82.81306943871081,25.674810834228992,47.92839313745499,1.438408981077373,15251.95482635498,0.0,22.0,0.0,3.0,0.050000000000000044,1.3537378180772066,1.3376765735447407,0.053537492640316486
double_centered_full_action_dqn,816,769,63.06006770133972,82.62027429550888,25.257137276232243,37.802930164337155,1.4168454026803374,14672.024229049683,0.0,18.0,0.0,2.0,0.050000000000000044,1.4041679576039314,1.3875187374651432,0.05549744353629649
double_centered_full_action_dqn,816,770,80.8366857022047,82.62901713013649,28.932084672152996,51.904600977897644,1.5244774241000414,17271.861598968506,0.0,24.0,0.0,1.0,0.050000000000000044,1.6626694332808256,1.646149393171072,0.055066802306100726
double_centered_full_action_dqn,816,771,84.6205151155591,81.5439748545736,29.995216332376003,54.62529833614826,1.529864919371903,17194.239234924316,0.0,24.0,0.0,2.0,0.050000000000000044,1.5580041036009789,1.541122293099761,0.0562727153301239
double_centered_full_action_dqn,816,772,81.2125818297267,82.03978113546967,28.22727594524622,52.9853057205677,1.5051531223580241,16701.944080352783,0.0,26.0,0.0,2.0,0.050000000000000044,1.3736868053674698,1.3579215351492167,0.05255086300894618
double_centered_full_action_dqn,816,773,70.87790135443211,81.1687153775245,27.350925140082836,43.526976422965525,1.4569254564121366,15729.130290985107,0.0,22.0,0.0,2.0,0.050000000000000044,1.5293755158782005,1.5132744014263153,0.05367043288424611
double_centered_full_action_dqn,816,774,79.6693806156516,80.7776551616192,27.23728247731924,52.432098257541654,1.4471418717876077,15175.612777709961,0.0,24.0,0.0,2.0,0.050000000000000044,1.8293602112680674,1.8134159687906504,0.05314740282483399
double_centered_full_action_dqn,816,775,81.16595245301724,80.77014106445014,29.3200763463974,51.84587615132332,1.515709325671196,17136.059143066406,0.0,23.0,0.0,2.0,0.050000000000000044,1.5395650658756495,1.5241453927010298,0.05139889125712216
double_centered_full_action_dqn,816,776,58.54437435567379,79.45434320390225,25.135778695344925,33.408595675230025,1.3854646049439907,14174.10641670227,0.0,16.0,0.0,1.0,0.050000000000000044,2.0089293494820595,1.9929997231811285,0.053098733304068446
double_centered_full_action_dqn,816,777,82.1883252799511,79.21368386372924,26.982529938220978,55.20579501390457,1.452247690409422,15842.369674682617,0.0,25.0,0.0,1.0,0.050000000000000044,1.8355467580258846,1.8184647113084793,0.05694008059799671
double_centered_full_action_dqn,816,778,81.45866420865059,79.0312115751207,29.34036096930504,52.11830295622349,1.5216724639758468,16552.335289001465,0.0,23.0,0.0,1.0,0.050000000000000044,1.5099379904568195,1.494673427194357,0.050881908275187016
double_centered_full_action_dqn,816,779,90.26551026105881,79.67496914178135,32.19432596117258,58.07118467986584,1.585940359160304,18779.639163970947,0.0,27.0,0.0,0.0,0.050000000000000044,1.3903265725821257,1.375349523499608,0.04992350609973073
double_centered_full_action_dqn,816,780,87.39667997509241,79.01874193675816,30.39508233219385,57.00159753859043,1.5714778862893581,17490.244216918945,0.0,26.0,0.0,0.0,0.050000000000000044,1.6957377530634403,1.6808580197393894,0.0495991506613791
double_centered_full_action_dqn,816,781,84.79354530870914,78.78316428013146,29.7099526822567,55.08359267115593,1.5116584533825517,17012.837886810303,0.0,26.0,0.0,2.0,0.050000000000000044,1.7003706563264132,1.6850346848368645,0.05111980973742902
double_centered_full_action_dqn,816,782,86.2314253911376,79.04659190244972,30.375916473567486,55.85550940930843,1.5395510531961918,17376.54518508911,0.0,27.0,0.0,1.0,0.050000000000000044,1.422622637823224,1.408925887197256,0.045655822614207864
double_centered_full_action_dqn,816,783,84.67564348578453,79.48692816101016,29.7837475836277,54.891895812749866,1.5064537404105067,17099.62145614624,0.0,25.0,0.0,3.0,0.050000000000000044,1.9456150531768799,1.9304827526211739,0.0504410055000335
double_centered_full_action_dqn,816,784,69.25361787974835,79.6519786838442,26.754684284329414,42.49893378913403,1.4390283711254597,14972.974647521973,0.0,20.0,0.0,3.0,0.050000000000000044,1.7659879978746176,1.7501344326883554,0.052845212165266275
double_centered_full_action_dqn,816,785,77.31416818797588,78.71060512430967,27.748505741357803,49.5656630128622,1.4531273748725653,15465.451541900635,0.0,24.0,0.0,2.0,0.050000000000000044,1.7667869552969933,1.7509975284337997,0.05263135186396539
double_centered_full_action_dqn,816,786,72.5275719717145,77.6508718189597,27.39849641919136,45.12907538115978,1.4681206932291389,15671.226463317871,0.0,22.0,0.0,2.0,0.050000000000000044,1.6980781890451908,1.6825026627629995,0.05191845679655671
double_centered_full_action_dqn,816,787,81.85416188240052,78.57749886594713,27.724260456860065,54.129901656508444,1.4708889657631516,16165.779644012451,0.0,26.0,0.0,3.0,0.050000000000000044,1.9789886269718409,1.9632817655801773,0.052356191677972674
double_centered_full_action_dqn,816,788,80.96397875249386,78.94553758561611,27.94860342144966,53.01537588238716,1.4811852369457483,16285.388595581055,0.0,23.0,0.0,0.0,0.050000000000000044,1.3872024677693844,1.370405687019229,0.055989262415096164
double_centered_full_action_dqn,816,789,73.43841136395932,79.46445476874709,27.29499462991953,46.14341703951359,1.4789772992953658,15728.36349105835,0.0,22.0,0.0,1.0,0.050000000000000044,1.9890723060816526,1.9746744986623526,0.047992713982239366
double_centered_full_action_dqn,816,790,73.69260355979205,79.10725066162647,26.41675617545843,47.27584805488586,1.4698504405096173,15461.894752502441,0.0,23.0,0.0,2.0,0.050000000000000044,1.5062725022435188,1.4900654293596745,0.054023593896999955
double_centered_full_action_dqn,816,791,78.38372307270765,78.7954110594839,29.542226620018482,48.8414968252182,1.5255446936935186,17040.925928115845,0.0,23.0,0.0,0.0,0.050000000000000044,1.3482701610773802,1.3315994553267956,0.0555690061300993
double_centered_full_action_dqn,816,792,80.87575055062771,78.77856949552896,29.163053900003433,51.71269624829292,1.513197498396039,16845.871063232422,0.0,23.0,0.0,1.0,0.050000000000000044,1.9565838873386383,1.9396497681736946,0.056447077775374055
double_centered_full_action_dqn,816,793,77.6602087944746,79.11768486753107,28.9453164935112,48.714892137050626,1.5111800590530038,16587.05206680298,0.0,23.0,0.0,2.0,0.050000000000000044,1.6535464599728584,1.6390747744590044,0.04823899827897549
double_centered_full_action_dqn,816,794,89.55887560844421,79.61215961717069,30.530731320381165,59.02814430296421,1.583718966692686,17638.64657974243,0.0,26.0,0.0,4.0,0.050000000000000044,1.7658127155154943,1.7510617971420288,0.04916970431804657
double_centered_full_action_dqn,816,795,86.24354530125856,79.86603925958276,28.1158781722188,58.12766695022583,1.5078181056305766,16430.779609680176,0.0,25.0,0.0,1.0,0.050000000000000044,1.3999762944877148,1.3856563344597816,0.04773318953812122
double_centered_full_action_dqn,816,796,94.46620977818966,81.66213103070854,32.67545757442713,61.79075195789337,1.6001530112698674,18673.282077789307,0.0,28.0,0.0,1.0,0.050000000000000044,1.6803642865270376,1.6648271549493074,0.05179048632271588
double_centered_full_action_dqn,816,797,74.71353393793106,81.28839146360755,28.324486523866653,46.38904723525047,1.4936948530375957,16373.567485809326,0.0,23.0,0.0,1.0,0.050000000000000044,2.035630976781249,2.020122643560171,0.05169435450807214
double_centered_full_action_dqn,816,798,96.3013244047761,82.03052447341383,33.09019763022661,63.21112650632858,1.5925572393462062,19018.22989654541,0.0,29.0,0.0,1.0,0.050000000000000044,1.7568799890577793,1.74190385453403,0.04992046393454075
double_centered_full_action_dqn,816,799,81.66285098344088,81.60039150953294,28.40730118751526,53.25554941594601,1.472184395417571,16137.394786834717,0.0,26.0,0.0,1.0,0.050000000000000044,1.967895932495594,1.9524473771452904,0.051495230523869395
double_centered_full_action_dqn,816,800,69.8575633853674,80.72343568004668,27.17763739824295,42.67992624044418,1.4311075154691935,15357.842266082764,0.0,20.0,0.0,1.0,0.050000000000000044,1.799489976838231,1.7847685739398003,0.04907136759720743
double_centered_full_action_dqn,816,801,80.83479868173599,80.52549834869802,31.028938576579094,49.80585968792438,1.5559252174571157,17585.259071350098,0.0,24.0,0.0,3.0,0.050000000000000044,1.8685558568686247,1.8530353773385286,0.0517349683213979
double_centered_full_action_dqn,816,802,79.61635331213475,80.19474474474788,29.64951890707016,49.96683471798897,1.5368138747289777,17251.828353881836,0.0,24.0,0.0,1.0,0.050000000000000044,1.9267354533076286,1.9113434236496687,0.05130680510774255
double_centered_full_action_dqn,816,803,48.02040971070528,78.36198305599393,22.74149041622877,25.27891904115677,1.3061156086623669,12679.86854171753,0.0,16.0,0.0,0.0,0.050000000000000044,2.064393887296319,2.0495580453425646,0.04945284151472151
double_centered_full_action_dqn,816,804,78.53294816613197,78.8259495703131,29.198141530156136,49.33480720221996,1.5364940045401454,16933.184198379517,0.0,23.0,0.0,0.0,0.050000000000000044,2.1170690041035414,2.1021895315498114,0.04959825938567519
double_centered_full_action_dqn,816,805,82.18090755492449,79.06928653866052,31.2293374016881,50.95157001912594,1.5588172962889075,17851.142112731934,0.0,25.0,0.0,1.0,0.050000000000000044,1.8397379722446203,1.8226455748081207,0.056974700186401606
double_centered_full_action_dqn,816,806,78.74062911123038,79.37993939563631,28.10173600912094,50.63889254331589,1.4713819045573473,16334.810592651367,0.0,23.0,0.0,3.0,0.050000000000000044,1.3874510508030653,1.3710590247064829,0.05464007239788771
double_centered_full_action_dqn,816,807,78.41208508610725,79.20783555582166,28.55945873260498,49.85262596607208,1.5418600430712104,17146.857917785645,0.0,23.0,0.0,1.0,0.050000000000000044,2.122733410447836,2.1064625307917595,0.054236264899373055
double_centered_full_action_dqn,816,808,81.07570452988148,79.21342184469104,27.925290286540985,53.15041387081146,1.5130411721765995,16839.829639434814,0.0,24.0,0.0,1.0,0.050000000000000044,1.743124894797802,1.7288090027868748,0.04771964845713228
double_centered_full_action_dqn,816,809,72.02470412105322,79.14273648254573,26.97513683885336,45.04956743121147,1.436374926008284,15414.576843261719,0.0,23.0,0.0,2.0,0.050000000000000044,1.9177035856992006,1.9027433227747679,0.04986750171519816
double_centered_full_action_dqn,816,810,66.71114168465138,78.7936633887887,26.571654975414276,40.13948715627193,1.4488344714045525,15298.744792938232,0.0,19.0,0.0,1.0,0.050000000000000044,1.8734593782573938,1.8580000475049019,0.05153108201920986
double_centered_full_action_dqn,816,811,74.98827042579651,78.62389075644315,28.225643813610077,46.76262676119804,1.4692422272637486,15633.239555358887,0.0,22.0,0.0,1.0,0.050000000000000044,1.6961676646023989,1.6804237999022007,0.05247952661011368
double_centered_full_action_dqn,816,812,78.06581874191761,78.48339416600763,28.414950370788574,49.650868102908134,1.4944146238267422,16529.594581604004,0.0,23.0,0.0,0.0,0.050000000000000044,1.5253484174609184,1.5101951099932194,0.05051107727922499
double_centered_full_action_dqn,816,813,64.9211986809969,77.84644366033376,25.059299379587173,39.86189928650856,1.3619402693584561,14369.110130310059,0.0,22.0,0.0,0.0,0.050000000000000044,1.7068522572517395,1.6925179846584797,0.04778089537285268
double_centered_full_action_dqn,816,814,78.19904150217772,77.27845195502043,27.73782505095005,50.46121650338173,1.4873843165114522,16056.905944824219,0.0,25.0,0.0,1.0,0.050000000000000044,1.8960576206445694,1.8818946033716202,0.047210040618665516
double_centered_full_action_dqn,816,815,87.17912130206824,77.32523075506091,30.60658346861601,56.57253804206848,1.5477218870073557,17849.92222213745,0.0,24.0,0.0,3.0,0.050000000000000044,1.8034085240215063,1.7877281047403812,0.05226802406832576
double_centered_full_action_dqn,816,816,80.55289907306432,76.62956521980465,27.7617269679904,52.79117194116115,1.4886336559429765,15900.49101638794,0.0,24.0,0.0,3.0,0.050000000000000044,1.8989613950252533,1.8836740627884865,0.05095775262452662
double_centered_full_action_dqn,816,817,89.79923705309629,77.38385037556291,30.69251837581396,59.10671866238117,1.511256793513894,17131.872787475586,0.0,28.0,0.0,2.0,0.050000000000000044,1.49422706104815,1.4777024779468775,0.05508196214213967
double_centered_full_action_dqn,816,818,64.83066397607327,75.81031735412776,25.12680622935295,39.70385755300522,1.405018100515008,14522.56895828247,0.0,20.0,0.0,3.0,0.050000000000000044,1.8731223326176405,1.8568011969327927,0.05440377211198211
double_centered_full_action_dqn,816,819,70.57058853805066,75.25570423185826,27.370323985815048,43.200264596939085,1.4053380955010653,15090.49740600586,0.0,22.0,0.0,1.0,0.050000000000000044,1.5235858093947172,1.5062193851917982,0.057888037292286754
double_centered_full_action_dqn,816,820,86.80283773839474,76.10296794950963,30.3990927785635,56.40374487042427,1.5416704444214702,17330.459926605225,0.0,25.0,0.0,2.0,0.050000000000000044,1.810529800131917,1.7952658794820309,0.05087976553477347
double_centered_full_action_dqn,816,821,73.31095916032791,75.72677597343923,25.421531289815903,47.88942748308182,1.399874926544726,14948.767349243164,0.0,22.0,0.0,2.0,0.050000000000000044,1.5295011345297098,1.5143726971000433,0.050428120186552405
double_centered_full_action_dqn,816,822,84.11738328635693,75.95182747215034,29.766880840063095,54.35050308704376,1.5269579328596592,17333.24256515503,0.0,25.0,0.0,1.0,0.050000000000000044,1.8539950773119926,1.8367893602699041,0.057352403877303004
double_centered_full_action_dqn,816,823,101.68543455004692,78.63507871411741,33.6494655162096,68.03596919775009,1.6143806129693985,19184.41535949707,0.0,29.0,0.0,0.0,0.050000000000000044,1.8081673439592123,1.7903802413493395,0.05929028312675655
double_centered_full_action_dqn,816,824,79.71343030035496,78.69410282082856,28.11854512989521,51.59488467872143,1.5065771453082561,16125.999126434326,0.0,24.0,0.0,0.0,0.050000000000000044,1.6119858957827091,1.5967354103922844,0.050834896974265575
double_centered_full_action_dqn,816,825,93.79653439074755,79.27488416261971,31.867280796170235,61.929253527522086,1.5752969840541482,18007.934421539307,0.0,28.0,0.0,3.0,0.050000000000000044,1.8346927240490913,1.8167463056743145,0.05982141452841461
double_centered_full_action_dqn,816,826,63.94556676894426,78.53513104550542,23.904484689235687,40.04108213186264,1.3671725625172257,13422.90558052063,0.0,20.0,0.0,3.0,0.050000000000000044,2.25551900267601,2.2382858619093895,0.057443842524662614
double_centered_full_action_dqn,816,827,80.6663525491953,78.64784441865982,31.507454335689545,49.158898243308066,1.5659043146297336,18259.985580444336,0.0,24.0,0.0,3.0,0.050000000000000044,1.925911856815219,1.9090995788574219,0.05604093451984227
double_centered_full_action_dqn,816,828,77.21671204417945,78.45489479437472,27.685925535857677,49.53078674674034,1.4591247700154781,16306.615879058838,0.0,25.0,0.0,1.0,0.050000000000000044,1.7233541868627071,1.7082132287323475,0.050469852052628994
double_centered_full_action_dqn,816,829,87.59558832794428,79.23343900471926,30.599593229591846,56.99599538147449,1.5235034134238958,17381.765590667725,0.0,26.0,0.0,1.0,0.050000000000000044,1.6106592640280724,1.5956737156957388,0.04995184647850692
double_centered_full_action_dqn,816,830,68.50557871162891,79.32316085606814,26.89787085354328,41.60770809650421,1.4280692990869284,15497.942056655884,0.0,20.0,0.0,2.0,0.050000000000000044,2.115295112133026,2.0982982888817787,0.05665605585090816
double_centered_full_action_dqn,816,831,70.40996878147125,79.09424577385188,27.0773778706789,43.33259071707725,1.437850832939148,15545.356643676758,0.0,21.0,0.0,2.0,0.050000000000000044,1.7281383890658617,1.7121387403458357,0.05333218048326671
double_centered_full_action_dqn,816,832,82.69367161542178,79.32563841752709,28.935776464641094,53.757895180583,1.5091538494452834,16470.2331867218,0.0,26.0,0.0,1.0,0.050000000000000044,1.681338170543313,1.6654216684401035,0.053054990945383906
double_centered_full_action_dqn,816,833,91.50345991849899,80.65475147940218,31.565736919641495,59.93772292435169,1.5869830045849085,18028.486972808838,0.0,27.0,0.0,3.0,0.050000000000000044,2.0536894481629133,2.039943354204297,0.04582026577554643
double_centered_full_action_dqn,816,834,80.52450601160527,80.77102470487357,29.82201609760523,50.702489817142485,1.5190874421969056,16959.68978881836,0.0,23.0,0.0,3.0,0.050000000000000044,1.9576067477464676,1.9409237634390593,0.055609977105632424
double_centered_full_action_dqn,816,835,83.76806136965752,80.60047170825302,29.62413900345564,54.14392228424549,1.5031992550939322,16785.70849609375,0.0,27.0,0.0,0.0,0.050000000000000044,1.5505124442279339,1.5358268097043037,0.04895214759744704
double_centered_full_action_dqn,816,836,82.3811446428299,80.69188398674132,27.484431073069572,54.896713614463806,1.472044302150607,15783.39083480835,0.0,27.0,0.0,2.0,0.050000000000000044,1.654283568263054,1.6384554598480463,0.052760383347049356
double_centered_full_action_dqn,816,837,76.31669221222401,80.0177567446977,27.512008875608444,48.80468399226665,1.4813044872134924,15917.591396331787,0.0,23.0,0.0,1.0,0.050000000000000044,1.9936468061059713,1.9783974420279264,0.05083120730705559
double_centered_full_action_dqn,816,838,88.61335487961769,81.2068912898749,30.346724167466164,58.266630473732945,1.5257674986496568,17189.452110290527,0.0,27.0,0.0,2.0,0.050000000000000044,1.493067292496562,1.477393887937069,0.052244701189920306
double_centered_full_action_dqn,816,839,65.93330068141222,80.975026897043,25.230492427945137,40.702808275818825,1.4023262821137905,14187.620349884033,0.0,22.0,0.0,2.0,0.050000000000000044,1.9148870054632425,1.8987937308847904,0.05364425224252045
double_centered_full_action_dqn,816,840,73.50525523126126,80.31014777168633,26.158564053475857,47.34669112563133,1.4368069488555193,14966.136722564697,0.0,23.0,0.0,2.0,0.050000000000000044,1.8509501591324806,1.8358667939901352,0.05027784523554146
double_centered_full_action_dqn,816,841,83.84698032736779,80.83694883003832,28.66488243639469,55.18209801018238,1.4885755684226751,16314.287265777588,0.0,26.0,0.0,1.0,0.050000000000000044,2.068479932844639,2.053565578535199,0.04971449775621295
double_centered_full_action_dqn,816,842,85.80700272470713,80.92142980195584,29.2816079556942,56.525394985079764,1.5194459464401007,17067.905460357666,0.0,24.0,0.0,1.0,0.050000000000000044,1.972711382433772,1.9573258124291897,0.05128522403538227
double_centered_full_action_dqn,816,843,95.09391499459744,80.59185382418336,32.13392002880573,62.959994518756865,1.62438849452883,19102.995609283447,0.0,27.0,0.0,2.0,0.050000000000000044,1.5833902470767498,1.5668774601072073,0.05504260794259608
double_centered_full_action_dqn,816,844,93.36795921027661,81.27458026967945,31.842968925833702,61.52498980760574,1.5726129096001387,18040.231826782227,0.0,28.0,0.0,1.0,0.050000000000000044,1.9822180047631264,1.9662086367607117,0.05336459958925843
double_centered_full_action_dqn,816,845,92.3114553540945,81.20032631784679,31.833915919065475,60.47753967344761,1.5560993188992143,18253.835830688477,0.0,28.0,0.0,0.0,0.050000000000000044,1.5575132220983505,1.541378915309906,0.05378097202628851
double_centered_full_action_dqn,816,846,80.0019480675459,82.00314538277686,30.96903944015503,49.032908180356024,1.5376728055998683,17419.793949127197,0.0,22.0,0.0,1.0,0.050000000000000044,1.3772674221545458,1.3614097032696009,0.05285904312040657
double_centered_full_action_dqn,816,847,79.21137637794018,81.93039657421411,28.918633490800858,50.29274302124977,1.5484566036611795,17376.615997314453,0.0,23.0,0.0,1.0,0.050000000000000044,1.9018701259046793,1.8871169462800026,0.04917724430561066
double_centered_full_action_dqn,816,848,72.68040279597044,81.70358111180366,26.304501459002495,46.375901627540586,1.4267326146364212,14918.614585876465,0.0,21.0,0.0,2.0,0.050000000000000044,1.6884620059281588,1.6737403459846973,0.04907218203879893
double_centered_full_action_dqn,816,849,88.77774096429349,81.76268874362111,31.29072031378746,57.48702059090137,1.5822373563423753,18285.95956802368,0.0,24.0,0.0,1.0,0.050000000000000044,1.9156484138220549,1.900865413248539,0.04927662177942693
double_centered_full_action_dqn,816,850,89.6327390819788,82.81904676213861,32.38150480389595,57.25123402476311,1.6084767347201705,18710.131896972656,0.0,27.0,0.0,1.0,0.050000000000000044,1.8853875808417797,1.8701249063014984,0.05087566399015486
double_centered_full_action_dqn,816,851,72.32871229201555,82.91498393766582,27.11066561192274,45.21804629266262,1.4525660993531346,15755.763450622559,0.0,23.0,0.0,0.0,0.050000000000000044,2.086143959313631,2.0720855742692947,0.04686125717125833
double_centered_full_action_dqn,816,852,81.47126325964928,82.8538635198772,30.264606788754463,51.206656366586685,1.5304977716878057,17155.917503356934,0.0,24.0,0.0,0.0,0.050000000000000044,1.9239893406629562,1.9093733541667461,0.04871989227831364
double_centered_full_action_dqn,816,853,70.7318275436759,81.81528190113605,27.989817775785923,42.74200996160507,1.4535132013261318,15644.114944458008,0.0,22.0,0.0,1.0,0.050000000000000044,2.1499210968613625,2.1339410599321127,0.05326679744757712
double_centered_full_action_dqn,816,854,76.70954203009606,81.6245337020606,28.275500409305096,48.43404188156128,1.4908334705978632,16439.644926071167,0.0,24.0,0.0,1.0,0.050000000000000044,1.9660418145358562,1.9500365629792213,0.05335082905367017
double_centered_full_action_dqn,816,855,74.08994439542293,81.14062785334886,26.6172593832016,47.47268498241901,1.4568395866081119,15599.378269195557,0.0,25.0,0.0,2.0,0.050000000000000044,2.0570643711835146,2.041381236165762,0.05227708839811385
double_centered_full_action_dqn,816,856,97.46491027772427,81.89481613509358,33.92376011610031,63.54114987850189,1.6284551778808236,19428.093105316162,0.0,28.0,0.0,3.0,0.050000000000000044,1.7373639233410358,1.7217813320457935,0.051941956393420696
double_centered_full_action_dqn,816,857,88.83605493605137,82.52078427128495,29.445402354002,59.390652909874916,1.5315800905227661,17047.13161087036,0.0,28.0,0.0,2.0,0.050000000000000044,1.5733595844358206,1.557781632989645,0.05192651133984327
double_centered_full_action_dqn,816,858,86.89114219099284,82.43467363685372,29.44669768959284,57.444444024562834,1.5266318498179317,17018.24447631836,0.0,28.0,0.0,2.0,0.050000000000000044,1.8097364157438278,1.7945890203118324,0.050491384230554104
double_centered_full_action_dqn,816,859,74.46190462261438,82.8611038339138,27.19033443927765,47.271570563316345,1.445222751237452,15462.121040344238,0.0,22.0,0.0,0.0,0.050000000000000044,2.212704101577401,2.196481317281723,0.05407598661258817
double_centered_full_action_dqn,816,860,53.4544536948204,81.85856375709176,22.993853710591793,30.46060023009777,1.3331597363576293,13177.745166778564,0.0,17.0,0.0,2.0,0.050000000000000044,1.7864721287041903,1.7709830831736326,0.05163021734915674
double_centered_full_action_dqn,816,861,75.98510981351137,81.46547023139894,28.144402243196964,47.84070748090744,1.4605585653334856,15685.358436584473,0.0,22.0,0.0,1.0,0.050000000000000044,1.7836069706827402,1.7682683691382408,0.05112871911842376
double_centered_full_action_dqn,816,862,85.31818074882031,81.4410291326046,28.88566169142723,56.43251928091049,1.508511032909155,16626.08129119873,0.0,25.0,0.0,1.0,0.050000000000000044,1.776254516094923,1.7614233437925577,0.04943725769408047
double_centered_full_action_dqn,816,863,96.79883497357369,81.52627513155342,32.10772480070591,64.6911095917225,1.579603004269302,18608.008056640625,0.0,29.0,0.0,1.0,0.050000000000000044,2.048080399632454,2.032204657793045,0.05291906883940101
double_centered_full_action_dqn,816,864,103.49690388143063,82.03272236511113,34.486072808504105,69.01083099842072,1.672776347026229,19698.085250854492,0.0,29.0,0.0,1.0,0.050000000000000044,1.4714627265930176,1.4573779851198196,0.04694910952821374
double_centered_full_action_dqn,816,865,58.13074870407581,80.3236870326102,24.94822070002556,33.182527124881744,1.3733098544180393,14261.352661132812,0.0,18.0,0.0,0.0,0.050000000000000044,1.7532903831452131,1.739178378134966,0.047040055273100734
double_centered_full_action_dqn,816,866,91.42968955785037,80.89507410712541,29.46870017796755,61.96098859012127,1.556196260266006,17433.957651138306,0.0,27.0,0.0,2.0,0.050000000000000044,1.4679005779325962,1.4518441166728735,0.05352154723368585
double_centered_full_action_dqn,816,867,68.5194579064846,80.36047818355263,26.650338768959045,41.86911888420582,1.4308827929198742,15230.748405456543,0.0,21.0,0.0,0.0,0.050000000000000044,2.207673128694296,2.190428638830781,0.05748166888952255
double_centered_full_action_dqn,816,868,92.87691193073988,81.3703036402911,30.96223273873329,61.91467934846878,1.5808276440948248,18085.984901428223,0.0,31.0,0.0,1.0,0.050000000000000044,1.3969869893044233,1.3799609746783972,0.05675333342514932
double_centered_full_action_dqn,816,869,79.23547487854958,80.89319033600391,28.492862656712532,50.742612519860266,1.4816674944013357,16561.413040161133,0.0,25.0,0.0,2.0,0.050000000000000044,1.6053870506584644,1.5898036696016788,0.051944640930742025
double_centered_full_action_dqn,816,870,68.32627853751183,79.82786730878055,27.023336350917816,41.30294232070446,1.4352552043274045,15281.63650894165,0.0,23.0,0.0,1.0,0.050000000000000044,1.8424313068389893,1.8268448933959007,0.051954644499346614
double_centered_full_action_dqn,816,871,102.40593558847904,81.33172847360373,33.02698735892773,69.37894849777221,1.6069146394729614,18979.85492515564,0.0,31.0,0.0,2.0,0.050000000000000044,1.7273035701364279,1.710631012916565,0.05557518103159964
double_centered_full_action_dqn,816,872,77.66162472218275,81.1412465467304,27.620084300637245,50.04154032468796,1.4542819568887353,15818.067302703857,0.0,23.0,0.0,0.0,0.050000000000000044,2.096772890537977,2.082237521186471,0.04845119942910969
double_centered_full_action_dqn,816,873,92.97205598205328,82.25325796864927,30.9259330406785,62.046123567223546,1.5532012777402997,17771.609439849854,0.0,27.0,0.0,4.0,0.050000000000000044,1.5656244028359652,1.5498167593032122,0.05269220913760364
double_centered_full_action_dqn,816,874,76.73394806236028,82.25447827026247,28.629619620740414,48.104328083992,1.4798853704705834,16622.17107772827,0.0,23.0,0.0,2.0,0.050000000000000044,1.8548827730119228,1.839906383305788,0.049921257654204965
double_centered_full_action_dqn,816,875,100.92886322885752,83.5964242119342,32.5758156478405,68.35304717868567,1.6285710986703634,18775.334396362305,0.0,29.0,0.0,1.0,0.050000000000000044,1.9653947688639164,1.9494395665824413,0.05318395956419408
double_centered_full_action_dqn,816,876,85.80896440446377,83.01362691827117,30.23230317234993,55.57666120231151,1.5341254249215126,17380.68095779419,0.0,25.0,0.0,2.0,0.050000000000000044,1.6081973128020763,1.5919888578355312,0.05402812547981739
double_centered_full_action_dqn,816,877,86.31874271631241,82.88776130728425,29.753317810595036,56.56542479395866,1.5129525819793344,16766.195278167725,0.0,26.0,0.0,1.0,0.050000000000000044,1.470508711412549,1.4533858504146338,0.05707616335712373
double_centered_full_action_dqn,816,878,58.67165468633175,81.4767869320512,23.866393581032753,34.805261209607124,1.354244195856154,13606.236328125,0.0,19.0,0.0,0.0,0.050000000000000044,1.2166084926575422,1.2005519159138203,0.053521910682320595
double_centered_full_action_dqn,816,879,85.84535671025515,82.04595953643323,29.78014849871397,56.06520803272724,1.517047718167305,17269.373291015625,0.0,27.0,0.0,1.0,0.050000000000000044,1.485514359548688,1.4702602960169315,0.05084684398025274
double_centered_full_action_dqn,816,880,84.86596652269364,83.61653517782689,28.675471283495426,56.190494978427886,1.508750113658607,16494.056301116943,0.0,26.0,0.0,3.0,0.050000000000000044,1.6782246567308903,1.6635535769164562,0.048903602291829884
double_centered_full_action_dqn,816,881,87.14304405450821,84.17443188987673,29.707957200706005,57.43508656322956,1.5017373785376549,17340.716598510742,0.0,28.0,0.0,2.0,0.050000000000000044,1.4885471370071173,1.4717368856072426,0.05603420245461166
double_centered_full_action_dqn,816,882,93.75662165284157,84.5963539350778,30.8618745803833,62.89474714696407,1.5462719649076462,17266.2886428833,0.0,29.0,0.0,2.0,0.050000000000000044,1.5697819199413061,1.5537130199372768,0.053562937886454165
double_centered_full_action_dqn,816,883,81.74915337562561,83.8438698551804,30.963870838284492,50.78528219461441,1.5508685950189829,17435.575912475586,0.0,24.0,0.0,0.0,0.050000000000000044,2.032716929912567,2.017364703118801,0.051174066262319684
double_centered_full_action_dqn,816,884,78.26736569404602,82.58239294581116,27.993962317705154,50.27340288460255,1.467552937567234,16012.481979370117,0.0,24.0,0.0,0.0,0.050000000000000044,1.7214365005493164,1.7060809805989265,0.05118505586870015
double_centered_full_action_dqn,816,885,83.70510931313038,83.86111097626389,30.01098296046257,53.69412672519684,1.5196945741772652,17051.210472106934,0.0,24.0,0.0,0.0,0.050000000000000044,1.7729501593858004,1.7585993576794863,0.04783601686358452
double_centered_full_action_dqn,816,886,64.29398755729198,82.50432587623597,27.455047205090523,36.83894082903862,1.4242946160957217,15954.280462265015,0.0,19.0,0.0,0.0,0.050000000000000044,2.1708146929740906,2.152999460697174,0.059384104795753956
double_centered_full_action_dqn,816,887,83.34517188370228,83.24561157509686,30.28341841697693,53.061753675341606,1.5383775625377893,16981.647790908813,0.0,24.0,0.0,2.0,0.050000000000000044,1.6189609952270985,1.6030830647796392,0.05292641161940992
double_centered_full_action_dqn,816,888,90.175780326128,83.11055499486625,29.57314882427454,60.60263113677502,1.5219078697264194,17049.902740478516,0.0,30.0,0.0,0.0,0.050000000000000044,1.8221754245460033,1.8056991659104824,0.054920852882787585
double_centered_full_action_dqn,816,889,75.46139883995056,82.92185119293632,27.114531219005585,48.34686726331711,1.4893103865906596,16204.320056915283,0.0,22.0,0.0,0.0,0.050000000000000044,1.7838272377848625,1.7687480859458447,0.05026382440701127
double_centered_full_action_dqn,816,890,84.05543943494558,83.708309237808,29.393511682748795,54.66192789375782,1.5090577183291316,16766.23926925659,0.0,26.0,0.0,2.0,0.050000000000000044,2.0321882534772158,2.0158475693315268,0.05446890997700393
double_centered_full_action_dqn,816,891,74.962077409029,82.33611632883549,26.88967178016901,48.07240505516529,1.43109729886055,15170.956455230713,0.0,24.0,0.0,3.0,0.050000000000000044,1.5671588461846113,1.553235499188304,0.046411147341132164
double_centered_full_action_dqn,816,892,79.94900428652764,82.45048530705273,28.470310926437378,51.47869321107864,1.5213776817545295,16432.165588378906,0.0,24.0,0.0,1.0,0.050000000000000044,1.619469229131937,1.6040544342249632,0.05138263991102576
double_centered_full_action_dqn,816,893,94.69113657772542,82.53643933683635,32.192614167928696,62.49852248430252,1.5917033134028316,18428.72278213501,0.0,28.0,0.0,1.0,0.050000000000000044,1.2819214295595884,1.2661122009158134,0.052697381004691124
double_centered_full_action_dqn,816,894,95.99543815851212,83.49951384164395,32.80816696584225,63.18727117776871,1.5548516809940338,18722.83238220215,0.0,29.0,0.0,1.0,0.050000000000000044,1.2404814437031746,1.225128686055541,0.05117585835978389
double_centered_full_action_dqn,816,895,93.39527137577534,83.12283424898983,32.21751281619072,61.177759021520615,1.6165867652744055,19179.653450012207,0.0,28.0,0.0,1.0,0.050000000000000044,2.109798613935709,2.0948198046535254,0.04992938309442252
double_centered_full_action_dqn,816,896,80.24065001010895,82.84441852927208,28.773617014288902,51.46703277230263,1.4907781481742859,16044.70548248291,0.0,24.0,0.0,4.0,0.050000000000000044,1.838791225105524,1.8226295914500952,0.0538721710909158
double_centered_full_action_dqn,816,897,81.76762610673904,82.61686269879341,31.18964035063982,50.57798606157303,1.5944580947980285,18400.373863220215,0.0,25.0,0.0,0.0,0.050000000000000044,2.0210483595728874,2.0056228078901768,0.05141847918275744
double_centered_full_action_dqn,816,898,78.73674913197756,83.6201174210757,28.755950324237347,49.98079862892628,1.4849731884896755,16357.21552658081,0.0,25.0,0.0,3.0,0.050000000000000044,1.6456103436648846,1.6305936239659786,0.05005573318339884
double_centered_full_action_dqn,816,899,95.61087074875832,84.10839312300087,33.07256914675236,62.538301542401314,1.6032046619802713,18927.40976715088,0.0,27.0,0.0,1.0,0.050000000000000044,1.5840319357812405,1.5687193609774113,0.05104198236949742
