variant,model_seed,episode,cost,rolling_cost,immediate_cost,penalty,energy_use,latency_ms,thermal_violation,energy_violation,queue_violation,contact_violation,epsilon,loss,td_loss,auxiliary_loss
full_action_q_dqn,819,0,114.77258965495983,114.77258965495983,38.11424466967583,76.6583451044933,1.7237367210909724,22679.978839874268,0.0,32.0,8.0,0.0,0.9954761904761905,,,
full_action_q_dqn,819,1,167.79830180177632,141.28544572836807,43.902254953980446,123.89604708621451,1.9494940163567662,26790.23117828369,0.0,35.0,17.0,1.0,0.9909523809523809,2.244870185852051,1.7291582822799683,1.7190396785736084
full_action_q_dqn,819,2,176.93558998357983,153.16882714677197,49.51484543085098,127.42074437391486,1.961866781115532,28494.74429321289,0.0,39.0,24.0,2.0,0.9864285714285714,2.072281040251255,1.597461223602295,1.5827325731515884
full_action_q_dqn,819,3,133.42014458799235,148.23165650707708,42.77797119319439,90.64217363321654,1.8775767302140594,25275.914222717285,0.0,37.0,19.0,0.0,0.981904761904762,2.107521414756775,1.6218424588441849,1.6189297810196877
full_action_q_dqn,819,4,221.74208458386778,162.9337421224352,49.21755740791559,172.52452708654522,1.997880450449884,29175.229930877686,0.0,38.0,36.0,2.0,0.9773809523809524,1.9074359834194183,1.4660880491137505,1.4711597636342049
full_action_q_dqn,819,5,104.49715030342341,153.1943101525999,38.71932779997587,65.77782241404057,1.6742852302268147,22562.329414367676,0.0,30.0,0.0,1.0,0.9728571428571429,1.6989496424794197,1.3059919774532318,1.3098588213324547
full_action_q_dqn,819,6,99.54679314792156,145.53037915193156,37.004378989338875,62.542414367198944,1.6384791461750865,21341.63334274292,0.0,28.0,0.0,1.0,0.9683333333333334,1.3393083065748215,1.0268658325076103,1.041474860161543
full_action_q_dqn,819,7,157.54560159188446,147.03228195692571,45.59852568805218,111.94707620185548,1.9033552454784513,27173.98268890381,0.0,31.0,19.0,4.0,0.9638095238095238,1.3230434209108353,1.0152386836707592,1.026015765964985
full_action_q_dqn,819,8,151.05396343804253,147.47913545482757,44.74227225780487,106.3116909716214,1.90385933034122,26884.070114135742,0.0,35.0,24.0,0.0,0.9592857142857143,1.4052283242344856,1.0818590894341469,1.0778974071145058
full_action_q_dqn,819,9,147.70402186179763,147.5016240955246,43.67213091254234,104.0318912621797,1.858763531781733,26360.359657287598,0.0,33.0,18.0,1.0,0.9547619047619048,1.1197970807552338,0.8640117608010769,0.8526176996529102
full_action_q_dqn,819,10,165.89390405469874,149.1736495463586,44.57043765485287,121.32346625083429,1.915673683397472,26479.53062057495,0.0,36.0,25.0,2.0,0.9502380952380952,0.8685167208313942,0.6685829795897007,0.6664457581937313
full_action_q_dqn,819,11,109.05214331448079,145.83019069370212,39.14966240525246,69.90248049199582,1.7131693409755826,22598.233459472656,0.0,29.0,0.0,1.0,0.9457142857142857,0.6578993983566761,0.5074919871985912,0.5013580322265625
full_action_q_dqn,819,12,116.44905721247196,143.57010350283826,40.54419615864754,75.90486099421977,1.7814262118190527,23467.26005935669,0.0,32.0,0.0,4.0,0.9411904761904761,0.4930390492081642,0.3804385270923376,0.37533506937325
full_action_q_dqn,819,13,106.56344952583314,140.92677107590933,37.62968048453331,68.93376957774163,1.6483862567692995,21447.912769317627,0.0,30.0,0.0,3.0,0.9366666666666666,0.39784601517021656,0.30548171512782574,0.30788098461925983
full_action_q_dqn,819,14,218.79939780880903,146.1182795247693,41.97864571213722,176.8207520966718,1.968328052200377,25940.697647094727,0.0,41.0,42.0,0.0,0.9321428571428572,0.38792519830167294,0.2983051361516118,0.2987335408106446
full_action_q_dqn,819,15,195.66869553316695,149.21518052529416,43.680429674685,151.98826544124944,1.9556193333119154,27195.223793029785,0.0,35.0,23.0,2.0,0.9276190476190476,0.8708255421370268,0.6714972276240587,0.6644276436418295
full_action_q_dqn,819,16,119.60045093297958,147.4731376080992,42.47253638505936,77.12791457772255,1.7702016802504659,24128.021518707275,0.0,32.0,0.0,1.0,0.9230952380952381,0.9826102666556835,0.7563152741640806,0.7543165571987629
full_action_q_dqn,819,17,110.24754398316145,145.4050490733804,39.33515553921461,70.91238816082478,1.7556586330756545,23194.36233139038,0.0,30.0,0.0,1.0,0.9185714285714286,0.6425558477640152,0.4944790583103895,0.4935892950743437
full_action_q_dqn,819,18,152.64669713003303,145.7861884447832,42.18357336521149,110.46312372011809,1.8764747148379683,25350.111598968506,0.0,35.0,22.0,1.0,0.914047619047619,0.44245095178484917,0.34000944439321756,0.34147167205810547
full_action_q_dqn,819,19,146.5832879749739,145.8260434212927,45.05956619977951,101.52372186460137,1.867989744991064,26384.26402282715,0.0,36.0,16.0,2.0,0.9095238095238095,0.4293986987322569,0.3305702870711684,0.3294280143454671
full_action_q_dqn,819,20,158.00090574595419,147.98745922584243,44.04421637952328,113.95668991777389,1.9681555451825261,26799.57375717163,0.0,33.0,19.0,1.0,0.905,0.3809145884588361,0.29233067482709885,0.29527968540787697
full_action_q_dqn,819,21,105.8186801597476,144.88847814374097,37.43978264182806,68.3788975328207,1.6567021096125245,21578.38877105713,0.0,29.0,0.0,1.0,0.9004761904761904,0.357478273101151,0.2749397996813059,0.2751282472163439
full_action_q_dqn,819,22,139.5562998220216,143.01951363566306,41.9525528550148,97.6037469670068,1.8284412641078234,24568.52271270752,0.0,39.0,21.0,1.0,0.895952380952381,0.31259786896407604,0.2397696003317833,0.24276089575141668
full_action_q_dqn,819,23,126.45681533902237,142.67134717321457,43.993160501122475,82.46365497201035,1.827838147059083,25211.345375061035,0.0,33.0,17.0,0.0,0.8914285714285715,0.9231655206531286,0.7098852610215545,0.7109341267496347
full_action_q_dqn,819,24,120.52990584075451,137.61073823605892,41.91262112557888,78.61728540062904,1.7714986307546496,24362.072874069214,0.0,33.0,0.0,0.0,0.8869047619047619,0.8362476397305727,0.6440818607807159,0.6405525803565979
full_action_q_dqn,819,25,101.90966658294201,137.48136405003484,39.34027177095413,62.56939461827278,1.6645059203729033,22243.50432395935,0.0,28.0,0.0,0.0,0.8823809523809524,0.46707988157868385,0.360994391143322,0.35361828189343214
full_action_q_dqn,819,26,116.04584677517414,138.30631673139746,39.58845740556717,76.45738935470581,1.689353403635323,22585.482223510742,0.0,31.0,0.0,1.0,0.8778571428571429,0.5014694891870022,0.38569222018122673,0.385924207046628
full_action_q_dqn,819,27,173.1443337976775,139.08625334168713,42.745354890823364,130.39897874294138,1.9307644739747047,25798.38680267334,0.0,38.0,34.0,0.0,0.8733333333333333,0.4813448013737798,0.3712519407272339,0.3669761819764972
full_action_q_dqn,819,28,120.5199387907982,137.5595521093249,40.33401840925217,80.18592082858086,1.745851376093924,22901.487789154053,0.0,35.0,0.0,1.0,0.8688095238095238,0.4227982498705387,0.325316091068089,0.3249405212700367
full_action_q_dqn,819,29,114.75564871132374,135.91213345180122,39.10376758873463,75.65188148021699,1.7794662471860647,22998.156538009644,0.0,32.0,0.0,2.0,0.8642857142857143,0.3656239416450262,0.280567086301744,0.28352282010018826
full_action_q_dqn,819,30,112.6265436410904,133.2487654311208,36.94930675625801,75.67723731696606,1.7529570125043392,21685.94538116455,0.0,32.0,0.0,1.0,0.8597619047619047,0.37052358221262693,0.28454817831516266,0.28658465668559074
full_action_q_dqn,819,31,95.62967240065336,132.57764188542944,35.56398691982031,60.065685495734215,1.6269141659140587,20682.83204269409,0.0,28.0,0.0,0.0,0.8552380952380952,1.0801148395985365,0.8318555615842342,0.827530900016427
full_action_q_dqn,819,32,140.84491819133572,133.7974349343726,42.60685686767101,98.2380608766299,1.9368076585233212,25552.419227600098,0.0,36.0,10.0,1.0,0.8507142857142858,0.6428157910704613,0.4938934091478586,0.49640791583806276
full_action_q_dqn,819,33,119.86796462535858,134.46266068934887,45.078999280929565,74.78896526992321,1.8111699065193534,25799.13352203369,0.0,31.0,0.0,1.0,0.8461904761904762,0.6032235100865364,0.46452149376273155,0.46234004385769367
full_action_q_dqn,819,34,111.8938411395166,129.11738285588427,35.3639712035656,76.52987032338119,1.7475094506517053,21468.263641357422,0.0,33.0,3.0,2.0,0.8416666666666667,0.5359195619821548,0.4120214581489563,0.41299366392195225
full_action_q_dqn,819,35,109.73511555790901,124.82070385712139,41.794198006391525,67.94091753661633,1.8065848406404257,24701.294353485107,0.0,29.0,0.0,0.0,0.8371428571428572,0.5074475193396211,0.3904340248554945,0.3900449611246586
full_action_q_dqn,819,36,121.46039190032353,124.91370090548855,43.088371098041534,78.37202110030522,1.826011784374714,25105.93768310547,0.0,32.0,5.0,1.0,0.8326190476190476,0.45034549199044704,0.346153000369668,0.347308287397027
full_action_q_dqn,819,37,107.89135867357254,124.7958916400091,40.39966668188572,67.49169108271599,1.6995196109637618,23049.52989578247,0.0,29.0,0.0,1.0,0.8280952380952381,0.598352930508554,0.4601315828040242,0.460737818852067
full_action_q_dqn,819,38,111.87151352465153,122.75713245974006,40.81165984272957,71.05985295176507,1.7123669227585196,23425.413496017456,0.0,31.0,0.0,1.0,0.8235714285714286,0.5043106246739626,0.38721213210374117,0.3903282880783081
full_action_q_dqn,819,39,115.61964839696884,121.2089504808398,40.11196604371071,75.50768268108368,1.7006723266094923,22889.960578918457,0.0,32.0,0.0,0.0,0.819047619047619,1.1951065696775913,0.9198344685137272,0.9175736345350742
full_action_q_dqn,819,40,98.19447092711926,118.21862873989805,35.655603259801865,62.53886736929417,1.6932065356522799,21223.082328796387,0.0,28.0,0.0,2.0,0.8145238095238095,0.7961097396910191,0.6125817997381091,0.6117597706615925
full_action_q_dqn,819,41,115.67585012316704,118.71148723806903,39.94084978103638,75.73500028252602,1.8495501754805446,24116.94731903076,0.0,30.0,0.0,0.0,0.81,0.5625735092908144,0.43156009539961815,0.4367113597691059
full_action_q_dqn,819,42,160.3493633729051,119.7511404156132,41.43276536464691,118.9165980082582,1.858468479476869,24358.5191116333,0.0,37.0,33.0,1.0,0.8054761904761905,0.5442286683246493,0.41729075089097023,0.4231263790279627
full_action_q_dqn,819,43,98.37065215408802,118.34683225636647,35.61723158508539,62.753421157598495,1.6559357615187764,20718.873901367188,0.0,27.0,0.0,0.0,0.800952380952381,0.48643691558390856,0.37360265105962753,0.376114197075367
full_action_q_dqn,819,44,136.71090667682034,119.15588229816976,40.56282217800617,96.14808420079098,1.867699172347784,24546.541618347168,0.0,37.0,16.0,1.0,0.7964285714285715,0.6254422403872013,0.4793446511030197,0.4869919652119279
full_action_q_dqn,819,45,147.3081859606051,121.42580826705293,44.98443589359522,102.32374999250405,1.8802522039040923,26763.63087463379,0.0,35.0,12.0,0.0,0.7919047619047619,0.6267094220966101,0.4819497615098953,0.4825321789830923
full_action_q_dqn,819,46,110.77573778629304,121.16230281760886,36.2126179933548,74.56311997175217,1.6751723252236843,21052.16770553589,0.0,33.0,0.0,1.0,0.7873809523809524,0.6764339189976454,0.5194123387336731,0.5234052361920476
full_action_q_dqn,819,47,121.23559583723545,118.56686591958676,42.17999850213528,79.05559730529785,1.790412119589746,24266.513275146484,0.0,32.0,0.0,0.0,0.7828571428571429,1.139866255223751,0.8760658539831638,0.8793345987796783
full_action_q_dqn,819,48,105.82798331975937,117.83226814603483,37.91804452240467,67.90993781387806,1.6935079135000706,22063.720111846924,0.0,30.0,0.0,0.0,0.7783333333333333,0.7567383050918579,0.5808181408792734,0.5864005135372281
full_action_q_dqn,819,49,121.01325264573097,118.14514834275519,40.041840091347694,80.9714127779007,1.7080823136493564,22765.601356506348,0.0,34.0,0.0,0.0,0.7738095238095238,0.7811573091894388,0.5989558510482311,0.607338173314929
full_action_q_dqn,819,50,111.14865915775299,118.07125411858833,37.76428456604481,73.38437502384186,1.6731611266732216,21909.151969909668,0.0,31.0,0.0,2.0,0.7692857142857144,0.6747068855911493,0.5167015744373202,0.5266843345016241
full_action_q_dqn,819,51,115.47767034173012,119.06365401564217,42.02381680160761,73.45385402441025,1.7074521454051137,23345.076709747314,0.0,31.0,0.0,0.0,0.7647619047619048,0.633190929889679,0.48628971818834543,0.4896707022562623
full_action_q_dqn,819,52,94.91855876296759,116.76733604422377,31.63585513085127,63.282703602313994,1.5992922643199563,19081.253623962402,0.0,27.0,0.0,1.0,0.7602380952380953,0.6442524623125792,0.4950257856398821,0.4974222155287862
full_action_q_dqn,819,53,106.0519772619009,116.07653667605086,37.0515501499176,69.00042729079723,1.6658379826694727,21427.67122077942,0.0,29.0,0.0,0.0,0.7557142857142858,0.6701783305034041,0.514870747923851,0.5176919084042311
full_action_q_dqn,819,54,109.92946993708611,115.97831811592934,38.187147468328476,71.74232242405415,1.8016755906865,23078.68773651123,0.0,30.0,0.0,1.0,0.7511904761904762,0.9290167689323425,0.7144425865262747,0.7152472492307425
full_action_q_dqn,819,55,124.2601166537477,116.70456817072129,39.89919527620077,84.36092104972136,1.8372053215280175,23582.65309524536,0.0,33.0,18.0,0.0,0.7466666666666667,0.9389325194060802,0.7241460308432579,0.7159549091011286
full_action_q_dqn,819,56,140.70556465376168,117.6668268083932,40.72558483481407,99.97997992325571,1.861349320039153,24176.23725128174,0.0,35.0,20.0,0.0,0.7421428571428572,0.6469484195113182,0.49633472599089146,0.5020456379279494
full_action_q_dqn,819,57,109.8225841075182,117.76338808009048,36.13424168527126,73.68834275007248,1.6633162200450897,20659.338287353516,0.0,30.0,0.0,1.0,0.7376190476190476,0.7851080093532801,0.6039621522650123,0.6038195295259356
full_action_q_dqn,819,58,103.84631161540747,117.36212798462827,35.991209767758846,67.85510175824166,1.657901587896049,20376.13698196411,0.0,29.0,0.0,1.0,0.7330952380952381,0.6779062179848552,0.5197687223553658,0.5271249869838357
full_action_q_dqn,819,59,132.88468128442764,118.22537962900121,43.22184853255749,89.66283231973648,1.8134388346225023,24307.254726409912,0.0,36.0,0.0,0.0,0.7285714285714286,0.8610142096877098,0.6605946887284517,0.6680650357156992
full_action_q_dqn,819,60,123.63144748806954,119.49722845704873,42.10725235939026,81.52419563531876,1.7690249141305685,23638.43492126465,0.0,33.0,0.0,2.0,0.724047619047619,0.7344244653359056,0.5628691455349326,0.5718510337173939
full_action_q_dqn,819,61,112.19684191942216,119.32327804686149,40.27165539562702,71.92518667280675,1.8361748363822699,24034.209434509277,0.0,30.0,0.0,2.0,0.7195238095238095,0.7059750165790319,0.5415720269083977,0.5480099096894264
full_action_q_dqn,819,62,122.39054029583932,117.4253368930082,40.55219769477844,81.83834400177003,1.8543509179726243,24285.32741546631,0.0,34.0,0.0,1.0,0.7150000000000001,1.1468637343496084,0.880463445559144,0.8880009474232793
full_action_q_dqn,819,63,110.65535608828068,118.03957208971784,37.53387251496315,73.12148305177689,1.6980931358411908,21828.11496734619,0.0,31.0,0.0,2.0,0.7104761904761905,1.1494160331785679,0.8809978738427162,0.8947271574288607
full_action_q_dqn,819,64,114.21722542643548,116.9148880271986,38.24549922347069,75.97172599434853,1.700250810943544,21732.567783355713,0.0,32.0,0.0,1.0,0.7059523809523809,0.95197350718081,0.7311059609055519,0.7362251505255699
full_action_q_dqn,819,65,117.48531897366047,115.42374467785137,41.63232910633087,75.85298942029476,1.7909600520506501,23820.039222717285,0.0,34.0,0.0,0.0,0.7014285714285715,0.8062761705368757,0.6182234575971961,0.6268423637375236
full_action_q_dqn,819,66,109.43026674687863,115.35647112588063,36.43525941669941,72.9950071066618,1.6985621619969606,21668.898725509644,0.0,32.0,0.0,1.0,0.6969047619047619,0.8994551748037338,0.6907458677887917,0.6956976829096675
full_action_q_dqn,819,67,109.38524832725525,114.76395375038165,38.876327738165855,70.50892035067082,1.7259204117581248,22279.202056884766,0.0,30.0,0.0,1.0,0.6923809523809523,0.8032015096396208,0.6169845871627331,0.6207230612635612
full_action_q_dqn,819,68,117.92335890978575,115.36872252988294,42.26701299101114,75.65634508430958,1.8054328141734004,24319.742267608643,0.0,32.0,0.0,0.0,0.687857142857143,0.7038426399230957,0.5400465065613389,0.5459871189668775
full_action_q_dqn,819,69,112.52330043812027,114.9442249195024,41.27391275763512,71.24938750167122,1.804522544145584,24597.944969177246,0.0,30.0,2.0,0.0,0.6833333333333333,0.7663257904350758,0.5871982974931598,0.597091612406075
full_action_q_dqn,819,70,133.61993408711922,116.06778866597071,47.6053878813982,86.01454605670943,1.8765820916742086,26906.70503616333,0.0,36.0,12.0,1.0,0.6788095238095238,1.1873016972094774,0.912725224159658,0.9152548806741834
full_action_q_dqn,819,71,121.09174441734848,116.34849236975163,40.35346667468548,80.73827777246532,1.8189831543713808,24109.477252960205,0.0,33.0,5.0,2.0,0.6742857142857144,0.9546986930072308,0.732059046626091,0.7421321235597134
full_action_q_dqn,819,72,105.59174190461636,116.88215152683406,36.835762701928616,68.75597827136517,1.6889508562162519,21109.188236236572,0.0,31.0,0.0,0.0,0.6697619047619048,0.9306634776294231,0.7140534110367298,0.7220335248857737
full_action_q_dqn,819,73,102.37072639167309,116.69808898332266,33.38468083739281,68.9860452413559,1.585875567048788,18902.306617736816,0.0,31.0,0.0,0.0,0.6652380952380952,0.9441591799259186,0.7230546288192272,0.7370150964707136
full_action_q_dqn,819,74,100.70493341237307,116.23686215708703,38.6456900164485,62.05924326181412,1.7147031696513295,22296.840618133545,0.0,27.0,0.0,0.0,0.6607142857142857,0.8581159468740225,0.6580045325681567,0.667038039304316
full_action_q_dqn,819,75,108.8676270633936,115.46723767756933,35.5879008769989,73.27972673773766,1.6792412409558892,20600.49950027466,0.0,31.0,0.0,1.0,0.6561904761904762,0.8209593631327152,0.6289444798603654,0.6400495935231447
full_action_q_dqn,819,76,113.87174963355065,114.12554692655877,36.93570923805237,76.93604127466679,1.7209859788417816,20935.433345794678,0.0,34.0,0.0,1.0,0.6516666666666667,0.9742998536676168,0.7444569990038872,0.7661427911370993
full_action_q_dqn,819,77,112.95345294773578,114.28209036856965,37.60657060146332,75.34688258469104,1.801024777814746,22053.877326965332,0.0,33.0,0.0,3.0,0.6471428571428571,1.0006547253578901,0.7671699523925781,0.7782825604081154
full_action_q_dqn,819,78,103.31928929686546,114.25573925264257,38.498829409480095,64.82046064734459,1.7235361309722066,22229.032613754272,0.0,28.0,0.0,0.0,0.6426190476190476,1.3859531804919243,1.066617675125599,1.0644516311585903
full_action_q_dqn,819,79,132.02953462302685,114.21298191957251,42.48337699472904,89.54615783691406,1.8490574900060892,24708.655166625977,0.0,35.0,0.0,1.0,0.6380952380952382,0.8521238099783659,0.6532427500933409,0.6629368755966425
full_action_q_dqn,819,80,139.38703030802543,115.00076106057028,41.13397978246212,98.25305048085986,1.8815171960741282,24115.433212280273,0.0,41.0,6.0,2.0,0.6335714285714286,0.9199474826455116,0.707355909049511,0.7086385488510132
full_action_q_dqn,819,81,107.42298522591591,114.76206822589498,33.00857229530811,74.41441288590431,1.6963781667873263,20294.438663482666,0.0,32.0,0.0,1.0,0.6290476190476191,1.0263743661344051,0.7864080127328634,0.7998877763748169
full_action_q_dqn,819,82,106.64466058462858,113.97477424033445,35.88978707045317,70.75487358868122,1.6834717160090804,20647.177688598633,0.0,31.0,0.0,0.0,0.6245238095238095,0.9511201307177544,0.729413915425539,0.7390207126736641
full_action_q_dqn,819,83,141.41302382251192,115.51265762704604,39.74704895913601,101.66597498258523,1.8413530914112926,23554.37819671631,0.0,35.0,30.0,1.0,0.62,0.8490560725331306,0.6510669533163309,0.6599637167528272
full_action_q_dqn,819,84,117.71761935949326,115.6876773236989,40.984744876623154,76.73287390172482,1.7508550016209483,23057.418907165527,0.0,32.0,0.0,2.0,0.6154761904761905,0.8787189200520515,0.673798038624227,0.6830696118995547
full_action_q_dqn,819,85,92.25582545995712,114.42620264801374,33.78969958424568,58.46612569689751,1.5888843461871147,19063.30303955078,0.0,26.0,0.0,0.0,0.6109523809523809,1.1276395209133625,0.8628245163708925,0.88271664083004
full_action_q_dqn,819,86,104.83534442037345,114.19645653168848,35.66551544517279,69.16982918381692,1.6500421026721597,20472.534715652466,0.0,30.0,0.0,1.0,0.6064285714285714,1.497889593243599,1.1471785120666027,1.169036902487278
full_action_q_dqn,819,87,102.06235894560814,113.83031206260614,33.58653035759926,68.47582867741585,1.666402194648981,20042.141719818115,0.0,29.0,0.0,0.0,0.6019047619047619,1.2299337480217218,0.9443866834044456,0.9518235437572002
full_action_q_dqn,819,88,99.09612864255905,112.88895054924478,34.082394778728485,65.01373389363289,1.6990502402186394,20539.884475708008,0.0,28.0,0.0,0.0,0.5973809523809523,0.9326535779982805,0.7153678005561233,0.7242859397083521
full_action_q_dqn,819,89,117.0579584389925,113.11568344928841,41.63402244448662,75.4239362925291,1.742698241956532,23250.04914855957,0.0,32.0,0.0,0.0,0.592857142857143,1.0675743129104376,0.8182067237794399,0.8312252759933472
full_action_q_dqn,819,90,116.4737229347229,112.25837289166857,37.40980115532875,79.06392182409763,1.7740943701937795,22248.317947387695,0.0,33.0,0.0,0.0,0.5883333333333334,0.8813637215644121,0.676669460721314,0.6823141872882843
full_action_q_dqn,819,91,100.18393016755581,111.21298217917895,34.082590244710445,66.10133984088898,1.573746820911765,19300.957284927368,0.0,28.0,0.0,1.0,0.5838095238095238,0.9771828912198544,0.7499521151185036,0.757435878738761
full_action_q_dqn,819,92,105.99756131470204,111.23327314968324,36.06824603676796,69.9293148458004,1.679282108321786,20549.3071975708,0.0,30.0,0.0,3.0,0.5792857142857144,0.994599299505353,0.7628873959183693,0.7723729386925697
full_action_q_dqn,819,93,93.1237780302763,110.7709257316134,32.61979901790619,60.503979444503784,1.5849971706047654,19161.74188232422,0.0,25.0,0.0,0.0,0.5747619047619048,1.3204193711280823,1.0129004456102848,1.025063069537282
full_action_q_dqn,819,94,99.19027528166771,110.69519282507812,35.235115349292755,63.95515985786915,1.646188477985561,20222.51390838623,0.0,28.0,0.0,0.0,0.5702380952380952,1.5083656460046768,1.1598433926701546,1.161740805953741
full_action_q_dqn,819,95,110.59831762462855,110.78172735313987,38.618656776845455,71.97966150343419,1.7176799103617668,21918.305854797363,0.0,31.0,0.0,1.0,0.5657142857142857,1.3185519371181726,1.010384988039732,1.0272230990231037
full_action_q_dqn,819,96,104.67708310484886,110.32199402670479,36.084063962101936,68.59301966428757,1.6605075458064675,21141.32427215576,0.0,30.0,0.0,0.0,0.5611904761904762,1.079889189451933,0.8279855214059353,0.8396788984537125
full_action_q_dqn,819,97,125.19904866814613,110.9342738127253,41.95772610604763,83.24132180213928,1.8353465991094708,24068.93368911743,0.0,35.0,0.0,0.0,0.5566666666666666,1.0078536234796047,0.773323155939579,0.7817682102322578
full_action_q_dqn,819,98,110.73925062417985,111.30527187909104,39.154465705156326,71.58478420376778,1.7803883897140622,22841.84398651123,0.0,30.0,0.0,1.0,0.5521428571428572,1.1970461830496788,0.9160072095692158,0.9367965254932642
full_action_q_dqn,819,99,99.50151337087155,109.67887081648325,33.18938521295786,66.3121284633875,1.6046348353847861,18889.727169036865,0.0,28.0,0.0,3.0,0.5476190476190477,1.1758628897368908,0.9008388519287109,0.9167467504739761
full_action_q_dqn,819,100,116.67145846784115,108.54309222447405,38.7491200864315,77.92233909666538,1.8304257141426206,23470.555240631104,0.0,33.0,0.0,0.0,0.5430952380952381,0.7869463060051203,0.6020897924900055,0.6161883436143398
full_action_q_dqn,819,101,126.57086741924286,109.50048633414039,42.974773928523064,83.59609316289425,1.8607519306242466,25147.070037841797,0.0,34.0,0.0,0.0,0.5385714285714286,1.266218962147832,0.9727687425911427,0.9781673531979322
full_action_q_dqn,819,102,99.83203043043613,109.15985482643077,33.181192219257355,66.65083742141724,1.6521558780223131,19407.188026428223,0.0,28.0,0.0,1.0,0.5340476190476191,1.396313950419426,1.0693108811974525,1.0900101512670517
full_action_q_dqn,819,103,81.41956070065498,106.16018167033792,31.414910212159157,50.0046501904726,1.53893862105906,17973.160390853882,0.0,24.0,0.0,1.0,0.5295238095238095,1.121128635481,0.8591389115899801,0.8732990454882383
full_action_q_dqn,819,104,122.06506285965443,106.37755384534599,38.95108298957348,83.11398001909257,1.7721490850672126,22526.032039642334,0.0,36.0,0.0,1.0,0.525,1.0914082862436771,0.8376746475696564,0.8457787595689297
full_action_q_dqn,819,105,77.234022128582,105.62646367877724,30.28771610558033,46.94630594849586,1.5039340183138847,17011.492500305176,0.0,22.0,0.0,3.0,0.5204761904761905,1.1885802131146193,0.9109791871160269,0.9253367129713297
full_action_q_dqn,819,106,133.77696585059167,107.07354475028812,47.47157225012779,86.30539333224297,1.8760038958862424,26640.940715789795,0.0,36.0,0.0,1.0,0.5159523809523809,1.12098765745759,0.8599002473056316,0.8702913746237755
full_action_q_dqn,819,107,106.97088297605515,107.31897095181048,39.55439455807209,67.41648738980294,1.7236359165981412,22384.94588279724,0.0,29.0,0.0,1.0,0.5114285714285716,1.2597748897969723,0.9658559709787369,0.9797297120094299
full_action_q_dqn,819,108,111.4529163390398,107.93681033663452,37.89085590839386,73.56205993890762,1.6976044783368707,21085.201614379883,0.0,32.0,0.0,0.0,0.506904761904762,1.2399552017450333,0.9496443495154381,0.9677027594298124
full_action_q_dqn,819,109,106.59152384102345,107.41348860673607,35.83303810656071,70.75848580896854,1.6933529283851385,20536.67860031128,0.0,32.0,0.0,0.0,0.5023809523809524,1.4169293455779552,1.0880288947373629,1.0963347479701042
full_action_q_dqn,819,110,103.22532860934734,106.75106889046728,35.76023817062378,67.46509037911892,1.6491538938134909,20537.874969482422,0.0,29.0,0.0,2.0,0.4978571428571429,1.4738634750247002,1.1305859629064798,1.144258365035057
full_action_q_dqn,819,111,116.97042969167232,107.59039386667311,37.016348883509636,79.95408119559288,1.7355011627078056,20731.873920440674,0.0,33.0,0.0,3.0,0.4933333333333334,1.0525780096650124,0.8044155426323414,0.8272081892937422
full_action_q_dqn,819,112,118.93129981458188,108.23708079166711,38.184263572096825,80.74703567624093,1.7345878342166543,21630.82127380371,0.0,35.0,0.0,1.0,0.4888095238095238,1.1745967362076044,0.8998570553958416,0.9157988950610161
full_action_q_dqn,819,113,98.98140393197536,108.52996208675206,36.56530015170574,62.41610370576382,1.6443067137151957,20271.900142669678,0.0,28.0,0.0,0.0,0.4842857142857143,1.1649585794657469,0.8907617460936308,0.9139893669635057
full_action_q_dqn,819,114,94.16279427856207,108.27858803659679,35.55011425167322,58.61267981827259,1.6297055268660188,20119.455432891846,0.0,27.0,0.0,1.0,0.4797619047619047,0.9880241043865681,0.7574555771425366,0.768561739474535
full_action_q_dqn,819,115,104.58040161430836,107.97769223608077,35.497264094650745,69.0831373333931,1.6575180934742093,20177.856269836426,0.0,31.0,0.0,0.0,0.47523809523809524,0.9906782861799002,0.7570274546742439,0.7788360696285963
full_action_q_dqn,819,116,96.35851554572582,107.56176385812462,35.82400171458721,60.53451372683048,1.6607270911335945,20634.80034637451,0.0,26.0,0.0,0.0,0.47071428571428575,1.089694483205676,0.8348242249339819,0.8495674971491098
full_action_q_dqn,819,117,102.46698050200939,106.42516044981778,36.58508984744549,65.88189025223255,1.690404325723648,20991.198097229004,0.0,29.0,0.0,0.0,0.46619047619047627,1.591724082827568,1.2196307685226202,1.2403111569583416
full_action_q_dqn,819,118,110.62097820043564,106.41924682863058,36.080533653497696,74.5404450237751,1.7123092729598284,20551.253650665283,0.0,31.0,0.0,2.0,0.46166666666666667,1.4831929914653301,1.1374180763959885,1.1525830328464508
full_action_q_dqn,819,119,72.24383074343204,105.0563626972586,27.20266205817461,45.041168603301045,1.4357508923858404,15018.44448852539,0.0,22.0,0.0,3.0,0.4571428571428572,1.0619675181806087,0.8137399610131979,0.8274251893162727
full_action_q_dqn,819,120,108.44858615994454,104.64521908186376,38.39864672720432,70.04993910491467,1.709586109034717,21973.911520004272,0.0,30.0,0.0,2.0,0.4526190476190477,1.2316852286458015,0.9450298734009266,0.9555178266018629
full_action_q_dqn,819,121,107.9920953810215,103.7162804799527,39.1187708824873,68.87332457304001,1.7161268694326282,22321.720935821533,0.0,29.0,0.0,0.0,0.4480952380952381,1.3096358124166727,1.0032539889216423,1.0212726667523384
full_action_q_dqn,819,122,114.46106723248958,104.44773232005537,40.865576423704624,73.59549118876457,1.749469948001206,22514.062564849854,0.0,31.0,0.0,2.0,0.4435714285714286,1.329362353309989,1.018402649089694,1.036532323807478
full_action_q_dqn,819,123,85.2401296377182,104.63876076690853,31.487829759716988,53.75229959487915,1.526039537973702,17468.394325256348,0.0,25.0,0.0,3.0,0.439047619047619,1.1897008288651705,0.9101228145882487,0.9319267086684704
full_action_q_dqn,819,124,108.63708330690861,103.96736178927122,36.345092087984085,72.29199108481407,1.6725982204079628,20481.73363494873,0.0,32.0,0.0,0.0,0.43452380952380953,1.213385321199894,0.928674727678299,0.9490352552384138
full_action_q_dqn,819,125,106.83151307702065,105.44723633669317,35.10003982484341,71.73147341609001,1.69982183072716,20504.58266067505,0.0,30.0,0.0,0.0,0.43000000000000005,1.4980835728347301,1.151448467746377,1.1554502919316292
full_action_q_dqn,819,126,91.95678386092186,103.35622723720967,30.771956339478493,61.184827119112015,1.5442792810499668,17342.930896759033,0.0,27.0,0.0,3.0,0.42547619047619056,1.2444161865860224,0.9530999064445496,0.9710542261600494
full_action_q_dqn,819,127,95.87620816379786,102.80149349659682,33.66486441344023,62.21134373545647,1.5780974384397268,18801.41855621338,0.0,28.0,0.0,0.0,0.42095238095238097,1.5656422767788172,1.2000469118356705,1.2186511754989624
full_action_q_dqn,819,128,122.51821182817221,103.35475827105343,39.39421781152487,83.1239937633276,1.763544350862503,22555.724380493164,0.0,34.0,0.0,2.0,0.41642857142857137,1.2623769640922546,0.9667139295488596,0.9855434410274029
full_action_q_dqn,819,129,96.291891656816,102.83977666184305,32.29213050752878,63.99976097047329,1.6202409351244569,18272.311767578125,0.0,29.0,0.0,1.0,0.4119047619047619,1.1276374962180853,0.864694906398654,0.8764752298593521
full_action_q_dqn,819,130,99.46674421429634,102.6518474420905,34.544395208358765,64.92234933376312,1.6305113788694143,19746.37061691284,0.0,28.0,0.0,1.0,0.4073809523809524,1.632464101538062,1.2516523022204638,1.2693725749850273
full_action_q_dqn,819,131,109.06595017015934,102.25662346601487,37.7508339881897,71.31511633098125,1.7345294980332255,21694.96965789795,0.0,31.0,0.0,0.0,0.4028571428571429,1.241442408412695,0.9522697236388922,0.9639089219272137
full_action_q_dqn,819,132,98.09950406253338,101.21503367841244,30.35960602760315,67.7398977816105,1.573009722866118,17612.09294128418,0.0,29.0,0.0,2.0,0.39833333333333343,1.684010948985815,1.2908874489367008,1.310411600396037
full_action_q_dqn,819,133,82.93320548683405,100.41262375615538,30.25724434107542,52.6759610414505,1.4989969693124294,17206.801837921143,0.0,25.0,0.0,1.0,0.39380952380952383,1.457023974508047,1.1173703484237194,1.132178733125329
full_action_q_dqn,819,134,95.1290520131588,100.46093664288523,31.706693679094315,63.42235839366913,1.6025774022564292,18369.460205078125,0.0,27.0,0.0,1.0,0.38928571428571423,1.1609593722969294,0.8896793629974127,0.9042666554450989
full_action_q_dqn,819,135,102.39957005828619,100.35189506508411,37.61633499711752,64.78323509097099,1.7014089934527874,21735.96001434326,0.0,28.0,0.0,2.0,0.38476190476190475,1.4288249611854553,1.0958168655633926,1.1100268848240376
full_action_q_dqn,819,136,94.69891349971294,100.26891496278346,33.22455421090126,61.47435964643955,1.6158856023102999,18971.600692749023,0.0,26.0,0.0,1.0,0.38023809523809526,1.4056478440761566,1.0771718323230743,1.094920052215457
full_action_q_dqn,819,137,102.61049105226994,100.27609049029648,35.5183065533638,67.09218445420265,1.6496164305135608,20206.66552734375,0.0,29.0,0.0,0.0,0.3757142857142858,1.4153536185622215,1.0841608867049217,1.1039757765829563
full_action_q_dqn,819,138,111.37596254944802,100.3138397077471,35.65839947760105,75.71756320595742,1.620311408303678,19632.546798706055,0.0,33.0,0.0,2.0,0.3711904761904763,1.3824138659983873,1.0588636938482523,1.078500533476472
full_action_q_dqn,819,139,113.27466389536858,102.36538136534394,40.11425153166056,73.16041266918182,1.6902814926579595,22168.89516067505,0.0,31.0,0.0,0.0,0.3666666666666667,1.1664872411638498,0.8921918850392103,0.9143178295344114
full_action_q_dqn,819,140,113.69189338386059,102.62754672653973,38.19174751639366,75.50014573335648,1.7366703292354941,21835.606594085693,0.0,32.0,0.0,1.0,0.3621428571428572,1.6237882543355227,1.244279334321618,1.2650297097861767
full_action_q_dqn,819,141,113.67721738815308,102.91180282689632,37.097211450338364,76.58000635504723,1.6758471699431539,20848.651527404785,0.0,34.0,0.0,1.0,0.3576190476190476,1.6057258769869804,1.2299901191145182,1.252452488988638
full_action_q_dqn,819,142,83.83053554743529,101.3802762426436,31.83372289687395,51.99681314229965,1.5451354468241334,18229.27677154541,0.0,24.0,0.0,1.0,0.35309523809523813,1.4378611128777266,1.1010999716818333,1.122537162154913
full_action_q_dqn,819,143,101.74765214323997,102.2056523679197,36.42658352851868,65.32106864452362,1.6388538656756282,20350.806476593018,0.0,28.0,0.0,0.0,0.34857142857142864,1.434645690023899,1.0992961879819632,1.1178316064178944
full_action_q_dqn,819,144,98.68941852450371,101.70826912879946,35.732476234436035,62.956942051649094,1.5971986083313823,20028.963523864746,0.0,29.0,0.0,1.0,0.34404761904761905,1.4937877487391233,1.1441951431334019,1.1653086263686419
full_action_q_dqn,819,145,92.18893527984619,100.97614023894073,33.49086247384548,58.69807255268097,1.620541773736477,19133.5223197937,0.0,26.0,0.0,0.0,0.33952380952380956,1.5404043830931187,1.180799849331379,1.198681753128767
full_action_q_dqn,819,146,99.90039958953858,101.37332102537155,34.81741765886545,65.08298123776913,1.5801023095846176,19442.317226409912,0.0,29.0,0.0,1.0,0.3350000000000001,1.5148471221327782,1.1603333707898855,1.1817124355584383
full_action_q_dqn,819,147,90.00250599682332,101.07963591702284,31.129726991057396,58.872778767347334,1.5739562679082155,17687.897994995117,0.0,26.0,0.0,1.0,0.3304761904761905,1.682280071079731,1.289620902389288,1.3088638596236706
full_action_q_dqn,819,148,107.8471419453621,100.34608242288233,35.824096724390984,72.02304562330247,1.7089428380131721,20798.770629882812,0.0,30.0,0.0,1.0,0.325952380952381,1.6757017578929663,1.2865953110158443,1.2970214914530516
full_action_q_dqn,819,149,116.09494907408953,101.33623529374601,36.95004104077816,79.14490896463394,1.704286097548902,20923.312816619873,0.0,34.0,0.0,1.0,0.3214285714285714,1.146007426083088,0.8759744744747877,0.9001098163425922
full_action_q_dqn,819,150,107.76272870749236,101.75103451840582,36.5213535502553,71.24137538075448,1.7138399658724666,21175.29891204834,0.0,30.0,0.0,2.0,0.3169047619047619,1.2525141593068838,0.9585261978209019,0.979959812015295
full_action_q_dqn,819,151,96.44164414703846,101.11981921724977,33.29950658977032,63.142137706279755,1.6202338365837932,19126.061855316162,0.0,28.0,0.0,0.0,0.3123809523809524,1.5427632629871368,1.182038553059101,1.2024156544357538
full_action_q_dqn,819,152,105.36193497478962,101.48294076286257,36.328135535120964,69.0337989628315,1.6709023248404264,20864.20538711548,0.0,30.0,0.0,0.0,0.30785714285714294,1.4650248978286982,1.1212942898273468,1.1457686107605696
full_action_q_dqn,819,153,94.29322340786457,102.0509416589141,33.06818334758282,61.225039926171306,1.5735674975439906,18610.8726272583,0.0,26.0,0.0,4.0,0.30333333333333345,1.573975270614028,1.2043639793992043,1.2320375256240368
full_action_q_dqn,819,154,85.94993586838245,101.59198585167528,30.675255626440048,55.27468052506447,1.5504850978031754,17266.052045822144,0.0,24.0,0.0,0.0,0.29880952380952375,1.4754593390971422,1.1291448045521975,1.154381774365902
full_action_q_dqn,819,155,89.273557305336,100.93568521402777,33.0814925134182,56.19206500053406,1.5617678137496114,17955.83388900757,0.0,24.0,0.0,0.0,0.29428571428571426,1.4792401473969221,1.1343565806746483,1.1496118642389774
full_action_q_dqn,819,156,80.02781185060739,100.20213013157249,27.931260861456394,52.096550437808034,1.456462036818266,15432.309909820557,0.0,26.0,0.0,3.0,0.2897619047619048,1.3155697174370289,1.00742644444108,1.0271442160010338
full_action_q_dqn,819,157,95.59147155284882,99.85117915660143,33.67786268889904,61.91360867023468,1.6360909678041935,19397.624961853027,0.0,28.0,0.0,2.0,0.2852380952380953,1.452288880944252,1.113803457468748,1.1282847039401531
full_action_q_dqn,819,158,110.2278883472085,99.79377544648945,36.15752547979355,74.07036230862141,1.68887491337955,20759.86584854126,0.0,32.0,0.0,1.0,0.2807142857142858,1.5000918842852116,1.1485012024641037,1.1719689834862947
full_action_q_dqn,819,159,88.87881508469582,98.57398300595581,30.85621978342533,58.02259574830532,1.5366613352671266,17594.768909454346,0.0,27.0,0.0,0.0,0.2761904761904763,1.6752799600362778,1.2835634592920542,1.3057216294109821
full_action_q_dqn,819,160,98.32785413563252,97.80578104354443,34.408991649746895,63.91886288821697,1.6117566684260964,19297.117443084717,0.0,28.0,0.0,2.0,0.2716666666666666,1.9072054456919432,1.462888889014721,1.4810551777482033
full_action_q_dqn,819,161,77.7726295247674,96.01055165037513,29.35214078426361,48.420488733053205,1.5466052666306496,17408.46262741089,0.0,23.0,0.0,2.0,0.2671428571428571,1.608107890933752,1.231485702097416,1.2554073669016361
full_action_q_dqn,819,162,91.60614504218101,96.39933212511241,32.80374310910702,58.802401441335675,1.5452806307002902,18043.500831604004,0.0,26.0,0.0,2.0,0.26261904761904764,1.6534155867993832,1.2649674825370312,1.2948269695043564
full_action_q_dqn,819,163,107.14348993450403,96.66912401467562,35.40798658132553,71.73550254106522,1.6255079107359052,20004.70217704773,0.0,32.0,0.0,0.0,0.25809523809523816,1.299218062311411,0.9960263222455978,1.0106391068547964
full_action_q_dqn,819,164,99.05762775242329,96.68753447607159,34.69178621470928,64.36584104597569,1.6221554866060615,19767.299201965332,0.0,28.0,0.0,1.0,0.25357142857142867,1.6316995359957218,1.2505959570407867,1.2703451924026012
full_action_q_dqn,819,165,101.64345664829015,97.1602605444938,37.25565633177757,64.38780017495155,1.6351962443441153,20670.1036567688,0.0,29.0,0.0,2.0,0.24904761904761907,1.4144348837435246,1.0838054977357388,1.1020979266613722
full_action_q_dqn,819,166,101.37288619726897,97.23388487488032,34.66897777467966,66.70390863120556,1.6618480551987886,19613.399185180664,0.0,29.0,0.0,1.0,0.2445238095238096,1.8151988461613655,1.3912458401173353,1.4131766837090254
full_action_q_dqn,819,167,88.79728726297617,97.17362393818796,32.61645694077015,56.18083071708679,1.5657000094652176,18123.397262573242,0.0,27.0,0.0,0.0,0.24,1.3042719699442387,0.9970465395599604,1.0240847431123257
full_action_q_dqn,819,168,96.72470112293959,96.61750189706684,34.07173536717892,62.652966217696665,1.6065028803423047,19163.21457672119,0.0,29.0,0.0,1.0,0.2354761904761905,1.3755660634487867,1.0548097100108862,1.0691878218203783
full_action_q_dqn,819,169,84.25669338554144,95.02558911263944,30.324745297431946,53.93194769322872,1.5865557733923197,17896.34032058716,0.0,25.0,0.0,0.0,0.23095238095238102,1.2965478617697954,0.992213049903512,1.014449356123805
full_action_q_dqn,819,170,100.13944979012012,94.64442516677083,35.54500734061003,64.59444259107113,1.64117621909827,19640.252285003662,0.0,29.0,0.0,0.0,0.22642857142857142,1.49613356590271,1.1488264109939337,1.1576904971152544
full_action_q_dqn,819,171,94.74083337187767,94.5593846280128,33.78654435276985,60.954289108514786,1.600673794746399,18810.124477386475,0.0,27.0,0.0,1.0,0.22190476190476194,1.6978134363889694,1.3027196153998375,1.3169793579727411
full_action_q_dqn,819,172,80.61368312686682,93.32197203561664,29.26495384424925,51.34872913360596,1.4930546469986439,16480.986639022827,0.0,25.0,0.0,0.0,0.21738095238095245,1.5635548941791058,1.2011058423668146,1.208163419738412
full_action_q_dqn,819,173,80.11635895967484,92.61312881320717,31.009412467479706,49.10694704353809,1.5239130957052112,17459.468517303467,0.0,25.0,0.0,1.0,0.21285714285714286,1.3995167929679155,1.0710404105484486,1.0949212964624166
full_action_q_dqn,819,174,92.0266470104456,92.91696437031032,33.20511868596077,58.82152824997902,1.5878379084169865,18535.45485687256,0.0,25.0,0.0,1.0,0.20833333333333337,1.2835080903023481,0.9821446184068918,1.0045448690652847
full_action_q_dqn,819,175,82.71843204051257,92.58920810706915,31.19988650083542,51.51854526400566,1.5257845222949982,17349.402278900146,0.0,23.0,0.0,1.0,0.20380952380952377,1.4281757846474648,1.0922110974788666,1.1198822222650051
full_action_q_dqn,819,176,87.59743878990412,92.96768945403399,30.53817842900753,57.059260070323944,1.526984129101038,17328.47283554077,0.0,26.0,0.0,0.0,0.1992857142857143,1.5727351121604443,1.2048080191016197,1.2264236807823181
full_action_q_dqn,819,177,88.65397361814976,92.62081455729904,30.370341330766678,58.28363182544708,1.5330715673044324,17056.646591186523,0.0,28.0,0.0,1.0,0.1947619047619048,1.4299273435026407,1.0944456961005926,1.1182721015065908
full_action_q_dqn,819,178,92.5291053533554,91.73587540760637,32.67380254715681,59.8553023815155,1.5817140182480216,18165.808879852295,0.0,28.0,0.0,3.0,0.19023809523809532,1.6826630495488644,1.2895516846328974,1.3103712014853954
full_action_q_dqn,819,179,94.41510740071536,92.01269002340736,33.05301006138325,61.36209770441055,1.595471190288663,18810.73593521118,0.0,27.0,0.0,1.0,0.18571428571428583,1.7108180467039347,1.3094625435769558,1.337851595133543
full_action_q_dqn,819,180,103.9655740365386,92.29457601845266,34.6047842875123,69.36078964471817,1.6330992141738534,19526.577476501465,0.0,30.0,0.0,3.0,0.18119047619047624,1.7522232942283154,1.3432754147797823,1.3631596229970455
full_action_q_dqn,819,181,84.96441273391247,92.65416517890989,30.195592865347862,54.76881946623325,1.4973435048013926,17055.574056625366,0.0,25.0,0.0,1.0,0.17666666666666664,1.7322768196463585,1.32789858430624,1.3479273580014706
full_action_q_dqn,819,182,95.8966002881527,92.86868794120849,30.75519300252199,65.14140732288361,1.5739000281319022,17419.360931396484,0.0,29.0,0.0,3.0,0.17214285714285715,1.5730980560183525,1.203676000237465,1.2314068228006363
full_action_q_dqn,819,183,85.71870996057987,91.79744894251228,30.760443285107613,54.9582666605711,1.5661825155839324,17790.311492919922,0.0,25.0,0.0,0.0,0.16761904761904767,1.4986634235829115,1.1476218914613128,1.1701384503394365
full_action_q_dqn,819,184,85.95790058374405,91.14246258407832,32.29252464324236,53.665376126766205,1.553494174964726,17858.757194519043,0.0,24.0,0.0,0.0,0.16309523809523818,1.64184439368546,1.2585748489946127,1.2775651291012764
full_action_q_dqn,819,185,93.25847941637039,90.72321372248233,32.72774052619934,60.53073923289776,1.5890623703598976,18729.479606628418,0.0,27.0,0.0,0.0,0.1585714285714287,1.329253364354372,1.018684759736061,1.0352286882698536
full_action_q_dqn,819,186,75.26129809767008,89.41763431750238,30.02164574712515,45.23965226113796,1.501388587988913,16912.177431106567,0.0,22.0,0.0,1.0,0.1540476190476191,1.2806927990168333,0.979182468727231,1.0050344318151474
full_action_q_dqn,819,187,97.09596256315709,89.83256808251143,31.590103298425674,65.50585898160935,1.5544905420392752,17734.471839904785,0.0,28.0,0.0,1.0,0.1495238095238095,1.6034866031259298,1.2255613170564175,1.2597509548068047
full_action_q_dqn,819,188,87.76881023049354,89.38477353788913,30.658271826803684,57.11053814291954,1.5640374589711428,17415.996967315674,0.0,27.0,0.0,2.0,0.14500000000000002,1.2016382236033678,0.9190822467207909,0.9418532513082027
full_action_q_dqn,819,189,81.69089484363795,89.25648361079396,28.790101014077663,52.90079406797886,1.5020853988826275,16571.73516845703,0.0,23.0,0.0,2.0,0.14047619047619053,1.4126780144870281,1.0828874465078115,1.0993018597364426
full_action_q_dqn,819,190,88.69537696242332,88.68427996940912,33.25084751099348,55.44452939927578,1.5576093150302768,18731.897312164307,0.0,25.0,0.0,1.0,0.13595238095238105,2.124884996563196,1.628934871405363,1.6531670354306698
full_action_q_dqn,819,191,97.17627856880426,88.80605222925544,32.17333393543959,65.00294469296932,1.5739306388422847,17948.737545013428,0.0,29.0,0.0,0.0,0.13142857142857145,1.6929625067859888,1.2971482556313276,1.3193808402866125
full_action_q_dqn,819,192,92.2566301971674,89.38819958277047,31.43100219964981,60.825628623366356,1.588207389228046,18053.30934906006,0.0,28.0,0.0,0.0,0.12690476190476196,1.6594522930681705,1.2703116573393345,1.297135453671217
full_action_q_dqn,819,193,89.43494188189507,89.85412872888148,31.589936800301075,57.84500537216663,1.5798678556457162,17885.913166046143,0.0,26.0,0.0,2.0,0.12238095238095237,1.780102699995041,1.364417800679803,1.3856163062155247
full_action_q_dqn,819,194,91.4728619158268,89.82643947415053,32.718542255461216,58.75431972742081,1.5575055181980133,18468.115566253662,0.0,26.0,0.0,0.0,0.11785714285714288,1.5932093728333712,1.2209389731287956,1.240901317447424
full_action_q_dqn,819,195,80.35267249494791,89.70815149687232,28.405384369194508,51.94728833436966,1.476505184546113,15802.371761322021,0.0,24.0,0.0,0.0,0.1133333333333334,1.6571291871368885,1.2699005007743835,1.2907622419297695
full_action_q_dqn,819,196,78.00244335234166,89.2284017249942,28.508676879107952,49.49376648068428,1.4969104025512934,16097.33296585083,0.0,21.0,0.0,1.0,0.1088095238095238,1.5157061070203781,1.1620777491480112,1.1787611600011587
full_action_q_dqn,819,197,76.26655759215355,88.60903092369436,26.738606438040733,49.52795160114765,1.4361832048743963,15286.516548156738,0.0,22.0,0.0,3.0,0.10428571428571431,1.5067418031394482,1.154715172946453,1.1734220404177904
full_action_q_dqn,819,198,85.99814864993095,88.28248308852315,29.41791446506977,56.580234199762344,1.541059616021812,16929.472217559814,0.0,25.0,0.0,1.0,0.09976190476190483,1.8163358382880688,1.3907503969967365,1.41861816868186
full_action_q_dqn,819,199,62.644970402121544,86.69397623859346,27.625819489359856,35.01915094256401,1.4252568827942014,15218.829425811768,0.0,18.0,0.0,0.0,0.09523809523809534,2.096455842256546,1.6080162785947323,1.6281318329274654
full_action_q_dqn,819,200,73.05152737349272,85.14827390544116,28.348270431160927,44.70325696468353,1.4707589810714126,15728.324504852295,0.0,21.0,0.0,0.0,0.09071428571428575,1.6328474879264832,1.2507630661129951,1.2736146859824657
full_action_q_dqn,819,201,77.58432833403349,84.7792696854472,28.61379610747099,48.97053167521953,1.5048394743353128,16375.2487449646,0.0,23.0,0.0,2.0,0.08619047619047626,1.9945417642593384,1.528813548386097,1.5524273440241814
full_action_q_dqn,819,202,82.63059885203839,84.1159696136415,28.78079279512167,53.84980598986149,1.4966421695426106,16110.62931060791,0.0,24.0,0.0,4.0,0.08166666666666667,1.3175858184695244,1.0081640165299177,1.0314060151576996
full_action_q_dqn,819,203,95.74490538239479,84.61727938473224,34.05000504851341,61.69490057229996,1.6089261770248413,18502.993843078613,0.0,26.0,0.0,1.0,0.07714285714285718,1.6004759706556797,1.2265575528144836,1.2463946491479874
full_action_q_dqn,819,204,93.73821706473828,85.00629520878196,31.807568535208702,61.930649095773695,1.5722485752776265,17893.169147491455,0.0,27.0,0.0,1.0,0.0726190476190477,1.5177319198846817,1.1635161824524403,1.1807191148400307
full_action_q_dqn,819,205,98.88074652850628,85.28740856438876,32.322668954730034,66.55807714164257,1.553227917291224,17704.537437438965,0.0,29.0,0.0,2.0,0.06809523809523821,1.9327004440128803,1.4817358832806349,1.5032150465995073
full_action_q_dqn,819,206,86.45074073970318,85.84688069649042,30.638685829937458,55.8120549172163,1.5122686987742782,16978.51979446411,0.0,26.0,0.0,1.0,0.06357142857142861,1.6022937074303627,1.2269160002470016,1.2512590009719133
full_action_q_dqn,819,207,99.14787060916424,85.94947609879077,33.197974279522896,65.94989585280419,1.608643425628543,18578.02182006836,0.0,28.0,0.0,4.0,0.059047619047619015,1.8553336914628744,1.4211447425186634,1.447296405211091
full_action_q_dqn,819,208,84.99496790766716,85.81078398264945,31.582923114299774,53.412044271826744,1.5508822230622172,17460.644592285156,0.0,25.0,0.0,0.0,0.05452380952380953,1.6332812868058681,1.2502200938761234,1.2768705449998379
full_action_q_dqn,819,209,84.21577618569135,85.93702804975212,31.764344222843647,52.4514318883419,1.5445981454104185,17562.82713699341,0.0,25.0,0.0,2.0,0.050000000000000044,1.5312808938324451,1.1722949780523777,1.1966195963323116
full_action_q_dqn,819,210,91.69048707336188,86.08678355529905,32.276725582778454,59.41376155018806,1.5863075563684106,18289.293674468994,0.0,26.0,0.0,1.0,0.050000000000000044,1.7938175946474075,1.3741026669740677,1.399049749597907
full_action_q_dqn,819,211,79.17927294373513,85.18693327404559,29.313574343919754,49.86569941937923,1.4931349707767367,16009.947086334229,0.0,23.0,0.0,2.0,0.050000000000000044,2.0858952160924673,1.5958431512117386,1.6335067935287952
full_action_q_dqn,819,212,88.91040584445,85.01962205640973,31.332055978477,57.57834991812706,1.557909194380045,17511.855827331543,0.0,26.0,0.0,0.0,0.050000000000000044,1.1035441551357508,0.8424239121377468,0.870400745421648
full_action_q_dqn,819,213,85.29861564189196,84.81280574440957,30.074477083981037,55.22413867712021,1.5316931419074535,17213.081762313843,0.0,26.0,0.0,1.0,0.050000000000000044,1.5260135065764189,1.168412258848548,1.192004119977355
full_action_q_dqn,819,214,80.47777350246906,84.26305132374168,30.71741722524166,49.76035653054714,1.5347051536664367,16830.193187713623,0.0,24.0,0.0,0.0,0.050000000000000044,1.7050935365259647,1.3078348338603973,1.3241956010460854
full_action_q_dqn,819,215,82.57299045175314,84.37406722158195,29.215430669486523,53.357558992505076,1.5235833441838622,16716.905088424683,0.0,25.0,0.0,3.0,0.050000000000000044,1.7982345670461655,1.3779327273368835,1.4010059740394354
full_action_q_dqn,819,216,101.2821091875434,85.53805051334203,34.01919125765562,67.2629178851843,1.6579770408570766,19584.820348739624,0.0,30.0,0.0,1.0,0.050000000000000044,1.6504910700023174,1.2634224351495504,1.2902287282049656
full_action_q_dqn,819,217,89.79966669529676,86.21470596849919,29.5244085714221,60.275258272886276,1.5129377599805593,16681.318365097046,0.0,26.0,0.0,0.0,0.050000000000000044,1.3600885029882193,1.0421081557869911,1.0599344335496426
full_action_q_dqn,819,218,96.36347648501396,86.73297236025334,32.61746886372566,63.74600785970688,1.5750166662037373,17902.94091796875,0.0,28.0,0.0,0.0,0.050000000000000044,2.3089949786663055,1.7720848768949509,1.7897003181278706
full_action_q_dqn,819,219,96.21362392008305,88.41140503615142,34.075829178094864,62.13779506981373,1.6110297543928027,18794.117893218994,0.0,28.0,0.0,2.0,0.050000000000000044,1.8515119571238756,1.4189127050340176,1.441997479647398
full_action_q_dqn,819,220,83.10358267873525,88.91400780141353,29.578326910734177,53.52525562644005,1.5026383195072412,16070.735776901245,0.0,24.0,0.0,4.0,0.050000000000000044,1.6420429833233356,1.2562854140996933,1.28585846722126
full_action_q_dqn,819,221,74.80279859900475,88.7749313146621,28.431642703711987,46.37115612626076,1.4920168230310082,15627.854110717773,0.0,23.0,0.0,2.0,0.050000000000000044,1.490420151501894,1.138521546497941,1.1729953307658434
full_action_q_dqn,819,222,87.27730186283588,89.00726646520198,30.697833836078644,56.579467952251434,1.5541335316374898,17374.534091949463,0.0,26.0,0.0,1.0,0.050000000000000044,1.9335487056523561,1.4812658187001944,1.5076096300035715
full_action_q_dqn,819,223,107.42878881394863,89.59146063677966,36.85182985663414,70.57695867419243,1.711961193010211,21201.718673706055,0.0,30.0,0.0,2.0,0.050000000000000044,1.5374223664402962,1.1784089915454388,1.196711204946041
full_action_q_dqn,819,224,96.36405604481698,89.7227525857836,32.01544247567654,64.3486135840416,1.609323133714497,18120.336193084717,0.0,29.0,0.0,2.0,0.050000000000000044,1.529166154563427,1.1694582346826792,1.1990264393389225
full_action_q_dqn,819,225,85.50782528817653,89.05410652376712,30.663051687180996,54.84477351903915,1.5260330513119698,16860.45923614502,0.0,26.0,0.0,3.0,0.050000000000000044,1.3362842220813036,1.0233774781227112,1.043022457510233
full_action_q_dqn,819,226,91.37842845320702,89.3004909094423,30.816673770546913,60.561754846572875,1.5644413586705923,17499.273178100586,0.0,26.0,0.0,1.0,0.050000000000000044,2.1876602806150913,1.6751621440052986,1.7083269953727722
full_action_q_dqn,819,227,95.04035965502263,89.09511536173524,30.7422766238451,64.29808320999146,1.571879736147821,17554.694427490234,0.0,29.0,0.0,1.0,0.050000000000000044,2.246926996856928,1.7204332035034895,1.7549793049693108
full_action_q_dqn,819,228,78.31283286958933,88.76100860983135,29.845862351357937,48.46697050333023,1.4790261359885335,16511.667402267456,0.0,22.0,0.0,0.0,0.050000000000000044,1.7870086319744587,1.3682811222970486,1.3957582898437977
full_action_q_dqn,819,229,87.7860062211752,88.93952011160555,31.007803842425346,56.77820246815681,1.5441046180203557,17466.181951522827,0.0,25.0,0.0,1.0,0.050000000000000044,1.7890981547534466,1.3683255389332771,1.4025752041488886
full_action_q_dqn,819,230,59.67625848352909,87.3388086821139,25.056568674743176,34.619689831137656,1.3837542496621609,13857.010066986084,0.0,18.0,0.0,1.0,0.050000000000000044,1.9891152381896973,1.522661279886961,1.554846465587616
full_action_q_dqn,819,231,80.32247040569783,87.39596855521204,30.733772329986095,49.588698068261145,1.5825489787384868,18045.992706298828,0.0,23.0,0.0,1.0,0.050000000000000044,1.4664711337536573,1.1219103522598743,1.1485358905047178
full_action_q_dqn,819,232,93.15931255370378,87.60841389067473,33.10602609813213,60.05328622460365,1.581427895464003,18487.913402557373,0.0,27.0,0.0,0.0,0.050000000000000044,1.8424350265413523,1.411492332816124,1.4364755935966969
full_action_q_dqn,819,233,86.50404232740402,87.66868522495034,28.718455910682678,57.78558586537838,1.5099748512730002,16398.98598098755,0.0,28.0,0.0,0.0,0.050000000000000044,1.5893108248710632,1.216477945446968,1.242776244878769
full_action_q_dqn,819,234,73.49749558568001,87.31967132911088,27.79354813694954,45.70394771695137,1.4521718146279454,15384.658935546875,0.0,24.0,0.0,1.0,0.050000000000000044,2.079916223883629,1.592338241636753,1.625259917229414
full_action_q_dqn,819,235,94.62547054886818,87.92229533396662,32.92927958071232,61.69619072973728,1.58426449354738,18484.521881103516,0.0,30.0,0.0,2.0,0.050000000000000044,1.7988961264491081,1.377281604334712,1.4053817056119442
full_action_q_dqn,819,236,93.20469135195017,87.51842444218696,30.63665547221899,62.56803683340549,1.5475226230919361,17287.891218185425,0.0,28.0,0.0,2.0,0.050000000000000044,1.992261916399002,1.5253089554607868,1.5565098226070404
full_action_q_dqn,819,237,72.47807978093624,86.65234509646893,27.0711512491107,45.40692812204361,1.4406976709142327,15340.70569229126,0.0,23.0,0.0,0.0,0.050000000000000044,1.541408658027649,1.1783517468720675,1.2101896647363901
full_action_q_dqn,819,238,82.09520230591298,85.93893138751389,28.834127865731716,53.26107411980629,1.5137434657663107,16273.212142944336,0.0,25.0,0.0,2.0,0.050000000000000044,1.5652597770094872,1.1992074716836214,1.2201742939651012
full_action_q_dqn,819,239,74.82427817583084,84.86946410030127,28.19770410656929,46.626573994755745,1.4661028329283,15750.973690032959,0.0,22.0,0.0,0.0,0.050000000000000044,2.0057188346982002,1.5366924367845058,1.5634211972355843
full_action_q_dqn,819,240,96.27582168132066,85.52807605043054,32.90511313080788,63.370708520710465,1.6426960797980428,19062.859884262085,0.0,29.0,0.0,3.0,0.050000000000000044,1.647722776979208,1.2619745712727308,1.2858273312449455
full_action_q_dqn,819,241,87.78953762352467,86.17741300165655,30.542459398508072,57.24707871675491,1.5391670009121299,17017.327404022217,0.0,25.0,0.0,0.0,0.050000000000000044,1.4769525937736034,1.13019410520792,1.1558615677058697
full_action_q_dqn,819,242,88.07815007269383,86.21745541214943,29.502056822180748,58.57609365284443,1.503859668970108,16538.2306060791,0.0,28.0,0.0,2.0,0.050000000000000044,1.918767437338829,1.4709580354392529,1.4926979392766953
full_action_q_dqn,819,243,86.90218556821347,85.19112524986268,28.730856254696846,58.171329313516615,1.467729564756155,15722.93062210083,0.0,26.0,0.0,1.0,0.050000000000000044,1.9104836210608482,1.464493166655302,1.4866347629576921
full_action_q_dqn,819,244,77.0050112977624,84.22317301250996,27.624040193855762,49.3809709250927,1.431634278036654,15225.616981506348,0.0,22.0,0.0,0.0,0.050000000000000044,1.9979204311966896,1.529622295871377,1.5609936900436878
full_action_q_dqn,819,245,90.50700782984495,84.47313213959337,30.621866934001446,59.88514080643654,1.5363572221249342,16788.103561401367,0.0,27.0,0.0,0.0,0.050000000000000044,1.7026317454874516,1.3042035065591335,1.3280940894037485
full_action_q_dqn,819,246,95.29228397011757,84.66882491543889,32.883349388837814,62.40893434286117,1.5856354124844074,18468.9517288208,0.0,28.0,0.0,3.0,0.050000000000000044,1.701632808893919,1.3010534197092056,1.335264591500163
full_action_q_dqn,819,247,85.62566765546799,84.19809031546116,30.16735080629587,55.458316737413405,1.5225392449647188,17004.65398788452,0.0,26.0,0.0,1.0,0.050000000000000044,1.9414036069065332,1.4879326336085796,1.5115698259323835
full_action_q_dqn,819,248,87.34582469016314,84.64973990648986,30.6252506300807,56.720574060082434,1.4991318248212337,16654.974826812744,0.0,26.0,0.0,2.0,0.050000000000000044,1.4620908293873072,1.1196219827979803,1.1415627673268318
full_action_q_dqn,819,249,61.27611027657986,83.32424510926009,25.265392750501633,36.010717675089836,1.4052174389362335,14238.490438461304,0.0,18.0,0.0,0.0,0.050000000000000044,1.9262336529791355,1.4750777259469032,1.5038530454039574
full_action_q_dqn,819,250,80.39186638593674,84.36002550438047,29.26448418200016,51.127382293343544,1.4863751707598567,16573.489837646484,0.0,24.0,0.0,1.0,0.050000000000000044,2.281974896788597,1.7507188692688942,1.7708533816039562
full_action_q_dqn,819,251,78.07931806147099,84.24786788716912,27.398894123733044,50.68042413890362,1.4302866058424115,14911.937767028809,0.0,25.0,0.0,3.0,0.050000000000000044,1.6295935735106468,1.2474023438990116,1.2739707585424185
full_action_q_dqn,819,252,77.77911071777343,83.4788577953726,28.42861558496952,49.35049479007721,1.4582746410742402,15172.862823486328,0.0,23.0,0.0,2.0,0.050000000000000044,1.8786497935652733,1.4398321360349655,1.4627255257219076
full_action_q_dqn,819,253,80.53923592716455,83.18061747536063,29.787795789539814,50.751440197229385,1.4639389188960195,16394.44456100464,0.0,24.0,0.0,0.0,0.050000000000000044,1.8411532305181026,1.4115314036607742,1.4320726580917835
full_action_q_dqn,819,254,87.6027684956789,83.88588112086057,29.428171411156654,58.1745970249176,1.5245676739141345,16503.251205444336,0.0,27.0,0.0,0.0,0.050000000000000044,1.9040384627878666,1.4573858454823494,1.48884186334908
full_action_q_dqn,819,255,84.50845113694668,83.3800301502645,30.014443650841713,54.49400697946548,1.490041566081345,16166.53579711914,0.0,25.0,0.0,3.0,0.050000000000000044,1.5595338325947523,1.1922177597880363,1.224386876448989
full_action_q_dqn,819,256,88.67264872044325,83.15342801868916,31.63301157951355,57.03963686525822,1.5508934939280152,17603.430015563965,0.0,25.0,0.0,0.0,0.050000000000000044,2.016374783590436,1.5433776453137398,1.5766570903360844
full_action_q_dqn,819,257,76.78120223134756,83.36858414120972,29.482465758919716,47.29873662889004,1.4872701736167073,15967.402109146118,0.0,21.0,0.0,3.0,0.050000000000000044,2.226064022630453,1.7069661263376474,1.7303263265639544
full_action_q_dqn,819,258,76.41406440138817,83.08452724598348,27.755198910832405,48.65886499881744,1.4618954779580235,15787.769062042236,0.0,24.0,0.0,2.0,0.050000000000000044,2.0826060697436333,1.5955378711223602,1.6235605999827385
full_action_q_dqn,819,259,84.80237786471844,83.58343223042786,30.904431134462357,53.897946894168854,1.5400125561282039,17363.87144088745,0.0,24.0,0.0,0.0,0.050000000000000044,2.169667098671198,1.6630975622683764,1.6885650884360075
full_action_q_dqn,819,260,69.42207754552365,82.24074502363803,26.33086670190096,43.091211104393004,1.4167245104908943,14920.381017684937,0.0,20.0,0.0,1.0,0.050000000000000044,1.520103745162487,1.1634652111679316,1.188794981688261
full_action_q_dqn,819,261,76.55962255746127,81.67924927033485,28.91845101863146,47.641171315312384,1.4909016601741314,16071.05912399292,0.0,23.0,0.0,2.0,0.050000000000000044,1.9706251323223114,1.5086904019117355,1.5397822763770819
full_action_q_dqn,819,262,85.81896100342274,81.5662898168713,29.55811830610037,56.26084324121475,1.5092067448422313,16540.568725585938,0.0,25.0,0.0,1.0,0.050000000000000044,1.964908879250288,1.502737758681178,1.5405703000724316
full_action_q_dqn,819,263,82.70733077824116,81.35654707737268,32.01725023984909,50.690080150961876,1.549012734554708,17817.766479492188,0.0,23.0,0.0,0.0,0.050000000000000044,1.7654989920556545,1.3506646044552326,1.3827811609953642
full_action_q_dqn,819,264,97.75739084333182,82.39416605465115,29.851382322609425,67.90600865483285,1.5456734141334891,16829.315086364746,0.0,30.0,0.0,2.0,0.050000000000000044,1.8715711496770382,1.4334913082420826,1.4602661337703466
full_action_q_dqn,819,265,63.216736467182635,81.02965248651803,25.34474005550146,37.8719965159893,1.3979487074539065,14230.575925827026,0.0,19.0,0.0,2.0,0.050000000000000044,1.9415259212255478,1.4889639168977737,1.508539954200387
full_action_q_dqn,819,266,72.2549313083291,79.87778485342861,27.384283773601055,44.87064749002457,1.4204144943505526,14892.231170654297,0.0,23.0,0.0,0.0,0.050000000000000044,2.0568229034543037,1.5774383060634136,1.597948718816042
full_action_q_dqn,819,267,69.70261926352978,79.08163243383171,26.266198813915253,43.436420837044714,1.3967169178649783,14471.720680236816,0.0,21.0,0.0,1.0,0.050000000000000044,1.9902824349701405,1.523881509900093,1.5546696484088898
full_action_q_dqn,819,268,87.06651187092066,79.06766679286957,33.11804453283548,53.94846775531769,1.5704263839870691,18244.92568206787,0.0,23.0,0.0,1.0,0.050000000000000044,2.008249517530203,1.5383370369672775,1.566374883055687
full_action_q_dqn,819,269,88.59011763334274,80.43336716070772,30.433027796447277,58.157090187072754,1.5429999809712172,17269.41044998169,0.0,26.0,0.0,0.0,0.050000000000000044,2.2338729575276375,1.710855919867754,1.7433900404721498
full_action_q_dqn,819,270,86.5062650218606,80.73908709250392,32.21400600671768,54.2922585606575,1.5666806604713202,18108.708526611328,0.0,25.0,0.0,1.0,0.050000000000000044,1.770223531872034,1.3565301708877087,1.3789778277277946
full_action_q_dqn,819,271,82.05561469495296,80.93790192417801,28.986861690878868,53.068752855062485,1.4889769507572055,16283.970539093018,0.0,23.0,0.0,0.0,0.050000000000000044,1.495224878191948,1.1430193111300468,1.1740184742957354
full_action_q_dqn,819,272,94.43353601694108,81.77062318913639,32.34777797758579,62.08575799465179,1.562292848713696,18327.84834098816,0.0,28.0,0.0,1.0,0.050000000000000044,1.6604900136590004,1.2702049426734447,1.300950139760971
full_action_q_dqn,819,273,70.18164256215096,81.25274352088572,27.23742976039648,42.94421207904816,1.4434496648609638,15236.043888092041,0.0,22.0,0.0,0.0,0.050000000000000044,2.211710847914219,1.6955543123185635,1.7205216865986586
full_action_q_dqn,819,274,77.3735246822238,80.74128133021296,29.701130755245686,47.672393867373465,1.5031434213742614,16386.986389160156,0.0,23.0,0.0,1.0,0.050000000000000044,1.7036446668207645,1.3040616642683744,1.331943303346634
full_action_q_dqn,819,275,80.72710397988558,80.55221397235991,28.359770864248276,52.36733321249485,1.4608415719121695,15694.952758789062,0.0,24.0,0.0,1.0,0.050000000000000044,2.06472560018301,1.5788852982223034,1.6194676421582699
full_action_q_dqn,819,276,81.4176053032279,80.18946180149915,30.401342414319515,51.016263127326965,1.4758993778377771,16126.125755310059,0.0,24.0,0.0,0.0,0.050000000000000044,1.5696832202374935,1.1999448109418154,1.2324613649398088
full_action_q_dqn,819,277,93.92579601109028,81.04669149048627,32.36026084423065,61.56553425788879,1.5491948267444968,17861.78279876709,0.0,27.0,0.0,1.0,0.050000000000000044,1.603486342355609,1.226928560063243,1.255192555487156
full_action_q_dqn,819,278,69.88966872543097,80.72047170668841,26.829534359276295,43.06013421714306,1.4381861118599772,14905.28579711914,0.0,21.0,0.0,0.0,0.050000000000000044,1.7736512459814548,1.3584150541573763,1.3841205760836601
full_action_q_dqn,819,279,96.70218920707703,81.31546227380633,32.629064448177814,64.07312490046024,1.609936859458685,18505.25999069214,0.0,28.0,0.0,0.0,0.050000000000000044,1.5867442023009062,1.2128681987524033,1.2462532743811607
full_action_q_dqn,819,280,79.94196330010891,81.8414565615356,28.58280624449253,51.35915732383728,1.4732731496915221,15882.515350341797,0.0,24.0,0.0,1.0,0.050000000000000044,1.757661109790206,1.3443795815110207,1.377605028450489
full_action_q_dqn,819,281,83.31806445866823,82.17937865659594,29.5589861869812,53.759078308939934,1.4841886162757874,16256.172145843506,0.0,26.0,0.0,1.0,0.050000000000000044,2.136653795838356,1.635889858007431,1.6692130137234926
full_action_q_dqn,819,282,73.61247566342354,81.56905438959599,26.825530163943768,46.78694558143616,1.4115583645179868,14329.611343383789,0.0,22.0,0.0,0.0,0.050000000000000044,2.033235616981983,1.5568995140492916,1.5877869501709938
full_action_q_dqn,819,283,79.91974119096994,81.42967491023242,28.43846733123064,51.48127380013466,1.4708862993866205,15819.597869873047,0.0,25.0,0.0,1.0,0.050000000000000044,1.9812022671103477,1.5158065184950829,1.5513189770281315
full_action_q_dqn,819,284,76.67551679909229,80.37558120802045,29.061681427061558,47.61383503675461,1.4912269013002515,16369.31198501587,0.0,21.0,0.0,1.0,0.050000000000000044,1.7537298537790775,1.3429100550711155,1.3693992607295513
full_action_q_dqn,819,285,87.84677756130695,81.60708326272666,31.711798667907715,56.13497932553291,1.5600635604932904,17794.032264709473,0.0,25.0,0.0,2.0,0.050000000000000044,1.834962835535407,1.4035665150731802,1.4379876386374235
full_action_q_dqn,819,286,94.63758422732353,82.72621590867638,31.476189516484737,63.161394613981244,1.56425641477108,17620.99843597412,0.0,29.0,0.0,2.0,0.050000000000000044,2.1335773896425962,1.6333689037710428,1.6673616375774145
full_action_q_dqn,819,287,90.7653689160943,83.77935339130461,31.34482730925083,59.4205416738987,1.547526391223073,17820.95344543457,0.0,27.0,0.0,1.0,0.050000000000000044,1.7255392707884312,1.3230731915682554,1.3415535613894463
full_action_q_dqn,819,288,85.87879503667355,83.71996754959225,29.904720097780228,55.97407514750957,1.518066287972033,17103.81074142456,0.0,25.0,0.0,2.0,0.050000000000000044,1.6901980563998222,1.2921927850693464,1.3266842663288116
full_action_q_dqn,819,289,79.40215688198805,83.26056951202453,28.533631414175034,50.868525475263596,1.4964862754568458,16311.636531829834,0.0,25.0,0.0,0.0,0.050000000000000044,2.2111784256994724,1.6928967367857695,1.727605564519763
full_action_q_dqn,819,290,95.76327674239874,83.72342009805143,32.494493678212166,63.268782997131346,1.5614725649356842,18210.012420654297,0.0,28.0,0.0,3.0,0.050000000000000044,2.1993926391005516,1.686049971729517,1.711142159998417
full_action_q_dqn,819,291,63.99073875695467,82.82017630115152,25.79230637103319,38.198432236909866,1.4001349247992039,14659.971534729004,0.0,20.0,0.0,0.0,0.050000000000000044,2.033104535192251,1.5544306598603725,1.5955794621258974
full_action_q_dqn,819,292,84.4681614279747,82.32190757170319,28.737012282013893,55.7311493396759,1.5213871030136943,16666.81478881836,0.0,25.0,0.0,1.0,0.050000000000000044,1.9836097918450832,1.5192539133131504,1.5478528998792171
full_action_q_dqn,819,293,80.89513397961855,82.85758214257659,29.36268801242113,51.532446056604385,1.5143220834434032,16645.715770721436,0.0,23.0,0.0,1.0,0.050000000000000044,2.2132633477449417,1.6948795579373837,1.7279458083212376
full_action_q_dqn,819,294,84.27133484333754,83.20247265063226,30.28497012704611,53.98636510372162,1.5110359387472272,16503.740112304688,0.0,24.0,0.0,1.0,0.050000000000000044,1.8057073466479778,1.3826813846826553,1.410086477175355
full_action_q_dqn,819,295,73.59960992783309,82.84609794802965,28.575360499322414,45.024249175190924,1.4496242608875036,15660.361114501953,0.0,22.0,0.0,1.0,0.050000000000000044,2.24641901999712,1.721588660031557,1.7494344413280487
full_action_q_dqn,819,296,78.0476451665163,82.67759994119406,27.979913234710693,50.06773245334625,1.4629023792222142,15855.378955841064,0.0,23.0,0.0,0.0,0.050000000000000044,2.0826424956321716,1.5945018641650677,1.6271354407072067
full_action_q_dqn,819,297,78.3250268548727,81.8975614833832,29.103522807359695,49.221504136919975,1.5210635531693697,16375.725816726685,0.0,25.0,0.0,2.0,0.050000000000000044,2.337799172848463,1.791062219068408,1.8224563654512167
full_action_q_dqn,819,298,96.60486247390509,83.23332117080687,31.383026011288166,65.22183614969254,1.5688430089503527,17942.916961669922,0.0,31.0,0.0,0.0,0.050000000000000044,2.0315426886081696,1.5543591640889645,1.5906116664409637
full_action_q_dqn,819,299,69.58633058667183,81.87752823978663,28.123449862003326,41.462880650162695,1.4291129522025585,15336.867427825928,0.0,21.0,0.0,1.0,0.050000000000000044,2.013121200725436,1.5412853490561247,1.5727861151099205
full_action_q_dqn,819,300,78.20448137819767,81.79065414369106,28.35330905765295,49.851172402501106,1.4658297998830676,15596.207641601562,0.0,23.0,0.0,0.0,0.050000000000000044,1.8328472133725882,1.404033711180091,1.4293782971799374
full_action_q_dqn,819,301,99.2439534664154,82.58694859407842,32.51663211733103,66.72732090950012,1.5969320861622691,18268.496017456055,0.0,29.0,0.0,2.0,0.050000000000000044,1.5706266425549984,1.199794752523303,1.2361062411218882
full_action_q_dqn,819,302,91.06213489174843,83.45943155549466,30.826700687408447,60.235434263944626,1.5438928911462426,17484.22933959961,0.0,28.0,0.0,0.0,0.050000000000000044,2.00629311054945,1.5347202457487583,1.571909461170435
full_action_q_dqn,819,303,82.54758773744106,83.59082388281823,29.61617272347212,52.93141479790211,1.476585203781724,16219.855112075806,0.0,23.0,0.0,0.0,0.050000000000000044,2.208714723587036,1.6909271255135536,1.7259585708379745
full_action_q_dqn,819,304,86.99421475827694,84.10675878077745,31.72277259081602,55.27144265174866,1.5546669457107782,17648.26642227173,0.0,25.0,0.0,1.0,0.050000000000000044,2.3616988733410835,1.8099002595990896,1.839328646659851
full_action_q_dqn,819,305,99.1684091180563,84.67284035861493,34.10761418938637,65.0607952862978,1.6063748383894563,19186.08351135254,0.0,29.0,0.0,1.0,0.050000000000000044,2.0164898820221424,1.5461988616734743,1.56763662584126
full_action_q_dqn,819,306,89.12926963716745,84.39742462910712,30.919451527297497,58.2098183631897,1.5295551987364888,17232.658798217773,0.0,25.0,0.0,1.0,0.050000000000000044,1.3738054558634758,1.049555640667677,1.080832701176405
full_action_q_dqn,819,307,76.87161422520876,83.70273689456285,28.359247513115406,48.512366622686386,1.512867751531303,16173.050205230713,0.0,24.0,0.0,0.0,0.050000000000000044,2.3071824945509434,1.766874611377716,1.8010261226445436
full_action_q_dqn,819,308,75.72294981181622,83.19494463331998,29.70867431908846,46.014275604486464,1.477828393690288,16218.086650848389,0.0,23.0,0.0,4.0,0.050000000000000044,1.8368618357926607,1.405064294114709,1.4393251035362482
full_action_q_dqn,819,309,75.13846723139287,82.98176015079022,28.386990770697594,46.75147675871849,1.4695369666442275,16064.423431396484,0.0,23.0,0.0,1.0,0.050000000000000044,1.9330900628119707,1.4799851477146149,1.5103497542440891
full_action_q_dqn,819,310,79.10138233006,82.14866543017328,29.968108892440796,49.13327330350876,1.488164664246142,16610.605136871338,0.0,22.0,0.0,0.0,0.050000000000000044,1.8602158762514591,1.4236484505236149,1.4552247654646635
full_action_q_dqn,819,311,69.97130277752876,82.44769363120199,27.57264994084835,42.39865297079086,1.4310888908803463,15154.559492111206,0.0,20.0,0.0,0.0,0.050000000000000044,1.6379920653998852,1.255587937310338,1.2746804021298885
full_action_q_dqn,819,312,76.9924484282732,82.07390798121692,27.968424953520298,49.024023392796515,1.4901125533506274,16163.874086380005,0.0,23.0,0.0,3.0,0.050000000000000044,1.8756087720394135,1.4370388574898243,1.4618997108191252
full_action_q_dqn,819,313,91.84038061052561,82.62117031276227,30.70786027610302,61.13252065479755,1.5195616874843836,16880.83250808716,0.0,28.0,0.0,2.0,0.050000000000000044,2.0069072879850864,1.536726862192154,1.5672679748386145
full_action_q_dqn,819,314,78.49577516317368,82.33239232875408,28.791811414062977,49.703964084386826,1.4692255863919854,15926.499153137207,0.0,24.0,0.0,1.0,0.050000000000000044,2.0130410697311163,1.5416080988943577,1.571443174034357
full_action_q_dqn,819,315,83.48859184980392,82.82684142485262,28.397711597383022,55.09088057279587,1.467043568380177,15572.216953277588,0.0,25.0,0.0,2.0,0.050000000000000044,1.8405036497861147,1.4079652037471533,1.4417948238551617
full_action_q_dqn,819,316,91.39270233511925,83.49409428328276,31.936451345682144,59.456250646710394,1.566859402693808,18204.936729431152,0.0,28.0,0.0,2.0,0.050000000000000044,1.9380798060446978,1.4843098130077124,1.5125665236264467
full_action_q_dqn,819,317,74.69263333231211,83.31247460715474,27.807948268949986,46.88468460142612,1.4659051764756441,15748.479057312012,0.0,23.0,0.0,1.0,0.050000000000000044,2.819836065173149,2.1603720746934414,2.1982132345438004
full_action_q_dqn,819,318,75.17661541104317,82.24106225401165,27.388836055994034,47.787779146432875,1.4520928170531988,14973.56641960144,0.0,23.0,0.0,1.0,0.050000000000000044,2.0248491652309895,1.5501919351518154,1.582190765067935
full_action_q_dqn,819,319,58.45037521421909,81.68426448538901,25.243150755763054,33.20722424983978,1.3760835863649845,13856.750984191895,0.0,18.0,0.0,0.0,0.050000000000000044,2.1284920908510685,1.6314301192760468,1.6568731181323528
full_action_q_dqn,819,320,70.65017538517714,81.30654918573798,28.34332626312971,42.306849002838135,1.4599175369367003,15656.779769897461,0.0,20.0,0.0,1.0,0.050000000000000044,2.1486213505268097,1.6474438719451427,1.6705916002392769
full_action_q_dqn,819,321,83.90440602749587,80.53957181379201,30.874869607388973,53.02953658401966,1.519777437672019,16853.63286972046,0.0,23.0,0.0,1.0,0.050000000000000044,1.7011048272252083,1.3018511347472668,1.3308456540107727
full_action_q_dqn,819,322,77.97604980319738,79.88526755936445,28.065505169332027,49.91054505109787,1.4681842559948564,16036.89107131958,0.0,24.0,0.0,0.0,0.050000000000000044,2.3622614555060863,1.8094901069998741,1.842571111395955
full_action_q_dqn,819,323,87.30446115136147,80.12311123006046,30.976026073098183,56.32843475043774,1.5532578257843852,17301.377281188965,0.0,26.0,0.0,0.0,0.050000000000000044,2.181452840566635,1.6703419964760542,1.7037026695907116
full_action_q_dqn,819,324,78.79191680401564,79.7129963323474,29.431610740721226,49.36030595898628,1.4725179495289922,15985.1674118042,0.0,22.0,0.0,1.0,0.050000000000000044,1.4600463062524796,1.1171741411089897,1.1429071575403214
full_action_q_dqn,819,325,74.54176184535027,78.4816639687121,28.211687684059143,46.330074310302734,1.4438481386750937,15409.034839630127,0.0,23.0,0.0,0.0,0.050000000000000044,2.1904754489660263,1.6783672645688057,1.7070271987468004
full_action_q_dqn,819,326,99.58787340670824,79.00459415718913,32.14512562006712,67.44274696707726,1.564556091092527,18030.04356765747,0.0,30.0,0.0,0.0,0.050000000000000044,2.2335492335259914,1.710329182446003,1.7440668288618326
full_action_q_dqn,819,327,79.98325627446175,79.16017625965179,28.438674807548523,51.54458158612251,1.4781225807964802,15826.148021697998,0.0,23.0,0.0,1.0,0.050000000000000044,1.9292648993432522,1.4771255441009998,1.5071312077343464
full_action_q_dqn,819,328,67.65978054851294,78.75701779648662,25.25949990749359,42.40028082728386,1.4125235890969634,14567.533958435059,0.0,22.0,0.0,1.0,0.050000000000000044,2.449453469365835,1.8775502927601337,1.9063438326120377
full_action_q_dqn,819,329,95.8284025490284,79.7915145623684,32.04845190048218,63.77995030581951,1.5728748235851526,17581.869689941406,0.0,28.0,0.0,0.0,0.050000000000000044,1.9842638783156872,1.5199191365391016,1.5478157177567482
full_action_q_dqn,819,330,79.8493921533227,79.82891505353155,30.80100930482149,49.04838263988495,1.5439788214862347,17318.6964302063,0.0,23.0,0.0,1.0,0.050000000000000044,1.8095422368496656,1.386166863143444,1.4112511798739433
full_action_q_dqn,819,331,72.116031165421,79.93615147292614,27.017174623906612,45.09885682463646,1.4476951910182834,15555.318145751953,0.0,22.0,0.0,3.0,0.050000000000000044,2.0468473751097918,1.5687220059335232,1.5937511455267668
full_action_q_dqn,819,332,89.16940768063068,80.54499943554401,30.8055924102664,58.36381524801254,1.5221862746402621,17084.745697021484,0.0,25.0,0.0,1.0,0.050000000000000044,1.826626205816865,1.3991341292858124,1.4249734692275524
full_action_q_dqn,819,333,74.52215708196164,79.67908825911583,26.441905319690704,48.08025210499763,1.3890702929347754,13982.68051147461,0.0,23.0,0.0,1.0,0.050000000000000044,2.21231609582901,1.694327987730503,1.7266270220279694
full_action_q_dqn,819,334,74.28825039565564,79.46871202073993,28.306718409061432,45.981531807780264,1.4461846509948373,15327.606342315674,0.0,21.0,0.0,1.0,0.050000000000000044,2.1961078234016895,1.682442581281066,1.7122174259275198
full_action_q_dqn,819,335,85.19716994464397,79.55414092548192,29.250984646379948,55.94618512690067,1.5200615031644702,16563.14432144165,0.0,27.0,0.0,2.0,0.050000000000000044,1.5810999069362879,1.2095901183784008,1.2383659202605486
full_action_q_dqn,819,336,64.8654055312276,78.22777608528735,25.629197150468826,39.2362085968256,1.3794661220163107,13794.323150634766,0.0,21.0,0.0,1.0,0.050000000000000044,1.9653025567531586,1.5061210058629513,1.5306051280349493
full_action_q_dqn,819,337,103.12115566432476,79.64920220188797,36.345755979418755,66.7753991484642,1.6447648582980037,19888.74933242798,0.0,29.0,0.0,0.0,0.050000000000000044,1.855864990502596,1.4201611448079348,1.4523460771888494
full_action_q_dqn,819,338,79.18813405185938,79.84977813392878,28.59063282608986,50.597500920295715,1.466146782040596,15933.77946472168,0.0,24.0,0.0,0.0,0.050000000000000044,2.335827935487032,1.7893468104302883,1.8216036949306726
full_action_q_dqn,819,339,111.29429112374783,82.49197392940522,37.25101042538881,74.04328127205372,1.6666602222248912,20517.141078948975,0.0,33.0,0.0,0.0,0.050000000000000044,1.8824765421450138,1.441485945135355,1.4699685778468847
full_action_q_dqn,819,340,83.3586391583085,83.12739711806178,31.35097672790289,52.00766250491142,1.518473893404007,16879.244201660156,0.0,24.0,0.0,0.0,0.050000000000000044,2.587105004116893,1.9835206884890795,2.0119476299732924
full_action_q_dqn,819,341,107.13321648538113,84.28883764095605,34.68495166301727,72.44826540350914,1.6780517790466547,20109.32501602173,0.0,32.0,0.0,1.0,0.050000000000000044,1.7163918521255255,1.313560226932168,1.3427720963954926
full_action_q_dqn,819,342,85.38821906745434,84.6594461041689,31.43899291753769,53.94922632873058,1.529851975850761,17464.452323913574,0.0,25.0,0.0,1.0,0.050000000000000044,2.416662648320198,1.8509855195879936,1.8855903707444668
full_action_q_dqn,819,343,72.6568047657609,83.92706328488887,26.06824729591608,46.5885572835803,1.3970341132953763,14295.903327941895,0.0,22.0,0.0,2.0,0.050000000000000044,2.608071707189083,2.0000137109309435,2.026859901845455
full_action_q_dqn,819,344,72.08441911637783,83.59168840050697,28.144755199551582,43.93966397643089,1.4637630945071578,15668.326370239258,0.0,22.0,0.0,0.0,0.050000000000000044,2.178342066705227,1.6678154524415731,1.7017552815377712
full_action_q_dqn,819,345,82.61235002428293,83.99521780945362,29.72991094738245,52.88243925571442,1.5096794283017516,16832.8869972229,0.0,26.0,0.0,0.0,0.050000000000000044,1.6498416364192963,1.2628873866051435,1.2898474913090467
full_action_q_dqn,819,346,90.20169577002525,83.52590892761945,30.899306565523148,59.30238965153694,1.545017841272056,17446.017936706543,0.0,27.0,0.0,1.0,0.050000000000000044,1.7317452318966389,1.326442452147603,1.3510092049837112
full_action_q_dqn,819,347,91.64088951349258,84.10879058957099,31.36619821190834,60.27469118237495,1.5562916388735175,17722.225708007812,0.0,27.0,0.0,2.0,0.050000000000000044,2.1327594965696335,1.63247898966074,1.6676015965640545
full_action_q_dqn,819,348,86.22516707330942,85.03705991581083,31.770334891974926,54.454831689596176,1.5382449543103576,17805.983684539795,0.0,24.0,0.0,0.0,0.050000000000000044,2.0587766859680414,1.5769224166870117,1.6061809100210667
full_action_q_dqn,819,349,83.03728268444539,84.39750392258168,31.058461263775826,51.97882083952427,1.5174352563917637,17169.351108551025,0.0,23.0,0.0,2.0,0.050000000000000044,2.118263591080904,1.6220673993229866,1.6539873387664557
full_action_q_dqn,819,350,72.68989584743977,84.03952910728754,28.179636910557747,44.51025999486446,1.43588809017092,15460.81816482544,0.0,22.0,0.0,2.0,0.050000000000000044,1.4966545347124338,1.1459067948162556,1.1691591329872608
full_action_q_dqn,819,351,80.25714173167944,84.44658463560046,30.21664047986269,50.04050090909004,1.4810266811400652,16521.95325088501,0.0,23.0,0.0,1.0,0.050000000000000044,2.0639124009758234,1.581291364505887,1.6087366789579391
full_action_q_dqn,819,352,72.48561271429062,83.61239488728346,27.104879781603813,45.38073276877403,1.4131260756403208,14775.162572860718,0.0,23.0,0.0,1.0,0.050000000000000044,1.770268976688385,1.3553305212408304,1.3831281214952469
full_action_q_dqn,819,353,88.35962614417076,84.30426834039392,31.065101392567158,57.294524520635605,1.5334559567272663,17145.202304840088,0.0,27.0,0.0,0.0,0.050000000000000044,1.9138835910707712,1.4642917178571224,1.4986395314335823
full_action_q_dqn,819,354,78.60202536284923,84.51995708875359,29.28405152261257,49.31797381043434,1.4855093378573656,15946.77530670166,0.0,23.0,0.0,3.0,0.050000000000000044,1.8274851217865944,1.3996456936001778,1.4261313304305077
full_action_q_dqn,819,355,85.01477966606618,84.5108375748247,30.013169139623642,55.00161018371582,1.50425776373595,16884.848894119263,0.0,24.0,0.0,3.0,0.050000000000000044,2.121969446539879,1.6245825365185738,1.6579562686383724
full_action_q_dqn,819,356,85.93826036155224,85.56448031634093,30.6431725025177,55.295088052749634,1.5274082208052278,17117.190422058105,0.0,25.0,0.0,1.0,0.050000000000000044,1.780024979263544,1.3620252404361963,1.393332427367568
full_action_q_dqn,819,357,86.54755226522684,84.73580014638603,30.323072515428066,56.22447991371155,1.5575063219293952,17540.58876800537,0.0,27.0,0.0,0.0,0.050000000000000044,2.0904264710843563,1.6001302562654018,1.6343206353485584
full_action_q_dqn,819,358,85.24989564716816,85.03888822615147,30.73873697221279,54.51115907728672,1.5002499669790268,16554.43360900879,0.0,25.0,0.0,0.0,0.050000000000000044,2.210999719798565,1.6947314031422138,1.720894381403923
full_action_q_dqn,819,359,68.37408373057842,82.892877856493,27.884674832224846,40.48940895795822,1.4443361451849341,15437.044506072998,0.0,21.0,0.0,2.0,0.050000000000000044,2.0621022786945105,1.5801651887595654,1.6064568758010864
full_action_q_dqn,819,360,59.599745662510394,81.7049331817031,25.667311422526836,33.932434597611426,1.3863559029996395,13896.872207641602,0.0,16.0,0.0,2.0,0.050000000000000044,1.7973277103155851,1.3739264197647572,1.4113376270979643
full_action_q_dqn,819,361,92.90339823961259,80.99344226941467,30.54257546365261,62.360823386907576,1.5111225144937634,16809.11622238159,0.0,27.0,0.0,1.0,0.050000000000000044,1.6880602482706308,1.2925395611673594,1.3184022195637226
full_action_q_dqn,819,362,91.45935487747192,81.29699905991555,30.886060044169426,60.57329420745373,1.5314665902405977,17176.23804473877,0.0,27.0,0.0,1.0,0.050000000000000044,2.1608245112001896,1.652727434411645,1.6936569027602673
full_action_q_dqn,819,363,71.61396938115358,81.24485729068519,27.620169676840305,43.99379961490631,1.4368084594607353,15151.011657714844,0.0,21.0,0.0,2.0,0.050000000000000044,2.7709789872169495,2.125629896298051,2.151163663715124
full_action_q_dqn,819,364,81.11621880531311,81.69644727513194,30.892727971076965,50.22349116206169,1.5321964006870985,17152.153953552246,0.0,23.0,0.0,0.0,0.050000000000000044,1.8251158893108368,1.3972501792013645,1.4262189604341984
full_action_q_dqn,819,365,83.67121002078056,81.74939027495682,28.73828561604023,54.93292462825775,1.4698590487241745,15788.882999420166,0.0,26.0,0.0,0.0,0.050000000000000044,2.09308348223567,1.6033902801573277,1.632310662418604
full_action_q_dqn,819,366,60.65013478845358,80.27181222587825,25.218264773488045,35.43187012672424,1.373518987558782,14030.139854431152,0.0,18.0,0.0,2.0,0.050000000000000044,1.458893395960331,1.1158928703516722,1.1433351021260023
full_action_q_dqn,819,367,92.85786563158035,80.33266103178264,31.13205847889185,61.72580659389496,1.5422483552247286,17762.855339050293,0.0,28.0,0.0,0.0,0.050000000000000044,1.6544045228511095,1.268034353852272,1.2879005316644907
full_action_q_dqn,819,368,59.861760371923445,79.01449069671335,24.215945675969124,35.645814859867095,1.3361561372876167,13230.505577087402,0.0,19.0,0.0,1.0,0.050000000000000044,2.318736305460334,1.7756453901529312,1.8103029672056437
full_action_q_dqn,819,369,76.66752579808235,78.6960028523952,28.34908691048622,48.31843948364258,1.4803371978923678,15961.356330871582,0.0,23.0,0.0,3.0,0.050000000000000044,2.5213765520602465,1.933397701010108,1.959929421544075
full_action_q_dqn,819,370,82.94886876642704,79.20895149834455,31.489415533840656,51.45945346355438,1.5317077292129397,17381.2149810791,0.0,24.0,0.0,2.0,0.050000000000000044,2.3407731875777245,1.7942547127604485,1.8217282369732857
full_action_q_dqn,819,371,81.54665807783604,79.27342731565238,31.01911871135235,50.52753948569298,1.538691802881658,17424.120643615723,0.0,23.0,0.0,2.0,0.050000000000000044,2.2475816532969475,1.72194261290133,1.7521300502121449
full_action_q_dqn,819,372,77.31794559210539,79.51504395954312,28.276395082473755,49.04155069589615,1.4459903305396438,15517.319511413574,0.0,23.0,0.0,0.0,0.050000000000000044,2.1182903349399567,1.620645947754383,1.6588144749403
full_action_q_dqn,819,373,98.94264996796846,80.044195150733,31.711280837655067,67.23136922717094,1.5821118531748652,17906.867584228516,0.0,31.0,0.0,0.0,0.050000000000000044,1.5657644048333168,1.1970642246305943,1.2290005721151829
full_action_q_dqn,819,374,89.5544465482235,80.59181621000171,31.49681393057108,58.0576326996088,1.5570941120386124,17678.24645614624,0.0,27.0,0.0,1.0,0.050000000000000044,2.156997811049223,1.6530129089951515,1.6799496300518513
full_action_q_dqn,819,375,89.0326584726572,80.79271015033126,31.148340597748756,57.88431766629219,1.548222898505628,17412.75408554077,0.0,28.0,0.0,0.0,0.050000000000000044,2.0728431660681963,1.5879907812923193,1.616174552589655
full_action_q_dqn,819,376,82.77347751110793,80.63447100780904,30.498022466897964,52.27545482814312,1.5418088687583804,17455.549240112305,0.0,25.0,0.0,2.0,0.050000000000000044,2.5861950181424618,1.9798781275749207,2.021056244149804
full_action_q_dqn,819,377,83.38188467472791,80.47618762828411,29.18841603398323,54.19346872270107,1.5041809296235442,16310.861129760742,0.0,24.0,0.0,2.0,0.050000000000000044,2.10675698146224,1.613408776000142,1.6444939654320478
full_action_q_dqn,819,378,75.84079115092754,80.00573240347207,27.960449561476707,47.88034199178219,1.4456117311492562,15359.761573791504,0.0,25.0,0.0,1.0,0.050000000000000044,2.236225739121437,1.7132883239537477,1.7431246526539326
full_action_q_dqn,819,379,78.58367712050676,80.51621207296849,29.455380007624626,49.12829706072807,1.4621197674423456,15951.009994506836,0.0,24.0,0.0,0.0,0.050000000000000044,1.9429897964000702,1.4877002984285355,1.5176315680146217
full_action_q_dqn,819,380,82.09521803408862,81.6409856915474,28.825271978974342,53.26994543671608,1.4742065602913499,16139.678749084473,0.0,25.0,0.0,1.0,0.050000000000000044,2.410619594156742,1.8497289754450321,1.8696354050189257
full_action_q_dqn,819,381,88.95508980751038,81.44357026994228,31.056293457746506,57.8987962603569,1.5566008118912578,17750.343450546265,0.0,25.0,0.0,0.0,0.050000000000000044,1.9537787437438965,1.4964073300361633,1.5245713405311108
full_action_q_dqn,819,382,82.21181777268649,80.98119341470301,30.85752385109663,51.35429366827011,1.522144004702568,17489.120414733887,0.0,25.0,0.0,1.0,0.050000000000000044,2.1482780426740646,1.6459599360823631,1.6743936892598867
full_action_q_dqn,819,383,75.40401352196932,81.17069562174382,28.64422845095396,46.75978519022465,1.4518971079960465,15586.637802124023,0.0,23.0,0.0,2.0,0.050000000000000044,2.564137116074562,1.9665018022060394,1.9921176601201296
full_action_q_dqn,819,384,73.06093376874924,80.76793136991562,28.32078005373478,44.7401537746191,1.4488723538815975,15453.64900970459,0.0,22.0,0.0,1.0,0.050000000000000044,2.205579526722431,1.6901525184512138,1.718089945614338
full_action_q_dqn,819,385,88.9275697991252,81.03074935883284,31.842185981571674,57.085384488105774,1.5643069678917527,17939.81856918335,0.0,26.0,0.0,0.0,0.050000000000000044,2.0115958526730537,1.5445311702787876,1.5568822175264359
full_action_q_dqn,819,386,77.37904938310385,81.86719508856535,29.235470913350582,48.14357848465443,1.4866285333409905,16108.156158447266,0.0,22.0,0.0,0.0,0.050000000000000044,1.98401452973485,1.518789989873767,1.5507484376430511
full_action_q_dqn,819,387,79.90947514772415,81.21977556437254,30.259970366954803,49.649504482746124,1.4909768914803863,16350.735038757324,0.0,22.0,0.0,0.0,0.050000000000000044,2.2659243438392878,1.7359802648425102,1.7664801962673664
full_action_q_dqn,819,388,93.34378109872341,82.89387660071255,31.576544925570488,61.7672366052866,1.5663521802052855,17712.584659576416,0.0,27.0,0.0,0.0,0.050000000000000044,2.2431724537163973,1.7183064967393875,1.7495531179010868
full_action_q_dqn,819,389,79.397128097713,83.03035671569407,27.885128177702427,51.51199954748154,1.4403570629656315,15167.655612945557,0.0,24.0,0.0,1.0,0.050000000000000044,2.1444984152913094,1.6430544182658195,1.671479880809784
full_action_q_dqn,819,390,84.09832932054996,83.08782974340022,30.456125117838383,53.64220458269119,1.4934315476566553,16824.41501235962,0.0,25.0,0.0,1.0,0.050000000000000044,2.3879983946681023,1.8311250731348991,1.8562442362308502
full_action_q_dqn,819,391,80.60340599119664,83.04066713906825,29.74068010598421,50.86272604167461,1.5002457723021507,16620.907848358154,0.0,23.0,0.0,1.0,0.050000000000000044,1.958864614367485,1.4999294430017471,1.5297838989645243
full_action_q_dqn,819,392,72.63871878385544,82.80670579865576,27.72449293732643,44.91422612965107,1.4658523239195347,15659.93240737915,0.0,23.0,0.0,0.0,0.050000000000000044,2.2022101376205683,1.6871021874248981,1.7170265056192875
full_action_q_dqn,819,393,71.71961009502411,81.44555380500853,28.829272344708443,42.890337735414505,1.4502348424866796,15680.706008911133,0.0,20.0,0.0,1.0,0.050000000000000044,2.0816803090274334,1.5942368190735579,1.624811589717865
full_action_q_dqn,819,394,84.3006456643343,81.18286376081407,31.57639469206333,52.724251464009285,1.548599286004901,17599.87419128418,0.0,25.0,0.0,0.0,0.050000000000000044,1.9152880385518074,1.4660924151539803,1.4973187074065208
full_action_q_dqn,819,395,89.00979942232371,81.1817208082974,30.19814383238554,58.811655753850935,1.5308983158320189,16848.152179718018,0.0,27.0,0.0,1.0,0.050000000000000044,1.8857911210507154,1.4462863132357597,1.4650159124284983
full_action_q_dqn,819,396,76.27079584598542,80.85658672504128,30.303915068507195,45.96688044965267,1.5006093848496675,17133.202713012695,0.0,25.0,0.0,1.0,0.050000000000000044,2.1307077649980783,1.6311645759269595,1.6651438884437084
full_action_q_dqn,819,397,70.42837489545346,80.20891123607755,28.447226248681545,41.98114865422249,1.458298078738153,15873.01516342163,0.0,22.0,0.0,1.0,0.050000000000000044,2.076234307140112,1.5897873304784298,1.6214897986501455
full_action_q_dqn,819,398,67.93216155469418,79.81347975626588,26.721767261624336,41.21039471030235,1.3924822257831693,14613.428569793701,0.0,21.0,0.0,0.0,0.050000000000000044,1.6054305545985699,1.229868883267045,1.2518722023814917
full_action_q_dqn,819,399,77.27522824704647,79.74805731259286,28.60819824039936,48.66702973842621,1.4594175480306149,15754.01904296875,0.0,24.0,0.0,1.0,0.050000000000000044,2.4929823465645313,1.912097280845046,1.936283502727747
full_action_q_dqn,819,400,70.37776834517717,79.16218482814729,27.30529122054577,43.07247684895992,1.4387768805027008,15543.68907546997,0.0,23.0,0.0,1.0,0.050000000000000044,1.8610330559313297,1.4252776838839054,1.4525179117918015
full_action_q_dqn,819,401,83.79080533385277,78.90397060446442,30.955016426742077,52.83578915297985,1.5271457517519593,16766.905700683594,0.0,24.0,0.0,1.0,0.050000000000000044,2.030971832573414,1.555346867069602,1.5854165088385344
full_action_q_dqn,819,402,89.37807862460613,79.2622836470604,31.013600073754787,58.36447864770889,1.5283251898363233,17211.59861755371,0.0,27.0,0.0,1.0,0.050000000000000044,2.1893685273826122,1.6763338521122932,1.7101156245917082
full_action_q_dqn,819,403,86.29951273202896,79.80705860756338,30.992955088615417,55.306557703018186,1.5237608002498746,17308.318843841553,0.0,25.0,0.0,3.0,0.050000000000000044,1.9298479203134775,1.476972084492445,1.5095860064029694
full_action_q_dqn,819,404,67.4054527387023,79.52428455606102,26.691364735364914,40.714087951183316,1.4478073483332992,15203.745168685913,0.0,20.0,0.0,3.0,0.050000000000000044,2.2684222254902124,1.7383023705333471,1.7670660112053156
full_action_q_dqn,819,405,79.86048754304647,79.07093044325708,31.49641440808773,48.36407361924648,1.5162744093686342,16949.837886810303,0.0,23.0,0.0,0.0,0.050000000000000044,2.4877019077539444,1.9090660624206066,1.9287861585617065
full_action_q_dqn,819,406,55.38665246516466,77.97131059736013,25.01856929063797,30.36808288395405,1.3597396975383162,13957.635345458984,0.0,18.0,0.0,3.0,0.050000000000000044,1.9701075926423073,1.5103198941797018,1.5326255802065134
full_action_q_dqn,819,407,79.05585313141346,77.92862949654459,27.622298255562782,51.433554875850675,1.464279431849718,15628.197616577148,0.0,24.0,0.0,2.0,0.050000000000000044,2.17579866014421,1.6673393491655588,1.6948643289506435
full_action_q_dqn,819,408,78.60758943110704,77.19181991316377,28.80059803277254,49.8069913238287,1.4750287914648652,15920.130374908447,0.0,24.0,0.0,0.0,0.050000000000000044,1.867909599095583,1.4316217042505741,1.4542929157614708
full_action_q_dqn,819,409,75.38329749554396,76.99112838305533,29.86665128171444,45.516646444797516,1.4902549618855119,16408.84519958496,0.0,24.0,0.0,2.0,0.050000000000000044,1.9393695816397667,1.484935412183404,1.5147805269807577
full_action_q_dqn,819,410,87.06214130818844,77.13931898243725,30.447385162115097,56.61475590765476,1.5105070108547807,16531.625846862793,0.0,26.0,0.0,1.0,0.050000000000000044,2.1091531421989202,1.6135890055447817,1.651880394667387
full_action_q_dqn,819,411,74.99474271386862,76.85888581857085,30.477681145071983,44.51706175506115,1.513003726489842,17015.098915100098,0.0,21.0,0.0,0.0,0.050000000000000044,2.3440723549574614,1.7973543480038643,1.8223932571709156
full_action_q_dqn,819,412,64.73127595335245,76.46351367704571,25.97282925993204,38.75844672322273,1.4083463558927178,14970.76732635498,0.0,20.0,0.0,0.0,0.050000000000000044,2.1186191234737635,1.6255195457488298,1.6436652801930904
full_action_q_dqn,819,413,92.52379009127617,77.5037226768583,31.804708659648895,60.71908175945282,1.5915659936144948,18202.240295410156,0.0,27.0,0.0,1.0,0.050000000000000044,1.9859325625002384,1.5208584107458591,1.5502470284700394
full_action_q_dqn,819,414,60.28706216067076,76.30304350167512,24.55537424981594,35.731688261032104,1.3798080757260323,14109.883728027344,0.0,19.0,0.0,0.0,0.050000000000000044,2.1289031729102135,1.6309380754828453,1.6598835438489914
full_action_q_dqn,819,415,70.33030857890844,75.36906895950438,28.46062173694372,41.86968657374382,1.4591722870245576,15656.955337524414,0.0,21.0,0.0,0.0,0.050000000000000044,2.310891270637512,1.7723128832876682,1.7952612079679966
full_action_q_dqn,819,416,98.52143966555596,76.4816011504829,33.170847713947296,65.3505921304226,1.59310716483742,18592.2092628479,0.0,29.0,0.0,1.0,0.050000000000000044,2.2378869615495205,1.7141840178519487,1.7456764578819275
full_action_q_dqn,819,417,69.39970462918282,76.43016763716938,26.389849178493023,43.00985553264618,1.3899890827015042,14484.565826416016,0.0,21.0,0.0,1.0,0.050000000000000044,1.8671331331133842,1.4309152942150831,1.4540594313293695
full_action_q_dqn,819,418,99.6327095657587,78.01519503772259,33.822204411029816,65.81050490140915,1.586328879930079,18927.943603515625,0.0,30.0,0.0,2.0,0.050000000000000044,2.434998258948326,1.8674274869263172,1.8919025883078575
full_action_q_dqn,819,419,81.29990868270397,78.21642905950547,29.89143379032612,51.40847489237785,1.495980222709477,16607.82818222046,0.0,24.0,0.0,2.0,0.050000000000000044,2.2941531371325254,1.7571739610284567,1.7899306006729603
full_action_q_dqn,819,420,73.61675836890936,78.37837856069208,27.40978215634823,46.20697656273842,1.4932475127279758,16363.965412139893,0.0,22.0,0.0,0.0,0.050000000000000044,2.161246705800295,1.655805705115199,1.6848032400012016
full_action_q_dqn,819,421,71.98235810548067,77.78795619927347,27.76111203432083,44.22124624252319,1.43956055957824,15645.396692276001,0.0,21.0,0.0,2.0,0.050000000000000044,1.7309541124850512,1.323872733861208,1.3569378573447466
full_action_q_dqn,819,422,62.03479029238224,76.42079178266229,24.859630659222603,37.17515951395035,1.337372064590454,13268.730897903442,0.0,19.0,0.0,0.0,0.050000000000000044,2.430895607918501,1.8620938956737518,1.8960055895149708
full_action_q_dqn,819,423,83.1525788024068,76.26344508618118,29.2999339774251,53.85264472067356,1.4891034625470638,16390.49578666687,0.0,24.0,0.0,2.0,0.050000000000000044,2.265521289780736,1.7351603880524635,1.7678697109222412
full_action_q_dqn,819,424,71.67256314307451,76.47680060639978,27.538104705512524,44.13445822894573,1.4587995447218418,15606.508388519287,0.0,23.0,0.0,0.0,0.050000000000000044,1.7134701702743769,1.3117900975048542,1.3389336355030537
full_action_q_dqn,819,425,84.970054872334,76.73227897286417,30.062908232212067,54.90714684128761,1.5019596489146352,16530.346899032593,0.0,25.0,0.0,0.0,0.050000000000000044,1.516021504998207,1.15970379114151,1.1877256650477648
full_action_q_dqn,819,426,91.20695708096028,78.52329420365395,29.93447668850422,61.272480660676955,1.516653590835631,16881.431087493896,0.0,28.0,0.0,2.0,0.050000000000000044,2.1603524051606655,1.655874341726303,1.6815935112535954
full_action_q_dqn,819,427,85.32242394387723,78.83662274427714,30.63675805926323,54.685666093230246,1.5173730095848441,17100.4783782959,0.0,25.0,0.0,3.0,0.050000000000000044,2.0024582501500845,1.5323358718305826,1.5670745838433504
full_action_q_dqn,819,428,88.49498693048955,79.33099261924626,31.45909245312214,57.035894685983656,1.541526060551405,17599.339561462402,0.0,26.0,0.0,1.0,0.050000000000000044,2.70973439514637,2.0796399787068367,2.1003146693110466
full_action_q_dqn,819,429,81.56999385356903,79.64032743714752,29.08939464390278,52.48059944808483,1.506377037614584,16766.310359954834,0.0,25.0,0.0,0.0,0.050000000000000044,1.9704687781631947,1.5096917264163494,1.535923458635807
full_action_q_dqn,819,430,68.31492602825165,78.70296667315067,28.08506902307272,40.229857444763184,1.4768870044499636,15819.424640655518,0.0,21.0,0.0,1.0,0.050000000000000044,2.1796422004699707,1.6694016233086586,1.7008018307387829
full_action_q_dqn,819,431,80.3329807817936,78.96987857654692,30.180182948708534,50.152798265218735,1.50194688513875,16874.814113616943,0.0,23.0,0.0,0.0,0.050000000000000044,2.3821152225136757,1.8241107575595379,1.8600147813558578
full_action_q_dqn,819,432,95.95552160739899,80.53109085924925,32.43343921005726,63.52208205461502,1.5623033111914992,18437.0701751709,0.0,27.0,0.0,2.0,0.050000000000000044,2.3122582230716944,1.7729606907814741,1.7976584825664759
full_action_q_dqn,819,433,87.69425928890705,80.28961431913078,30.294793240725994,57.39946602582931,1.543779443949461,17483.050930023193,0.0,27.0,0.0,2.0,0.050000000000000044,2.243171311914921,1.720221471041441,1.7431660629808903
full_action_q_dqn,819,434,91.42200028896332,81.84636122554541,31.29123604297638,60.13076442480087,1.5480924509465694,17572.98508453369,0.0,26.0,0.0,0.0,0.050000000000000044,2.4487327728420496,1.8761265389621258,1.908687375485897
full_action_q_dqn,819,435,95.03308713436127,83.08150015331805,30.83604970574379,64.19703777134418,1.5727351736277342,17312.552047729492,0.0,29.0,0.0,1.0,0.050000000000000044,1.7594337444752455,1.3474248070269823,1.3733631670475006
full_action_q_dqn,819,436,72.94682461321354,81.80276940070092,28.6945995464921,44.25222562551498,1.4458396900445223,15282.575355529785,0.0,21.0,0.0,2.0,0.050000000000000044,2.191531738266349,1.6787472069263458,1.7092816028743982
full_action_q_dqn,819,437,99.30296657383442,83.2979324979335,34.07148730754852,65.23147938549519,1.6282251551747322,19180.71774673462,0.0,29.0,0.0,1.0,0.050000000000000044,2.0156031288206577,1.544618807733059,1.5699476599693298
full_action_q_dqn,819,438,86.60901620984077,82.64674783013761,29.742107771337032,56.866908609867096,1.5040133353322744,16494.1944732666,0.0,28.0,0.0,3.0,0.050000000000000044,2.3090284019708633,1.7701353151351213,1.7963102646172047
full_action_q_dqn,819,439,80.38127984255553,82.6008163881302,29.046321354806423,51.33495874106884,1.4851371319964528,16094.609645843506,0.0,24.0,0.0,2.0,0.050000000000000044,1.9905113708227873,1.5237695537507534,1.5558060482144356
full_action_q_dqn,819,440,70.36284662038088,82.43812080070377,27.223904632031918,43.138942152261734,1.4340735953301191,14903.079898834229,0.0,21.0,0.0,0.0,0.050000000000000044,2.2791491337120533,1.7474476899951696,1.7723381035029888
full_action_q_dqn,819,441,89.24509359896183,83.30125757537783,31.304233223199844,57.94086039066315,1.5384589601308107,17671.708290100098,0.0,25.0,0.0,0.0,0.050000000000000044,1.9142016991972923,1.4677045475691557,1.488323736935854
full_action_q_dqn,819,442,106.21577192246914,85.51030665688218,33.877617590129375,72.33815407156945,1.6126125371083617,19223.071170806885,0.0,30.0,0.0,2.0,0.050000000000000044,1.868526129052043,1.431661343201995,1.4562159236520529
full_action_q_dqn,819,443,80.54403342306614,85.37987938791514,29.564757734537125,50.97927530109882,1.482978604733944,16320.467273712158,0.0,23.0,0.0,0.0,0.050000000000000044,1.55280233733356,1.18820433691144,1.2153266444802284
full_action_q_dqn,819,444,69.97041717916727,85.29477208971977,26.32123786956072,43.649179220199585,1.4501226721331477,15405.673030853271,0.0,22.0,0.0,2.0,0.050000000000000044,1.8411666341125965,1.408956492319703,1.4407004658132792
full_action_q_dqn,819,445,86.82330706119538,85.38743469916285,30.57133872061968,56.2519681841135,1.4913660865277052,17025.905883789062,0.0,24.0,0.0,2.0,0.050000000000000044,2.817278005182743,2.1614884547889233,2.1859651431441307
full_action_q_dqn,819,446,77.92151814103127,84.7231627521664,28.16124127805233,49.76027672886848,1.4408857906237245,15594.519611358643,0.0,23.0,0.0,1.0,0.050000000000000044,1.8873745407909155,1.446708207949996,1.4688877258449793
full_action_q_dqn,819,447,64.40788333415985,83.67743572168052,25.159173596650362,39.248710113763806,1.3454020014032722,13267.542621612549,0.0,21.0,0.0,2.0,0.050000000000000044,1.985510341823101,1.5202668588608503,1.5508115105330944
full_action_q_dqn,819,448,95.44501982182264,84.02493736624719,31.66804151982069,63.776978242397306,1.582693255506456,18217.596965789795,0.0,28.0,0.0,2.0,0.050000000000000044,2.026696043089032,1.5519905928522348,1.5823514685034752
full_action_q_dqn,819,449,87.10843187868595,84.30185926750302,30.51528036594391,56.59315111041069,1.5536105576902628,17442.031688690186,0.0,27.0,0.0,3.0,0.050000000000000044,2.644835915416479,2.0296747609972954,2.0505370385944843
full_action_q_dqn,819,450,85.58797452747822,85.16551169246435,30.670260176062584,54.917714500427245,1.5210502035915852,17167.177169799805,0.0,24.0,0.0,2.0,0.050000000000000044,2.235391929745674,1.713161550462246,1.7407678738236427
full_action_q_dqn,819,451,70.44831059873104,84.67127818331123,27.598370745778084,42.84993989765644,1.469466400332749,15581.536769866943,0.0,21.0,0.0,0.0,0.050000000000000044,2.0165770277380943,1.543434463441372,1.5771417766809464
full_action_q_dqn,819,452,82.73288636952638,84.0101464214176,30.297904275357723,52.4349818110466,1.5000732066109776,16646.768760681152,0.0,26.0,0.0,3.0,0.050000000000000044,2.48612536303699,1.9063191637396812,1.9326872657984495
full_action_q_dqn,819,453,79.66944552212954,83.60890573307873,29.703502111136913,49.965942949056625,1.4866879163309932,16646.896297454834,0.0,25.0,0.0,0.0,0.050000000000000044,2.7463263794779778,2.1037228256464005,2.142011843621731
full_action_q_dqn,819,454,85.5830012485385,83.31695578105747,30.24259563535452,55.340405747294426,1.5058445744216442,16770.12277984619,0.0,26.0,0.0,1.0,0.050000000000000044,1.821558428928256,1.3950572237372398,1.4216705430299044
full_action_q_dqn,819,455,82.69096805900335,82.69984982728958,30.147135742008686,52.543832287192345,1.5037327809259295,16815.41163635254,0.0,24.0,0.0,1.0,0.050000000000000044,2.67696063965559,2.0525010526180267,2.0815319009125233
full_action_q_dqn,819,456,67.62862301617861,82.43393974743785,25.83042834699154,41.79819431900978,1.3921831017360091,14502.915885925293,0.0,21.0,0.0,2.0,0.050000000000000044,2.258415315300226,1.7292240783572197,1.7639707028865814
full_action_q_dqn,819,457,84.15110345929861,81.67634659171105,29.84058776497841,54.31051588058472,1.4858969105407596,16324.66259765625,0.0,24.0,0.0,0.0,0.050000000000000044,2.6406998597085476,2.025166669860482,2.051777182146907
full_action_q_dqn,819,458,86.77712503224612,81.68475203283131,31.213602766394615,55.56352227330208,1.542406965047121,17284.814014434814,0.0,27.0,0.0,1.0,0.050000000000000044,2.0997622460126877,1.6085244808346033,1.6374591533094645
full_action_q_dqn,819,459,94.84183130562306,82.4077796059847,34.353541769087315,60.48828982710838,1.6036552544683218,19084.417106628418,0.0,26.0,0.0,1.0,0.050000000000000044,1.8115350902080536,1.3863172698765993,1.4173927791416645
full_action_q_dqn,819,460,83.9335592776537,83.08631523884836,30.03268378227949,53.9008751899004,1.5107837691903114,17072.461616516113,0.0,24.0,0.0,2.0,0.050000000000000044,2.4849145263433456,1.90445376932621,1.9348692074418068
full_action_q_dqn,819,461,77.28458778560162,82.48828994818034,29.12801468372345,48.15657323598862,1.464934610761702,15873.980487823486,0.0,22.0,0.0,0.0,0.050000000000000044,2.2708019949495792,1.7381391283124685,1.775542801246047
full_action_q_dqn,819,462,98.53925813734531,82.10446425892414,33.69185645878315,64.84740146994591,1.5944323725998402,18535.41625213623,0.0,29.0,0.0,0.0,0.050000000000000044,2.6122292652726173,2.0037442967295647,2.0282830893993378
full_action_q_dqn,819,463,82.59487784653902,82.20700648009779,29.25053746253252,53.344340443611145,1.5021200785413384,16469.070541381836,0.0,24.0,0.0,0.0,0.050000000000000044,2.8784586787223816,2.2074612714350224,2.2366579305380583
full_action_q_dqn,819,464,84.17131202220916,82.91705122224987,29.31368078291416,54.85763129889965,1.4942218018695712,16505.770904541016,0.0,26.0,0.0,2.0,0.050000000000000044,1.8652541749179363,1.427252672612667,1.4600049797445536
full_action_q_dqn,819,465,70.4169764906168,82.09673469372095,26.38182744383812,44.035149389505385,1.400603737682104,14603.48946762085,0.0,23.0,0.0,2.0,0.050000000000000044,2.2193791642785072,1.700394082814455,1.729950139299035
full_action_q_dqn,819,466,81.58967703580856,82.28014263845981,28.713475942611694,52.87620058655739,1.4702832102775574,15504.042896270752,0.0,25.0,0.0,0.0,0.050000000000000044,2.1145791485905647,1.6183503661304712,1.6540959160774946
full_action_q_dqn,819,467,87.63721127212048,83.44160903535784,29.81877249479294,57.81843943297863,1.5205355873331428,16649.383863449097,0.0,27.0,0.0,1.0,0.050000000000000044,1.6137496046721935,1.2344865500926971,1.2642101682722569
full_action_q_dqn,819,468,64.66022072136403,81.90236908033492,27.19607864320278,37.464142048358916,1.416921554133296,14738.595943450928,0.0,18.0,0.0,1.0,0.050000000000000044,2.246021769940853,1.7228379920125008,1.7439458295702934
full_action_q_dqn,819,469,79.98386709690094,81.54614084124566,28.85055597126484,51.13331106603145,1.481363097205758,16094.160060882568,0.0,24.0,0.0,3.0,0.050000000000000044,1.8732537645846605,1.4330830946564674,1.4672355521470308
full_action_q_dqn,819,470,69.19038425385952,80.72626132756473,27.099591925740242,42.09079222381115,1.415193511173129,14835.551361083984,0.0,21.0,0.0,1.0,0.050000000000000044,2.4973882734775543,1.9155640844255686,1.9394138101488352
full_action_q_dqn,819,471,85.07231213152409,81.45746140420438,29.87234538793564,55.19996719062328,1.5141116511076689,16709.683937072754,0.0,26.0,0.0,2.0,0.050000000000000044,2.8246996887028217,2.16523670963943,2.198209758847952
full_action_q_dqn,819,472,76.69168781638146,81.15540147654713,28.69092509150505,48.00076230764389,1.4872248070314527,16367.326309204102,0.0,23.0,0.0,1.0,0.050000000000000044,2.378589030355215,1.8236285168677568,1.8498682752251625
full_action_q_dqn,819,473,83.35028664022684,81.339443532452,31.214944534003735,52.1353424936533,1.538348258472979,17502.53134918213,0.0,24.0,0.0,1.0,0.050000000000000044,2.2391088604927063,1.7165978979319334,1.7417030688375235
full_action_q_dqn,819,474,81.60899707823992,81.14074332393707,30.504432566463947,51.104564422369,1.538977762684226,17569.77936553955,0.0,25.0,0.0,1.0,0.050000000000000044,2.47119321860373,1.8948373422026634,1.921186028048396
full_action_q_dqn,819,475,76.64750681221486,80.83857026159765,28.803741686046124,47.84376495480537,1.4821496475487947,15884.51552772522,0.0,22.0,0.0,5.0,0.050000000000000044,1.7650234624743462,1.3521995693445206,1.3760795891284943
full_action_q_dqn,819,476,92.49669434130192,82.08197382785382,32.64091382920742,59.85578054189682,1.534256311133504,17924.971187591553,0.0,26.0,0.0,0.0,0.050000000000000044,1.6737203113734722,1.282449970021844,1.304234430193901
full_action_q_dqn,819,477,83.39870848506689,82.04435407914222,29.97547848522663,53.423230022192,1.518450167030096,17188.575382232666,0.0,26.0,0.0,1.0,0.050000000000000044,2.4192182887345552,1.8556854855269194,1.8784426487982273
full_action_q_dqn,819,478,84.63036508858204,81.93701608195902,29.838960096240044,54.79140530526638,1.5031494097784162,16529.231811523438,0.0,26.0,0.0,0.0,0.050000000000000044,2.4066471122205257,1.8451172020286322,1.8717664442956448
full_action_q_dqn,819,479,85.4485096871853,81.46735000103713,28.847005411982536,56.60150393247604,1.4551400924101472,15861.363296508789,0.0,27.0,0.0,1.0,0.050000000000000044,2.5856175664812326,1.9818960912525654,2.012404939159751
full_action_q_dqn,819,480,92.27652769684792,81.88449842199684,33.051094844937325,59.225432926416396,1.5770137337967753,18378.028980255127,0.0,28.0,0.0,1.0,0.050000000000000044,2.45227743498981,1.8784511871635914,1.9127541799098253
full_action_q_dqn,819,481,89.95023952424526,82.51778100892902,31.631599560379982,58.318639516830444,1.5820013582706451,18331.395404815674,0.0,27.0,0.0,0.0,0.050000000000000044,1.8048578575253487,1.3824589010328054,1.407996455207467
full_action_q_dqn,819,482,75.87331362217665,81.3844837831706,28.59279315918684,47.28052067160606,1.4548466447740793,16054.608631134033,0.0,22.0,0.0,2.0,0.050000000000000044,2.110587928444147,1.6164787150919437,1.6470306180417538
full_action_q_dqn,819,483,61.175433406233786,80.31351156115534,25.84330853819847,35.33212455511093,1.3848051000386477,14122.653038024902,0.0,17.0,0.0,1.0,0.050000000000000044,2.194147367030382,1.6822310984134674,1.706387409940362
full_action_q_dqn,819,484,86.87148488461972,80.44852020427587,32.37361942976713,54.497865134477614,1.5859845029190183,18253.63127708435,0.0,24.0,0.0,1.0,0.050000000000000044,1.6594147197902203,1.2704261895269156,1.2966283857822418
full_action_q_dqn,819,485,101.57490891963243,82.00641682572665,34.94033692032099,66.63457190990448,1.6336857471615076,19775.436847686768,0.0,29.0,0.0,1.0,0.050000000000000044,2.110246192663908,1.6149023175239563,1.6511461399495602
full_action_q_dqn,819,486,75.25338702052832,81.68960232496264,29.020710684359074,46.23267623186111,1.4548783153295517,15881.496398925781,0.0,22.0,0.0,1.0,0.050000000000000044,2.249903328716755,1.725155683234334,1.7491587456315756
full_action_q_dqn,819,487,87.6450488269329,81.68999420270325,29.79964743554592,57.84540103375912,1.497817687690258,16780.07451248169,0.0,26.0,0.0,0.0,0.050000000000000044,2.2471639700233936,1.7227287702262402,1.7481173425912857
full_action_q_dqn,819,488,66.4413291066885,81.77904962196946,25.721509627997875,40.71981954574585,1.420799140818417,14859.320693969727,0.0,21.0,0.0,1.0,0.050000000000000044,1.7162043303251266,1.3140262179076672,1.3405936267226934
full_action_q_dqn,819,489,80.65058769285679,81.81238565176726,28.20379677414894,52.446791023015976,1.4617215683683753,15751.538715362549,0.0,25.0,0.0,1.0,0.050000000000000044,2.3873449619859457,1.8299563564360142,1.8579619992524385
full_action_q_dqn,819,490,75.70842883735895,82.13828788094222,29.868431344628334,45.839997589588165,1.5045070359483361,16423.095472335815,0.0,23.0,0.0,2.0,0.050000000000000044,1.8926608301699162,1.4476461876183748,1.4833820704370737
full_action_q_dqn,819,491,75.50884879380465,81.66011471405626,28.872384883463383,46.63646411895752,1.4797781324014068,16320.509391784668,0.0,21.0,0.0,0.0,0.050000000000000044,2.255970750004053,1.727479936555028,1.7616360075771809
full_action_q_dqn,819,492,55.769357468187806,80.61399819664658,23.70153145492077,32.06782615482807,1.3176555568352342,13119.150451660156,0.0,18.0,0.0,3.0,0.050000000000000044,2.8430070746690035,2.181112691760063,2.206314707174897
full_action_q_dqn,819,493,78.84821950644255,80.38889483995736,27.871647499501705,50.97657234966755,1.474684888496995,16081.491474151611,0.0,22.0,0.0,0.0,0.050000000000000044,1.9671533089131117,1.5067286305129528,1.5347488820552826
full_action_q_dqn,819,494,78.10393540561199,80.21364175632597,29.79283744096756,48.31109753251076,1.4738603346049786,16664.533569335938,0.0,22.0,0.0,1.0,0.050000000000000044,1.93165972083807,1.4792796354740858,1.507933620363474
full_action_q_dqn,819,495,76.0275354385376,80.1826431876421,28.573457971215248,47.45407768338919,1.4524642964825034,15637.308448791504,0.0,23.0,0.0,1.0,0.050000000000000044,2.342747036367655,1.7966448664665222,1.8203404285013676
full_action_q_dqn,819,496,72.30620393157005,79.1731186671555,27.2296928986907,45.07651138305664,1.421716619282961,15259.85690689087,0.0,22.0,0.0,0.0,0.050000000000000044,2.438158929347992,1.8688866086304188,1.8975743278861046
full_action_q_dqn,819,497,68.57739180326462,78.4320528330654,28.132326170802116,40.4450658261776,1.459211559034884,15607.253286361694,0.0,21.0,0.0,1.0,0.050000000000000044,1.9457956962287426,1.490548498928547,1.5174905471503735
full_action_q_dqn,819,498,72.13687857985497,77.80737850762904,25.785688042640686,46.35119032859802,1.4218949880450964,14833.0279006958,0.0,22.0,0.0,3.0,0.050000000000000044,2.2916067503392696,1.756033744663,1.785243347287178
full_action_q_dqn,819,499,86.32583441734315,77.85124474413693,29.913357570767403,56.41247656345367,1.4866932788863778,16610.474925994873,0.0,25.0,0.0,2.0,0.050000000000000044,2.1618698462843895,1.658108800649643,1.6792033594101667
full_action_q_dqn,819,500,74.19812151938677,76.94732443526388,27.544192038476467,46.653929674625395,1.448439173400402,15413.897190093994,0.0,24.0,0.0,1.0,0.050000000000000044,1.8803593628108501,1.4385964572429657,1.4725429750978947
full_action_q_dqn,819,501,81.0963103786111,76.50462797798218,29.984440580010414,51.111870074272154,1.477822221815586,16209.005222320557,0.0,24.0,0.0,1.0,0.050000000000000044,2.821064881980419,2.1616902090609074,2.1979153901338577
full_action_q_dqn,819,502,79.73474426567554,76.69769951015712,30.235887236893177,49.4988571703434,1.5179380979388952,17410.544719696045,0.0,23.0,0.0,1.0,0.050000000000000044,2.841792080551386,2.1791172940284014,2.208915850147605
full_action_q_dqn,819,503,69.00832484960556,77.08934408232571,27.210775554180145,41.79754913151264,1.4463258339092135,15290.030490875244,0.0,21.0,0.0,2.0,0.050000000000000044,2.206112626940012,1.691275466233492,1.7161236833781004
full_action_q_dqn,819,504,82.51417412757874,76.87147854447366,30.494467169046402,52.019707122445105,1.5357459867373109,17464.37421798706,0.0,26.0,0.0,1.0,0.050000000000000044,2.520072054117918,1.931635495275259,1.9614551365375519
full_action_q_dqn,819,505,84.51131650805473,76.01829892389478,30.066066212952137,54.445250391960144,1.5361455660313368,17115.75901031494,0.0,25.0,0.0,1.0,0.050000000000000044,2.330722503364086,1.7849619686603546,1.8192016892135143
full_action_q_dqn,819,506,90.224080696702,76.76683360770345,33.6072808355093,56.61679948866367,1.624766319990158,19597.445377349854,0.0,26.0,0.0,1.0,0.050000000000000044,2.381877340376377,1.8246713858097792,1.8573531527072191
full_action_q_dqn,819,507,81.2093587756157,76.4450491051376,29.140475183725357,52.068883621692656,1.4976549940183759,16510.399032592773,0.0,24.0,0.0,3.0,0.050000000000000044,2.40141474455595,1.8396292887628078,1.8726181387901306
full_action_q_dqn,819,508,85.02748464941979,77.37435688227416,29.7009521946311,55.326533177495,1.4991166656836867,16686.530967712402,0.0,26.0,0.0,1.0,0.050000000000000044,2.0619771406054497,1.581714455038309,1.6008754596114159
full_action_q_dqn,819,509,76.44243073612452,77.16394903443755,28.91344878822565,47.52898200750351,1.4757451247423887,16212.504257202148,0.0,21.0,0.0,2.0,0.050000000000000044,2.2895444370806217,1.7549415193498135,1.782009594142437
full_action_q_dqn,819,510,93.78019545376301,78.06753736525776,33.45420667529106,60.325989016890524,1.6039913995191455,18580.285446166992,0.0,27.0,0.0,1.0,0.050000000000000044,1.600858660414815,1.2236299626529217,1.257428865879774
full_action_q_dqn,819,511,70.5803285241127,77.82111135177317,27.008110746741295,43.57221780717373,1.4470114959403872,15345.545001983643,0.0,22.0,0.0,0.0,0.050000000000000044,1.8362221792340279,1.4052244387567043,1.436659149825573
full_action_q_dqn,819,512,84.44048250466585,79.25466760359706,30.883423320949078,53.55705887079239,1.546829511411488,17341.05393600464,0.0,25.0,0.0,1.0,0.050000000000000044,2.4311310332268476,1.8640996422618628,1.89010464027524
full_action_q_dqn,819,513,78.22258185744286,79.22338572114708,29.062902688980103,49.15967940688133,1.4742576042190194,16217.260154724121,0.0,25.0,0.0,3.0,0.050000000000000044,2.5498221926391125,1.9532557111233473,1.9885549694299698
full_action_q_dqn,819,514,88.30446499586105,79.73341220065952,31.432159021496773,56.87230587005615,1.5405525397509336,18047.94107055664,0.0,24.0,0.0,0.0,0.050000000000000044,2.2418286856263876,1.7186053972691298,1.7440776638686657
full_action_q_dqn,819,515,92.46218838691712,80.5551448480785,33.48140309751034,58.980785155296324,1.5761286998167634,18237.59836578369,0.0,26.0,0.0,1.0,0.050000000000000044,1.9984956681728363,1.5327127296477556,1.5526097621768713
full_action_q_dqn,819,516,72.24233991205692,80.55195164710284,26.415123924613,45.82721625566482,1.410726998001337,14914.02534866333,0.0,23.0,0.0,2.0,0.050000000000000044,1.862726541236043,1.4242618922144175,1.4615488350391388
full_action_q_dqn,819,517,87.70106042325497,81.50813507810236,33.324441969394684,54.376618140935896,1.5709706293419003,18428.610626220703,0.0,24.0,0.0,2.0,0.050000000000000044,1.7517152056097984,1.3414104580879211,1.3676824942231178
full_action_q_dqn,819,518,88.39973127096891,82.32127771265806,30.71937458962202,57.68035724759102,1.5605856804177165,17453.363025665283,0.0,27.0,0.0,1.0,0.050000000000000044,3.036034882068634,2.329377241432667,2.355525530874729
full_action_q_dqn,819,519,81.19499148577452,82.06473556607963,28.90852625668049,52.28646461069584,1.474920455366373,16087.72562789917,0.0,24.0,0.0,1.0,0.050000000000000044,2.520244427025318,1.9317370764911175,1.9616911467164755
full_action_q_dqn,819,520,79.33722864091396,82.321690922156,29.64290899783373,49.69431960582733,1.4819199861958623,16098.107303619385,0.0,23.0,0.0,0.0,0.050000000000000044,1.927198527380824,1.4757158625870943,1.5049421228468418
full_action_q_dqn,819,521,71.33042092621326,81.83339644953608,26.736744843423367,44.59367594122887,1.4276481494307518,14856.35383605957,0.0,23.0,0.0,0.0,0.050000000000000044,1.6216120291501284,1.2395669389516115,1.2734836246818304
full_action_q_dqn,819,522,77.53868243992329,81.7235933582485,28.198986917734146,49.33969565629959,1.4588262438774109,15519.086277008057,0.0,23.0,0.0,1.0,0.050000000000000044,2.3366150371730328,1.7915355153381824,1.8169316723942757
full_action_q_dqn,819,523,67.67233616113663,81.65679392382503,28.00922928750515,39.66310700774193,1.437694389373064,15831.786014556885,0.0,20.0,0.0,1.0,0.050000000000000044,2.0126293301582336,1.541092462837696,1.5717894695699215
full_action_q_dqn,819,524,88.06135274618865,81.93415285475552,32.65050096809864,55.41085168123245,1.550763132981956,18268.508096694946,0.0,26.0,0.0,1.0,0.050000000000000044,2.358669303357601,1.8071192130446434,1.8385001569986343
full_action_q_dqn,819,525,85.44537457227707,81.98085575796665,29.918067201972008,55.52730725109577,1.4895760966464877,16520.1378364563,0.0,27.0,0.0,1.0,0.050000000000000044,2.20255845785141,1.6859336625784636,1.722082581371069
full_action_q_dqn,819,526,81.88950187712908,81.56412681698801,30.78611508011818,51.103386640548706,1.5411188239231706,17267.556480407715,0.0,23.0,0.0,0.0,0.050000000000000044,2.255908688530326,1.72889019921422,1.756728196516633
full_action_q_dqn,819,527,64.5781885623932,80.73256830632688,25.200429908931255,39.37775889933109,1.379900610074401,14254.956970214844,0.0,20.0,0.0,1.0,0.050000000000000044,2.2262970991432667,1.7053675279021263,1.7364318259060383
full_action_q_dqn,819,528,97.11437885463238,81.3369130165875,32.3887876868248,64.72559159994125,1.5675535388290882,17821.55986404419,0.0,28.0,0.0,0.0,0.050000000000000044,2.447901889681816,1.8755085561424494,1.9079777151346207
full_action_q_dqn,819,529,91.06485825926066,82.06803439274431,32.18846698105335,58.87639173269272,1.5530998287722468,18018.7668800354,0.0,27.0,0.0,1.0,0.050000000000000044,2.7892159521579742,2.138428807258606,2.1692904103547335
full_action_q_dqn,819,530,75.45455834269524,81.15175253719093,28.525325939059258,46.92923250794411,1.4525583749637008,16038.5393409729,0.0,24.0,0.0,1.0,0.050000000000000044,2.022662751376629,1.5494368970394135,1.5774194542318583
full_action_q_dqn,819,531,66.65649814903736,80.95556101843715,26.96130132675171,39.69519679248333,1.4370673624798656,15076.259582519531,0.0,20.0,0.0,3.0,0.050000000000000044,2.1953977290540934,1.6821332909166813,1.7108814381062984
full_action_q_dqn,819,532,72.2675768584013,80.34691573612392,27.4636307656765,44.80394600331783,1.4597545582801104,15830.746326446533,0.0,22.0,0.0,0.0,0.050000000000000044,2.561569169163704,1.9671826101839542,1.9812884088605642
full_action_q_dqn,819,533,74.98107804358006,80.18484054543077,29.191132359206676,45.789945900440216,1.483291644603014,16674.308658599854,0.0,21.0,0.0,0.0,0.050000000000000044,2.3317146245390177,1.78931831009686,1.8079875595867634
full_action_q_dqn,819,534,88.0777660548687,80.17350559838117,28.69422411173582,59.38354196548462,1.481836355291307,16225.663848876953,0.0,26.0,0.0,1.0,0.050000000000000044,1.5149193946272135,1.1595612540841103,1.1845270860940218
full_action_q_dqn,819,535,75.22546686530113,79.31166952230036,27.357295490801334,47.86817108392715,1.4008721495047212,14783.761207580566,0.0,22.0,0.0,2.0,0.050000000000000044,1.5885714814066887,1.2168955337256193,1.2389198243618011
full_action_q_dqn,819,536,73.82887393981218,79.39099622368813,27.612751118838787,46.21612252295017,1.458098093047738,15617.276206970215,0.0,21.0,0.0,1.0,0.050000000000000044,2.369169035926461,1.8165827542543411,1.8419542387127876
full_action_q_dqn,819,537,71.06920319795609,78.55940336242318,27.84441678971052,43.22478652000427,1.4484266871586442,15925.961162567139,0.0,21.0,0.0,0.0,0.050000000000000044,2.5523990485817194,1.956891592592001,1.9850246608257294
full_action_q_dqn,819,538,77.75886057317257,78.02735982753337,29.056803941726685,48.70205691456795,1.491749830543995,16402.866497039795,0.0,24.0,0.0,0.0,0.050000000000000044,2.1985526084899902,1.6859449613839388,1.708691980689764
full_action_q_dqn,819,539,77.34059369564056,77.83463993802667,29.296108826994896,48.04448536038399,1.475519417785108,16483.653453826904,0.0,23.0,0.0,0.0,0.050000000000000044,1.9261450991034508,1.4759321864694357,1.5007097031921148
full_action_q_dqn,819,540,69.14202493429184,77.32487975269557,28.085597679018974,41.056427359580994,1.4848519042134285,15935.541229248047,0.0,20.0,0.0,1.0,0.050000000000000044,2.5314596444368362,1.9409197196364403,1.968466356396675
full_action_q_dqn,819,541,78.69167801886798,77.6929426073283,29.194881178438663,49.49679698944092,1.4612317979335785,15913.970252990723,0.0,24.0,0.0,1.0,0.050000000000000044,2.350123766809702,1.801620151847601,1.8283453211188316
full_action_q_dqn,819,542,91.59652817249298,78.39583489395679,31.125794500112534,60.47073335945606,1.5378705020993948,17649.75425338745,0.0,27.0,0.0,3.0,0.050000000000000044,2.6377255115658045,2.022403309121728,2.0510739739984274
full_action_q_dqn,819,543,87.52605305016041,79.38852073840799,29.64634082466364,57.87971215844154,1.4971370920538902,16407.610717773438,0.0,27.0,0.0,2.0,0.050000000000000044,2.289994426071644,1.7540413811802864,1.7865100353956223
full_action_q_dqn,819,544,62.6806713283062,78.11948666751387,25.437298893928528,37.24337273240089,1.3941202703863382,14565.21375656128,0.0,20.0,0.0,1.0,0.050000000000000044,1.9157178737223148,1.465826204046607,1.4996389150619507
full_action_q_dqn,819,545,88.53471251130104,78.27395356446506,31.518148243427277,57.01656487882137,1.549059116281569,18168.542407989502,0.0,25.0,0.0,2.0,0.050000000000000044,2.755532158538699,2.1134269572794437,2.140350565314293
full_action_q_dqn,819,546,102.50171432793141,79.30456418700517,36.70773907005787,65.79397567510605,1.6545944306999445,20520.49924850464,0.0,28.0,0.0,1.0,0.050000000000000044,1.6954755131155252,1.2964331675320864,1.3301410768181086
full_action_q_dqn,819,547,88.60798330903053,80.50605392433704,30.89430981874466,57.713673669099805,1.5521782040596008,17336.453826904297,0.0,27.0,0.0,3.0,0.050000000000000044,2.0295061226934195,1.5537059605121613,1.586000518873334
full_action_q_dqn,819,548,87.01532809734344,80.00110138647258,32.32282815128565,54.69249953627586,1.5602254355326295,18243.156425476074,0.0,27.0,0.0,2.0,0.050000000000000044,1.7519175130873919,1.339844860136509,1.3735754918307066
full_action_q_dqn,819,549,78.36732389181853,79.36622466810049,26.893230967223644,51.47409304380417,1.427315871231258,15013.387699127197,0.0,24.0,0.0,2.0,0.050000000000000044,2.1001830399036407,1.607162093743682,1.6434031091630459
full_action_q_dqn,819,550,95.63325782418251,80.37515964217484,32.20869014412165,63.424567866325376,1.58411031588912,18153.423049926758,0.0,28.0,0.0,2.0,0.050000000000000044,2.446248823776841,1.8753549791872501,1.902979340404272
full_action_q_dqn,819,551,61.597131156921385,80.12219129256906,24.193842589855194,37.40328865647316,1.3725309194996953,13991.402904510498,0.0,21.0,0.0,1.0,0.050000000000000044,2.059553127735853,1.578323621302843,1.60409826785326
full_action_q_dqn,819,552,74.00313191860914,80.20896904557945,27.901698999106884,46.10143283009529,1.441360062919557,15520.652374267578,0.0,21.0,0.0,0.0,0.050000000000000044,2.196347052231431,1.6835144963115454,1.7094417866319418
full_action_q_dqn,819,553,91.53028176724911,81.0364292317629,31.32842107862234,60.201860681176186,1.540578467771411,17610.824195861816,0.0,29.0,0.0,1.0,0.050000000000000044,2.4357676580548286,1.8659482300281525,1.8993978574872017
full_action_q_dqn,819,554,65.43484678864479,79.90428326845169,26.716971457004547,38.71787551045418,1.439456115476787,15312.348667144775,0.0,20.0,0.0,0.0,0.050000000000000044,2.207951283082366,1.6905925460159779,1.7245290614664555
full_action_q_dqn,819,555,69.76227732151747,79.63112379126252,27.3841008618474,42.37817641496658,1.4436280578374863,15256.372867584229,0.0,22.0,0.0,1.0,0.050000000000000044,2.8353753611445427,2.1736465245485306,2.205762527883053
full_action_q_dqn,819,556,78.45732965320349,79.86254657693209,28.687338523566723,49.76999141275883,1.454606275074184,15933.999950408936,0.0,23.0,0.0,0.0,0.050000000000000044,2.459044970571995,1.8852652087807655,1.9125991240143776
full_action_q_dqn,819,557,86.25460123568773,80.62181647881866,29.486970096826553,56.7676312059164,1.483337172307074,16309.518390655518,0.0,26.0,0.0,2.0,0.050000000000000044,2.2611096184700727,1.7331321090459824,1.759924964979291
full_action_q_dqn,819,558,74.53130888938904,80.46043889462949,27.74522016197443,46.78608860075474,1.4600876094773412,15419.51386642456,0.0,22.0,0.0,0.0,0.050000000000000044,2.5814672634005547,1.9778617322444916,2.0120184794068336
full_action_q_dqn,819,559,91.6672706156969,81.17677274063229,31.368013486266136,60.29925724864006,1.5612308587878942,17751.42611694336,0.0,26.0,0.0,2.0,0.050000000000000044,1.985958781093359,1.5202422104775906,1.5523884799331427
full_action_q_dqn,819,560,82.36154496818781,81.8377487423271,29.59144277125597,52.7701027482748,1.476514452137053,16247.96183013916,0.0,24.0,0.0,3.0,0.050000000000000044,2.1744412276893854,1.667080245912075,1.6912032943218946
full_action_q_dqn,819,561,73.25478841513396,81.5659042621404,28.461554646492004,44.793233984708785,1.4367815777659416,15756.317504882812,0.0,23.0,0.0,1.0,0.050000000000000044,1.8192650508135557,1.392997793853283,1.4208908006548882
full_action_q_dqn,819,562,80.46222520768643,81.00918911390008,28.316649816930294,52.1455753237009,1.4670855877920985,15791.499977111816,0.0,24.0,0.0,1.0,0.050000000000000044,2.8289765045046806,2.1694547086954117,2.198405899107456
full_action_q_dqn,819,563,80.74238776862622,80.67000584982337,29.430656626820564,51.31173139512539,1.5105441566556692,16715.080240249634,0.0,23.0,0.0,3.0,0.050000000000000044,1.5769622549414635,1.2063328009098768,1.235431445762515
full_action_q_dqn,819,564,93.63516842722893,82.21773070476951,30.76875503361225,62.86641358733177,1.5551208052784204,17479.416915893555,0.0,27.0,0.0,3.0,0.050000000000000044,2.2865134999156,1.7542996518313885,1.7740460224449635
full_action_q_dqn,819,565,83.51229813992977,81.96660998620094,28.27739703655243,55.23490076065063,1.4838275397196412,15951.06649017334,0.0,26.0,0.0,2.0,0.050000000000000044,2.38241308927536,1.8268938809633255,1.851730689406395
full_action_q_dqn,819,566,81.97184633463621,80.94011658653616,30.443782709538937,51.528063625097275,1.502929954789579,16832.539812088013,0.0,24.0,0.0,2.0,0.050000000000000044,2.049849096685648,1.56977784819901,1.6002374570816755
full_action_q_dqn,819,567,71.41635223031044,80.08053503260017,26.8360463604331,44.580305624008176,1.4074224904179573,14785.65523147583,0.0,21.0,0.0,2.0,0.050000000000000044,2.2355254758149385,1.711914338171482,1.7453703172504902
full_action_q_dqn,819,568,77.68598338961601,79.61406779721378,28.76586438715458,48.92011933028698,1.4887506952509284,16351.564697265625,0.0,23.0,0.0,2.0,0.050000000000000044,2.4835980013012886,1.902222003787756,1.9379200637340546
full_action_q_dqn,819,569,63.81596194207668,78.8864996997267,25.600471943616867,38.21549043059349,1.379975190386176,14024.332290649414,0.0,20.0,0.0,1.0,0.050000000000000044,2.4551972039043903,1.8813065998256207,1.9129685442894697
full_action_q_dqn,819,570,75.8387423157692,77.89677392430603,29.252289444208145,46.58645290136337,1.452143980190158,16301.219388961792,0.0,23.0,0.0,1.0,0.050000000000000044,2.417395733296871,1.853455936536193,1.8797993436455727
full_action_q_dqn,819,571,83.66892035603523,79.00036338426172,30.301358565688133,53.367561537027356,1.4948101378977299,16593.159351348877,0.0,26.0,0.0,2.0,0.050000000000000044,2.427403451874852,1.860003050416708,1.8913346119225025
full_action_q_dqn,819,572,69.31491246819496,78.76595241174101,27.721304066479206,41.593608647584915,1.4206040548160672,15121.119010925293,0.0,23.0,0.0,0.0,0.050000000000000044,2.463777083903551,1.8875868953764439,1.9206339232623577
full_action_q_dqn,819,573,91.55638235807419,78.76725744128227,32.02346593141556,59.532916247844696,1.5679288767278194,18173.33369064331,0.0,27.0,0.0,0.0,0.050000000000000044,2.1507773101329803,1.6472464241087437,1.6784361191093922
full_action_q_dqn,819,574,88.616266772151,79.92632844045758,31.057632744312286,57.558634236454964,1.5321341948583722,17461.258241653442,0.0,26.0,0.0,0.0,0.050000000000000044,1.9345845878124237,1.4819280505180359,1.50885508954525
full_action_q_dqn,819,575,85.02369194626809,80.68939917169511,29.793463073670864,55.2302288800478,1.5114374868571758,16749.977375030518,0.0,24.0,0.0,1.0,0.050000000000000044,2.416711727157235,1.8534799944609404,1.8774389829486609
full_action_q_dqn,819,576,77.5331871509552,80.6431920465827,28.048887684941292,49.48429973423481,1.4859502548351884,16161.237632751465,0.0,22.0,0.0,0.0,0.050000000000000044,2.572495199739933,1.9738716892898083,1.9954115487635136
full_action_q_dqn,819,577,72.0503000214696,79.9329769858718,27.63621763139963,44.41408270299435,1.4284996213391423,15042.043140411377,0.0,22.0,0.0,3.0,0.050000000000000044,2.5579930506646633,1.9597785118967295,1.994048371911049
full_action_q_dqn,819,578,78.59758923947811,80.13629100337626,27.987176313996315,50.610412657260895,1.454650178551674,15845.305786132812,0.0,24.0,0.0,0.0,0.050000000000000044,2.7358666881918907,2.0994173660874367,2.121497640386224
full_action_q_dqn,819,579,88.04538821578026,79.95519688338042,31.995995298027992,56.049393171072005,1.5426432564854622,17819.432678222656,0.0,26.0,0.0,1.0,0.050000000000000044,1.9555509388446808,1.4973580408841372,1.5273096039891243
full_action_q_dqn,819,580,66.23681741952896,79.14896050594749,26.354355365037918,39.882462456822395,1.4422139255329967,15222.687545776367,0.0,22.0,0.0,0.0,0.050000000000000044,2.123847108334303,1.626854956150055,1.6566404532641172
full_action_q_dqn,819,581,81.25926816761493,79.54918449357152,30.184568867087364,51.07469904720783,1.5340469041839242,17321.920291900635,0.0,24.0,0.0,4.0,0.050000000000000044,2.50309119746089,1.9182442426681519,1.949489763006568
full_action_q_dqn,819,582,99.52701398134232,80.50242393225432,33.89377208054066,65.63324172198773,1.5519654899835587,18404.934867858887,0.0,28.0,0.0,2.0,0.050000000000000044,2.67085119523108,2.0471668653190136,2.0789476837962866
full_action_q_dqn,819,583,78.56979757547379,80.3937944225967,30.06684358417988,48.50295341014862,1.5010759681463242,16981.99639892578,0.0,21.0,0.0,0.0,0.050000000000000044,1.9688238836824894,1.5087426863610744,1.533603873103857
full_action_q_dqn,819,584,73.75609039068222,79.39984052076936,28.02559595555067,45.73049421906471,1.4502522675320506,15878.217788696289,0.0,22.0,0.0,2.0,0.050000000000000044,2.6035314556211233,1.9956269320100546,2.0263483077287674
full_action_q_dqn,819,585,77.36040979027749,79.09224610328675,28.727743715047836,48.63266588151455,1.4755880180746317,16222.435668945312,0.0,24.0,0.0,2.0,0.050000000000000044,2.3018168415874243,1.7644591815769672,1.7911921478807926
full_action_q_dqn,819,586,91.30885186046362,79.55909637957812,32.833601392805576,58.475251108407974,1.5848765466362238,18429.43035888672,0.0,28.0,0.0,0.0,0.050000000000000044,2.073791416361928,1.5884821843355894,1.617697350680828
full_action_q_dqn,819,587,87.55330538153649,80.36594403713943,30.32991698384285,57.22338869571686,1.5073942756280303,16635.779363632202,0.0,25.0,0.0,1.0,0.050000000000000044,2.3453754894435406,1.7972504142671824,1.8270834051072598
full_action_q_dqn,819,588,93.87314500808716,81.175302118063,31.148647651076317,62.72449689507484,1.5642607966437936,17909.954807281494,0.0,28.0,0.0,2.0,0.050000000000000044,2.048485767096281,1.5717219300568104,1.5892127472907305
full_action_q_dqn,819,589,83.09342250227928,82.13917514607311,28.537394240498543,54.55602830648422,1.5098521076142788,16866.621517181396,0.0,25.0,0.0,1.0,0.050000000000000044,2.1877891086041927,1.673436563462019,1.7145083975046873
full_action_q_dqn,819,590,85.43751768916846,82.6191139147431,30.43350177258253,55.004016095399855,1.524800393730402,17048.687885284424,0.0,25.0,0.0,2.0,0.050000000000000044,2.4436956010758877,1.8711932003498077,1.908341309055686
full_action_q_dqn,819,591,64.2653777986765,81.64893678687515,25.726498126983643,38.53887974619865,1.384756333194673,13983.187786102295,0.0,20.0,0.0,1.0,0.050000000000000044,2.790612168610096,2.140516921877861,2.166984125971794
full_action_q_dqn,819,592,85.41866624355316,82.45412447564306,31.087659001350403,54.33100737631321,1.529371046461165,17161.13502883911,0.0,25.0,0.0,0.0,0.050000000000000044,1.9923408180475235,1.5254134442657232,1.5564245376735926
full_action_q_dqn,819,593,83.5029594451189,82.05145332999528,28.77609758079052,54.72686216235161,1.503544395789504,16342.690029144287,0.0,25.0,0.0,1.0,0.050000000000000044,2.1839819364249706,1.6741651147603989,1.6993892639875412
full_action_q_dqn,819,594,81.70659086853266,81.70596953481437,30.75937969237566,50.94721123576164,1.5246737711131573,17327.81874847412,0.0,22.0,0.0,1.0,0.050000000000000044,2.835815992206335,2.1742495112121105,2.205221466720104
full_action_q_dqn,819,595,89.27655480802059,81.91861267790199,31.384747684001923,57.89180625975132,1.5934713399037719,18630.60578918457,0.0,25.0,0.0,3.0,0.050000000000000044,2.6794217452406883,2.0545690152794123,2.0828423593193293
full_action_q_dqn,819,596,56.83473615348339,80.8836901280284,25.04537507146597,31.789361223578453,1.3870378993451595,14314.869491577148,0.0,20.0,0.0,0.0,0.050000000000000044,2.256388731300831,1.7283399868756533,1.7601623497903347
full_action_q_dqn,819,597,86.46359822452068,81.60435503818096,31.49931973963976,54.964278790354726,1.5230364175513387,17450.346969604492,0.0,26.0,0.0,2.0,0.050000000000000044,2.3312724009156227,1.7860223855823278,1.8174999300390482
full_action_q_dqn,819,598,78.57262751460075,81.60310695193708,29.862360268831253,48.71026690304279,1.5039716605097055,17202.131225585938,0.0,23.0,0.0,0.0,0.050000000000000044,2.85792637988925,2.1921470053493977,2.219264440238476
full_action_q_dqn,819,599,80.96001402437687,81.24883824236692,29.211902529001236,51.74811194241047,1.506473890505731,16587.40334701538,0.0,23.0,0.0,2.0,0.050000000000000044,2.4712358321994543,1.8932687789201736,1.9265566356480122
full_action_q_dqn,819,600,93.23150018751622,82.59857238076629,31.427951246500015,61.80354897081852,1.6002554753795266,18344.022480010986,0.0,26.0,0.0,2.0,0.050000000000000044,2.546551115810871,1.950797688215971,1.9858447089791298
full_action_q_dqn,819,601,65.11280507743359,81.79124922625722,25.02888263016939,40.08392226099968,1.4111789287999272,14260.927547454834,0.0,22.0,0.0,2.0,0.050000000000000044,2.1419128254055977,1.6387236658483744,1.6772971525788307
full_action_q_dqn,819,602,70.45863148570061,80.33783010147513,26.44252159446478,44.01610967516899,1.4377693170681596,14782.359519958496,0.0,21.0,0.0,1.0,0.050000000000000044,2.2969449423253536,1.7602701410651207,1.788915976881981
full_action_q_dqn,819,603,75.06088169813157,80.16238430760802,26.34793511033058,48.712946557998656,1.451014676131308,15117.295082092285,0.0,24.0,0.0,1.0,0.050000000000000044,2.6791427806019783,2.0553732961416245,2.0792315304279327
full_action_q_dqn,819,604,81.966985078156,80.57292904198172,29.666158489882946,52.30082678198814,1.4881823537871242,16630.76138305664,0.0,23.0,0.0,1.0,0.050000000000000044,2.236564826220274,1.712619075551629,1.7464857567101717
full_action_q_dqn,819,605,73.65471133738757,80.38764411933721,26.41851530224085,47.23619564771652,1.4526727544143796,15381.218383789062,0.0,23.0,0.0,1.0,0.050000000000000044,2.6199085004627705,2.007564455270767,2.041146706789732
full_action_q_dqn,819,606,76.65065909624099,79.65473448112608,28.982550099492073,47.66810914576054,1.479895188473165,16338.465995788574,0.0,21.0,0.0,3.0,0.050000000000000044,1.9249963723123074,1.473311260342598,1.5056169535964727
full_action_q_dqn,819,607,101.14802764356136,80.33447059422733,35.8996956422925,65.24833209812641,1.6500036744400859,20005.41777420044,0.0,29.0,0.0,0.0,0.050000000000000044,1.9997972883284092,1.5303512569516897,1.5648201424628496
full_action_q_dqn,819,608,74.43515760600567,79.36257122412326,28.321050360798836,46.114107409119605,1.4694279758259654,16042.908687591553,0.0,21.0,0.0,1.0,0.050000000000000044,3.118508715182543,2.394220720976591,2.4142932146787643
full_action_q_dqn,819,609,87.63399988412857,79.58960009321571,32.50387294590473,55.130126401782036,1.5608874326571822,17976.67232131958,0.0,26.0,0.0,0.0,0.050000000000000044,1.8917641323059797,1.4480504058301449,1.4790457505732775
full_action_q_dqn,819,610,75.02349227666855,79.06889882259073,27.935982301831245,47.08750979602337,1.4795698467642069,16301.3910446167,0.0,24.0,0.0,1.0,0.050000000000000044,1.965994756668806,1.5053047463297844,1.5356333926320076
full_action_q_dqn,819,611,73.58707028627396,79.53498344697059,27.81248688697815,45.77458383142948,1.4882542183622718,16273.355690002441,0.0,22.0,0.0,2.0,0.050000000000000044,2.1642476245760918,1.6577390749007463,1.6883617378771305
full_action_q_dqn,819,612,73.56581182032824,78.94234072580934,28.824290834367275,44.7415215075016,1.4714524261653423,16183.175510406494,0.0,23.0,0.0,1.0,0.050000000000000044,2.147058494389057,1.6454792022705078,1.6719308383762836
full_action_q_dqn,819,613,81.36687733232975,78.83553662016989,30.038479581475258,51.32839807868004,1.510015808045864,17050.69589996338,0.0,22.0,0.0,5.0,0.050000000000000044,2.3302650656551123,1.7844939436763525,1.8192369602620602
full_action_q_dqn,819,614,86.74873495995999,79.08764382474126,30.95224653929472,55.79648779481649,1.5465520648285747,17610.087982177734,0.0,24.0,0.0,3.0,0.050000000000000044,1.6805746853351593,1.2863679695874453,1.3140223063528538
full_action_q_dqn,819,615,83.19929486066103,78.78378082737328,30.29104544967413,52.90824958980083,1.558263486251235,17446.266681671143,0.0,25.0,0.0,4.0,0.050000000000000044,2.0930098984390497,1.603941436856985,1.6302281729876995
full_action_q_dqn,819,616,93.02914211302996,80.59350112535061,33.124021247029305,59.90512011349201,1.594226879067719,18819.967094421387,0.0,28.0,0.0,1.0,0.050000000000000044,2.3590331822633743,1.8058149833232164,1.8440606705844402
full_action_q_dqn,819,617,85.12239035964012,80.52644073210658,29.500134862959385,55.62225529551506,1.5168342934921384,17086.06948852539,0.0,25.0,0.0,1.0,0.050000000000000044,2.2212964296340942,1.7026348151266575,1.728871813043952
full_action_q_dqn,819,618,68.58472547829152,80.02704563029111,26.08003307878971,42.50469269752502,1.4054052168503404,14597.034976959229,0.0,20.0,0.0,1.0,0.050000000000000044,2.113626193255186,1.6207120344042778,1.6430470757186413
full_action_q_dqn,819,619,80.09723018109798,79.98390643812718,28.07804512232542,52.01918560266495,1.4615933382883668,16100.053939819336,0.0,23.0,0.0,2.0,0.050000000000000044,1.7306794803589582,1.324454141780734,1.354084424674511
full_action_q_dqn,819,620,80.62853294014931,79.35375807575883,28.95335890352726,51.675174275040625,1.4899090752005577,16103.772472381592,0.0,23.0,0.0,2.0,0.050000000000000044,2.0350960455834866,1.559294329956174,1.5860056839883327
full_action_q_dqn,819,621,75.95131646990777,79.89568364538255,28.52499197423458,47.426324450969695,1.4599847057834268,15941.78466796875,0.0,22.0,0.0,1.0,0.050000000000000044,1.6323110330849886,1.249970244243741,1.2744692172855139
full_action_q_dqn,819,622,88.77425221502781,80.81146468184889,29.797897346317768,58.9763553828001,1.5181267745792866,16892.520948410034,0.0,28.0,0.0,2.0,0.050000000000000044,2.5497804023325443,1.9551775250583887,1.982009457424283
full_action_q_dqn,819,623,86.8038481771946,81.39861300580205,30.340715289115906,56.46313326060772,1.5034641856327653,16934.158100128174,0.0,25.0,0.0,1.0,0.050000000000000044,2.417444869875908,1.8507149815559387,1.889099657535553
full_action_q_dqn,819,624,69.62720774114132,80.78162413895132,27.302622504532337,42.3245854973793,1.4465213846415281,15253.744289398193,0.0,20.0,0.0,0.0,0.050000000000000044,1.9980342462658882,1.5313177779316902,1.5557215176522732
full_action_q_dqn,819,625,86.06299122422934,81.4020381332934,29.81670894473791,56.2462824434042,1.5603915750980377,17915.0287399292,0.0,24.0,0.0,0.0,0.050000000000000044,1.7836542557924986,1.366121320053935,1.3917764592915773
full_action_q_dqn,819,626,84.42561505138875,81.79078593105078,30.11623126268387,54.309383714199065,1.5043168691918254,16919.30366897583,0.0,24.0,0.0,1.0,0.050000000000000044,2.670080916956067,2.0460180938243866,2.080209445208311
full_action_q_dqn,819,627,82.42897376418114,80.85483323708178,29.355833306908607,53.07314045727253,1.5097985370084643,16787.765476226807,0.0,25.0,0.0,1.0,0.050000000000000044,2.518652528524399,1.929593414068222,1.9635303989052773
full_action_q_dqn,819,628,67.39394111484289,80.50277241252363,25.931576050817966,41.46236487030983,1.4130351282656193,14274.555122375488,0.0,22.0,0.0,4.0,0.050000000000000044,2.5487643443048,1.9523192178457975,1.9881503619253635
full_action_q_dqn,819,629,86.58195213377476,80.45017002500595,29.94481774419546,56.6371346950531,1.53406888153404,17102.31888961792,0.0,27.0,0.0,2.0,0.050000000000000044,2.765588656067848,2.122740052640438,2.1428285762667656
full_action_q_dqn,819,630,88.06820377707481,81.10240560002624,31.9109765291214,56.15722680091858,1.5447630314156413,18077.25259399414,0.0,25.0,0.0,0.0,0.050000000000000044,2.7710065245628357,2.12548834271729,2.151727208867669
full_action_q_dqn,819,631,85.59347425401211,81.70272579841317,30.69094969332218,54.90252488851547,1.5616328502073884,17954.09517288208,0.0,25.0,0.0,1.0,0.050000000000000044,1.8490971215069294,1.4170434977859259,1.4401787109673023
full_action_q_dqn,819,632,75.61759168803692,81.80531479179861,27.989377200603485,47.62821420431137,1.4618151811882854,15554.29345703125,0.0,22.0,0.0,1.0,0.050000000000000044,1.9089906252920628,1.4616177938878536,1.4912427309900522
full_action_q_dqn,819,633,81.38912964761258,81.80642740756274,30.240604788064957,51.14852496385574,1.5260342732071877,17085.07741165161,0.0,24.0,0.0,2.0,0.050000000000000044,1.9186954870820045,1.4689908437430859,1.4990155193954706
full_action_q_dqn,819,634,80.4196664571762,81.48997398242355,30.18103339523077,50.238632428646085,1.4600861025974154,16328.49447631836,0.0,22.0,0.0,2.0,0.050000000000000044,2.6618474274873734,2.0406833812594414,2.0705467145889997
full_action_q_dqn,819,635,87.55504234135151,81.70776135645806,30.13431379199028,57.420728236436844,1.4938410175964236,16660.72938156128,0.0,27.0,0.0,0.0,0.050000000000000044,2.103319628164172,1.6121253706514835,1.6373141091316938
full_action_q_dqn,819,636,72.63293241858483,80.68795087173581,26.68293685466051,45.94999488592148,1.455324430949986,15605.69630241394,0.0,24.0,0.0,3.0,0.050000000000000044,2.3370287865400314,1.7916915714740753,1.81779058650136
full_action_q_dqn,819,637,82.53340360820293,80.55850153416395,29.233475401997566,53.299928086996076,1.516946792602539,16933.918426513672,0.0,25.0,0.0,5.0,0.050000000000000044,2.671013705432415,2.048560954630375,2.0748424530029297
full_action_q_dqn,819,638,87.41577938497066,81.50005422949792,31.599158957600594,55.81662015914917,1.5533356619998813,17963.294179916382,0.0,24.0,0.0,4.0,0.050000000000000044,2.040135234594345,1.5640141647309065,1.5870702601969242
full_action_q_dqn,819,639,96.83937572240829,82.33716150656343,32.58931256830692,64.25006223022937,1.578677068464458,18070.447776794434,0.0,29.0,0.0,4.0,0.050000000000000044,2.323634307831526,1.7817933671176434,1.8061364386230707
full_action_q_dqn,819,640,90.60856698453426,82.83616320878266,30.50231435894966,60.106252670288086,1.5274033341556787,17390.74393081665,0.0,27.0,0.0,0.0,0.050000000000000044,2.541337162256241,1.9477044194936752,1.978775640949607
full_action_q_dqn,819,641,96.23938664793968,83.85056671768426,31.83626778423786,64.40311926603317,1.568850147537887,17973.729167938232,0.0,30.0,0.0,2.0,0.050000000000000044,1.37360879778862,1.0494562089443207,1.0805085729807615
full_action_q_dqn,819,642,76.03454505801201,83.21358135983348,28.348618760704994,47.68592640161514,1.4542091013863683,16138.133834838867,0.0,23.0,0.0,1.0,0.050000000000000044,2.179253727197647,1.6697617024183273,1.6983065716922283
full_action_q_dqn,819,643,65.2620805233717,82.13649297714234,24.938168734312057,40.3239118039608,1.3559716595336795,14168.286567687988,0.0,19.0,0.0,2.0,0.050000000000000044,2.8113102093338966,2.154811631888151,2.1883285231888294
full_action_q_dqn,819,644,93.27550129741431,83.31890765495599,32.52693394571543,60.748567247390746,1.5869488278403878,18303.394969940186,0.0,26.0,0.0,1.0,0.050000000000000044,2.3734911009669304,1.8188611380755901,1.848766516894102
full_action_q_dqn,819,645,77.57017533630133,82.8942668605596,28.98412760347128,48.586048209667204,1.518821395933628,17011.344886779785,0.0,23.0,0.0,1.0,0.050000000000000044,2.0414241943508387,1.5645679030567408,1.5895208343863487
full_action_q_dqn,819,646,64.19735742360353,81.88285397917033,24.23082112520933,39.96653667092323,1.385805050842464,14125.218364715576,0.0,20.0,0.0,2.0,0.050000000000000044,1.5443665347993374,1.181564038619399,1.2093416564166546
full_action_q_dqn,819,647,76.70973546206952,81.59689206406475,27.945920757949352,48.7638151884079,1.4450213694944978,15203.15620803833,0.0,23.0,0.0,1.0,0.050000000000000044,2.2343652956187725,1.7096970211714506,1.7488941866904497
full_action_q_dqn,819,648,88.09736785292625,82.63206340096892,30.847968712449074,57.24939915537834,1.5499700466170907,17474.04585647583,0.0,26.0,0.0,0.0,0.050000000000000044,1.7010665703564882,1.3014337178319693,1.3321094010025263
full_action_q_dqn,819,649,83.51674579232932,82.47880308389665,30.713134102523327,52.80361180901527,1.5322446040809155,17424.679012298584,0.0,23.0,0.0,2.0,0.050000000000000044,2.15092683583498,1.649862714111805,1.6702136844396591
full_action_q_dqn,819,650,84.3319685459137,82.29199132233859,26.686391040682793,57.645577788352966,1.4849469726905227,16064.31657409668,0.0,25.0,0.0,2.0,0.050000000000000044,2.2974700778722763,1.7608491070568562,1.7887364327907562
full_action_q_dqn,819,651,88.29280897974968,82.42695805862546,30.907849706709385,57.384958893060684,1.5671845646575093,17730.054695129395,0.0,26.0,0.0,0.0,0.050000000000000044,2.012039389461279,1.542138159275055,1.5663373358547688
full_action_q_dqn,819,652,64.23223487436772,81.85769021794201,25.399372652173042,38.83286198377609,1.431880921125412,14796.866092681885,0.0,20.0,0.0,3.0,0.050000000000000044,1.9995750859379768,1.5319831110537052,1.5586397610604763
full_action_q_dqn,819,653,71.95816873759031,81.3861421724409,28.024721212685108,43.933447405695915,1.4673738526180387,15866.899280548096,0.0,23.0,0.0,0.0,0.050000000000000044,2.298406109213829,1.760577181354165,1.7927630189806223
full_action_q_dqn,819,654,72.92032330483198,81.01117501482368,27.538860835134983,45.38146233558655,1.4721235558390617,15942.480533599854,0.0,22.0,0.0,1.0,0.050000000000000044,1.65837268717587,1.2710184175521135,1.2911807615309954
full_action_q_dqn,819,655,86.79300829172135,80.97307331234217,30.7831739038229,56.0098345965147,1.5332278367131948,17112.16251373291,0.0,27.0,0.0,1.0,0.050000000000000044,2.370517371222377,1.8175613153725863,1.8431866951286793
full_action_q_dqn,819,656,82.95975334197283,81.48941435851158,29.906019754707813,53.053733348846436,1.505659875459969,16805.39923477173,0.0,25.0,0.0,1.0,0.050000000000000044,2.2425376791507006,1.7181634679436684,1.747913934290409
full_action_q_dqn,819,657,78.10040943324566,81.26776464976372,29.87738712131977,48.223022907972336,1.512438346631825,17100.19141960144,0.0,23.0,0.0,0.0,0.050000000000000044,2.161281840875745,1.653694223612547,1.6919586602598429
full_action_q_dqn,819,658,86.59924801439047,81.22693808123469,31.389253079891205,55.209995448589325,1.552225461229682,17685.953693389893,0.0,26.0,0.0,0.0,0.050000000000000044,2.4335272386670113,1.8645086120814085,1.896728690713644
full_action_q_dqn,819,659,94.09024190306664,81.08948139026761,32.54780147969723,61.54244063198566,1.5722935162484646,18619.92190170288,0.0,27.0,0.0,1.0,0.050000000000000044,2.0152726098895073,1.5442189667373896,1.570178696885705
full_action_q_dqn,819,660,70.17132277041674,80.06761917956175,29.113920710980892,41.05740198493004,1.4589872118085623,16258.537368774414,0.0,21.0,0.0,0.0,0.050000000000000044,2.419390879571438,1.8542753830552101,1.8837183378636837
full_action_q_dqn,819,661,68.42674732208252,78.67698721326889,26.77197765558958,41.65476992726326,1.4481234075501561,15496.9691696167,0.0,22.0,0.0,2.0,0.050000000000000044,2.6822539176791906,2.0574723202735186,2.0826051384210587
full_action_q_dqn,819,662,87.32524572461844,79.2415222465992,29.768046274781227,57.55719950199127,1.4991431646049023,16675.645469665527,0.0,27.0,0.0,2.0,0.050000000000000044,2.038659794256091,1.5612113382667303,1.5914947241544724
full_action_q_dqn,819,663,83.67469708025456,80.16215307444335,27.011803656816483,56.662893736362456,1.425296202301979,14870.535404205322,0.0,26.0,0.0,1.0,0.050000000000000044,2.5544171035289764,1.9571731053292751,1.9908133707940578
full_action_q_dqn,819,664,83.50234107226133,79.6734950631857,29.528449669480324,53.973891261219975,1.5135362595319748,16417.590229034424,0.0,25.0,0.0,2.0,0.050000000000000044,1.7848427183926105,1.3648098912090063,1.4001092985272408
full_action_q_dqn,819,665,73.86231825500727,79.488102209121,26.594557538628578,47.26776087284088,1.4430121975019574,15698.202116012573,0.0,24.0,0.0,1.0,0.050000000000000044,2.017236214131117,1.5453663282096386,1.5728996321558952
full_action_q_dqn,819,666,72.85175800323486,79.92082223810256,28.209248021245003,44.64251019060612,1.4876563847064972,15908.8344039917,0.0,22.0,0.0,2.0,0.050000000000000044,2.8242955449968576,2.1633291356265545,2.2032212372869253
full_action_q_dqn,819,667,74.66493848860264,79.81858238942922,28.300711780786514,46.36422651410103,1.4507765769958496,15645.540405273438,0.0,23.0,0.0,1.0,0.050000000000000044,3.0521516278386116,2.3392680510878563,2.3762784153223038
full_action_q_dqn,819,668,80.49753486514092,79.43859074003996,27.802779003977776,52.69475638270378,1.4623785829171538,16169.264680862427,0.0,25.0,0.0,1.0,0.050000000000000044,2.026793982833624,1.5511711947619915,1.585409240797162
full_action_q_dqn,819,669,91.83762496858836,79.8546346988529,33.081536173820496,58.7560883551836,1.5937714958563447,18694.37277030945,0.0,28.0,0.0,1.0,0.050000000000000044,2.2910480238497257,1.7537837140262127,1.7908810041844845
full_action_q_dqn,819,670,68.54522761702538,79.0652976524085,24.848975501954556,43.69625189900398,1.3757396955043077,14354.465877532959,0.0,24.0,0.0,1.0,0.050000000000000044,1.9035275913774967,1.4576597958803177,1.4862259179353714
full_action_q_dqn,819,671,77.38354460150003,78.51983443349602,29.156454503536224,48.227090269327164,1.4595732241868973,16053.300477981567,0.0,24.0,0.0,0.0,0.050000000000000044,2.1359238736331463,1.6363791842013597,1.6651488468050957
full_action_q_dqn,819,672,89.18586604297161,79.7675159919262,33.062764801084995,56.12310203909874,1.583232338540256,18784.22947692871,0.0,25.0,0.0,0.0,0.050000000000000044,2.1872943118214607,1.6754225678741932,1.7062390558421612
full_action_q_dqn,819,673,76.7519589215517,80.00720550112426,27.78125110268593,48.97070759534836,1.4392265798524022,15605.8765335083,0.0,22.0,0.0,0.0,0.050000000000000044,1.9684366136789322,1.508394617587328,1.533473215997219
full_action_q_dqn,819,674,92.71205472946167,80.99679207235575,32.281488835811615,60.430566132068634,1.548769841901958,17831.22624206543,0.0,27.0,0.0,0.0,0.050000000000000044,2.1351714581251144,1.6344492621719837,1.6690738890320063
full_action_q_dqn,819,675,98.84301872551441,81.59929259404541,34.44412676990032,64.39889186620712,1.6368998447433114,19677.355754852295,0.0,28.0,0.0,0.0,0.050000000000000044,2.5278704836964607,1.938656359910965,1.9640470296144485
full_action_q_dqn,819,676,85.3101044818759,81.71681015104056,30.8030092343688,54.50709521770477,1.5474973246455193,17638.614528656006,0.0,26.0,0.0,1.0,0.050000000000000044,2.529680408537388,1.9405552819371223,1.9637503549456596
full_action_q_dqn,819,677,52.40953382253647,80.4322663705051,24.468738093972206,27.940795907378195,1.4437599210068583,15312.388160705566,0.0,15.0,0.0,3.0,0.050000000000000044,1.8183815516531467,1.393429121002555,1.4165080543607473
full_action_q_dqn,819,678,85.13834726810455,80.3592213331908,30.402683787047863,54.735664054751396,1.4940637443214655,16673.57029724121,0.0,25.0,0.0,1.0,0.050000000000000044,2.4007668010890484,1.8384887874126434,1.8742601219564676
full_action_q_dqn,819,679,71.31022156774998,79.22022031642499,29.087417885661125,42.22280344367027,1.4841754091903567,16390.362518310547,0.0,20.0,0.0,2.0,0.050000000000000044,1.8278604820370674,1.3995098061859608,1.4278354421257973
full_action_q_dqn,819,680,83.70458374917507,79.89688336536288,29.51311756670475,54.19146692752838,1.510060902684927,17002.802211761475,0.0,25.0,0.0,0.0,0.050000000000000044,1.992763340473175,1.5253278091549873,1.558118337765336
full_action_q_dqn,819,681,104.24310673773289,81.68770133614541,33.352213114500046,70.89089375734329,1.6120754117146134,18654.2320022583,0.0,32.0,0.0,1.0,0.050000000000000044,2.5297758877277374,1.9411932118237019,1.961942121386528
full_action_q_dqn,819,682,86.27290403097868,81.63508425146343,30.8024989888072,55.470405250787735,1.5364670837298036,17906.733310699463,0.0,27.0,0.0,0.0,0.050000000000000044,1.9043282605707645,1.4589696824550629,1.4845284912735224
full_action_q_dqn,819,683,83.14641840159894,81.60867031753064,30.14036936312914,53.00604918003082,1.5162428384646773,17053.002731323242,0.0,25.0,0.0,2.0,0.050000000000000044,1.418638564646244,1.0848805587738752,1.112526647746563
full_action_q_dqn,819,684,90.39917705357075,81.9535121165961,30.4455396682024,59.953636878728865,1.5407228032127023,17273.699153900146,0.0,28.0,0.0,1.0,0.050000000000000044,2.158432772383094,1.6559848468750715,1.674826506525278
full_action_q_dqn,819,685,84.19178555905819,82.46998548179866,30.286760583519936,53.90502527356148,1.5128819532692432,17256.267723083496,0.0,24.0,0.0,0.0,0.050000000000000044,2.1532297916710377,1.6494949199259281,1.6791160609573126
full_action_q_dqn,819,686,79.49946930259466,82.80237104676664,28.82743079215288,50.67203849554062,1.4875014256685972,16265.771766662598,0.0,24.0,0.0,0.0,0.050000000000000044,2.4273621067404747,1.86091935262084,1.8881424590945244
full_action_q_dqn,819,687,77.26049808561802,82.93214902661741,28.828342877328396,48.4321551412344,1.4533157162368298,15918.110759735107,0.0,25.0,0.0,1.0,0.050000000000000044,1.9811693094670773,1.5184202138334513,1.5424969773739576
full_action_q_dqn,819,688,81.39472078979016,82.97700832284987,28.83325683325529,52.56146412789822,1.5157631635665894,16559.073978424072,0.0,25.0,0.0,3.0,0.050000000000000044,2.270593613386154,1.7411737125366926,1.7647329159080982
full_action_q_dqn,819,689,93.26867767572404,83.04856095820666,31.875530384480953,61.393147537112235,1.553190253674984,18086.78257369995,0.0,28.0,0.0,2.0,0.050000000000000044,2.3025166504085064,1.7649478763341904,1.7918959185481071
full_action_q_dqn,819,690,100.00045677423478,84.62132241606714,34.17223560810089,65.82822135984898,1.623136485926807,19401.85786819458,0.0,29.0,0.0,2.0,0.050000000000000044,2.2539740074425936,1.7300358805805445,1.7464603930711746
full_action_q_dqn,819,691,70.99635996073485,84.30196318402888,27.93073581904173,43.06562420129776,1.4939711783081293,16650.68377685547,0.0,22.0,0.0,2.0,0.050000000000000044,2.015402801334858,1.5441358759999275,1.5708897598087788
full_action_q_dqn,819,692,81.78702275454998,83.93202101960779,28.2933117672801,53.493711054325104,1.4967807373031974,16388.248790740967,0.0,25.0,0.0,2.0,0.050000000000000044,2.166341133415699,1.6603632271289825,1.686592884361744
full_action_q_dqn,819,693,90.9554280936718,84.6421944782138,30.51547910273075,60.43994900584221,1.5230044508352876,16947.288370132446,0.0,28.0,0.0,0.0,0.050000000000000044,2.302758876234293,1.7650291435420513,1.7924323957413435
full_action_q_dqn,819,694,83.80113497376442,84.19664849042894,28.219354167580605,55.58178028464317,1.4855014085769653,16353.70726776123,0.0,26.0,0.0,0.0,0.050000000000000044,2.2339479997754097,1.7134805265814066,1.734891502186656
full_action_q_dqn,819,695,71.77881579399109,82.84343834385275,26.637257933616638,45.141558083891866,1.4224005229771137,15228.006736755371,0.0,23.0,0.0,3.0,0.050000000000000044,2.150480419397354,1.6469434965401888,1.678456362336874
full_action_q_dqn,819,696,87.29756855368615,82.94281154744327,30.985960379242897,56.31160814464092,1.5004126727581024,17154.280946731567,0.0,25.0,0.0,2.0,0.050000000000000044,2.6262592021375895,2.011760199442506,2.0483299661427736
full_action_q_dqn,819,697,61.2824889421463,83.38645930342376,24.649138391017914,36.63335072994232,1.3769101072102785,14384.911449432373,0.0,20.0,0.0,0.0,0.050000000000000044,1.8363790977746248,1.405639074742794,1.4358000103384256
full_action_q_dqn,819,698,100.54077447354794,84.15658066369595,34.49251055717468,66.04826469123364,1.602734343148768,19086.08723449707,0.0,28.0,0.0,1.0,0.050000000000000044,2.1554384119808674,1.6531307194381952,1.6743587981909513
full_action_q_dqn,819,699,62.84609326124191,83.73337424837055,23.94911005347967,38.8969831854105,1.3753783572465181,13864.41259765625,0.0,20.0,0.0,1.0,0.050000000000000044,1.6659245323389769,1.2743252590298653,1.3053308576345444
full_action_q_dqn,819,700,97.65879131555558,84.43108462668957,33.28789138793945,64.37089965939522,1.566675658337772,18094.33505630493,0.0,27.0,0.0,3.0,0.050000000000000044,2.279661577194929,1.74604351259768,1.7787268217653036
full_action_q_dqn,819,701,67.28511881232262,82.58318523041906,28.346195340156555,38.938923531770705,1.4330800445750356,15461.125778198242,0.0,19.0,0.0,1.0,0.050000000000000044,1.990798408165574,1.5249236561357975,1.5529157985001802
full_action_q_dqn,819,702,70.37430351227522,81.78825520448387,28.140868552029133,42.233434945344925,1.4847016017884016,16236.819255828857,0.0,21.0,0.0,0.0,0.050000000000000044,2.3654909804463387,1.8136374950408936,1.8395115286111832
full_action_q_dqn,819,703,95.12357055693865,82.38711281225085,33.11430688202381,62.00926435291767,1.6184210972860456,18754.79259109497,0.0,28.0,0.0,2.0,0.050000000000000044,2.7694844901561737,2.1223392076790333,2.1571508198976517
full_action_q_dqn,819,704,67.99532997608185,81.2669204583764,25.420246049761772,42.5750837624073,1.3967163963243365,14831.224346160889,0.0,22.0,0.0,1.0,0.050000000000000044,1.735149035230279,1.3257451504468918,1.3646795712411404
full_action_q_dqn,819,705,95.00864861905575,81.80776361137629,34.59269130975008,60.41595742106438,1.6156646786257625,19173.106147766113,0.0,27.0,0.0,0.0,0.050000000000000044,2.1752949487417936,1.6666709035634995,1.695413526147604
full_action_q_dqn,819,706,87.8283623829484,82.22420826539397,30.976910032331944,56.85145229101181,1.5369806764647365,17557.854427337646,0.0,27.0,0.0,1.0,0.050000000000000044,2.254321312531829,1.7278685104101896,1.754842672497034
full_action_q_dqn,819,707,85.86473215520382,82.65441996887327,29.940146394073963,55.924585634469985,1.5000285115092993,16891.195022583008,0.0,24.0,0.0,2.0,0.050000000000000044,2.3227326571941376,1.781260959804058,1.804905530065298
full_action_q_dqn,819,708,70.77637626379729,82.12350274257362,26.23347645252943,44.542899617552756,1.4244935335591435,15151.696674346924,0.0,22.0,0.0,2.0,0.050000000000000044,2.8817058093845844,2.209205836057663,2.2416664715856314
full_action_q_dqn,819,709,72.7121000289917,81.09567386023701,27.68755003064871,45.02455000579357,1.507985263131559,15937.95929145813,0.0,22.0,0.0,0.0,0.050000000000000044,2.0670925695449114,1.5823843348771334,1.615694023668766
full_action_q_dqn,819,710,95.21883196532727,80.85659261979164,33.38340608775616,61.83542586266994,1.5668643852695823,18416.921363830566,0.0,27.0,0.0,2.0,0.050000000000000044,1.7121105045080185,1.3089572247117758,1.3438441809266806
full_action_q_dqn,819,711,82.98097191751003,81.45582321763041,30.244394704699516,52.73657739162445,1.5444564186036587,17364.984481811523,0.0,24.0,0.0,1.0,0.050000000000000044,2.283318631350994,1.7496082838624716,1.7790344059467316
full_action_q_dqn,819,712,88.1356872022152,81.77325644001364,30.931562714278698,57.20412489771843,1.5398883959278464,17489.54905319214,0.0,26.0,0.0,1.0,0.050000000000000044,1.9109274968504906,1.4620742425322533,1.4961773976683617
full_action_q_dqn,819,713,84.2234651774168,81.4366582942009,29.70086321234703,54.52260238230228,1.5238895723596215,17092.40283203125,0.0,25.0,0.0,4.0,0.050000000000000044,2.2066216673702,1.6921075023710728,1.7150471545755863
full_action_q_dqn,819,714,82.92222726345062,81.3927129086852,27.39097848534584,55.53124952316284,1.4786625355482101,16239.611423492432,0.0,26.0,0.0,0.0,0.050000000000000044,2.021931128576398,1.547679428011179,1.5808389596641064
full_action_q_dqn,819,715,62.844090454280376,80.94597664169967,26.37811890989542,36.46597172319889,1.4452827703207731,15413.019584655762,0.0,18.0,0.0,0.0,0.050000000000000044,1.803060956299305,1.3791822381317616,1.4129289910197258
full_action_q_dqn,819,716,71.24799721837044,80.14349807493389,26.341945245862007,44.90605198740959,1.4320793077349663,14909.017776489258,0.0,22.0,0.0,4.0,0.050000000000000044,2.128952233120799,1.630783336237073,1.6605629175901413
full_action_q_dqn,819,717,93.45569972097874,81.75215861387552,32.70461291819811,60.75108643770218,1.5730738015845418,18668.941829681396,0.0,29.0,0.0,1.0,0.050000000000000044,2.4812761414796114,1.9006184041500092,1.9355258122086525
full_action_q_dqn,819,718,100.56896241009235,81.75356801070275,33.5755330324173,66.99342915415764,1.5967760756611824,18953.72843170166,0.0,30.0,0.0,1.0,0.050000000000000044,2.339782318100333,1.79314617626369,1.8221202865242958
full_action_q_dqn,819,719,91.07004506140947,83.16476560071112,32.556852243840694,58.51319271326065,1.608904111199081,18369.182315826416,0.0,27.0,0.0,0.0,0.050000000000000044,1.941582329571247,1.487439664080739,1.5138088129460812
full_action_q_dqn,819,720,85.38130097836256,82.55089108385145,29.781176917254925,55.60012409090996,1.5070332698523998,16820.034149169922,0.0,26.0,0.0,0.0,0.050000000000000044,1.7576543167233467,1.3445316702127457,1.3770754132419825
full_action_q_dqn,819,721,75.41359253972769,82.9573147702217,28.917539335787296,46.4960528165102,1.5021181870251894,16695.812349319458,0.0,22.0,0.0,0.0,0.050000000000000044,1.9843783285468817,1.5189914461225271,1.5512895286083221
full_action_q_dqn,819,722,78.25830398648978,83.35151479393244,26.630193762481213,51.628110432624815,1.437170104123652,14859.41710281372,0.0,23.0,0.0,1.0,0.050000000000000044,2.614058069884777,2.00452552549541,2.0317751355469227
full_action_q_dqn,819,723,89.94587713479996,83.09263012282551,33.287036672234535,56.65884044766426,1.57977201230824,18916.736442565918,0.0,26.0,0.0,1.0,0.050000000000000044,2.0186195615679026,1.5460830684751272,1.5751216057687998
full_action_q_dqn,819,724,70.67404954880476,83.22656610146166,27.814318917691708,42.8597306907177,1.430431129410863,15570.65177154541,0.0,20.0,0.0,0.0,0.050000000000000044,2.1209543272852898,1.6232342030853033,1.6590670254081488
full_action_q_dqn,819,725,52.431918777525425,81.09772960938514,24.374857775866985,28.05706125497818,1.367731099948287,14007.678970336914,0.0,15.0,0.0,0.0,0.050000000000000044,2.1454682294279337,1.643922308459878,1.6718196794390678
full_action_q_dqn,819,726,73.31997905671597,80.37231044307352,27.18617270886898,46.1338063031435,1.4266557665541768,14907.758525848389,0.0,24.0,0.0,1.0,0.050000000000000044,1.7282020300626755,1.32173434458673,1.354892272502184
full_action_q_dqn,819,727,58.71275889277458,79.01471177995207,24.6177791506052,34.09497978687286,1.4151543118059635,14664.317276000977,0.0,18.0,0.0,3.0,0.050000000000000044,1.9396089985966682,1.484786756336689,1.5160741601139307
full_action_q_dqn,819,728,92.39563493430614,80.09567471347751,30.48895014077425,61.90668475627899,1.5119557483121753,17016.203859329224,0.0,27.0,0.0,1.0,0.050000000000000044,2.3570527732372284,1.8058357797563076,1.837389873340726
full_action_q_dqn,819,729,75.10404533147812,80.21527197860182,27.44334702193737,47.660698398947716,1.4669601153582335,16078.907260894775,0.0,23.0,0.0,0.0,0.050000000000000044,1.8741464912891388,1.434936050325632,1.4640347622334957
full_action_q_dqn,819,730,79.83818217515946,79.44623948909343,28.92803905904293,50.91014325022697,1.4808431966230273,16495.197410583496,0.0,25.0,0.0,3.0,0.050000000000000044,1.739515796303749,1.3312717527151108,1.3608134537935257
full_action_q_dqn,819,731,82.84460572898388,79.43942117966712,29.95554493367672,52.88906106352806,1.5251679215580225,16911.95676803589,0.0,26.0,0.0,0.0,0.050000000000000044,2.0198547393083572,1.547460149973631,1.5746485777199268
full_action_q_dqn,819,732,95.71534186601639,79.81840391285718,32.33458188921213,63.380760341882706,1.5706870136782527,18343.962703704834,0.0,29.0,0.0,1.0,0.050000000000000044,2.0225863959640265,1.547230325639248,1.5845203027129173
full_action_q_dqn,819,733,82.27533528357745,79.72099741816521,28.075307726860046,54.20002760887146,1.5052093006670475,16532.036485671997,0.0,26.0,0.0,1.0,0.050000000000000044,2.091396827250719,1.6022603958845139,1.6304547265172005
full_action_q_dqn,819,734,72.38147478699685,79.19395979434253,26.826265923678875,45.555208483338355,1.4395462200045586,15070.234107971191,0.0,24.0,0.0,1.0,0.050000000000000044,2.428850807249546,1.8606756124645472,1.893917204812169
full_action_q_dqn,819,735,79.9100578814745,80.04725816570223,29.01257499307394,50.89748313426971,1.4954643435776234,16398.419158935547,0.0,25.0,0.0,2.0,0.050000000000000044,1.7553293965756893,1.3413836862891912,1.3798190597444773
full_action_q_dqn,819,736,62.17800867259503,79.59375873841347,25.766893565654755,36.4111149430275,1.3921384010463953,14258.1989402771,0.0,18.0,0.0,3.0,0.050000000000000044,1.978519033640623,1.5148115959018469,1.5456914640963078
full_action_q_dqn,819,737,76.98053647577763,78.77000057615341,29.023112893104553,47.95742379128933,1.4788151672109962,16353.701072692871,0.0,23.0,0.0,1.0,0.050000000000000044,2.525521107017994,1.9356121439486742,1.966363212093711
full_action_q_dqn,819,738,80.91540080308914,77.78732249580324,29.654207423329353,51.26119351387024,1.5198737755417824,17056.381797790527,0.0,24.0,0.0,1.0,0.050000000000000044,2.0319091491401196,1.5581700801849365,1.5791301615536213
full_action_q_dqn,819,739,75.40233744978904,77.00393711522221,27.121733032166958,48.280604380369184,1.4232807643711567,15322.714504241943,0.0,23.0,0.0,4.0,0.050000000000000044,2.8571770265698433,2.1916614547371864,2.2183851152658463
full_action_q_dqn,819,740,79.64874432235956,76.71730928242206,28.534732408821583,51.114011734724045,1.4963099183514714,15977.72134399414,0.0,24.0,0.0,2.0,0.050000000000000044,1.9143009781837463,1.4662720747292042,1.4934296999126673
full_action_q_dqn,819,741,80.22739329189062,76.95799932003021,29.369859464466572,50.85753375291824,1.48280016053468,16200.857334136963,0.0,24.0,0.0,1.0,0.050000000000000044,1.6413729563355446,1.2546885069459677,1.288948094472289
full_action_q_dqn,819,742,76.53648346662521,76.87190829403697,28.51132233440876,48.02516107261181,1.4638018542900681,15974.453330993652,0.0,23.0,0.0,1.0,0.050000000000000044,2.2496905960142612,1.7221955806016922,1.7583167012780905
full_action_q_dqn,819,743,94.87886991500855,77.11855793304741,33.877100110054016,61.0017699688673,1.5849471529945731,18723.532104492188,0.0,29.0,0.0,1.0,0.050000000000000044,1.7882610708475113,1.3685984462499619,1.3988753333687782
full_action_q_dqn,819,744,76.81092188507318,77.42540154986084,28.086904980242252,48.72401696443558,1.4594669565558434,15778.720235824585,0.0,22.0,0.0,0.0,0.050000000000000044,2.5356539264321327,1.9443117938935757,1.9711402878165245
full_action_q_dqn,819,745,75.280566470325,78.56783393450083,28.74764835089445,46.53291811943054,1.4660662794485688,15922.247173309326,0.0,22.0,0.0,1.0,0.050000000000000044,2.8399547562003136,2.1806956455111504,2.1975304670631886
full_action_q_dqn,819,746,76.05834285318852,78.70475212432446,26.587334744632244,49.47100853323936,1.4243532232940197,15150.312110900879,0.0,24.0,0.0,1.0,0.050000000000000044,2.4225457906723022,1.8553032577037811,1.8908083364367485
full_action_q_dqn,819,747,90.32365646362305,80.28529700286688,31.83958864212036,58.48406728506088,1.5330567229539156,17917.615394592285,0.0,25.0,0.0,2.0,0.050000000000000044,1.813142927363515,1.3862252831459045,1.4230587594211102
full_action_q_dqn,819,748,95.08672125637531,80.41985131897033,34.386157631874084,60.700564339756966,1.5699732778593898,18717.40663909912,0.0,28.0,0.0,0.0,0.050000000000000044,2.098961554467678,1.6075244024395943,1.638123756274581
full_action_q_dqn,819,749,67.80509767979383,80.05490393638613,26.718553207814693,41.086545038223264,1.428772890008986,15236.537307739258,0.0,20.0,0.0,3.0,0.050000000000000044,2.3221907932311296,1.7795791160315275,1.8087054900825024
full_action_q_dqn,819,750,86.78219260573387,80.40210445791483,31.817361027002335,54.964831846952436,1.5407358137890697,17792.43323135376,0.0,25.0,0.0,3.0,0.050000000000000044,1.9334456101059914,1.480286430567503,1.510530587285757
full_action_q_dqn,819,751,81.79101401567459,80.34942487224937,28.084068223834038,53.70694620907307,1.4779064608737826,16274.830698013306,0.0,26.0,0.0,1.0,0.050000000000000044,2.0211853180080652,1.5479607339948416,1.5774151924997568
full_action_q_dqn,819,752,75.40676417201757,79.33399598754941,27.872265569865704,47.534498393535614,1.4356903498992324,15730.183841705322,0.0,22.0,0.0,0.0,0.050000000000000044,1.8940822035074234,1.4548205099999905,1.4642055500298738
full_action_q_dqn,819,753,65.8167270720005,78.5110655769706,25.023201763629913,40.79352542757988,1.3947649206966162,14393.984470367432,0.0,20.0,0.0,0.0,0.050000000000000044,2.3594439923763275,1.8065896816551685,1.8428476974368095
full_action_q_dqn,819,754,82.0361882686615,78.99380125105381,29.211026459932327,52.82516158521175,1.5093915378674865,16694.42304611206,0.0,25.0,0.0,1.0,0.050000000000000044,2.201325984671712,1.6861925050616264,1.7171114645898342
full_action_q_dqn,819,755,85.58439552783966,79.27751813337207,29.854744464159012,55.7296507358551,1.4980991072952747,16714.660438537598,0.0,25.0,0.0,0.0,0.050000000000000044,2.9234533980488777,2.2406323216855526,2.276070088148117
full_action_q_dqn,819,756,83.4402163401246,80.34062851674855,28.672687105834484,54.76752980053425,1.4807430570945144,16264.536140441895,0.0,25.0,0.0,0.0,0.050000000000000044,1.7004070188850164,1.299974462017417,1.3347751069813967
full_action_q_dqn,819,757,76.66322995871306,80.32476319089533,28.219620041549206,48.443609887361525,1.4643501415848732,16162.480367660522,0.0,25.0,0.0,2.0,0.050000000000000044,2.230472829192877,1.707920603454113,1.7418406829237938
full_action_q_dqn,819,758,81.26438083648682,80.34221219256521,28.21939679980278,53.044984036684035,1.4866387229412794,16139.988178253174,0.0,25.0,0.0,1.0,0.050000000000000044,1.9208071138709784,1.4710299037396908,1.4992573261260986
full_action_q_dqn,819,759,87.24643289446831,80.93441696479917,29.088045224547386,58.15838793814182,1.528746835887432,17143.60334777832,0.0,26.0,0.0,1.0,0.050000000000000044,2.381404908373952,1.8253630176186562,1.8534729070961475
full_action_q_dqn,819,760,79.9422048419714,80.94908999077977,28.989319905638695,50.95288478732109,1.4741786513477564,16010.566307067871,0.0,24.0,0.0,3.0,0.050000000000000044,2.2760668881237507,1.7423538658767939,1.7790434751659632
full_action_q_dqn,819,761,81.68950062990189,81.02219535768033,28.561942853033543,53.127557784318924,1.5016870154067874,16798.501068115234,0.0,25.0,0.0,1.0,0.050000000000000044,1.8453221842646599,1.4121523685753345,1.4438992626965046
full_action_q_dqn,819,762,92.618907392025,81.82631655395032,31.73897386342287,60.87993323802948,1.528773931786418,17713.6505317688,0.0,27.0,0.0,1.0,0.050000000000000044,2.231348216533661,1.7103781439363956,1.7365668043494225
full_action_q_dqn,819,763,77.83833208829165,80.97428966261448,28.694149628281593,49.14418281018734,1.4781241631135345,16264.490264892578,0.0,23.0,0.0,1.0,0.050000000000000044,1.9995219875127077,1.5338973924517632,1.5520819704979658
full_action_q_dqn,819,764,92.34615499675274,81.75105131819846,31.704187124967575,60.641968140006064,1.5892405062913895,18073.55624771118,0.0,27.0,0.0,1.0,0.050000000000000044,2.964583419263363,2.273487128317356,2.3036542534828186
full_action_q_dqn,819,765,78.03576809167862,81.88881139926613,29.3726636916399,48.66310453414917,1.5043326215818524,16402.864738464355,0.0,24.0,0.0,0.0,0.050000000000000044,1.8040759284049273,1.3810248356312513,1.4101702813059092
full_action_q_dqn,819,766,74.44184716194869,81.80798661470415,29.476221062242985,44.9656259059906,1.4528810866177082,16450.154956817627,0.0,21.0,0.0,1.0,0.050000000000000044,1.910215437412262,1.462605383247137,1.4920334219932556
full_action_q_dqn,819,767,91.8372304007411,81.88366531156005,31.585602179169655,60.25162845253944,1.5707513578236103,18076.1259059906,0.0,28.0,0.0,1.0,0.050000000000000044,1.561724003404379,1.196012131869793,1.2190394718199968
full_action_q_dqn,819,768,83.24127312004566,81.29139290474356,30.21472479403019,53.0265477001667,1.564514096826315,17489.842346191406,0.0,24.0,0.0,0.0,0.050000000000000044,2.717467812821269,2.084607942029834,2.1095328889787197
full_action_q_dqn,819,769,99.6157819032669,82.88192711591721,32.563011169433594,67.05277021229267,1.5800954094156623,18671.94672393799,0.0,30.0,0.0,1.0,0.050000000000000044,2.390430796891451,1.8335767462849617,1.8561800755560398
full_action_q_dqn,819,770,76.78329727202654,82.38198234923185,26.787424452602863,49.99587287902832,1.4535096874460578,15202.483833312988,0.0,25.0,0.0,1.0,0.050000000000000044,2.1011071652173996,1.6113145053386688,1.6326421573758125
full_action_q_dqn,819,771,96.4458205267787,83.11472267478706,32.631721049547195,63.814099030196665,1.6141733434051275,18838.19945526123,0.0,27.0,0.0,2.0,0.050000000000000044,2.408081317320466,1.846270676702261,1.8727021776139736
full_action_q_dqn,819,772,88.19212421029806,83.75399067670108,30.22687540203333,57.965248972177505,1.5252151051536202,17547.376750946045,0.0,26.0,0.0,1.0,0.050000000000000044,1.9872855097055435,1.521898053586483,1.5512914918363094
full_action_q_dqn,819,773,83.51001678407192,84.63865516230464,30.215213149785995,53.294804349541664,1.515263993293047,17186.830432891846,0.0,24.0,0.0,1.0,0.050000000000000044,1.9854077491909266,1.5214682891964912,1.5464647989720106
full_action_q_dqn,819,774,77.0606557816267,84.38987853795291,28.718567721545696,48.34208791851997,1.483849273994565,16392.70978164673,0.0,24.0,0.0,3.0,0.050000000000000044,2.3008568212389946,1.763548582792282,1.7910273186862469
full_action_q_dqn,819,775,84.47161954939365,84.33423973903061,29.35224060714245,55.119378331303594,1.4740994852036238,16106.883811950684,0.0,26.0,0.0,3.0,0.050000000000000044,2.008519720286131,1.5396336019039154,1.5629536788910627
full_action_q_dqn,819,776,85.89594392478466,84.4570261182636,32.469890624284744,53.42605298757553,1.5571315996348858,18299.985034942627,0.0,25.0,0.0,1.0,0.050000000000000044,1.838830042630434,1.4087704811245203,1.433531817048788
full_action_q_dqn,819,777,87.71007903218269,85.00936857193707,29.958776779472828,57.751302170753476,1.538621410727501,17211.036735534668,0.0,27.0,0.0,2.0,0.050000000000000044,1.9895614609122276,1.5247183563187718,1.5494769178330898
full_action_q_dqn,819,778,79.90373058021069,84.94133605912327,28.41565552353859,51.48807536959648,1.5057592764496803,16421.26808166504,0.0,23.0,0.0,2.0,0.050000000000000044,2.2616335302591324,1.7315172776579857,1.7670540623366833
full_action_q_dqn,819,779,82.49277749806643,84.70365328930319,29.08263749629259,53.410140165686606,1.4599367566406727,16056.579540252686,0.0,25.0,0.0,1.0,0.050000000000000044,2.4870711732655764,1.906815905123949,1.9341841973364353
full_action_q_dqn,819,780,86.73958700299264,85.04352239735425,30.43936275690794,56.300224089622496,1.5282542826607823,17281.516271591187,0.0,26.0,0.0,2.0,0.050000000000000044,2.548106951639056,1.9518443830311298,1.987541824579239
full_action_q_dqn,819,781,83.03687539696693,85.11089113570752,31.872489988803864,51.16438539326191,1.5304373763501644,17846.765270233154,0.0,24.0,0.0,0.0,0.050000000000000044,1.8534832391887903,1.4182631485164165,1.4507337044924498
full_action_q_dqn,819,782,77.06988631933928,84.33344008207322,27.152455367147923,49.91743046045303,1.4314815131947398,15056.11552810669,0.0,23.0,0.0,1.0,0.050000000000000044,1.9996550716459751,1.5320179462432861,1.5587902329862118
full_action_q_dqn,819,783,64.24633531272411,83.65384024329485,26.374234452843666,37.87210054695606,1.4252421678975224,14905.400253295898,0.0,19.0,0.0,0.0,0.050000000000000044,2.4610226824879646,1.8860180489718914,1.9166820719838142
full_action_q_dqn,819,784,80.2034871146083,83.04670684918763,28.786065191030502,51.417421945929526,1.501704485155642,16494.923488616943,0.0,23.0,0.0,2.0,0.050000000000000044,2.18718153052032,1.6770977731794119,1.7002791333943605
full_action_q_dqn,819,785,73.48506347835064,82.81917161852121,27.94675374776125,45.538309425115585,1.448514137417078,16036.96570968628,0.0,22.0,0.0,0.0,0.050000000000000044,2.1131843123584986,1.6192871946841478,1.646323587745428
full_action_q_dqn,819,786,92.47297959923745,83.72072824038567,32.86186581850052,59.61111363172531,1.624454797245562,19078.3338432312,0.0,26.0,0.0,1.0,0.050000000000000044,1.910630688071251,1.463011011481285,1.4920654967427254
full_action_q_dqn,819,787,66.644860714674,82.46110975608231,26.034194640815258,40.610666155815125,1.4096007170155644,14875.550451278687,0.0,21.0,0.0,0.0,0.050000000000000044,2.0928886234760284,1.6036933697760105,1.6306508593261242
full_action_q_dqn,819,788,68.87603545188904,81.74284787267447,25.870313979685307,43.00572131574154,1.447985665872693,15201.902835845947,0.0,23.0,0.0,2.0,0.050000000000000044,2.341534309089184,1.7921705320477486,1.8312125355005264
full_action_q_dqn,819,789,88.385318338871,81.18132469445467,30.19030424952507,58.19501447677612,1.5324053149670362,17341.091035842896,0.0,26.0,0.0,2.0,0.050000000000000044,2.2385572493076324,1.7171037327498198,1.738178376108408
full_action_q_dqn,819,790,70.66906949430704,80.87561330556869,26.825379483401775,43.84369011521339,1.4414693964645267,15231.418155670166,0.0,23.0,0.0,3.0,0.050000000000000044,2.200174108147621,1.687036944553256,1.710457120090723
full_action_q_dqn,819,791,75.0935951501131,79.80800203673542,27.040576949715614,48.053017663955686,1.4482748676091433,15553.816410064697,0.0,22.0,0.0,4.0,0.050000000000000044,2.150516940280795,1.6481625065207481,1.6745147798210382
full_action_q_dqn,819,792,91.93775395303965,79.99528352387249,31.25795629620552,60.67979787290096,1.5349466102197766,17313.511798858643,0.0,28.0,0.0,2.0,0.050000000000000044,1.5839575435966253,1.2128844633698463,1.2369102500379086
full_action_q_dqn,819,793,105.32820548117161,81.08619295872748,35.0365174561739,70.29168847203255,1.640236597508192,19970.11231613159,0.0,30.0,0.0,1.0,0.050000000000000044,2.014779580757022,1.5426025688648224,1.5739233419299126
full_action_q_dqn,819,794,95.60140888392925,82.01323061384261,32.58381970226765,63.01758894324303,1.5639374749734998,18097.995109558105,0.0,29.0,0.0,0.0,0.050000000000000044,1.9454443845897913,1.4894369151443243,1.5200248081237078
full_action_q_dqn,819,795,84.27738142162562,82.00351870745422,29.58513044565916,54.692251378297804,1.4974207067862153,16381.960838317871,0.0,27.0,0.0,1.0,0.050000000000000044,2.698353720828891,2.069697203114629,2.0955216865986586
full_action_q_dqn,819,796,92.19639679044485,82.31854135073722,35.0461410805583,57.15025572478771,1.6094919238239527,19424.46940612793,0.0,26.0,0.0,1.0,0.050000000000000044,1.9019719939678907,1.4572722390294075,1.482332395389676
full_action_q_dqn,819,797,87.94851740449667,82.33046326935292,29.147220365703106,58.80129665136337,1.4948622938245535,16485.19874572754,0.0,25.0,0.0,1.0,0.050000000000000044,1.7842244524508715,1.3646287098526955,1.3986524492502213
full_action_q_dqn,819,798,84.35151448845863,82.55285246476532,29.159262880682945,55.192251801490784,1.4939431436359882,16431.12939453125,0.0,25.0,0.0,1.0,0.050000000000000044,1.6602414138615131,1.2685196194797754,1.3057393170893192
full_action_q_dqn,819,799,85.8571851581335,82.72107284776867,30.923238843679428,54.933946418762204,1.517039529979229,16830.466316223145,0.0,26.0,0.0,2.0,0.050000000000000044,2.110120179131627,1.6143114231526852,1.652695655822754
full_action_q_dqn,819,800,80.15833539515734,82.39201026737689,30.345122061669827,49.81321330368519,1.5270409593358636,16864.265995025635,0.0,23.0,0.0,0.0,0.050000000000000044,1.8982342667877674,1.453988615423441,1.4808187521994114
full_action_q_dqn,819,801,88.94456340670585,82.68739466786384,29.46637962013483,59.478183704614636,1.522991948761046,16603.546710968018,0.0,27.0,0.0,2.0,0.050000000000000044,1.7712324783205986,1.352099273353815,1.3971105683594942
full_action_q_dqn,819,802,81.20076653510333,82.89393867865206,29.080152563750744,52.12061364352703,1.4718173667788506,15819.27604675293,0.0,24.0,0.0,1.0,0.050000000000000044,1.7200867477804422,1.3160412888973951,1.346818182617426
full_action_q_dqn,819,803,97.15661152601243,84.53945248931646,32.99753861129284,64.15907334685326,1.575130139477551,18765.846866607666,0.0,29.0,0.0,1.0,0.050000000000000044,2.1049553118646145,1.6114322487264872,1.6450767945498228
full_action_q_dqn,819,804,93.75916781574487,85.2172365243733,29.758121699094772,64.00104618370533,1.571992577984929,17314.03059387207,0.0,28.0,0.0,2.0,0.050000000000000044,1.8949156068265438,1.4504925906658173,1.4814099967479706
full_action_q_dqn,819,805,87.02542299032211,85.89425449997188,31.884499326348305,55.1409230530262,1.5941966185346246,18498.842014312744,0.0,25.0,0.0,0.0,0.050000000000000044,2.2356607131659985,1.7127584740519524,1.7430074028670788
full_action_q_dqn,819,806,83.11428810805083,85.42631992541254,28.8400224968791,54.2742653131485,1.499976221472025,16307.461978912354,0.0,23.0,0.0,2.0,0.050000000000000044,2.1773330830037594,1.6679594404995441,1.6979120783507824
full_action_q_dqn,819,807,80.50299500077963,86.11922663971782,31.09690471738577,49.40609064102173,1.4875351460650563,17271.630252838135,0.0,22.0,0.0,2.0,0.050000000000000044,2.3134722374379635,1.7731697093695402,1.8010084088891745
full_action_q_dqn,819,808,92.98488415181637,87.32466907471421,31.55233757197857,61.43254689276218,1.5714152129366994,17974.099811553955,0.0,26.0,0.0,1.0,0.050000000000000044,2.1007538940757513,1.6120358537882566,1.629060059785843
full_action_q_dqn,819,809,80.37655229866505,86.92423077270391,30.643011048436165,49.73354136943817,1.5355176590383053,17245.52444076538,0.0,23.0,0.0,1.0,0.050000000000000044,2.383696585893631,1.8270371221005917,1.8555315546691418
full_action_q_dqn,819,810,99.68694716691971,88.37512465633453,32.27254507690668,67.41440212726593,1.5583949210122228,17776.486263275146,0.0,29.0,0.0,0.0,0.050000000000000044,2.5407366938889027,1.948429400101304,1.9743574988096952
full_action_q_dqn,819,811,86.13568275719881,88.92722903668881,30.14271753281355,55.99296534359455,1.5275823520496488,17129.584522247314,0.0,25.0,0.0,2.0,0.050000000000000044,2.368210755288601,1.8175272718071938,1.8356115818023682
full_action_q_dqn,819,812,81.29539113640786,88.39511089585723,29.454169511795044,51.841221863031386,1.5135770216584206,16655.351013183594,0.0,24.0,0.0,2.0,0.050000000000000044,2.010746017098427,1.5400721207261086,1.5689128581434488
full_action_q_dqn,819,813,71.59250329583884,86.70832578659059,27.08238845318556,44.510114350914954,1.454641475342214,15500.277061462402,0.0,22.0,0.0,3.0,0.050000000000000044,2.6296369805932045,2.016576573252678,2.043534681200981
full_action_q_dqn,819,814,80.29794283211231,85.94315248399974,30.931754425168037,49.36618882417679,1.5305540403351188,17718.93592453003,0.0,24.0,0.0,2.0,0.050000000000000044,1.81920070014894,1.3914585821330547,1.425806911662221
full_action_q_dqn,819,815,76.39560907334089,85.54906386658551,26.66218950599432,49.733419984579086,1.45093425642699,15753.623710632324,0.0,24.0,0.0,1.0,0.050000000000000044,2.173913784325123,1.665957598015666,1.6931872721761465
full_action_q_dqn,819,816,76.94580174982548,84.78653411455453,29.060371041297913,47.88543100655079,1.4858660632744431,16384.874446868896,0.0,24.0,0.0,0.0,0.050000000000000044,2.5804204419255257,1.9790296778082848,2.0046357922255993
full_action_q_dqn,819,817,80.99039424210787,84.43862795643508,29.165809616446495,51.82458430528641,1.4782886393368244,15956.088111877441,0.0,25.0,0.0,3.0,0.050000000000000044,1.8534436374902725,1.419786175712943,1.445524837821722
full_action_q_dqn,819,818,73.88265581429005,83.91518502272666,27.890085145831108,45.99257093667984,1.4389143520966172,15594.923889160156,0.0,22.0,0.0,1.0,0.050000000000000044,1.58872913941741,1.2159756105393171,1.2425117399543524
full_action_q_dqn,819,819,94.79391097277403,84.3620213134587,31.81291275471449,62.98099797964096,1.5770932277664542,18566.23218536377,0.0,27.0,0.0,1.0,0.050000000000000044,2.2368079274892807,1.712726816534996,1.7469369247555733
full_action_q_dqn,819,820,94.14122500419617,85.06116579391063,34.243675753474236,59.897549295425414,1.5818939348682761,19086.880168914795,0.0,28.0,0.0,1.0,0.050000000000000044,2.6216751411557198,2.010439421981573,2.037452347576618
full_action_q_dqn,819,821,78.5194573327899,84.53991049021484,29.234496243298054,49.28496113419533,1.490303642116487,16566.684730529785,0.0,21.0,0.0,2.0,0.050000000000000044,2.403457820415497,1.8435808941721916,1.8662563413381577
full_action_q_dqn,819,822,75.31593836843967,84.24566908188164,27.959757797420025,47.356180399656296,1.4591938024386764,15772.779178619385,0.0,24.0,0.0,1.0,0.050000000000000044,1.7945311944931746,1.3704572711139917,1.4135797396302223
full_action_q_dqn,819,823,82.77274832874537,83.5264759220183,29.82851469516754,52.94423294067383,1.5094191376119852,17380.652866363525,0.0,24.0,0.0,0.0,0.050000000000000044,2.077003290876746,1.5890965145081282,1.6263559013605118
full_action_q_dqn,819,824,90.40295287370682,83.3586651749164,30.036621898412704,60.366331407427786,1.5175939332693815,16853.34700012207,0.0,28.0,0.0,2.0,0.050000000000000044,2.5494971945881844,1.954384557902813,1.9837087541818619
full_action_q_dqn,819,825,84.10048607885838,83.21241832934321,30.11763872206211,53.982847490906714,1.5113587686792016,16718.948162078857,0.0,26.0,0.0,3.0,0.050000000000000044,1.8581936918199062,1.4222232680767775,1.4532347321510315
full_action_q_dqn,819,826,77.78610692322255,82.9460092701018,27.954282999038696,49.83182377517223,1.4724651835858822,16109.442222595215,0.0,25.0,0.0,1.0,0.050000000000000044,2.1504980362951756,1.6455582473427057,1.6831325758248568
full_action_q_dqn,819,827,87.64592245221138,83.30315564267339,29.315394185483456,58.33052772283554,1.4988442081958055,16942.082065582275,0.0,26.0,0.0,0.0,0.050000000000000044,2.433074351400137,1.8663013651967049,1.889243321493268
full_action_q_dqn,819,828,67.57322919368744,82.03257289476694,26.9955500587821,40.57767868041992,1.4470125613734126,15519.454917907715,0.0,21.0,0.0,1.0,0.050000000000000044,2.4281397853046656,1.8598432503640652,1.8943216018378735
full_action_q_dqn,819,829,83.44900438189507,82.18619549892843,29.27911315858364,54.16989108920097,1.5215047765523195,17129.285793304443,0.0,25.0,0.0,1.0,0.050000000000000044,2.2277194783091545,1.7088977508246899,1.7294056937098503
full_action_q_dqn,819,830,76.766606092453,81.0401784452051,27.70121344178915,49.065392911434174,1.4334514765068889,15331.651905059814,0.0,23.0,0.0,0.0,0.050000000000000044,1.5611311495304108,1.1941737588495016,1.2231912463903427
full_action_q_dqn,819,831,71.02781917601824,80.28478526614607,26.79863954335451,44.22917964756489,1.4288482004776597,15044.074802398682,0.0,21.0,0.0,3.0,0.050000000000000044,2.2869556955993176,1.7523530535399914,1.7820087540894747
full_action_q_dqn,819,832,65.07892533689737,79.47396197617054,26.38175703585148,38.69716812968254,1.40815684851259,14790.999645233154,0.0,18.0,0.0,2.0,0.050000000000000044,1.9766136482357979,1.5161630734801292,1.5348351914435625
full_action_q_dqn,819,833,88.14338493347168,80.30150605805218,31.70148218423128,56.441902458667755,1.5413793502375484,17407.412841796875,0.0,26.0,0.0,0.0,0.050000000000000044,2.2123234439641237,1.6958405300974846,1.7216097433120012
full_action_q_dqn,819,834,74.75226924866438,80.02422237887978,27.812484800815582,46.93978450000286,1.4530941676348448,15317.004962921143,0.0,22.0,0.0,2.0,0.050000000000000044,2.207982150837779,1.6926130428910255,1.717896956950426
full_action_q_dqn,819,835,77.32913728952408,80.07089878968894,26.766581907868385,50.56255596280098,1.439553054049611,15325.100196838379,0.0,26.0,0.0,2.0,0.050000000000000044,1.7756360713392496,1.3575239777565002,1.3937068730592728
full_action_q_dqn,819,836,75.1590488627553,79.98156114533543,29.294257514178753,45.86479114741087,1.4691812917590141,16498.92470932007,0.0,21.0,0.0,1.0,0.050000000000000044,1.8251219801604748,1.3988381922245026,1.4209459256380796
full_action_q_dqn,819,837,86.2153543099761,80.24280914872885,30.197917446494102,56.017436967790125,1.491499931551516,17133.414512634277,0.0,25.0,0.0,1.0,0.050000000000000044,2.205715261399746,1.6895222254097462,1.720643326640129
full_action_q_dqn,819,838,84.07627480775118,80.75249009840192,29.327082090079784,54.74919307529926,1.5234199976548553,16748.476009368896,0.0,27.0,0.0,4.0,0.050000000000000044,2.0538424365222454,1.5741294547915459,1.599043207243085
full_action_q_dqn,819,839,86.58603014200926,80.34209605686367,31.270111203193665,55.31591891646385,1.5268425988033414,17426.787059783936,0.0,25.0,0.0,1.0,0.050000000000000044,1.953909382224083,1.4972143918275833,1.5223165191709995
full_action_q_dqn,819,840,71.4075440093875,79.20541200712324,27.212074175477028,44.195469841361046,1.427831999026239,15709.86068725586,0.0,21.0,0.0,2.0,0.050000000000000044,1.4895518235862255,1.1388722658157349,1.1689318902790546
full_action_q_dqn,819,841,87.15064285844565,79.63697128340603,29.731659166514874,57.41898372173309,1.4896075762808323,16936.155334472656,0.0,27.0,0.0,3.0,0.050000000000000044,2.194680642336607,1.6838182359933853,1.7028746511787176
full_action_q_dqn,819,842,76.70271722376347,79.70631022617222,27.71991904079914,48.98279825747013,1.4891798086464405,16181.69267654419,0.0,23.0,0.0,2.0,0.050000000000000044,2.217241160571575,1.6980809457600117,1.7305341176688671
full_action_q_dqn,819,843,84.00832450389862,79.76808903492989,28.23859205842018,55.769732400774956,1.5000022947788239,16271.435695648193,0.0,26.0,0.0,0.0,0.050000000000000044,2.163308350369334,1.6575927082449198,1.685718772932887
full_action_q_dqn,819,844,83.07313064932823,79.40159792371097,28.74094322323799,54.33218742609024,1.473791622556746,15830.955772399902,0.0,24.0,0.0,3.0,0.050000000000000044,1.8225851710885763,1.39513055421412,1.4248486086726189
full_action_q_dqn,819,845,91.38840320706367,79.76599378012122,30.919754907488823,60.46864800155163,1.5385083630681038,17534.120567321777,0.0,27.0,0.0,2.0,0.050000000000000044,2.3118358477950096,1.7730623353272676,1.7959115784615278
full_action_q_dqn,819,846,82.09962169826031,79.98166951887309,30.02887012809515,52.07075195014477,1.5129035599529743,17203.48475265503,0.0,26.0,0.0,0.0,0.050000000000000044,1.5425265710800886,1.1810379661619663,1.2049619387835264
full_action_q_dqn,819,847,78.77745925784112,79.53824635915458,29.191911354660988,49.58554778397083,1.478676488623023,16636.69446182251,0.0,23.0,0.0,2.0,0.050000000000000044,2.234912132844329,1.7107914611697197,1.7470689732581377
full_action_q_dqn,819,848,76.65446644425393,79.99230822168292,28.12476485222578,48.52970221042633,1.4794193096458912,15857.411109924316,0.0,22.0,0.0,2.0,0.050000000000000044,1.804502908140421,1.3831208944320679,1.404606681317091
full_action_q_dqn,819,849,71.27698190510273,79.38370709784331,26.228103674948215,45.04887846112251,1.434506045654416,15278.008689880371,0.0,23.0,0.0,1.0,0.050000000000000044,1.5226207207888365,1.163337342441082,1.1976111680269241
full_action_q_dqn,819,850,73.56758570820094,79.22375607863071,28.78961641341448,44.77796927988529,1.461161782965064,16046.073280334473,0.0,21.0,0.0,1.0,0.050000000000000044,2.1250777281820774,1.627311635762453,1.659220289438963
full_action_q_dqn,819,851,87.50924482345582,80.04782736100258,32.17723345756531,55.332010769844054,1.5787083264440298,18082.085605621338,0.0,26.0,0.0,1.0,0.050000000000000044,1.7804877255111933,1.363139657303691,1.3911601770669222
full_action_q_dqn,819,852,82.78807927668095,80.93328505799175,28.556711368262768,54.23136755824089,1.471255274489522,15982.130634307861,0.0,26.0,0.0,1.0,0.050000000000000044,2.2904305905103683,1.7559696100652218,1.7815365213900805
full_action_q_dqn,819,853,81.85855086892843,80.6190433547646,30.565327621996403,51.29322265088558,1.508986254222691,17347.255041122437,0.0,23.0,0.0,1.0,0.050000000000000044,2.333692481741309,1.7880052905529737,1.8189572300761938
full_action_q_dqn,819,854,94.28156510889531,81.59550814777614,30.069097325205803,64.21246712803841,1.523656059987843,16869.117721557617,0.0,29.0,0.0,2.0,0.050000000000000044,2.0936370622366667,1.604302078485489,1.6311165355145931
full_action_q_dqn,819,855,84.52936818599701,81.95551969259978,31.737863138318062,52.79150534570217,1.543741942383349,17491.60084915161,0.0,23.0,0.0,1.0,0.050000000000000044,2.7857445497065783,2.1362492945045233,2.1649840753525496
full_action_q_dqn,819,856,74.65727891027927,81.930431194976,28.225232124328613,46.43204681575298,1.4655238408595324,16072.683395385742,0.0,22.0,0.0,1.0,0.050000000000000044,1.8521227613091469,1.4172930419445038,1.449432397261262
full_action_q_dqn,819,857,78.68195794671774,81.55376137681307,28.466943994164467,50.21501404941082,1.4659902639687061,16158.767971038818,0.0,23.0,0.0,2.0,0.050000000000000044,2.784233821555972,2.1348055005073547,2.1647609248757362
full_action_q_dqn,819,858,82.17838008701801,81.4588666407764,30.16291269659996,52.015467181801796,1.5311080180108547,17570.331914901733,0.0,25.0,0.0,0.0,0.050000000000000044,1.9106284938752651,1.4637087229639292,1.4897325485944748
full_action_q_dqn,819,859,76.81664290577173,80.97039727896453,28.749465472996235,48.06717701554298,1.4996249880641699,16900.783058166504,0.0,24.0,0.0,2.0,0.050000000000000044,1.9965247213840485,1.5303545650094748,1.553900446742773
full_action_q_dqn,819,860,84.69264328479767,81.63465224273503,28.663332417607307,56.02931088209152,1.4766936311498284,16150.24864578247,0.0,28.0,0.0,0.0,0.050000000000000044,2.48950906842947,1.9098070487380028,1.9323400519788265
full_action_q_dqn,819,861,88.13474810868502,81.683857505247,30.738722421228886,57.396026119589806,1.5271880645304918,17239.90160369873,0.0,25.0,0.0,1.0,0.050000000000000044,2.288640543818474,1.7562224194407463,1.774727012962103
full_action_q_dqn,819,862,75.64043828845024,81.63074355848133,28.355425037443638,47.285013765096664,1.4849242949858308,16362.245582580566,0.0,25.0,0.0,1.0,0.050000000000000044,1.8553083594888449,1.4210864417254925,1.4474063031375408
full_action_q_dqn,819,863,73.50649985969066,81.10565232627094,28.904833048582077,44.60166710913181,1.486313946545124,16739.12096786499,0.0,22.0,0.0,2.0,0.050000000000000044,2.0751957334578037,1.5903723146766424,1.616078071296215
full_action_q_dqn,819,864,87.62336117178202,81.33316385239362,30.798548601567745,56.8248126745224,1.565036477521062,18006.33594894409,0.0,26.0,0.0,1.0,0.050000000000000044,2.470784045755863,1.8934515360742807,1.924441672861576
full_action_q_dqn,819,865,87.79102905988694,81.15329514503479,29.876779690384865,57.91424914598465,1.5157137895002961,17006.22241973877,0.0,26.0,0.0,5.0,0.050000000000000044,2.349351219832897,1.8025844264775515,1.8225558251142502
full_action_q_dqn,819,866,84.12743251770735,81.25468568600715,30.522566631436348,53.604866191744804,1.5217852117493749,17186.98867416382,0.0,25.0,0.0,0.0,0.050000000000000044,2.4542810413986444,1.8815203830599785,1.9092020951211452
full_action_q_dqn,819,867,82.04083436727524,81.41785444147885,30.449234925210476,51.59160016477108,1.5053546829149127,16707.576976776123,0.0,25.0,0.0,0.0,0.050000000000000044,1.5741532798856497,1.2067764103412628,1.2245895825326443
full_action_q_dqn,819,868,78.5117854103446,81.51072038978339,27.791982404887676,50.71980203688145,1.4542165603488684,15588.6181640625,0.0,24.0,0.0,1.0,0.050000000000000044,2.496477223932743,1.9146823976188898,1.9393160045146942
full_action_q_dqn,819,869,79.06439027935266,81.90009080849589,28.864717222750187,50.19967223703861,1.5112038888037205,16886.330488204956,0.0,24.0,0.0,0.0,0.050000000000000044,2.1037307530641556,1.6124167200177908,1.6377133280038834
full_action_q_dqn,819,870,97.72905685007572,83.10816436558962,32.455783635377884,65.27327278256416,1.5604019397869706,17894.254444122314,0.0,28.0,0.0,0.0,0.050000000000000044,1.7695347797125578,1.3532046861946583,1.3877669386565685
full_action_q_dqn,819,871,82.85162945985795,82.87528359740972,28.939525708556175,53.91210340857506,1.5538246426731348,16958.664821624756,0.0,25.0,0.0,2.0,0.050000000000000044,2.6295524947345257,2.015728034079075,2.0460813213139772
full_action_q_dqn,819,872,79.53478739708662,82.71261900343,28.696913607418537,50.837873864173886,1.5212893635034561,16562.940002441406,0.0,25.0,0.0,2.0,0.050000000000000044,1.429661862552166,1.0948387924581766,1.1160768195986748
full_action_q_dqn,819,873,84.36792526841164,82.83808772340417,29.637875609099865,54.73004959225655,1.4924410646781325,16536.921489715576,0.0,25.0,0.0,3.0,0.050000000000000044,2.2386559545993805,1.7168414406478405,1.7393816690891981
full_action_q_dqn,819,874,98.99265484511852,83.07364221021534,34.8557123914361,64.13694262504578,1.6445547547191381,19505.679149627686,0.0,28.0,0.0,0.0,0.050000000000000044,2.808022055774927,2.153989937156439,2.1801069416105747
full_action_q_dqn,819,875,81.39252135157585,82.91679986849428,29.67852956056595,51.713991448283195,1.5208343835547566,17355.787155151367,0.0,24.0,0.0,1.0,0.050000000000000044,1.9920710325241089,1.5269388426095247,1.550440626218915
full_action_q_dqn,819,876,73.06300085037947,82.83708596549928,27.583122596144676,45.4798783659935,1.48975024279207,15951.744300842285,0.0,22.0,0.0,1.0,0.050000000000000044,1.91329556517303,1.464687317609787,1.4953607469797134
full_action_q_dqn,819,877,82.3416341394186,83.02006977513432,29.299419432878494,53.042214542627335,1.4842294473201036,16370.65365600586,0.0,25.0,0.0,1.0,0.050000000000000044,2.084990594536066,1.599725779145956,1.6175493150949478
full_action_q_dqn,819,878,84.84408133774996,83.15335483767092,29.757171489298344,55.08690993785858,1.5154833514243364,17048.968002319336,0.0,26.0,0.0,3.0,0.050000000000000044,1.843663889914751,1.411810740828514,1.4395104926079512
full_action_q_dqn,819,879,73.79130071550608,83.00208772815765,26.634203873574734,47.15709722936153,1.4230277836322784,15227.586391448975,0.0,22.0,0.0,1.0,0.050000000000000044,1.7489884477108717,1.3371333964169025,1.372850066050887
full_action_q_dqn,819,880,58.37238676100969,81.68607490196824,24.433394305408,33.93899276852608,1.3461916232481599,13563.633930206299,0.0,18.0,0.0,0.0,0.050000000000000044,1.742395056411624,1.334772640839219,1.3587413858622313
full_action_q_dqn,819,881,95.34630314409733,82.04665265373886,31.9797977283597,63.366505870223044,1.5794700039550662,18324.25454711914,0.0,28.0,0.0,1.0,0.050000000000000044,1.8490700609982014,1.4146438799798489,1.4480871558189392
full_action_q_dqn,819,882,77.96897605955601,82.16307954229416,29.954548843204975,48.01442729830742,1.5050335079431534,16568.58716583252,0.0,24.0,0.0,1.0,0.050000000000000044,1.9672221168875694,1.5074598845094442,1.5325406212359667
full_action_q_dqn,819,883,84.07990311086178,82.69174970485271,28.47893514484167,55.600968062877655,1.4967294801026583,16615.7974319458,0.0,26.0,0.0,1.0,0.050000000000000044,1.9876516684889793,1.5233447402715683,1.5476897712796926
full_action_q_dqn,819,884,71.88463094979525,81.90481319375337,26.992593474686146,44.89203740060329,1.4806429389864206,15709.531158447266,0.0,20.0,0.0,1.0,0.050000000000000044,2.160456370562315,1.6570450477302074,1.6780377682298422
full_action_q_dqn,819,885,74.2771899625659,81.22912123888732,28.346037425100803,45.93115282058716,1.4681386398151517,16482.153694152832,0.0,21.0,0.0,0.0,0.050000000000000044,2.1060893274843693,1.612739546224475,1.6444991938769817
full_action_q_dqn,819,886,93.33257071077824,81.68937814854087,30.830978728830814,62.50159163177013,1.5713214511051774,18086.240550994873,0.0,28.0,0.0,1.0,0.050000000000000044,1.8962983265519142,1.4532669838517904,1.4767711125314236
full_action_q_dqn,819,887,73.22261977940798,81.2484674191475,27.804582841694355,45.4180371761322,1.4692850885912776,16161.987117767334,0.0,22.0,0.0,2.0,0.050000000000000044,2.504484551027417,1.9204825051128864,1.9466733690351248
full_action_q_dqn,819,888,82.69390463232995,81.45757338024677,28.11868169158697,54.575222650170325,1.475463687442243,16266.00703048706,0.0,26.0,0.0,3.0,0.050000000000000044,2.076145716011524,1.5912255961447954,1.616400346159935
full_action_q_dqn,819,889,60.335121887922284,80.52110996067525,25.673201128840446,34.66192119121551,1.3795999828726053,14499.835849761963,0.0,17.0,0.0,2.0,0.050000000000000044,1.5803780294954777,1.2095326129347086,1.2361514512449503
full_action_q_dqn,819,890,66.17243061959743,78.94327864915132,25.872684985399246,40.29974550008774,1.4344662334769964,14975.79768371582,0.0,20.0,0.0,2.0,0.050000000000000044,1.8984007332473993,1.4531809762120247,1.4840657822787762
full_action_q_dqn,819,891,81.05407928824425,78.85340114057064,29.302835062146187,51.75124489665031,1.51841230224818,16791.072761535645,0.0,23.0,0.0,1.0,0.050000000000000044,2.3623209446668625,1.8121089413762093,1.8340399786829948
full_action_q_dqn,819,892,66.48643219023943,78.20098338022828,26.054309740662575,40.43212321698665,1.457310825586319,15263.019874572754,0.0,20.0,0.0,3.0,0.050000000000000044,2.268061175942421,1.739420596510172,1.7621352076530457
full_action_q_dqn,819,893,94.17449160814286,78.69131169721484,32.95564492046833,61.218846732378005,1.5958653530105948,18814.54531288147,0.0,27.0,0.0,1.0,0.050000000000000044,1.5463568679988384,1.1827361527830362,1.2120689302682877
full_action_q_dqn,819,894,72.96213485300541,77.3897856976092,26.370535247027874,46.59159979224205,1.4582314202561975,15545.436416625977,0.0,23.0,0.0,1.0,0.050000000000000044,1.9953563250601292,1.5285083763301373,1.5561597160995007
full_action_q_dqn,819,895,103.62169831991196,78.501244546026,33.42461158335209,70.19708693027496,1.5887821083888412,18149.7734375,0.0,31.0,0.0,1.0,0.050000000000000044,2.5894207656383514,1.9856474213302135,2.012577760964632
full_action_q_dqn,819,896,81.22326921224594,78.90925796411932,29.03524472564459,52.188024538755414,1.4877030989155173,16404.54740524292,0.0,25.0,0.0,3.0,0.050000000000000044,1.5902298409491777,1.2174273561686277,1.2426748983561993
full_action_q_dqn,819,897,71.44455814361572,78.36440416432917,27.300916641950607,44.14364121854305,1.4568066652864218,15633.992469787598,0.0,22.0,0.0,1.0,0.050000000000000044,2.216886091977358,1.699315283447504,1.7252359930425882
full_action_q_dqn,819,898,81.91694190651178,78.21804719276727,30.001593559980392,51.915348666906354,1.502146353945136,16954.785037994385,0.0,24.0,0.0,3.0,0.050000000000000044,1.7798092663288116,1.3646430242806673,1.3838874194771051
full_action_q_dqn,819,899,55.90178728252649,77.32357152111828,24.376915380358696,31.524871671199797,1.356069858185947,13590.410989761353,0.0,17.0,0.0,1.0,0.050000000000000044,1.8589060045778751,1.4229651466012,1.4531361404806376
