variant,model_seed,episode,cost,rolling_cost,immediate_cost,penalty,energy_use,latency_ms,thermal_violation,energy_violation,queue_violation,contact_violation,epsilon,loss,td_loss,auxiliary_loss
immediate_advantage_dqn,811,0,100.28423030078412,100.28423030078412,35.6828478872776,64.60138227939606,1.599578844383359,20330.063667297363,0.0,29.0,0.0,1.0,0.9954761904761905,,,
immediate_advantage_dqn,811,1,107.69052097201347,103.9873756363988,36.62864065170288,71.06188049912453,1.6509161777794361,21553.707134246826,0.0,30.0,0.0,1.0,0.9909523809523809,1.1614962816238403,1.1463302373886108,0.05055362731218338
immediate_advantage_dqn,811,2,182.76738113012263,130.24737746764006,44.50418418645859,138.2631968989606,1.9218707447871566,26906.59800338745,0.0,40.0,26.0,1.0,0.9864285714285714,1.150422915816307,1.1351025737822056,0.05106780049391091
immediate_advantage_dqn,811,3,130.57865691540763,130.33019732958195,46.52491860091686,84.053738612514,1.8392051057890058,26482.17116546631,0.0,34.0,1.0,1.0,0.981904761904762,1.304583951830864,1.2877502739429474,0.05611226800829172
immediate_advantage_dqn,811,4,113.90366238355637,127.04489034037684,36.787134632468224,77.11652857065201,1.677235090173781,21419.886781692505,0.0,33.0,0.0,1.0,0.9773809523809524,1.1558233238756657,1.1373612806200981,0.061540174297988415
immediate_advantage_dqn,811,5,135.13894839788253,128.39390001662778,40.945403054356575,94.19354592467126,1.8791697090491652,25172.961349487305,0.0,36.0,7.0,0.0,0.9728571428571429,0.8832192905247211,0.8649857379496098,0.06077850377187133
immediate_advantage_dqn,811,6,133.58666404146948,129.13572344874802,37.89953453838825,95.68712895173822,1.793330010958016,23271.645065307617,0.0,32.0,15.0,3.0,0.9683333333333334,0.764061376452446,0.7514229603111744,0.042128041153773665
immediate_advantage_dqn,811,7,96.24988590329886,125.02499375556688,33.1606712564826,63.08921409547329,1.5804421566426754,19297.598262786865,0.0,28.0,0.0,1.0,0.9638095238095238,0.7881685234606266,0.7809052653610706,0.02421086491085589
immediate_advantage_dqn,811,8,138.20745651894205,126.48971184038633,41.71332021057606,96.49413681500549,1.811601385474205,25164.452117919922,0.0,30.0,20.0,1.0,0.9592857142857143,0.784327358007431,0.7770193107426167,0.02436013426631689
immediate_advantage_dqn,811,9,153.69317133291642,129.21005778963934,42.30723248422146,111.38593887849727,1.8608452044427395,25324.12952041626,0.0,34.0,27.0,2.0,0.9547619047619048,0.5689574535936117,0.564102815464139,0.01618209684966132
immediate_advantage_dqn,811,10,119.32122523061552,128.31107301154626,39.461540661752224,79.85968468062204,1.7552149938419461,23569.49533843994,0.0,33.0,12.0,0.0,0.9502380952380952,0.4700287766754627,0.4646950252354145,0.01777916878927499
immediate_advantage_dqn,811,11,150.23639223781197,130.1381829470684,40.92990857362747,109.30648388770189,1.9129731878638268,25021.421939849854,0.0,36.0,19.0,2.0,0.9457142857142857,0.3435115460306406,0.3382200822234154,0.017638214223552495
immediate_advantage_dqn,811,12,128.27637129028372,129.99496666577727,35.26130822300911,93.01506321628622,1.7338492358103395,21789.011756896973,0.0,31.0,19.0,1.0,0.9411904761904761,0.28861068189144135,0.284044960513711,0.015219080552924424
immediate_advantage_dqn,811,13,124.22163690626621,129.58258596866935,43.171031430363655,81.05060559511185,1.738830872811377,24688.267570495605,0.0,33.0,0.0,0.0,0.9366666666666666,0.24831028282642365,0.24392952769994736,0.01460252539254725
immediate_advantage_dqn,811,14,216.2237592221199,135.35866418556606,48.752807304263115,167.47095191785678,2.0055058039724827,28661.932949066162,0.0,42.0,40.0,1.0,0.9321428571428572,0.2141018221154809,0.20987406093627214,0.014092538564000279
immediate_advantage_dqn,811,15,169.64098954008378,137.5013095202234,42.57025995850563,127.07072964118277,1.9384756460785866,26310.80744934082,0.0,36.0,28.0,0.0,0.9276190476190476,0.5931413825601339,0.5891103986650705,0.013436604815069586
immediate_advantage_dqn,811,16,173.9818102868949,139.6472213300276,43.88929070532322,130.09251946236233,1.9139401707798243,26210.31711578369,0.0,37.0,33.0,0.0,0.9230952380952381,0.6483190059661865,0.6447666808962822,0.011841078579891473
immediate_advantage_dqn,811,17,153.83385155828236,140.43536745381954,46.74234056472778,107.09151081474064,1.9468280095607042,27435.53883743286,0.0,37.0,20.0,1.0,0.9185714285714286,0.41431898437440395,0.41054796054959297,0.012570074875839055
immediate_advantage_dqn,811,18,134.65155804476845,140.13095643229053,39.81037324666977,94.8411845298778,1.7711981227621436,23533.067588806152,0.0,37.0,27.0,0.0,0.914047619047619,0.3051629373803735,0.3012574203312397,0.013018390513025224
immediate_advantage_dqn,811,19,131.96906623556404,139.72286192245423,36.66733866930008,95.30172787918832,1.823091053403914,23322.41254043579,0.0,32.0,18.0,2.0,0.9095238095238095,0.2677957471460104,0.2648287946358323,0.009889841661788523
immediate_advantage_dqn,811,20,137.32011490087066,141.57465615245854,41.96993865817785,95.35017645875963,1.798841760493815,24415.393440246582,0.0,37.0,20.0,0.0,0.905,0.2178753288462758,0.21446335967630148,0.011373232526239008
immediate_advantage_dqn,811,21,104.7372779250145,141.4269940001086,38.550542920827866,66.18673491477966,1.6855497229844332,22555.313762664795,0.0,28.0,0.0,0.0,0.9004761904761904,0.2119078990072012,0.20902748685330153,0.009601373341865838
immediate_advantage_dqn,811,22,134.65521964725127,139.02138592596503,43.31806980073452,91.3371499359237,1.8545879824087024,26156.824184417725,0.0,32.0,16.0,0.0,0.895952380952381,0.17998938681557775,0.17734311940148473,0.008820885617751628
immediate_advantage_dqn,811,23,204.16451965238588,142.70067906281395,42.717032589018345,161.4474870931699,1.9047013083472848,26376.48810195923,0.0,36.0,32.0,2.0,0.8914285714285715,0.6626314548775554,0.6600111378356814,0.008734363102121279
immediate_advantage_dqn,811,24,123.17064894143522,143.16402839070787,38.665203019976616,84.50544580224928,1.7254123473539948,22848.743076324463,0.0,30.0,18.0,1.0,0.8869047619047619,0.5759646259248257,0.5733116585761309,0.008843226125463843
immediate_advantage_dqn,811,25,100.16847714781761,141.41550482820463,35.65684613585472,64.51163110136986,1.6403411235660315,21667.305625915527,0.0,27.0,0.0,0.0,0.8823809523809524,0.3605338390916586,0.3576951343566179,0.009462356043513864
immediate_advantage_dqn,811,26,113.63253307640552,140.41779827995146,40.52785086631775,73.104682970047,1.7425978379324079,22955.322828292847,0.0,31.0,0.0,2.0,0.8778571428571429,0.3379693031311035,0.3351451810449362,0.009413735300768167
immediate_advantage_dqn,811,27,166.98297043356712,143.95445250646486,39.844727873802185,127.13824254486374,1.8504981407895684,24170.570182800293,0.0,36.0,26.0,2.0,0.8733333333333333,0.28335924725979567,0.2809162465855479,0.008143338025547564
immediate_advantage_dqn,811,28,143.90612417619607,144.23938588932756,41.66129173338413,102.24483262162587,1.9193717101588845,25474.072826385498,0.0,36.0,13.0,1.0,0.8688095238095238,0.28386048367246985,0.28112469566985965,0.009119292139075696
immediate_advantage_dqn,811,29,126.3955068687938,142.87450266612143,40.79343345761299,85.60207344098313,1.8115458702668548,23857.314422607422,0.0,33.0,18.0,0.0,0.8642857142857143,0.3089293763041496,0.3062555780634284,0.008912658639019355
immediate_advantage_dqn,811,30,117.74176655709743,142.79552973244552,41.854138687253,75.88762792944908,1.7936052707955241,24110.095546722412,0.0,33.0,0.0,1.0,0.8597619047619047,0.3257345762103796,0.3231060616672039,0.00876171377603896
immediate_advantage_dqn,811,31,110.95714478194714,140.8315673596523,38.68252417445183,72.27462102472782,1.7178957536816597,22432.729049682617,0.0,31.0,0.0,0.0,0.8552380952380952,0.8158404212445021,0.8120103906840086,0.012766756990458816
immediate_advantage_dqn,811,32,111.27116127312183,139.9813068587942,40.392979472875595,70.87818153202534,1.7375847371295094,23767.317260742188,0.0,30.0,0.0,0.0,0.8507142857142858,0.4967210628092289,0.49357857927680016,0.01047494524391368
immediate_advantage_dqn,811,33,120.82290506660938,139.81137026681137,40.03862366080284,80.78428125679493,1.7965802308171988,23197.03532409668,0.0,33.0,0.0,3.0,0.8461904761904762,0.3815711075440049,0.37858778424561024,0.00994440249633044
immediate_advantage_dqn,811,34,120.435016410477,135.02193312622921,36.817691802978516,83.617324562795,1.852320509031415,23547.658714294434,0.0,30.0,9.0,1.0,0.8416666666666667,0.4130442338064313,0.4089804971590638,0.013545782014261931
immediate_advantage_dqn,811,35,117.6085026115179,132.4203087798009,38.58230945467949,79.02619338035583,1.7858308609575033,23036.494758605957,0.0,32.0,0.0,0.0,0.8371428571428572,0.45652822963893414,0.4526008227840066,0.01309135730843991
immediate_advantage_dqn,811,36,114.46781162403421,129.4446088466579,41.308452785015106,73.15935794494942,1.8364931736141443,24684.533561706543,0.0,30.0,4.0,1.0,0.8326190476190476,0.3597919438034296,0.3554541617631912,0.014459268655627966
immediate_advantage_dqn,811,37,107.74323692917824,127.14007811520267,41.24196583032608,66.5012713521719,1.7384491376578808,23462.148246765137,0.0,29.0,0.0,0.0,0.8280952380952381,0.3416040325537324,0.33675325009971857,0.016169276437722147
immediate_advantage_dqn,811,38,200.0440293092879,130.40970167842863,46.52497100830078,153.51905871821964,2.0113674234598875,28431.346046447754,0.0,35.0,27.0,1.0,0.8235714285714286,0.36910503450781107,0.3651733696460724,0.013105560385156423
immediate_advantage_dqn,811,39,124.2589103770256,130.02419388550172,42.216731145977974,82.04217957377433,1.8249139795079827,24688.903411865234,0.0,34.0,1.0,0.0,0.819047619047619,0.8994203638285398,0.8945869170129299,0.01611147279618308
immediate_advantage_dqn,811,40,135.42233613426876,129.9293049471716,40.01847667992115,95.40385940964413,1.8177196290344,23800.595539093018,0.0,37.0,11.0,0.0,0.8145238095238095,0.5919354017823935,0.5884828893467784,0.011508378200232983
immediate_advantage_dqn,811,41,229.86661132404112,136.18577161712295,47.367891401052475,182.498719952791,2.0533265005797148,28656.66481781006,0.0,38.0,31.0,1.0,0.81,0.45974288135766983,0.45574193354696035,0.013336509582586586
immediate_advantage_dqn,811,42,117.63579222559929,135.33480024604034,38.829643711447716,78.8061484247446,1.7188551342114806,22126.337844848633,0.0,33.0,0.0,0.0,0.8054761904761905,0.48424174915999174,0.4788350947201252,0.01802218984812498
immediate_advantage_dqn,811,43,121.74692853272171,131.21392069005714,39.14851471781731,82.59841369569511,1.8157221600413322,23702.962703704834,0.0,35.0,1.0,1.0,0.800952380952381,0.4496289733797312,0.4445438701659441,0.016950361139606684
immediate_advantage_dqn,811,44,109.92121978998185,130.55144923248446,42.54376935958862,67.37745138406754,1.7372180921956897,24105.404823303223,0.0,29.0,0.0,1.0,0.7964285714285715,0.4625077713280916,0.45673372875899076,0.01924682268872857
immediate_advantage_dqn,811,45,142.0000783230616,132.64302929124668,43.70092601329088,98.2991522278143,1.8813250605016947,26011.218770980835,0.0,36.0,12.0,1.0,0.7919047619047619,0.4817398255690932,0.4772754842415452,0.014881140377838165
immediate_advantage_dqn,811,46,114.45986479520798,132.68439587718677,39.34169553220272,75.11817020177841,1.7081715939566493,22491.473510742188,0.0,32.0,0.0,0.0,0.7873809523809524,0.6223902404308319,0.6180918896570802,0.01432786148507148
immediate_advantage_dqn,811,47,105.9476599559188,129.6326303533044,38.615187637507915,67.33247251212597,1.7317320443689823,22615.221197128296,0.0,29.0,0.0,1.0,0.7828571428571429,0.7329515069723129,0.7278061602264643,0.017151152482256293
immediate_advantage_dqn,811,48,96.25055113434792,127.24985170121197,33.29290823638439,62.957643419504166,1.608608498238027,19026.88060760498,0.0,28.0,0.0,1.0,0.7783333333333333,0.511388385668397,0.5069087948650122,0.01493197534000501
immediate_advantage_dqn,811,49,119.35371335393191,126.8977620254689,41.47147502750158,77.88223857975007,1.8491598507389426,24451.87815093994,0.0,33.0,1.0,0.0,0.7738095238095238,0.4751429259777069,0.468427961692214,0.02238322072662413
immediate_advantage_dqn,811,50,116.80229307115079,126.85078835117156,39.01918742060661,77.78310566544533,1.7309218840673566,22335.01922607422,0.0,33.0,0.0,1.0,0.7692857142857144,0.518580662086606,0.5133694922551513,0.017370567482430488
immediate_advantage_dqn,811,51,107.76164919435978,126.69101357179223,41.72285587340593,66.03879311233759,1.7243626844137907,23391.14027786255,0.0,29.0,0.0,2.0,0.7647619047619048,0.4892690619453788,0.48331253323704004,0.01985509489895776
immediate_advantage_dqn,811,52,107.7400568202138,126.51445834914682,37.01173419505358,70.7283232063055,1.7456575650721788,22303.37071609497,0.0,30.0,0.0,1.0,0.7602380952380953,0.5130513506010175,0.5055149458348751,0.025121332029812038
immediate_advantage_dqn,811,53,124.56206598783724,126.70141639520821,44.64353874325752,79.91852790023081,1.8627726072445512,26011.63422012329,0.0,33.0,3.0,2.0,0.7557142857142858,0.4479795163497329,0.4422891829162836,0.018967785756103694
immediate_advantage_dqn,811,54,158.25683797714973,128.59250747354181,41.38183428347111,116.8750036042717,1.925052922219038,25248.450675964355,0.0,37.0,26.0,0.0,0.7511904761904762,0.7969646472483873,0.7919589187949896,0.016685800801496953
immediate_advantage_dqn,811,55,112.70869927108288,128.34751730652005,36.96263514459133,75.74606388807297,1.7377545135095716,21858.191345214844,0.0,31.0,0.0,0.0,0.7466666666666667,0.8436299785971642,0.8398761693388224,0.012512708141002804
immediate_advantage_dqn,811,56,108.60248985141516,128.0542512178891,40.20875657349825,68.39373309910297,1.640885803848505,22510.95148086548,0.0,30.0,0.0,1.0,0.7421428571428572,0.6586623545736074,0.6504542008042336,0.02736050437670201
immediate_advantage_dqn,811,57,116.25987367331982,128.48008305509617,36.420707166194916,79.83916637301445,1.7121121110394597,21046.024341583252,0.0,33.0,0.0,2.0,0.7376190476190476,0.6536179520189762,0.6468719393014908,0.022486731526441872
immediate_advantage_dqn,811,58,140.2434270343338,125.49005294134847,37.655859529972076,102.58756774278028,1.8431263994425535,22650.007442474365,0.0,35.0,20.0,1.0,0.7330952380952381,0.5952870966866612,0.5887937899678946,0.02164437191095203
immediate_advantage_dqn,811,59,119.45442795283103,125.24982882013873,36.43693295121193,83.01749452478192,1.776234689168632,22200.298797607422,0.0,36.0,7.0,1.0,0.7285714285714286,0.6987705286592245,0.6928150597959757,0.01985154813155532
immediate_advantage_dqn,811,60,108.71187209486962,123.91430561816878,37.99515126645565,70.71672111153603,1.7152224881574512,21892.360111236572,0.0,30.0,0.0,2.0,0.724047619047619,0.5891736447811127,0.5825870418921113,0.021955340402200818
immediate_advantage_dqn,811,61,123.05888879597187,118.57391949176534,40.39708660542965,82.66180275678634,1.7913661850616336,23508.781188964844,0.0,36.0,0.0,2.0,0.7195238095238095,0.6072362903505564,0.5991239137947559,0.02704125316813588
immediate_advantage_dqn,811,62,134.09442116737364,119.39685093885404,47.05555362999439,87.03886692643167,1.8919104309752584,26981.02947616577,0.0,35.0,2.0,1.0,0.7150000000000001,0.9212253196164966,0.9140764502808452,0.02382955641951412
immediate_advantage_dqn,811,63,107.86982175707817,118.70299560007189,36.849086463451385,71.02073480188847,1.662140280008316,21114.977695465088,0.0,31.0,0.0,0.0,0.7104761904761905,0.6773573905229568,0.6707234662026167,0.0221130910795182
immediate_advantage_dqn,811,64,126.15801851451397,119.51483553629846,42.825350761413574,83.33266687393188,1.76965821813792,24488.43673324585,0.0,35.0,0.0,0.0,0.7059523809523809,0.6158190527930856,0.6084958724677563,0.024410611134953797
immediate_advantage_dqn,811,65,83.2081683948636,116.57524003988856,30.354414708912373,52.8537540435791,1.5670380992814898,17982.467266082764,0.0,23.0,0.0,1.0,0.7014285714285715,0.7034978736191988,0.6975220628082752,0.019919376412872225
immediate_advantage_dqn,811,66,140.909263276631,117.89770996395973,41.83275133371353,99.07651212173143,1.9281421098858118,25197.9317817688,0.0,36.0,9.0,1.0,0.6969047619047619,0.6144296554848552,0.609062640927732,0.017890046874526888
immediate_advantage_dqn,811,67,117.1390333783059,118.45727863507909,38.473918840289116,78.66511474663304,1.8084469009190798,23203.004707336426,0.0,33.0,1.0,0.0,0.6923809523809523,0.7939618285745382,0.78591712936759,0.026815687539055943
immediate_advantage_dqn,811,68,130.79689091912195,120.18459562431778,40.834910579025745,89.96198051891014,1.801946459338069,23337.929920196533,0.0,36.0,14.0,2.0,0.687857142857143,0.60696155205369,0.6005134209990501,0.02149373956490308
immediate_advantage_dqn,811,69,125.7571970794101,120.50476981059168,42.80881625413895,82.94838072096303,1.8642599247395992,25598.89256286621,0.0,33.0,10.0,2.0,0.6833333333333333,0.705872654914856,0.6987155564129353,0.023856961517594755
immediate_advantage_dqn,811,70,95.25336215049029,119.42732326455867,34.41288224607706,60.840480306744574,1.6149077853187919,20062.914363861084,0.0,26.0,0.0,1.0,0.6788095238095238,1.0197574868798256,1.0118627473711967,0.02631577930878848
immediate_advantage_dqn,811,71,110.64685017764569,119.57158331372298,40.42809836566448,70.21875160336495,1.7862458806484938,23582.708377838135,0.0,30.0,0.0,1.0,0.6742857142857144,0.8020383790135384,0.7947446741163731,0.02431233669631183
immediate_advantage_dqn,811,72,125.45382994413376,120.45727196991898,43.3189534842968,82.13487727940083,1.8212102456018329,24782.78363418579,0.0,35.0,0.0,0.0,0.6697619047619048,0.7003433089703321,0.692476992495358,0.026221033942420036
immediate_advantage_dqn,811,73,130.86881187921358,120.7726092644878,37.62406823039055,93.24474344020678,1.8435859298333526,23044.335521697998,0.0,31.0,14.0,3.0,0.6652380952380952,0.6700461842119694,0.6650432022288442,0.01667660742532462
immediate_advantage_dqn,811,74,132.7467403203249,119.49710438164655,41.81479759514332,90.93194175660611,1.843017934821546,23955.44637298584,0.0,38.0,0.0,2.0,0.6607142857142857,0.7030073534697294,0.6948386281728745,0.027229077299125493
immediate_advantage_dqn,811,75,101.38005578517914,118.93067220735136,35.46331054717302,65.91674494743347,1.7157967081293464,21133.519104003906,0.0,28.0,0.0,0.0,0.6561904761904762,0.6223791232332587,0.6157574551180005,0.022072198567911983
immediate_advantage_dqn,811,76,92.92682851850986,118.14688914070607,34.10437074303627,58.82245844602585,1.6162096932530403,19437.341423034668,0.0,27.0,0.0,0.0,0.6516666666666667,0.6437029875814915,0.6353233465924859,0.027932128286920488
immediate_advantage_dqn,811,77,107.77489794194699,117.72264035413745,36.49247898161411,71.28241882622243,1.674435406923294,21080.058181762695,0.0,32.0,0.0,1.0,0.6471428571428571,0.8268409110605717,0.8173832185566425,0.03152563038747758
immediate_advantage_dqn,811,78,87.99584676325321,115.1102613405834,33.63889719545841,54.35694985091686,1.570420236326754,19536.555965423584,0.0,26.0,0.0,0.0,0.6426190476190476,1.0308221727609634,1.0254978239536285,0.01774783682776615
immediate_advantage_dqn,811,79,109.67259734869003,114.62116981037636,36.7455353140831,72.92706173658371,1.6651510754600167,21245.381031036377,0.0,31.0,0.0,1.0,0.6380952380952382,0.9251444023102522,0.9164204448461533,0.02907987218350172
immediate_advantage_dqn,811,80,107.93812409043312,114.58248241015454,38.85244472324848,69.08567917346954,1.6943481490015984,22164.1969871521,0.0,30.0,0.0,0.0,0.6335714285714286,0.7070077657699585,0.6994059458374977,0.0253393966704607
immediate_advantage_dqn,811,81,143.79476157606334,115.61927604915908,39.37942253053188,104.41533913493845,1.9209487503394485,24524.01351928711,0.0,36.0,13.0,1.0,0.6290476190476191,0.9096053838729858,0.9010958895087242,0.028364967554807663
immediate_advantage_dqn,811,82,110.42956468164921,114.43603322487289,39.41738632321358,71.0121786415577,1.712116007693112,22361.71534729004,0.0,31.0,0.0,3.0,0.6245238095238095,0.6039770012721419,0.5979402745142579,0.020122408983297646
immediate_advantage_dqn,811,83,104.92336924672126,114.28871059935504,35.757511496543884,69.165857437253,1.7124055242165923,20759.662242889404,0.0,31.0,0.0,2.0,0.62,0.795838869176805,0.7859364012256265,0.033008204540237784
immediate_advantage_dqn,811,84,109.83980728685856,113.47280003797228,36.577485486865044,73.26232133805752,1.734125996939838,21328.397804260254,0.0,31.0,0.0,0.0,0.6154761904761905,0.8113110922276974,0.8017845191061497,0.03175524284597486
immediate_advantage_dqn,811,85,103.12288849055767,114.46853604275698,35.678265914320946,67.4446224719286,1.72359408903867,21083.84907913208,0.0,29.0,0.0,0.0,0.6109523809523809,0.7695122975856066,0.7621399955824018,0.02457435568794608
immediate_advantage_dqn,811,86,130.7315952062607,113.95965263923847,43.94215779006481,86.78943747580051,1.8113620020449162,24858.345516204834,0.0,38.0,0.0,3.0,0.6064285714285714,1.2320783399045467,1.228040762245655,0.013458570698276162
immediate_advantage_dqn,811,87,92.4174628585577,112.72357411325106,30.97400665283203,61.443456444144246,1.590394251048565,17704.79343032837,0.0,27.0,0.0,2.0,0.6019047619047619,0.7780219987034798,0.7685264889150858,0.0316517025930807
immediate_advantage_dqn,811,88,108.83161202967167,111.62531016877854,37.72060699760914,71.11100482344628,1.6954099917784333,21438.71644592285,0.0,30.0,0.0,1.0,0.5973809523809523,0.8195005739107728,0.8112654350697994,0.02745046664495021
immediate_advantage_dqn,811,89,106.61263539791108,110.66808208470358,34.90171159058809,71.71092387437821,1.6446896689012647,19820.57099723816,0.0,33.0,0.0,1.0,0.592857142857143,0.8183164559304714,0.8099565133452415,0.02786644932348281
immediate_advantage_dqn,811,90,86.86934790909291,110.24888137263372,29.92052972316742,56.94881815612316,1.520355180837214,17170.41446495056,0.0,27.0,0.0,2.0,0.5883333333333334,0.8613795284181833,0.8538548033684492,0.025082418811507523
immediate_advantage_dqn,811,91,123.69014366865159,110.90104604718404,40.54518096148968,83.14496322870255,1.8071591658517718,23656.668048858643,0.0,34.0,0.0,1.0,0.5838095238095238,0.8101688623428345,0.8003670163452625,0.03267285763286054
immediate_advantage_dqn,811,92,107.57351733744144,110.00703041684942,35.801139786839485,71.77237725257874,1.6339961597695947,20122.87140083313,0.0,31.0,0.0,0.0,0.5792857142857144,0.8440710455179214,0.8347183912992477,0.031175486627034843
immediate_advantage_dqn,811,93,105.28043430447579,108.72761153811253,37.417003966867924,67.86343064308167,1.665873066522181,21163.499561309814,0.0,30.0,0.0,1.0,0.5747619047619048,1.024040723219514,1.0135027896612883,0.03512646851595491
immediate_advantage_dqn,811,94,104.81532882452011,107.3310409633223,36.98161165416241,67.83371678292751,1.662759912200272,21101.005102157593,0.0,28.0,0.0,3.0,0.5702380952380952,1.1581643372774124,1.1516760289669037,0.02162766084074974
immediate_advantage_dqn,811,95,98.14114967882634,107.16909565800464,35.10087405145168,63.04027592539787,1.6408793898299336,19887.901332855225,0.0,28.0,0.0,1.0,0.5657142857142857,1.0909006875008345,1.083318319171667,0.025274583604186773
immediate_advantage_dqn,811,96,98.69240041077137,107.45737425261771,34.19195984303951,64.50044122338295,1.6461803056299686,19905.13998413086,0.0,29.0,0.0,1.0,0.5611904761904762,0.99150775000453,0.9822344891726971,0.03091083827894181
immediate_advantage_dqn,811,97,89.1793145686388,106.52759508395229,31.46408325433731,57.715231478214264,1.589312101714313,18348.25635910034,0.0,24.0,0.0,0.0,0.5566666666666666,0.8805008009076118,0.8703546952456236,0.03382035798858851
immediate_advantage_dqn,811,98,104.00181926190854,107.32789370888506,37.46414057910442,66.53767889142037,1.6256261598318815,20859.258674621582,0.0,30.0,0.0,2.0,0.5521428571428572,0.7898770533502102,0.7782290447503328,0.03882667887955904
immediate_advantage_dqn,811,99,94.3278883844614,106.56065826067363,32.51267518103123,61.81521280109882,1.6024947073310614,18702.769109725952,0.0,29.0,0.0,0.0,0.5476190476190477,0.942396579310298,0.9362157378345728,0.02060278272256255
immediate_advantage_dqn,811,100,100.09886166453362,106.16869513937866,33.66175530850887,66.437107026577,1.6356905866414309,19517.785484313965,0.0,29.0,0.0,0.0,0.5430952380952381,0.7274507321417332,0.7174092438071966,0.03347164299339056
immediate_advantage_dqn,811,101,101.62469941526652,104.06019203133883,34.21322946250439,67.41146978139878,1.7511390671133995,20845.863731384277,0.0,29.0,0.0,1.0,0.5385714285714286,1.0599606335163116,1.0511081665754318,0.02950818359386176
immediate_advantage_dqn,811,102,119.44145974516869,104.51078678451479,36.170930951833725,83.27052937448025,1.737744982354343,21025.834434509277,0.0,35.0,0.0,0.0,0.5340476190476191,1.0988855138421059,1.091489978134632,0.02465174294775352
immediate_advantage_dqn,811,103,96.1090820685029,104.07007242560387,34.171169482171535,61.937912720441815,1.6093451688066125,19686.92359161377,0.0,27.0,0.0,2.0,0.5295238095238095,0.7591039407998323,0.7492145746946335,0.03296454960945994
immediate_advantage_dqn,811,104,97.25680930912495,103.44092252671719,34.548476830124855,62.708332255482674,1.6486065909266472,20138.072971343994,0.0,28.0,0.0,0.0,0.525,1.0915487669408321,1.08116115629673,0.03462538227904588
immediate_advantage_dqn,811,105,133.54412165284157,104.96198418483137,43.04961960017681,90.49450160562992,1.8829805767163634,24942.875102996826,0.0,39.0,0.0,1.0,0.5204761904761905,1.0158193558454514,1.006023358553648,0.03265329962596297
immediate_advantage_dqn,811,106,107.48396991491317,103.79960292026401,36.026534862816334,71.45743458271026,1.697583343833685,20571.499954223633,0.0,31.0,0.0,2.0,0.5159523809523809,0.7794968895614147,0.7711376585066319,0.027864102623425424
immediate_advantage_dqn,811,107,99.8835620880127,104.17290788173675,33.58666568994522,66.29689651727676,1.6243403451517224,19408.599983215332,0.0,29.0,0.0,0.0,0.5114285714285716,0.8066382957622409,0.7952074147760868,0.0381029334384948
immediate_advantage_dqn,811,108,109.66976782679558,104.21481567159294,35.49123975634575,74.17852854728699,1.7146017346531153,21079.133682250977,0.0,32.0,0.0,1.0,0.506904761904762,1.0054827630519867,0.9972181469202042,0.02754873502999544
immediate_advantage_dqn,811,109,98.3018468618393,103.79927624478937,32.46529995650053,65.83654695749283,1.6679182182997465,19247.124320983887,0.0,27.0,0.0,0.0,0.5023809523809524,1.20318304002285,1.1922232583165169,0.03653261507861316
immediate_advantage_dqn,811,110,132.20689463412762,106.0661535810411,41.66648417711258,90.54041078484059,1.86235592328012,23881.646404266357,0.0,38.0,1.0,0.0,0.4978571428571429,0.9425699487328529,0.9332638271152973,0.03102041396778077
immediate_advantage_dqn,811,111,102.17429790645838,104.99036129293145,33.80455981940031,68.3697385340929,1.6494416343048215,19666.581521987915,0.0,30.0,0.0,1.0,0.4933333333333334,0.9594051130115986,0.9520336166024208,0.024571647169068456
immediate_advantage_dqn,811,112,114.23732355237007,105.32355160367788,41.17586097121239,73.06146281957626,1.794486335478723,24028.101570129395,0.0,32.0,0.0,1.0,0.4888095238095238,0.9552017655223608,0.9407126009464264,0.04829716880340129
immediate_advantage_dqn,811,113,107.68631215691566,105.44384549629986,36.95897810161114,70.72733463644981,1.7222802927717566,21598.718029022217,0.0,31.0,0.0,2.0,0.4842857142857143,1.0575632527470589,1.0477573461830616,0.03268636716529727
immediate_advantage_dqn,811,114,123.00298644602299,106.35322837737499,39.55715827643871,83.44582760334015,1.7963833771646023,23202.383338928223,0.0,34.0,0.0,1.0,0.4797619047619047,0.8743028528988361,0.8628251291811466,0.038259087363258004
immediate_advantage_dqn,811,115,82.59671619981528,105.57600670342444,30.775412626564503,51.82130339443684,1.5053299386054277,17035.266960144043,0.0,23.0,0.0,3.0,0.47523809523809524,1.2147761955857277,1.2060031741857529,0.02924344129860401
immediate_advantage_dqn,811,116,104.61836847662926,105.87230510671733,34.30139374732971,70.31697481870651,1.6289360616356134,19250.37794494629,0.0,31.0,0.0,1.0,0.47071428571428575,0.6986116301268339,0.6871741451323032,0.03812495246529579
immediate_advantage_dqn,811,117,122.16631766557694,107.52165526156425,35.9477453827858,86.21857205927373,1.7556497287005186,21461.573516845703,0.0,36.0,0.0,2.0,0.46619047619047627,1.3510633669793606,1.3445557672530413,0.021692057605832815
immediate_advantage_dqn,811,118,120.86978475153447,108.36505353604556,39.773706912994385,81.09607795774937,1.8006907757371664,22675.19141769409,0.0,34.0,0.0,1.0,0.46166666666666667,0.8685912098735571,0.8587383702397346,0.03284278337378055
immediate_advantage_dqn,811,119,88.704475158453,108.08388287474513,32.836561657488346,55.86791315078735,1.570813663303852,18541.684268951416,0.0,25.0,0.0,1.0,0.4571428571428572,1.235288880765438,1.2250002808868885,0.03429541387595236
immediate_advantage_dqn,811,120,106.85668922960758,108.42177425299883,35.7087232619524,71.14796580374241,1.6876104772090912,20180.836601257324,0.0,31.0,0.0,0.0,0.4526190476190477,1.024129692465067,1.0126820299774408,0.038158907322213054
immediate_advantage_dqn,811,121,123.2787268191576,109.50447562319341,38.432093769311905,84.8466322004795,1.7730234768241644,21664.934741973877,0.0,35.0,0.0,3.0,0.4480952380952381,1.05401904694736,1.043592281639576,0.03475583344697952
immediate_advantage_dqn,811,122,87.83393121510744,107.92409919669032,30.553498424589634,57.280432254076004,1.609802445396781,18520.78657913208,0.0,25.0,0.0,0.0,0.4435714285714286,1.1758658234030008,1.163466602563858,0.041330700973048806
immediate_advantage_dqn,811,123,100.18167258054018,108.12772872229218,36.91166120022535,63.27001132071018,1.6524835992604494,20568.080127716064,0.0,27.0,0.0,0.0,0.439047619047619,0.9821178764104843,0.9720447435975075,0.03357712517026812
immediate_advantage_dqn,811,124,123.90346345305443,109.46006142948866,42.24573156237602,81.65773150324821,1.8080441495403647,23953.759927749634,0.0,35.0,0.0,0.0,0.43452380952380953,1.015306668356061,1.0060672275722027,0.03079816122772172
immediate_advantage_dqn,811,125,100.31570657491685,107.79864067559242,35.68165846914053,64.6340487241745,1.6424539275467396,20271.982765197754,0.0,28.0,0.0,1.0,0.43000000000000005,1.234058016911149,1.2285074088722467,0.018501990474760532
immediate_advantage_dqn,811,126,99.85357223451138,107.41712079157233,30.749173402786255,69.10439863801003,1.6244025584310293,17965.72448348999,0.0,31.0,0.0,1.0,0.42547619047619056,1.084939207881689,1.0695085804909468,0.05143540934659541
immediate_advantage_dqn,811,127,92.49683621525764,107.04778449793457,32.12583965063095,60.37099629640579,1.5658957306295633,18366.300422668457,0.0,28.0,0.0,0.0,0.42095238095238097,1.4538999907672405,1.4457375314086676,0.02720816619694233
immediate_advantage_dqn,811,128,132.9721504151821,108.2129036273539,37.57015909254551,95.40199163556099,1.8250862583518028,22126.02057647705,0.0,39.0,0.0,0.0,0.41642857142857137,1.1168046239763498,1.1055455021560192,0.03753040009178221
immediate_advantage_dqn,811,129,101.89235047996044,108.39242880825995,34.186909794807434,67.70544064044952,1.6334130261093378,19215.676219940186,0.0,29.0,0.0,2.0,0.4119047619047619,1.1787848956882954,1.1696139425039291,0.03056984639260918
immediate_advantage_dqn,811,130,130.7503550887108,108.31960183098913,39.582165598869324,91.16818934082985,1.821076450869441,22581.770584106445,0.0,37.0,0.0,1.0,0.4073809523809524,1.1293568294495344,1.1184203866869211,0.03645484778098762
immediate_advantage_dqn,811,131,99.31926847398282,108.17685035936536,31.45030105113983,67.86896767616273,1.6581298094242811,18672.92222213745,0.0,30.0,0.0,1.0,0.4028571428571429,1.0865622460842133,1.0782832466065884,0.027596691623330116
immediate_advantage_dqn,811,132,107.02525836229324,107.81624709986151,35.19727495312691,71.82798273861408,1.648845897987485,19704.48277282715,0.0,31.0,0.0,1.0,0.39833333333333343,1.2983872182667255,1.2858741730451584,0.04171009594574571
immediate_advantage_dqn,811,133,90.09606234133244,106.93673460908235,31.173721499741077,58.9223408639431,1.529990759678185,17374.620613098145,0.0,26.0,0.0,1.0,0.39380952380952383,1.383236050605774,1.3718128390610218,0.0380773541983217
immediate_advantage_dqn,811,134,103.20151488482952,105.94666103102267,37.49217066168785,65.70934399962425,1.7085854774340987,21352.888065338135,0.0,29.0,0.0,0.0,0.38928571428571423,0.9569508712738752,0.9442806337028742,0.04223411181010306
immediate_advantage_dqn,811,135,104.13860309123993,107.02375537559392,34.32183030247688,69.81677240133286,1.6789781590923667,20216.656135559082,0.0,30.0,0.0,1.0,0.38476190476190475,1.0729193277657032,1.0619381703436375,0.03660388779826462
immediate_advantage_dqn,811,136,95.71564888358117,106.5786193959415,35.88408491760492,59.83156437575817,1.6632870472967625,20683.834140777588,0.0,27.0,0.0,1.0,0.38023809523809526,1.1914808843284845,1.180622160434723,0.03619573684409261
immediate_advantage_dqn,811,137,108.24577637016773,105.88259233117105,36.97699101269245,71.26878575980663,1.667588109150529,20601.34859085083,0.0,31.0,0.0,0.0,0.3757142857142858,1.0855559967458248,1.0767347756773233,0.029404082102701068
immediate_advantage_dqn,811,138,98.80282206982375,104.77924419708552,31.148230604827404,67.65459134578705,1.5787044260650873,17746.381950378418,0.0,29.0,0.0,1.0,0.3711904761904763,1.209652055054903,1.197784287855029,0.03955920122098178
immediate_advantage_dqn,811,139,90.84923146814108,104.88648201256993,32.69284125417471,58.15639072060585,1.554711127653718,18423.8699760437,0.0,25.0,0.0,1.0,0.3666666666666667,1.0324821043759584,1.022166796028614,0.03438433527480811
immediate_advantage_dqn,811,140,85.08429739624262,103.79786242090168,29.620782732963562,55.46351498365402,1.5459377216175199,17289.744426727295,0.0,27.0,0.0,0.0,0.3621428571428572,1.1327488645911217,1.1245663538575172,0.027275023283436894
immediate_advantage_dqn,811,141,96.46967686712742,102.45740992330016,31.932026088237762,64.5376505702734,1.6347759421914816,18783.455989837646,0.0,29.0,0.0,0.0,0.3576190476190476,1.3332617152482271,1.3225869685411453,0.03558250539936125
immediate_advantage_dqn,811,142,115.64531449973583,103.84797908753157,37.59275710582733,78.05255749821663,1.674017608165741,20917.04651260376,0.0,33.0,0.0,1.0,0.35309523809523813,1.2094389535486698,1.1992584392428398,0.033935062936507165
immediate_advantage_dqn,811,143,102.57983782887459,103.9678873499483,34.198432847857475,68.38140447437763,1.654023271985352,19241.7525100708,0.0,29.0,0.0,1.0,0.34857142857142864,1.177216088399291,1.1650589052587748,0.040523948962800205
immediate_advantage_dqn,811,144,86.00482324510813,102.07295533955099,30.97674862295389,55.02807481586933,1.5500728860497475,18022.41831588745,0.0,25.0,0.0,0.0,0.34404761904761905,1.2384260185062885,1.2292796429246664,0.03048792021581903
immediate_advantage_dqn,811,145,120.75518630445004,103.09492932602764,38.69006395339966,82.06512250006199,1.7735410761088133,22292.982288360596,0.0,34.0,0.0,1.0,0.33952380952380956,1.2526613473892212,1.2440841868519783,0.028590532136149704
immediate_advantage_dqn,811,146,101.20186211168766,103.16234381988644,32.57364501059055,68.62821671366692,1.6824831627309322,19363.594369888306,0.0,31.0,0.0,0.0,0.3350000000000001,1.0616575554013252,1.048092009499669,0.045218495186418295
immediate_advantage_dqn,811,147,120.83103059530258,104.5790535388887,41.32300780713558,79.50802304148674,1.7818791270256042,22811.93869781494,0.0,34.0,0.0,3.0,0.3304761904761905,1.0380169916898012,1.0276412218809128,0.03458589967340231
immediate_advantage_dqn,811,148,97.38525101542473,102.79970856890081,33.00144422054291,64.38380616903305,1.6229561222717166,19034.69481277466,0.0,29.0,0.0,0.0,0.325952380952381,1.0846828408539295,1.0756349507719278,0.030159588786773384
immediate_advantage_dqn,811,149,96.33412103354931,102.52179709658026,30.94284102320671,65.3912805467844,1.6236034780740738,18205.45874786377,0.0,30.0,0.0,0.0,0.3214285714285714,1.5301381684839725,1.5205119214951992,0.03208756446838379
immediate_advantage_dqn,811,150,114.05532246828079,101.68704546555877,38.25256434082985,75.80275762081146,1.763843134045601,22097.199031829834,0.0,32.0,0.0,1.0,0.3169047619047619,1.2259677909314632,1.218315590173006,0.025507332291454077
immediate_advantage_dqn,811,151,114.68972873687744,102.4555684787035,37.88929392397404,76.80043441057205,1.7632408114150167,21861.437423706055,0.0,32.0,0.0,0.0,0.3123809523809524,0.9969918336719275,0.9862685445696115,0.03574429056607187
immediate_advantage_dqn,811,152,81.46424119323493,101.17751762025058,27.188293151557446,54.27594789266586,1.510500606149435,15635.808143615723,0.0,25.0,0.0,2.0,0.30785714285714294,1.2340307347476482,1.2240966819226742,0.03311356180347502
immediate_advantage_dqn,811,153,101.65762858986855,101.7555959326774,32.62750017642975,69.030128338933,1.5801869770511985,18208.67991256714,0.0,29.0,0.0,1.0,0.30333333333333345,1.1841780319809914,1.1763020567595959,0.026253207703121006
immediate_advantage_dqn,811,154,113.30404070019722,102.26072222344578,34.78813035786152,78.51591062545776,1.7022873247042298,19847.189975738525,0.0,33.0,0.0,0.0,0.29880952380952375,1.4470670577138662,1.4363162089139223,0.03583615575917065
immediate_advantage_dqn,811,155,87.60771712958812,101.43417792536319,33.0477149784565,54.56000259816646,1.550384341739118,17839.55676651001,0.0,26.0,0.0,2.0,0.29428571428571426,1.1856370940804482,1.1748934853821993,0.03581203240901232
immediate_advantage_dqn,811,156,95.48974374830723,101.4228826685995,34.27878841757774,61.210955464839934,1.588198073208332,18532.600618362427,0.0,26.0,0.0,1.0,0.2897619047619048,1.391417995095253,1.3839831128716469,0.0247829076834023
immediate_advantage_dqn,811,157,95.10018295943738,100.76560299806297,31.583865091204643,63.516317853331564,1.5578976711258292,17630.442386627197,0.0,27.0,0.0,1.0,0.2852380952380953,1.3334443010389805,1.3235919512808323,0.03284116298891604
immediate_advantage_dqn,811,158,113.22573516517878,101.48674865283073,35.8849333524704,77.3408016115427,1.7138347839936614,20340.512046813965,0.0,33.0,0.0,0.0,0.2807142857142858,1.0260833110660315,1.01632896438241,0.032514518359676
immediate_advantage_dqn,811,159,99.99478536248208,101.94402634754779,33.88477946817875,66.1100059837103,1.5859874077141285,18583.90470123291,0.0,29.0,0.0,1.0,0.2761904761904763,1.63361144810915,1.6228888034820557,0.03574217762798071
immediate_advantage_dqn,811,160,76.45361016094685,101.51249198578299,27.75763576477766,48.69597413539886,1.4755461532622576,15691.91329574585,0.0,22.0,0.0,1.0,0.2716666666666666,1.2052637301385403,1.19388422742486,0.03793173737358302
immediate_advantage_dqn,811,161,91.0128356590867,101.23964992538096,33.65699815005064,57.35583779215813,1.6121753109619021,18945.657510757446,0.0,25.0,0.0,1.0,0.2671428571428571,1.273432232439518,1.261230431497097,0.04067269526422024
immediate_advantage_dqn,811,162,112.9448054432869,101.1046244725585,34.74912740290165,78.19567796587944,1.679393706843257,19289.895835876465,0.0,33.0,0.0,1.0,0.26261904761904764,1.2145241908729076,1.2032856568694115,0.03746174997650087
immediate_advantage_dqn,811,163,112.40497928261757,101.59588154524566,36.529884077608585,75.87509536147118,1.727347768843174,20707.002689361572,0.0,32.0,0.0,1.0,0.25809523809523816,1.083297222852707,1.0670268349349499,0.05423463159240782
immediate_advantage_dqn,811,164,77.6296228632331,101.17712152615191,27.298975862562656,50.33064719438553,1.5074931997805834,15752.54379272461,0.0,24.0,0.0,2.0,0.25357142857142867,1.529923714697361,1.5238895043730736,0.020114022947382182
immediate_advantage_dqn,811,165,91.33550071716309,99.70613724678756,33.6501819640398,57.685318633913994,1.651851282455027,19784.17212677002,0.0,27.0,0.0,0.0,0.24904761904761907,1.3989077731966972,1.3808590825647116,0.0601622702088207
immediate_advantage_dqn,811,166,77.39614225178957,98.51585125379265,27.468172140419483,49.92797012627125,1.4870026344433427,15678.15461730957,0.0,23.0,0.0,0.0,0.2445238095238096,1.1874215677380562,1.1750755347311497,0.041153408121317625
immediate_advantage_dqn,811,167,92.24732414633036,97.08666593134404,31.99795439094305,60.2493704110384,1.6106044109910727,18240.5559425354,0.0,27.0,0.0,0.0,0.24,1.0657766032963991,1.0551658403128386,0.03536919329781085
immediate_advantage_dqn,811,168,101.19265796542167,97.27703627884388,34.32495719194412,66.86770028173923,1.6410925257951021,19110.249481201172,0.0,30.0,0.0,2.0,0.2354761904761905,1.4927985407412052,1.4794943742454052,0.04434716305695474
immediate_advantage_dqn,811,169,87.04493819177151,96.81257713675498,30.106332637369633,56.93860538303852,1.5109604327008128,16865.967067718506,0.0,26.0,0.0,0.0,0.23095238095238102,1.397254729643464,1.3873528335243464,0.03300631151068956
immediate_advantage_dqn,811,170,106.92088971287012,96.45585549898445,35.132488414645195,71.78840084373951,1.6452445155009627,19758.79519844055,0.0,31.0,0.0,1.0,0.22642857142857142,0.9978833701461554,0.9824363309890032,0.05149014154449105
immediate_advantage_dqn,811,171,113.36416146457195,96.38957713536918,35.63912135362625,77.72504021525383,1.6952065946534276,20097.837955474854,0.0,33.0,0.0,2.0,0.22190476190476194,1.3201162498444319,1.3106999844312668,0.03138753189705312
immediate_advantage_dqn,811,172,90.27495889365673,96.83011302039027,32.990433394908905,57.28452590107918,1.583702047355473,18385.118129730225,0.0,26.0,0.0,0.0,0.21738095238095245,1.232518780976534,1.2203528080135584,0.04055316327139735
immediate_advantage_dqn,811,173,88.68743747025728,96.1816034644097,29.715394511818886,58.9720429956913,1.5313253412023187,16842.284355163574,0.0,28.0,0.0,4.0,0.21285714285714286,1.5046048313379288,1.4928217474371195,0.0392769284080714
immediate_advantage_dqn,811,174,95.36497344225646,95.28465010151267,34.536750204861164,60.82822343111038,1.6270042546093464,19563.632553100586,0.0,26.0,0.0,1.0,0.20833333333333337,1.2346804030239582,1.2240703590214252,0.035366798867471516
immediate_advantage_dqn,811,175,102.73744876682758,96.04113668337465,32.62541534751654,70.11203342676163,1.5780553529039025,18288.207580566406,0.0,31.0,0.0,0.0,0.20380952380952377,1.2004780694842339,1.1857917569577694,0.04895435750950128
immediate_advantage_dqn,811,176,98.07925247550011,96.17061211973429,31.588317207992077,66.49093499183655,1.5794014846906066,17949.15382003784,0.0,29.0,0.0,1.0,0.1992857142857143,1.4200226590037346,1.410297654569149,0.03241672890726477
immediate_advantage_dqn,811,177,88.63443706929684,95.84732482522728,31.824754059314728,56.809683322906494,1.5749880848452449,18062.695823669434,0.0,25.0,0.0,0.0,0.1947619047619048,1.195831399410963,1.1778014916926622,0.06009972980245948
immediate_advantage_dqn,811,178,79.00225906074047,94.13615102000536,29.307245813310146,49.69501315057278,1.49980878084898,16303.843658447266,0.0,24.0,0.0,0.0,0.19023809523809532,1.0962621122598648,1.085225822404027,0.03678761248011142
immediate_advantage_dqn,811,179,90.88911786973476,93.68086764536798,31.565615564584732,59.32350157499313,1.5509646013379097,17568.435035705566,0.0,26.0,0.0,2.0,0.18571428571428583,1.302260134369135,1.292260818183422,0.033331013983115554
immediate_advantage_dqn,811,180,119.24938579797745,95.82065642721952,38.34026277065277,80.90912308692933,1.7593025788664818,21774.161895751953,0.0,34.0,0.0,1.0,0.18119047619047624,1.4512592554092407,1.438897106796503,0.041207194328308105
immediate_advantage_dqn,811,181,72.70815563201904,94.90542242586613,26.54754838347435,46.16060771048069,1.4308074032887816,15026.304214477539,0.0,22.0,0.0,0.0,0.17666666666666664,1.313625829294324,1.3018943052738905,0.03910502139478922
immediate_advantage_dqn,811,182,95.75590475797654,94.04597739160062,31.280298180878162,64.47560676336289,1.6137360790744424,18200.120265960693,0.0,29.0,0.0,2.0,0.17214285714285715,1.0481969639658928,1.035151632502675,0.0434844532283023
immediate_advantage_dqn,811,183,85.09313321858644,92.68038508839906,31.6228631362319,53.47026935219765,1.5490318294614553,17562.862335205078,0.0,24.0,0.0,0.0,0.16761904761904767,1.4421319495886564,1.4303897805511951,0.03914057952351868
immediate_advantage_dqn,811,184,94.30016039311886,93.51391196489335,31.501960270106792,62.79820030927658,1.581690875813365,18120.60097503662,0.0,28.0,0.0,0.0,0.16309523809523818,1.0557501763105392,1.0471653826534748,0.02861595863942057
immediate_advantage_dqn,811,185,77.3921332359314,92.81674359083176,28.614727690815926,48.77740599215031,1.5096185775473714,16056.153915405273,0.0,24.0,0.0,1.0,0.1585714285714287,1.1301114652305841,1.1178702916949987,0.04080390743911266
immediate_advantage_dqn,811,186,118.12723360955715,94.85329815872015,35.80708768963814,82.32014527916908,1.7011592565104365,20368.48509979248,0.0,35.0,0.0,1.0,0.1540476190476191,1.3615405056625605,1.348698202520609,0.042807673336938024
immediate_advantage_dqn,811,187,77.35380577296019,94.10862224005163,28.326975539326668,49.02683003246784,1.5054146917536855,16043.33991241455,0.0,23.0,0.0,0.0,0.1495238095238095,1.2990449033677578,1.2891958206892014,0.03283024742268026
immediate_advantage_dqn,811,188,91.49148261547089,93.62356347255408,31.256157748401165,60.23532551527023,1.5724232848733664,17630.919815063477,0.0,26.0,0.0,0.0,0.14500000000000002,1.5368579737842083,1.5236410479992628,0.04405641055200249
immediate_advantage_dqn,811,189,85.4232452750206,93.54247882671655,30.490574285387993,54.93267076611519,1.5383861558511853,17007.124572753906,0.0,26.0,0.0,1.0,0.14047619047619053,1.2243600767105818,1.2124087661504745,0.03983768098987639
immediate_advantage_dqn,811,190,114.66421593725681,93.92964513793588,36.65818113088608,78.0060350894928,1.7614810848608613,20837.32558441162,0.0,32.0,0.0,0.0,0.13595238095238105,1.535456893965602,1.5238090939819813,0.03882602043449879
immediate_advantage_dqn,811,191,83.14466328918934,92.41867022916675,29.07160683721304,54.07305659353733,1.4965527886524796,15956.917461395264,0.0,25.0,0.0,3.0,0.13142857142857145,1.2604340836405754,1.2522572539746761,0.02725609519984573
immediate_advantage_dqn,811,192,86.22949306070805,92.21639693751932,31.927606284618378,54.30188671648502,1.5950139556080103,18175.063482284546,0.0,25.0,0.0,2.0,0.12690476190476196,1.3267431054264307,1.3153171855956316,0.03808636055327952
immediate_advantage_dqn,811,193,119.73552040159703,93.76880108408632,38.470887288451195,81.26463436484337,1.814300780184567,22359.38721847534,0.0,33.0,0.0,1.0,0.12238095238095237,1.3299454376101494,1.315885430201888,0.04686669306829572
immediate_advantage_dqn,811,194,99.23989203870296,93.96254701390863,32.09508301317692,67.1448091596365,1.6067549921572208,17987.93346595764,0.0,30.0,0.0,2.0,0.11785714285714288,1.5358496885746717,1.5227203406393528,0.04376448644325137
immediate_advantage_dqn,811,195,90.34915575087071,93.3431323631108,31.831625431776047,58.517530244588855,1.5432769861072302,17429.465202331543,0.0,26.0,0.0,4.0,0.1133333333333334,1.379128783941269,1.3700455911457539,0.030277301790192723
immediate_advantage_dqn,811,196,90.2897602468729,92.95365775167943,31.61969330906868,58.6700673699379,1.555501944385469,17347.984580993652,0.0,27.0,0.0,0.0,0.1088095238095238,1.370614431798458,1.3599925749003887,0.03540615376550704
immediate_advantage_dqn,811,197,90.5773905068636,93.05080542355776,33.23221190273762,57.34517860412598,1.5840538013726473,18499.7051486969,0.0,26.0,0.0,1.0,0.10428571428571431,1.439105236902833,1.4280451834201813,0.03686684346757829
immediate_advantage_dqn,811,198,73.54896979928017,92.77814096048475,27.687920674681664,45.86104921400547,1.4354680078104138,15279.407192230225,0.0,23.0,0.0,1.0,0.09976190476190483,1.4313167426735163,1.4216430895030499,0.03224546567071229
immediate_advantage_dqn,811,199,93.19890534132719,92.89363033406437,33.69446437805891,59.50444030761719,1.5863140197470784,18606.896461486816,0.0,26.0,0.0,1.0,0.09523809523809534,1.321376184001565,1.3080452997237444,0.044436290860176086
immediate_advantage_dqn,811,200,85.3675973057747,91.19954090945424,30.323340073227882,55.04425739645958,1.5769604966044426,17249.38083267212,0.0,26.0,0.0,1.0,0.09071428571428575,1.5498882066458464,1.5387609358876944,0.03709096263628453
immediate_advantage_dqn,811,201,75.44967490583659,91.33661687314512,28.71872717887163,46.73094711601734,1.475018852390349,15759.417833328247,0.0,21.0,0.0,1.0,0.08619047619047626,1.3800002355128527,1.3709971103817225,0.030010381364263594
immediate_advantage_dqn,811,202,79.21128267794847,90.5093857691437,28.967756375670433,50.24352639913559,1.4939806014299393,16057.17953491211,0.0,24.0,0.0,1.0,0.08166666666666667,1.3304526917636395,1.3206700403243303,0.032608828507363796
immediate_advantage_dqn,811,203,89.0890104174614,90.70917962908746,29.712403759360313,59.376606434583664,1.5234414916485548,16671.41178894043,0.0,27.0,0.0,1.0,0.07714285714285718,1.45477881655097,1.4482581969350576,0.021735374408308417
immediate_advantage_dqn,811,204,92.35463705062867,90.61190346196295,30.75755275040865,61.59708432257175,1.5899063097313046,17714.19640159607,0.0,28.0,0.0,1.0,0.0726190476190477,1.042911583557725,1.0279828328639269,0.049762462731450796
immediate_advantage_dqn,811,205,111.89134880900383,92.33686424061656,32.74352751672268,79.14782154560089,1.647280104458332,18198.44214630127,0.0,34.0,0.0,0.0,0.06809523809523821,1.5688955001533031,1.556689377874136,0.04068704752717167
immediate_advantage_dqn,811,206,74.69768447428942,90.16538678385318,27.974663846194744,46.723020523786545,1.454542588442564,14997.15735244751,0.0,23.0,0.0,0.0,0.06357142857142861,1.2624966781586409,1.2506217937916517,0.03958295634947717
immediate_advantage_dqn,811,207,94.1946887165308,91.00743093103172,30.79161360114813,63.403075301647185,1.5248146867379546,16818.328853607178,0.0,29.0,0.0,1.0,0.059047619047619015,1.3534426633268595,1.3403868172317743,0.043519487138837576
immediate_advantage_dqn,811,208,64.46328300237656,89.656020950377,25.360870257019997,39.10241271555424,1.3915700083598495,13748.214256286621,0.0,19.0,0.0,0.0,0.05452380952380953,1.1674421112984419,1.156481608748436,0.03653502673842013
immediate_advantage_dqn,811,209,83.52245841920376,89.56098160758616,32.441968604922295,51.08049023151398,1.5823721140623093,17749.89903640747,0.0,22.0,0.0,0.0,0.050000000000000044,1.5600869879126549,1.5481451619416475,0.039806011132895947
immediate_advantage_dqn,811,210,76.68963798433542,87.66225270994008,28.07435228675604,48.61528578698635,1.4644327769055963,15445.173343658447,0.0,22.0,0.0,2.0,0.050000000000000044,1.3728370908647776,1.3626673873513937,0.03389902866911143
immediate_advantage_dqn,811,211,69.39592688679696,86.97481588982046,25.20147506892681,44.19445192217827,1.443200913257897,14516.584503173828,0.0,23.0,0.0,1.0,0.050000000000000044,1.5648486744612455,1.5564917754381895,0.027856337022967637
immediate_advantage_dqn,811,212,87.27344284206629,87.02701337888837,30.05404192954302,57.219401091337204,1.5462251845747232,17046.3809967041,0.0,25.0,0.0,0.0,0.050000000000000044,1.7529902420938015,1.740089986473322,0.04300078470259905
immediate_advantage_dqn,811,213,85.43995721638203,85.31223521962762,28.439908877015114,57.00004827976227,1.5318913348019123,16127.575462341309,0.0,26.0,0.0,1.0,0.050000000000000044,1.2314614616334438,1.2239570654928684,0.025014668004587293
immediate_advantage_dqn,811,214,86.8686248511076,84.69367186024786,27.767122991383076,59.101501420140266,1.5214694207534194,16065.8325881958,0.0,28.0,0.0,0.0,0.050000000000000044,1.5882320497184992,1.57749667391181,0.03578460158314556
immediate_advantage_dqn,811,215,101.94028596580029,85.27322837099433,31.937647476792336,70.00263851881027,1.608095858246088,17920.959133148193,0.0,30.0,0.0,0.0,0.050000000000000044,1.36730888299644,1.3550890795886517,0.040732679422944784
immediate_advantage_dqn,811,216,92.26304788887501,85.37189275309444,31.729977145791054,60.53307066857815,1.5722127808257937,17628.8436126709,0.0,27.0,0.0,1.0,0.050000000000000044,1.1662043686956167,1.1555898264050484,0.035381838446483016
immediate_advantage_dqn,811,217,82.88773327320814,84.98740989141166,27.818151108920574,55.06958194077015,1.485182293690741,15748.030815124512,0.0,26.0,0.0,1.0,0.050000000000000044,1.539683897048235,1.527689266949892,0.03998210304416716
immediate_advantage_dqn,811,218,76.94069822877645,85.15699631288648,29.48997739702463,47.450720712542534,1.5257570622488856,16708.22664642334,0.0,23.0,0.0,0.0,0.050000000000000044,1.4363192673772573,1.4210713990032673,0.050826242193579674
immediate_advantage_dqn,811,219,85.61106821894646,84.77760445676743,30.797583252191544,54.81348520517349,1.5500241005793214,16970.587997436523,0.0,25.0,0.0,0.0,0.050000000000000044,1.5717219151556492,1.5639043897390366,0.02605839737225324
immediate_advantage_dqn,811,220,88.02307287603617,84.91037823528052,31.483488000929356,56.53958484530449,1.5554858045652509,17252.40235519409,0.0,25.0,0.0,0.0,0.050000000000000044,1.7726047858595848,1.7616092693060637,0.036651700153015554
immediate_advantage_dqn,811,221,94.6830918878317,85.87204908438028,32.64937596023083,62.03371546566486,1.601485793478787,18232.241802215576,0.0,28.0,0.0,2.0,0.050000000000000044,1.561647793278098,1.5524401161819696,0.030692261294461787
immediate_advantage_dqn,811,222,83.16458029448987,86.06971396520734,30.35654953122139,52.808030942082404,1.5249563409015536,17063.74146270752,0.0,24.0,0.0,1.0,0.050000000000000044,1.6236338075250387,1.6084485668689013,0.050617409753613174
immediate_advantage_dqn,811,223,113.47766378521919,87.28914663359524,36.09496310353279,77.38270083069801,1.7254299269989133,20558.609676361084,0.0,33.0,0.0,0.0,0.050000000000000044,1.4547027871012688,1.4423943608999252,0.04102805641014129
immediate_advantage_dqn,811,224,74.32538818567991,86.3876841903478,26.28892282396555,48.036465138196945,1.4480094136670232,14680.9690284729,0.0,23.0,0.0,0.0,0.050000000000000044,1.3638071976602077,1.3533196933567524,0.03495838609524071
immediate_advantage_dqn,811,225,77.25796601325274,84.65601505056024,26.518757723271847,50.73920842409134,1.4753207936882973,15046.491701126099,0.0,24.0,0.0,1.0,0.050000000000000044,1.4527302347123623,1.4427087903022766,0.03340482688508928
immediate_advantage_dqn,811,226,91.00357462465763,85.47130955807866,30.732453539967537,60.27112078666687,1.5801430167630315,17877.89687347412,0.0,27.0,0.0,2.0,0.050000000000000044,1.9288438223302364,1.9188001118600368,0.03347908635623753
immediate_advantage_dqn,811,227,91.07304818332196,85.31522753141822,30.555214509367943,60.51783403158188,1.5315798642113805,16901.361797332764,0.0,27.0,0.0,1.0,0.050000000000000044,1.3533654771745205,1.3441347889602184,0.03076893894467503
immediate_advantage_dqn,811,228,98.30413630008698,87.00727019630374,32.86934122443199,65.43479453921319,1.6177171245217323,18509.510974884033,0.0,29.0,0.0,1.0,0.050000000000000044,1.5373430009931326,1.5294301770627499,0.026376072084531188
immediate_advantage_dqn,811,229,83.56388250142336,87.00934140041473,26.75394267588854,56.809939914941786,1.4857887169346213,15295.787252426147,0.0,28.0,0.0,1.0,0.050000000000000044,1.472416965290904,1.461709637194872,0.035691067576408386
immediate_advantage_dqn,811,230,89.23164340853691,87.6364416716248,30.131137803196907,59.100505352020264,1.5427507748827338,16949.364391326904,0.0,26.0,0.0,0.0,0.050000000000000044,1.3294729702174664,1.316986557096243,0.041621375479735434
immediate_advantage_dqn,811,231,85.35612933337688,88.43445179395378,30.92814140766859,54.427987799048424,1.5697405626997352,17535.131519317627,0.0,26.0,0.0,1.0,0.050000000000000044,1.4787201173603535,1.4671539328992367,0.03855393151752651
immediate_advantage_dqn,811,232,73.75067039579153,87.75831317164004,26.07118234783411,47.67948764562607,1.455065693706274,14718.112712860107,0.0,23.0,0.0,0.0,0.050000000000000044,1.5946005210280418,1.5808699391782284,0.04576865443959832
immediate_advantage_dqn,811,233,99.11936432123184,88.44228352688253,32.29661902785301,66.82274547219276,1.6014531953260303,17976.81760787964,0.0,31.0,0.0,1.0,0.050000000000000044,1.7142737749963999,1.703118508681655,0.03718430863227695
immediate_advantage_dqn,811,234,97.30359435230494,88.9640320019424,31.216575257480145,66.08701926618815,1.5516383443027735,17546.697608947754,0.0,29.0,0.0,1.0,0.050000000000000044,1.748030424118042,1.7376798503100872,0.03450188972055912
immediate_advantage_dqn,811,235,85.3646181985736,88.13524861358107,29.666509591042995,55.69810909926891,1.5277780164033175,16631.979076385498,0.0,26.0,0.0,1.0,0.050000000000000044,1.8214523568749428,1.8116372674703598,0.032716955174691975
immediate_advantage_dqn,811,236,76.43411242961884,87.34380184061827,27.506575241684914,48.92753717303276,1.44277198985219,15194.242637634277,0.0,23.0,0.0,0.0,0.050000000000000044,1.7007661238312721,1.6892585456371307,0.03835862793494016
immediate_advantage_dqn,811,237,95.55213308483363,87.97702183119955,31.6298269033432,63.92230608463287,1.5898952223360538,17627.057949066162,0.0,29.0,0.0,1.0,0.050000000000000044,1.2658365853130817,1.250768732279539,0.05022618034854531
immediate_advantage_dqn,811,238,70.44474609196186,87.6522242243588,26.868147872388363,43.576598063111305,1.4589600525796413,15063.350852966309,0.0,21.0,0.0,0.0,0.050000000000000044,1.8774342015385628,1.8657986111938953,0.03878530894871801
immediate_advantage_dqn,811,239,109.3031433314085,88.8368279799819,33.147735208272934,76.15540874898434,1.6904045706614852,19070.875633239746,0.0,32.0,0.0,1.0,0.050000000000000044,1.5138820875436068,1.5054326988756657,0.02816461119800806
immediate_advantage_dqn,811,240,67.4719680711627,87.80927273973825,26.46813764423132,41.00383042693138,1.4302757270634174,14406.916934967041,0.0,21.0,0.0,2.0,0.050000000000000044,1.5672881994396448,1.5523327812552452,0.049851363291963935
immediate_advantage_dqn,811,241,72.04527513086796,86.67738190189006,27.72024404257536,44.32503122985363,1.4679692210629582,15177.125522613525,0.0,21.0,0.0,1.0,0.050000000000000044,1.2049696240574121,1.1948162820190191,0.03384448157157749
immediate_advantage_dqn,811,242,95.60862819850445,87.29958429709077,33.40044525265694,62.208182632923126,1.6311457343399525,18978.98024368286,0.0,29.0,0.0,0.0,0.050000000000000044,1.5636196564882994,1.5479530412703753,0.052221994614228606
immediate_advantage_dqn,811,243,68.17261511087418,85.03433186337352,25.610281571745872,42.56233364343643,1.4597839443013072,14890.351276397705,0.0,19.0,0.0,1.0,0.050000000000000044,1.6097610257565975,1.601535527035594,0.027418302721343935
immediate_advantage_dqn,811,244,93.62349484264851,85.99923719622196,34.58605755865574,59.03743744790554,1.6174463974311948,19193.730144500732,0.0,27.0,0.0,1.0,0.050000000000000044,1.431186942383647,1.4192799627780914,0.03968988521955907
immediate_advantage_dqn,811,245,80.35009529590607,86.15384366035462,28.440324887633324,51.90977085530758,1.4938152357935905,16147.36326789856,0.0,25.0,0.0,1.0,0.050000000000000044,1.6854321155697107,1.6773665621876717,0.02688515093177557
immediate_advantage_dqn,811,246,92.14460194259883,86.21089502625168,32.41604623943567,59.728555077314375,1.5812312820926309,18015.329830169678,0.0,26.0,0.0,2.0,0.050000000000000044,1.6481534391641617,1.633316084742546,0.04945776774547994
immediate_advantage_dqn,811,247,78.16285580396652,85.56538540728391,27.000972777605057,51.16188280284405,1.440830433741212,14546.996013641357,0.0,24.0,0.0,0.0,0.050000000000000044,1.4829103462398052,1.4709769878536463,0.039777826284989715
immediate_advantage_dqn,811,248,93.91073444485664,85.3457153145224,34.497383922338486,59.41335064172745,1.61541941575706,19356.826900482178,0.0,27.0,0.0,2.0,0.050000000000000044,1.835673376917839,1.824716154485941,0.036524076480418444
immediate_advantage_dqn,811,249,82.97398079931736,85.3162202294171,28.467807427048683,54.50617343187332,1.477524827234447,15608.834865570068,0.0,24.0,0.0,1.0,0.050000000000000044,1.4834657609462738,1.466006837785244,0.05819641088601202
immediate_advantage_dqn,811,250,81.2097038924694,84.9151232536137,28.46444784849882,52.74525682628155,1.5149309365078807,16582.342124938965,0.0,25.0,0.0,0.0,0.050000000000000044,1.7157546263188124,1.706270657479763,0.03161324677057564
immediate_advantage_dqn,811,251,80.04278090596199,84.64945583224296,28.123979434370995,51.91880178451538,1.4441697262227535,15059.766162872314,0.0,24.0,0.0,1.0,0.050000000000000044,1.50552561506629,1.4953709580004215,0.033848885796032846
immediate_advantage_dqn,811,252,92.06772581636906,85.56530860327184,30.04188770055771,62.0258377879858,1.5067657949402928,16730.38156890869,0.0,29.0,0.0,2.0,0.050000000000000044,1.3278074897825718,1.3175945989787579,0.0340430251089856
immediate_advantage_dqn,811,253,72.33836964666844,84.22625886954367,27.641421154141426,44.69694840312004,1.4614071249961853,15531.171012878418,0.0,21.0,0.0,1.0,0.050000000000000044,1.3980983644723892,1.3867693692445755,0.037763373693451285
immediate_advantage_dqn,811,254,77.44348020106554,83.23325316198171,28.06302436441183,49.38045585155487,1.4714190466329455,15849.338146209717,0.0,23.0,0.0,0.0,0.050000000000000044,1.0645145419985056,1.0506672076880932,0.0461577590322122
immediate_advantage_dqn,811,255,112.2193574309349,84.57599012359978,36.25191707164049,75.9674401730299,1.6966693885624409,20415.045446395874,0.0,33.0,0.0,0.0,0.050000000000000044,1.6755000054836273,1.667398326098919,0.02700558619108051
immediate_advantage_dqn,811,256,90.36902946382762,85.27273597531021,30.64140685647726,59.727622562646864,1.5609784815460443,17128.086687088013,0.0,27.0,0.0,1.0,0.050000000000000044,1.555189535021782,1.5431835502386093,0.04001993942074478
immediate_advantage_dqn,811,257,94.5216478407383,85.22121171310545,32.090109542012215,62.4315385222435,1.5788235804066062,17863.13521003723,0.0,28.0,0.0,0.0,0.050000000000000044,1.7071108110249043,1.697232834994793,0.03292660182341933
immediate_advantage_dqn,811,258,84.46575228124857,85.92226202256978,29.31440644711256,55.15134537220001,1.5119676245376468,16580.53366470337,0.0,26.0,0.0,0.0,0.050000000000000044,1.6094750948250294,1.6003938727080822,0.030270720599219203
immediate_advantage_dqn,811,259,93.44877945780755,85.12954382888974,31.500372119247913,61.948407450318335,1.5585964927449822,17480.763507843018,0.0,27.0,0.0,1.0,0.050000000000000044,1.4068090692162514,1.396494397893548,0.034382173675112426
immediate_advantage_dqn,811,260,84.75119329988956,85.99350509032608,30.723654940724373,54.027537539601326,1.5483257677406073,17299.381923675537,0.0,25.0,0.0,1.0,0.050000000000000044,1.7266037426888943,1.7153442166745663,0.03753181919455528
immediate_advantage_dqn,811,261,86.39780599623919,86.71113163359465,29.242683798074722,57.155122458934784,1.487315016798675,16143.90316772461,0.0,26.0,0.0,0.0,0.050000000000000044,1.3661020379513502,1.3534322381019592,0.04223268281202763
immediate_advantage_dqn,811,262,86.44824804365635,86.25311262585224,31.674137577414513,54.77411052584648,1.5696841664612293,17843.640602111816,0.0,23.0,0.0,0.0,0.050000000000000044,1.4044930655509233,1.3931074943393469,0.03795190341770649
immediate_advantage_dqn,811,263,93.12229819595814,87.50059678010642,32.044722214341164,61.07757642865181,1.5988651048392057,18145.79390335083,0.0,28.0,0.0,2.0,0.050000000000000044,1.4180282168090343,1.4072909150272608,0.03579102084040642
immediate_advantage_dqn,811,264,88.71095546334982,87.25496981114149,31.54674131423235,57.164213716983795,1.5298344232141972,17166.45405960083,0.0,26.0,0.0,0.0,0.050000000000000044,1.8328809663653374,1.8197625800967216,0.04372802434954792
immediate_advantage_dqn,811,265,84.31855516135693,87.45339280441404,29.16935572773218,55.149199187755585,1.5253268210217357,16847.119590759277,0.0,26.0,0.0,0.0,0.050000000000000044,1.4240643493831158,1.4129582569003105,0.03702030400745571
immediate_advantage_dqn,811,266,76.62059559673071,86.67719248712062,27.2881051376462,49.33249056339264,1.4759276639670134,15384.693202972412,0.0,23.0,0.0,0.0,0.050000000000000044,1.8780703153461218,1.8679781444370747,0.0336405779235065
immediate_advantage_dqn,811,267,89.72335840910674,87.25521761737764,30.637118808925152,59.0862390935421,1.537253844551742,16929.08362197876,0.0,26.0,0.0,2.0,0.050000000000000044,1.755935251712799,1.7428143993020058,0.04373624036088586
immediate_advantage_dqn,811,268,75.46627318114042,86.33299455419183,27.626615568995476,47.83965760469437,1.4864611821249127,15747.852115631104,0.0,22.0,0.0,2.0,0.050000000000000044,1.5020285323262215,1.4882073290646076,0.04607070726342499
immediate_advantage_dqn,811,269,92.34099998474122,86.80134551346302,31.200060978531837,61.14093970656395,1.5523536456748843,17084.538009643555,0.0,28.0,0.0,1.0,0.050000000000000044,1.161455625668168,1.1491611767560244,0.04098146641626954
immediate_advantage_dqn,811,270,77.69209110736847,86.62546487420798,28.63608841598034,49.056002259254456,1.4993042573332787,16080.900732040405,0.0,22.0,0.0,0.0,0.050000000000000044,1.5691184401512146,1.5599431581795216,0.030584298307076097
immediate_advantage_dqn,811,271,90.24880666434765,87.13576616212727,29.29573653638363,60.953070455789565,1.5197013514116406,16579.260398864746,0.0,28.0,0.0,1.0,0.050000000000000044,1.111018881201744,1.0989060886204243,0.040375986834988
immediate_advantage_dqn,811,272,80.2998239338398,86.5473710680008,28.714021123945713,51.58580289185047,1.4839414758607745,15906.421787261963,0.0,24.0,0.0,1.0,0.050000000000000044,1.4646646901965141,1.4519132561981678,0.04250476253218949
immediate_advantage_dqn,811,273,79.38110865056515,86.89950801819563,28.071430638432503,51.309678280353545,1.4784958260133862,15638.3231716156,0.0,24.0,0.0,2.0,0.050000000000000044,1.6007526777684689,1.5911304913461208,0.03207390918396413
immediate_advantage_dqn,811,274,115.37962993383408,88.79631550483407,36.81863410770893,78.56099646687508,1.713743418455124,20794.54744720459,0.0,32.0,0.0,4.0,0.050000000000000044,1.3238332439213991,1.3107388261705637,0.043648020597174764
immediate_advantage_dqn,811,275,88.08416597545147,87.5895559320599,31.282483965158463,56.80168142914772,1.5330278677865863,17316.893173217773,0.0,25.0,0.0,1.0,0.050000000000000044,1.5984016172587872,1.5828196331858635,0.05193989956751466
immediate_advantage_dqn,811,276,94.53456909358502,87.79783291354777,33.589753583073616,60.944815376400946,1.6339538181200624,19022.96497154236,0.0,27.0,0.0,3.0,0.050000000000000044,1.617140693590045,1.603357357904315,0.04594450234435499
immediate_advantage_dqn,811,277,89.6851319462061,87.55600711882116,29.892589926719666,59.79254233241081,1.5617995141074061,17099.169757843018,0.0,26.0,0.0,1.0,0.050000000000000044,1.532096266746521,1.5209389068186283,0.03719120938330889
immediate_advantage_dqn,811,278,98.54930308461189,88.26018465898933,33.85261903703213,64.69668394327164,1.600918116979301,18650.71062850952,0.0,27.0,0.0,0.0,0.050000000000000044,1.739110566675663,1.7268822379410267,0.04076115624047816
immediate_advantage_dqn,811,279,79.13766674399376,87.54462902329864,29.798865348100662,49.33880150020123,1.4904769025743008,16773.602920532227,0.0,22.0,0.0,3.0,0.050000000000000044,1.8862948380410671,1.8763888627290726,0.03301993815694004
immediate_advantage_dqn,811,280,72.52747351676226,86.93344303414227,26.065952576696873,46.46152105927467,1.467727136798203,15272.42806816101,0.0,23.0,0.0,1.0,0.050000000000000044,1.319480823352933,1.3104884568601847,0.02997455990407616
immediate_advantage_dqn,811,281,82.83236559480429,86.75517101407051,30.305393241345882,52.52697226405144,1.5543402414768934,17299.45880126953,0.0,25.0,0.0,0.0,0.050000000000000044,1.3715991638600826,1.3624433260411024,0.03051938198041171
immediate_advantage_dqn,811,282,85.75254707932473,86.72038596585394,30.202231764793396,55.550315284729,1.5199454687535763,16639.16366958618,0.0,25.0,0.0,1.0,0.050000000000000044,1.7872384376823902,1.7727850023657084,0.04817807557992637
immediate_advantage_dqn,811,283,97.35596108436584,86.93206911027433,31.537303879857063,65.81865702569485,1.607384412549436,17929.56233215332,0.0,29.0,0.0,0.0,0.050000000000000044,1.757069295272231,1.747012972831726,0.033521047327667475
immediate_advantage_dqn,811,284,98.30608258396387,87.41182546630503,31.475445352494717,66.83063712716103,1.6249952046200633,18163.364002227783,0.0,30.0,0.0,1.0,0.050000000000000044,1.5833662115037441,1.570782758295536,0.04194483149331063
immediate_advantage_dqn,811,285,70.19947917163373,86.70587166681887,27.497800275683403,42.70167908966541,1.4358626613393426,15314.08385848999,0.0,20.0,0.0,1.0,0.050000000000000044,1.393186492845416,1.3803079035133123,0.042928613373078406
immediate_advantage_dqn,811,286,89.27572360634804,87.33862806729974,31.128697380423546,58.147026389837265,1.520189955830574,16839.83690261841,0.0,27.0,0.0,1.0,0.050000000000000044,1.3393646106123924,1.3284027799963951,0.036539425724186
immediate_advantage_dqn,811,287,86.55251270532608,87.1800857821107,30.62490489333868,55.92760780453682,1.5818102173507214,17776.326690673828,0.0,28.0,0.0,0.0,0.050000000000000044,1.6585080865770578,1.6476962957531214,0.03603929409291595
immediate_advantage_dqn,811,288,76.24953264892102,87.21924875549973,26.945240080356598,49.304292330145834,1.4248704155907035,14852.469114303589,0.0,23.0,0.0,1.0,0.050000000000000044,1.4902678113430738,1.4777014385908842,0.04188791709020734
immediate_advantage_dqn,811,289,86.20205567777157,86.91230154015125,30.57242575287819,55.6296301484108,1.5356086436659098,17149.108907699585,0.0,25.0,0.0,0.0,0.050000000000000044,1.6549254283308983,1.6468668654561043,0.02686181548051536
immediate_advantage_dqn,811,290,89.33300879597664,87.49434742458166,32.150062307715416,57.18294696509838,1.5663968585431576,17864.29148864746,0.0,25.0,0.0,0.0,0.050000000000000044,1.8463866729289293,1.833977848291397,0.041362757328897715
immediate_advantage_dqn,811,291,96.14242394268513,87.78902828849853,32.95367804914713,63.18874627351761,1.5839011892676353,18203.78050994873,0.0,28.0,0.0,0.0,0.050000000000000044,1.625752305611968,1.6159611195325851,0.03263732814230025
immediate_advantage_dqn,811,292,74.05103859305382,87.47658902145922,26.646589666604996,47.4044486284256,1.4325269227847457,15069.608699798584,0.0,23.0,0.0,0.0,0.050000000000000044,1.7384100332856178,1.7246816325932741,0.04576130281202495
immediate_advantage_dqn,811,293,90.59547942131758,88.03730755999683,30.030233673751354,60.56524620950222,1.5194025365635753,16843.5805644989,0.0,28.0,0.0,0.0,0.050000000000000044,1.6276355348527431,1.6135715059936047,0.0468801511451602
immediate_advantage_dqn,811,294,82.86938260495663,86.41179519355298,30.23976995050907,52.62961299717426,1.5481070522218943,17121.663257598877,0.0,25.0,0.0,0.0,0.050000000000000044,1.6081459634006023,1.5967106092721224,0.0381177767412737
immediate_advantage_dqn,811,295,66.00534568876029,85.30785417921842,26.313472740352154,39.691872948408125,1.4305210765451193,15179.76782989502,0.0,19.0,0.0,1.0,0.050000000000000044,1.6473931185901165,1.637218415737152,0.033915722742676735
immediate_advantage_dqn,811,296,72.75435583591461,84.2188435163349,27.5884530544281,45.16590281128883,1.451832028105855,15741.300155639648,0.0,22.0,0.0,2.0,0.050000000000000044,1.5486853644251823,1.5377013385295868,0.036613447475247085
immediate_advantage_dqn,811,297,95.98815248906612,84.53399454347789,32.20161388069391,63.786538645625114,1.5918962489813566,17954.33772277832,0.0,30.0,0.0,0.0,0.050000000000000044,1.6676246467977762,1.6588918007910252,0.02910940017318353
immediate_advantage_dqn,811,298,60.849846228957176,82.64902170069516,25.980303153395653,34.8695433139801,1.4091924633830786,13997.508319854736,0.0,19.0,0.0,2.0,0.050000000000000044,1.9986026249825954,1.9855863377451897,0.043387619545683265
immediate_advantage_dqn,811,299,85.70561590194703,82.97741915859282,28.274425968527794,57.43119020164013,1.4830399369820952,15847.862911224365,0.0,28.0,0.0,2.0,0.050000000000000044,1.6297245603054762,1.6171818133443594,0.041809157584793866
immediate_advantage_dqn,811,300,84.2545322418213,83.56377209484579,31.054520584642887,53.20001156032085,1.5466542355716228,17490.747179031372,0.0,25.0,0.0,3.0,0.050000000000000044,1.5374270789325237,1.5249021239578724,0.04174980358220637
immediate_advantage_dqn,811,301,81.27338394671679,83.4858230124414,29.5664524435997,51.70693183839321,1.54575680103153,17261.401189804077,0.0,23.0,0.0,2.0,0.050000000000000044,1.7024718020111322,1.6935497093945742,0.029740307945758104
immediate_advantage_dqn,811,302,64.62643605470657,82.42951746121051,26.121723234653473,38.504712611436844,1.4139196462929249,14630.169452667236,0.0,20.0,0.0,1.0,0.050000000000000044,1.404799710959196,1.3934794664382935,0.03773419535718858
immediate_advantage_dqn,811,303,82.78491006195546,81.70096491008998,29.455952152609825,53.3289578050375,1.5138244265690446,16016.064361572266,0.0,26.0,0.0,2.0,0.050000000000000044,1.5250936038792133,1.508942736312747,0.05383619130589068
immediate_advantage_dqn,811,304,86.9599374383688,81.13365765281023,31.910455070436,55.049482718110085,1.593452425673604,18273.268730163574,0.0,25.0,0.0,0.0,0.050000000000000044,1.4756366815418005,1.4654431231319904,0.033978577819652855
immediate_advantage_dqn,811,305,89.39130362272263,82.09324887536467,31.212797477841377,58.17850596606731,1.5497792894020677,17433.28005218506,0.0,26.0,0.0,2.0,0.050000000000000044,1.4852145332843065,1.4768132641911507,0.028004220221191645
immediate_advantage_dqn,811,306,89.12826415151358,82.08587590262296,31.569114454090595,57.55914980173111,1.572662870399654,17960.896017074585,0.0,27.0,0.0,0.0,0.050000000000000044,1.6302237063646317,1.61788647249341,0.041124071343801916
immediate_advantage_dqn,811,307,85.24026037156582,82.02026328593493,29.782665476202965,55.45759486556053,1.542526487261057,16826.055515289307,0.0,25.0,0.0,2.0,0.050000000000000044,1.56222209520638,1.5503694992512465,0.03950872807763517
immediate_advantage_dqn,811,308,88.06380143165589,82.61097672507168,30.622691214084625,57.44111036658287,1.5311870472505689,16942.91854286194,0.0,25.0,0.0,1.0,0.050000000000000044,1.3397101629525423,1.3275244534015656,0.04061907366849482
immediate_advantage_dqn,811,309,92.06131510436535,82.90393969640137,31.110582634806633,60.95073148608208,1.5341180181130767,17578.671144485474,0.0,27.0,0.0,0.0,0.050000000000000044,1.5346016213297844,1.5211091786623,0.04497479437850416
immediate_advantage_dqn,811,310,82.22347094416618,82.54846280381085,28.716765239834785,53.50670573413372,1.4810202196240425,15475.79845046997,0.0,23.0,0.0,2.0,0.050000000000000044,1.6762107424438,1.6639539413154125,0.04085599072277546
immediate_advantage_dqn,811,311,85.59586896896363,82.02113505512476,30.166742205619812,55.429126971960066,1.5334429973736405,17221.327335357666,0.0,25.0,0.0,1.0,0.050000000000000044,1.701828833669424,1.686247058212757,0.05193926359061152
immediate_advantage_dqn,811,312,84.90451706945896,82.56380897894502,29.791667632758617,55.11284950375557,1.5320709636434913,16957.6446685791,0.0,26.0,0.0,1.0,0.050000000000000044,1.831174548715353,1.819330371916294,0.03948059491813183
immediate_advantage_dqn,811,313,80.13193286359311,82.0406316510588,29.09597387164831,51.03595901429653,1.4870240055024624,15912.483497619629,0.0,25.0,0.0,1.0,0.050000000000000044,1.804309904575348,1.790932947769761,0.04458984360098839
immediate_advantage_dqn,811,314,89.63685635626317,82.37900533862414,31.499918162822723,58.13693816363811,1.5701283095404506,17705.061141967773,0.0,26.0,0.0,1.0,0.050000000000000044,1.8435967694967985,1.8296091612428427,0.046625390416011214
immediate_advantage_dqn,811,315,85.1224423468113,83.33486017152669,29.046626947820187,56.075815466046336,1.4680562121793628,16111.628437042236,0.0,26.0,0.0,3.0,0.050000000000000044,1.901141982525587,1.8893448486924171,0.03932373155839741
immediate_advantage_dqn,811,316,97.92979277670383,84.59363201856614,33.439973801374435,64.48981872200966,1.6041143527254462,18775.867668151855,0.0,28.0,0.0,2.0,0.050000000000000044,1.7121529057621956,1.6984242126345634,0.045762339839711785
immediate_advantage_dqn,811,317,76.69736929237843,83.62909285873175,29.336766332387924,47.36060330271721,1.507829299196601,16501.581676483154,0.0,21.0,0.0,0.0,0.050000000000000044,1.998597165569663,1.9861337672919035,0.04154463321901858
immediate_advantage_dqn,811,318,70.03474228829145,84.08833766169847,27.20791059732437,42.82683162391186,1.462804882787168,15323.755777359009,0.0,20.0,0.0,1.0,0.050000000000000044,1.532586907967925,1.5195190869271755,0.04355938988737762
immediate_advantage_dqn,811,319,78.91777348667384,83.7489455409348,27.854727745056152,51.063045078516005,1.4598216330632567,15005.022640228271,0.0,25.0,0.0,3.0,0.050000000000000044,1.6999745760113,1.6884541474282742,0.03840143559500575
immediate_advantage_dqn,811,320,62.532434433698654,82.66284065052868,24.988214999437332,37.544219732284546,1.3723776685073972,13949.349063873291,0.0,19.0,0.0,0.0,0.050000000000000044,1.5700901299715042,1.556521862745285,0.045227587572298944
immediate_advantage_dqn,811,321,85.48261401951314,82.8733021541685,29.83786714822054,55.64474659562111,1.509755803272128,17276.92786026001,0.0,26.0,0.0,1.0,0.050000000000000044,1.5972296055406332,1.5866733808070421,0.03518748073838651
immediate_advantage_dqn,811,322,76.9851403772831,83.49123737029733,28.22619354724884,48.7589468896389,1.4680310040712357,15519.308177947998,0.0,23.0,0.0,2.0,0.050000000000000044,1.9736203327775002,1.9598428290337324,0.04592493874952197
immediate_advantage_dqn,811,323,65.89020624756813,82.64650217957795,24.844161309301853,41.04604522883892,1.3550860295072198,13733.133756637573,0.0,21.0,0.0,1.0,0.050000000000000044,2.156536679714918,2.1479561626911163,0.028601750265806913
immediate_advantage_dqn,811,324,75.8071509167552,82.08886285349729,27.418600104749203,48.388551050424574,1.4709363272413611,15452.38899230957,0.0,22.0,0.0,3.0,0.050000000000000044,1.8664565049111843,1.8513277135789394,0.050429297145456076
immediate_advantage_dqn,811,325,82.09132935851812,81.72386414028706,29.791946977376938,52.29938252270222,1.5500375721603632,17240.184955596924,0.0,25.0,0.0,0.0,0.050000000000000044,1.988448515534401,1.9792968221008778,0.03050567302852869
immediate_advantage_dqn,811,326,85.99991185367108,81.56744652539493,29.720615081489086,56.27929694354534,1.5176456915214658,16552.732738494873,0.0,26.0,0.0,1.0,0.050000000000000044,1.505708085373044,1.4941272791475058,0.03860268264543265
immediate_advantage_dqn,811,327,76.75957863926888,81.14341243878008,28.211553789675236,48.54802476763725,1.459965174086392,15503.194465637207,0.0,24.0,0.0,2.0,0.050000000000000044,2.181540124118328,2.1695035621523857,0.04012190503999591
immediate_advantage_dqn,811,328,92.5642083838582,81.3684327863902,29.22108368575573,63.34312466084957,1.5366533864289522,16701.483478546143,0.0,29.0,0.0,2.0,0.050000000000000044,1.9081271532922983,1.8984238896518946,0.03234422008972615
immediate_advantage_dqn,811,329,86.95586917698384,81.11316049002113,31.256467163562775,55.69940217733383,1.5407441761344671,17120.507305145264,0.0,25.0,0.0,1.0,0.050000000000000044,1.9494302421808243,1.9362764284014702,0.043846112792380154
immediate_advantage_dqn,811,330,81.97763286828994,81.1008685862273,28.92470905929804,53.05292412936687,1.508646383881569,16536.617443084717,0.0,25.0,0.0,2.0,0.050000000000000044,1.7643907703459263,1.7539768666028976,0.034712990396656096
immediate_advantage_dqn,811,331,91.58093877136707,81.40012207634747,31.363158024847507,60.21778100728989,1.5540872626006603,17691.505115509033,0.0,26.0,0.0,0.0,0.050000000000000044,1.9406845308840275,1.925630360841751,0.05018057534471154
immediate_advantage_dqn,811,332,88.88430333137512,81.59911138944328,31.41670671105385,57.46759669482708,1.5206857789307833,17361.35598373413,0.0,27.0,0.0,2.0,0.050000000000000044,2.076164223253727,2.0654335767030716,0.03576880693435669
immediate_advantage_dqn,811,333,70.40591970086098,81.11281073130667,25.621824078261852,44.78409522771835,1.417409237474203,14624.009136199951,0.0,21.0,0.0,0.0,0.050000000000000044,1.6351712103933096,1.6204026266932487,0.04922861512750387
immediate_advantage_dqn,811,334,74.17819082289934,80.33987745463847,28.796585135161877,45.381605985760686,1.467018375173211,16217.947471618652,0.0,22.0,0.0,2.0,0.050000000000000044,1.7006748225539923,1.688534863293171,0.04046655795536935
immediate_advantage_dqn,811,335,64.47839442789555,79.3076750586927,25.53672455251217,38.9416699051857,1.4053014982491732,14491.001293182373,0.0,19.0,0.0,1.0,0.050000000000000044,1.5071804746985435,1.4957193955779076,0.038203573785722256
immediate_advantage_dqn,811,336,86.22834111750126,78.72260247573257,31.51125779002905,54.71708329021931,1.5664079813286662,17908.776123046875,0.0,27.0,0.0,3.0,0.050000000000000044,2.2860067784786224,2.2752102091908455,0.03598858485929668
immediate_advantage_dqn,811,337,103.71149890124798,80.07330895617605,33.15756980702281,70.55392873287201,1.583161173388362,18540.491033554077,0.0,30.0,0.0,2.0,0.050000000000000044,2.0831971503794193,2.070898950099945,0.04099406918976456
immediate_advantage_dqn,811,338,93.60921044796706,81.25203236415982,31.89581873267889,61.713391894102095,1.6002364261075854,18171.924514770508,0.0,27.0,0.0,1.0,0.050000000000000044,1.4217146262526512,1.411446750164032,0.03422625153325498
immediate_advantage_dqn,811,339,96.57326316833496,82.13480684824287,32.868160516023636,63.70510268211365,1.601038120687008,18345.740829467773,0.0,28.0,0.0,0.0,0.050000000000000044,1.6921046040952206,1.681657150387764,0.034824849921278656
immediate_advantage_dqn,811,340,108.3886024132371,84.42761524721979,33.62858049571514,74.76002272963524,1.6191650358960032,19089.242031097412,0.0,31.0,0.0,0.0,0.050000000000000044,1.9213361144065857,1.9054745137691498,0.05287202447652817
immediate_advantage_dqn,811,341,73.8005164116621,83.84351036682725,27.126289300620556,46.674227237701416,1.4311976954340935,14680.075366973877,0.0,25.0,0.0,0.0,0.050000000000000044,1.6413534171879292,1.6251479759812355,0.054018132854253054
immediate_advantage_dqn,811,342,90.665052318573,84.52750596389174,30.004875980317593,60.66017577946186,1.5454021384939551,17115.069442749023,0.0,28.0,0.0,1.0,0.050000000000000044,1.689886387437582,1.6764489263296127,0.044791546650230885
immediate_advantage_dqn,811,343,80.5311722010374,85.25955426156523,29.088752433657646,51.44241988658905,1.5148720759898424,16220.047752380371,0.0,25.0,0.0,1.0,0.050000000000000044,1.9654651246964931,1.9526865556836128,0.04259517299942672
immediate_advantage_dqn,811,344,81.82932485193014,85.56066295832396,30.408200286328793,51.42112449109554,1.502594793215394,16877.626331329346,0.0,24.0,0.0,3.0,0.050000000000000044,1.353956513106823,1.3423443119972944,0.03870730195194483
immediate_advantage_dqn,811,345,88.1480011433363,85.86349654756488,31.98504911363125,56.162952253222464,1.5775621887296438,17943.493839263916,0.0,28.0,0.0,1.0,0.050000000000000044,2.0558226369321346,2.04332647100091,0.041653856285847723
immediate_advantage_dqn,811,346,91.20375844836235,86.12368887729943,31.10143668949604,60.10232166945934,1.5533727137371898,17808.698755264282,0.0,28.0,0.0,0.0,0.050000000000000044,1.3324923440814018,1.3212368302047253,0.037518344121053815
immediate_advantage_dqn,811,347,87.68175633400679,86.66979776203632,31.010153025388718,56.67160294353962,1.5187116162851453,16779.66867828369,0.0,25.0,0.0,2.0,0.050000000000000044,1.8718709032982588,1.8579649180173874,0.04635323735419661
immediate_advantage_dqn,811,348,72.86475861817598,85.68482527375222,25.968505777418613,46.896252781152725,1.4394890768453479,14911.637432098389,0.0,23.0,0.0,0.0,0.050000000000000044,1.9104192797094584,1.8990940190851688,0.037750830641016364
immediate_advantage_dqn,811,349,77.57206927984953,85.2156352788955,28.15007957816124,49.421989351511,1.4889608938246965,15950.336490631104,0.0,25.0,0.0,0.0,0.050000000000000044,1.646437268704176,1.6309749409556389,0.0515410618390888
immediate_advantage_dqn,811,350,77.02888395041228,84.96819783300162,29.598976209759712,47.42990765869617,1.5191611666232347,16796.249851226807,0.0,22.0,0.0,2.0,0.050000000000000044,1.9870333578437567,1.9720262438058853,0.050023676129058
immediate_advantage_dqn,811,351,79.00018079578876,84.33915993422269,28.54177548736334,50.45840522646904,1.4700633818283677,15608.120868682861,0.0,23.0,0.0,2.0,0.050000000000000044,1.6681779362261295,1.656698253005743,0.038265622104518116
immediate_advantage_dqn,811,352,91.59782026708126,84.47483578100801,33.37541554868221,58.22240450978279,1.5768115893006325,18388.964504241943,0.0,26.0,0.0,0.0,0.050000000000000044,1.9547717012465,1.9427960962057114,0.039918725728057325
immediate_advantage_dqn,811,353,87.87846743315458,85.34846316762268,29.269015282392502,58.60945242643356,1.4836231702938676,16130.634004592896,0.0,26.0,0.0,1.0,0.050000000000000044,1.772137176245451,1.7574822455644608,0.04884982807561755
immediate_advantage_dqn,811,354,69.01459538340569,85.09028339564802,26.63713613152504,42.3774594604969,1.4128587041050196,14595.306419372559,0.0,19.0,0.0,1.0,0.050000000000000044,1.7514856364578009,1.7394018340855837,0.0402793773682788
immediate_advantage_dqn,811,355,86.72006716728211,86.20236703261733,30.617973655462265,56.102093526721,1.5520613202825189,17270.163173675537,0.0,26.0,0.0,2.0,0.050000000000000044,1.6525491140782833,1.637756509706378,0.0493085952475667
immediate_advantage_dqn,811,356,83.27703564614058,86.05480175904931,28.960322342813015,54.31671303510666,1.5251050554215908,16774.336143493652,0.0,26.0,0.0,1.0,0.050000000000000044,1.9135198444128036,1.8989929854869843,0.048422888037748635
immediate_advantage_dqn,811,357,65.17363206297159,84.12790841713549,26.004333704710007,39.1692985445261,1.4036421123892069,14955.926713943481,0.0,19.0,0.0,0.0,0.050000000000000044,1.9130140468478203,1.9008184894919395,0.04065184050705284
immediate_advantage_dqn,811,358,85.35103846341372,83.71499981790782,29.90075794607401,55.45028027892113,1.5179509706795216,16969.273811340332,0.0,25.0,0.0,2.0,0.050000000000000044,2.3110607266426086,2.2985927686095238,0.04155985510442406
immediate_advantage_dqn,811,359,76.99661163985729,82.73616724148393,27.591214820742607,49.405396461486816,1.5011776275932789,16061.725479125977,0.0,24.0,0.0,0.0,0.050000000000000044,1.9719758108258247,1.9600384309887886,0.03979129786603153
immediate_advantage_dqn,811,360,80.44117849469185,81.33879604555668,30.931416139006615,49.50976207256317,1.5308674443513155,17184.22156715393,0.0,22.0,0.0,1.0,0.050000000000000044,1.8659873511642218,1.8561514280736446,0.03278641507495195
immediate_advantage_dqn,811,361,71.17504169046879,81.20752230949701,26.86910580843687,44.3059361577034,1.4209388568997383,15130.514553070068,0.0,21.0,0.0,3.0,0.050000000000000044,2.1200809702277184,2.107625797390938,0.04151721601374447
immediate_advantage_dqn,811,362,70.53119593113661,80.20082949012519,26.58413242548704,43.94706389307976,1.4489219700917602,15137.734878540039,0.0,22.0,0.0,0.0,0.050000000000000044,1.5562355406582355,1.5455443859100342,0.035637249471619725
immediate_advantage_dqn,811,363,76.47212888449431,79.99787732429805,28.98903600126505,47.483092764019965,1.480356420390308,16019.372524261475,0.0,22.0,0.0,1.0,0.050000000000000044,1.9322898797690868,1.922281689941883,0.033360545872710645
immediate_advantage_dqn,811,364,101.06363282352686,80.95959272287787,33.30477432906628,67.75885845720768,1.5703119691461325,18568.87066268921,0.0,30.0,0.0,1.0,0.050000000000000044,1.966138768941164,1.9529968220740557,0.0438065982889384
immediate_advantage_dqn,811,365,86.09407773017884,80.85689655222,28.756905995309353,57.33717177212238,1.4590465584769845,15881.862369537354,0.0,28.0,0.0,1.0,0.050000000000000044,1.6394642777740955,1.6238300241529942,0.05211417726241052
immediate_advantage_dqn,811,366,85.31364135444164,80.56239069752397,31.849147900938988,53.464493334293365,1.5252975597977638,17452.971851348877,0.0,24.0,0.0,0.0,0.050000000000000044,1.7465419583022594,1.7295899484306574,0.05650672549381852
immediate_advantage_dqn,811,367,74.67579238116741,79.912092499882,28.047467693686485,46.628324538469315,1.4827828630805016,16141.358974456787,0.0,21.0,0.0,0.0,0.050000000000000044,1.8898321837186813,1.8825246281921864,0.024358508177101612
immediate_advantage_dqn,811,368,80.60616130381823,80.2991626341641,29.086255468428135,51.51990568637848,1.4952663406729698,16247.428024291992,0.0,24.0,0.0,0.0,0.050000000000000044,1.7203601952642202,1.7051345817744732,0.05075201205909252
immediate_advantage_dqn,811,369,97.20823572576046,81.28097095645964,33.93869159370661,63.26954364776611,1.6148152621462941,19125.042461395264,0.0,28.0,0.0,0.0,0.050000000000000044,1.599334456026554,1.5864106193184853,0.043079453986138105
immediate_advantage_dqn,811,370,88.2880115583539,81.84392733685672,31.754862561821938,56.533149003982544,1.5959826381877065,18560.960578918457,0.0,26.0,0.0,2.0,0.050000000000000044,2.0354706086218357,2.0236579291522503,0.039375664200633764
immediate_advantage_dqn,811,371,84.33271485567093,82.11055403985083,30.341532215476036,53.99118210375309,1.519266881980002,16736.004264831543,0.0,25.0,0.0,0.0,0.050000000000000044,1.9782910868525505,1.9641800317913294,0.04703685687854886
immediate_advantage_dqn,811,372,76.04614523798227,81.33297028839588,28.41531829535961,47.630826860666275,1.4464980605989695,15855.046043395996,0.0,23.0,0.0,0.0,0.050000000000000044,1.8339715879410505,1.8236562684178352,0.03438435576390475
immediate_advantage_dqn,811,373,84.90581468492746,81.18433765098453,30.184467412531376,54.72134694457054,1.509475582279265,16308.764862060547,0.0,25.0,0.0,1.0,0.050000000000000044,1.7362279668450356,1.7219278886914253,0.047666887287050486
immediate_advantage_dqn,811,374,84.26855444163084,81.94703560389578,29.0960890725255,55.17246574163437,1.5121848294511437,16777.72434616089,0.0,26.0,0.0,0.0,0.050000000000000044,1.995935257524252,1.9838213361799717,0.040379734709858894
immediate_advantage_dqn,811,375,77.11012338846922,81.46653841495512,28.953308552503586,48.15681481361389,1.503439674153924,16488.839447021484,0.0,25.0,0.0,0.0,0.050000000000000044,1.6217430122196674,1.6090705692768097,0.04224142711609602
immediate_advantage_dqn,811,376,102.48772449046373,82.42707285717128,35.04816389083862,67.43956083059311,1.6075262082740664,19723.95248413086,0.0,30.0,0.0,2.0,0.050000000000000044,1.5867663621902466,1.5728554278612137,0.046369712334126234
immediate_advantage_dqn,811,377,84.36202831566334,83.38649266980588,30.98301364481449,53.379014760255814,1.5238681519404054,17528.67712020874,0.0,25.0,0.0,0.0,0.050000000000000044,1.6826325319707394,1.6700073573738337,0.04208394535817206
immediate_advantage_dqn,811,378,93.10336966216565,83.77410922974347,32.218462593853474,60.88490710556507,1.5374941490590572,17840.8858795166,0.0,28.0,0.0,1.0,0.050000000000000044,1.8485045414417982,1.8339159525930882,0.04862865898758173
immediate_advantage_dqn,811,379,82.82263460755348,84.06541037812829,30.005746006965637,52.81688863039017,1.5186523580923676,16715.195653915405,0.0,24.0,0.0,0.0,0.050000000000000044,1.9063480645418167,1.8935803100466728,0.042559158871881664
immediate_advantage_dqn,811,380,80.50735546648502,84.06871922671795,29.75405679643154,50.75329878926277,1.5054346704855561,16644.865478515625,0.0,24.0,0.0,1.0,0.050000000000000044,1.6558220908045769,1.6440961007028818,0.03908661473542452
immediate_advantage_dqn,811,381,96.7622281908989,85.34807855173946,33.59413520991802,63.16809257864952,1.642305327579379,19016.272136688232,0.0,28.0,0.0,1.0,0.050000000000000044,1.78844403475523,1.7748443819582462,0.04533224203623831
immediate_advantage_dqn,811,382,71.97365418970585,85.42020146466791,26.69609072804451,45.277563819289206,1.4330232236534357,15318.389083862305,0.0,22.0,0.0,1.0,0.050000000000000044,1.6351153384894133,1.6198211144655943,0.050980789586901665
immediate_advantage_dqn,811,383,83.58827611207963,85.77600882604719,30.800457045435905,52.78781912624836,1.545151893980801,17775.720825195312,0.0,25.0,0.0,3.0,0.050000000000000044,1.6175935976207256,1.6079750265926123,0.03206185391172767
immediate_advantage_dqn,811,384,62.403627686202526,83.84300856918097,24.69614726305008,37.70748019218445,1.3550135809928179,13495.51675415039,0.0,21.0,0.0,0.0,0.050000000000000044,1.5952043309807777,1.5825012624263763,0.042343528708443046
immediate_advantage_dqn,811,385,98.82897090911865,84.47975322812798,32.045012176036835,66.7839587032795,1.6618690257892013,18952.98155593872,0.0,30.0,0.0,2.0,0.050000000000000044,2.0547588542103767,2.040884491056204,0.04624779603909701
immediate_advantage_dqn,811,386,85.56455746591091,84.49229903370141,29.625333562493324,55.93922399282455,1.5546114221215248,17263.331588745117,0.0,27.0,0.0,4.0,0.050000000000000044,2.0723283533006907,2.0580475367605686,0.04760267783422023
immediate_advantage_dqn,811,387,86.05553719699382,85.06128627449273,29.719850473105907,56.335686552524564,1.496513245627284,16875.453819274902,0.0,25.0,0.0,2.0,0.050000000000000044,1.5340656209737062,1.5215863920748234,0.04159739310853183
immediate_advantage_dqn,811,388,76.1250561863184,84.83723101861774,27.767976224422455,48.35708042383194,1.4346371814608574,15248.25930404663,0.0,24.0,0.0,1.0,0.050000000000000044,1.4648594595491886,1.4515267554670572,0.04444233630783856
immediate_advantage_dqn,811,389,79.30058810263873,83.94184863746166,29.00221910327673,50.298368820548056,1.4611165765672922,15760.427833557129,0.0,25.0,0.0,1.0,0.050000000000000044,1.9633739367127419,1.9505141973495483,0.04286581464111805
immediate_advantage_dqn,811,390,66.54632426202298,82.85476427264513,26.88960036635399,39.65672389566898,1.416309623979032,14532.572889328003,0.0,20.0,0.0,1.0,0.050000000000000044,2.0339921675622463,2.0205745361745358,0.0447254020255059
immediate_advantage_dqn,811,391,94.5769832611084,83.366977692917,32.880762070417404,61.696220996975896,1.5964682577177882,18662.206916809082,0.0,27.0,0.0,3.0,0.050000000000000044,1.6165646016597748,1.6026510782539845,0.04637840832583606
immediate_advantage_dqn,811,392,72.28745303303003,83.17904308266938,27.796236626803875,44.49121589958668,1.5090430956333876,16285.901012420654,0.0,22.0,0.0,2.0,0.050000000000000044,1.9965296313166618,1.9830124527215958,0.045057355309836566
immediate_advantage_dqn,811,393,84.08978690207005,83.13824169352651,30.20873637497425,53.8810503333807,1.5161403641104698,17200.275438308716,0.0,26.0,0.0,0.0,0.050000000000000044,2.31299707852304,2.298355268314481,0.04880594206042588
immediate_advantage_dqn,811,394,80.93620578497648,82.97162426069379,28.828495152294636,52.10771097540855,1.4694587532430887,16180.981616973877,0.0,24.0,0.0,2.0,0.050000000000000044,1.4578703790903091,1.4462517648935318,0.03872876719105989
immediate_advantage_dqn,811,395,81.6162319779396,83.19692969016731,29.543771237134933,52.07246118783951,1.5260385517030954,17038.41248703003,0.0,25.0,0.0,0.0,0.050000000000000044,1.7469595056027174,1.7366486936807632,0.034369309549219906
immediate_advantage_dqn,811,396,110.96277058422565,83.6206819948554,35.5072366297245,75.4555341631174,1.6643841564655304,19971.768520355225,0.0,32.0,0.0,4.0,0.050000000000000044,2.163133054971695,2.1502972096204758,0.0427861186908558
immediate_advantage_dqn,811,397,87.33596665412188,83.76937891177832,28.040477119386196,59.295489728450775,1.450417228974402,15595.166851043701,0.0,26.0,0.0,0.0,0.050000000000000044,1.9408213589340448,1.9293666034936905,0.03818246070295572
immediate_advantage_dqn,811,398,93.95943788588048,83.81218232296408,31.517637684941292,62.44179975390434,1.5904910219833255,17960.462591171265,0.0,28.0,0.0,1.0,0.050000000000000044,1.7040242813527584,1.6924362927675247,0.03862656361889094
immediate_advantage_dqn,811,399,92.28761211782694,84.28543119847774,31.997884169220924,60.2897274941206,1.5963454144075513,18098.626976013184,0.0,26.0,0.0,2.0,0.050000000000000044,1.924660187214613,1.9150218851864338,0.032127572456374764
immediate_advantage_dqn,811,400,96.15902694314718,85.06801477231086,31.613243870437145,64.5457833558321,1.624133792705834,18527.32563018799,0.0,29.0,0.0,2.0,0.050000000000000044,1.9688316024839878,1.9560637921094894,0.04255928297061473
immediate_advantage_dqn,811,401,77.24827766418457,84.09231724597514,28.010247193276882,49.238030165433884,1.4773047231137753,15771.386196136475,0.0,23.0,0.0,1.0,0.050000000000000044,2.2972043938934803,2.2836577221751213,0.04515562509186566
immediate_advantage_dqn,811,402,71.15015309453011,84.05114219121636,27.353739857673645,43.796413192152976,1.4361542081460357,14952.541927337646,0.0,21.0,0.0,1.0,0.050000000000000044,2.100822649896145,2.084331102669239,0.054971843957901
immediate_advantage_dqn,811,403,93.36681715399027,84.54006924331188,30.443136639893055,62.923680275678635,1.5546551030129194,17271.631896972656,0.0,28.0,0.0,2.0,0.050000000000000044,2.1874716989696026,2.1734432578086853,0.046761409379541874
immediate_advantage_dqn,811,404,78.2901226297021,85.33439399048686,27.805973179638386,50.48414965867996,1.4866021145135164,15859.089538574219,0.0,24.0,0.0,3.0,0.050000000000000044,1.7695337124168873,1.7561225406825542,0.044703896273858845
immediate_advantage_dqn,811,405,73.12917044013739,84.0494039670378,28.075372949242592,45.053797855973244,1.4454498188570142,15263.739059448242,0.0,23.0,0.0,0.0,0.050000000000000044,1.7381083220243454,1.7235872484743595,0.04840361140668392
immediate_advantage_dqn,811,406,78.50743964314461,83.69654807589949,27.353495687246323,51.15394368767738,1.4693445675075054,16014.75370979309,0.0,25.0,0.0,0.0,0.050000000000000044,2.1519401110708714,2.1412403434515,0.03566579835023731
immediate_advantage_dqn,811,407,58.19652350246906,82.30359739117326,25.59295005351305,32.60357363522053,1.4081907365471125,14371.248445510864,0.0,19.0,0.0,0.0,0.050000000000000044,1.835758164525032,1.8235519975423813,0.04068724252283573
immediate_advantage_dqn,811,408,69.12288752496242,81.95348895810545,26.37907862663269,42.743808570504186,1.3939763959497213,14792.21406173706,0.0,21.0,0.0,2.0,0.050000000000000044,1.7162045817822218,1.7046004477888346,0.038680435041897
immediate_advantage_dqn,811,409,66.93410208076239,81.33516465701163,24.487104937434196,42.4469970613718,1.4048940390348434,13770.539192199707,0.0,21.0,0.0,1.0,0.050000000000000044,1.9461823627352715,1.9324293807148933,0.04584333021193743
immediate_advantage_dqn,811,410,78.27178683131933,81.92143778547644,28.51922784000635,49.7525592148304,1.4701804546639323,16356.670082092285,0.0,23.0,0.0,0.0,0.050000000000000044,2.114615596830845,2.098809426650405,0.0526872759219259
immediate_advantage_dqn,811,411,80.63245942443609,81.22421159364282,28.415492340922356,52.21696722507477,1.469536661170423,16039.377807617188,0.0,25.0,0.0,2.0,0.050000000000000044,2.354188419878483,2.3432359471917152,0.03650822816416621
immediate_advantage_dqn,811,412,77.59392193853856,81.48953503891826,27.880004934966564,49.71391717493534,1.4404784133657813,15684.329662322998,0.0,24.0,0.0,2.0,0.050000000000000044,2.346811641007662,2.3325637839734554,0.047492844983935356
immediate_advantage_dqn,811,413,62.276454865932465,80.39886843711137,25.847056448459625,36.42939813435078,1.4262934625148773,15037.498680114746,0.0,20.0,0.0,1.0,0.050000000000000044,1.9732775166630745,1.96188585460186,0.037972261547110975
immediate_advantage_dqn,811,414,85.8628087580204,80.64519858576358,29.736129358410835,56.12667907178402,1.5172764072194695,17079.431129455566,0.0,25.0,0.0,1.0,0.050000000000000044,2.1598583683371544,2.14685869961977,0.043332265922799706
immediate_advantage_dqn,811,415,85.99602454900742,80.86418821431697,30.645065285265446,55.35095947980881,1.524626581929624,17024.916694641113,0.0,24.0,0.0,1.0,0.050000000000000044,1.8253344278782606,1.8119161687791348,0.04472752334550023
immediate_advantage_dqn,811,416,81.21636868417264,79.37686811931432,29.198964186012745,52.01740435659885,1.5226833866909146,16981.642839431763,0.0,25.0,0.0,1.0,0.050000000000000044,1.7168253920972347,1.7040325030684471,0.04264294542372227
immediate_advantage_dqn,811,417,66.88169335722924,78.3541544544697,26.67630246281624,40.20539108812809,1.488337779417634,15951.25496673584,0.0,22.0,0.0,2.0,0.050000000000000044,2.227756669744849,2.211896274238825,0.05286796670407057
immediate_advantage_dqn,811,418,73.87046032547951,77.34970557644965,28.689611926674843,45.18084862232208,1.4705419447273016,16099.577327728271,0.0,21.0,0.0,1.0,0.050000000000000044,1.624700229614973,1.610205726698041,0.04831496358383447
immediate_advantage_dqn,811,419,77.04266125708818,76.58745803341272,28.051965601742268,48.99069578945637,1.4810103680938482,15584.721645355225,0.0,24.0,0.0,2.0,0.050000000000000044,1.821822302415967,1.8071470595896244,0.048917500767856836
immediate_advantage_dqn,811,420,66.51975222080947,75.10549429729582,26.889892607927322,39.62985950112343,1.4333114344626665,14848.390235900879,0.0,21.0,0.0,1.0,0.050000000000000044,1.6250680647790432,1.611960057169199,0.043693364947102964
immediate_advantage_dqn,811,421,85.87917756438256,75.53703929230572,29.822869539260864,56.056308352947234,1.5698167039081454,17624.75545501709,0.0,26.0,0.0,2.0,0.050000000000000044,2.087360143661499,2.0766729712486267,0.035623919568024576
immediate_advantage_dqn,811,422,91.02030580490828,76.53054692782463,32.92237390577793,58.09793269634247,1.6254275580868125,19261.09335708618,0.0,27.0,0.0,1.0,0.050000000000000044,1.7872689999639988,1.7760515175759792,0.037391634308733046
immediate_advantage_dqn,811,423,76.30795977264643,75.67760405875744,29.133406274020672,47.17455340921879,1.4620057232677937,15823.5293674469,0.0,24.0,0.0,1.0,0.050000000000000044,1.6307586915791035,1.6147973500192165,0.05320443958044052
immediate_advantage_dqn,811,424,57.55007427185774,74.6406016408652,24.827197276055813,32.72287702560425,1.37477763928473,14008.27523803711,0.0,18.0,0.0,0.0,0.050000000000000044,2.149557862430811,2.138914242386818,0.03547874151263386
immediate_advantage_dqn,811,425,92.26238811910153,75.59726252481342,31.97441227734089,60.28797570765018,1.5669051790609956,17910.33334350586,0.0,28.0,0.0,2.0,0.050000000000000044,2.5417259261012077,2.526498794555664,0.050757124670781195
immediate_advantage_dqn,811,426,83.87050995230675,75.86541604027153,30.56803011894226,53.30248013138771,1.508921030908823,16985.528980255127,0.0,25.0,0.0,0.0,0.050000000000000044,2.126696415245533,2.113635040819645,0.04353793279733509
immediate_advantage_dqn,811,427,88.94854114353657,77.4030169223249,30.81901928782463,58.1295224070549,1.5416794642806053,17457.04630470276,0.0,27.0,0.0,2.0,0.050000000000000044,1.9965175241231918,1.9851027429103851,0.03804930730257183
immediate_advantage_dqn,811,428,83.78310274332762,78.13602768324317,31.571386359632015,52.21171659231186,1.5641982136294246,17840.582061767578,0.0,24.0,0.0,0.0,0.050000000000000044,1.4370025619864464,1.4245394375175238,0.041543670231476426
immediate_advantage_dqn,811,429,78.593405559659,78.718992857188,28.18093068152666,50.41247524321079,1.4793183403089643,16238.555870056152,0.0,25.0,0.0,1.0,0.050000000000000044,2.012359607964754,1.9998387545347214,0.041736187413334846
immediate_advantage_dqn,811,430,56.62987023591995,77.63689702741803,25.73869377374649,30.891176134347916,1.3993484629318118,14668.375171661377,0.0,16.0,0.0,2.0,0.050000000000000044,2.219320235773921,2.206721466034651,0.04199594154488295
immediate_advantage_dqn,811,431,76.83035003393888,77.44679155789315,27.492239095270634,49.3381110727787,1.488966160453856,15697.315586090088,0.0,23.0,0.0,1.0,0.050000000000000044,2.076034925878048,2.062355425208807,0.04559840087313205
immediate_advantage_dqn,811,432,79.59721749275923,77.5469563356042,28.051245279610157,51.545972004532814,1.5189888440072536,16380.230861663818,0.0,25.0,0.0,1.0,0.050000000000000044,1.5042494274675846,1.4882168807089329,0.053441841271705925
immediate_advantage_dqn,811,433,74.02093922495843,78.1341805535555,27.781384870409966,46.23955466747284,1.444801046513021,15473.000606536865,0.0,22.0,0.0,2.0,0.050000000000000044,1.9408763702958822,1.930504946038127,0.03457142843399197
immediate_advantage_dqn,811,434,81.49030646830798,77.91555543906989,31.174854174256325,50.31545251011848,1.536691420711577,18030.135162353516,0.0,22.0,0.0,1.0,0.050000000000000044,1.6541411522775888,1.6429209113121033,0.037400762434117496
immediate_advantage_dqn,811,435,89.77952714413405,78.10473056882621,31.502473182976246,58.27705446779728,1.5569841647520661,18187.629077911377,0.0,25.0,0.0,1.0,0.050000000000000044,2.1133153960108757,2.1000594832003117,0.044186356477439404
immediate_advantage_dqn,811,436,77.13845736533403,77.90083500288429,28.59366177022457,48.544795140624046,1.470666402950883,15854.638010025024,0.0,25.0,0.0,0.0,0.050000000000000044,1.9387036263942719,1.9201567322015762,0.06182297831401229
immediate_advantage_dqn,811,437,81.9012558028102,78.65181312516333,31.19785215705633,50.70340364575386,1.5511431777849793,17745.979419708252,0.0,24.0,0.0,3.0,0.050000000000000044,2.080572621896863,2.0677064806222916,0.04288708046078682
immediate_advantage_dqn,811,438,88.70221170037985,79.39340069390835,31.64316137135029,57.05904997885227,1.5469548841938376,17435.672645568848,0.0,26.0,0.0,0.0,0.050000000000000044,1.6310944445431232,1.6169839818030596,0.047034886898472905
immediate_advantage_dqn,811,439,97.48972690105438,80.41575397610664,34.068036407232285,63.421690970659256,1.6083952710032463,19272.217655181885,0.0,27.0,0.0,0.0,0.050000000000000044,2.449911702424288,2.4368329159915447,0.04359587770886719
immediate_advantage_dqn,811,440,83.00843605548144,81.24018816784026,28.141334183514118,54.86710181236267,1.4643221069127321,15620.357194900513,0.0,25.0,0.0,1.0,0.050000000000000044,2.0311263166368008,2.01729504019022,0.046104268403723836
immediate_advantage_dqn,811,441,79.54631050080062,80.92354481466116,28.480285562574863,51.066024684906004,1.499260175973177,16274.006439208984,0.0,25.0,0.0,1.0,0.050000000000000044,1.8776631448417902,1.8652350679039955,0.04142697271890938
immediate_advantage_dqn,811,442,87.6911661401391,80.7570878314227,30.20042661577463,57.49073967337608,1.5029079085215926,16615.28423309326,0.0,25.0,0.0,2.0,0.050000000000000044,1.6815694086253643,1.6663699001073837,0.050665018847212195
immediate_advantage_dqn,811,443,71.81461943686008,80.53242081463338,26.297431349754333,45.51718804240227,1.3987816544249654,14258.371673583984,0.0,22.0,0.0,0.0,0.050000000000000044,1.7289305850863457,1.7140445988625288,0.049619963858276606
immediate_advantage_dqn,811,444,82.62949203699827,81.7863917028904,28.31040494889021,54.319087117910385,1.4972041742876172,16459.23561859131,0.0,25.0,0.0,0.0,0.050000000000000044,1.7707377560436726,1.7590330839157104,0.0390156046487391
immediate_advantage_dqn,811,445,85.81302195191384,81.46392339453102,29.40070055425167,56.4123216509819,1.4918731395155191,16419.01780319214,0.0,25.0,0.0,1.0,0.050000000000000044,1.7894413098692894,1.7771961390972137,0.04081724979914725
immediate_advantage_dqn,811,446,64.09501425921917,80.47514860987664,26.906842648983,37.18817184865475,1.468594134785235,15884.89469909668,0.0,20.0,0.0,2.0,0.050000000000000044,1.733287924900651,1.723462538793683,0.03275124973151833
immediate_advantage_dqn,811,447,95.90357578545809,80.82290034197271,33.08800632506609,62.815569669008255,1.573516839183867,18429.094116210938,0.0,28.0,0.0,1.0,0.050000000000000044,1.8671038001775742,1.8499016091227531,0.05734066339209676
immediate_advantage_dqn,811,448,75.92638070285321,80.430064239949,28.17683818936348,47.74954245388508,1.4912266042083502,16209.145935058594,0.0,22.0,0.0,1.0,0.050000000000000044,1.9430877827107906,1.9303668774664402,0.042402991792187095
immediate_advantage_dqn,811,449,69.35571424663067,79.96817967429759,27.388857424259186,41.96685692667961,1.488810395821929,15994.233905792236,0.0,20.0,0.0,1.0,0.050000000000000044,2.15831446275115,2.145778775215149,0.041785608627833426
immediate_advantage_dqn,811,450,81.8408692419529,81.22872962459924,28.63115030527115,53.20971911549568,1.4604708338156343,15470.446252822876,0.0,24.0,0.0,1.0,0.050000000000000044,2.21349224075675,2.1990362852811813,0.0481865496840328
immediate_advantage_dqn,811,451,68.35315562188626,80.8048699039966,26.413889355957508,41.93926581144333,1.406880616210401,14639.311698913574,0.0,20.0,0.0,2.0,0.050000000000000044,2.022860975936055,2.011238032951951,0.03874313551932573
immediate_advantage_dqn,811,452,85.88500288128853,81.11925917342306,30.54145935177803,55.34354381263256,1.523364064283669,17381.8025932312,0.0,25.0,0.0,2.0,0.050000000000000044,2.034333895891905,2.022491902112961,0.03947332070674747
immediate_advantage_dqn,811,453,83.28552560508251,81.58248849242928,28.985211692750454,54.30031371116638,1.5055424897000194,16629.691514968872,0.0,25.0,0.0,0.0,0.050000000000000044,2.2770329639315605,2.264288727194071,0.04248085361905396
immediate_advantage_dqn,811,454,74.00179565697908,81.20806295186283,28.29230772703886,45.70948779582977,1.460887299850583,15439.70308303833,0.0,21.0,0.0,0.0,0.050000000000000044,1.4228205382823944,1.4070187881588936,0.05267250840552151
immediate_advantage_dqn,811,455,86.53232818841934,81.04570300407707,31.443804442882538,55.08852361142635,1.5557503961026669,17895.25485610962,0.0,27.0,0.0,0.0,0.050000000000000044,1.6059246063232422,1.5936837457120419,0.04080288647674024
immediate_advantage_dqn,811,456,87.18335116952657,81.5479476942867,31.44881983846426,55.734531599283216,1.5638542147353292,18140.172561645508,0.0,27.0,0.0,2.0,0.050000000000000044,1.4833916500210762,1.4711693711578846,0.0407409529434517
immediate_advantage_dqn,811,457,84.24951274693012,81.6653605414927,29.343630902469158,54.90588231384754,1.4994589062407613,16454.546495437622,0.0,25.0,0.0,1.0,0.050000000000000044,2.08622594922781,2.0736395455896854,0.04195468151010573
immediate_advantage_dqn,811,458,69.72733226418495,80.71661656968296,27.77136641740799,41.95596617460251,1.4471206795424223,15527.40092086792,0.0,20.0,0.0,1.0,0.050000000000000044,2.2803006432950497,2.269930027425289,0.03456872224342078
immediate_advantage_dqn,811,459,91.2412193953991,80.4041911944002,32.205012038350105,59.03620729744434,1.5934793706983328,18129.604419708252,0.0,25.0,0.0,3.0,0.050000000000000044,2.0387660898268223,2.0255284756422043,0.04412541072815657
immediate_advantage_dqn,811,460,75.69293699413538,80.0384162413329,28.850521735846996,46.842414915561676,1.492513225413859,15945.57173538208,0.0,22.0,0.0,1.0,0.050000000000000044,2.0148527063429356,2.0025059320032597,0.04115585936233401
immediate_advantage_dqn,811,461,82.65642309933901,80.19392187125982,29.265277035534382,53.391146421432495,1.5159374829381704,16658.42472076416,0.0,25.0,0.0,0.0,0.050000000000000044,2.1653789840638638,2.1504710391163826,0.04969321214593947
immediate_advantage_dqn,811,462,83.25787045806646,79.97225708715618,30.098149523139,53.15972128510475,1.4944642912596464,16781.630834579468,0.0,24.0,0.0,2.0,0.050000000000000044,1.605187376961112,1.5911456644535065,0.04680570575874299
immediate_advantage_dqn,811,463,85.85023704171181,80.67403796739877,29.255633294582367,56.59460332989693,1.5190263828262687,16630.31069946289,0.0,26.0,0.0,0.0,0.050000000000000044,1.7094670217484236,1.6979666147381067,0.038334700162522495
immediate_advantage_dqn,811,464,77.69538010060788,80.42733237057925,28.25410595536232,49.441273817420004,1.4866764675825834,16245.26150894165,0.0,25.0,0.0,1.0,0.050000000000000044,2.007414834573865,1.9911840111017227,0.054102831054478884
immediate_advantage_dqn,811,465,83.30418013781309,80.30189027987421,30.175387509167194,53.12879221141338,1.5197349414229393,16979.712352752686,0.0,25.0,0.0,1.0,0.050000000000000044,1.6654557399451733,1.6512493919581175,0.04735450667794794
immediate_advantage_dqn,811,466,74.87476420402527,80.84087777711451,28.55657035112381,46.31819397211075,1.4637499181553721,15794.650447845459,0.0,21.0,0.0,1.0,0.050000000000000044,1.5752774644643068,1.5614547580480576,0.04607570078223944
immediate_advantage_dqn,811,467,74.79876036196947,79.78563700594009,27.102647364139557,47.69611258804798,1.4180638529360294,15264.70030593872,0.0,23.0,0.0,0.0,0.050000000000000044,2.4600447956472635,2.44745060056448,0.041980705223977566
immediate_advantage_dqn,811,468,73.34527717083692,79.65658182933927,27.337855212390423,46.00742236077785,1.45698073040694,15530.993049621582,0.0,23.0,0.0,4.0,0.050000000000000044,1.8595553077757359,1.8451631348580122,0.047973867040127516
immediate_advantage_dqn,811,469,79.54895585775375,80.16624390989543,28.44063188135624,51.10832354426384,1.4774081502109766,16338.292526245117,0.0,23.0,0.0,0.0,0.050000000000000044,1.344058744609356,1.3346726894378662,0.03128683939576149
immediate_advantage_dqn,811,470,64.56653564721346,79.30252723015845,25.655113480985165,38.91142200231552,1.396082785911858,14372.310886383057,0.0,20.0,0.0,2.0,0.050000000000000044,1.7016332112252712,1.6877422891557217,0.04630302079021931
immediate_advantage_dqn,811,471,72.11078042685986,79.49040847040712,26.141027860343456,45.96975248456001,1.414350158534944,14637.043144226074,0.0,24.0,0.0,1.0,0.050000000000000044,2.3661048114299774,2.3509037867188454,0.05067010992206633
immediate_advantage_dqn,811,472,86.60947408676148,79.52663203068079,30.74026444554329,55.86920982003212,1.520571599714458,16985.169578552246,0.0,25.0,0.0,2.0,0.050000000000000044,2.4096410498023033,2.3964024484157562,0.044128597946837544
immediate_advantage_dqn,811,473,66.90417070686817,78.70756428577008,24.634521573781967,42.269649028778076,1.392020981758833,14297.031387329102,0.0,20.0,0.0,0.0,0.050000000000000044,1.8762546591460705,1.8650899343192577,0.0372157224919647
immediate_advantage_dqn,811,474,79.40552944839001,78.97775097534063,28.825623869895935,50.57990584671497,1.497127559967339,16558.873851776123,0.0,24.0,0.0,2.0,0.050000000000000044,2.017482664436102,2.0057997927069664,0.03894285671412945
immediate_advantage_dqn,811,475,69.07899292707444,78.10508421227337,25.36719809472561,43.71179502606392,1.3967247484251857,14380.774284362793,0.0,21.0,0.0,1.0,0.050000000000000044,2.236487615853548,2.224732220172882,0.039184716530144215
immediate_advantage_dqn,811,476,69.89156372100115,77.2404948398471,26.478987656533718,43.412576392292976,1.4761981246992946,15524.859395980835,0.0,21.0,0.0,1.0,0.050000000000000044,2.7361679524183273,2.7223032638430595,0.046215593814849854
immediate_advantage_dqn,811,477,85.82515462636948,77.31927693381907,31.14358864724636,54.68156591951847,1.5397517150267959,17265.05061340332,0.0,25.0,0.0,1.0,0.050000000000000044,2.1437098383903503,2.1314100101590157,0.04099939751904458
immediate_advantage_dqn,811,478,83.79871627688408,78.02284613445401,30.881568118929863,52.91714817285538,1.502905772998929,17257.78359222412,0.0,24.0,0.0,1.0,0.050000000000000044,2.368630111217499,2.356356106698513,0.04091336624696851
immediate_advantage_dqn,811,479,79.99631393104792,77.46060086123646,29.181451708078384,50.8148623496294,1.537631493061781,17183.26528930664,0.0,24.0,0.0,2.0,0.050000000000000044,2.190377401188016,2.1794604659080505,0.036389851360581815
immediate_advantage_dqn,811,480,80.46033381670713,77.69897070236505,28.416098557412624,52.04423479735851,1.4564732806757092,15817.99185180664,0.0,24.0,0.0,0.0,0.050000000000000044,1.9000084772706032,1.8865979071706533,0.04470188403502107
immediate_advantage_dqn,811,481,79.32053358107805,77.532176226452,30.41893657296896,48.90159711241722,1.5192765509709716,16914.534774780273,0.0,24.0,0.0,0.0,0.050000000000000044,2.262793842703104,2.249270685017109,0.045077182818204165
immediate_advantage_dqn,811,482,66.37941985726357,76.68825369641186,26.54498728364706,39.83443249166012,1.4280550656840205,14937.700340270996,0.0,20.0,0.0,1.0,0.050000000000000044,2.1068172492086887,2.0928610116243362,0.04652087448630482
immediate_advantage_dqn,811,483,78.16989803314209,76.30423674598337,29.759692296385765,48.410205483436584,1.5120180184021592,16807.90294265747,0.0,22.0,0.0,0.0,0.050000000000000044,1.5831532068550587,1.5695065632462502,0.04548876965418458
immediate_advantage_dqn,811,484,83.1283336520195,76.57588442355396,30.529077097773552,52.599257150292395,1.543378971517086,17095.742557525635,0.0,24.0,0.0,1.0,0.050000000000000044,2.0907361041754484,2.07824993878603,0.0416205043438822
immediate_advantage_dqn,811,485,105.82924582064152,77.70213770769537,35.07658025622368,70.75266548991203,1.643782990053296,19765.122982025146,0.0,31.0,0.0,1.0,0.050000000000000044,2.5324639417231083,2.5190258510410786,0.04479362559504807
immediate_advantage_dqn,811,486,104.65552008152008,79.19117550157011,34.162846103310585,70.49267406761646,1.628410818055272,19384.124965667725,0.0,32.0,0.0,2.0,0.050000000000000044,2.2749760523438454,2.258211314678192,0.055882473941892385
immediate_advantage_dqn,811,487,74.86599555015565,79.19453726097943,27.789040073752403,47.07695538699627,1.452695207670331,15444.177333831787,0.0,22.0,0.0,1.0,0.050000000000000044,2.324464850127697,2.3116948157548904,0.04256683331914246
immediate_advantage_dqn,811,488,80.99098812043667,79.57682280845941,29.233012780547142,51.757975190877914,1.4986502416431904,16580.242782592773,0.0,24.0,0.0,1.0,0.050000000000000044,1.7519116885960102,1.7380716931074858,0.04613332077860832
immediate_advantage_dqn,811,489,74.18026577979326,79.30838830456138,27.805398367345333,46.37486766576767,1.4570809286087751,16060.117874145508,0.0,24.0,0.0,2.0,0.050000000000000044,1.521185677498579,1.5091436505317688,0.04014008410740644
immediate_advantage_dqn,811,490,79.02820153534412,80.03147159896791,28.032438188791275,50.99576359987259,1.4795161727815866,16154.287693023682,0.0,25.0,0.0,1.0,0.050000000000000044,1.7054736334830523,1.692922780290246,0.04183616500813514
immediate_advantage_dqn,811,491,82.16354331374168,80.534109743312,28.830471724271774,53.333071663975716,1.5238224817439914,16800.68096923828,0.0,26.0,0.0,1.0,0.050000000000000044,1.6078551802784204,1.5907934196293354,0.056872446555644274
immediate_advantage_dqn,811,492,92.63227027058602,80.83524955250324,31.96899063885212,60.66327967643738,1.5722612598910928,17906.097396850586,0.0,28.0,0.0,2.0,0.050000000000000044,2.2460267767310143,2.233331471681595,0.042317687650211155
immediate_advantage_dqn,811,493,77.29756655544043,81.35491934493184,28.712966926395893,48.584599673748016,1.486328867264092,15877.382587432861,0.0,22.0,0.0,0.0,0.050000000000000044,1.4254044853150845,1.414238404482603,0.03722033777739853
immediate_advantage_dqn,811,494,75.50821686536074,81.16005371578038,29.63172186166048,45.876495361328125,1.5131338452920318,16831.87075805664,0.0,23.0,0.0,0.0,0.050000000000000044,2.218227980658412,2.2061393186450005,0.040295573184266686
immediate_advantage_dqn,811,495,62.81714871674776,80.84696150526406,24.006641693413258,38.81050653159618,1.3258008975535631,13784.806034088135,0.0,21.0,0.0,1.0,0.050000000000000044,1.7924055997282267,1.7796803433448076,0.04241748480126262
immediate_advantage_dqn,811,496,92.3405724927783,81.96941194385292,31.411074727773666,60.92949759364128,1.5680666714906693,17550.699256896973,0.0,26.0,0.0,3.0,0.050000000000000044,1.751441329717636,1.7383527122437954,0.0436286412877962
immediate_advantage_dqn,811,497,77.03733144104481,81.5300207845867,29.083424150943756,47.95390693247318,1.4811677122488618,16255.77518081665,0.0,22.0,0.0,1.0,0.050000000000000044,1.4294680543243885,1.4173984583467245,0.04023194790352136
immediate_advantage_dqn,811,498,87.59863484054804,81.72001671276988,31.134095452725887,56.46453947722912,1.53160032723099,17611.975887298584,0.0,25.0,0.0,2.0,0.050000000000000044,1.7860985863953829,1.7732784859836102,0.04273364529944956
immediate_advantage_dqn,811,499,93.22979611158371,82.38169082179668,31.440584287047386,61.7892119884491,1.5616004094481468,18086.718349456787,0.0,27.0,0.0,0.0,0.050000000000000044,1.5670873280614614,1.554248083382845,0.04279745230451226
immediate_advantage_dqn,811,500,71.06771443784237,81.91205985285343,27.16690155863762,43.90081284940243,1.4269118756055832,14933.75751876831,0.0,23.0,0.0,1.0,0.050000000000000044,2.0442634113132954,2.031884642317891,0.04126262268982828
immediate_advantage_dqn,811,501,76.16841556876898,81.75445395223798,28.11952406913042,48.04889163374901,1.4740316169336438,15625.222274780273,0.0,23.0,0.0,1.0,0.050000000000000044,2.4503043331205845,2.4382027238607407,0.040338698541745543
immediate_advantage_dqn,811,502,76.48656295537948,82.25981110714375,28.89315377175808,47.5934091091156,1.474195919930935,16543.29090499878,0.0,22.0,0.0,2.0,0.050000000000000044,2.1061676666140556,2.0934227891266346,0.042482934426516294
immediate_advantage_dqn,811,503,78.00773472487927,82.25170294173061,28.95148579776287,49.056248196959494,1.495658659376204,16761.32316017151,0.0,22.0,0.0,2.0,0.050000000000000044,2.173392940312624,2.161167673766613,0.040750888641923666
immediate_advantage_dqn,811,504,97.17948946356773,82.95426073230803,32.036998972296715,65.1424905359745,1.5885533606633544,18282.36067199707,0.0,28.0,0.0,0.0,0.050000000000000044,2.1895254030823708,2.1776498332619667,0.03958530374802649
immediate_advantage_dqn,811,505,74.5057917624712,81.38808802939953,26.94164900481701,47.56414287686348,1.4276069989427924,15938.2099609375,0.0,22.0,0.0,1.0,0.050000000000000044,1.397500792518258,1.3857174310833216,0.03927785449195653
immediate_advantage_dqn,811,506,73.58767011016607,79.83469553083182,29.524695329368114,44.06297409534454,1.5058596106246114,16571.161560058594,0.0,21.0,0.0,0.0,0.050000000000000044,2.1646609976887703,2.1526849903166294,0.039920035866089165
immediate_advantage_dqn,811,507,87.62985973060131,80.4728887398541,29.736067786812782,57.893791168928146,1.5270224940031767,17082.021675109863,0.0,26.0,0.0,1.0,0.050000000000000044,2.0639463886618614,2.049741432070732,0.04734974750317633
immediate_advantage_dqn,811,508,72.0693357616663,80.02680612191558,27.61386402696371,44.455471727252004,1.4405981777235866,15440.74095916748,0.0,21.0,0.0,2.0,0.050000000000000044,1.932699240744114,1.92284045368433,0.032862596795894206
immediate_advantage_dqn,811,509,88.63049305379391,80.7493174856156,30.62864752113819,58.00184523463249,1.5627016685903072,17709.787155151367,0.0,27.0,0.0,1.0,0.050000000000000044,2.1371972039341927,2.122613489627838,0.048612341517582536
immediate_advantage_dqn,811,510,60.1900319263339,79.80740900516511,25.45295911282301,34.73707278370857,1.3989734575152397,14604.65474319458,0.0,19.0,0.0,2.0,0.050000000000000044,2.0461080335080624,2.034899242222309,0.037362667731940746
immediate_advantage_dqn,811,511,77.96235795468093,79.59734973721206,28.560560174286366,49.401797571778296,1.4819507542997599,16192.783767700195,0.0,24.0,0.0,1.0,0.050000000000000044,1.9484638683497906,1.9366671033203602,0.03932260465808213
immediate_advantage_dqn,811,512,60.32064630240202,77.98176853880287,24.811332263052464,35.50931350290775,1.3691112296655774,14048.834562301636,0.0,19.0,0.0,1.0,0.050000000000000044,2.1895078234374523,2.175937458872795,0.045234547229483724
immediate_advantage_dqn,811,513,75.81002176702023,77.90739129938187,28.985806807875633,46.8242153018713,1.5024336921051145,16499.980533599854,0.0,21.0,0.0,2.0,0.050000000000000044,2.2291420977562666,2.217084528878331,0.0401918888092041
immediate_advantage_dqn,811,514,93.4929631948471,78.80662861585618,31.15303736925125,62.33992564678192,1.5765235777944326,18101.19501876831,0.0,30.0,0.0,1.0,0.050000000000000044,2.0735007971525192,2.0611445158720016,0.04118765681050718
immediate_advantage_dqn,811,515,96.68395555019379,80.49996895752848,33.26821278780699,63.41574214398861,1.5886346474289894,18627.55376434326,0.0,29.0,0.0,0.0,0.050000000000000044,2.319870190694928,2.3055810667574406,0.047630374785512686
immediate_advantage_dqn,811,516,81.51074151098729,79.95847740843894,28.37098215520382,53.139759907126425,1.4893361032009125,16508.740283966064,0.0,25.0,0.0,3.0,0.050000000000000044,2.0513950511813164,2.0418734084814787,0.0317388562252745
immediate_advantage_dqn,811,517,91.10394504666328,80.66180808871985,31.502374589443207,59.60157012939453,1.5563139347359538,17758.565704345703,0.0,27.0,0.0,0.0,0.050000000000000044,2.018404643982649,2.005479894578457,0.04308249766472727
immediate_advantage_dqn,811,518,85.88624785840511,80.5761887396127,30.936323776841164,54.94992479681969,1.5312725808471441,17176.486297607422,0.0,24.0,0.0,1.0,0.050000000000000044,2.2147264070808887,2.2016114089637995,0.04371662065386772
immediate_advantage_dqn,811,519,80.02485199421645,79.91594153374436,30.160420067608356,49.864432045817374,1.5093590198084712,17355.4702835083,0.0,24.0,0.0,1.0,0.050000000000000044,2.4402975514531136,2.4261063374578953,0.0473040419165045
immediate_advantage_dqn,811,520,72.62934087216854,79.99402285546066,27.49711988121271,45.13222096860409,1.4124857671558857,15159.007307052612,0.0,22.0,0.0,0.0,0.050000000000000044,2.0315628983080387,2.0170778818428516,0.04828340280801058
immediate_advantage_dqn,811,521,87.43494055569172,80.55734910480679,30.96658966690302,56.46835030019283,1.5248027872294188,17247.124408721924,0.0,24.0,0.0,2.0,0.050000000000000044,1.4592568054795265,1.4477508384734392,0.03835320333018899
immediate_advantage_dqn,811,522,88.29915485531092,81.14797869980336,30.838055931031704,57.461098954081535,1.5359423980116844,17166.784099578857,0.0,27.0,0.0,0.0,0.050000000000000044,1.6841260474175215,1.6722743511199951,0.03950573841575533
immediate_advantage_dqn,811,523,87.40702074766159,81.61794300094247,30.227556474506855,57.179463893175125,1.5344804087653756,17093.918769836426,0.0,27.0,0.0,0.0,0.050000000000000044,2.3182363882660866,2.3069282472133636,0.03769375663250685
immediate_advantage_dqn,811,524,81.37859381139279,80.82789821833373,28.670808747410774,52.70778504908085,1.5355589790269732,16731.669368743896,0.0,25.0,0.0,1.0,0.050000000000000044,1.9706741087138653,1.9594580586999655,0.03738682914990932
immediate_advantage_dqn,811,525,96.37868547439575,81.92154290392996,29.435076989233494,66.94360809028149,1.5544142024591565,17251.661170959473,0.0,29.0,0.0,0.0,0.050000000000000044,1.7110147066414356,1.7018038891255856,0.030702731921337545
immediate_advantage_dqn,811,526,67.59421255737543,81.62187002629042,26.639407254755497,40.954805228114125,1.4186217011883855,14907.239532470703,0.0,20.0,0.0,2.0,0.050000000000000044,2.3214580733329058,2.308320790529251,0.04379080841317773
immediate_advantage_dqn,811,527,61.05927377492189,80.29334072850645,26.739362992346287,34.31991094648838,1.4621986839920282,15723.349212646484,0.0,18.0,0.0,3.0,0.050000000000000044,2.0336826518177986,2.024467460811138,0.030717303743585944
immediate_advantage_dqn,811,528,72.69969426095486,80.32485865347087,26.713374570012093,45.986319839954376,1.4281571377068758,15130.549575805664,0.0,21.0,0.0,0.0,0.050000000000000044,1.4581115152686834,1.4456265270709991,0.04161663562990725
immediate_advantage_dqn,811,529,89.9258204638958,80.38962502397597,32.599594213068485,57.32622600495815,1.5978432204574347,18703.945030212402,0.0,26.0,0.0,2.0,0.050000000000000044,1.796837879344821,1.7837198693305254,0.043726670322939754
immediate_advantage_dqn,811,530,73.1626392930746,81.038255392313,26.554574877023697,46.60806414783001,1.4442696031183004,15069.559490203857,0.0,22.0,0.0,2.0,0.050000000000000044,2.097703542560339,2.0879249330610037,0.03259541071020067
immediate_advantage_dqn,811,531,84.51393275856972,81.36583413250744,29.18517691642046,55.32875526845455,1.4635305795818567,16068.959896087646,0.0,25.0,0.0,1.0,0.050000000000000044,1.759318208321929,1.7443822529166937,0.04978644265793264
immediate_advantage_dqn,811,532,73.99220411479473,82.04941202312708,27.400232546031475,46.59197124838829,1.451499561779201,15273.837604522705,0.0,24.0,0.0,0.0,0.050000000000000044,1.4546133801341057,1.4427706319838762,0.03947579732630402
immediate_advantage_dqn,811,533,78.09188827872276,82.1635053487122,28.828291557729244,49.26359669864178,1.4719118727371097,16258.197916030884,0.0,24.0,0.0,0.0,0.050000000000000044,2.0112552419304848,1.9990075677633286,0.04082566290162504
immediate_advantage_dqn,811,534,78.35551226288081,81.4066328021139,27.456920698285103,50.89859181046486,1.4434014651924372,15190.706771850586,0.0,24.0,0.0,2.0,0.050000000000000044,2.2285116463899612,2.2164056338369846,0.040353370597586036
immediate_advantage_dqn,811,535,90.31092158257961,81.08798110373318,30.533864356577396,59.77705671191215,1.5211978061124682,17294.993297576904,0.0,26.0,0.0,3.0,0.050000000000000044,1.8822509348392487,1.8706223294138908,0.03876202367246151
immediate_advantage_dqn,811,536,72.08370169997215,80.61662911318243,26.767944522202015,45.315757006406784,1.4192669121548533,15378.101295471191,0.0,22.0,0.0,0.0,0.050000000000000044,1.7096427902579308,1.6967909056693316,0.04283958929590881
immediate_advantage_dqn,811,537,74.75094746351242,79.79897923402488,28.16856812685728,46.582379552721974,1.4704074962064624,16028.864543914795,0.0,22.0,0.0,4.0,0.050000000000000044,1.9662369638681412,1.9564915224909782,0.03248484351206571
immediate_advantage_dqn,811,538,70.34420821964741,79.021877252087,28.03221970796585,42.31198867559433,1.4433318190276623,15269.389770507812,0.0,21.0,0.0,1.0,0.050000000000000044,1.8831790052354336,1.8704570420086384,0.042406482389196754
immediate_advantage_dqn,811,539,89.78134053945541,79.50970167934894,32.05553714931011,57.725803419947624,1.5567334648221731,17822.43684387207,0.0,25.0,0.0,0.0,0.050000000000000044,1.760777996852994,1.7475216779857874,0.04418771038763225
immediate_advantage_dqn,811,540,69.99372839182615,79.37792105533183,24.99372061342001,45.000007688999176,1.4026105720549822,14579.02389907837,0.0,21.0,0.0,0.0,0.050000000000000044,2.1774621475487947,2.167038209736347,0.03474654885940254
immediate_advantage_dqn,811,541,75.8762081488967,78.79998443499207,28.18441989272833,47.69178807735443,1.474566929973662,16119.716856002808,0.0,25.0,0.0,1.0,0.050000000000000044,1.8259236626327038,1.814819734543562,0.03701309533789754
immediate_advantage_dqn,811,542,62.75235065370798,77.52264422491193,25.570615775883198,37.18173478841781,1.3985941149294376,14426.163120269775,0.0,18.0,0.0,2.0,0.050000000000000044,1.9953252784907818,1.9828319195657969,0.04164453106932342
immediate_advantage_dqn,811,543,95.28427647203208,77.91650701113045,31.001566529273987,64.28270981609822,1.574406687170267,18079.62273788452,0.0,30.0,0.0,2.0,0.050000000000000044,1.910175645723939,1.8977241925895214,0.04150485503487289
immediate_advantage_dqn,811,544,74.16806972026825,77.55598080657423,28.366087928414345,45.80198208987713,1.476097988896072,16310.220323562622,0.0,23.0,0.0,0.0,0.050000000000000044,2.17582225240767,2.1652766913175583,0.035151897463947535
immediate_advantage_dqn,811,545,73.75984048247338,76.42503855697811,27.056914910674095,46.70292551219463,1.4360746061429381,15075.08769607544,0.0,24.0,0.0,4.0,0.050000000000000044,1.715650249272585,1.704585226252675,0.03688337421044707
immediate_advantage_dqn,811,546,68.5153796762228,76.47109691292049,23.779203712940216,44.736175739765166,1.365048136562109,13895.709285736084,0.0,22.0,0.0,1.0,0.050000000000000044,2.1053246408700943,2.0958330631256104,0.031638665474019945
immediate_advantage_dqn,811,547,76.3967521429062,77.2379708313197,28.606998063623905,47.78975402712822,1.5113077154383063,16494.836917877197,0.0,24.0,0.0,4.0,0.050000000000000044,1.4424708355218172,1.428344488143921,0.047087856102734804
immediate_advantage_dqn,811,548,80.75618863850832,77.64079555019737,27.63806811720133,53.11812050640583,1.4607656616717577,15996.120788574219,0.0,24.0,0.0,0.0,0.050000000000000044,2.256929889321327,2.2446578703820705,0.04090669681318104
immediate_advantage_dqn,811,549,83.76124650239944,77.33256685212254,30.78976234793663,52.97148422896862,1.5197917725890875,17338.092514038086,0.0,23.0,0.0,1.0,0.050000000000000044,1.900865025818348,1.887331709265709,0.04511105199344456
immediate_advantage_dqn,811,550,75.98063767254352,77.47346677109599,27.16815932840109,48.81247842609882,1.4353621900081635,15131.444255828857,0.0,23.0,0.0,3.0,0.050000000000000044,1.5958706196397543,1.5840277262032032,0.039476294186897576
immediate_advantage_dqn,811,551,74.7898371487856,76.9872619906068,28.124572567641735,46.66526494622231,1.4824800407513976,16526.98749923706,0.0,22.0,0.0,3.0,0.050000000000000044,2.2613707929849625,2.2501574605703354,0.037377807311713696
immediate_advantage_dqn,811,552,88.2072122991085,77.69801239982247,30.83260254561901,57.37460985779762,1.5341783035546541,17269.0166015625,0.0,27.0,0.0,0.0,0.050000000000000044,1.7289229352027178,1.7131002973765135,0.05274217471014708
immediate_advantage_dqn,811,553,78.66862128078938,77.7268490499258,27.910166576504707,50.75845485329628,1.4470138577744365,15611.891075134277,0.0,25.0,0.0,2.0,0.050000000000000044,1.9718881901353598,1.9592248480767012,0.04221113654784858
immediate_advantage_dqn,811,554,70.53191469609737,77.33566917158664,28.368793919682503,42.163120687007904,1.4492694772779942,15306.378913879395,0.0,21.0,0.0,1.0,0.050000000000000044,2.1138685662299395,2.099090054631233,0.04926177952438593
immediate_advantage_dqn,811,555,74.18996775150299,76.52962148003282,28.412689194083214,45.77727855741978,1.5014301305636764,16406.26710128784,0.0,24.0,0.0,1.0,0.050000000000000044,2.0381235014647245,2.0253505520522594,0.04257649905048311
immediate_advantage_dqn,811,556,83.56346068233252,77.10360942915082,31.702002830803394,51.86145779192448,1.554055285640061,18161.492916107178,0.0,24.0,0.0,3.0,0.050000000000000044,1.8502473160624504,1.8385715000331402,0.0389194271992892
immediate_advantage_dqn,811,557,70.86745234578848,76.90943467326463,27.82012404501438,43.04732798039913,1.4654466481879354,15632.943019866943,0.0,21.0,0.0,2.0,0.050000000000000044,1.652295347303152,1.6423166021704674,0.0332624614238739
immediate_advantage_dqn,811,558,74.66861867308617,77.12565519593657,29.415147453546524,45.25347117483616,1.49720823392272,16654.41653251648,0.0,22.0,0.0,1.0,0.050000000000000044,1.5911274310201406,1.5787724405527115,0.04118329333141446
immediate_advantage_dqn,811,559,87.26177581548691,76.99967695973815,29.607231318950653,57.65454391539097,1.5185382226482034,16727.633377075195,0.0,26.0,0.0,3.0,0.050000000000000044,2.1488432474434376,2.1382837928831577,0.035198254394344985
immediate_advantage_dqn,811,560,70.3833351880312,77.0191572995484,26.918471932411194,43.46486362814903,1.402878944762051,15749.576168060303,0.0,21.0,0.0,0.0,0.050000000000000044,2.342423677444458,2.3319712579250336,0.03484137379564345
immediate_advantage_dqn,811,561,85.85444765537977,77.51806927487254,29.73503051698208,56.11941723525524,1.536129024811089,17175.441720962524,0.0,25.0,0.0,1.0,0.050000000000000044,2.171051202341914,2.158109039068222,0.043140502413734794
immediate_advantage_dqn,811,562,77.72546041160822,78.26672476276755,27.1495243832469,50.575936102867125,1.4539655726402998,14933.887079238892,0.0,24.0,0.0,2.0,0.050000000000000044,2.056174460798502,2.0437535289674997,0.04140321945305914
immediate_advantage_dqn,811,563,73.17310459315777,77.16116616882384,27.87697672843933,45.29612816274166,1.4902637694031,16421.973052978516,0.0,21.0,0.0,1.0,0.050000000000000044,1.7752788569778204,1.765754558146,0.031747554312460124
immediate_advantage_dqn,811,564,77.31734732538462,77.31863004907966,28.69699426740408,48.62035299837589,1.4768291432410479,16303.7197265625,0.0,23.0,0.0,2.0,0.050000000000000044,2.224084321409464,2.2148748710751534,0.0306981080211699
immediate_advantage_dqn,811,565,57.35748473703861,76.49851226180793,24.495386376976967,32.86209815144539,1.3768822671845555,13996.290838241577,0.0,19.0,0.0,2.0,0.050000000000000044,1.9089857563376427,1.8999027535319328,0.030276650097221136
immediate_advantage_dqn,811,566,73.98645569384098,76.77206606268884,26.57548175752163,47.410974249243736,1.4428350115194917,14886.981132507324,0.0,24.0,0.0,0.0,0.050000000000000044,1.8234122190624475,1.810694094747305,0.042393680894747376
immediate_advantage_dqn,811,567,82.31857275217772,77.06815709315241,28.02070515602827,54.2978680729866,1.4975883197039366,16244.145938873291,0.0,23.0,0.0,0.0,0.050000000000000044,1.5236853770911694,1.5135966930538416,0.03362897632177919
immediate_advantage_dqn,811,568,94.40913537144661,77.75080442979933,33.538500279188156,60.87063509225845,1.6109795281663537,18910.264556884766,0.0,27.0,0.0,1.0,0.050000000000000044,1.756380582228303,1.7452271711081266,0.037178031634539366
immediate_advantage_dqn,811,569,85.52811957895756,77.83914808362724,29.167859755456448,56.36025956273079,1.5074689984321594,16498.80256652832,0.0,26.0,0.0,0.0,0.050000000000000044,2.2714200392365456,2.260526165366173,0.0363129498437047
immediate_advantage_dqn,811,570,90.79902082681656,78.58006724134088,33.468175292015076,57.33084528148174,1.5819774400442839,18694.47856903076,0.0,26.0,0.0,1.0,0.050000000000000044,2.7327762842178345,2.721818894147873,0.0365246789297089
immediate_advantage_dqn,811,571,68.03029777109623,78.24209027245641,25.10580451786518,42.924493193626404,1.4259635582566261,14437.991283416748,0.0,22.0,0.0,0.0,0.050000000000000044,2.4864709451794624,2.4726326763629913,0.04612760606687516
immediate_advantage_dqn,811,572,83.71991811692715,78.01772556334734,29.69982446730137,54.020093947649,1.5110350651666522,16715.47797012329,0.0,25.0,0.0,1.0,0.050000000000000044,2.2661457881331444,2.2520815581083298,0.04688077757600695
immediate_advantage_dqn,811,573,71.10744922012091,77.63966696031392,26.94208436459303,44.165364468097685,1.4415512569248676,15594.483255386353,0.0,22.0,0.0,2.0,0.050000000000000044,1.703036617487669,1.6912061646580696,0.039434868609532714
immediate_advantage_dqn,811,574,86.22490672916175,78.42431656196715,30.41567611694336,55.80923047065735,1.5261238738894463,17536.228958129883,0.0,26.0,0.0,1.0,0.050000000000000044,2.098991336300969,2.0883865859359503,0.03534907370340079
immediate_advantage_dqn,811,575,77.70884111523628,78.60026023015381,28.772601798176765,48.93623973429203,1.5244705444201827,16884.752815246582,0.0,24.0,0.0,0.0,0.050000000000000044,1.960576068609953,1.949742291122675,0.03611261222977191
immediate_advantage_dqn,811,576,89.4203288346529,78.89310363776983,30.77097477018833,58.6493539750576,1.5797477988526225,17858.77038192749,0.0,26.0,0.0,3.0,0.050000000000000044,2.1840408500283957,2.175040328875184,0.030001733684912324
immediate_advantage_dqn,811,577,87.06686622053385,79.70307433150711,31.144035555422306,55.92283079922199,1.5774427922442555,17878.229766845703,0.0,27.0,0.0,2.0,0.050000000000000044,2.321943236514926,2.312264923006296,0.032261074520647526
immediate_advantage_dqn,811,578,101.50560432076455,81.04492361389103,31.678701989352703,69.82690187692643,1.5695088487118483,18056.96015548706,0.0,29.0,0.0,1.0,0.050000000000000044,1.9577174130827188,1.945757245644927,0.039867216255515814
immediate_advantage_dqn,811,579,90.70223554968834,81.21694660060109,32.03791078925133,58.66432532668114,1.5549897737801075,17748.858055114746,0.0,27.0,0.0,0.0,0.050000000000000044,1.8141085039824247,1.8027927577495575,0.03771916509140283
immediate_advantage_dqn,811,580,63.65645650923252,80.88060266666116,26.279962673783302,37.376494044065474,1.4288611141964793,14960.54549407959,0.0,19.0,0.0,3.0,0.050000000000000044,1.960664452984929,1.9501880947500467,0.034921175334602594
immediate_advantage_dqn,811,581,91.30632229149342,81.15319639846685,30.884571202099323,60.42175129055977,1.5548638524487615,17772.05011367798,0.0,27.0,0.0,1.0,0.050000000000000044,1.6758150830864906,1.6614683978259563,0.04782223142683506
immediate_advantage_dqn,811,582,85.06073033064604,81.51995989441873,27.900654144585133,57.16007646918297,1.5238416027277708,16292.513500213623,0.0,26.0,0.0,2.0,0.050000000000000044,1.9369217827916145,1.927876390516758,0.03015127929393202
immediate_advantage_dqn,811,583,81.27292560786009,81.92495094515384,31.69266479462385,49.58026099205017,1.5503309033811092,17395.020503997803,0.0,24.0,0.0,0.0,0.050000000000000044,1.6910987962037325,1.6794252879917622,0.03891169908456504
immediate_advantage_dqn,811,584,71.00017514228821,81.60909233599902,27.13795743882656,43.86221730113029,1.4371764715760946,15360.246696472168,0.0,21.0,0.0,1.0,0.050000000000000044,2.3592421151697636,2.348678719252348,0.03521136462222785
immediate_advantage_dqn,811,585,102.92608853578568,83.88752252593638,36.2264364361763,66.69965189099312,1.6939631402492523,20605.362312316895,0.0,30.0,0.0,4.0,0.050000000000000044,1.948447274044156,1.9386847503483295,0.03254178864881396
immediate_advantage_dqn,811,586,86.63575333356857,84.51998740792276,30.604750759899616,56.031002044677734,1.5257263351231813,17495.930179595947,0.0,25.0,0.0,1.0,0.050000000000000044,2.066434670239687,2.0563898719847202,0.03348256088793278
immediate_advantage_dqn,811,587,72.65280494093895,84.03669901736082,27.240542218089104,45.41226316988468,1.4818530175834894,15968.71934890747,0.0,24.0,0.0,0.0,0.050000000000000044,2.035026900470257,2.0260844752192497,0.02980804571416229
immediate_advantage_dqn,811,588,54.117344218492505,82.0221094597131,24.172588489949703,29.944755758345128,1.379873058758676,13988.610980987549,0.0,17.0,0.0,2.0,0.050000000000000044,2.020086620002985,2.008781213313341,0.03768476308323443
immediate_advantage_dqn,811,589,70.66956219226122,81.27918159037829,25.630562413483858,45.03899965584278,1.396728040650487,14110.164077758789,0.0,22.0,0.0,1.0,0.050000000000000044,1.9160474874079227,1.9019270855933428,0.04706796654500067
immediate_advantage_dqn,811,590,82.14214269816875,80.8463376839459,27.92868047952652,54.21346169710159,1.483304413035512,16095.456401824951,0.0,26.0,0.0,1.0,0.050000000000000044,2.4609927218407393,2.4496882408857346,0.037681490764953196
immediate_advantage_dqn,811,591,76.36635667830706,81.26314062930643,26.657655872404575,49.70870028436184,1.4531397419050336,15488.709815979004,0.0,23.0,0.0,1.0,0.050000000000000044,1.7897969186306,1.778843017295003,0.036512992810457945
immediate_advantage_dqn,811,592,80.2021901845932,81.08725423268974,28.046221412718296,52.155968183279036,1.4921925701200962,16110.977027893066,0.0,24.0,0.0,2.0,0.050000000000000044,2.3365775793790817,2.324115615338087,0.04153983562719077
immediate_advantage_dqn,811,593,54.902036774158475,80.27698361039162,23.638750307261944,31.263286250829697,1.3514294130727649,13272.648426055908,0.0,18.0,0.0,2.0,0.050000000000000044,1.5812316853553057,1.570323744788766,0.03635983308777213
immediate_advantage_dqn,811,594,81.15218655765057,80.02334760181606,28.22198187559843,52.93020424246788,1.4717124495655298,15934.434686660767,0.0,25.0,0.0,1.0,0.050000000000000044,1.651370495557785,1.641911467537284,0.03153008525259793
immediate_advantage_dqn,811,595,73.32054919153452,79.80393300563097,27.918549209833145,45.40200018286705,1.4525285381823778,15994.295511245728,0.0,23.0,0.0,1.0,0.050000000000000044,1.7090614158660173,1.6985410004854202,0.0350680312840268
immediate_advantage_dqn,811,596,72.83173487335443,78.97450330756605,27.796744249761105,45.03499060869217,1.4559737518429756,15566.554195404053,0.0,23.0,0.0,0.0,0.050000000000000044,2.0823988132178783,2.071634419262409,0.0358812598278746
immediate_advantage_dqn,811,597,78.35086564719677,78.53870327889919,27.416693650186062,50.934172332286835,1.4536270992830396,15586.568153381348,0.0,24.0,0.0,0.0,0.050000000000000044,1.8518851548433304,1.8414002507925034,0.03494964155834168
immediate_advantage_dqn,811,598,93.96565108895302,78.16170561730863,31.250165805220604,62.71548522412777,1.5814374582841992,17826.447372436523,0.0,28.0,0.0,2.0,0.050000000000000044,2.1948914378881454,2.181816779077053,0.04358215245883912
immediate_advantage_dqn,811,599,70.90540356338025,77.17186401799322,26.62539140880108,44.280011707544325,1.453365247696638,14975.504070281982,0.0,22.0,0.0,2.0,0.050000000000000044,2.335518166422844,2.3249363526701927,0.035272799083031714
immediate_advantage_dqn,811,600,88.74332416057587,78.42620740056039,29.878353163599968,58.864971071481705,1.534231717698276,17109.22491645813,0.0,26.0,0.0,1.0,0.050000000000000044,1.6804569363594055,1.670558463782072,0.03299487812910229
immediate_advantage_dqn,811,601,97.65770237147808,78.74377640455961,31.525198742747307,66.1325035393238,1.592869395390153,18051.348510742188,0.0,28.0,0.0,1.0,0.050000000000000044,2.283044269308448,2.2723493222147226,0.03564977436326444
immediate_advantage_dqn,811,602,80.95659556239843,78.53856966614724,28.76024153083563,52.19635337591171,1.505411653779447,16819.5288105011,0.0,23.0,0.0,0.0,0.050000000000000044,1.718758875504136,1.709610853344202,0.030493433470837772
immediate_advantage_dqn,811,603,65.8751582801342,77.76868129976094,26.075905591249466,39.799252435564995,1.3891633218154311,14901.96561050415,0.0,20.0,0.0,0.0,0.050000000000000044,2.4150028340518475,2.403038501739502,0.0398811565246433
immediate_advantage_dqn,811,604,85.92976628243923,78.51516085676849,30.27204629778862,55.65772025287151,1.5495622446760535,17446.14938735962,0.0,27.0,0.0,0.0,0.050000000000000044,2.059525990858674,2.0508835930377245,0.028807952417992055
immediate_advantage_dqn,811,605,77.83914046138526,77.26081345304847,27.586716510355473,50.25242377221584,1.4438333921134472,15375.824825286865,0.0,24.0,0.0,1.0,0.050000000000000044,1.8680044300854206,1.856651522219181,0.03784307627938688
immediate_advantage_dqn,811,606,70.06964192688466,76.43250788271428,27.810465835034847,42.25917654633522,1.4793355073779821,16270.784442901611,0.0,20.0,0.0,1.0,0.050000000000000044,2.0220228657126427,2.0106534734368324,0.03789798286743462
immediate_advantage_dqn,811,607,65.42466449886561,76.07110086061061,27.69527117162943,37.72939338684082,1.4426348078995943,15393.303535461426,0.0,19.0,0.0,1.0,0.050000000000000044,1.8843815233558416,1.8728686440736055,0.038376275333575904
immediate_advantage_dqn,811,608,78.26922418624163,77.27869485899808,29.533102810382843,48.736121338605884,1.4845300829038024,16384.26531982422,0.0,22.0,0.0,3.0,0.050000000000000044,2.3781110458076,2.3617108203470707,0.054667484713718295
immediate_advantage_dqn,811,609,84.69721166789532,77.98007733277977,29.675600096583366,55.02161172032356,1.510693752206862,16964.36235809326,0.0,25.0,0.0,0.0,0.050000000000000044,1.9806376285851002,1.9701894614845514,0.03482728288508952
immediate_advantage_dqn,811,610,73.09887367486954,77.52791388161481,27.244534865021706,45.85433912277222,1.4518653526902199,15146.312690734863,0.0,22.0,0.0,2.0,0.050000000000000044,1.884096808731556,1.8702988363802433,0.04599328595213592
immediate_advantage_dqn,811,611,86.2119836434722,78.02019522987305,31.90931310504675,54.30267086625099,1.5741089936345816,18149.215896606445,0.0,24.0,0.0,0.0,0.050000000000000044,1.9822424352169037,1.968621276319027,0.04540387459564954
immediate_advantage_dqn,811,612,94.39305244535208,78.72973834291102,31.7350135743618,62.65803896784782,1.537173779681325,17761.51828765869,0.0,27.0,0.0,3.0,0.050000000000000044,2.0014674104750156,1.989469200372696,0.03999411780387163
immediate_advantage_dqn,811,613,72.72097634673119,79.62068532153964,26.43212030082941,46.28885645568371,1.451009564101696,15296.00496673584,0.0,22.0,0.0,1.0,0.050000000000000044,2.3823961094021797,2.3710275627672672,0.03789514128584415
immediate_advantage_dqn,811,614,75.16369576752186,79.3212607820332,28.06634470075369,47.09735134243965,1.4585005138069391,15983.106964111328,0.0,22.0,0.0,0.0,0.050000000000000044,2.177361235022545,2.163517527282238,0.046145714819431305
immediate_advantage_dqn,811,615,71.17658838033677,79.21406274147333,26.08663461357355,45.08995393067598,1.4340750174596906,15134.101768493652,0.0,21.0,0.0,1.0,0.050000000000000044,1.8359278608113527,1.8253623582422733,0.03521832323167473
immediate_advantage_dqn,811,616,82.89175317436457,79.71706365652383,28.951731018722057,53.940021976828575,1.5409963317215443,16851.44236755371,0.0,24.0,0.0,3.0,0.050000000000000044,1.6743921414017677,1.6623957231640816,0.03998811752535403
immediate_advantage_dqn,811,617,71.94074729382992,79.39655773885548,26.581107303500175,45.35964010953903,1.4450643537566066,15304.64001083374,0.0,21.0,0.0,2.0,0.050000000000000044,2.2553500197827816,2.2441889587789774,0.03720361168961972
immediate_advantage_dqn,811,618,90.22167372703552,79.2093588707596,32.693653121590614,57.52802088856697,1.5590980425477028,18585.789169311523,0.0,26.0,0.0,0.0,0.050000000000000044,1.962732344865799,1.9504930898547173,0.04079752159304917
immediate_advantage_dqn,811,619,78.42641231417656,79.58540930829943,30.998736903071404,47.427675396203995,1.5578132206574082,17848.156368255615,0.0,22.0,0.0,0.0,0.050000000000000044,2.2154651023447514,2.2053369097411633,0.03376068780198693
immediate_advantage_dqn,811,620,74.39485399574042,78.86798580005765,27.14535967260599,47.24949481487274,1.5207788059487939,16205.642309188843,0.0,23.0,0.0,2.0,0.050000000000000044,1.8713444992899895,1.8598199225962162,0.03841531404759735
immediate_advantage_dqn,811,621,80.33210940063,78.00170615151526,29.66134838759899,50.670760774612425,1.4926278609782457,16105.454036712646,0.0,25.0,0.0,1.0,0.050000000000000044,1.9280497040599585,1.9180858489125967,0.03321280411910266
immediate_advantage_dqn,811,622,79.95470287799836,77.95161151729526,28.03717539459467,51.91752746105194,1.4598462730646133,15681.85712814331,0.0,24.0,0.0,3.0,0.050000000000000044,2.2760570868849754,2.264605414122343,0.03817224339582026
immediate_advantage_dqn,811,623,89.87546068429947,79.15162663750353,30.353548035025597,59.52191251516342,1.551716797053814,17342.875339508057,0.0,27.0,0.0,0.0,0.050000000000000044,1.9874478578567505,1.9751259721815586,0.04107291088439524
immediate_advantage_dqn,811,624,74.92981272190809,78.60162895947697,28.318935461342335,46.61087691783905,1.4381081080064178,15575.060104370117,0.0,23.0,0.0,0.0,0.050000000000000044,1.8590281940996647,1.8473260812461376,0.03900702379178256
immediate_advantage_dqn,811,625,73.4285464823246,78.38109926052394,28.328444331884384,45.100102150440215,1.4774896167218685,16088.975452423096,0.0,22.0,0.0,2.0,0.050000000000000044,2.059220042079687,2.0472650565207005,0.03984999388922006
immediate_advantage_dqn,811,626,78.97125417143107,78.82617987275124,27.975593402981758,50.99566070139408,1.486016545444727,16182.073007583618,0.0,23.0,0.0,1.0,0.050000000000000044,1.8626107964664698,1.8505372032523155,0.0402453257702291
immediate_advantage_dqn,811,627,70.15420835465193,79.06265706554056,26.495087273418903,43.65912099182606,1.4061306873336434,14668.535354614258,0.0,23.0,0.0,0.0,0.050000000000000044,1.7212608829140663,1.7079374305903912,0.044411564245820045
immediate_advantage_dqn,811,628,78.96908266842365,79.09764998964967,28.041626267135143,50.927456364035606,1.4711359720677137,16083.231246948242,0.0,23.0,0.0,1.0,0.050000000000000044,2.3788996040821075,2.367263838648796,0.03878595435526222
immediate_advantage_dqn,811,629,71.70682479441166,78.44813064597547,28.0971058011055,43.60971921682358,1.4575466057285666,15932.060977935791,0.0,23.0,0.0,0.0,0.050000000000000044,2.016801718622446,2.0061217471957207,0.03559998038690537
immediate_advantage_dqn,811,630,72.95875661075115,78.44112479276956,29.29207944869995,43.66667714715004,1.5010370388627052,16838.063724517822,0.0,21.0,0.0,1.0,0.050000000000000044,1.9258517548441887,1.9153598211705685,0.03497313160914928
immediate_advantage_dqn,811,631,88.22398369759321,78.5417247954756,30.06150234490633,58.162481397390366,1.5132327042520046,16760.779670715332,0.0,27.0,0.0,0.0,0.050000000000000044,1.9832979813218117,1.9723280426114798,0.03656657913234085
immediate_advantage_dqn,811,632,89.49502868205309,78.29682360731064,30.954340405762196,58.540687918663025,1.5632563773542643,17727.71728515625,0.0,28.0,0.0,0.0,0.050000000000000044,1.896140567958355,1.8853836916387081,0.03585624194238335
immediate_advantage_dqn,811,633,73.13606840521098,78.31757821023464,28.41293326765299,44.72313523441553,1.4830890884622931,16494.46884918213,0.0,22.0,0.0,2.0,0.050000000000000044,2.476354155689478,2.4652934595942497,0.0368689188035205
immediate_advantage_dqn,811,634,68.09207686930895,77.96399726532401,26.233789019286633,41.85828780531883,1.4586300468072295,15344.013656616211,0.0,22.0,0.0,1.0,0.050000000000000044,2.3048182018101215,2.294038310647011,0.035932949162088335
immediate_advantage_dqn,811,635,86.9773497954011,78.75403533607722,29.423047102987766,57.55430322885513,1.5355144534260035,16890.70058441162,0.0,26.0,0.0,0.0,0.050000000000000044,2.374051585793495,2.3638363741338253,0.034050636808387935
immediate_advantage_dqn,811,636,63.22476112246513,77.77068573348225,27.028588846325874,36.19617202281952,1.3883818127214909,15041.537879943848,0.0,19.0,0.0,1.0,0.050000000000000044,1.8253017235547304,1.8147161286324263,0.03528531128540635
immediate_advantage_dqn,811,637,103.09853000342846,79.32857486896219,33.925499975681305,69.17303025126458,1.652075038291514,19350.79693222046,0.0,30.0,0.0,2.0,0.050000000000000044,2.1699971482157707,2.157003276050091,0.043312886147759855
immediate_advantage_dqn,811,638,69.53088575601578,78.2940354704112,26.527908235788345,43.002977430820465,1.4371146522462368,14991.729698181152,0.0,21.0,0.0,0.0,0.050000000000000044,1.983419954776764,1.971094124019146,0.04108611715491861
immediate_advantage_dqn,811,639,78.95740640312434,78.32058517485859,28.893635161221027,50.063770630955695,1.481772325001657,16237.582555770874,0.0,23.0,0.0,1.0,0.050000000000000044,2.28378714248538,2.272330015897751,0.038190368795767426
immediate_advantage_dqn,811,640,70.3814523011446,78.11991509012879,27.29844742268324,43.08300524353981,1.440040647983551,15565.76750946045,0.0,21.0,0.0,1.0,0.050000000000000044,1.8915941193699837,1.8790915980935097,0.0416750602889806
immediate_advantage_dqn,811,641,82.97562716901302,78.25209097854795,27.87538030743599,55.10024732351303,1.5211709346622229,16205.282272338867,0.0,25.0,0.0,0.0,0.050000000000000044,2.3429536130279303,2.334045212715864,0.02969462494365871
immediate_advantage_dqn,811,642,74.22474669665098,77.96559316948057,27.437639713287354,46.78710688650608,1.4757540477439761,16135.872039794922,0.0,23.0,0.0,0.0,0.050000000000000044,2.0474859327077866,2.0383836328983307,0.030340961297042668
immediate_advantage_dqn,811,643,96.36294814944267,78.28996754273774,32.629234708845615,63.73371334373951,1.5966665837913752,18418.11338043213,0.0,29.0,0.0,0.0,0.050000000000000044,1.8547414056956768,1.8412309624254704,0.0450347731821239
immediate_advantage_dqn,811,644,94.03250969946384,79.24510239161552,30.83814327418804,63.194365888834,1.5965955089777708,18085.576263427734,0.0,28.0,0.0,1.0,0.050000000000000044,1.7314777374267578,1.7197616342455149,0.039053644868545234
immediate_advantage_dqn,811,645,79.87164422869682,79.56725727893414,29.587563425302505,50.28408092260361,1.4996805116534233,16818.971256256104,0.0,23.0,0.0,0.0,0.050000000000000044,2.1570758409798145,2.1435280330479145,0.04515938344411552
immediate_advantage_dqn,811,646,69.42593351900578,79.08999124631286,27.690547570586205,41.73538556098938,1.4798319702968001,16182.573093414307,0.0,21.0,0.0,2.0,0.050000000000000044,2.2628445513546467,2.2493576034903526,0.04495654860511422
immediate_advantage_dqn,811,647,79.41145548522472,79.55285360284151,28.283615186810493,51.12784056663513,1.5174494720995426,16368.277477264404,0.0,24.0,0.0,3.0,0.050000000000000044,2.055781204253435,2.0439774990081787,0.03934562439098954
immediate_advantage_dqn,811,648,63.42527085542679,78.77566301219166,23.797502487897873,39.62776857614517,1.3924946850165725,13902.869556427002,0.0,22.0,0.0,1.0,0.050000000000000044,1.9528903141617775,1.9385022521018982,0.04796014784369618
immediate_advantage_dqn,811,649,81.32694967091084,79.25666925601662,29.913333103060722,51.41361701488495,1.5049468344077468,17170.719242095947,0.0,25.0,0.0,0.0,0.050000000000000044,1.5892809312790632,1.5769464578479528,0.041114855208434165
immediate_advantage_dqn,811,650,81.90840648114681,79.70415174953641,28.67007715255022,53.2383289039135,1.4707879880443215,16172.865287780762,0.0,24.0,0.0,0.0,0.050000000000000044,1.9050660654902458,1.8942806646227837,0.035951297264546156
immediate_advantage_dqn,811,651,87.99348165243865,79.69262664727867,29.413373462855816,58.58010853230953,1.5001210207119584,16709.51078414917,0.0,27.0,0.0,1.0,0.050000000000000044,1.7910250443965197,1.77969391644001,0.037770434631966054
immediate_advantage_dqn,811,652,80.74995918571949,79.255373172462,29.5019723623991,51.24798655509949,1.4891416504979134,16644.133319854736,0.0,23.0,0.0,1.0,0.050000000000000044,1.9388802219182253,1.9271485358476639,0.03910561720840633
immediate_advantage_dqn,811,653,91.33883011341095,80.165511257872,29.037037774920464,62.3017924875021,1.5745603870600462,17245.39726638794,0.0,29.0,0.0,1.0,0.050000000000000044,1.7749687805771828,1.7639410849660635,0.03675901028327644
immediate_advantage_dqn,811,654,94.57459689676762,81.48963725924493,33.69325405359268,60.88134250044823,1.6121980948373675,18765.29461288452,0.0,26.0,0.0,2.0,0.050000000000000044,1.5741920564323664,1.5646955501288176,0.03165507165249437
immediate_advantage_dqn,811,655,83.7778284996748,81.32966119445861,27.384560331702232,56.393268167972565,1.5231691496446729,16512.102798461914,0.0,27.0,0.0,0.0,0.050000000000000044,2.2878872081637383,2.2795198783278465,0.027891048812307417
immediate_advantage_dqn,811,656,64.45054899901152,81.39095058828593,25.938324339687824,38.51222434639931,1.4123490946367383,14737.896606445312,0.0,20.0,0.0,0.0,0.050000000000000044,1.9472933895885944,1.9373194798827171,0.03324643976520747
immediate_advantage_dqn,811,657,75.86670767515898,80.02935947187245,28.0485902056098,47.81811699271202,1.4831359088420868,16257.908256530762,0.0,22.0,0.0,0.0,0.050000000000000044,1.9863882027566433,1.9764668084681034,0.033071393612772226
immediate_advantage_dqn,811,658,71.495247669518,80.12757756754756,26.365531988441944,45.129715740680695,1.4609050583094358,15724.423473358154,0.0,20.0,0.0,0.0,0.050000000000000044,1.5296407602727413,1.5178880635648966,0.03917561168782413
immediate_advantage_dqn,811,659,79.12491226196289,80.13595286048948,30.0164665132761,49.10844586789608,1.517339256592095,17098.490787506104,0.0,23.0,0.0,0.0,0.050000000000000044,1.9878891818225384,1.9772404544055462,0.03549570951145142
immediate_advantage_dqn,811,660,70.19705135375261,80.12673281311989,26.542543083429337,43.654508635401726,1.4402186591178179,15152.216957092285,0.0,21.0,0.0,0.0,0.050000000000000044,2.032625213265419,2.0210058465600014,0.03873126523103565
immediate_advantage_dqn,811,661,93.73116491287946,80.6645097003132,34.2472028657794,59.48396148085594,1.5839077290147543,19100.875690460205,0.0,28.0,0.0,2.0,0.050000000000000044,1.9547365233302116,1.9454929791390896,0.030811783391982317
immediate_advantage_dqn,811,662,84.61489078551531,81.18401690475642,30.357809387147427,54.25708160698414,1.5281294509768486,17107.906799316406,0.0,25.0,0.0,2.0,0.050000000000000044,2.2100924924016,2.198996089398861,0.036988008418120444
immediate_advantage_dqn,811,663,86.37299490720034,80.68451924264431,30.33707259595394,56.0359221547842,1.5196300027891994,17120.82664489746,0.0,27.0,0.0,0.0,0.050000000000000044,1.8552475366741419,1.8464063704013824,0.029470620793290436
immediate_advantage_dqn,811,664,82.82804937064648,80.12429622620344,28.932303316891193,53.895746210217474,1.486729310825467,16590.47113418579,0.0,24.0,0.0,1.0,0.050000000000000044,1.7121518794447184,1.7013468071818352,0.03601694630924612
immediate_advantage_dqn,811,665,73.55093778669834,79.80826090410353,26.063701882958412,47.48723600804806,1.4184459280222654,15171.056949615479,0.0,23.0,0.0,0.0,0.050000000000000044,2.0105678141117096,2.0011287480592728,0.03146362106781453
immediate_advantage_dqn,811,666,80.29039873182774,80.35148416474462,29.344665557146072,50.94573298096657,1.5229994673281908,16912.658378601074,0.0,23.0,0.0,1.0,0.050000000000000044,1.7742576133459806,1.7646682783961296,0.03196447645314038
immediate_advantage_dqn,811,667,79.09834648668766,80.33582871481777,26.68437173217535,52.41397477686405,1.4680206198245287,15458.639505386353,0.0,25.0,0.0,1.0,0.050000000000000044,1.677402215078473,1.6674711741507053,0.03310341795440763
immediate_advantage_dqn,811,668,82.55664339661598,81.29239734187722,27.113539680838585,55.443103432655334,1.4719379404559731,15654.749843597412,0.0,25.0,0.0,1.0,0.050000000000000044,2.363464280962944,2.3537119328975677,0.03250794333871454
immediate_advantage_dqn,811,669,90.2723041921854,81.73966506794095,31.560548782348633,58.71175466477871,1.5696902349591255,17877.05644607544,0.0,26.0,0.0,1.0,0.050000000000000044,2.0371194817125797,2.0264825727790594,0.035456394078209996
immediate_advantage_dqn,811,670,72.70894871652126,81.27969217970967,27.32098877429962,45.38796001672745,1.4368999022990465,15201.265907287598,0.0,23.0,0.0,1.0,0.050000000000000044,2.213958613574505,2.2053432017564774,0.028718037181533873
immediate_advantage_dqn,811,671,67.87849621474743,80.2739429078251,25.747880399227142,42.13061608374119,1.3926611617207527,14769.368175506592,0.0,21.0,0.0,0.0,0.050000000000000044,2.182152386754751,2.172802908346057,0.0311649824725464
immediate_advantage_dqn,811,672,64.38061458766461,79.45547567792237,26.24312524497509,38.13748940229416,1.4208489190787077,14686.367252349854,0.0,21.0,0.0,1.0,0.050000000000000044,1.7689258567988873,1.7593170776963234,0.032029267749749124
immediate_advantage_dqn,811,673,96.08161427974701,79.69261488623917,33.54664849489927,62.5349655687809,1.6266386304050684,19547.053901672363,0.0,27.0,0.0,1.0,0.050000000000000044,1.937673956155777,1.927847009152174,0.03275645524263382
immediate_advantage_dqn,811,674,92.56978346556426,79.59237421467901,32.48107112944126,60.08871288001537,1.5773302940651774,18475.666318893433,0.0,29.0,0.0,1.0,0.050000000000000044,2.0197583958506584,2.0083927363157272,0.0378855059389025
immediate_advantage_dqn,811,675,87.71316060572863,79.78914081998171,32.03391534090042,55.67924481034279,1.5466143479570746,18420.960998535156,0.0,24.0,0.0,2.0,0.050000000000000044,1.7281779274344444,1.7205716092139482,0.02535440877545625
immediate_advantage_dqn,811,676,73.89478522688151,80.26135263137522,26.40583638101816,47.48894842863083,1.4323859326541424,14687.999031066895,0.0,23.0,0.0,2.0,0.050000000000000044,2.006423767656088,1.9959849752485752,0.03479598998092115
immediate_advantage_dqn,811,677,81.87771789729595,80.56190314248207,30.018446937203407,51.85927098989487,1.5074980314821005,17323.682304382324,0.0,23.0,0.0,1.0,0.050000000000000044,2.1429852582514286,2.1351500153541565,0.026117592817172408
immediate_advantage_dqn,811,678,89.8035056680441,81.47731604240838,31.309880927205086,58.49362435340881,1.572452675551176,17708.655647277832,0.0,27.0,0.0,2.0,0.050000000000000044,1.6153882443904877,1.6060349512845278,0.03117754135746509
immediate_advantage_dqn,811,679,74.92804767340422,81.26747281298043,25.66378413885832,49.264264026284216,1.4299405347555876,14694.677547454834,0.0,23.0,0.0,1.0,0.050000000000000044,2.0685676634311676,2.058232944458723,0.03444910596590489
immediate_advantage_dqn,811,680,90.72526537179947,82.29388351388276,30.502720087766647,60.22254519462585,1.503898274153471,16925.712703704834,0.0,27.0,0.0,2.0,0.050000000000000044,2.459614560008049,2.448400005698204,0.037381921778433025
immediate_advantage_dqn,811,681,82.89689972400666,81.75217025443914,27.939678847789764,54.957220458984374,1.5255362587049603,16690.26343536377,0.0,24.0,0.0,1.0,0.050000000000000044,2.0339958369731903,2.0240238197147846,0.033240020158700645
immediate_advantage_dqn,811,682,71.05372370034456,81.0741119001806,27.88310371339321,43.17061996459961,1.4500815672799945,16101.164054870605,0.0,21.0,0.0,0.0,0.050000000000000044,2.495869193226099,2.486059859395027,0.03269774641375989
immediate_advantage_dqn,811,683,69.98202221095562,80.25456326536835,26.90135832875967,43.08066390454769,1.4368451200425625,15637.805568695068,0.0,22.0,0.0,0.0,0.050000000000000044,2.05417662486434,2.0446092821657658,0.03189119242597371
immediate_advantage_dqn,811,684,86.12304324656725,80.41931295916439,29.987647987902164,56.13539528846741,1.5364970155060291,17467.613288879395,0.0,26.0,0.0,1.0,0.050000000000000044,2.4809136874973774,2.471017176285386,0.032988269929774106
immediate_advantage_dqn,811,685,85.11112909913064,80.997322524786,31.740441352128983,53.370687985420226,1.590075571089983,18608.94955253601,0.0,26.0,0.0,2.0,0.050000000000000044,2.095371074974537,2.085199758410454,0.03390431439038366
immediate_advantage_dqn,811,686,75.49053038656712,80.75732910752296,27.323710292577744,48.16682030260563,1.4728739615529776,15822.223567962646,0.0,24.0,0.0,0.0,0.050000000000000044,1.9164826404303312,1.9057238921523094,0.035862448276020586
immediate_advantage_dqn,811,687,86.00209541618824,81.102516553998,29.12346251308918,56.87863285839558,1.5265626953914762,16805.918710708618,0.0,27.0,0.0,1.0,0.050000000000000044,1.8160465564578772,1.8060189075767994,0.03342555637937039
immediate_advantage_dqn,811,688,72.40804614275694,80.59508669130506,27.85857229679823,44.549473309516905,1.480803633108735,15839.784809112549,0.0,22.0,0.0,1.0,0.050000000000000044,2.2387045435607433,2.2294560708105564,0.030828188289888203
immediate_advantage_dqn,811,689,76.89063982069493,79.92600347273053,27.529781490564346,49.360858061909674,1.5000710496678948,16336.713577270508,0.0,21.0,0.0,2.0,0.050000000000000044,2.470467895269394,2.461470063775778,0.029992734198458493
immediate_advantage_dqn,811,690,74.62977618128062,80.02204484596851,27.450169004499912,47.179607236385344,1.4653906552121043,15889.360210418701,0.0,22.0,0.0,1.0,0.050000000000000044,1.4636742416769266,1.453287336975336,0.034623028710484505
immediate_advantage_dqn,811,691,72.23292273432017,80.23976617194714,26.90017595142126,45.332746976614,1.4441487733274698,15280.462078094482,0.0,22.0,0.0,2.0,0.050000000000000044,1.4204837065190077,1.4092282988131046,0.03751802386250347
immediate_advantage_dqn,811,692,66.10163693130016,80.32581728912892,26.929936692118645,39.171700179576874,1.4233745774254203,15306.636531829834,0.0,19.0,0.0,0.0,0.050000000000000044,1.8028671238571405,1.7925948221236467,0.03424101835116744
immediate_advantage_dqn,811,693,84.93804004192353,79.76863857723774,29.007872074842453,55.93016801178455,1.5332534657791257,16803.646240234375,0.0,26.0,0.0,2.0,0.050000000000000044,1.8343667723238468,1.8223572075366974,0.04003194102551788
immediate_advantage_dqn,811,694,79.70043656975031,79.12517123244704,29.449284069240093,50.25115188956261,1.4975902903825045,16762.17133331299,0.0,22.0,0.0,0.0,0.050000000000000044,2.1203223168849945,2.1112033911049366,0.03039639221969992
immediate_advantage_dqn,811,695,76.92776712030172,78.58590155817569,28.20666565746069,48.72110137343407,1.5070240255445242,16852.85859298706,0.0,24.0,0.0,1.0,0.050000000000000044,1.5191999487578869,1.5090561769902706,0.033812613459303975
immediate_advantage_dqn,811,696,83.31031230092049,79.05667791187764,30.743688330054283,52.56662419438362,1.5312529420480132,17507.44822692871,0.0,23.0,0.0,2.0,0.050000000000000044,1.9285440798848867,1.9203695375472307,0.027248506085015833
immediate_advantage_dqn,811,697,97.35972526669502,79.83077828034759,31.929854556918144,65.4298706650734,1.5849989028647542,18202.872804641724,0.0,29.0,0.0,3.0,0.050000000000000044,1.4731537159532309,1.4622532315552235,0.03633496002294123
immediate_advantage_dqn,811,698,87.92006417810917,79.73660620585085,30.83569484949112,57.08436980545521,1.5467212377116084,17512.156742095947,0.0,27.0,0.0,3.0,0.050000000000000044,1.5988993886858225,1.5903200563043356,0.02859781903680414
immediate_advantage_dqn,811,699,81.17168061435223,80.04878785289824,28.047207802534103,53.12447252869606,1.4955381695181131,16436.256357192993,0.0,26.0,0.0,2.0,0.050000000000000044,1.604802979156375,1.593107981607318,0.03898336342535913
immediate_advantage_dqn,811,700,84.64158275127411,79.74460372187198,28.906303361058235,55.73527924120426,1.5466892048716545,17096.193481445312,0.0,26.0,0.0,2.0,0.050000000000000044,1.672996236011386,1.6643705777823925,0.028752190992236137
immediate_advantage_dqn,811,701,82.43102890253067,79.72131018079818,30.588276155292988,51.842753037810326,1.5069176806136966,17505.354248046875,0.0,24.0,0.0,0.0,0.050000000000000044,2.009531658142805,1.9987684190273285,0.035877438145689666
immediate_advantage_dqn,811,702,83.38700614273549,80.33797430291773,28.682281613349915,54.70472449958324,1.4959845738485456,16615.079990386963,0.0,26.0,0.0,1.0,0.050000000000000044,1.8736307509243488,1.863223573192954,0.034690598607994616
immediate_advantage_dqn,811,703,57.009773068130016,79.68936184577645,25.139002099633217,31.87077160179615,1.379146478138864,14280.92184829712,0.0,18.0,0.0,1.0,0.050000000000000044,2.604939892888069,2.595798758789897,0.0304703718284145
immediate_advantage_dqn,811,704,79.768628539145,79.37164111040533,27.75113745778799,52.01749060451984,1.454566023312509,15749.384002685547,0.0,24.0,0.0,2.0,0.050000000000000044,2.0119887441396713,2.003939665853977,0.026830323855392635
immediate_advantage_dqn,811,705,75.87626303881407,78.90989780738951,26.61660624295473,49.25965672135353,1.4580582398921251,15619.850551605225,0.0,24.0,0.0,3.0,0.050000000000000044,2.1501768697053194,2.1418032068759203,0.0279122325591743
immediate_advantage_dqn,811,706,79.69194560647011,79.11996856838466,27.666508711874485,52.02543714046478,1.449965488165617,15667.331031799316,0.0,27.0,0.0,1.0,0.050000000000000044,2.185089811682701,2.1755084171891212,0.03193798812571913
immediate_advantage_dqn,811,707,74.60945430397987,78.55033651277424,27.221909910440445,47.38754394650459,1.436434343457222,15329.10291671753,0.0,23.0,0.0,0.0,0.050000000000000044,1.8892552610486746,1.8792998865246773,0.033184599480591714
immediate_advantage_dqn,811,708,75.81107391566039,78.72048790141942,28.553302474319935,47.257771456241606,1.4995385790243745,16449.95970916748,0.0,23.0,0.0,2.0,0.050000000000000044,2.2926334105432034,2.281449530273676,0.03727956744842231
immediate_advantage_dqn,811,709,86.26990082114935,79.18945095144213,30.276073060929775,55.993827655911446,1.5661079715937376,17601.949632644653,0.0,26.0,0.0,2.0,0.050000000000000044,1.9453193955123425,1.9358901772648096,0.031430737930350006
immediate_advantage_dqn,811,710,74.47646854221821,79.18178556948901,27.187355779111385,47.289113038778304,1.4630335913971066,15568.513614654541,0.0,22.0,0.0,1.0,0.050000000000000044,1.5767812971025705,1.566792257130146,0.033296747016720474
immediate_advantage_dqn,811,711,73.59468121826649,79.24987349368634,27.35290163755417,46.24177964031696,1.4497090931981802,15767.220134735107,0.0,24.0,0.0,1.0,0.050000000000000044,2.169339396059513,2.160717487335205,0.02873967750929296
immediate_advantage_dqn,811,712,75.91219958662987,79.74040162645281,29.237859204411507,46.6743410974741,1.5249793669208884,16675.062042236328,0.0,23.0,0.0,1.0,0.050000000000000044,1.8255136013031006,1.8148993216454983,0.03538091038353741
immediate_advantage_dqn,811,713,88.28037067651749,79.90751815818251,32.16963313519955,56.11073743700981,1.56077123247087,18202.11333465576,0.0,25.0,0.0,1.0,0.050000000000000044,1.734961373731494,1.725657733157277,0.031012214487418532
immediate_advantage_dqn,811,714,74.48933374881744,79.64696301713586,27.562039755284786,46.92729386687279,1.5034069269895554,15948.49091720581,0.0,22.0,0.0,3.0,0.050000000000000044,2.0485611744225025,2.03855936601758,0.03333935316186398
immediate_advantage_dqn,811,715,71.93140082061291,79.39714470215142,26.881763756275177,45.04963709414005,1.439940913580358,15445.693435668945,0.0,22.0,0.0,0.0,0.050000000000000044,2.100084565579891,2.09028422832489,0.03266779810655862
immediate_advantage_dqn,811,716,81.29343210160732,79.29630069218577,29.512597233057022,51.78083461523056,1.5165003025904298,16743.57192993164,0.0,24.0,0.0,1.0,0.050000000000000044,1.98893734626472,1.978600885719061,0.034454869222827256
immediate_advantage_dqn,811,717,72.35645137876273,78.04613699778915,26.760795652866364,45.59565623998642,1.4191282950341702,14990.424896240234,0.0,21.0,0.0,2.0,0.050000000000000044,1.9375263210386038,1.9285860899835825,0.02980077324900776
immediate_advantage_dqn,811,718,80.78397554308177,77.68933256603779,27.67644962668419,53.10752650499344,1.4836815129965544,16263.205013275146,0.0,24.0,0.0,1.0,0.050000000000000044,2.2028437554836273,2.1947314366698265,0.027041134424507618
immediate_advantage_dqn,811,719,83.45276705920696,77.80338688828053,28.616677820682526,54.83608865737915,1.488992410711944,16214.692329406738,0.0,25.0,0.0,2.0,0.050000000000000044,1.4948242008686066,1.4839427154511213,0.036271661054342985
immediate_advantage_dqn,811,720,97.42656329274178,78.44263591535392,32.038471668958664,65.38809148967266,1.6251285057514906,18381.091598510742,0.0,29.0,0.0,1.0,0.050000000000000044,1.917295228689909,1.9085199870169163,0.029250782332383096
immediate_advantage_dqn,811,721,65.69846622794867,77.60600778162481,25.709939867258072,39.98852605521679,1.421413540840149,14409.904176712036,0.0,21.0,0.0,3.0,0.050000000000000044,2.049906872212887,2.0398525577038527,0.033514363574795425
immediate_advantage_dqn,811,722,78.7056660220027,77.37194077558817,27.852054439485073,50.85361146330833,1.5072728609666228,16231.084213256836,0.0,24.0,0.0,4.0,0.050000000000000044,1.9563481863588095,1.948451455682516,0.026322432444430888
immediate_advantage_dqn,811,723,87.11492627114058,78.87719843573869,29.903342306613922,57.21158365905285,1.5526915481314063,17024.822746276855,0.0,27.0,0.0,0.0,0.050000000000000044,1.7625713720917702,1.7520957477390766,0.03491875680629164
immediate_advantage_dqn,811,724,91.50499584674836,79.46401680111887,29.959064945578575,61.54593085646629,1.52649490442127,17345.19061279297,0.0,27.0,0.0,2.0,0.050000000000000044,2.46978429146111,2.4594189412891865,0.03455111477524042
immediate_advantage_dqn,811,725,88.23816125988961,80.08211171217265,30.555758602917194,57.682402247190474,1.5576550513505936,17613.716453552246,0.0,27.0,0.0,2.0,0.050000000000000044,1.790134996175766,1.7781710717827082,0.03987981122918427
immediate_advantage_dqn,811,726,64.82908748090267,79.33896880589427,26.950502812862396,37.878584548830986,1.4297546809539199,14958.64655303955,0.0,21.0,0.0,0.0,0.050000000000000044,2.019990174099803,2.011430026963353,0.02853386360220611
immediate_advantage_dqn,811,727,102.66437132060528,80.74171465672555,33.93048645555973,68.73388453722,1.6261317059397697,19098.69737625122,0.0,29.0,0.0,1.0,0.050000000000000044,2.217922303825617,2.20719300955534,0.03576436545699835
immediate_advantage_dqn,811,728,57.95266732946038,79.84879432741555,23.16203072294593,34.790636986494064,1.363147234544158,13095.963720321655,0.0,18.0,0.0,1.0,0.050000000000000044,1.9959636591374874,1.986697182059288,0.03088825079612434
immediate_advantage_dqn,811,729,76.36552672833204,79.35357562277467,28.072241872549057,48.29328490793705,1.4951540045440197,16138.909080505371,0.0,24.0,0.0,1.0,0.050000000000000044,2.2293942235410213,2.2188017535954714,0.035308181191794574
immediate_advantage_dqn,811,730,70.56698186695576,79.15810128901155,26.734010100364685,43.83297201991081,1.4563346644863486,15768.058609008789,0.0,21.0,0.0,0.0,0.050000000000000044,1.7587418239563704,1.749986670911312,0.029183834325522184
immediate_advantage_dqn,811,731,72.52686992287636,79.10471072424204,26.913142040371895,45.61372795701027,1.4421737752854824,15420.902633666992,0.0,23.0,0.0,0.0,0.050000000000000044,2.2041831389069557,2.196316234767437,0.026223029592074454
immediate_advantage_dqn,811,732,87.89490142464638,79.70384581614286,30.834753930568695,57.0601472556591,1.5494458843022585,17376.648750305176,0.0,25.0,0.0,2.0,0.050000000000000044,1.6974424589425325,1.6882470361888409,0.030651393346488476
immediate_advantage_dqn,811,733,84.36823027729989,79.50823879618198,29.19820950180292,55.17002105116844,1.4878047220408916,16148.303424835205,0.0,27.0,0.0,2.0,0.050000000000000044,1.9471728410571814,1.9367974177002907,0.034584707231260836
immediate_advantage_dqn,811,734,84.91902177780867,80.02972319763155,30.24970691651106,54.669315338134766,1.5227493783459067,17289.89888381958,0.0,24.0,0.0,1.0,0.050000000000000044,1.7475924547761679,1.7372666355222464,0.03441939188633114
immediate_advantage_dqn,811,735,67.95297403633595,79.83080185841769,25.59694269299507,42.356031998991966,1.4147310806438327,14754.082195281982,0.0,23.0,0.0,3.0,0.050000000000000044,1.6913077551871538,1.6834324337542057,0.026251018280163407
immediate_advantage_dqn,811,736,68.82625842988492,79.20744317483158,25.16672359406948,43.65953485071659,1.4395905937999487,14816.440313339233,0.0,21.0,0.0,1.0,0.050000000000000044,1.4537051729857922,1.445219524204731,0.02828546066302806
immediate_advantage_dqn,811,737,84.84476678371429,79.83185894507916,29.29424011707306,55.55052635371685,1.519262868911028,16892.990322113037,0.0,24.0,0.0,2.0,0.050000000000000044,1.8769323527812958,1.8683830723166466,0.028497626422904432
immediate_advantage_dqn,811,738,81.09595780968667,79.8474580584094,29.27748692035675,51.81847091913223,1.485868003219366,17071.348651885986,0.0,23.0,0.0,1.0,0.050000000000000044,2.088416464626789,2.079658232629299,0.029194149421527982
immediate_advantage_dqn,811,739,82.93488536179066,79.82156397353859,31.09341800957918,51.84146770238876,1.5475846137851477,17840.06666946411,0.0,24.0,0.0,1.0,0.050000000000000044,1.972288329154253,1.96336979418993,0.029728451976552606
immediate_advantage_dqn,811,740,62.857851433753964,78.0931283805892,23.944811418652534,38.913040074706075,1.3920847503468394,14372.229835510254,0.0,19.0,0.0,2.0,0.050000000000000044,1.9627292677760124,1.9549787547439337,0.02583504153881222
immediate_advantage_dqn,811,741,94.38535498976708,79.52747281868012,32.53626474738121,61.84909031689167,1.5876409448683262,18379.866355895996,0.0,28.0,0.0,1.0,0.050000000000000044,2.0523455254733562,2.0409815311431885,0.03788006817921996
immediate_advantage_dqn,811,742,78.64180058985949,79.52427954707295,28.148555852472782,50.49324460327625,1.5081588067114353,16598.60903930664,0.0,24.0,0.0,1.0,0.050000000000000044,2.0848942920565605,2.075415886938572,0.0315946729388088
immediate_advantage_dqn,811,743,76.64194168150425,79.00063031759113,28.130771793425083,48.51117020845413,1.4839350655674934,16069.899778366089,0.0,22.0,0.0,1.0,0.050000000000000044,1.8593285605311394,1.8509791493415833,0.02783137559890747
immediate_advantage_dqn,811,744,83.98421849310398,78.62459144990892,29.90627020597458,54.077948316931725,1.498161087743938,16645.490196228027,0.0,25.0,0.0,0.0,0.050000000000000044,1.5245655793696642,1.5172217097133398,0.024479648796841502
immediate_advantage_dqn,811,745,79.94658762961626,78.21001276839525,30.112888537347317,49.8336987644434,1.5281266225501895,17352.502307891846,0.0,23.0,0.0,1.0,0.050000000000000044,1.8932630345225334,1.8826382532715797,0.03541594953276217
immediate_advantage_dqn,811,746,74.70221460014582,78.7036691243574,27.274853594601154,47.42736049890518,1.4397226525470614,15511.690528869629,0.0,22.0,0.0,1.0,0.050000000000000044,1.96493548899889,1.9560718685388565,0.029545433819293976
immediate_advantage_dqn,811,747,67.89312832057476,76.96510697435588,26.650449723005295,41.242678970098495,1.418899423442781,14971.08094406128,0.0,20.0,0.0,2.0,0.050000000000000044,2.6198890451341867,2.609905017539859,0.033280061674304307
immediate_advantage_dqn,811,748,76.48482466638089,77.89171484120192,27.80279318243265,48.68203153610229,1.4569264454767108,15907.429203033447,0.0,23.0,0.0,2.0,0.050000000000000044,2.3182466477155685,2.309742197394371,0.02834812947548926
immediate_advantage_dqn,811,749,88.60561377108097,78.50371919333936,29.080676674842834,59.52493657469749,1.5313359163701534,16869.45749092102,0.0,26.0,0.0,2.0,0.050000000000000044,2.0909433644264936,2.0832597240805626,0.025612107361666858
immediate_advantage_dqn,811,750,91.58319647610188,79.55452992379665,31.40806706249714,60.175130128860474,1.58670708630234,18062.548599243164,0.0,27.0,0.0,0.0,0.050000000000000044,1.8730687573552132,1.8654253333806992,0.02547812124248594
immediate_advantage_dqn,811,751,72.11413904577493,79.53389337994159,28.191326923668385,43.92281167507171,1.4798657605424523,16018.115421295166,0.0,22.0,0.0,2.0,0.050000000000000044,1.8160528913140297,1.8059913143515587,0.03353869926650077
immediate_advantage_dqn,811,752,81.2939745798707,79.2038470377028,29.128952085971832,52.16502241194248,1.5058647487312555,16503.49765777588,0.0,26.0,0.0,1.0,0.050000000000000044,1.7476190999150276,1.7393869310617447,0.027440611156634986
immediate_advantage_dqn,811,753,84.07333839833737,79.18910244375469,30.055242531001568,54.018095636367796,1.5483905542641878,17378.73627281189,0.0,25.0,0.0,2.0,0.050000000000000044,1.7225506789982319,1.713154574856162,0.03132038714829832
immediate_advantage_dqn,811,754,88.11538355052471,79.34892053239048,30.47760610282421,57.63777780532837,1.5519463885575533,17445.620531082153,0.0,27.0,0.0,2.0,0.050000000000000044,2.2916124779731035,2.2833361737430096,0.027587584452703595
immediate_advantage_dqn,811,755,92.51983142197132,80.57726340167225,31.97692186385393,60.54290981888771,1.5662238923832774,18439.013549804688,0.0,27.0,0.0,2.0,0.050000000000000044,1.612976985052228,1.6030797399580479,0.032990850624628365
immediate_advantage_dqn,811,756,78.5755191668868,81.06472643852234,26.2842613235116,52.2912575006485,1.4644213877618313,15432.354705810547,0.0,23.0,0.0,0.0,0.050000000000000044,2.1826114282011986,2.174547091126442,0.026881189667619765
immediate_advantage_dqn,811,757,74.50810734182596,80.54789346642792,27.06648411601782,47.44162282347679,1.4329511690884829,14938.311079025269,0.0,22.0,0.0,1.0,0.050000000000000044,1.945115428417921,1.9341480657458305,0.03655783645808697
immediate_advantage_dqn,811,758,71.18787185251713,80.05248916856945,28.15022873878479,43.037643486261366,1.4888658802956343,16299.603565216064,0.0,23.0,0.0,3.0,0.050000000000000044,1.7244202885776758,1.7157844677567482,0.02878610580228269
immediate_advantage_dqn,811,759,83.00499667972326,80.05599473446608,29.039668686687946,53.96532791852951,1.4832091052085161,16257.587268829346,0.0,24.0,0.0,2.0,0.050000000000000044,1.4848612416535616,1.475000038743019,0.03287071024533361
immediate_advantage_dqn,811,760,75.30486665070057,80.67834549531342,27.188305899500847,48.1165609896183,1.4435849282890558,15404.686916351318,0.0,23.0,0.0,2.0,0.050000000000000044,1.3651986792683601,1.3550137542188168,0.03394978784490377
immediate_advantage_dqn,811,761,81.39819137752056,80.02898731470108,29.658312991261482,51.73987819254398,1.5194067098200321,17222.00468826294,0.0,25.0,0.0,0.0,0.050000000000000044,1.9152000769972801,1.9072594493627548,0.026468822150491178
immediate_advantage_dqn,811,762,75.3463059976697,79.86421258509161,29.49385219067335,45.85245352387428,1.5071890046820045,17266.950885772705,0.0,21.0,0.0,2.0,0.050000000000000044,2.262191630899906,2.253079980611801,0.030372121604159474
immediate_advantage_dqn,811,763,64.9553243368864,79.27988171786072,25.518614664673805,39.43671014904976,1.3883266067132354,14480.278011322021,0.0,20.0,0.0,0.0,0.050000000000000044,1.2763115167617798,1.2648955583572388,0.03805314842611551
immediate_advantage_dqn,811,764,89.56721393764019,79.55903149008752,31.40237358957529,58.16484001278877,1.5353228077292442,17570.026737213135,0.0,26.0,0.0,1.0,0.050000000000000044,1.4963297322392464,1.488314414396882,0.02671771077439189
immediate_advantage_dqn,811,765,71.6129716783762,79.14235069252553,25.85182347893715,45.7611488699913,1.433135568164289,14936.050285339355,0.0,23.0,0.0,1.0,0.050000000000000044,1.1141104847192764,1.105647610500455,0.02820958022493869
immediate_advantage_dqn,811,766,57.89982134848833,78.30223102994265,24.823364935815334,33.0764562189579,1.3786717830225825,13981.559383392334,0.0,18.0,0.0,1.0,0.050000000000000044,1.791178585961461,1.7836926113814116,0.02495328150689602
immediate_advantage_dqn,811,767,84.39507842808962,79.12732853531838,30.96575252711773,53.429326847195625,1.5589062944054604,17807.963954925537,0.0,24.0,0.0,0.0,0.050000000000000044,1.6990000903606415,1.6900085899978876,0.02997166325803846
immediate_advantage_dqn,811,768,75.55536942183971,79.08085577309132,28.020667538046837,47.534701347351074,1.4885921524837613,16126.822425842285,0.0,21.0,0.0,2.0,0.050000000000000044,1.3389667961746454,1.3303669691085815,0.028666101046837866
immediate_advantage_dqn,811,769,83.10480470210314,78.80581531964243,29.851594604551792,53.25321017205715,1.5133287915959954,16763.58002090454,0.0,25.0,0.0,1.0,0.050000000000000044,2.422796903178096,2.412104282528162,0.035642030416056514
immediate_advantage_dqn,811,770,82.74756370484829,78.36403368107975,29.800646357238293,52.946916952729225,1.5284977676346898,17486.090003967285,0.0,25.0,0.0,1.0,0.050000000000000044,1.842289250344038,1.833817033097148,0.028240676852874458
immediate_advantage_dqn,811,771,84.74628275632858,78.99564086660743,30.759166583418846,53.98711594939232,1.5292793679982424,17470.533893585205,0.0,26.0,0.0,0.0,0.050000000000000044,1.984192280098796,1.9755105525255203,0.028939016978256404
immediate_advantage_dqn,811,772,78.57124839127064,78.85950455717743,28.039221778512,50.53202688097954,1.4604838117957115,16050.492172241211,0.0,23.0,0.0,2.0,0.050000000000000044,1.7440665420144796,1.7371572814881802,0.023030947311781347
immediate_advantage_dqn,811,773,84.60563483834267,78.8861193791777,30.354980245232582,54.25065463781357,1.5717341620475054,17856.668865203857,0.0,26.0,0.0,1.0,0.050000000000000044,1.7769011780619621,1.7680822256952524,0.029396534664556384
immediate_advantage_dqn,811,774,72.03355495035649,78.08202794916929,27.640114799141884,44.39344003200531,1.4429668979719281,15870.200866699219,0.0,20.0,0.0,1.0,0.050000000000000044,2.047731202095747,2.0391001477837563,0.02877020335290581
immediate_advantage_dqn,811,775,88.90496366769075,77.90128456145524,30.65816491097212,58.24679856300354,1.5977553324773908,18131.256340026855,0.0,26.0,0.0,5.0,0.050000000000000044,1.8816756699234247,1.8731758408248425,0.0283327829092741
immediate_advantage_dqn,811,776,92.63105501532554,78.60406135387719,31.479921758174896,61.15113294422626,1.551128201186657,17466.31792449951,0.0,28.0,0.0,3.0,0.050000000000000044,2.1967624463140965,2.188767187297344,0.02665084693580866
immediate_advantage_dqn,811,777,97.463209182024,79.75181644588709,33.06601455062628,64.39719481766224,1.627020025625825,19064.792278289795,0.0,30.0,0.0,0.0,0.050000000000000044,2.053768362849951,2.045723035931587,0.02681776264216751
immediate_advantage_dqn,811,778,69.04770514369011,79.64480811044572,25.591038092970848,43.45666688680649,1.4316338142380118,14807.80277633667,0.0,20.0,0.0,0.0,0.050000000000000044,2.2520867716521025,2.2445940263569355,0.02497582300566137
immediate_advantage_dqn,811,779,86.38238336145878,79.81367744453252,29.764553524553776,56.617829874157906,1.5578294433653355,17651.752285003662,0.0,27.0,0.0,0.0,0.050000000000000044,2.2242670133709908,2.2126725278794765,0.03864830604288727
immediate_advantage_dqn,811,780,84.53193471580744,80.27503084778786,30.873008154332638,53.65892690420151,1.5647131353616714,17773.500438690186,0.0,23.0,0.0,0.0,0.050000000000000044,1.565760776400566,1.5583373606204987,0.02474470273591578
immediate_advantage_dqn,811,781,78.3536759763956,80.12280507773161,28.83500788360834,49.51866790652275,1.4986268682405353,16490.634998321533,0.0,23.0,0.0,1.0,0.050000000000000044,1.827125335112214,1.818787157535553,0.02779392758384347
immediate_advantage_dqn,811,782,98.91495797932149,81.30123767681421,30.714897453784943,68.20006060004235,1.6208878010511398,18269.296731948853,0.0,31.0,0.0,1.0,0.050000000000000044,2.097069274634123,2.0877990182489157,0.03090085496660322
immediate_advantage_dqn,811,783,80.73354557156563,82.09014873854817,29.15713183581829,51.576413840055466,1.5095455143600702,16521.083694458008,0.0,24.0,0.0,1.0,0.050000000000000044,2.083686038851738,2.0757549591362476,0.026436940301209688
immediate_advantage_dqn,811,784,77.37000889331102,81.48028848633172,28.039643354713917,49.33036568760872,1.4858323894441128,16485.957443237305,0.0,22.0,0.0,0.0,0.050000000000000044,2.1172860991209745,2.1099882517009974,0.02432621316984296
immediate_advantage_dqn,811,785,82.8430925026536,82.04179452754559,29.23085532337427,53.612236925959586,1.4856625525280833,16714.457653045654,0.0,25.0,0.0,2.0,0.050000000000000044,1.8419169820845127,1.8342292252928019,0.025625850539654493
immediate_advantage_dqn,811,786,60.640293300151825,82.17881812512876,25.105382159352303,35.53491131961346,1.3817761139944196,13720.932472229004,0.0,19.0,0.0,1.0,0.050000000000000044,1.9716582857072353,1.962339784950018,0.031061679357662797
immediate_advantage_dqn,811,787,87.81772079467774,82.34995024345815,30.43329206109047,57.38442931473255,1.551749219186604,17398.226593017578,0.0,26.0,0.0,2.0,0.050000000000000044,1.5862925183027983,1.5786031782627106,0.025631115771830082
immediate_advantage_dqn,811,788,72.72754942029715,82.20855924338105,25.829130731523037,46.898419404029845,1.4443993801251054,14970.676315307617,0.0,21.0,0.0,2.0,0.050000000000000044,1.6083027385175228,1.6010360904037952,0.024222143343649805
immediate_advantage_dqn,811,789,75.77965372800827,81.8423016946763,28.517947107553482,47.26170668005943,1.4717246675863862,16650.746700286865,0.0,21.0,0.0,1.0,0.050000000000000044,2.393503773957491,2.3851929400116205,0.027702767518348992
immediate_advantage_dqn,811,790,66.68509259819984,81.03917813934387,24.892311699688435,41.79278126358986,1.3775129998102784,14446.038087844849,0.0,21.0,0.0,1.0,0.050000000000000044,2.1753868013620377,2.1674630157649517,0.026412659673951566
immediate_advantage_dqn,811,791,88.20037333071232,81.21188266806305,29.21808410435915,58.982289576530455,1.5335155166685581,16771.314876556396,0.0,27.0,0.0,2.0,0.050000000000000044,2.130383303388953,2.1221521217375994,0.027437317301519215
immediate_advantage_dqn,811,792,81.53988821059465,81.36031465902926,30.705890096724033,50.83399823307991,1.5443679261952639,17622.438789367676,0.0,24.0,0.0,0.0,0.050000000000000044,1.7719349525868893,1.7638933062553406,0.026805468485690653
immediate_advantage_dqn,811,793,99.80764058232307,82.12041494622827,31.803421512246132,68.00421868264675,1.6102903001010418,18373.499221801758,0.0,30.0,0.0,0.0,0.050000000000000044,1.623225998133421,1.6136654391884804,0.03186856140382588
immediate_advantage_dqn,811,794,85.49468385577202,82.79347139149905,30.107332453131676,55.387352073192595,1.5316921519115567,17068.21409225464,0.0,26.0,0.0,1.0,0.050000000000000044,1.8189774546772242,1.8124248143285513,0.021842086222022772
immediate_advantage_dqn,811,795,90.46172013282776,82.87130921475591,29.695375844836235,60.766343706846236,1.559907115995884,17575.551342010498,0.0,28.0,0.0,1.0,0.050000000000000044,1.6802184823900461,1.6714481562376022,0.029234436573460698
immediate_advantage_dqn,811,796,83.1884135261178,82.3991771402955,29.057125829160213,54.13128812909126,1.50498350802809,16471.585174560547,0.0,24.0,0.0,2.0,0.050000000000000044,2.2963927164673805,2.2873701751232147,0.030075102811679244
immediate_advantage_dqn,811,797,74.8343745931983,81.26773541085423,27.83018507808447,47.00418973863125,1.5102410092949867,16357.667804718018,0.0,22.0,0.0,2.0,0.050000000000000044,2.1900291070342064,2.1818079873919487,0.027403697138652205
immediate_advantage_dqn,811,798,70.28227675259113,81.32946399129928,28.65538516640663,41.626891914010045,1.4648706912994385,16609.614700317383,0.0,20.0,0.0,2.0,0.050000000000000044,1.968053676187992,1.9600221365690231,0.0267718059476465
immediate_advantage_dqn,811,799,75.49085135906935,80.78488739117981,29.085469715297222,46.40538137555122,1.5370152778923512,16986.495712280273,0.0,22.0,0.0,1.0,0.050000000000000044,2.3782802671194077,2.3706707190722227,0.025365158799104393
immediate_advantage_dqn,811,800,57.78231297433376,79.44740630410612,23.80332112312317,33.97899213433266,1.3540684496983886,13468.58056640625,0.0,19.0,0.0,0.0,0.050000000000000044,1.7581372167915106,1.748975694179535,0.03053842531517148
immediate_advantage_dqn,811,801,72.13090894371271,79.13626795247197,25.768876679241657,46.3620320558548,1.4383173575624824,15029.375308990479,0.0,22.0,0.0,0.0,0.050000000000000044,1.750546494498849,1.7411660216748714,0.03126829047687352
immediate_advantage_dqn,811,802,91.00719698667527,78.74087990283968,30.278790645301342,60.72840587198734,1.570946135558188,17661.84597015381,0.0,26.0,0.0,3.0,0.050000000000000044,2.0524653643369675,2.044632326811552,0.026110065169632435
immediate_advantage_dqn,811,803,76.36224761009217,78.522315004766,27.581104435026646,48.78114356994629,1.4649840891361237,15650.97685623169,0.0,23.0,0.0,1.0,0.050000000000000044,2.1722890194505453,2.163372853770852,0.02972057252191007
immediate_advantage_dqn,811,804,81.69178411364555,78.73840376578272,28.940784581005573,52.75099937617779,1.5109185529872775,16857.23783493042,0.0,27.0,0.0,0.0,0.050000000000000044,1.6310249026864767,1.62346550822258,0.025197939830832183
immediate_advantage_dqn,811,805,74.1990489885211,78.3062015900761,27.631207011640072,46.56784215569496,1.4935687249526381,16319.149250030518,0.0,24.0,0.0,0.0,0.050000000000000044,1.678502056747675,1.6705675423145294,0.026448385906405747
immediate_advantage_dqn,811,806,84.79701609164476,79.51403772965075,29.955991581082344,54.84102463722229,1.5458345524966717,17403.853755950928,0.0,26.0,0.0,1.0,0.050000000000000044,2.0940546486526728,2.084777906537056,0.03092247701715678
immediate_advantage_dqn,811,807,84.716820114851,79.35899269565941,29.823220774531364,54.89359957873821,1.5005343779921532,16784.456832885742,0.0,25.0,0.0,2.0,0.050000000000000044,1.81340335868299,1.8060232233256102,0.02460049744695425
immediate_advantage_dqn,811,808,73.9223806783557,79.41873425856234,28.0308161303401,45.89156474173069,1.5135047435760498,16632.865993499756,0.0,24.0,0.0,0.0,0.050000000000000044,1.9820998571813107,1.9732427168637514,0.029523802222684026
immediate_advantage_dqn,811,809,75.91022864729166,79.4252630045265,28.02943494170904,47.880793407559395,1.4622889161109924,15742.747241973877,0.0,23.0,0.0,2.0,0.050000000000000044,1.9659380801022053,1.9573430493474007,0.028650116524659097
immediate_advantage_dqn,811,810,89.14934507906437,80.54847562856973,31.38266249001026,57.76668288707733,1.5626251325011253,18006.184741973877,0.0,25.0,0.0,2.0,0.050000000000000044,2.018343359231949,2.0114476829767227,0.022985560935921967
immediate_advantage_dqn,811,811,78.24571320563555,80.0507426223159,28.252429574728012,49.993283772468565,1.4869185127317905,16228.729497909546,0.0,24.0,0.0,1.0,0.050000000000000044,1.5792272575199604,1.5701527185738087,0.03024842299055308
immediate_advantage_dqn,811,812,72.30257595330477,79.58887700945141,27.34994190186262,44.95263320207596,1.4495585076510906,15656.914073944092,0.0,21.0,0.0,3.0,0.050000000000000044,2.000658594071865,1.9941575676202774,0.021670069312676787
immediate_advantage_dqn,811,813,81.24745630472898,78.6608677955717,29.846919663250446,51.40053650736809,1.495549263432622,16909.07875061035,0.0,25.0,0.0,1.0,0.050000000000000044,1.7756464257836342,1.7687453366816044,0.02300360705703497
immediate_advantage_dqn,811,814,90.40347065031528,78.90630713529886,30.123135313391685,60.28033526241779,1.573479427024722,17651.624042510986,0.0,28.0,0.0,0.0,0.050000000000000044,1.6054785680025816,1.5984543841332197,0.02341390703804791
immediate_advantage_dqn,811,815,82.291170540452,78.49777965568006,29.189251735806465,53.101919162273404,1.5148160373792052,16848.477867126465,0.0,24.0,0.0,2.0,0.050000000000000044,1.881853386759758,1.873063825070858,0.02929854649119079
immediate_advantage_dqn,811,816,80.05665894895792,78.34119192682206,29.956022031605244,50.100637170672414,1.5118539212271571,17036.755558013916,0.0,24.0,0.0,3.0,0.050000000000000044,1.307254895567894,1.2990371845662594,0.027392356074415147
immediate_advantage_dqn,811,817,74.61381259709597,78.33016382701695,28.160281099379063,46.45353197455406,1.4786479119211435,16086.421245574951,0.0,21.0,0.0,1.0,0.050000000000000044,1.8977770134806633,1.889286782592535,0.028300773352384567
immediate_advantage_dqn,811,818,86.9146887883544,79.16178442880512,30.194079749286175,56.72060880064964,1.504444700665772,16709.966136932373,0.0,26.0,0.0,0.0,0.050000000000000044,2.219501519575715,2.2113006226718426,0.02733629976864904
immediate_advantage_dqn,811,819,84.5218691021204,79.61333531595768,29.70162995904684,54.82023909091949,1.5387583235278726,17286.698280334473,0.0,25.0,0.0,2.0,0.050000000000000044,1.4630443006753922,1.4532777518033981,0.032555181067436934
immediate_advantage_dqn,811,820,74.49766463786364,80.44910289913416,26.16752650588751,48.33013838529587,1.4284116635099053,15125.510988235474,0.0,25.0,0.0,3.0,0.050000000000000044,1.4726238008588552,1.4644073992967606,0.027388004993554205
immediate_advantage_dqn,811,821,74.53369282484054,80.56924209319055,28.980588853359222,45.55310444831848,1.4800312658771873,16579.967094421387,0.0,20.0,0.0,2.0,0.050000000000000044,1.7817078940570354,1.7716656662523746,0.03347404138185084
immediate_advantage_dqn,811,822,60.02761958539486,79.02026322312653,22.36072638630867,37.666893258690834,1.3492489401251078,13052.34734916687,0.0,20.0,0.0,0.0,0.050000000000000044,2.0509966500103474,2.0434634648263454,0.025110646500252187
immediate_advantage_dqn,811,823,75.7536570429802,78.98983369477094,26.897592961788177,48.856063693761826,1.4355440810322762,15480.524951934814,0.0,23.0,0.0,0.0,0.050000000000000044,2.0951627120375633,2.087345417588949,0.026057617622427642
immediate_advantage_dqn,811,824,73.50167474150658,78.58032822616397,27.66053894162178,45.84113594889641,1.4581168806180358,15513.937301635742,0.0,22.0,0.0,1.0,0.050000000000000044,1.6466414537280798,1.6381674241274595,0.028246725676581264
immediate_advantage_dqn,811,825,90.617714458704,79.40126149967314,29.43287966400385,61.18483462333679,1.550458743236959,17448.93027114868,0.0,25.0,0.0,1.0,0.050000000000000044,1.9138711113482714,1.9062534850090742,0.02539203641936183
immediate_advantage_dqn,811,826,76.2000588029623,78.97141363523902,25.70688322931528,50.493175104260445,1.441329414024949,14826.455223083496,0.0,25.0,0.0,1.0,0.050000000000000044,1.5369545612484217,1.5289030689746141,0.026838314021006227
immediate_advantage_dqn,811,827,93.33939856290817,79.40254255764187,31.847913652658463,61.49148513376713,1.5909110205247998,18636.690826416016,0.0,28.0,0.0,2.0,0.050000000000000044,2.004693366587162,1.9961713403463364,0.028406777884811163
immediate_advantage_dqn,811,828,79.89794205278159,79.70132062636317,27.684484146535397,52.21345807015896,1.4959122082218528,16408.791597366333,0.0,23.0,0.0,1.0,0.050000000000000044,2.0987510662525892,2.0902248099446297,0.028420855989679694
immediate_advantage_dqn,811,829,80.95477841198445,79.95354811459781,27.04562945663929,53.909149491786955,1.4900048561394215,15918.950759887695,0.0,25.0,0.0,1.0,0.050000000000000044,1.8173774164170027,1.8103389628231525,0.023461480508558452
immediate_advantage_dqn,811,830,73.77672037482262,79.18491687938572,27.69466682523489,46.08205370604992,1.5092947045341134,16140.359518051147,0.0,23.0,0.0,0.0,0.050000000000000044,1.738633193075657,1.7316907569766045,0.023141456418670714
immediate_advantage_dqn,811,831,66.58367305994034,78.60181487210096,25.492732122540474,41.09094074368477,1.383303565904498,14440.716892242432,0.0,22.0,0.0,0.0,0.050000000000000044,1.7775670140981674,1.7698871288448572,0.02559964533429593
immediate_advantage_dqn,811,832,69.73662962913514,78.47351755589247,24.88428097218275,44.85234878361225,1.424509635195136,14925.110450744629,0.0,20.0,0.0,1.0,0.050000000000000044,1.9380213599652052,1.930715823546052,0.024351818836294115
immediate_advantage_dqn,811,833,74.20401802808047,78.12134564206005,25.254989869892597,48.94902836680412,1.4447741219773889,14754.115779876709,0.0,24.0,0.0,2.0,0.050000000000000044,2.2451860792934895,2.2381867356598377,0.023331066011451185
immediate_advantage_dqn,811,834,62.01322264224291,76.70183324165643,24.54991165548563,37.463311210274696,1.3755668587982655,14254.245555877686,0.0,21.0,0.0,0.0,0.050000000000000044,2.096149805933237,2.0896868780255318,0.021543064096476883
immediate_advantage_dqn,811,835,90.33627088367939,77.1040882588178,30.327505961060524,60.00876426696777,1.557454800233245,17883.000148773193,0.0,27.0,0.0,0.0,0.050000000000000044,1.964002750813961,1.9559312015771866,0.026905132574029267
immediate_advantage_dqn,811,836,70.69697127789259,76.63610387526452,27.021046921610832,43.6759239166975,1.4712513517588377,15865.455352783203,0.0,22.0,0.0,2.0,0.050000000000000044,1.9262704495340586,1.91923438757658,0.02345357066951692
immediate_advantage_dqn,811,837,59.856963969767094,75.89826144389808,24.72672549635172,35.13023892045021,1.4000517558306456,14298.81838607788,0.0,19.0,0.0,1.0,0.050000000000000044,2.0110588055104017,2.0028783697634935,0.0272681787610054
immediate_advantage_dqn,811,838,91.41672795265913,76.12336340211331,30.938631780445576,60.47809627652168,1.558471793308854,17595.2804107666,0.0,27.0,0.0,0.0,0.050000000000000044,2.3507514744997025,2.3427040353417397,0.026824782486073673
immediate_advantage_dqn,811,839,86.24636276066303,76.20958808504045,29.483146250247955,56.76321664452553,1.512777404859662,16692.31475830078,0.0,27.0,0.0,0.0,0.050000000000000044,1.5009108185768127,1.493997760117054,0.02304355934029445
immediate_advantage_dqn,811,840,69.9570364356041,75.98255667492747,26.81136365234852,43.145672649145126,1.4356995550915599,15440.004821777344,0.0,21.0,0.0,0.0,0.050000000000000044,1.7112435884773731,1.7031472772359848,0.02698769315611571
immediate_advantage_dqn,811,841,67.91639769822359,75.65169191859664,26.05220154672861,41.86419594287872,1.4112941781058908,15124.207363128662,0.0,20.0,0.0,1.0,0.050000000000000044,2.029331335797906,2.021101016551256,0.027434347895905375
immediate_advantage_dqn,811,842,79.43288581222296,76.62195522993804,29.724329203367233,49.70855640769005,1.5045504458248615,16881.478172302246,0.0,24.0,0.0,1.0,0.050000000000000044,1.6962372716516256,1.6875794902443886,0.028859326848760247
immediate_advantage_dqn,811,843,77.91241288334132,76.7298930219561,28.528687812387943,49.3837252497673,1.473599836230278,15899.955821990967,0.0,23.0,0.0,4.0,0.050000000000000044,2.3205664232373238,2.3116809464991093,0.029618243221193552
immediate_advantage_dqn,811,844,77.7742832943797,76.94352344959975,28.85363156348467,48.920651611685756,1.5032137352973223,16857.26319885254,0.0,23.0,0.0,3.0,0.050000000000000044,1.7030315734446049,1.6953437272459269,0.025626101181842387
immediate_advantage_dqn,811,845,78.82191845029593,76.35373364917936,28.102590888738632,50.71932752430439,1.5043787565082312,16213.89029121399,0.0,24.0,0.0,0.0,0.050000000000000044,1.781163066625595,1.7721290830522776,0.030113247456029058
immediate_advantage_dqn,811,846,63.536415815353394,75.7205514997989,25.455106988549232,38.08130867779255,1.422478006221354,14629.170036315918,0.0,20.0,0.0,1.0,0.050000000000000044,1.9354347605258226,1.927537888288498,0.026322926278226078
immediate_advantage_dqn,811,847,64.01465307176113,74.25431422524154,26.778931483626366,37.23572175204754,1.4332068301737309,15414.785606384277,0.0,18.0,0.0,0.0,0.050000000000000044,2.16695274785161,2.1587798558175564,0.02724302653223276
immediate_advantage_dqn,811,848,81.42173440009356,74.33050384260714,30.72448755055666,50.69724701344967,1.5577665818855166,17959.368673324585,0.0,24.0,0.0,2.0,0.050000000000000044,1.8394693303853273,1.8319896720349789,0.024932221043854952
immediate_advantage_dqn,811,849,72.99720738828182,73.932625291422,26.955950289964676,46.0412570387125,1.421941285021603,15149.800384521484,0.0,23.0,0.0,1.0,0.050000000000000044,1.6192851178348064,1.6112236008048058,0.02687167632393539
immediate_advantage_dqn,811,850,63.71576428711414,73.42957748703658,24.28180442750454,39.43396021723747,1.408891181461513,14458.222618103027,0.0,19.0,0.0,2.0,0.050000000000000044,1.368558656424284,1.360269457101822,0.02763062878511846
immediate_advantage_dqn,811,851,76.90360437333584,73.94557405270635,27.70500348508358,49.19860063493252,1.4788762331008911,16159.702495574951,0.0,23.0,0.0,4.0,0.050000000000000044,1.704949701204896,1.6978508960455656,0.023662718362174928
immediate_advantage_dqn,811,852,63.50219068825245,73.63385210566223,27.051169723272324,36.4510213971138,1.4403747916221619,15604.072341918945,0.0,17.0,0.0,1.0,0.050000000000000044,1.5886318795382977,1.5793849248439074,0.03082315670326352
immediate_advantage_dqn,811,853,70.94672875106335,73.47098764181138,28.15659500658512,42.79013389348984,1.4755080454051495,16062.000324249268,0.0,21.0,0.0,1.0,0.050000000000000044,1.4230093378573656,1.4146333020180464,0.027920074528083205
immediate_advantage_dqn,811,854,84.67661239951849,74.60415712967514,29.273598946630955,55.403013080358505,1.5286017833277583,16967.144203186035,0.0,26.0,0.0,0.0,0.050000000000000044,1.9497834965586662,1.9432764761149883,0.02169000986032188
immediate_advantage_dqn,811,855,83.10057115852833,74.2423721434176,29.47532983124256,53.6252415060997,1.4948466680943966,16759.577934265137,0.0,24.0,0.0,3.0,0.050000000000000044,1.3126365132629871,1.3054377175867558,0.023995956289581954
immediate_advantage_dqn,811,856,103.19236149936914,75.86714165449142,34.79279575496912,68.39956613183021,1.6485952073708177,20011.558610916138,0.0,30.0,0.0,3.0,0.050000000000000044,1.2820196971297264,1.2749960850924253,0.023412003298290074
immediate_advantage_dqn,811,857,87.45958589911461,77.2472727509588,29.333063051104546,58.126522147655486,1.5261412682011724,16618.54993057251,0.0,27.0,0.0,1.0,0.050000000000000044,1.8712132032960653,1.8628552481532097,0.027859869529493153
immediate_advantage_dqn,811,858,77.80113220214844,76.56649296343326,27.29456851631403,50.50656354427338,1.450368955731392,15830.354614257812,0.0,23.0,0.0,1.0,0.050000000000000044,1.839852949604392,1.8334458749741316,0.021356868324801326
immediate_advantage_dqn,811,859,67.8223864376545,75.64529414728284,25.786272332072258,42.036114090681075,1.4553565066307783,15143.235363006592,0.0,21.0,0.0,1.0,0.050000000000000044,1.317158030346036,1.310072934255004,0.023617018247023225
immediate_advantage_dqn,811,860,87.27315087914467,76.51109986945988,30.75855791568756,56.51459324657917,1.5621618581935763,17584.170680999756,0.0,26.0,0.0,2.0,0.050000000000000044,1.5681819189339876,1.561121877282858,0.023533553874585778
immediate_advantage_dqn,811,861,83.89323033541442,77.30994150131941,28.527845807373524,55.36538460254669,1.5187589777633548,16805.358924865723,0.0,26.0,0.0,3.0,0.050000000000000044,1.8582770861685276,1.8516536634415388,0.022078082081861794
immediate_advantage_dqn,811,862,88.00296568274499,77.73844549484554,30.48464074730873,57.518324667215346,1.5480528688058257,17268.021739959717,0.0,28.0,0.0,1.0,0.050000000000000044,1.5938996486365795,1.5853476971387863,0.028506562812253833
immediate_advantage_dqn,811,863,81.57665235847234,77.92165746860208,28.46387292444706,53.112779180705544,1.4999292744323611,16109.522872924805,0.0,24.0,0.0,3.0,0.050000000000000044,1.6256451774388552,1.6175530049949884,0.026973904576152563
immediate_advantage_dqn,811,864,86.1819803506136,78.34204232141377,28.986632138490677,57.19534773528576,1.5226749582216144,16502.802520751953,0.0,27.0,0.0,3.0,0.050000000000000044,1.9939253740012646,1.9872922208160162,0.0221104824449867
immediate_advantage_dqn,811,865,99.97424902021885,79.39965884990991,33.38190716505051,66.59234201908112,1.6080634715035558,19308.303924560547,0.0,29.0,0.0,0.0,0.050000000000000044,1.7383229974657297,1.7311623096466064,0.02386892249342054
immediate_advantage_dqn,811,866,84.87756006568671,80.46671606242658,27.17835222929716,57.699207776784895,1.46883674710989,15371.458709716797,0.0,28.0,0.0,2.0,0.050000000000000044,1.5790564566850662,1.572676183655858,0.021267557749524713
immediate_advantage_dqn,811,867,99.7163193076849,82.25179937422277,34.129921555519104,65.58639806509018,1.6314202602952719,19525.97362136841,0.0,29.0,0.0,1.0,0.050000000000000044,1.5152269583195448,1.5086435601115227,0.02194466721266508
immediate_advantage_dqn,811,868,97.67587547898293,83.06450642816723,32.08011935651302,65.59575548171998,1.6089663105085492,18235.45938873291,0.0,29.0,0.0,1.0,0.050000000000000044,2.0097923018038273,2.001523692160845,0.027562009054236114
immediate_advantage_dqn,811,869,65.5243042781949,82.69086127266289,27.197811268270016,38.326493322849274,1.465072781778872,15587.079584121704,0.0,19.0,0.0,0.0,0.050000000000000044,1.9051116593182087,1.8973068986088037,0.02601583395153284
immediate_advantage_dqn,811,870,72.51741706132889,83.13094391137362,27.062359169125557,45.45505793690681,1.4591499110683799,15470.548175811768,0.0,22.0,0.0,2.0,0.050000000000000044,1.876235231757164,1.870150662958622,0.020281857810914516
immediate_advantage_dqn,811,871,67.55264558792115,82.66339597210289,24.161941781640053,43.39070298671722,1.4204472228884697,14426.645877838135,0.0,20.0,0.0,1.0,0.050000000000000044,1.61634586378932,1.6100397557020187,0.021020355983637273
immediate_advantage_dqn,811,872,79.40141692906619,83.45835728414357,27.539254777133465,51.862162405252455,1.4722783686593175,15765.317153930664,0.0,24.0,0.0,2.0,0.050000000000000044,1.4126394763588905,1.4049886651337147,0.025502679869532585
immediate_advantage_dqn,811,873,69.32572958618402,83.37730732589961,26.524992145597935,42.80073754489422,1.4633814254775643,15587.77172088623,0.0,22.0,0.0,2.0,0.050000000000000044,1.793000902980566,1.7865259647369385,0.021583135705441236
immediate_advantage_dqn,811,874,91.37375541776419,83.71216447681189,30.927751280367374,60.44600409269333,1.5660847388207912,18204.029762268066,0.0,27.0,0.0,0.0,0.050000000000000044,2.2602430135011673,2.2510979399085045,0.030483701382763684
immediate_advantage_dqn,811,875,85.48012222349644,83.8311420300603,29.764609307050705,55.71551242470741,1.540160414762795,17357.687419891357,0.0,25.0,0.0,2.0,0.050000000000000044,1.8958903346210718,1.8902090471237898,0.01893764140550047
immediate_advantage_dqn,811,876,101.52712789177895,83.74788034968078,32.36714148521423,69.15998600423336,1.6959221474826336,19566.429153442383,0.0,30.0,0.0,1.0,0.050000000000000044,2.0054461285471916,1.9973143003880978,0.02710604463936761
immediate_advantage_dqn,811,877,93.55383917689323,84.05259301356972,31.68183021992445,61.87200891971588,1.5937432013452053,18445.415838241577,0.0,27.0,0.0,2.0,0.050000000000000044,2.046700742095709,2.0390333868563175,0.025557777378708124
immediate_advantage_dqn,811,878,73.68073378801346,83.84657309286295,26.03130116313696,47.64943294525146,1.427644694224,14983.487579345703,0.0,23.0,0.0,2.0,0.050000000000000044,1.6399536058306694,1.6335559710860252,0.021325406851246953
immediate_advantage_dqn,811,879,86.48410049825907,84.7796587958932,30.742094360291958,55.74200585484505,1.5387463215738535,17526.433952331543,0.0,25.0,0.0,1.0,0.050000000000000044,1.8317588567733765,1.8250339701771736,0.022416219988372177
immediate_advantage_dqn,811,880,83.02035504579544,84.56701900422573,30.105656526982784,52.91469877958298,1.5167473359033465,17007.78413772583,0.0,24.0,0.0,0.0,0.050000000000000044,1.646490216255188,1.6388320289552212,0.025527250370942056
immediate_advantage_dqn,811,881,66.17791505903006,83.6812532404065,26.7015628144145,39.47635209560394,1.4860502993687987,15914.089416503906,0.0,21.0,0.0,2.0,0.050000000000000044,1.8869080916047096,1.8799323998391628,0.02325233817100525
immediate_advantage_dqn,811,882,83.32616186887026,83.44741304971278,29.35601118206978,53.970150366425514,1.513328311033547,16748.797245025635,0.0,25.0,0.0,2.0,0.050000000000000044,1.8628223817795515,1.855365563184023,0.02485602512024343
immediate_advantage_dqn,811,883,80.27242755442857,83.38220180951058,28.36253048479557,51.90989724099636,1.5257174726575613,16887.946880340576,0.0,22.0,0.0,2.0,0.050000000000000044,1.4944688864052296,1.4876638874411583,0.022683341754600406
immediate_advantage_dqn,811,884,80.48915369957686,83.09756047695876,28.890583775937557,51.59856984913349,1.486112100072205,16477.655632019043,0.0,24.0,0.0,2.0,0.050000000000000044,1.9193995594978333,1.9123397395014763,0.023532766615971923
immediate_advantage_dqn,811,885,62.0568793118,81.2016919915378,25.88536049425602,36.17151866853237,1.3994976785033941,14880.121891021729,0.0,18.0,0.0,0.0,0.050000000000000044,1.5377317368984222,1.530163660645485,0.025226901867426932
immediate_advantage_dqn,811,886,77.28531559556723,80.82207976803184,28.283617943525314,49.001697182655334,1.5062733450904489,16647.178853988647,0.0,22.0,0.0,3.0,0.050000000000000044,1.8799031861126423,1.8729577958583832,0.02315132273361087
immediate_advantage_dqn,811,887,71.95221125632524,79.43387436546385,25.934701211750507,46.01750995516777,1.4355676742270589,15355.566608428955,0.0,21.0,0.0,2.0,0.050000000000000044,2.2872581593692303,2.280589561909437,0.022228699584957212
immediate_advantage_dqn,811,888,60.741252072155476,77.58714319512248,23.325274877250195,37.41597706079483,1.3810368739068508,14127.724376678467,0.0,19.0,0.0,0.0,0.050000000000000044,1.7256126198917627,1.7190399579703808,0.02190880139824003
immediate_advantage_dqn,811,889,84.86078976988793,78.55396746970713,29.287831760942936,55.57295858263969,1.5519737619906664,17198.167823791504,0.0,26.0,0.0,4.0,0.050000000000000044,1.5802109856158495,1.5729614663869143,0.024165086913853884
immediate_advantage_dqn,811,890,82.62500507533551,79.05934687040747,28.197256550192833,54.427748242020606,1.4990124525502324,16078.42289352417,0.0,26.0,0.0,3.0,0.050000000000000044,1.6046009473502636,1.5971360243856907,0.024883089936338365
immediate_advantage_dqn,811,891,80.4591855198145,79.70467386700214,28.192916586995125,52.266268947720526,1.4614258222281933,15949.778827667236,0.0,25.0,0.0,1.0,0.050000000000000044,2.0853123664855957,2.0785840898752213,0.02242759638465941
immediate_advantage_dqn,811,892,78.78608407080173,79.67390722408894,28.639127790927887,50.14695569872856,1.4983181357383728,16579.180110931396,0.0,24.0,0.0,0.0,0.050000000000000044,1.495644012466073,1.4893557503819466,0.0209608442382887
immediate_advantage_dqn,811,893,64.31294524669647,79.42326800711454,24.972729220986366,39.3402162194252,1.4398919818922877,14803.261051177979,0.0,20.0,0.0,1.0,0.050000000000000044,1.8907523155212402,1.8847168665379286,0.020118160522542894
immediate_advantage_dqn,811,894,83.79670647531748,79.04441555999219,29.98763068765402,53.809075728058815,1.5312002208083868,16895.138263702393,0.0,25.0,0.0,1.0,0.050000000000000044,1.900077125057578,1.8932945914566517,0.022608433617278934
immediate_advantage_dqn,811,895,75.48468069136143,78.54464348338544,27.5012529194355,47.98342823386192,1.484115133062005,16192.013095855713,0.0,23.0,0.0,2.0,0.050000000000000044,1.8034965805709362,1.7958952337503433,0.025337793631479144
immediate_advantage_dqn,811,896,65.39621429145336,76.73809780336917,27.935988694429398,37.46022582054138,1.4539836989715695,15457.222888946533,0.0,19.0,0.0,1.0,0.050000000000000044,1.7165385093539953,1.7076718267053366,0.029555624118074775
immediate_advantage_dqn,811,897,78.80421409904957,76.00061654947699,26.543520964682102,52.26069329082966,1.4365398427471519,15378.901836395264,0.0,26.0,0.0,1.0,0.050000000000000044,1.7026373911648989,1.695520095527172,0.023724341939669102
immediate_advantage_dqn,811,898,88.93797542303801,76.76347863122822,30.49017121642828,58.44780456423759,1.547343123704195,17615.341384887695,0.0,27.0,0.0,1.0,0.050000000000000044,1.7600692808628082,1.7526284791529179,0.024802679545246065
immediate_advantage_dqn,811,899,90.5505156069994,76.96679938666523,31.59224459528923,58.95827156305313,1.5563658811151981,17928.028434753418,0.0,26.0,0.0,0.0,0.050000000000000044,2.2133288718760014,2.2036430314183235,0.03228618705179542
