variant,model_seed,episode,cost,rolling_cost,immediate_cost,penalty,energy_use,latency_ms,thermal_violation,energy_violation,queue_violation,contact_violation,epsilon,loss,td_loss,auxiliary_loss
immediate_advantage_dqn,819,0,114.77258965495983,114.77258965495983,38.11424466967583,76.6583451044933,1.7237367210909724,22679.978839874268,0.0,32.0,8.0,0.0,0.9954761904761905,,,
immediate_advantage_dqn,819,1,167.79830180177632,141.28544572836807,43.902254953980446,123.89604708621451,1.9494940163567662,26790.23117828369,0.0,35.0,17.0,1.0,0.9909523809523809,1.7451804876327515,1.7291582822799683,0.05340743064880371
immediate_advantage_dqn,819,2,176.93558998357983,153.16882714677197,49.51484543085098,127.42074437391486,1.961866781115532,28494.74429321289,0.0,39.0,24.0,2.0,0.9864285714285714,1.6128441765904427,1.598136492073536,0.049025618471205235
immediate_advantage_dqn,819,3,133.42014458799235,148.23165650707708,42.77797119319439,90.64217363321654,1.8775767302140594,25275.914222717285,0.0,37.0,19.0,0.0,0.981904761904762,1.6385365426540375,1.6271276324987411,0.03802971891127527
immediate_advantage_dqn,819,4,221.74208458386778,162.9337421224352,49.21755740791559,172.52452708654522,1.997880450449884,29175.229930877686,0.0,38.0,36.0,2.0,0.9773809523809524,1.4865703731775284,1.4775204062461853,0.030166540294885635
immediate_advantage_dqn,819,5,104.49715030342341,153.1943101525999,38.71932779997587,65.77782241404057,1.6742852302268147,22562.329414367676,0.0,30.0,0.0,1.0,0.9728571428571429,1.3253191858530045,1.3174340277910233,0.02628387662116438
immediate_advantage_dqn,819,6,99.54679314792156,145.53037915193156,37.004378989338875,62.542414367198944,1.6384791461750865,21341.63334274292,0.0,28.0,0.0,1.0,0.9683333333333334,1.042794518172741,1.0360960848629475,0.022328093938995153
immediate_advantage_dqn,819,7,157.54560159188446,147.03228195692571,45.59852568805218,111.94707620185548,1.9033552454784513,27173.98268890381,0.0,31.0,19.0,4.0,0.9638095238095238,1.0364063046872616,1.0323408991098404,0.013551336945965886
immediate_advantage_dqn,819,8,151.05396343804253,147.47913545482757,44.74227225780487,106.3116909716214,1.90385933034122,26884.070114135742,0.0,35.0,24.0,0.0,0.9592857142857143,1.1090291775763035,1.1031484492123127,0.01960242254426703
immediate_advantage_dqn,819,9,122.09490866363049,144.94071277570788,43.365278735756874,78.72962906360627,1.7827015733346343,25269.272315979004,0.0,33.0,0.0,1.0,0.9547619047619048,0.8761619031429291,0.8712366335093975,0.016417536127846688
immediate_advantage_dqn,819,10,165.89390405469874,146.84554834652525,44.57043765485287,121.32346625083429,1.915673683397472,26479.53062057495,0.0,36.0,25.0,2.0,0.9502380952380952,0.6698907241225243,0.6654419302940369,0.014829296851530671
immediate_advantage_dqn,819,11,109.05214331448079,143.69609792718822,39.14966240525246,69.90248049199582,1.7131693409755826,22598.233459472656,0.0,29.0,0.0,1.0,0.9457142857142857,0.5286141913384199,0.5233296975493431,0.017614970565773547
immediate_advantage_dqn,819,12,116.44905721247196,141.60017171836387,40.54419615864754,75.90486099421977,1.7814262118190527,23467.26005935669,0.0,32.0,0.0,4.0,0.9411904761904761,0.40411713160574436,0.40060728043317795,0.011699510214384645
immediate_advantage_dqn,819,13,106.53987133651972,139.09586454823216,37.73758668452501,68.80228500962258,1.6700349748134613,21758.53757095337,0.0,29.0,0.0,3.0,0.9366666666666666,0.32503967732191086,0.3216810580343008,0.011195395491085947
immediate_advantage_dqn,819,14,222.971708042891,144.68758744787607,41.81864148378372,181.15306655910734,1.9791418509557843,26091.581581115723,0.0,41.0,42.0,0.0,0.9321428571428572,0.3217773148790002,0.31859867833554745,0.010595458268653601
immediate_advantage_dqn,819,15,195.66869553316695,147.87390670320673,43.680429674685,151.98826544124944,1.9556193333119154,27195.223793029785,0.0,35.0,23.0,2.0,0.9276190476190476,0.6787619702517986,0.6755195762962103,0.010807962797116488
immediate_advantage_dqn,819,16,119.60045093297958,146.21076224613455,42.47253638505936,77.12791457772255,1.7702016802504659,24128.021518707275,0.0,32.0,0.0,1.0,0.9230952380952381,0.7606931142508984,0.756252646446228,0.014801560202613473
immediate_advantage_dqn,819,17,111.88623652607203,144.30384415057551,39.38945432752371,72.49678261578083,1.7695418344810605,23354.860622406006,0.0,31.0,0.0,1.0,0.9185714285714286,0.5057345572859049,0.5019049607217312,0.012765317194862291
immediate_advantage_dqn,819,18,152.64669713003303,144.7429416758101,42.18357336521149,110.46312372011809,1.8764747148379683,25350.111598968506,0.0,35.0,22.0,1.0,0.914047619047619,0.3552473112940788,0.35246012918651104,0.009290611429605633
immediate_advantage_dqn,819,19,156.48400153168345,145.32999466860377,44.70973737537861,111.77426375397349,1.8727763574570417,26450.398376464844,0.0,37.0,21.0,2.0,0.9095238095238095,0.3518361207097769,0.34924623370170593,0.008632938872324303
immediate_advantage_dqn,819,20,158.00090574595419,147.4914104731535,44.04421637952328,113.95668991777389,1.9681555451825261,26799.57375717163,0.0,33.0,19.0,1.0,0.905,0.3084010211750865,0.3056518668308854,0.00916383895673789
immediate_advantage_dqn,819,21,112.54532537352831,144.72876165174108,37.09165511280298,75.45366997760327,1.725312647409737,22323.849937438965,0.0,32.0,8.0,1.0,0.9004761904761904,0.29142839927226305,0.28892030753195286,0.00836029346100986
immediate_advantage_dqn,819,22,146.38693145246424,143.2013287251853,41.62569126486778,104.76124024720113,1.8363198824226856,24585.844123840332,0.0,39.0,22.0,1.0,0.895952380952381,0.26058065332472324,0.2582109924405813,0.007898871786892414
immediate_advantage_dqn,819,23,131.30777190046857,143.09571009080912,43.79653465747833,87.51123701947282,1.8290519062429667,25155.825004577637,0.0,33.0,17.0,0.0,0.8914285714285715,0.707586913369596,0.7047427473589778,0.009480540174990892
immediate_advantage_dqn,819,24,120.44839285314083,138.0310255042728,41.732674077153206,78.7157190144062,1.772436118684709,24326.8549785614,0.0,33.0,0.0,0.0,0.8869047619047619,0.6568304896354675,0.653336051851511,0.011648127227090299
immediate_advantage_dqn,819,25,111.58605533838272,138.38547075602077,39.76010909676552,71.82594698667526,1.733199111185968,23023.182806015015,0.0,30.0,0.0,0.0,0.8823809523809524,0.36889061238616705,0.3660530112683773,0.009458668617298827
immediate_advantage_dqn,819,26,116.04584677517414,139.21042343738338,39.58845740556717,76.45738935470581,1.689353403635323,22585.482223510742,0.0,31.0,0.0,1.0,0.8778571428571429,0.3970166342332959,0.39415557123720646,0.009536861442029476
immediate_advantage_dqn,819,27,176.7122285688958,140.16875478623393,42.31023424863815,134.40199426065303,1.9235635362565517,25649.92182159424,0.0,37.0,34.0,0.0,0.8733333333333333,0.3783313063904643,0.37510102335363626,0.010767606785520911
immediate_advantage_dqn,819,28,128.31882957608468,139.03199809313605,40.562489718198776,87.75633964926965,1.7838057344779372,23325.186931610107,0.0,38.0,10.0,1.0,0.8688095238095238,0.3384565766900778,0.33578358218073845,0.00890998260001652
immediate_advantage_dqn,819,29,114.75564871132374,138.66503509552072,39.10376758873463,75.65188148021699,1.7794662471860647,22998.156538009644,0.0,32.0,0.0,2.0,0.8642857142857143,0.29220435209572315,0.28920395113527775,0.01000133465277031
immediate_advantage_dqn,819,30,112.6265436410904,136.0016670748403,36.94930675625801,75.67723731696606,1.7529570125043392,21685.94538116455,0.0,32.0,0.0,1.0,0.8597619047619047,0.2987851742655039,0.29565842915326357,0.010422478313557804
immediate_advantage_dqn,819,31,95.62967240065336,135.33054352914894,35.56398691982031,60.065685495734215,1.6269141659140587,20682.83204269409,0.0,28.0,0.0,0.0,0.8552380952380952,0.8532305676490068,0.8501549791544676,0.010251967934891582
immediate_advantage_dqn,819,32,140.84491819133572,136.55033657809213,42.60685686767101,98.2380608766299,1.9368076585233212,25552.419227600098,0.0,36.0,10.0,1.0,0.8507142857142858,0.5120651815086603,0.5067898910492659,0.017584328539669514
immediate_advantage_dqn,819,33,119.94796455264091,137.22074123889817,45.045490607619286,74.90247333407402,1.811896619386971,25827.57088470459,0.0,31.0,1.0,1.0,0.8461904761904762,0.48057740181684494,0.4775842372328043,0.00997720641316846
immediate_advantage_dqn,819,34,111.8938411395166,131.66684789372943,35.3639712035656,76.52987032338119,1.7475094506517053,21468.263641357422,0.0,33.0,3.0,2.0,0.8416666666666667,0.42482246831059456,0.42057796008884907,0.014148348360322416
immediate_advantage_dqn,819,35,110.06907184138484,127.38686670914035,41.816192999482155,68.25287911012359,1.8094539400190115,24776.93117904663,0.0,29.0,1.0,0.0,0.8371428571428572,0.40296387672424316,0.39904714934527874,0.013055760646238923
immediate_advantage_dqn,819,36,123.87922065420582,127.60080519520166,42.86933445930481,81.00988613529637,1.827067382633686,25015.77198791504,0.0,32.0,10.0,1.0,0.8326190476190476,0.35399110056459904,0.3512153998017311,0.00925232603913173
immediate_advantage_dqn,819,37,108.52230589091778,127.43260866344394,40.58365215361118,67.93865439295769,1.7032442865893245,23128.20714187622,0.0,29.0,0.0,1.0,0.8280952380952381,0.4665021188557148,0.4627528917044401,0.012497438699938357
immediate_advantage_dqn,819,38,111.87151352465153,125.39384948317488,40.81165984272957,71.05985295176507,1.7123669227585196,23425.413496017456,0.0,31.0,0.0,1.0,0.8235714285714286,0.39748660009354353,0.39408172108232975,0.011349585896823555
immediate_advantage_dqn,819,39,115.18860909342766,123.32907986126209,38.41502031683922,76.77358902990818,1.6988350320607424,22380.501907348633,0.0,33.0,0.0,1.0,0.819047619047619,0.915221007540822,0.9126612786203623,0.00853245024336502
immediate_advantage_dqn,819,40,98.19447092711926,120.33875812032036,35.655603259801865,62.53886736929417,1.6932065356522799,21223.082328796387,0.0,28.0,0.0,2.0,0.8145238095238095,0.6413186332210898,0.6363533483818173,0.016550941509194672
immediate_advantage_dqn,819,41,116.06187514960766,120.51458560912431,39.863024815917015,76.19885033369064,1.8569306014105678,24173.33519744873,0.0,30.0,0.0,0.0,0.81,0.4496781500056386,0.4453255217522383,0.01450876658782363
immediate_advantage_dqn,819,42,160.3493633729051,121.21270720514636,41.43276536464691,118.9165980082582,1.858468479476869,24358.5191116333,0.0,37.0,33.0,1.0,0.8054761904761905,0.4349848609417677,0.4292243253439665,0.01920178107684478
immediate_advantage_dqn,819,43,100.55273747444153,119.674955483845,35.725362561643124,64.82737508416176,1.6750388415530324,20921.278259277344,0.0,28.0,0.0,0.0,0.800952380952381,0.38788832537829876,0.38402693532407284,0.012871293060015887
immediate_advantage_dqn,819,44,136.71090667682034,120.48808117502897,40.56282217800617,96.14808420079098,1.867699172347784,24546.541618347168,0.0,37.0,16.0,1.0,0.7964285714285715,0.5000532288104296,0.49443985521793365,0.018711263895966113
immediate_advantage_dqn,819,45,147.3081859606051,122.27418770614008,44.98443589359522,102.32374999250405,1.8802522039040923,26763.63087463379,0.0,35.0,12.0,0.0,0.7919047619047619,0.49713866226375103,0.4918173449113965,0.017737716319970787
immediate_advantage_dqn,819,46,110.77573778629304,122.01068225669606,36.2126179933548,74.56311997175217,1.6751723252236843,21052.16770553589,0.0,33.0,0.0,1.0,0.7873809523809524,0.5419208109378815,0.5370674887672067,0.01617775222985074
immediate_advantage_dqn,819,47,121.15833320021629,119.23298748826207,41.88450659811497,79.27382704913616,1.788397285155952,24143.941528320312,0.0,32.0,0.0,2.0,0.7828571428571429,0.9033515267074108,0.8988266065716743,0.015083049598615617
immediate_advantage_dqn,819,48,105.82798331975937,118.10844517544581,37.91804452240467,67.90993781387806,1.6935079135000706,22063.720111846924,0.0,30.0,0.0,0.0,0.7783333333333333,0.6044283593073487,0.5966527126729488,0.025918824365362525
immediate_advantage_dqn,819,49,121.01325264573097,118.42132537216617,40.041840091347694,80.9714127779007,1.7080823136493564,22765.601356506348,0.0,34.0,0.0,0.0,0.7738095238095238,0.604199324734509,0.5976820830255747,0.021724115533288568
immediate_advantage_dqn,819,50,111.14865915775299,118.3474311479993,37.76428456604481,73.38437502384186,1.6731611266732216,21909.151969909668,0.0,31.0,0.0,2.0,0.7692857142857144,0.5343358125537634,0.528454165905714,0.01960549014620483
immediate_advantage_dqn,819,51,117.31915640830994,119.43190534838213,42.18316449224949,75.1359920501709,1.7220040680840611,23527.05464553833,0.0,32.0,0.0,0.0,0.7647619047619048,0.50347491633147,0.4976913835853338,0.01927846355829388
immediate_advantage_dqn,819,52,94.91855876296759,117.13558737696374,31.63585513085127,63.282703602313994,1.5992922643199563,19081.253623962402,0.0,27.0,0.0,1.0,0.7602380952380953,0.5158435571938753,0.5099011110141873,0.019808156008366495
immediate_advantage_dqn,819,53,106.0519772619009,116.4407880124267,37.0515501499176,69.00042729079723,1.6658379826694727,21427.67122077942,0.0,29.0,0.0,0.0,0.7557142857142858,0.5321366498246789,0.5248738341033459,0.02420939935836941
immediate_advantage_dqn,819,54,109.92946993708611,116.3425694523052,38.187147468328476,71.74232242405415,1.8016755906865,23078.68773651123,0.0,30.0,0.0,1.0,0.7511904761904762,0.7266731858253479,0.7221361864358187,0.015123334946110845
immediate_advantage_dqn,819,55,124.2601166537477,117.05212169292335,39.89919527620077,84.36092104972136,1.8372053215280175,23582.65309524536,0.0,33.0,18.0,0.0,0.7466666666666667,0.7589027583599091,0.7521904278546572,0.022374456573743373
immediate_advantage_dqn,819,56,140.70556465376168,117.89343889290112,40.72558483481407,99.97997992325571,1.861349320039153,24176.23725128174,0.0,35.0,20.0,0.0,0.7421428571428572,0.5202080635353923,0.5124983601272106,0.02569900790695101
immediate_advantage_dqn,819,57,109.99272517859936,117.9669598572852,35.906653076410294,74.08607244491577,1.667074903845787,20594.861724853516,0.0,31.0,0.0,1.0,0.7376190476190476,0.6159279886633158,0.6090000495314598,0.02309312717989087
immediate_advantage_dqn,819,58,103.84631161540747,117.565699761823,35.991209767758846,67.85510175824166,1.657901587896049,20376.13698196411,0.0,29.0,0.0,1.0,0.7330952380952381,0.5294814370572567,0.5227444721385837,0.02245653746649623
immediate_advantage_dqn,819,59,131.37767361104488,118.37515298770388,42.900291085243225,88.47738248109818,1.802148818038404,24099.016681671143,0.0,36.0,0.0,0.0,0.7285714285714286,0.6773788351565599,0.6720561627298594,0.01774225488770753
immediate_advantage_dqn,819,60,121.64129511415959,119.54749419705588,41.86618457734585,79.77511041760445,1.7492938078939915,23427.257843017578,0.0,33.0,0.0,2.0,0.724047619047619,0.5800442472100258,0.5699635585770011,0.03360231581609696
immediate_advantage_dqn,819,61,112.19684191942216,119.3542425355466,40.27165539562702,71.92518667280675,1.8361748363822699,24034.209434509277,0.0,30.0,0.0,2.0,0.7195238095238095,0.5555915217846632,0.5498751252889633,0.01905463496223092
immediate_advantage_dqn,819,62,122.39054029583932,117.45630138169334,40.55219769477844,81.83834400177003,1.8543509179726243,24285.32741546631,0.0,34.0,0.0,1.0,0.7150000000000001,0.9109245259314775,0.9034698624163866,0.024848866858519614
immediate_advantage_dqn,819,63,110.65535608828068,117.9614323123853,37.53387251496315,73.12148305177689,1.6980931358411908,21828.11496734619,0.0,31.0,0.0,2.0,0.7104761904761905,0.9026114176958799,0.896296352148056,0.02105021825991571
immediate_advantage_dqn,819,64,114.21722542643548,116.83674824986603,38.24549922347069,75.97172599434853,1.700250810943544,21732.567783355713,0.0,32.0,0.0,1.0,0.7059523809523809,0.7586518432945013,0.7508400995284319,0.02603915217332542
immediate_advantage_dqn,819,65,117.48531897366047,115.34560490051881,41.63232910633087,75.85298942029476,1.7909600520506501,23820.039222717285,0.0,34.0,0.0,0.0,0.7014285714285715,0.6244546873494983,0.6175019470974803,0.023175790556706488
immediate_advantage_dqn,819,66,108.90028508901597,115.25183226565495,36.30927266180515,72.5910130083561,1.6959205698221922,21582.581602096558,0.0,31.0,0.0,1.0,0.6969047619047619,0.6965422313660383,0.6887379698455334,0.026014190283603966
immediate_advantage_dqn,819,67,109.38524832725525,114.66317802200692,38.876327738165855,70.50892035067082,1.7259204117581248,22279.202056884766,0.0,30.0,0.0,1.0,0.6923809523809523,0.6255746427923441,0.6158117223531008,0.03254308924078941
immediate_advantage_dqn,819,68,117.1975408548477,115.23165589876132,41.93118938058615,75.26635096762207,1.8007320249453187,24238.121173858643,0.0,32.0,3.0,0.0,0.687857142857143,0.5542628765106201,0.5463453372940421,0.026391799678094685
immediate_advantage_dqn,819,69,108.08945006132126,114.58546576954083,40.40739853680134,67.68205207586288,1.7710850974544883,23995.055000305176,0.0,29.0,0.0,0.0,0.6833333333333333,0.6077077025547624,0.5964788785204291,0.03742938069626689
immediate_advantage_dqn,819,70,124.75655815005302,115.26586071915582,46.882764518260956,77.87379275262356,1.825861370190978,26272.809299468994,0.0,33.0,0.0,1.0,0.6788095238095238,0.9512221869081259,0.9450964732095599,0.02041905594523996
immediate_advantage_dqn,819,71,118.67831247973858,115.33381852272723,40.145469814538956,78.53284279931007,1.8088472597301006,23927.679279327393,0.0,32.0,2.0,2.0,0.6742857142857144,0.7477182261645794,0.7399154379963875,0.026009294902905822
immediate_advantage_dqn,819,72,105.59174190461636,115.8674776798097,36.835762701928616,68.75597827136517,1.6889508562162519,21109.188236236572,0.0,31.0,0.0,0.0,0.6697619047619048,0.7346969675272703,0.7270283941179514,0.025561910355463624
immediate_advantage_dqn,819,73,102.37072639167309,115.6834151362983,33.38468083739281,68.9860452413559,1.585875567048788,18902.306617736816,0.0,31.0,0.0,0.0,0.6652380952380952,0.7489698566496372,0.7386386133730412,0.03443748224526644
immediate_advantage_dqn,819,74,97.28143503516912,115.05101339120247,38.04871533066034,59.23271952569485,1.692769625224173,21917.26455307007,0.0,27.0,0.0,0.0,0.6607142857142857,0.6723139360547066,0.6632449682801962,0.0302298825699836
immediate_advantage_dqn,819,75,108.8676270633936,114.28138891168476,35.5879008769989,73.27972673773766,1.6792412409558892,20600.49950027466,0.0,31.0,0.0,1.0,0.6561904761904762,0.6507320012897253,0.6396914860233665,0.036801706068217754
immediate_advantage_dqn,819,76,113.87174963355065,112.9396981606742,36.93570923805237,76.93604127466679,1.7209859788417816,20935.433345794678,0.0,34.0,0.0,1.0,0.6516666666666667,0.7640690440312028,0.7524231933057308,0.03881947579793632
immediate_advantage_dqn,819,77,112.71962280869484,113.07604304217898,37.58828756213188,75.13133599162101,1.7995877778157592,21998.70531463623,0.0,33.0,0.0,3.0,0.6471428571428571,0.8028444070369005,0.7909610504284501,0.03961119428277016
immediate_advantage_dqn,819,78,103.0543148368597,113.03644320325161,38.3036989569664,64.75061592459679,1.7228708984330297,22181.580434799194,0.0,28.0,0.0,0.0,0.6426190476190476,1.091086234897375,1.0821522511541843,0.029779964359477162
immediate_advantage_dqn,819,79,131.1034592539072,113.0227324853947,42.131133392453194,88.97232604026794,1.8414064012467861,24548.9305267334,0.0,35.0,0.0,1.0,0.6380952380952382,0.6858172919601202,0.6766722444444895,0.030483472626656294
immediate_advantage_dqn,819,80,125.971489533782,113.23924220637582,39.79707033932209,86.17441903054714,1.7985612396150827,23034.55238342285,0.0,36.0,0.0,2.0,0.6335714285714286,0.7268643360584974,0.7185328416526318,0.02777166129089892
immediate_advantage_dqn,819,81,106.85043920576572,112.971922070693,32.90661010146141,73.9438284933567,1.6932409759610891,20201.19562149048,0.0,32.0,0.0,1.0,0.6290476190476191,0.8121956791728735,0.8028920330107212,0.031012144754640758
immediate_advantage_dqn,819,82,106.64466058462858,112.18462808513246,35.88978707045317,70.75487358868122,1.6834717160090804,20647.177688598633,0.0,31.0,0.0,0.0,0.6245238095238095,0.7439661044627428,0.7339568622410297,0.0333641724428162
immediate_advantage_dqn,819,83,146.4843091441306,113.97607573792497,39.42208640277386,107.0622227413568,1.8350164899602532,23372.65535736084,0.0,35.0,34.0,1.0,0.62,0.6784262135624886,0.6704325955361128,0.026645426056347787
immediate_advantage_dqn,819,84,116.37572018802166,114.08400047600428,40.68080762028694,75.6949124187231,1.7416772646829486,22882.398948669434,0.0,32.0,0.0,2.0,0.6154761904761905,0.6918180957436562,0.6803138703107834,0.03834739699959755
immediate_advantage_dqn,819,85,92.44027128815651,112.83174809172905,33.79173719882965,58.64853474497795,1.5902355052530766,19098.916748046875,0.0,26.0,0.0,0.0,0.6109523809523809,0.8828177396208048,0.8734835125505924,0.031114050187170506
immediate_advantage_dqn,819,86,101.48471697568894,112.46096968606273,34.7427237033844,66.74199267625809,1.6329202111810446,20036.35426902771,0.0,29.0,0.0,1.0,0.6064285714285714,1.182717103511095,1.1741679087281227,0.02849734853953123
immediate_advantage_dqn,819,87,101.06069136559964,112.04474183797996,33.30218984186649,67.75850124061108,1.65901305899024,19918.096252441406,0.0,29.0,0.0,1.0,0.6019047619047619,0.9855211488902569,0.9744173213839531,0.03701274679042399
immediate_advantage_dqn,819,88,97.05571220815182,111.03765040564515,33.63646002113819,63.41925227642059,1.684871449135244,20312.824012756348,0.0,27.0,0.0,0.0,0.5973809523809523,0.752236420288682,0.7430257219821215,0.030702324816957116
immediate_advantage_dqn,819,89,115.762954890728,111.42132564711548,41.635628059506416,74.12732681632042,1.733006370253861,23173.71356201172,0.0,31.0,0.0,0.0,0.592857142857143,0.8487812466919422,0.8379386626183987,0.036141936434432864
immediate_advantage_dqn,819,90,116.75899112224579,111.02144729572512,37.51527696847916,79.24371446669102,1.7757101887837052,22232.652572631836,0.0,33.0,0.0,0.0,0.5883333333333334,0.7016139598563313,0.6918402407318354,0.03257905866485089
immediate_advantage_dqn,819,91,100.18393016755581,110.09672818011597,34.082590244710445,66.10133984088898,1.573746820911765,19300.957284927368,0.0,28.0,0.0,1.0,0.5838095238095238,0.7818988002836704,0.7702756989747286,0.038743670331314206
immediate_advantage_dqn,819,92,102.18965352475644,109.92662376112298,35.785066857934,66.40458693504334,1.654405614361167,20297.876235961914,0.0,29.0,0.0,3.0,0.5792857142857144,0.7970940731465816,0.7875895630568266,0.03168167045805603
immediate_advantage_dqn,819,93,93.1237780302763,109.46427634305314,32.61979901790619,60.503979444503784,1.5849971706047654,19161.74188232422,0.0,25.0,0.0,0.0,0.5747619047619048,1.0453398656100035,1.0354951657354832,0.032815705868415534
immediate_advantage_dqn,819,94,99.19027528166771,109.55971835537807,35.235115349292755,63.95515985786915,1.646188477985561,20222.51390838623,0.0,28.0,0.0,0.0,0.5702380952380952,1.191415661945939,1.1825987324118614,0.02938974241260439
immediate_advantage_dqn,819,95,110.59831762462855,109.64625288343984,38.618656776845455,71.97966150343419,1.7176799103617668,21918.305854797363,0.0,31.0,0.0,1.0,0.5657142857142857,1.0498851649463177,1.038888979703188,0.03665394277777523
immediate_advantage_dqn,819,96,102.3080512136221,109.0680679624434,35.71635523438454,66.59169609844685,1.6452940767630935,20867.779220581055,0.0,29.0,0.0,0.0,0.5611904761904762,0.8581318203359842,0.8449484705924988,0.043944525765255094
immediate_advantage_dqn,819,97,122.88782654106618,109.57647814906197,41.715001314878464,81.17282471954823,1.816558782942593,23825.994480133057,0.0,34.0,0.0,1.0,0.5566666666666666,0.7923123389482498,0.782068744301796,0.03414529887959361
immediate_advantage_dqn,819,98,109.20049532651902,109.88378717354495,38.75938531756401,70.44110923409463,1.7694962518289685,22651.88739013672,0.0,30.0,0.0,1.0,0.5521428571428572,0.9326312243938446,0.9221479948610067,0.03494410705752671
immediate_advantage_dqn,819,99,99.50151337087155,108.30368987939316,33.18938521295786,66.3121284633875,1.6046348353847861,18889.727169036865,0.0,28.0,0.0,3.0,0.5476190476190477,0.9109272286295891,0.9018825069069862,0.030149035737849772
immediate_advantage_dqn,819,100,116.67145846784115,107.83868832609612,38.7491200864315,77.92233909666538,1.8304257141426206,23470.555240631104,0.0,33.0,0.0,0.0,0.5430952380952381,0.6169149968773127,0.6095458175987005,0.02456391614396125
immediate_advantage_dqn,819,101,126.57086741924286,108.82470973676996,42.974773928523064,83.59609316289425,1.8607519306242466,25147.070037841797,0.0,34.0,0.0,0.0,0.5385714285714286,0.9959571156650782,0.984117366373539,0.0394658261211589
immediate_advantage_dqn,819,102,99.1573019772768,108.45034180640236,32.97912412136793,66.17817741632462,1.6476543582975864,19296.83611679077,0.0,28.0,0.0,1.0,0.5340476190476191,1.0951350517570972,1.0855364613234997,0.03199526621028781
immediate_advantage_dqn,819,103,81.84190221130848,105.21822145976125,31.28711298108101,50.55478937923908,1.5426061991602182,17989.396841049194,0.0,24.0,0.0,1.0,0.5295238095238095,0.8725833501666784,0.8579539246857166,0.048764763632789254
immediate_advantage_dqn,819,104,122.06506285965443,105.5026885933429,38.95108298957348,83.11398001909257,1.7721490850672126,22526.032039642334,0.0,36.0,0.0,1.0,0.525,0.8468448854982853,0.8356991540640593,0.03715240419842303
immediate_advantage_dqn,819,105,75.76323136985302,104.66883659742773,30.067897900938988,45.69533299207687,1.4946675654500723,16900.595588684082,0.0,22.0,0.0,3.0,0.5204761904761905,0.9314922280609608,0.9208985026925802,0.03531239344738424
immediate_advantage_dqn,819,106,133.77696585059167,106.28344904117287,47.47157225012779,86.30539333224297,1.8760038958862424,26640.940715789795,0.0,36.0,0.0,1.0,0.5159523809523809,0.8863294012844563,0.8748640045523643,0.03821794653777033
immediate_advantage_dqn,819,107,106.99084571152926,106.57995675846935,39.51804617792368,67.47279959321023,1.7241051653400064,22340.608472824097,0.0,29.0,0.0,1.0,0.5114285714285716,0.9923644289374352,0.9820763282477856,0.03429369023069739
immediate_advantage_dqn,819,108,111.4529163390398,107.29981696501375,37.89085590839386,73.56205993890762,1.6976044783368707,21085.201614379883,0.0,32.0,0.0,0.0,0.506904761904762,0.967883262783289,0.9580471161752939,0.032787135685794055
immediate_advantage_dqn,819,109,104.44162249565125,106.7337503452599,34.586158856749535,69.855463758111,1.67743406817317,20039.37339401245,0.0,32.0,0.0,0.0,0.5023809523809524,1.1296842135488987,1.1198879536241293,0.03265417233342305
immediate_advantage_dqn,819,110,103.22532860934734,106.05706721961499,35.76023817062378,67.46509037911892,1.6491538938134909,20537.874969482422,0.0,29.0,0.0,2.0,0.4978571428571429,1.1790585592389107,1.1660424657166004,0.043386966979596764
immediate_advantage_dqn,819,111,116.59436849057674,106.87758913576604,36.64028772711754,79.95408119559288,1.7258879076689482,20567.935779571533,0.0,33.0,0.0,3.0,0.4933333333333334,0.8384709022939205,0.82793228328228,0.03512874757871032
immediate_advantage_dqn,819,112,116.479397469759,107.59207633301614,37.51759584248066,78.96180149316788,1.713658251799643,21327.368240356445,0.0,34.0,0.0,1.0,0.4888095238095238,0.9335718490183353,0.920935045927763,0.042122669401578605
immediate_advantage_dqn,819,113,98.98140393197536,107.88495762810109,36.56530015170574,62.41610370576382,1.6443067137151957,20271.900142669678,0.0,28.0,0.0,0.0,0.4842857142857143,0.925958713516593,0.9150993674993515,0.03619780484586954
immediate_advantage_dqn,819,114,93.93342583030463,107.62211515553297,35.32074572890997,58.61267981827259,1.6285963105037808,20095.18974685669,0.0,27.0,0.0,1.0,0.4797619047619047,0.7928102780133486,0.7821897668763995,0.035401695873588324
immediate_advantage_dqn,819,115,104.58040161430836,107.32121935501695,35.497264094650745,69.0831373333931,1.6575180934742093,20177.856269836426,0.0,31.0,0.0,0.0,0.47523809523809524,0.7853880729526281,0.7740030828863382,0.0379499695263803
immediate_advantage_dqn,819,116,98.00207550823689,107.1059205697477,35.83465522527695,62.16741997003555,1.6770772133022547,20720.363075256348,0.0,27.0,0.0,0.0,0.47071428571428575,0.8700227756053209,0.8588092513382435,0.03737839846871793
immediate_advantage_dqn,819,117,102.71937726438046,106.0974981059134,36.55141290277243,66.16796393692493,1.6925234217196703,21021.242057800293,0.0,29.0,0.0,0.0,0.46619047619047627,1.2511951550841331,1.2400770895183086,0.03706020745448768
immediate_advantage_dqn,819,118,110.62097820043564,106.16852224960924,36.080533653497696,74.5404450237751,1.7123092729598284,20551.253650665283,0.0,31.0,0.0,2.0,0.46166666666666667,1.2026502154767513,1.1924443058669567,0.03401969012338668
immediate_advantage_dqn,819,119,71.1198015242815,104.74943665727974,27.004650734364986,44.11515161693096,1.4306063614785671,14967.064483642578,0.0,22.0,0.0,3.0,0.4571428571428572,0.8729085456579924,0.863791212439537,0.030391069361940026
immediate_advantage_dqn,819,120,108.44858615994454,104.3382930418849,38.39864672720432,70.04993910491467,1.709586109034717,21973.911520004272,0.0,30.0,0.0,2.0,0.4526190476190477,0.9884975664317608,0.9780826717615128,0.03471633396111429
immediate_advantage_dqn,819,121,105.65173664689064,103.29233650326731,37.2954947501421,68.35624140501022,1.668537630699575,21525.9779586792,0.0,29.0,0.0,0.0,0.4480952380952381,1.059475740417838,1.0470732487738132,0.04134162492118776
immediate_advantage_dqn,819,122,113.51287827193737,104.01011531800032,40.67811208218336,72.8347665399313,1.7420042054727674,22393.339694976807,0.0,30.0,0.0,2.0,0.4435714285714286,1.0720957405865192,1.060397544875741,0.03899397933855653
immediate_advantage_dqn,819,123,87.9457385122776,104.31530713304878,31.439439058303833,56.50629926025867,1.5450818678364158,17657.790367126465,0.0,26.0,0.0,3.0,0.439047619047619,0.9686977751553059,0.9557839836925268,0.043045976432040334
immediate_advantage_dqn,819,124,108.63708330690861,103.64390815541147,36.345092087984085,72.29199108481407,1.6725982204079628,20481.73363494873,0.0,32.0,0.0,0.0,0.43452380952380953,0.9883466344326735,0.9781003855168819,0.03415416367352009
immediate_advantage_dqn,819,125,105.87197771668434,105.14934547275304,34.85515829175711,71.01681905984879,1.6928330948576331,20368.786853790283,0.0,30.0,0.0,0.0,0.43000000000000005,1.1863411348313093,1.1749127004295588,0.038094782968983054
immediate_advantage_dqn,819,126,88.62679089605808,102.89183672502637,30.13165272027254,58.49513852596283,1.5248565282672644,17055.32612991333,0.0,26.0,0.0,3.0,0.42547619047619056,0.9967818483710289,0.9842171762138605,0.041882269317284226
immediate_advantage_dqn,819,127,93.46376720815897,102.21548279985785,33.16997731477022,60.29378992319107,1.565634866245091,18590.89193725586,0.0,27.0,0.0,0.0,0.42095238095238097,1.2406466510146856,1.2294232286512852,0.03741144307423383
immediate_advantage_dqn,819,128,117.91602586358786,102.53863827608525,38.88424672931433,79.0317788809538,1.7273742705583572,22184.56886291504,0.0,33.0,0.0,2.0,0.41642857142857137,0.995830848813057,0.9851499646902084,0.035602955729700625
immediate_advantage_dqn,819,129,96.291891656816,102.1311517341435,32.29213050752878,63.99976097047329,1.6202409351244569,18272.311767578125,0.0,29.0,0.0,1.0,0.4119047619047619,0.8992354683578014,0.885969003662467,0.04422154068015516
immediate_advantage_dqn,819,130,100.86617171764374,102.01319388955832,34.67997592687607,66.18619611859322,1.6416998747736216,19894.253562927246,0.0,28.0,0.0,1.0,0.4073809523809524,1.295081041753292,1.2796775382012129,0.05134503240697086
immediate_advantage_dqn,819,131,109.06595017015934,101.63677297353745,37.7508339881897,71.31511633098125,1.7345294980332255,21694.96965789795,0.0,31.0,0.0,0.0,0.4028571428571429,0.9857515878975391,0.9743037512525916,0.038159420946612954
immediate_advantage_dqn,819,132,97.95268828570843,100.71043751433493,30.174954786896706,67.77773314118386,1.5732900230214,17506.571853637695,0.0,29.0,0.0,2.0,0.39833333333333343,1.329519947990775,1.320692703127861,0.029424133361317217
immediate_advantage_dqn,819,133,83.83861091881991,99.95329786367715,30.275609590113163,53.56300112009048,1.5040253065526485,17321.334064483643,0.0,25.0,0.0,1.0,0.39380952380952383,1.1627751924097538,1.1540376581251621,0.029125095694325864
immediate_advantage_dqn,819,134,94.57560648024082,99.98540689617397,31.161833554506302,63.41377252340317,1.5929480446502566,18136.812202453613,0.0,27.0,0.0,1.0,0.38928571428571423,0.946518762037158,0.933558639138937,0.04320041183382273
immediate_advantage_dqn,819,135,103.1721711859107,99.91499537475408,37.67491126805544,65.49725969433784,1.70752864331007,21802.743858337402,0.0,29.0,0.0,2.0,0.38476190476190475,1.1597021520137787,1.1485872976481915,0.03704950644169003
immediate_advantage_dqn,819,136,93.46394169330597,99.68808868400752,32.81108206510544,60.65285958349705,1.6090397350490093,18793.330589294434,0.0,26.0,0.0,1.0,0.38023809523809526,1.1372430268675089,1.121583417057991,0.052198656485415995
immediate_advantage_dqn,819,137,101.27568726241589,99.6159041839093,35.104499235749245,66.1711876988411,1.6342929536476731,19996.87823486328,0.0,29.0,0.0,0.0,0.3757142857142858,1.1422677766531706,1.1320640053600073,0.03401255852077156
immediate_advantage_dqn,819,138,109.77214595079423,99.57346257142723,34.53782807290554,75.23431819081307,1.5972849847748876,19102.666625976562,0.0,33.0,0.0,2.0,0.3711904761904763,1.108067836612463,1.0938706435263157,0.04732396232429892
immediate_advantage_dqn,819,139,115.07224904000759,101.77108494721354,39.99954102188349,75.07270711660385,1.7018404053524137,22217.41679763794,0.0,32.0,0.0,0.0,0.3666666666666667,0.9445597920566797,0.9328416343778372,0.03906052280217409
immediate_advantage_dqn,819,140,117.28586812317371,102.21294904537498,37.62565089762211,79.66021791100502,1.7780171101912856,22167.476291656494,0.0,33.0,0.0,1.0,0.3621428571428572,1.3225818313658237,1.3113671578466892,0.03738225239794701
immediate_advantage_dqn,819,141,113.36172228455544,102.59844832725824,37.07972714304924,76.28199505209923,1.6738604372367263,20844.45729827881,0.0,34.0,0.0,1.0,0.3576190476190476,1.2994346991181374,1.2872063294053078,0.04076128330780193
immediate_advantage_dqn,819,142,84.27246792018414,101.13642780967058,30.945897936820984,53.32656987905502,1.5554385529831052,18165.472663879395,0.0,24.0,0.0,1.0,0.35309523809523813,1.1567196622490883,1.1460497751832008,0.03556626848876476
immediate_advantage_dqn,819,143,99.20783181488514,101.69953247480096,35.69218347966671,63.51564848423004,1.625480324961245,20045.492099761963,0.0,28.0,0.0,0.0,0.34857142857142864,1.1608043536543846,1.1453937720507383,0.05136857624165714
immediate_advantage_dqn,819,144,97.83748380243779,101.15955249957742,34.86387982964516,62.973604479432105,1.590468212030828,19669.531608581543,0.0,29.0,0.0,2.0,0.34404761904761905,1.1968249082565308,1.1850778572261333,0.039156859391368926
immediate_advantage_dqn,819,145,90.75948044657707,100.40392763607205,33.23494701832533,57.52453376352787,1.6119489520788193,19031.48635482788,0.0,26.0,0.0,0.0,0.33952380952380956,1.2489896789193153,1.2358536124229431,0.04378683562390506
immediate_advantage_dqn,819,146,100.62460797429085,101.00381848998369,34.713837154209614,65.91077090203763,1.5862341299653053,19454.82802963257,0.0,29.0,0.0,1.0,0.3350000000000001,1.236046839505434,1.2201948575675488,0.052839905954897404
immediate_advantage_dqn,819,147,90.00250599682332,100.83075542941691,31.129726991057396,58.872778767347334,1.5739562679082155,17687.897994995117,0.0,26.0,0.0,1.0,0.3304761904761905,1.360969690605998,1.3482472971081734,0.042407996486872435
immediate_advantage_dqn,819,148,105.07806690931321,100.18885748170318,34.731309339404106,70.34675725698472,1.669897960498929,20451.395515441895,0.0,30.0,0.0,1.0,0.325952380952381,1.3581290040165186,1.3470853511244059,0.03681216994300485
immediate_advantage_dqn,819,149,116.09494907408953,101.17901035256685,36.95004104077816,79.14490896463394,1.704286097548902,20923.312816619873,0.0,34.0,0.0,1.0,0.3214285714285714,0.9410468321293592,0.9271050300449133,0.046472717192955315
immediate_advantage_dqn,819,150,106.50348968952895,101.46087625116111,36.168872117996216,70.33461731076241,1.7062836280092597,20974.66899871826,0.0,30.0,0.0,2.0,0.3169047619047619,1.023896498605609,1.010515920817852,0.04460193193517625
immediate_advantage_dqn,819,151,93.56918412446976,100.68603794887663,32.36398667097092,61.20519730448723,1.5919079845771194,18684.161586761475,0.0,27.0,0.0,0.0,0.3123809523809524,1.250146334990859,1.2408775463700294,0.03089598601218313
immediate_advantage_dqn,819,152,105.36193497478962,101.05650028333068,36.328135535120964,69.0337989628315,1.6709023248404264,20864.20538711548,0.0,30.0,0.0,0.0,0.30785714285714294,1.2066211551427841,1.1902879998087883,0.05444384063594043
immediate_advantage_dqn,819,153,92.89784811139107,101.50946214295924,32.442648500204086,60.45519959628582,1.567152127623558,18326.168968200684,0.0,26.0,0.0,4.0,0.30333333333333345,1.2869976181536913,1.275987148284912,0.03670154220890254
immediate_advantage_dqn,819,154,83.28376789391041,100.94487021364272,29.765425950288773,53.51834186911583,1.5273088794201612,16844.801021575928,0.0,24.0,0.0,0.0,0.29880952380952375,1.2016168367117643,1.1864558309316635,0.05053668422624469
immediate_advantage_dqn,819,155,88.5034723803401,100.21143527336419,32.19445959478617,56.30901262164116,1.5438254354521632,17537.67969894409,0.0,24.0,0.0,0.0,0.29428571428571426,1.1973296143114567,1.1853429414331913,0.039955614251084626
immediate_advantage_dqn,819,156,83.18877081871032,99.69767672963441,27.769161745905876,55.41960971355438,1.472307140007615,15568.996524810791,0.0,26.0,0.0,3.0,0.2897619047619048,1.063788341358304,1.0493073798716068,0.048269883496686816
immediate_advantage_dqn,819,157,95.12098520994186,99.3899416270107,33.479042917490005,61.6419425457716,1.6422283975407481,19485.288383483887,0.0,29.0,0.0,2.0,0.2852380952380953,1.2037901133298874,1.1931868735700846,0.03534410451538861
immediate_advantage_dqn,819,158,105.97837434858084,99.20025304690003,34.29602371901274,71.68235037624837,1.632824664004147,19785.78367996216,0.0,32.0,0.0,2.0,0.2807142857142858,1.2492477167397738,1.2369728572666645,0.04091616324149072
immediate_advantage_dqn,819,159,89.80167734622955,97.93672446221113,30.987070441246033,58.81460724771023,1.5419414089992642,17705.921405792236,0.0,27.0,0.0,0.0,0.2761904761904763,1.3928287662565708,1.3811775855720043,0.03883734589908272
immediate_advantage_dqn,819,160,97.58587239086629,96.95172467559578,33.66701007634401,63.91886288821697,1.597402106039226,18979.398586273193,0.0,28.0,0.0,2.0,0.2716666666666666,1.564722215756774,1.553060606122017,0.03887208749074489
immediate_advantage_dqn,819,161,80.51561672538519,95.30941939763726,28.876476161181927,51.63914095163345,1.558763193897903,17263.036127090454,0.0,25.0,0.0,2.0,0.2671428571428571,1.3408224899321795,1.3290308751165867,0.03930539160501212
immediate_advantage_dqn,819,162,91.60614504218101,95.6761032537371,32.80374310910702,58.802401441335675,1.5452806307002902,18043.500831604004,0.0,26.0,0.0,2.0,0.26261904761904764,1.3674407191574574,1.3512860722839832,0.053848849376663566
immediate_advantage_dqn,819,163,110.13454315811396,96.22243882089853,35.31069656461477,74.82384671270847,1.6499325092881918,20289.725244522095,0.0,33.0,0.0,0.0,0.25809523809523816,1.097499292343855,1.0836625434458256,0.046122520230710506
immediate_advantage_dqn,819,164,99.05762775242329,96.28344601839781,34.69178621470928,64.36584104597569,1.6221554866060615,19767.299201965332,0.0,28.0,0.0,1.0,0.25357142857142867,1.3372230026870966,1.3249309714883566,0.040973470895551145
immediate_advantage_dqn,819,165,97.62514717429876,96.62672935478389,35.266285233199596,62.358861970901486,1.6158921755850315,20160.611839294434,0.0,29.0,0.0,2.0,0.24904761904761907,1.1480831131339073,1.137154433876276,0.03642892697826028
immediate_advantage_dqn,819,166,101.37702863812447,96.66435038797559,34.60614354908466,66.77088517844678,1.6624061465263367,19582.8885345459,0.0,29.0,0.0,1.0,0.2445238095238096,1.4721297044306993,1.4569722283631563,0.05052491184324026
immediate_advantage_dqn,819,167,88.37479455769062,96.58296481601894,31.921550564467907,56.45324385166168,1.5673509007319808,17875.545043945312,0.0,27.0,0.0,0.0,0.24,1.0721833799034357,1.0597596922889352,0.04141228157095611
immediate_advantage_dqn,819,168,96.72470112293959,96.16529652670027,34.07173536717892,62.652966217696665,1.6065028803423047,19163.21457672119,0.0,29.0,0.0,1.0,0.2354761904761905,1.1192296370863914,1.10195092856884,0.057595711667090654
immediate_advantage_dqn,819,169,85.6760221645236,94.64435018122198,30.99327228963375,54.68274961411953,1.603534584864974,18190.03664779663,0.0,25.0,0.0,0.0,0.23095238095238102,1.0566179491579533,1.042780015617609,0.04612642922438681
immediate_advantage_dqn,819,170,96.7406817227602,94.15620978288354,34.397089064121246,62.34359268844128,1.6165968608111143,19101.045864105225,0.0,28.0,0.0,0.0,0.22642857142857142,1.2288852352648973,1.2157321777194738,0.04384355165529996
immediate_advantage_dqn,819,171,94.74083337187767,94.21479224525393,33.78654435276985,60.954289108514786,1.600673794746399,18810.124477386475,0.0,27.0,0.0,1.0,0.22190476190476194,1.384343335404992,1.3698000274598598,0.04847766854800284
immediate_advantage_dqn,819,172,79.14063668251038,92.90372733063995,28.18027000129223,50.96036693453789,1.4870115844532847,16326.224264144897,0.0,25.0,0.0,0.0,0.21738095238095245,1.2858266234397888,1.2759650088846684,0.03287204459775239
immediate_advantage_dqn,819,173,77.8562193453312,92.15164589233697,30.424645870923996,47.43157356381416,1.512018526904285,17235.58288192749,0.0,24.0,0.0,1.0,0.21285714285714286,1.146021569147706,1.1307188626378775,0.051009009359404445
immediate_advantage_dqn,819,174,90.43915154188872,92.5094150747359,32.89661470800638,57.54253720641136,1.5756570436060429,18402.319984436035,0.0,25.0,0.0,1.0,0.20833333333333337,1.0627162177115679,1.047382341697812,0.05111289315391332
immediate_advantage_dqn,819,175,81.8950830936432,92.17899561040106,30.372842974960804,51.52223958969116,1.518152529373765,17181.8914604187,0.0,23.0,0.0,1.0,0.20380952380952377,1.1703064106404781,1.1580068208277225,0.04099863301962614
immediate_advantage_dqn,819,176,87.59743878990412,92.39942900896074,30.53817842900753,57.059260070323944,1.526984129101038,17328.47283554077,0.0,26.0,0.0,0.0,0.1992857142857143,1.2976407390087843,1.284571386873722,0.04356456338427961
immediate_advantage_dqn,819,177,87.89144632220268,92.03795206457377,29.728628233075142,58.16281794011593,1.5282467203214765,16859.524787902832,0.0,28.0,0.0,0.0,0.1947619047619048,1.1996043119579554,1.1851789057254791,0.04808475426398218
immediate_advantage_dqn,819,178,91.8552811473608,91.33179740451277,32.442720875144005,59.41256051063537,1.5790306879207492,18079.18309402466,0.0,28.0,0.0,3.0,0.19023809523809532,1.3938920143991709,1.3800592198967934,0.04610935808159411
immediate_advantage_dqn,819,179,99.2220379576087,91.80281543508173,33.10987874120474,66.11215933561326,1.6284856963902712,19109.209537506104,0.0,29.0,0.0,1.0,0.18571428571428583,1.4177311714738607,1.4017496891319752,0.05327157874125987
immediate_advantage_dqn,819,180,101.74854371249675,92.01094900116325,33.18406035006046,68.56448342204094,1.612962762825191,19008.779640197754,0.0,30.0,0.0,3.0,0.18119047619047624,1.4533134326338768,1.4433778040111065,0.033118759747594595
immediate_advantage_dqn,819,181,80.04248571395874,91.98729245059192,28.346668481826782,51.69581717252731,1.48378153052181,16566.30640220642,0.0,24.0,0.0,1.0,0.17666666666666664,1.3941766954958439,1.3785067535936832,0.052233192254789174
immediate_advantage_dqn,819,182,93.82935082614422,92.09845273979008,30.277623556554317,63.55172712802887,1.558828990906477,17230.326026916504,0.0,29.0,0.0,3.0,0.17214285714285715,1.282071903347969,1.268036387860775,0.046785017708316445
immediate_advantage_dqn,819,183,85.29081569612026,90.85626636669039,30.668652586638927,54.62216281890869,1.563692950643599,17743.342727661133,0.0,25.0,0.0,0.0,0.16761904761904767,1.212398549541831,1.2011974155902863,0.03733709349762648
immediate_advantage_dqn,819,184,82.0358217805624,90.00517606809736,30.79384908080101,51.241973266005516,1.5279908254742622,17379.184051513672,0.0,24.0,0.0,0.0,0.16309523809523818,1.3399342224001884,1.325454119592905,0.04826696449890733
immediate_advantage_dqn,819,185,92.61287888884544,89.75456265382469,32.305095583200455,60.30778284370899,1.5852248864248395,18578.315887451172,0.0,26.0,0.0,0.0,0.1585714285714287,1.091133527457714,1.0768142081797123,0.04773103725165129
immediate_advantage_dqn,819,186,75.26129809767008,88.44877612680197,30.02164574712515,45.23965226113796,1.501388587988913,16912.177431106567,0.0,22.0,0.0,1.0,0.1540476190476191,1.0527092460542917,1.0350110437721014,0.05899402708746493
immediate_advantage_dqn,819,187,95.94226437360048,88.82714961759747,30.882925912737846,65.0593383193016,1.5492616826668382,17457.37847137451,0.0,28.0,0.0,2.0,0.1495238095238095,1.3007140029221773,1.2905823811888695,0.03377208241727203
immediate_advantage_dqn,819,188,88.50952409505844,88.4163907662034,30.568136483430862,57.94138826727867,1.5695764441043139,17453.586811065674,0.0,27.0,0.0,2.0,0.14500000000000002,0.9841512776911259,0.9709288664162159,0.04407472733873874
immediate_advantage_dqn,819,189,80.7727789670229,88.17122860632837,28.40202808380127,52.37075034677982,1.4891133680939674,16385.909759521484,0.0,23.0,0.0,2.0,0.14047619047619053,1.1590728610754013,1.1473965644836426,0.03892094339244068
immediate_advantage_dqn,819,190,89.90232892483473,87.8293109664321,33.06100195646286,56.84132642447948,1.56527775619179,18681.39072036743,0.0,25.0,0.0,2.0,0.13595238095238105,1.7230497263371944,1.7101923823356628,0.042857795022428036
immediate_advantage_dqn,819,191,96.9298487380147,87.93876173473896,31.73063873499632,65.1992100328207,1.5680547757074237,17838.662563323975,0.0,29.0,0.0,0.0,0.13142857142857145,1.3931660670787096,1.3767190854996443,0.054823349229991436
immediate_advantage_dqn,819,192,91.48659743368626,88.55605977229774,31.30246563255787,60.18413199484348,1.5838685045018792,17965.428550720215,0.0,27.0,0.0,0.0,0.12690476190476196,1.3532783146947622,1.3400930110365152,0.0439510231371969
immediate_advantage_dqn,819,193,89.8551744312048,89.15600752659142,30.978734970092773,58.87643949091434,1.5785324415192008,17747.1808757782,0.0,26.0,0.0,2.0,0.12238095238095237,1.4481748007237911,1.4349323324859142,0.04414152295794338
immediate_advantage_dqn,819,194,87.80641083419323,89.02437049120665,31.59466077387333,56.21175014972687,1.5372161511331797,17957.666862487793,0.0,26.0,0.0,0.0,0.11785714285714288,1.2893476113677025,1.2727286983281374,0.05539638735353947
immediate_advantage_dqn,819,195,82.2084662988782,89.04003965146839,28.145665504038334,54.062801241874695,1.4914261503145099,15812.36152267456,0.0,24.0,0.0,0.0,0.1133333333333334,1.3488412238657475,1.3355343453586102,0.04435622692108154
immediate_advantage_dqn,819,196,76.12815982997418,88.4665757034719,27.78875021636486,48.339410030841826,1.4859165390953422,15852.261806488037,0.0,21.0,0.0,1.0,0.1088095238095238,1.243056707084179,1.2276925593614578,0.05121382372453809
immediate_advantage_dqn,819,197,78.91676742881536,88.01784175880253,26.38442701846361,52.53234036564827,1.4591977102681994,15404.32038116455,0.0,23.0,0.0,4.0,0.10428571428571431,1.2319180686026812,1.220236875116825,0.0389373148791492
immediate_advantage_dqn,819,198,87.22622738778591,87.78638907082379,29.00108227133751,58.22514586150646,1.5453991945832968,16772.590755462646,0.0,25.0,0.0,1.0,0.09976190476190483,1.4869759250432253,1.4713294375687838,0.0521549575496465
immediate_advantage_dqn,819,199,62.19266515225172,85.93492043055595,27.29943696409464,34.89322832226753,1.4232063265517354,15163.543704986572,0.0,18.0,0.0,0.0,0.09523809523809534,1.6938291415572166,1.680991280823946,0.04279287392273545
immediate_advantage_dqn,819,200,71.94889634102583,84.4449380619824,28.06781717389822,43.88107913732529,1.4651424838230014,15547.140209197998,0.0,21.0,0.0,0.0,0.09071428571428575,1.338492762297392,1.3239446952939034,0.048493482754565775
immediate_advantage_dqn,819,201,78.98884859979152,84.39225620627403,28.44161468744278,50.54723374843597,1.5164681868627667,16355.769832611084,0.0,23.0,0.0,2.0,0.08619047619047626,1.6215108446776867,1.605906929820776,0.05201302468776703
immediate_advantage_dqn,819,202,84.01518354713917,83.90154784232378,28.378817163407803,55.63636674880981,1.5038285003975034,16063.394222259521,0.0,25.0,0.0,4.0,0.08166666666666667,1.0853130016475916,1.070950299501419,0.047875620890408754
immediate_advantage_dqn,819,203,95.34974574297667,84.4044943446666,33.29953361302614,62.05021193623543,1.5972224958240986,18209.91251373291,0.0,27.0,0.0,1.0,0.07714285714285718,1.3270980138331652,1.3159284349530935,0.03723194659687579
immediate_advantage_dqn,819,204,91.7570702970028,84.89055677048863,31.290317118167877,60.46675286591053,1.5637424914166331,17636.751880645752,0.0,27.0,0.0,1.0,0.0726190476190477,1.2353766933083534,1.216267453506589,0.06369739514775574
immediate_advantage_dqn,819,205,99.54258145391941,85.23704189874232,32.03383123129606,67.50875028967857,1.5548892822116613,17617.629440307617,0.0,29.0,0.0,2.0,0.06809523809523821,1.5919507071375847,1.5778705906122923,0.046933689853176475
immediate_advantage_dqn,819,206,86.45074073970318,85.79651403084398,30.638685829937458,55.8120549172163,1.5122686987742782,16978.51979446411,0.0,26.0,0.0,1.0,0.06357142857142861,1.3165883254259825,1.3031482510268688,0.044800281058996916
immediate_advantage_dqn,819,207,97.03091403245926,85.85094651378691,32.984515979886055,64.04639855921269,1.5927809476852417,18397.04183959961,0.0,28.0,0.0,4.0,0.059047619047619015,1.5227496307343245,1.5051954258233309,0.05851401388645172
immediate_advantage_dqn,819,208,82.91307690143586,85.57112415410579,30.884699910879135,52.028376469016074,1.5410365853458643,17228.125457763672,0.0,24.0,0.0,1.0,0.05452380952380953,1.334281463176012,1.31960991024971,0.04890511417761445
immediate_advantage_dqn,819,209,86.77940369695425,85.87145539060235,31.02730793505907,55.75209583640098,1.5605331640690565,17524.98987197876,0.0,26.0,0.0,2.0,0.050000000000000044,1.2492894530296326,1.234133291989565,0.05052049714140594
immediate_advantage_dqn,819,210,91.97548773288727,85.97511333100499,31.710643716156483,60.26484470963478,1.5936971260234714,18099.181491851807,0.0,26.0,0.0,1.0,0.050000000000000044,1.452449606731534,1.4395445231348276,0.04301694338209927
immediate_advantage_dqn,819,211,80.62022413462401,85.15963210083545,29.187321707606316,51.432902881503104,1.5027993293479085,16100.720699310303,0.0,23.0,0.0,2.0,0.050000000000000044,1.6804490983486176,1.6683655437082052,0.040278555010445416
immediate_advantage_dqn,819,212,87.76359076797962,84.97348176755011,31.52949357777834,56.23409782350063,1.5551591580733657,17577.500778198242,0.0,25.0,0.0,0.0,0.050000000000000044,0.9136180970817804,0.8981128912419081,0.05168397072702646
immediate_advantage_dqn,819,213,89.15877892076969,84.93866199202837,30.126560918986797,59.0322178453207,1.5557568911463022,17352.71982574463,0.0,27.0,0.0,1.0,0.050000000000000044,1.261181864887476,1.249210100620985,0.03990583634003997
immediate_advantage_dqn,819,214,77.81686129420996,84.43918451502921,29.931242026388645,47.88561947643757,1.5160538563504815,16548.44139480591,0.0,23.0,0.0,0.0,0.050000000000000044,1.4371219538152218,1.4205223508179188,0.05533201457001269
immediate_advantage_dqn,819,215,78.70590902417898,84.26405665129423,28.25205159932375,50.45385755896568,1.4978459542617202,16108.916997909546,0.0,24.0,0.0,2.0,0.050000000000000044,1.4869148693978786,1.4731366895139217,0.04592725611291826
immediate_advantage_dqn,819,216,101.90132114291191,85.55271471694113,33.93259617686272,67.96872501075268,1.6633343175053596,19595.065313339233,0.0,30.0,0.0,0.0,0.050000000000000044,1.3528973255306482,1.3339776936918497,0.06306541664525867
immediate_advantage_dqn,819,217,92.02721988409758,86.20823733970522,29.569913860410452,62.457305803895,1.5279187951236963,16770.92786216736,0.0,28.0,0.0,0.0,0.050000000000000044,1.1295173466205597,1.116686997935176,0.04276781948283315
immediate_advantage_dqn,819,218,94.22474421560764,86.55816318109632,31.708488911390305,62.51625511050224,1.5608860775828362,17583.112854003906,0.0,28.0,0.0,0.0,0.050000000000000044,1.9060203470289707,1.890322033315897,0.05232775071635842
immediate_advantage_dqn,819,219,94.75204966366292,88.18613240666687,32.88822519779205,61.86382500231266,1.6002555591985583,18398.734867095947,0.0,28.0,0.0,2.0,0.050000000000000044,1.508098278194666,1.4959361087530851,0.04054058180190623
immediate_advantage_dqn,819,220,83.11775645464658,88.74457541234793,29.323043532669544,53.794712936878206,1.5046342741698027,16021.033597946167,0.0,24.0,0.0,4.0,0.050000000000000044,1.3384796157479286,1.3252509012818336,0.044095752062276006
immediate_advantage_dqn,819,221,73.40397346019745,88.4653316553682,28.605462178587914,44.798511266708374,1.483129316009581,15609.964797973633,0.0,22.0,0.0,2.0,0.050000000000000044,1.2315794732421637,1.213690608739853,0.059629593044519424
immediate_advantage_dqn,819,222,86.2345839291811,88.5763016744703,30.0077066719532,56.22687715291977,1.5487720612436533,17224.510334014893,0.0,26.0,0.0,1.0,0.050000000000000044,1.599034858867526,1.5837885923683643,0.05082085193134844
immediate_advantage_dqn,819,223,106.41056163311005,89.12934246897697,36.13217642903328,70.27838518917561,1.7043820843100548,20898.873893737793,0.0,30.0,0.0,3.0,0.050000000000000044,1.2708702478557825,1.2565879598259926,0.0476076256018132
immediate_advantage_dqn,819,224,92.64221064150334,89.17359948620201,31.083337649703026,61.55887340903282,1.586062983609736,17632.503536224365,0.0,28.0,0.0,2.0,0.050000000000000044,1.254125079140067,1.2438104022294283,0.03438229637686163
immediate_advantage_dqn,819,225,83.26299958229065,88.35962039262058,30.008645452558994,53.254354293644425,1.515431823208928,16598.177131652832,0.0,25.0,0.0,3.0,0.050000000000000044,1.101165609434247,1.0836260486394167,0.05846518324688077
immediate_advantage_dqn,819,226,88.89663369357586,88.4819150403142,29.91414289921522,58.98249080181122,1.5496551478281617,17026.662425994873,0.0,26.0,0.0,1.0,0.050000000000000044,1.783653263002634,1.7678789719939232,0.05258090025745332
immediate_advantage_dqn,819,227,94.84304688274861,88.37252168282868,30.737154349684715,64.10589208602906,1.5707149608060718,17510.468063354492,0.0,29.0,0.0,1.0,0.050000000000000044,1.8645488042384386,1.8497332595288754,0.04938509711064398
immediate_advantage_dqn,819,228,78.6978447586298,88.16176007568836,29.547616332769394,49.1502280831337,1.4816300682723522,16504.63383293152,0.0,23.0,0.0,0.0,0.050000000000000044,1.482681566849351,1.4680601228028536,0.04873814131133258
immediate_advantage_dqn,819,229,86.94621364176274,88.1701005729288,30.448533535003662,56.49768071770668,1.5319755980744958,17233.834463119507,0.0,25.0,0.0,1.0,0.050000000000000044,1.4851649086922407,1.4655354674905539,0.06543150986544788
immediate_advantage_dqn,819,230,60.54952928572893,86.59880265057089,24.968765020370483,35.58076404929161,1.3907175567001104,13820.33727645874,0.0,19.0,0.0,1.0,0.050000000000000044,1.6318748034536839,1.6177358068525791,0.04712992697022855
immediate_advantage_dqn,819,231,79.90558209419251,86.5630705485493,30.555990390479565,49.349591651558875,1.5812658201903105,17948.606328964233,0.0,23.0,0.0,1.0,0.050000000000000044,1.2228055410087109,1.2042184546589851,0.06195698864758015
immediate_advantage_dqn,819,232,87.63809210062027,86.55679561518134,31.357711791992188,56.28037968277931,1.5568231418728828,17802.41477584839,0.0,27.0,0.0,0.0,0.050000000000000044,1.5223694499582052,1.505466751754284,0.056342348689213395
immediate_advantage_dqn,819,233,86.09015837311745,86.40336458779873,28.645359329879284,57.44479875266552,1.508305705152452,16301.625057220459,0.0,27.0,0.0,0.0,0.050000000000000044,1.3185696620494127,1.3024702165275812,0.05366484704427421
immediate_advantage_dqn,819,234,74.02748423963786,86.21389573507012,27.451223075389862,46.57626118659973,1.456490209326148,15312.347312927246,0.0,24.0,0.0,1.0,0.050000000000000044,1.7188327051699162,1.7023670822381973,0.05488538485951722
immediate_advantage_dqn,819,235,92.5673491358757,86.90696774065495,32.150069281458855,60.41727988421917,1.5729170702397823,18081.959594726562,0.0,29.0,0.0,2.0,0.050000000000000044,1.510174112394452,1.4933375846594572,0.056121717439964414
immediate_advantage_dqn,819,236,92.04731835573912,86.41426760129632,30.372611545026302,61.67470715343952,1.5421085143461823,17075.985486984253,0.0,28.0,0.0,2.0,0.050000000000000044,1.6656624656170607,1.6473858244717121,0.06092209182679653
immediate_advantage_dqn,819,237,70.00362555682659,85.31308788493277,26.483470238745213,43.520155638456345,1.4301452599465847,15059.172103881836,0.0,22.0,0.0,0.0,0.050000000000000044,1.2819584850221872,1.265223490074277,0.055783335119485855
immediate_advantage_dqn,819,238,82.23972913622856,84.71383713096381,28.65584933012724,53.583879858255386,1.5186093701049685,16246.49382019043,0.0,25.0,0.0,1.0,0.050000000000000044,1.3103560097515583,1.2914305590093136,0.06308484287001193
immediate_advantage_dqn,819,239,74.82427817583084,83.71744855657221,28.19770410656929,46.626573994755745,1.4661028329283,15750.973690032959,0.0,22.0,0.0,0.0,0.050000000000000044,1.6614690497517586,1.6460467241704464,0.05140775558538735
immediate_advantage_dqn,819,240,95.8821351915598,84.35566749341787,32.883353024721146,62.99878236800432,1.6421251948922873,18972.462324142456,0.0,29.0,0.0,2.0,0.050000000000000044,1.369583835825324,1.3519738651812077,0.05869991169311106
immediate_advantage_dqn,819,241,85.19062023609877,84.94499983221293,29.41964826732874,55.7709721326828,1.5187046695500612,16527.262767791748,0.0,25.0,0.0,0.0,0.050000000000000044,1.2420762367546558,1.2263476997613907,0.05242844391614199
immediate_advantage_dqn,819,242,86.05092487633229,84.9358168795705,29.012380838394165,57.038543650507926,1.4954622508957982,16322.492343902588,0.0,27.0,0.0,2.0,0.050000000000000044,1.6179988645017147,1.6015971302986145,0.054672423051670194
immediate_advantage_dqn,819,243,87.02305445969105,83.96644152089955,28.396610267460346,58.62644452750683,1.4649424627423286,15630.259704589844,0.0,27.0,0.0,2.0,0.050000000000000044,1.549604244530201,1.5359254200011492,0.0455961381085217
immediate_advantage_dqn,819,244,76.08213780075312,83.13843787886204,26.703395150601864,49.37874236702919,1.4264484690502286,15046.888423919678,0.0,22.0,0.0,0.0,0.050000000000000044,1.6672935858368874,1.652800440788269,0.048310455633327365
immediate_advantage_dqn,819,245,88.66886810213327,83.40873130485417,30.21611662954092,58.452751606702805,1.5300417393445969,16612.318786621094,0.0,27.0,0.0,0.0,0.050000000000000044,1.4427430406212807,1.425570871680975,0.05724053177982569
immediate_advantage_dqn,819,246,93.0934292703867,83.6185710836947,32.46856977045536,60.624859529733655,1.573741476982832,18006.100563049316,0.0,28.0,0.0,3.0,0.050000000000000044,1.4159968197345734,1.4004703778773546,0.051754829939454794
immediate_advantage_dqn,819,247,86.1333606183529,83.18308677047492,29.97952912002802,56.15383108854294,1.5270277168601751,16964.721446990967,0.0,27.0,0.0,1.0,0.050000000000000044,1.6022101305425167,1.5856810994446278,0.05509678926318884
immediate_advantage_dqn,819,248,87.44736030846835,83.62056254796684,30.44047823548317,57.00688181221485,1.5010405667126179,16614.394779205322,0.0,26.0,0.0,2.0,0.050000000000000044,1.2328223250806332,1.2157397028058767,0.05694208014756441
immediate_advantage_dqn,819,249,59.63899649828672,82.25520169079306,24.255413495004177,35.383583122491835,1.398572194389999,13862.33004951477,0.0,18.0,0.0,1.0,0.050000000000000044,1.580720391124487,1.5622107908129692,0.06169861229136586
immediate_advantage_dqn,819,250,77.96314688026905,83.12588257052006,28.43323478102684,49.52991223335266,1.4759680032730103,16175.613510131836,0.0,23.0,0.0,1.0,0.050000000000000044,1.8965953849256039,1.8855054154992104,0.03696653863880783
immediate_advantage_dqn,819,251,78.11518049240112,83.03636249043049,27.07982261478901,51.035357758402824,1.4292318504303694,14959.602355957031,0.0,25.0,0.0,4.0,0.050000000000000044,1.3563149012625217,1.3404436372220516,0.05290428292937577
immediate_advantage_dqn,819,252,76.2112335294485,82.46501956187188,28.098938934504986,48.11229482591152,1.4504422200843692,15014.147315979004,0.0,22.0,0.0,2.0,0.050000000000000044,1.5529815144836903,1.5376013796776533,0.051267122849822044
immediate_advantage_dqn,819,253,77.67441648244858,82.04423246733845,28.22463046014309,49.44978526234627,1.4429450379684567,15908.665718078613,0.0,23.0,0.0,0.0,0.050000000000000044,1.539913048967719,1.521412756294012,0.061667694710195065
immediate_advantage_dqn,819,254,88.40779396891594,82.76324795380233,29.233852967619896,59.17394098639488,1.5282464046031237,16597.940628051758,0.0,27.0,0.0,0.0,0.050000000000000044,1.5826806854456663,1.5645008385181427,0.060599462827667594
immediate_advantage_dqn,819,255,83.22395340800286,82.2960781674087,29.661396831274033,53.562556084990504,1.4843625333160162,16082.299743652344,0.0,25.0,0.0,4.0,0.050000000000000044,1.3106104377657175,1.2966935448348522,0.04638966266065836
immediate_advantage_dqn,819,256,88.34910126775503,82.1111673130095,31.538675285875797,56.810426369309425,1.5489833625033498,17615.94504547119,0.0,25.0,0.0,0.0,0.050000000000000044,1.6621298529207706,1.6483888570219278,0.045803300803527236
immediate_advantage_dqn,819,257,75.2207396671176,82.37202301852406,29.23193011432886,45.98880999982357,1.4775670105591416,15864.972162246704,0.0,21.0,0.0,3.0,0.050000000000000044,1.8459584526717663,1.8250395562499762,0.06972959614358842
immediate_advantage_dqn,819,258,76.54037896692753,82.087055510059,27.83631904423237,48.704059863090514,1.4638176430016756,15790.942974090576,0.0,24.0,0.0,2.0,0.050000000000000044,1.7316634058952332,1.7176477387547493,0.046718874014914036
immediate_advantage_dqn,819,259,84.41482269763947,82.56658273614944,30.8240814357996,53.590740755200386,1.537452531978488,17278.981037139893,0.0,24.0,0.0,0.0,0.050000000000000044,1.8251528907567263,1.8072978891432285,0.059516727924346924
immediate_advantage_dqn,819,260,68.31958539187909,81.1884552461654,26.089491985738277,42.23009326457977,1.410345794633031,14848.294347763062,0.0,20.0,0.0,1.0,0.050000000000000044,1.285640962421894,1.2706365212798119,0.0500148352002725
immediate_advantage_dqn,819,261,74.83095659315586,80.67047206401826,27.612117402255535,47.21883888542652,1.4903866946697235,15664.486804962158,0.0,23.0,0.0,1.0,0.050000000000000044,1.661974499002099,1.6466333493590355,0.051137116039171815
immediate_advantage_dqn,819,262,84.69940074682236,80.60289585754276,29.406072415411472,55.29332866668701,1.5020399456843734,16489.402320861816,0.0,25.0,0.0,1.0,0.050000000000000044,1.634673297405243,1.6197962053120136,0.04959036014042795
immediate_advantage_dqn,819,263,83.1850383207202,80.41099505059421,31.522303141653538,51.66273498535156,1.5536220986396074,17852.840084075928,0.0,24.0,0.0,0.0,0.050000000000000044,1.4729641284793615,1.455247512087226,0.059055351885035634
immediate_advantage_dqn,819,264,97.75739084333182,81.49475770272315,29.851382322609425,67.90600865483285,1.5456734141334891,16829.315086364746,0.0,30.0,0.0,2.0,0.050000000000000044,1.5649773180484772,1.549767628312111,0.05069896439090371
immediate_advantage_dqn,819,265,65.85514564216138,80.35407157972456,24.94767229259014,40.907473468780516,1.414211560972035,14304.341711044312,0.0,20.0,0.0,1.0,0.050000000000000044,1.6306160222738981,1.6166787445545197,0.046457530464977026
immediate_advantage_dqn,819,266,70.6756692007184,79.23318357624115,27.08796063810587,43.58770829439163,1.4141258522868156,14827.489364624023,0.0,23.0,0.0,0.0,0.050000000000000044,1.7807603925466537,1.7675466164946556,0.04404591931961477
immediate_advantage_dqn,819,267,68.96590309739113,78.37481070019305,25.979398623108864,42.98650469779968,1.3929102895781398,14393.96082687378,0.0,20.0,0.0,1.0,0.050000000000000044,1.649231843650341,1.6332592442631721,0.05324194603599608
immediate_advantage_dqn,819,268,86.44300480335951,78.32459292493762,33.02246826887131,53.42053686976433,1.5652781091630459,18220.805183410645,0.0,23.0,0.0,1.0,0.050000000000000044,1.6438575685024261,1.6281139105558395,0.05247881473042071
immediate_advantage_dqn,819,269,85.18529076874256,79.6019076384604,29.590372808277607,55.59491786360741,1.5257396809756756,16818.990619659424,0.0,26.0,0.0,0.0,0.050000000000000044,1.827457744628191,1.8117842637002468,0.052244968712329865
immediate_advantage_dqn,819,270,83.38918424397707,79.8732095066458,31.01931018382311,52.369873732328415,1.5528446473181248,17751.370708465576,0.0,23.0,0.0,1.0,0.050000000000000044,1.450724782422185,1.432753223925829,0.05990516324527562
immediate_advantage_dqn,819,271,81.40724496543407,80.03781273029745,27.878170877695084,53.529073894023895,1.4836722500622272,15929.770450592041,0.0,23.0,0.0,0.0,0.050000000000000044,1.259348038583994,1.2450603172183037,0.04762576147913933
immediate_advantage_dqn,819,272,91.58902791291476,80.80670244947076,31.22887346893549,60.360154354572295,1.5512580005452037,18101.36450767517,0.0,28.0,0.0,1.0,0.050000000000000044,1.3831898793578148,1.3678221851587296,0.051225624745711684
immediate_advantage_dqn,819,273,70.18164256215096,80.43206375345588,27.23742976039648,42.94421207904816,1.4434496648609638,15236.043888092041,0.0,22.0,0.0,0.0,0.050000000000000044,1.8406507037580013,1.824167998507619,0.0549423205666244
immediate_advantage_dqn,819,274,76.32089571803809,79.827718840912,29.411817468702793,46.909078100323676,1.4971492635086179,16271.804244995117,0.0,22.0,0.0,1.0,0.050000000000000044,1.4606540631502867,1.4436091426759958,0.056816373486071825
immediate_advantage_dqn,819,275,78.32036249488593,79.58253929525615,27.36446988582611,50.95589266121387,1.4510390162467957,15298.559015274048,0.0,24.0,0.0,1.0,0.050000000000000044,1.7416553907096386,1.7263134196400642,0.051139868795871735
immediate_advantage_dqn,819,276,80.25556161254644,79.17786231249572,29.446393057703972,50.809168219566345,1.4745807088911533,15952.495708465576,0.0,24.0,0.0,0.0,0.050000000000000044,1.3351743016391993,1.31852169893682,0.05550868669524789
immediate_advantage_dqn,819,277,91.21706006079913,79.9776783321798,31.142818309366703,60.07424115538597,1.539192139171064,17395.00576019287,0.0,26.0,0.0,1.0,0.050000000000000044,1.3421556241810322,1.3293210174888372,0.04278204112779349
immediate_advantage_dqn,819,278,67.71338664740324,79.53632871620358,25.973799757659435,41.73958699405193,1.4327567471191287,14871.148838043213,0.0,20.0,0.0,0.0,0.050000000000000044,1.5062542390078306,1.4903073869645596,0.05315621930640191
immediate_advantage_dqn,819,279,96.48090386390686,80.13963277451695,32.40777934342623,64.07312490046024,1.6076133828610182,18417.79803085327,0.0,28.0,0.0,0.0,0.050000000000000044,1.3368476629257202,1.3211117032915354,0.05245311348699033
immediate_advantage_dqn,819,280,86.4400474652648,81.04565587818624,28.809822492301464,57.63022491335869,1.516756685450673,16233.46662902832,0.0,26.0,0.0,1.0,0.050000000000000044,1.490546826273203,1.4755106922239065,0.050120458006858826
immediate_advantage_dqn,819,281,77.14953003823757,81.16158455044031,27.009212534874678,50.14031761884689,1.4379429761320353,15034.253419876099,0.0,25.0,0.0,1.0,0.050000000000000044,1.7928429916501045,1.7747390270233154,0.06034659896977246
immediate_advantage_dqn,819,282,72.34227876365185,80.5437284512818,26.26714912056923,46.07512989640236,1.4072443982586265,14185.06477355957,0.0,22.0,0.0,0.0,0.050000000000000044,1.667581643909216,1.6506118215620518,0.05656612035818398
immediate_advantage_dqn,819,283,79.82004670798779,80.37547887064517,27.511911876499653,52.308134734630585,1.4786561224609613,15749.383819580078,0.0,26.0,0.0,1.0,0.050000000000000044,1.641297610476613,1.626448506489396,0.049497026950120926
immediate_advantage_dqn,819,284,76.2865755930543,79.30193810813128,28.731699086725712,47.55487668514252,1.4808066552504897,16166.637851715088,0.0,21.0,0.0,1.0,0.050000000000000044,1.4516889285296202,1.43308774381876,0.062003938015550375
immediate_advantage_dqn,819,285,85.2753478616476,80.2729482191056,30.35175684839487,54.92359063327312,1.54082743357867,17255.42132949829,0.0,24.0,0.0,2.0,0.050000000000000044,1.5164592675864697,1.502996390685439,0.04487624973990023
immediate_advantage_dqn,819,286,94.34248759895563,81.45628913901746,31.426899403333664,62.91558809876442,1.56527766212821,17575.887130737305,0.0,29.0,0.0,2.0,0.050000000000000044,1.76701526530087,1.7510431706905365,0.05324030457995832
immediate_advantage_dqn,819,287,92.06288676708937,82.61113832250237,31.070296935737133,60.99259036779404,1.557053992524743,17839.918872833252,0.0,27.0,0.0,1.0,0.050000000000000044,1.4445932228118181,1.4304118938744068,0.047271053306758404
immediate_advantage_dqn,819,288,85.64418042600155,82.57119710363447,29.670105189085007,55.97407514750957,1.515698722563684,17004.206859588623,0.0,25.0,0.0,2.0,0.050000000000000044,1.4143099747598171,1.3991438820958138,0.05055367015302181
immediate_advantage_dqn,819,289,76.925975702703,82.1582313503325,28.175540521740913,48.75043544173241,1.485034603625536,16082.168033599854,0.0,24.0,0.0,0.0,0.050000000000000044,1.9333130326122046,1.9152433350682259,0.06023238180205226
immediate_advantage_dqn,819,290,94.47916193455458,82.71273023486137,31.894454523921013,62.584706434607504,1.5505571803078055,17976.636169433594,0.0,28.0,0.0,3.0,0.050000000000000044,1.896670926362276,1.8813003525137901,0.0512352860532701
immediate_advantage_dqn,819,291,61.445463597774506,81.7146411664784,25.16044193506241,36.285021468997,1.3844012580811977,14377.329364776611,0.0,19.0,0.0,0.0,0.050000000000000044,1.695292817428708,1.6800604108721018,0.05077466135844588
immediate_advantage_dqn,819,292,83.20967304110528,81.29567342288792,28.041704267263412,55.16796847581863,1.5196711020544171,16337.242847442627,0.0,25.0,0.0,1.0,0.050000000000000044,1.661424033343792,1.6438227631151676,0.05867095454595983
immediate_advantage_dqn,819,293,78.54866809397936,81.71402469947935,28.817184045910835,49.73148362338543,1.5023156106472015,16352.320453643799,0.0,23.0,0.0,1.0,0.050000000000000044,1.8306263573467731,1.8126776963472366,0.059828940546140075
immediate_advantage_dqn,819,294,81.86929838508368,81.99144483283162,29.067813746631145,52.80148440003395,1.4907871969044209,15972.62887954712,0.0,24.0,0.0,1.0,0.050000000000000044,1.4944681618362665,1.477351289242506,0.05705620860680938
immediate_advantage_dqn,819,295,71.28418582826853,81.63963599950077,27.289123006165028,43.99506312012672,1.4410322988405824,15325.102716445923,0.0,21.0,0.0,1.0,0.050000000000000044,1.8596063293516636,1.8446343913674355,0.049906443106010556
immediate_advantage_dqn,819,296,78.42463882267475,81.54808986000717,27.743334993720055,50.6813038289547,1.4674474885687232,15775.811515808105,0.0,23.0,0.0,0.0,0.050000000000000044,1.726009901612997,1.7114056311547756,0.04868089477531612
immediate_advantage_dqn,819,297,79.0127145498991,80.93787258446218,29.095076248049736,49.91763813793659,1.5287768114358187,16508.595371246338,0.0,26.0,0.0,2.0,0.050000000000000044,1.9392550103366375,1.9295231848955154,0.03243938053492457
immediate_advantage_dqn,819,298,94.00664441287518,82.25253547273576,30.58746723085642,63.41917684674263,1.565148918889463,17787.416206359863,0.0,30.0,0.0,0.0,0.050000000000000044,1.6818321570754051,1.6649543158710003,0.05625943886116147
immediate_advantage_dqn,819,299,69.90770813971758,80.9238756865263,28.047372102737427,41.8603358656168,1.427146665751934,15377.558940887451,0.0,21.0,0.0,1.0,0.050000000000000044,1.6861498188227415,1.668826561421156,0.057744269259274006
immediate_advantage_dqn,819,300,78.51388634741306,80.52756763063371,28.44642223417759,50.06746371090412,1.4706002343446016,15613.648895263672,0.0,23.0,0.0,0.0,0.050000000000000044,1.5230992753058672,1.505990071222186,0.05703067546710372
immediate_advantage_dqn,819,301,100.82769359648228,81.71147580854594,33.12228386849165,67.7054100483656,1.6122206961736083,18501.1873626709,0.0,30.0,0.0,1.0,0.050000000000000044,1.319365156814456,1.3031804263591766,0.053949128836393356
immediate_advantage_dqn,819,302,90.03915187716484,82.5963194642216,30.465786546468735,59.5733657181263,1.5396806439384818,17206.39382171631,0.0,28.0,0.0,0.0,0.050000000000000044,1.6692445557564497,1.6513028852641582,0.05980566865764558
immediate_advantage_dqn,819,303,82.54758773744106,82.73269651569426,29.61617272347212,52.93141479790211,1.476585203781724,16219.855112075806,0.0,23.0,0.0,0.0,0.050000000000000044,1.8266049660742283,1.8090848289430141,0.05840043327771127
immediate_advantage_dqn,819,304,83.79118412733078,83.10792694240808,30.40443993359804,53.38674461841583,1.544243629090488,17145.74006652832,0.0,24.0,0.0,1.0,0.050000000000000044,1.961618609726429,1.9489207696169615,0.04232616978697479
immediate_advantage_dqn,819,305,99.55901304781437,83.82211020171643,33.515926226973534,66.04308668673039,1.616133308969438,19196.398361206055,0.0,30.0,0.0,1.0,0.050000000000000044,1.68382110260427,1.6688898485153913,0.04977085208520293
immediate_advantage_dqn,819,306,87.36766554415226,83.47336909897626,30.17331200093031,57.19435419142246,1.5231291828677058,16996.042022705078,0.0,25.0,0.0,1.0,0.050000000000000044,1.1887912061065435,1.1733630187809467,0.05142729030922055
immediate_advantage_dqn,819,307,75.31667555123568,82.63605853818358,27.773683816194534,47.54299160838127,1.5058734808117151,15898.690349578857,0.0,23.0,0.0,0.0,0.050000000000000044,1.934778805822134,1.9187841340899467,0.0533155498560518
immediate_advantage_dqn,819,308,74.02421390414239,82.05506021209062,29.470410376787186,44.55380352735519,1.4730045273900032,16044.703308105469,0.0,22.0,0.0,3.0,0.050000000000000044,1.581337034702301,1.5642089396715164,0.057093667797744274
immediate_advantage_dqn,819,309,72.9054122582078,81.85403203986587,28.063247315585613,44.842164972424506,1.4579654186964035,15803.466407775879,0.0,23.0,0.0,1.0,0.050000000000000044,1.611479764804244,1.594740517437458,0.055797522654756904
immediate_advantage_dqn,819,310,78.78944889456034,81.06954638786615,29.71667628735304,49.072772562503815,1.499581079930067,16759.228786468506,0.0,22.0,0.0,0.0,0.050000000000000044,1.5566910486668348,1.5406420473009348,0.05349670723080635
immediate_advantage_dqn,819,311,68.69619622826576,81.43208301939072,26.803691923618317,41.89250427484512,1.4208475593477488,14943.112241744995,0.0,20.0,0.0,0.0,0.050000000000000044,1.3809981644153595,1.3654504343867302,0.05182579695247114
immediate_advantage_dqn,819,312,76.66745189577341,81.10497196212411,27.81504062563181,48.852411046624184,1.4890267997980118,16173.166227340698,0.0,23.0,0.0,2.0,0.050000000000000044,1.578097315505147,1.5611000880599022,0.05665744422003627
immediate_advantage_dqn,819,313,89.72194712013007,81.66363591343165,30.21725258231163,59.504694470763205,1.5082010487094522,16710.95872116089,0.0,27.0,0.0,2.0,0.050000000000000044,1.6952293086797,1.6784948948770761,0.055781360948458314
immediate_advantage_dqn,819,314,77.83958579599857,81.4621502839774,28.675204917788506,49.16438117623329,1.466089635156095,15756.228141784668,0.0,23.0,0.0,1.0,0.050000000000000044,1.7117745727300644,1.6949048414826393,0.05623245518654585
immediate_advantage_dqn,819,315,82.91261085867882,82.0435715354979,28.54606020450592,54.36654978990555,1.462653717957437,15547.903011322021,0.0,25.0,0.0,2.0,0.050000000000000044,1.5815395079553127,1.5660285204648972,0.05170331592671573
immediate_advantage_dqn,819,316,90.5457148641348,82.64962533757091,31.801984637975693,58.74373031556606,1.56234781909734,18163.016777038574,0.0,27.0,0.0,2.0,0.050000000000000044,1.6460192259401083,1.6322839856147766,0.0457840992603451
immediate_advantage_dqn,819,317,73.64657303094864,82.38131826162339,27.4433101862669,46.20326299369335,1.4587182141840458,15532.829582214355,0.0,22.0,0.0,1.0,0.050000000000000044,2.3645902052521706,2.3487644270062447,0.05275258142501116
immediate_advantage_dqn,819,318,73.16871601492167,81.33942184172572,26.669451467692852,46.49926506876945,1.4410347444936633,14764.141073226929,0.0,23.0,0.0,1.0,0.050000000000000044,1.7040686756372452,1.68826868198812,0.05266670975834131
immediate_advantage_dqn,819,319,56.87166512012482,80.68761969074608,24.414213985204697,32.457451194524765,1.3719582287594676,13633.286140441895,0.0,18.0,0.0,0.0,0.050000000000000044,1.806894475594163,1.7927038110792637,0.04730223026126623
immediate_advantage_dqn,819,320,67.9637182071805,80.16011128373445,27.37203650921583,40.59168223440647,1.4470932986587286,15242.881530761719,0.0,19.0,0.0,1.0,0.050000000000000044,1.8262584879994392,1.8117814622819424,0.04825678700581193
immediate_advantage_dqn,819,321,84.13309260606766,79.32538123421372,30.928854897618294,53.20423805117607,1.5189242660999298,16886.029293060303,0.0,23.0,0.0,1.0,0.050000000000000044,1.4555456638336182,1.4384818561375141,0.05687941121868789
immediate_advantage_dqn,819,322,79.86831463128328,78.81683937191964,28.01533129811287,51.85298338532448,1.4755095103755593,16132.799533843994,0.0,24.0,0.0,0.0,0.050000000000000044,1.9840615540742874,1.9661620259284973,0.05966510670259595
immediate_advantage_dqn,819,323,84.19544231891632,78.8992321009934,29.995965600013733,54.19947689771652,1.5347878988832235,16885.638465881348,0.0,25.0,0.0,0.0,0.050000000000000044,1.8810861371457577,1.8669235743582249,0.04720851662568748
immediate_advantage_dqn,819,324,75.64350494146348,78.49184814170005,28.713778272271156,46.92972653508186,1.4537266585975885,15682.457221984863,0.0,22.0,0.0,1.0,0.050000000000000044,1.2700836658477783,1.2532405816018581,0.056143639376387
immediate_advantage_dqn,819,325,73.72205775976181,77.20000037729741,27.17587301135063,46.546184957027435,1.444279519841075,15289.570392608643,0.0,22.0,0.0,0.0,0.050000000000000044,1.8404187262058258,1.8286857958883047,0.03910968289710581
immediate_advantage_dqn,819,326,99.07375648617744,77.78530492439867,31.472261488437653,67.60149486362934,1.5683519085869193,18134.668239593506,0.0,31.0,0.0,0.0,0.050000000000000044,1.8898133039474487,1.8736394010484219,0.05391295626759529
immediate_advantage_dqn,819,327,77.62176869213582,77.90055958144367,27.64922386407852,49.97254520058632,1.4659741707146168,15484.796047210693,0.0,23.0,0.0,1.0,0.050000000000000044,1.6419107057154179,1.6245744489133358,0.05778749566525221
immediate_advantage_dqn,819,328,68.56663786023856,77.6276807792485,25.75500936806202,42.81162812709808,1.418109280988574,14590.543598175049,0.0,22.0,0.0,1.0,0.050000000000000044,2.0480234436690807,2.0327123049646616,0.05103701679036021
immediate_advantage_dqn,819,329,93.03469857573509,78.63414509512486,31.00399959087372,62.030698865652084,1.5427474174648523,17250.038513183594,0.0,27.0,0.0,0.0,0.050000000000000044,1.6995063833892345,1.6832388434559107,0.05422510183416307
immediate_advantage_dqn,819,330,79.29968889057636,78.65965709492566,30.78956212103367,48.51012718677521,1.5389851406216621,17166.106006622314,0.0,23.0,0.0,1.0,0.050000000000000044,1.5297301150858402,1.514654878526926,0.05025079310871661
immediate_advantage_dqn,819,331,71.98287652730941,78.82399110987782,26.79367044568062,45.18920602202415,1.444442881271243,15473.84192276001,0.0,22.0,0.0,3.0,0.050000000000000044,1.7218620013445616,1.7069963533431292,0.04955216567032039
immediate_advantage_dqn,819,332,89.06319411098957,79.44377822063862,30.525322005152702,58.5378720164299,1.51215916313231,17045.61768722534,0.0,25.0,0.0,1.0,0.050000000000000044,1.5431532058864832,1.5290551222860813,0.04699365608394146
immediate_advantage_dqn,819,333,73.26976926028729,78.6211693276465,25.460103575140238,47.809665316343306,1.3802078366279602,13961.33409500122,0.0,23.0,0.0,1.0,0.050000000000000044,1.843845997005701,1.8272795006632805,0.055221687303856015
immediate_advantage_dqn,819,334,72.5801425293088,78.35819716431202,27.79955217987299,44.780590736865996,1.4363420773297548,15121.26809310913,0.0,20.0,0.0,1.0,0.050000000000000044,1.8522873874753714,1.836737846955657,0.05183174950070679
immediate_advantage_dqn,819,335,82.30415839701891,78.32777454122902,29.26849079877138,53.03566762804985,1.504122119396925,16382.484493255615,0.0,26.0,0.0,2.0,0.050000000000000044,1.3510589338839054,1.3334362655878067,0.05874221515841782
immediate_advantage_dqn,819,336,63.24909168630838,76.9629433823377,24.57741004228592,38.671682158112525,1.3723358092829585,13536.908527374268,0.0,21.0,0.0,1.0,0.050000000000000044,1.6184395365417004,1.6061856262385845,0.04084633057937026
immediate_advantage_dqn,819,337,99.78073300421238,78.26965138100088,34.269875228405,65.51085805892944,1.6161298574879766,19066.552974700928,0.0,28.0,0.0,1.0,0.050000000000000044,1.5188389290124178,1.501617131754756,0.05740594817325473
immediate_advantage_dqn,819,338,77.70365949720144,78.49639855511487,28.08453869074583,49.61912053823471,1.4613441694527864,15708.760646820068,0.0,24.0,0.0,0.0,0.050000000000000044,1.9317952413111925,1.9157717749476433,0.05341155012138188
immediate_advantage_dqn,819,339,110.62451182305813,81.18404089026153,36.581230498850346,74.04328127205372,1.6669311989098787,20368.37878036499,0.0,33.0,0.0,0.0,0.050000000000000044,1.5713370572775602,1.5546731390058994,0.05554639850743115
immediate_advantage_dqn,819,340,80.319569401443,81.80183344997465,30.375326432287693,49.94424298405647,1.4985042568296194,16497.718635559082,0.0,23.0,0.0,0.0,0.050000000000000044,2.1512314677238464,2.136651262640953,0.048600677866488695
immediate_advantage_dqn,819,341,105.81541319191456,82.885949479267,34.04059364646673,71.77481959760189,1.6706382865086198,19905.87624359131,0.0,32.0,0.0,1.0,0.050000000000000044,1.4462547358125448,1.4321604929864407,0.04698082059621811
immediate_advantage_dqn,819,342,82.69452155530453,83.02725982546806,30.179836124181747,52.51468581855297,1.5123744504526258,16979.311782836914,0.0,25.0,0.0,1.0,0.050000000000000044,2.0253408066928387,2.0095684193074703,0.05257457448169589
immediate_advantage_dqn,819,343,71.04554953724146,82.36976518638433,25.651902481913567,45.393647621572015,1.392008788883686,14155.392761230469,0.0,22.0,0.0,2.0,0.050000000000000044,2.169348904863,2.154612250626087,0.04912224039435387
immediate_advantage_dqn,819,344,71.09152065217495,82.1421659719199,27.696620762348175,43.39490005373955,1.4668126301839948,15587.25923538208,0.0,22.0,0.0,0.0,0.050000000000000044,1.8991665057837963,1.881414771080017,0.059172437293455005
immediate_advantage_dqn,819,345,81.9431906208396,82.5532226149738,29.567086167633533,52.376104140281676,1.5063270227983594,16746.72880935669,0.0,26.0,0.0,1.0,0.050000000000000044,1.4198149051517248,1.404149852693081,0.05221686651930213
immediate_advantage_dqn,819,346,89.97059115767479,82.09806434854866,31.041971623897552,58.92861965298653,1.5498228864744306,17496.873794555664,0.0,27.0,0.0,0.0,0.050000000000000044,1.4845856092870235,1.4706578273326159,0.04642588901333511
immediate_advantage_dqn,819,347,92.44173053205013,82.83906244054437,31.531686067581177,60.91004421114921,1.5652149468660355,17774.145545959473,0.0,28.0,0.0,2.0,0.050000000000000044,1.845319740474224,1.8309249207377434,0.04798273742198944
immediate_advantage_dqn,819,348,85.69425152242184,83.69544312365353,31.657370761036873,54.036881133913994,1.5333994114771485,17693.74843978882,0.0,24.0,0.0,1.0,0.050000000000000044,1.7735881377011538,1.7600337974727154,0.04518111003562808
immediate_advantage_dqn,819,349,81.67257455885411,83.12733692280949,30.52322168648243,51.149353155493735,1.506559930741787,16963.021015167236,0.0,23.0,0.0,2.0,0.050000000000000044,1.8326505310833454,1.8180409856140614,0.04869848699308932
immediate_advantage_dqn,819,350,69.50521696507931,82.63761332653463,27.18342723697424,42.32178992927074,1.4184476369991899,15011.843397140503,0.0,22.0,0.0,2.0,0.050000000000000044,1.342617029324174,1.3311680126935244,0.03816335357259959
immediate_advantage_dqn,819,351,81.3860592842102,83.10777246437968,29.665913343429565,51.720146015286446,1.4766751294955611,16036.120670318604,0.0,24.0,0.0,3.0,0.050000000000000044,1.7588083073496819,1.7419981379061937,0.05603391071781516
immediate_advantage_dqn,819,352,68.57286386340857,82.08325595200064,26.258712269365788,42.31415148973465,1.3962620655074716,14481.967882156372,0.0,22.0,0.0,1.0,0.050000000000000044,1.47801548615098,1.4647382535040379,0.04425745760090649
immediate_advantage_dqn,819,353,83.50572807341814,82.59505389265718,30.277456015348434,53.22827190160751,1.5063588926568627,16771.791820526123,0.0,25.0,0.0,0.0,0.050000000000000044,1.5675989780575037,1.5514096096158028,0.053964527091011405
immediate_advantage_dqn,819,354,78.72532815039158,82.90231317371129,29.0770443379879,49.64828415513038,1.4879520563408732,15880.521766662598,0.0,23.0,0.0,3.0,0.050000000000000044,1.5149719435721636,1.4987515527755022,0.05406796117313206
immediate_advantage_dqn,819,355,83.73581294119359,82.97389590092004,30.121307626366615,53.614506059885024,1.509458894841373,16974.39386177063,0.0,24.0,0.0,2.0,0.050000000000000044,1.7436400204896927,1.7307384982705116,0.043005027808249
immediate_advantage_dqn,819,356,83.72228088974953,83.9975553610921,30.245707854628563,53.47657288610935,1.5208039581775665,16959.118171691895,0.0,25.0,0.0,0.0,0.050000000000000044,1.4642574694007635,1.4495774190872908,0.04893344431184232
immediate_advantage_dqn,819,357,84.96911998093128,83.25697470992804,29.348262146115303,55.62085783481598,1.542996872216463,17185.42148590088,0.0,27.0,0.0,0.0,0.050000000000000044,1.7272564321756363,1.7145520225167274,0.04234801745042205
immediate_advantage_dqn,819,358,82.55629326403141,83.49960639826955,30.101414553821087,52.454879239201546,1.4865414183586836,16295.34162902832,0.0,25.0,0.0,0.0,0.050000000000000044,1.8072360344231129,1.792707409709692,0.04842876037582755
immediate_advantage_dqn,819,359,68.4170002669096,81.3892308204621,27.792074643075466,40.62492560148239,1.4389141257852316,15367.14264678955,0.0,21.0,0.0,2.0,0.050000000000000044,1.6860200744122267,1.6723635904490948,0.04552159574814141
immediate_advantage_dqn,819,360,59.007066735625266,80.32360568717124,25.26237614452839,33.744690576195715,1.3847913350909948,13782.95979309082,0.0,16.0,0.0,2.0,0.050000000000000044,1.4682241324335337,1.4549175668507814,0.044355221558362246
immediate_advantage_dqn,819,361,92.87777777910233,79.67672391653062,30.51695466786623,62.360823386907576,1.511034599505365,16812.601364135742,0.0,27.0,0.0,1.0,0.050000000000000044,1.4444246646016836,1.428024647757411,0.0546667103189975
immediate_advantage_dqn,819,362,90.0516756772995,80.04458162263037,29.4142594486475,60.63741661608219,1.523149996995926,16676.664588928223,0.0,27.0,0.0,1.0,0.050000000000000044,1.7901997286826372,1.7773310169577599,0.042895718943327665
immediate_advantage_dqn,819,363,70.74054512679577,80.02933140210808,27.443672627210617,43.29687266349792,1.4379237107932568,14972.966041564941,0.0,21.0,0.0,2.0,0.050000000000000044,2.326401038095355,2.307547591626644,0.06284479610621929
immediate_advantage_dqn,819,364,77.99276288598776,80.37439351379872,29.832280732691288,48.16048228740692,1.5092700999230146,16764.976596832275,0.0,22.0,0.0,0.0,0.050000000000000044,1.5678132958710194,1.5549621023237705,0.042837291257455945
immediate_advantage_dqn,819,365,83.5797233581543,80.45622015066445,28.342537254095078,55.23718610405922,1.468720286153257,15827.771774291992,0.0,27.0,0.0,0.0,0.050000000000000044,1.7347138114273548,1.7208620104938745,0.046172638423740864
immediate_advantage_dqn,819,366,60.430034609138964,78.97919232323767,25.117067143321037,35.312967443466185,1.372798327356577,13971.187339782715,0.0,18.0,0.0,2.0,0.050000000000000044,1.2288201376795769,1.2135134413838387,0.051022293511778116
immediate_advantage_dqn,819,367,90.70151659846306,78.89218162655831,30.128446385264397,60.57306991517544,1.527602430433035,17366.43044281006,0.0,28.0,0.0,0.0,0.050000000000000044,1.3811536561697721,1.3678417447954416,0.044373108772560954
immediate_advantage_dqn,819,368,58.54352950453758,77.5346455256641,23.84507265686989,34.69845668375492,1.331321225501597,13048.847366333008,0.0,19.0,0.0,1.0,0.050000000000000044,1.9243902321904898,1.9096736460924149,0.049055382842198014
immediate_advantage_dqn,819,369,76.5015518963337,77.27609439253808,28.18311294913292,48.31843948364258,1.4761368753388524,15928.436866760254,0.0,23.0,0.0,3.0,0.050000000000000044,2.0802541822195053,2.065808955579996,0.04815072752535343
immediate_advantage_dqn,819,370,81.02886167913675,77.85227662824096,30.703469581902027,50.325392097234726,1.521957422606647,17147.205696105957,0.0,23.0,0.0,2.0,0.050000000000000044,1.937842758372426,1.922632459551096,0.05070097045972943
immediate_advantage_dqn,819,371,81.11276654303074,77.83861199118198,30.58522693812847,50.52753948569298,1.5489730359986424,17463.25347137451,0.0,23.0,0.0,2.0,0.050000000000000044,1.8591813333332539,1.8448831737041473,0.04766060505062342
immediate_advantage_dqn,819,372,76.73345462977886,78.2466415295005,27.890553265810013,48.84290140867233,1.4417009493336082,15423.870056152344,0.0,23.0,0.0,0.0,0.050000000000000044,1.7893046364188194,1.7726905196905136,0.05538031319156289
immediate_advantage_dqn,819,373,98.94264996796846,79.01848762422802,31.711280837655067,67.23136922717094,1.5821118531748652,17906.867584228516,0.0,31.0,0.0,0.0,0.050000000000000044,1.2774153649806976,1.2610536180436611,0.05453918990679085
immediate_advantage_dqn,819,374,87.92512571811676,79.47847750261425,30.64000726491213,57.28511807322502,1.5564704863354564,17520.19807434082,0.0,27.0,0.0,1.0,0.050000000000000044,1.8103594686836004,1.796341672539711,0.046726074535399675
immediate_advantage_dqn,819,375,88.6163143068552,79.72250257089733,30.73199625313282,57.88431766629219,1.5471673188731074,17305.1178855896,0.0,28.0,0.0,0.0,0.050000000000000044,1.7002641446888447,1.6883800644427538,0.03961368347518146
immediate_advantage_dqn,819,376,83.04571367949248,79.68867421038449,30.67186039686203,52.373853334784506,1.5404133358970284,17460.33903503418,0.0,25.0,0.0,2.0,0.050000000000000044,2.102536601945758,2.09022562764585,0.041036513866856694
immediate_advantage_dqn,819,377,80.23232354521751,79.45183438859881,27.987950317561626,52.24437329471111,1.4834049949422479,15984.209926605225,0.0,23.0,0.0,2.0,0.050000000000000044,1.7436069156974554,1.729482464492321,0.047081505646929145
immediate_advantage_dqn,819,378,75.95291332900524,79.12166539184749,28.049096629023552,47.90381620824337,1.4452838795259595,15397.893844604492,0.0,25.0,0.0,0.0,0.050000000000000044,1.8394108638167381,1.8211286552250385,0.06094071827828884
immediate_advantage_dqn,819,379,78.12479975819588,79.6070553664118,29.378091491758823,48.74670812487602,1.4598070904612541,15962.826095581055,0.0,24.0,0.0,0.0,0.050000000000000044,1.5828057378530502,1.5687100365757942,0.046985613415017724
immediate_advantage_dqn,819,380,82.83644918501378,80.79852448888123,28.951349012553692,53.88509980738163,1.4779347032308578,16120.946949005127,0.0,25.0,0.0,1.0,0.050000000000000044,1.9518872182816267,1.9370788391679525,0.049361213110387325
immediate_advantage_dqn,819,381,88.06936468929052,80.55810383439065,30.854758255183697,57.21460646390915,1.551474521867931,17657.80892753601,0.0,25.0,0.0,0.0,0.050000000000000044,1.6158472448587418,1.6010733395814896,0.04924635053612292
immediate_advantage_dqn,819,382,80.79526800811291,80.0952834509313,30.890518561005592,49.90474913418293,1.5110825095325708,17464.094734191895,0.0,23.0,0.0,1.0,0.050000000000000044,1.7603438422083855,1.7459202501922846,0.04807862127199769
immediate_advantage_dqn,819,383,73.63705532997847,80.24010896109046,28.02398983389139,45.61306568980217,1.4449826320633292,15339.956909179688,0.0,22.0,0.0,2.0,0.050000000000000044,2.168862499296665,2.156242497265339,0.042066667694598436
immediate_advantage_dqn,819,384,71.89424821734428,79.93518322765829,27.960157841444016,43.9340904802084,1.4431642089039087,15320.690628051758,0.0,21.0,0.0,1.0,0.050000000000000044,1.7977915331721306,1.7814413271844387,0.05450070207007229
immediate_advantage_dqn,819,385,90.54676274955273,80.28353519722819,31.285115748643875,59.261647418141365,1.5798784894868731,17835.693714141846,0.0,27.0,0.0,0.0,0.050000000000000044,1.673224065452814,1.6587093658745289,0.04838225245475769
immediate_advantage_dqn,819,386,76.65492665022612,81.09477979928256,28.914151199162006,47.740775629878044,1.4834071835502982,16018.658966064453,0.0,22.0,0.0,0.0,0.050000000000000044,1.6564527619630098,1.6404839474707842,0.05322932684794068
immediate_advantage_dqn,819,387,78.99691343307495,80.50954964101314,29.8546619489789,49.14225107431412,1.4879079731181264,16276.477912902832,0.0,22.0,0.0,0.0,0.050000000000000044,1.8885464873164892,1.8739143535494804,0.048773752991110086
immediate_advantage_dqn,819,388,93.4954643920064,82.25714638538659,31.216727875173092,62.27873648703098,1.5744560416787863,17679.545768737793,0.0,28.0,0.0,0.0,0.050000000000000044,1.878968857228756,1.8638897277414799,0.05026375805027783
immediate_advantage_dqn,819,389,78.86595033854246,82.37536630749703,27.582195565104485,51.28375446796417,1.4355473583564162,15090.29747390747,0.0,24.0,0.0,1.0,0.050000000000000044,1.7994928155094385,1.7861871272325516,0.04435225133784115
immediate_advantage_dqn,819,390,83.70990581810474,82.50941851444543,29.470704272389412,54.23920124769211,1.490592715330422,16528.988315582275,0.0,25.0,0.0,1.0,0.050000000000000044,1.9910205602645874,1.9771020114421844,0.046395086916163564
immediate_advantage_dqn,819,391,80.97750602066517,82.50265548832715,29.753249868750572,51.224256032705306,1.5032586306333542,16622.271335601807,0.0,23.0,0.0,1.0,0.050000000000000044,1.6593275852501392,1.6431929152458906,0.053782244911417365
immediate_advantage_dqn,819,392,71.71081265807152,82.25152338974178,27.633824452757835,44.07698854804039,1.4589164396747947,15599.339214324951,0.0,23.0,0.0,0.0,0.050000000000000044,1.8430948071181774,1.8292835652828217,0.04603753797709942
immediate_advantage_dqn,819,393,70.43292354047298,80.82603706836701,28.39469389617443,42.038229525089264,1.4439230551943183,15547.28938293457,0.0,20.0,0.0,1.0,0.050000000000000044,1.7599065583199263,1.7455943580716848,0.047707370948046446
immediate_advantage_dqn,819,394,84.16851455718279,80.63820651032032,30.191455744206905,53.97705873847008,1.5546553889289498,17529.273540496826,0.0,25.0,0.0,1.0,0.050000000000000044,1.6481758132576942,1.6363216303288937,0.039513907162472606
immediate_advantage_dqn,819,395,88.74008554369212,80.64439507216215,29.928429819643497,58.811655753850935,1.5317812338471413,16889.944507598877,0.0,27.0,0.0,1.0,0.050000000000000044,1.6022685449570417,1.5864144079387188,0.05284713511355221
immediate_advantage_dqn,819,396,76.20594561994076,80.30240666918458,30.61059483140707,45.5953507065773,1.4996637646108866,17253.93109893799,0.0,25.0,0.0,1.0,0.050000000000000044,1.8124001324176788,1.7987014017999172,0.04566247761249542
immediate_advantage_dqn,819,397,69.93725504726171,79.78765324428677,27.96141416579485,41.97584107518196,1.4697818821296096,15937.894298553467,0.0,22.0,0.0,0.0,0.050000000000000044,1.7513984832912683,1.73838322609663,0.043384103453718126
immediate_advantage_dqn,819,398,66.27852187454701,79.30393367156387,26.156888723373413,40.12163379192352,1.387092974036932,14309.778266906738,0.0,20.0,0.0,1.0,0.050000000000000044,1.3511384073644876,1.335868364199996,0.0509001302998513
immediate_advantage_dqn,819,399,76.39782055467367,79.21758471138776,27.559228025376797,48.83859221637249,1.4745707400143147,15841.713230133057,0.0,24.0,0.0,1.0,0.050000000000000044,2.064846120774746,2.0521647967398167,0.042271086131222546
immediate_advantage_dqn,819,400,70.40394820272923,78.59595966227353,27.104878544807434,43.2990692704916,1.45465387403965,15757.005123138428,0.0,23.0,0.0,1.0,0.050000000000000044,1.5785093512386084,1.5649187192320824,0.045302077080123127
immediate_advantage_dqn,819,401,83.16827020943165,78.35090493828059,30.73837038129568,52.42989952266216,1.5279073426499963,16654.525131225586,0.0,24.0,0.0,1.0,0.050000000000000044,1.7247718963772058,1.7073179483413696,0.05817982880398631
immediate_advantage_dqn,819,402,88.51596842706203,78.73693995922804,30.572748132050037,57.94321992993355,1.5241190092638135,17099.520538330078,0.0,27.0,0.0,2.0,0.050000000000000044,1.85792376101017,1.8463659211993217,0.038526115007698536
immediate_advantage_dqn,819,403,85.69208962023258,79.33969167374075,29.96367411315441,55.72841519415378,1.5236521679908037,16991.542476654053,0.0,25.0,0.0,4.0,0.050000000000000044,1.6496348101645708,1.6358151659369469,0.0460654825437814
immediate_advantage_dqn,819,404,67.22784710973501,79.10637161836027,26.51375924050808,40.714087951183316,1.4529840117320418,15244.320028305054,0.0,20.0,0.0,3.0,0.050000000000000044,1.9578667357563972,1.9454711992293596,0.04131843685172498
immediate_advantage_dqn,819,405,79.31486281007528,78.5447766213864,30.950789630413055,48.36407361924648,1.5082122506573796,16730.635425567627,0.0,23.0,0.0,0.0,0.050000000000000044,2.087083175778389,2.0741264522075653,0.04318905086256564
immediate_advantage_dqn,819,406,55.58412169963121,77.49123637385665,25.216038666665554,30.36808288395405,1.3627574229612947,14034.722846984863,0.0,18.0,0.0,3.0,0.050000000000000044,1.6535910330712795,1.6384465675801039,0.05048152129165828
immediate_advantage_dqn,819,407,78.30308866798877,77.45654513560234,26.98631612956524,51.31677232980728,1.458813258446753,15463.52481842041,0.0,24.0,0.0,2.0,0.050000000000000044,1.8113576769828796,1.800078958272934,0.037595734698697925
immediate_advantage_dqn,819,408,76.51071609556675,76.60730772078037,27.7742003723979,48.736515671014786,1.472247363999486,15600.035652160645,0.0,24.0,0.0,0.0,0.050000000000000044,1.5725787486881018,1.558661624789238,0.04639040632173419
immediate_advantage_dqn,819,409,74.2290534004569,76.37546287387609,29.50323375314474,44.72582000494003,1.4820837564766407,16306.906539916992,0.0,24.0,0.0,2.0,0.050000000000000044,1.6343528404831886,1.6210942100733519,0.04419544921256602
immediate_advantage_dqn,819,410,85.14522158503533,76.44722866222261,30.057318344712257,55.08790327012539,1.5003280425444245,16337.968521118164,0.0,26.0,0.0,1.0,0.050000000000000044,1.7624039314687252,1.7480362243950367,0.047892373288050294
immediate_advantage_dqn,819,411,72.93895497173071,76.0453011097759,29.2844452932477,43.654510110616684,1.5014693364501,16462.527416229248,0.0,20.0,0.0,0.0,0.050000000000000044,1.9701340608298779,1.9558442756533623,0.04763264977373183
immediate_advantage_dqn,819,412,63.866168066859245,75.65306888021529,25.98863174766302,37.87753614783287,1.4015226168558002,14886.705467224121,0.0,20.0,0.0,0.0,0.050000000000000044,1.7315952070057392,1.7196657974272966,0.039764646673575044
immediate_advantage_dqn,819,413,91.9421259611845,76.72852900125086,31.44427490979433,60.49785089492798,1.6038006516173482,18432.023864746094,0.0,27.0,0.0,1.0,0.050000000000000044,1.6261128280311823,1.612210100516677,0.04634242900647223
immediate_advantage_dqn,819,414,58.486959122121334,75.44445122949779,24.14954175800085,34.337417006492615,1.3720621205866337,13990.852981567383,0.0,19.0,0.0,0.0,0.050000000000000044,1.7511820886284113,1.738039270043373,0.04380937234964222
immediate_advantage_dqn,819,415,68.66950921714306,74.44092241317034,27.791918255388737,40.87759090960026,1.4470628630369902,15412.462417602539,0.0,20.0,0.0,0.0,0.050000000000000044,1.898395162075758,1.8842165749520063,0.04726199572905898
immediate_advantage_dqn,819,416,98.79245243370534,75.57024775385858,33.35949845612049,65.4329541862011,1.596828362904489,18594.541721343994,0.0,29.0,0.0,1.0,0.050000000000000044,1.8279822822660208,1.8121943026781082,0.05262663750909269
immediate_advantage_dqn,819,417,68.22573598623276,75.48467180080713,26.173920802772045,42.05181505680084,1.3847588682547212,14446.431465148926,0.0,20.0,0.0,1.0,0.050000000000000044,1.526962211355567,1.514113511890173,0.042829006211832166
immediate_advantage_dqn,819,418,99.10037623643875,77.12576451890172,33.39157935231924,65.70879660844803,1.5883883284404874,18911.929893493652,0.0,30.0,0.0,2.0,0.050000000000000044,1.9702760353684425,1.957882434129715,0.04131202516146004
immediate_advantage_dqn,819,419,81.67652921378613,77.38969995185734,30.16986383497715,51.506665125489235,1.4960126355290413,16765.51243209839,0.0,25.0,0.0,2.0,0.050000000000000044,1.8494677748531103,1.8360320311039686,0.04478581319563091
immediate_advantage_dqn,819,420,73.39749804884195,77.53937744416297,26.835558407008648,46.5619395673275,1.4952765172347426,16248.651332855225,0.0,22.0,0.0,0.0,0.050000000000000044,1.747151555493474,1.7345596011728048,0.04197310283780098
immediate_advantage_dqn,819,421,68.84093376994133,76.82301062218845,26.96739513427019,41.87353835999966,1.4239091342315078,15367.76275062561,0.0,21.0,0.0,2.0,0.050000000000000044,1.4156186673790216,1.4019257798790932,0.04564298246987164
immediate_advantage_dqn,819,422,57.60841080546379,75.27763274110855,23.504933424293995,34.103477001190186,1.3148615341633558,12713.43362236023,0.0,19.0,0.0,0.0,0.050000000000000044,2.039592318236828,2.0294329300522804,0.03386458405293524
immediate_advantage_dqn,819,423,80.22214926928282,75.00413572356106,28.338261149823666,51.88388788104057,1.4853498619049788,16319.478551864624,0.0,24.0,0.0,2.0,0.050000000000000044,1.905865155160427,1.893581598997116,0.04094504483509809
immediate_advantage_dqn,819,424,71.72389049082994,75.22893789261579,27.39723850041628,44.326651498675346,1.455935001373291,15482.577312469482,0.0,23.0,0.0,0.0,0.050000000000000044,1.4605669565498829,1.4483749195933342,0.040640142164193094
immediate_advantage_dqn,819,425,85.97772056609392,75.56208078041674,29.645769856870174,56.331950187683105,1.514748622663319,16455.284948349,0.0,26.0,0.0,0.0,0.050000000000000044,1.302765617147088,1.287059498950839,0.05235372367314994
immediate_advantage_dqn,819,426,90.95193954706193,77.33047167278828,29.7718168720603,61.18012302517891,1.5160378450527787,16835.868953704834,0.0,28.0,0.0,2.0,0.050000000000000044,1.796489678323269,1.7849289439618587,0.038535889820195735
immediate_advantage_dqn,819,427,84.80160831809044,77.65539765529336,30.125801101326942,54.6758074849844,1.5137031264603138,16884.837154388428,0.0,25.0,0.0,3.0,0.050000000000000044,1.7045080997049809,1.6919533349573612,0.04184914892539382
immediate_advantage_dqn,819,428,88.75886837542058,78.26780526928606,31.72297364473343,57.035894685983656,1.5445278752595186,17680.579887390137,0.0,26.0,0.0,1.0,0.050000000000000044,2.2656604796648026,2.252046585083008,0.04537967324722558
immediate_advantage_dqn,819,429,81.16191133856773,78.6144481661916,28.72352507710457,52.438386246562004,1.509323381818831,16741.75588607788,0.0,25.0,0.0,0.0,0.050000000000000044,1.6723849661648273,1.6585967913269997,0.045960641582496464
immediate_advantage_dqn,819,430,68.29917331784964,77.7721457528323,28.218217469751835,40.080955907702446,1.4732441371306777,15655.436595916748,0.0,21.0,0.0,1.0,0.050000000000000044,1.8182453457266092,1.8035214357078075,0.04907961096614599
immediate_advantage_dqn,819,431,78.40495397150517,78.04544570282103,29.27542044222355,49.129533529281616,1.4823948768898845,16437.704433441162,0.0,23.0,0.0,0.0,0.050000000000000044,1.9740697108209133,1.9622966572642326,0.03924358997028321
immediate_advantage_dqn,819,432,96.51431951075793,79.67785327501596,32.58083991706371,63.9334792137146,1.5663308538496494,18477.094371795654,0.0,27.0,0.0,2.0,0.050000000000000044,1.8835192397236824,1.8710717465728521,0.04149160289671272
immediate_advantage_dqn,819,433,87.42898550927639,79.45219625242055,30.40341041982174,57.02557410597801,1.5416216095909476,17565.54153060913,0.0,27.0,0.0,2.0,0.050000000000000044,1.824680369347334,1.8108344599604607,0.046153042232617736
immediate_advantage_dqn,819,434,89.92604295909405,81.02415044426918,29.98795945197344,59.93808341026306,1.5348020317032933,17096.864896774292,0.0,26.0,0.0,0.0,0.050000000000000044,2.007407845929265,1.9962359219789505,0.03723977110348642
immediate_advantage_dqn,819,435,94.0669555068016,82.2940227587521,30.194707058370113,63.87224884331226,1.5658289398998022,17155.789878845215,0.0,29.0,0.0,1.0,0.050000000000000044,1.4461789317429066,1.4333572518080473,0.04273890960030258
immediate_advantage_dqn,819,436,72.50893605053425,80.97984693959356,28.489474773406982,44.01946114301681,1.4444289728999138,15244.318170547485,0.0,21.0,0.0,2.0,0.050000000000000044,1.7850409336388111,1.7734978049993515,0.03847712220158428
immediate_advantage_dqn,819,437,96.58438574671746,82.39777942761779,33.28053740411997,63.30384845435619,1.6121432008221745,18932.678245544434,0.0,29.0,0.0,1.0,0.050000000000000044,1.6798310969024897,1.665812361985445,0.046729112043976784
immediate_advantage_dqn,819,438,86.42671585083008,81.76409640833735,29.641600728034973,56.78511470556259,1.5035535022616386,16495.501098632812,0.0,27.0,0.0,3.0,0.050000000000000044,1.8982499465346336,1.8848549481481314,0.04464996338356286
immediate_advantage_dqn,819,439,79.82971198260785,81.67175554677844,28.579474836587906,51.25023759305477,1.4846237134188414,16004.345211029053,0.0,24.0,0.0,2.0,0.050000000000000044,1.6453713215887547,1.6308119352906942,0.04853122867643833
immediate_advantage_dqn,819,440,68.24378043413162,81.41406966604293,26.555967643857002,41.687812596559525,1.433133415877819,14906.034591674805,0.0,21.0,0.0,0.0,0.050000000000000044,1.8593568187206984,1.8475392684340477,0.0393918773625046
immediate_advantage_dqn,819,441,90.49430468678474,82.4967382118851,31.485907800495625,59.008397310972214,1.543245275504887,17734.669101715088,0.0,26.0,0.0,0.0,0.050000000000000044,1.5785644836723804,1.5629739537835121,0.051968438317999244
immediate_advantage_dqn,819,442,105.64076120555401,84.89835573188961,33.880382373929024,71.76037832498551,1.6104604294523597,19210.36876296997,0.0,30.0,0.0,2.0,0.050000000000000044,1.5368745755404234,1.5230414308607578,0.046110453782603145
immediate_advantage_dqn,819,443,80.00102859735489,84.88729969829322,29.537242226302624,50.46378615498543,1.4840684700757265,16324.044086456299,0.0,22.0,0.0,0.0,0.050000000000000044,1.2960188705474138,1.2814714070409536,0.04849150497466326
immediate_advantage_dqn,819,444,68.18157763034105,84.71018405526877,26.082796454429626,42.098781034350395,1.4430191908031702,15342.320629119873,0.0,21.0,0.0,2.0,0.050000000000000044,1.5386617816984653,1.526211954653263,0.0414994687307626
immediate_advantage_dqn,819,445,86.02152467668057,84.7123742607981,29.91723894327879,56.10428551733494,1.4769620886072516,16810.235206604004,0.0,24.0,0.0,2.0,0.050000000000000044,2.2887397296726704,2.2774858325719833,0.03751302708406001
immediate_advantage_dqn,819,446,76.91714355498553,84.01063446119429,27.74005502462387,49.177088701725005,1.4397147744894028,15386.025985717773,0.0,23.0,0.0,1.0,0.050000000000000044,1.5590810757130384,1.5471260994672775,0.039849873865023255
immediate_advantage_dqn,819,447,62.35473603904247,82.88829084724189,24.26191597059369,38.092820712924,1.337382672354579,12917.90258026123,0.0,20.0,0.0,1.0,0.050000000000000044,1.6575596947222948,1.644879262894392,0.042268090415745974
immediate_advantage_dqn,819,448,95.245160856843,83.21260547131303,31.285637721419334,63.95952328443527,1.585873513482511,18254.39768600464,0.0,29.0,0.0,1.0,0.050000000000000044,1.6780397966504097,1.6666717398911715,0.03789348155260086
immediate_advantage_dqn,819,449,86.49917674362659,83.47946874156595,30.112149447202682,56.38702659606933,1.5567605178803205,17396.913982391357,0.0,27.0,0.0,3.0,0.050000000000000044,2.1648672856390476,2.1530887000262737,0.039261977188289165
immediate_advantage_dqn,819,450,85.61003632992507,84.34501189216972,30.190037451684475,55.41999866962433,1.5358282383531332,17213.952072143555,0.0,24.0,0.0,2.0,0.050000000000000044,1.8265081495046616,1.814415268599987,0.040309610427357256
immediate_advantage_dqn,819,451,71.56973741948605,84.00325106456877,27.85821545124054,43.71152161061764,1.4755048649385571,15652.312152862549,0.0,21.0,0.0,0.0,0.050000000000000044,1.6942205019295216,1.6811129059642553,0.04369192267768085
immediate_advantage_dqn,819,452,82.274108299613,83.29124050401153,30.177415058016777,52.09669346511364,1.499588679522276,16752.51593399048,0.0,25.0,0.0,1.0,0.050000000000000044,2.088016502559185,2.0759098567068577,0.040355490520596504
immediate_advantage_dqn,819,453,81.30652678757906,82.98511756792666,30.220584340393543,51.085942059755325,1.4977446282282472,16992.97315597534,0.0,25.0,0.0,0.0,0.050000000000000044,2.292597435414791,2.2779107466340065,0.04895562818273902
immediate_advantage_dqn,819,454,82.29867940694093,82.603749390319,28.636729694902897,53.66194978654384,1.4887804789468646,16243.919136047363,0.0,26.0,0.0,3.0,0.050000000000000044,1.5854602791368961,1.575801644474268,0.03219539858400822
immediate_advantage_dqn,819,455,78.87674521654844,81.84423887580634,28.92277340590954,49.953971564769745,1.482612923718989,16417.291275024414,0.0,23.0,0.0,1.0,0.050000000000000044,2.2363115195184946,2.2237636856734753,0.041826087748631835
immediate_advantage_dqn,819,456,67.88397750258446,81.61299094840885,25.89832003414631,41.98565772175789,1.3967597894370556,14380.667404174805,0.0,21.0,0.0,2.0,0.050000000000000044,1.8834910746663809,1.8685490116477013,0.04980688099749386
immediate_advantage_dqn,819,457,82.22661486268044,80.895102404207,29.318557038903236,52.90805724263191,1.47359879873693,16147.382553100586,0.0,24.0,0.0,0.0,0.050000000000000044,2.2407673094421625,2.2301148660480976,0.03550813102629036
immediate_advantage_dqn,819,458,86.5528638675809,80.90140980504455,31.225460432469845,55.32740350961685,1.54066461045295,17311.451484680176,0.0,27.0,0.0,1.0,0.050000000000000044,1.774812525138259,1.7624235805124044,0.04129646788351238
immediate_advantage_dqn,819,459,93.43272546827794,81.58156047932805,33.568850949406624,59.863874131441115,1.5977085530757904,18819.499660491943,0.0,26.0,0.0,1.0,0.050000000000000044,1.537117376923561,1.5239552445709705,0.04387374268844724
immediate_advantage_dqn,819,460,83.33154557049275,82.33594873614611,30.177507929503918,53.15403785705566,1.5114594716578722,17022.569816589355,0.0,23.0,0.0,1.0,0.050000000000000044,2.0827216990292072,2.071364399045706,0.03785761725157499
immediate_advantage_dqn,819,461,75.77075962722301,81.59977148316803,28.633866533637047,47.13689303398132,1.4569607563316822,15707.643779754639,0.0,21.0,0.0,0.0,0.050000000000000044,1.9012264274060726,1.888115145266056,0.04370428016409278
immediate_advantage_dqn,819,462,98.0534324273467,81.22040504425766,33.31157390028238,64.74185878038406,1.5936029301956296,18400.60530090332,0.0,28.0,0.0,0.0,0.050000000000000044,2.165131699293852,2.1540811508893967,0.03683510655537248
immediate_advantage_dqn,819,463,80.43475106358528,81.24209116756917,28.439572855830193,51.99517847597599,1.4897900400683284,16170.911880493164,0.0,23.0,0.0,0.0,0.050000000000000044,2.41289971396327,2.3998289220035076,0.043569230707362294
immediate_advantage_dqn,819,464,82.21795182228088,81.94390987716616,28.876916900277138,53.34103526473045,1.4893124932423234,16366.901695251465,0.0,25.0,0.0,2.0,0.050000000000000044,1.5785223972052336,1.565998962149024,0.04174476733896881
immediate_advantage_dqn,819,465,71.14651794135571,81.20015954039992,26.607189916074276,44.53932791352272,1.4056602325290442,14558.182567596436,0.0,23.0,0.0,2.0,0.050000000000000044,1.833579758182168,1.8188369609415531,0.04914262983947992
immediate_advantage_dqn,819,466,79.68218327313662,81.33841152630747,28.1214007884264,51.56078198552132,1.4624318992719054,15318.50150680542,0.0,25.0,0.0,0.0,0.050000000000000044,1.7799315638840199,1.763970935717225,0.05320210522040725
immediate_advantage_dqn,819,467,87.30657456219197,82.58600345246495,29.76463522017002,57.541939505934714,1.518859843723476,16673.51692008972,0.0,27.0,0.0,1.0,0.050000000000000044,1.384926576167345,1.3722522594034672,0.04224770679138601
immediate_advantage_dqn,819,468,61.1663539648056,80.88206310786309,26.29815497994423,34.868199267983435,1.3960365178063512,14469.086498260498,0.0,17.0,0.0,1.0,0.050000000000000044,1.8521494455635548,1.8375829719007015,0.048554890090599656
immediate_advantage_dqn,819,469,79.31399005949497,80.52280377365649,28.627436131238937,50.68655366003513,1.4798252172768116,16113.293746948242,0.0,23.0,0.0,3.0,0.050000000000000044,1.551721215248108,1.5420635640621185,0.03219217783771455
immediate_advantage_dqn,819,470,68.45879957824945,79.6652419360727,26.765398271381855,41.69340142607689,1.4058365793898702,14504.752389907837,0.0,20.0,0.0,1.0,0.050000000000000044,1.9566628281027079,1.945352304726839,0.03770169918425381
immediate_advantage_dqn,819,471,83.81038577854633,80.27727435402572,29.667856693267822,54.142528876662254,1.5138686010614038,16548.702346801758,0.0,26.0,0.0,1.0,0.050000000000000044,2.2686675805598497,2.2552370969206095,0.04476822610013187
immediate_advantage_dqn,819,472,77.58068434298039,80.04260315619409,27.838024824857712,49.74265977144241,1.4947460107505322,16129.649505615234,0.0,23.0,0.0,1.0,0.050000000000000044,1.9013253189623356,1.8872650787234306,0.046867479803040624
immediate_advantage_dqn,819,473,82.69938921928406,80.11224627777935,30.632482454180717,52.06690727174282,1.538897373713553,17263.065795898438,0.0,24.0,0.0,1.0,0.050000000000000044,1.7780629843473434,1.7644750624895096,0.04529300890862942
immediate_advantage_dqn,819,474,83.27353413552046,80.16098901420833,30.9883216843009,52.28521215319633,1.5517073394730687,17606.447189331055,0.0,25.0,0.0,1.0,0.050000000000000044,2.0009725894778967,1.9851656816899776,0.0526897176168859
immediate_advantage_dqn,819,475,77.37433158010245,80.08586833238603,28.711023472249508,48.66330831646919,1.4904664531350136,15984.093759536743,0.0,22.0,0.0,5.0,0.050000000000000044,1.3908271323889494,1.3782752081751823,0.04183969087898731
immediate_advantage_dqn,819,476,91.46526528894901,81.26493272170426,31.60948483645916,59.85578054189682,1.5191048020496964,17405.481258392334,0.0,26.0,0.0,0.0,0.050000000000000044,1.3279296234250069,1.315857607871294,0.040240063914097846
immediate_advantage_dqn,819,477,82.56456160545349,81.28183005884291,29.447010599076748,53.11755082011223,1.5159231331199408,16960.234447479248,0.0,26.0,0.0,1.0,0.050000000000000044,1.9113702923059464,1.9004519060254097,0.0363946029683575
immediate_advantage_dqn,819,478,82.8540391176939,81.09688882134856,28.88461808860302,53.969421193003654,1.4986841129139066,16170.681449890137,0.0,26.0,0.0,0.0,0.050000000000000044,1.9625434502959251,1.9496563524007797,0.042957038851454854
immediate_advantage_dqn,819,479,86.68291319310666,80.75939820759,29.038183085620403,57.64472978711128,1.4614760726690292,15876.66985321045,0.0,27.0,0.0,1.0,0.050000000000000044,2.1583077274262905,2.1419835966080427,0.05441373842768371
immediate_advantage_dqn,819,480,91.00208516567946,81.14292518734933,32.29955696314573,58.70252867937088,1.5706853065639734,18043.221408843994,0.0,28.0,0.0,1.0,0.050000000000000044,2.000178372487426,1.9859734121710062,0.04734983667731285
immediate_advantage_dqn,819,481,93.82169967889786,82.04547218993307,31.5125163346529,62.3091831356287,1.607951644808054,18528.998538970947,0.0,28.0,0.0,0.0,0.050000000000000044,1.4851208049803972,1.471280250698328,0.04613515571691096
immediate_advantage_dqn,819,482,74.80723039209843,80.88316208817066,28.236150816082954,46.57107957601547,1.449058952741325,15881.236377716064,0.0,21.0,0.0,2.0,0.050000000000000044,1.7340270262211561,1.7217161618173122,0.04103626566939056
immediate_advantage_dqn,819,483,58.756228850781916,79.7992359775305,24.881771855056286,33.87445660829544,1.3716355375945568,13831.87387084961,0.0,17.0,0.0,1.0,0.050000000000000044,1.787919482216239,1.7756319604814053,0.040958411525934935
immediate_advantage_dqn,819,484,86.84320086240768,80.03049842953683,31.7705070823431,55.07269388437271,1.606649074703455,18137.061420440674,0.0,25.0,0.0,0.0,0.050000000000000044,1.3896394483745098,1.3785754665732384,0.03687990491744131
immediate_advantage_dqn,819,485,104.53553739190102,81.6999494020641,35.75458766520023,68.78094866871834,1.65380038600415,20104.093214035034,0.0,29.0,0.0,1.0,0.050000000000000044,1.8111688178032637,1.7964133750647306,0.049184833420440555
immediate_advantage_dqn,819,486,74.808901296556,81.45628530323506,29.206745825707912,45.60215517282486,1.4584049675613642,15932.867218017578,0.0,21.0,0.0,1.0,0.050000000000000044,1.9355963952839375,1.9215620905160904,0.04678102792240679
immediate_advantage_dqn,819,487,86.84881627559662,81.43339738890529,28.92136925458908,57.92744682729244,1.4947464391589165,16640.911657333374,0.0,26.0,0.0,0.0,0.050000000000000044,1.92563452757895,1.9133295137435198,0.04101666831411421
immediate_advantage_dqn,819,488,66.26742035150528,81.68845070824027,25.309304863214493,40.95811569690704,1.4231143854558468,14851.651069641113,0.0,21.0,0.0,1.0,0.050000000000000044,1.4757171962410212,1.4659481048583984,0.03256363398395479
immediate_advantage_dqn,819,489,81.20760294795036,81.78313135266305,27.884543985128403,53.32305905222893,1.4705844102427363,15945.30082321167,0.0,25.0,0.0,1.0,0.050000000000000044,2.0032172296196222,1.9916460942476988,0.03857046237681061
immediate_advantage_dqn,819,490,77.27400778979063,82.2238917632401,29.2134757488966,48.06053198873997,1.5200101910158992,16357.094449996948,0.0,24.0,0.0,1.0,0.050000000000000044,1.6257350463420153,1.6134935598820448,0.040804971009492874
immediate_advantage_dqn,819,491,73.18095424026251,81.6924201863259,28.19454086571932,44.98641327023506,1.467552619986236,16105.434188842773,0.0,21.0,0.0,0.0,0.050000000000000044,1.9044365417212248,1.8933512456715107,0.03695105807855725
immediate_advantage_dqn,819,492,57.57931427210569,80.69235168278217,24.506267696619034,33.07304638922214,1.3332347050309181,13293.872722625732,0.0,18.0,0.0,2.0,0.050000000000000044,2.388432214036584,2.3778868317604065,0.035151231684722006
immediate_advantage_dqn,819,493,78.7351828739047,80.49414136551322,27.75861080735922,50.97657234966755,1.4719029907137156,16085.578037261963,0.0,22.0,0.0,0.0,0.050000000000000044,1.6901252586394548,1.6783663667738438,0.039196384605020285
immediate_advantage_dqn,819,494,77.7428658157587,80.21760794952512,29.62116828560829,48.12169709801674,1.4770646374672651,16733.159187316895,0.0,22.0,0.0,1.0,0.050000000000000044,1.6732947696000338,1.6578518245369196,0.05147645249962807
immediate_advantage_dqn,819,495,73.66324912905694,80.03205382697284,27.772437922656536,45.89081055819988,1.4405270488932729,15317.224937438965,0.0,22.0,0.0,1.0,0.050000000000000044,1.9887398034334183,1.9761125538498163,0.04209082422312349
immediate_advantage_dqn,819,496,73.19964224100113,79.11877267457547,27.235906668007374,45.963736057281494,1.427246030420065,15309.296298980713,0.0,22.0,0.0,0.0,0.050000000000000044,2.0923483297228813,2.0800518095493317,0.0409884552937001
immediate_advantage_dqn,819,497,68.57739180326462,78.41941418446602,28.132326170802116,40.4450658261776,1.459211559034884,15607.253286361694,0.0,21.0,0.0,1.0,0.050000000000000044,1.6573653314262629,1.6428180914372206,0.0484908550279215
immediate_advantage_dqn,819,498,70.8385279327631,77.81863862521948,25.25066138803959,45.5878663957119,1.4172389153391123,14759.402069091797,0.0,22.0,0.0,3.0,0.050000000000000044,1.9480840303003788,1.9383502155542374,0.03244603401981294
immediate_advantage_dqn,819,499,87.97249745726586,77.88311783842744,30.64917427301407,57.32332310974598,1.504023521207273,16927.03416442871,0.0,26.0,0.0,2.0,0.050000000000000044,1.8473146986216307,1.8353664819151163,0.03982733387965709
immediate_advantage_dqn,819,500,73.22433790713549,76.99423047550025,27.16826342791319,46.05607467293739,1.4502964038401842,15555.654388427734,0.0,24.0,0.0,1.0,0.050000000000000044,1.5867452062666416,1.5768856424838305,0.03286518540699035
immediate_advantage_dqn,819,501,78.00108352452517,76.2031996677816,28.2849680185318,49.71611573696136,1.4593990193679929,15739.995443344116,0.0,23.0,0.0,1.0,0.050000000000000044,2.3470523059368134,2.335606426000595,0.03815285221207887
immediate_advantage_dqn,819,502,80.06132227182388,76.46590426176788,30.73652394115925,49.32479849457741,1.5202889712527394,17488.19009399414,0.0,23.0,0.0,0.0,0.050000000000000044,2.3393879141658545,2.3274438474327326,0.03981354972347617
immediate_advantage_dqn,819,503,69.66928728222847,77.0115571833402,27.149454042315483,42.51983335912227,1.4505520481616259,15231.12812423706,0.0,21.0,0.0,2.0,0.050000000000000044,1.8325892724096775,1.8199629951268435,0.042087558191269636
immediate_advantage_dqn,819,504,82.71599098443986,76.80519668944181,30.621466048061848,52.09452472031116,1.5215538935735822,17219.62403488159,0.0,26.0,0.0,1.0,0.050000000000000044,2.1114469841122627,2.0979187432676554,0.045094148721545935
immediate_advantage_dqn,819,505,84.1940972507,75.78812468238175,29.74884683638811,54.445250391960144,1.542131308466196,17167.410011291504,0.0,25.0,0.0,1.0,0.050000000000000044,1.9478558227419853,1.937149802222848,0.03568670526146889
immediate_advantage_dqn,819,506,91.17572013288736,76.60646562419832,33.79966267198324,57.37605679035187,1.6298279967159033,19672.662921905518,0.0,26.0,0.0,1.0,0.050000000000000044,1.9804432578384876,1.9695601519197226,0.03627707064151764
immediate_advantage_dqn,819,507,79.65484114140273,76.24676686748862,28.471180327236652,51.18366093337536,1.492864416912198,16490.9817237854,0.0,24.0,0.0,3.0,0.050000000000000044,2.014137677848339,2.0043096467852592,0.032760062254965305
immediate_advantage_dqn,819,508,85.04731416106225,77.18576155796647,29.72078137844801,55.326533177495,1.4977345829829574,16713.520332336426,0.0,26.0,0.0,1.0,0.050000000000000044,1.7017891630530357,1.6860806196928024,0.05236177740152925
immediate_advantage_dqn,819,509,77.24070916473866,76.9874168688059,28.740314602851868,48.50039490461349,1.4811247531324625,16176.41151046753,0.0,21.0,0.0,2.0,0.050000000000000044,1.9552501030266285,1.9395432695746422,0.05235607968643308
immediate_advantage_dqn,819,510,92.39231252074242,77.74333210535349,33.01592628657818,59.37638650238514,1.5977339399978518,18425.505935668945,0.0,26.0,0.0,1.0,0.050000000000000044,1.372650884091854,1.3601204548031092,0.04176812537480146
immediate_advantage_dqn,819,511,68.74884114414454,77.52172645054759,26.580644093453884,42.168197453022,1.4376309858635068,15053.620746612549,0.0,22.0,0.0,0.0,0.050000000000000044,1.5137639753520489,1.501957904547453,0.03935350989922881
immediate_advantage_dqn,819,512,83.6197662577033,78.82374904982746,30.93385647982359,52.685909897089005,1.544985513202846,17348.677654266357,0.0,25.0,0.0,1.0,0.050000000000000044,2.040767779573798,2.027940398082137,0.04275791521649808
immediate_advantage_dqn,819,513,77.25720198452473,78.74985000535847,28.75674317777157,48.500459015369415,1.4707929585129023,16100.924125671387,0.0,24.0,0.0,2.0,0.050000000000000044,2.117256158962846,2.102290028706193,0.049887073459103703
immediate_advantage_dqn,819,514,88.06864182651043,79.26613880589605,31.139314144849777,56.92932736873627,1.5424239803105593,17923.825073242188,0.0,24.0,0.0,0.0,0.050000000000000044,1.8629253581166267,1.8500777184963226,0.04282544262241572
immediate_advantage_dqn,819,515,90.11201127767563,80.08857691332699,32.16474802047014,57.947263398766516,1.569183211773634,18011.199798583984,0.0,26.0,0.0,1.0,0.050000000000000044,1.6763206087052822,1.665556401014328,0.03588072303682566
immediate_advantage_dqn,819,516,73.70471109747886,80.11383035615087,26.593733571469784,47.11097786128521,1.4306295672431588,15174.98253440857,0.0,24.0,0.0,2.0,0.050000000000000044,1.6568381078541279,1.643619578331709,0.04406180279329419
immediate_advantage_dqn,819,517,90.29583035558463,81.19975228376687,34.00550436228514,56.29032608270645,1.5886035552248359,18833.166023254395,0.0,25.0,0.0,1.0,0.050000000000000044,1.5464389808475971,1.5317792668938637,0.04886568186338991
immediate_advantage_dqn,819,518,88.75537668913603,82.09559472158551,31.01543740183115,57.739939004182816,1.5646583745256066,17599.358753204346,0.0,27.0,0.0,1.0,0.050000000000000044,2.631602728739381,2.6187530905008316,0.04283224558457732
immediate_advantage_dqn,819,519,82.0406798735261,81.79900384239853,29.43524693697691,52.60543290674686,1.4840180547907948,16253.66968345642,0.0,24.0,0.0,1.0,0.050000000000000044,2.1512633189558983,2.1351136676967144,0.05383218126371503
immediate_advantage_dqn,819,520,78.3435368835926,82.0549637912214,29.094960033893585,49.24857658147812,1.4769217045977712,15924.882671356201,0.0,23.0,0.0,0.0,0.050000000000000044,1.6483216639608145,1.6342962067574263,0.046751491725444794
immediate_advantage_dqn,819,521,71.36712709218264,81.72326596960427,26.593470886349678,44.773656183481215,1.4314661854878068,14723.6078414917,0.0,23.0,0.0,1.0,0.050000000000000044,1.4071644078940153,1.3947743959724903,0.04130001273006201
immediate_advantage_dqn,819,522,76.7778804987669,81.55909388095142,27.555793195962906,49.222087347507475,1.470899373292923,15628.51231765747,0.0,23.0,0.0,2.0,0.050000000000000044,2.00911308825016,1.9979696720838547,0.03714473731815815
immediate_advantage_dqn,819,523,70.81031171232462,81.61614510245622,28.189478084445,42.62083412706852,1.455890296958387,15781.751190185547,0.0,21.0,0.0,1.0,0.050000000000000044,1.6984400302171707,1.6838851310312748,0.048516304581426084
immediate_advantage_dqn,819,524,87.47816278189421,81.85425369232894,32.063354536890984,55.41480847597122,1.550820503383875,18135.06509590149,0.0,26.0,0.0,1.0,0.050000000000000044,1.9065168350934982,1.8938893526792526,0.04209159128367901
immediate_advantage_dqn,819,525,83.97786747813225,81.84344220370056,29.301324732601643,54.67654273808002,1.4790779305621982,16334.157913208008,0.0,27.0,0.0,1.0,0.050000000000000044,1.8088505305349827,1.798077404499054,0.035910452250391245
immediate_advantage_dqn,819,526,82.03804773837328,81.38655858397485,30.841394059360027,51.19665330648422,1.550332491286099,17451.239212036133,0.0,23.0,0.0,0.0,0.050000000000000044,1.8457222171127796,1.8351054321974516,0.03538930614013225
immediate_advantage_dqn,819,527,65.41705574244261,80.67466931402684,25.35066732019186,40.06638834774494,1.3851982560008764,14179.408367156982,0.0,20.0,0.0,1.0,0.050000000000000044,1.841395890340209,1.829637425020337,0.03919490973930806
immediate_advantage_dqn,819,528,97.02052013576031,81.27332961276174,32.19672891497612,64.82379129529,1.5695833945646882,17757.830394744873,0.0,29.0,0.0,0.0,0.050000000000000044,1.9990809708833694,1.988009737804532,0.03690411371644586
immediate_advantage_dqn,819,529,90.93223567456008,81.95790593825282,31.47224259376526,59.45999331176281,1.5491724833846092,17837.46505355835,0.0,27.0,0.0,1.0,0.050000000000000044,2.248025842010975,2.236589703708887,0.03812051599379629
immediate_advantage_dqn,819,530,73.59668862819672,81.01812474362553,27.261382430791855,46.33530578017235,1.4363764766603708,15258.769870758057,0.0,24.0,0.0,1.0,0.050000000000000044,1.604143226519227,1.5931383669376373,0.036682850564830005
immediate_advantage_dqn,819,531,67.18212166428566,80.93978876963259,27.15323878824711,40.028883054852486,1.439056976698339,15055.975341796875,0.0,21.0,0.0,3.0,0.050000000000000044,1.8248924016952515,1.8137886002659798,0.0370127564528957
immediate_advantage_dqn,819,532,70.89499899744987,80.3035504066199,26.579958707094193,44.31503985822201,1.4470315342769027,15302.033374786377,0.0,22.0,0.0,1.0,0.050000000000000044,2.157952755689621,2.145115302875638,0.042791590793058276
immediate_advantage_dqn,819,533,74.91901676356792,80.18664114557207,29.085643850266933,45.83337301015854,1.4843890545889735,16723.647338867188,0.0,21.0,0.0,0.0,0.050000000000000044,1.9764903783798218,1.965089824050665,0.038001898559741676
immediate_advantage_dqn,819,534,88.54959518015384,80.21068881325424,28.668570451438427,59.881024438142774,1.484790375456214,16151.227054595947,0.0,27.0,0.0,2.0,0.050000000000000044,1.2968384064733982,1.285827873274684,0.03670172905549407
immediate_advantage_dqn,819,535,71.97370429635048,79.30377346418797,25.637257382273674,46.33644701838493,1.3827405478805304,14187.283206939697,0.0,22.0,0.0,2.0,0.050000000000000044,1.3448750134557486,1.334514319896698,0.034535616054199636
immediate_advantage_dqn,819,536,72.93802567571402,79.26543919309974,27.597996823489666,45.34002907574177,1.4546787003055215,15541.03719329834,0.0,21.0,0.0,0.0,0.050000000000000044,1.9702503066509962,1.9605844430625439,0.03221965755801648
immediate_advantage_dqn,819,537,70.76918366551399,78.28910685859621,27.901282735168934,42.86790055036545,1.4485081695020199,15903.979122161865,0.0,21.0,0.0,0.0,0.050000000000000044,2.1437289007008076,2.1323448978364468,0.0379467501770705
immediate_advantage_dqn,819,538,75.00228141248226,77.60145209476352,27.858581110835075,47.1436999887228,1.4813091782853007,16019.752979278564,0.0,23.0,0.0,0.0,0.050000000000000044,1.833742393180728,1.8227642588317394,0.0365937725873664
immediate_advantage_dqn,819,539,76.60890591144562,77.32986339665949,28.933809205889702,47.67509651184082,1.4696278497576714,16470.96455001831,0.0,22.0,0.0,0.0,0.050000000000000044,1.6744384691119194,1.6641934402287006,0.03415011567994952
immediate_advantage_dqn,819,540,69.30908061563969,76.87814058326185,27.960046097636223,41.349034905433655,1.4905590191483498,15904.61508178711,0.0,20.0,0.0,1.0,0.050000000000000044,2.1798460334539413,2.168672762811184,0.03724424331448972
immediate_advantage_dqn,819,541,77.83299049884081,77.20143375359476,28.893540300428867,48.93945019841194,1.458383190445602,15853.772815704346,0.0,23.0,0.0,1.0,0.050000000000000044,2.0287821777164936,2.017491150647402,0.0376367800636217
immediate_advantage_dqn,819,542,91.40078626573086,77.93257904194294,31.00253164768219,60.39825367927551,1.537325805053115,17623.6795501709,0.0,27.0,0.0,3.0,0.050000000000000044,2.303129743784666,2.292356077581644,0.03591222909744829
immediate_advantage_dqn,819,543,87.06581399738789,78.74535415619611,29.444774486124516,57.62103956341743,1.4965506065636873,16450.797386169434,0.0,27.0,0.0,2.0,0.050000000000000044,1.9677468463778496,1.956301223486662,0.038152109598740935
immediate_advantage_dqn,819,544,61.665880316495894,77.45474003292622,26.006789416074753,35.65909090042114,1.3918243255466223,14541.582950592041,0.0,19.0,0.0,1.0,0.050000000000000044,1.6953922528773546,1.6826044972985983,0.04262583761010319
immediate_advantage_dqn,819,545,88.78173587620259,77.69493345282973,31.472843497991562,57.30889275074005,1.5451464699581265,17941.029582977295,0.0,25.0,0.0,1.0,0.050000000000000044,2.376520723104477,2.3640457931905985,0.041583174490369856
immediate_advantage_dqn,819,546,100.06129618883134,78.59609587535263,35.0293250977993,65.03197058439255,1.6477507455274463,20119.66156768799,0.0,28.0,0.0,1.0,0.050000000000000044,1.4956016633659601,1.4818212538957596,0.04593469272367656
immediate_advantage_dqn,819,547,89.17522068619728,79.78400412254037,31.16291305422783,58.01230736374855,1.5569366682320833,17502.410484313965,0.0,27.0,0.0,2.0,0.050000000000000044,1.7404371481388807,1.7281841300427914,0.04084334510844201
immediate_advantage_dqn,819,548,86.78521268367767,79.27223874993624,32.068573482334614,54.716639298200604,1.560359495691955,18106.466011047363,0.0,27.0,0.0,2.0,0.050000000000000044,1.5645390301942825,1.5529219210147858,0.038723758538253605
immediate_advantage_dqn,819,549,76.63735477775336,78.55749470509588,26.525665901601315,50.111688861250876,1.4205080969259143,14925.69868850708,0.0,24.0,0.0,2.0,0.050000000000000044,1.8274875190109015,1.816468931734562,0.03672859014477581
immediate_advantage_dqn,819,550,94.78754987120628,79.61703776724637,32.04453167319298,62.74301855564117,1.5801874520257115,18094.74296951294,0.0,28.0,0.0,2.0,0.050000000000000044,2.0719343833625317,2.058859908953309,0.043581490172073245
immediate_advantage_dqn,819,551,58.939601646363734,79.20491176635028,24.395639844238758,34.54396201074123,1.3594972491264343,13553.91089630127,0.0,21.0,0.0,1.0,0.050000000000000044,1.7794153727591038,1.7674640640616417,0.03983770858030766
immediate_advantage_dqn,819,552,72.69296764582396,79.294810198769,27.341195426881313,45.35177308320999,1.4351128563284874,15265.686977386475,0.0,21.0,0.0,0.0,0.050000000000000044,1.9096402749419212,1.8979353811591864,0.03901629394385964
immediate_advantage_dqn,819,553,92.00381832569838,80.1490502768755,31.302663579583168,60.701154723763466,1.542558011598885,17725.478229522705,0.0,29.0,0.0,1.0,0.050000000000000044,2.097532443702221,2.086292564868927,0.03746631706599146
immediate_advantage_dqn,819,554,65.35525864362717,78.98933345004917,26.260955899953842,39.094303011894226,1.4412506949156523,15149.676750183105,0.0,20.0,0.0,0.0,0.050000000000000044,1.902616934850812,1.8891356736421585,0.0449374841991812
immediate_advantage_dqn,819,555,68.44901932030916,78.8130992012471,27.104267172515392,41.344752341508865,1.4377410700544715,15161.872539520264,0.0,22.0,0.0,0.0,0.050000000000000044,2.345052421092987,2.3337605223059654,0.03763964050449431
immediate_advantage_dqn,819,556,77.04282735288143,79.01833928510548,27.76798038929701,49.274846866726875,1.4504231214523315,15580.709968566895,0.0,23.0,0.0,0.0,0.050000000000000044,2.0476050823926926,2.036483809351921,0.037070841062814
immediate_advantage_dqn,819,557,86.25460123568773,79.79261016361417,29.486970096826553,56.7676312059164,1.483337172307074,16309.518390655518,0.0,26.0,0.0,2.0,0.050000000000000044,1.8757306225597858,1.8659035079181194,0.03275702218525112
immediate_advantage_dqn,819,558,74.54850148409605,79.76992116719484,27.82291964441538,46.725582018494606,1.459639380685985,15440.390237808228,0.0,22.0,0.0,0.0,0.050000000000000044,2.1530838906764984,2.1419926583766937,0.036970785818994045
immediate_advantage_dqn,819,559,91.09935775399208,80.49444375932217,30.972600921988487,60.12675650417805,1.560788169503212,17637.059005737305,0.0,26.0,0.0,2.0,0.050000000000000044,1.6829178500920534,1.6739518158137798,0.029886739095672965
immediate_advantage_dqn,819,560,79.53210158795119,81.00559480793775,28.68132572621107,50.85077620446682,1.4607350649312139,16005.57748413086,0.0,23.0,0.0,3.0,0.050000000000000044,1.808847477659583,1.7977728210389614,0.03691548714414239
immediate_advantage_dqn,819,561,69.51174315959216,80.58953244097532,26.908439233899117,42.603304246068,1.421124629676342,15312.7945022583,0.0,22.0,0.0,1.0,0.050000000000000044,1.523951219394803,1.5134788043797016,0.034908023895695806
immediate_advantage_dqn,819,562,79.28113886117936,79.98355007074774,27.65700078755617,51.624137276411055,1.4639000482857227,15595.160007476807,0.0,24.0,0.0,1.0,0.050000000000000044,2.358713187277317,2.3488694950938225,0.03281222365330905
immediate_advantage_dqn,819,563,80.15837534070015,79.63817813791336,28.999656230211258,51.15871940851211,1.5107092987746,16825.776136398315,0.0,23.0,0.0,2.0,0.050000000000000044,1.3412475809454918,1.330601952970028,0.035485408967360854
immediate_advantage_dqn,819,564,93.0369841247797,81.20673332832754,30.49732555449009,62.5396581530571,1.5529850646853447,17359.4966506958,0.0,27.0,0.0,3.0,0.050000000000000044,1.92908532358706,1.9194784574210644,0.032022845931351185
immediate_advantage_dqn,819,565,85.18578998148442,81.02693603359164,27.84062860906124,57.345161297917365,1.4970031986013055,16106.434970855713,0.0,27.0,0.0,1.0,0.050000000000000044,2.0274068117141724,2.018635518848896,0.02923762158025056
immediate_advantage_dqn,819,566,80.1650185585022,80.03212215207517,28.923727057874203,51.24129185080528,1.4913830030709505,16391.553354263306,0.0,25.0,0.0,2.0,0.050000000000000044,1.7583794947713614,1.7451662365347147,0.04404417844489217
immediate_advantage_dqn,819,567,72.3419405758381,79.19045814655723,27.32288008928299,45.019060695171355,1.4120107218623161,14942.695987701416,0.0,22.0,0.0,1.0,0.050000000000000044,1.9199535977095366,1.9065179247409105,0.044785589678213
immediate_advantage_dqn,819,568,77.7737426161766,78.73988464318217,28.78920328617096,48.98453947901726,1.4890033630654216,16345.370609283447,0.0,24.0,0.0,1.0,0.050000000000000044,2.1264584250748158,2.1159521117806435,0.03502105816733092
immediate_advantage_dqn,819,569,62.71436920762062,78.04373536467554,25.35680414736271,37.35756470263004,1.3760398421436548,13978.335800170898,0.0,20.0,0.0,1.0,0.050000000000000044,2.12375358492136,2.110963750630617,0.04263271694071591
immediate_advantage_dqn,819,570,73.40193039923906,76.97445439107716,27.75876522809267,45.64316529035568,1.4362189006060362,15369.918905258179,0.0,23.0,0.0,1.0,0.050000000000000044,2.020662844181061,2.007001981139183,0.04553616372868419
immediate_advantage_dqn,819,571,83.46842612624168,78.20089561507106,29.989991784095764,53.47843373119831,1.4961697794497013,16429.518352508545,0.0,26.0,0.0,2.0,0.050000000000000044,2.0083758868277073,1.9962635040283203,0.040374598233029246
immediate_advantage_dqn,819,572,60.52963774651289,77.5927291201055,25.35715689510107,35.1724810898304,1.388511123135686,14458.175861358643,0.0,20.0,0.0,0.0,0.050000000000000044,2.0594580695033073,2.0488613806664944,0.03532226965762675
immediate_advantage_dqn,819,573,90.9207324013114,77.53857482388615,32.18526077270508,58.735471308231354,1.5594951072707772,17911.111598968506,0.0,27.0,0.0,0.0,0.050000000000000044,1.7958049047738314,1.7833218351006508,0.041610305197536945
immediate_advantage_dqn,819,574,87.26141189038754,78.63388248622417,30.36330072581768,56.8981107622385,1.5272414153441787,17144.740922927856,0.0,26.0,0.0,0.0,0.050000000000000044,1.571032665669918,1.5620563626289368,0.029920926899649203
immediate_advantage_dqn,819,575,82.01995003968477,79.31242902219296,29.01289089769125,53.007059037685394,1.4944145949557424,16417.317058563232,0.0,24.0,0.0,0.0,0.050000000000000044,1.8985992521047592,1.8884354438632727,0.033879288705065846
immediate_advantage_dqn,819,576,77.52940735965967,79.33675802253187,28.46472768485546,49.06467993557453,1.479603405110538,15943.137023925781,0.0,22.0,0.0,0.0,0.050000000000000044,2.0967000275850296,2.084106422960758,0.04197861533612013
immediate_advantage_dqn,819,577,69.09529652893544,78.47879278719425,26.773800298571587,42.321496185660365,1.4143692925572395,14785.940692901611,0.0,21.0,0.0,3.0,0.050000000000000044,2.0999201126396656,2.0864930916577578,0.04475679830648005
immediate_advantage_dqn,819,578,77.79834838956594,78.64128513246774,27.34502499550581,50.453323259949684,1.4472313662990928,15372.736808776855,0.0,24.0,0.0,0.0,0.050000000000000044,2.2139395624399185,2.2017721869051456,0.040557985194027424
immediate_advantage_dqn,819,579,86.63177768290043,78.41790612891317,30.992256715893745,55.63952169716358,1.5365233849734068,17640.98151397705,0.0,26.0,0.0,1.0,0.050000000000000044,1.589089248329401,1.5800325255841017,0.030189055716618896
immediate_advantage_dqn,819,580,62.453970120847224,77.56399955555797,25.616877354681492,36.83709287047386,1.419179167598486,14937.27550125122,0.0,19.0,0.0,1.0,0.050000000000000044,1.730499541386962,1.7185505777597427,0.039829961373470724
immediate_advantage_dqn,819,581,81.8557600542903,78.18120040029288,30.818785585463047,51.03697434961796,1.5371682988479733,17348.201328277588,0.0,24.0,0.0,3.0,0.050000000000000044,2.012158617377281,1.999957349151373,0.040670885355211794
immediate_advantage_dqn,819,582,95.91764035224915,79.01302547484639,31.64271155744791,64.27492851912976,1.5346355633810163,17929.068815231323,0.0,28.0,0.0,2.0,0.050000000000000044,2.1792656295001507,2.1702890396118164,0.02992203796748072
immediate_advantage_dqn,819,583,78.50747858732939,78.93048063717784,29.72326198965311,48.78421649336815,1.516229779459536,17052.948574066162,0.0,22.0,0.0,0.0,0.050000000000000044,1.6122787650674582,1.6007068064063787,0.038573240861296654
immediate_advantage_dqn,819,584,73.63463606238365,77.96036323405802,27.549139343202114,46.085497456789014,1.4497984228655696,15645.507900238037,0.0,22.0,0.0,2.0,0.050000000000000044,2.0940471589565277,2.0833721049129963,0.03558348154183477
immediate_advantage_dqn,819,585,78.05287533402444,77.60371750168503,28.836277037858963,49.21659834086895,1.4823770057410002,16170.432973861694,0.0,24.0,0.0,2.0,0.050000000000000044,1.8889580946415663,1.8766249679028988,0.041110394638963044
immediate_advantage_dqn,819,586,90.20861610025167,78.1058973787725,32.76423401385546,57.44438233971596,1.581994667649269,18328.816688537598,0.0,27.0,0.0,0.0,0.050000000000000044,1.722742471843958,1.7117503974586725,0.0366402892395854
immediate_advantage_dqn,819,587,87.50233757644892,78.86391722880305,30.412372656166553,57.08996477127075,1.50628228392452,16642.5786113739,0.0,25.0,0.0,1.0,0.050000000000000044,1.8987604677677155,1.8871521092951298,0.0386944804340601
immediate_advantage_dqn,819,588,93.09597905129195,79.63002905055882,30.49940002709627,62.59658002257347,1.5655695321038365,17584.98943901062,0.0,28.0,0.0,2.0,0.050000000000000044,1.6901105344295502,1.6794145815074444,0.03565319150220603
immediate_advantage_dqn,819,589,83.59667110443115,80.67414414539934,29.107143983244896,54.489526867866516,1.5161986546590924,17045.343070983887,0.0,25.0,0.0,2.0,0.050000000000000044,1.792395569384098,1.7817477267235518,0.03549284825567156
immediate_advantage_dqn,819,590,85.47743465900422,81.2779193583876,30.351053684949875,55.12638103365898,1.5292698983103037,17033.667232513428,0.0,25.0,0.0,2.0,0.050000000000000044,1.9948829989880323,1.976413069292903,0.06156646041199565
immediate_advantage_dqn,819,591,64.32606800794602,80.32080145247282,25.43329305946827,38.89277517199516,1.39639463275671,14053.966018676758,0.0,20.0,0.0,1.0,0.050000000000000044,2.2736742198467255,2.2603490874171257,0.04441711131948978
immediate_advantage_dqn,819,592,83.82892317324877,81.48576572380962,30.326452367007732,53.502470910549164,1.5196475135162473,16763.373180389404,0.0,24.0,0.0,0.0,0.050000000000000044,1.636319788172841,1.6275624595582485,0.02919107209891081
immediate_advantage_dqn,819,593,83.4846970885992,81.113963958174,28.646136909723282,54.83856078982353,1.5044072028249502,16139.213527679443,0.0,25.0,0.0,1.0,0.050000000000000044,1.7993520088493824,1.7875160910189152,0.03945303300861269
immediate_advantage_dqn,819,594,80.41679205745459,80.77173296652737,30.175297133624554,50.241495013237,1.5186626426875591,17124.208587646484,0.0,22.0,0.0,1.0,0.050000000000000044,2.31890144944191,2.309106068685651,0.03265122091397643
immediate_advantage_dqn,819,595,88.27352219820023,81.08441157445313,31.360658638179302,56.91286316514015,1.570634358562529,18182.798873901367,0.0,25.0,0.0,2.0,0.050000000000000044,2.1880506239831448,2.1778607219457626,0.03396637737751007
immediate_advantage_dqn,819,596,57.35523373633623,80.07570289328694,25.792574167251587,31.56265962123871,1.3915971368551254,14371.304595947266,0.0,19.0,0.0,0.0,0.050000000000000044,1.8769294209778309,1.864470899105072,0.04152841598261148
immediate_advantage_dqn,819,597,84.41328791081905,80.84160246238113,30.835272006690502,53.57801543474197,1.5142871886491776,17377.250469207764,0.0,25.0,0.0,2.0,0.050000000000000044,1.9051115326583385,1.8953352309763432,0.03258767968509346
immediate_advantage_dqn,819,598,76.97716024518013,80.80054305516184,29.007166907191277,47.96999350190163,1.4976408137008548,16882.406524658203,0.0,23.0,0.0,0.0,0.050000000000000044,2.3141823541373014,2.30203865095973,0.04047900706063956
immediate_advantage_dqn,819,599,80.18971713781357,80.4784400279075,29.211901523172855,50.977815517783164,1.5026158159598708,16422.897605895996,0.0,23.0,0.0,2.0,0.050000000000000044,1.9975821170955896,1.9845944996923208,0.043292141519486904
