variant,model_seed,episode,cost,rolling_cost,immediate_cost,penalty,energy_use,latency_ms,thermal_violation,energy_violation,queue_violation,contact_violation,epsilon,loss,td_loss,auxiliary_loss
double_dqn,814,0,126.18126167316927,126.18126167316927,41.059831604361534,85.12143012841241,1.8538875738158822,24911.744199752808,0.0,32.0,12.0,0.0,0.9954761904761905,,,
double_dqn,814,1,115.0489529311657,120.61510730216749,41.857169315218925,73.19178342223168,1.755554218776524,24023.556690216064,0.0,32.0,0.0,2.0,0.9909523809523809,1.4287830591201782,1.4287830591201782,0.0
double_dqn,814,2,99.09057388603688,113.44026283012396,37.267968624830246,61.822605365514754,1.6767567731440067,21758.65097808838,0.0,28.0,0.0,1.0,0.9864285714285714,1.1763913705945015,1.1763913705945015,0.0
double_dqn,814,3,201.55041350698195,135.46780049933847,45.98111541569233,155.56929822540002,1.9835320208221674,27381.607292175293,0.0,37.0,27.0,2.0,0.981904761904762,1.1707999184727669,1.1707999184727669,0.0
double_dqn,814,4,188.43465520448376,146.06117144036753,49.931068420410156,138.50358672446893,1.903903041034937,28482.04923248291,0.0,39.0,34.0,1.0,0.9773809523809524,1.2046548053622246,1.2046548053622246,0.0
double_dqn,814,5,112.87528872489929,140.5301909877895,38.476317681372166,74.39897094666958,1.7477996479719877,22909.166233062744,0.0,32.0,0.0,0.0,0.9728571428571429,1.0906742624938488,1.0906742624938488,0.0
double_dqn,814,6,105.54100721272202,135.53173616277985,35.33894884586334,70.2020586201784,1.7617288399487734,21592.085739135742,0.0,31.0,2.0,1.0,0.9683333333333334,0.9285798259079456,0.9285798259079456,0.0
double_dqn,814,7,179.48306222154406,141.02565192012537,44.969463370740414,134.51359888060597,1.9387141736224294,27153.916046142578,0.0,37.0,35.0,2.0,0.9638095238095238,0.9597979784011841,0.9597979784011841,0.0
double_dqn,814,8,149.03362123739697,141.9154262887111,36.749188646674156,112.2844326652286,1.8006578758358955,23145.95985031128,0.0,30.0,25.0,2.0,0.9592857142857143,0.9548825472593307,0.9548825472593307,0.0
double_dqn,814,9,115.08709259201005,139.232592919041,34.609826132655144,80.47726671267466,1.7145506627857685,21183.210887908936,0.0,32.0,13.0,2.0,0.9547619047619048,0.7634933553636074,0.7634933553636074,0.0
double_dqn,814,10,112.25831623673439,136.7803859479222,37.1598314344883,75.09848459362983,1.7283727554604411,22201.82152557373,0.0,32.0,0.0,2.0,0.9502380952380952,0.552425304427743,0.552425304427743,0.0
double_dqn,814,11,100.84428741186858,133.78571106991777,34.71854253858328,66.12574524581433,1.6396617582067847,20326.077701568604,0.0,29.0,0.0,1.0,0.9457142857142857,0.4073843713849783,0.4073843713849783,0.0
double_dqn,814,12,116.20416045188904,132.43328409930015,41.87617652118206,74.32798418402672,1.7541608661413193,24252.94631767273,0.0,32.0,0.0,0.0,0.9411904761904761,0.309664536267519,0.309664536267519,0.0
double_dqn,814,13,114.7564007729292,131.17064957598797,43.700637981295586,71.05576235949994,1.8052938571199775,25013.9097366333,0.0,31.0,0.0,3.0,0.9366666666666666,0.3043256439268589,0.3043256439268589,0.0
double_dqn,814,14,158.57756022939884,132.99777695288202,42.35210923850536,116.22545088658529,1.8349886974319816,25110.17158126831,0.0,38.0,31.0,1.0,0.9321428571428572,0.2792291706427932,0.2792291706427932,0.0
double_dqn,814,15,108.95541532244108,131.49512935097943,37.929942548274994,71.02547264005564,1.7801670851185918,23310.76788330078,0.0,30.0,1.0,0.0,0.9276190476190476,0.5582995573058724,0.5582995573058724,0.0
double_dqn,814,16,104.77222234904767,129.92319364498346,34.58920143544674,70.18302057087422,1.6641112929210067,20782.31037902832,0.0,31.0,0.0,1.0,0.9230952380952381,0.6278902012854815,0.6278902012854815,0.0
double_dqn,814,17,102.8106411844492,128.4169407305093,34.64760972559452,68.16303142905235,1.6579150762408972,20464.260692596436,0.0,30.0,0.0,0.0,0.9185714285714286,0.40506196580827236,0.40506196580827236,0.0
double_dqn,814,18,119.70728988945484,127.95853805466434,40.69748291373253,79.00980649888515,1.729272029362619,22927.754737854004,0.0,33.0,0.0,0.0,0.914047619047619,0.31533136777579784,0.31533136777579784,0.0
double_dqn,814,19,122.05973981320858,127.66359814259155,39.666927710175514,82.39281250536442,1.7291089687496424,22986.19041824341,0.0,34.0,0.0,0.0,0.9095238095238095,0.25066991802304983,0.25066991802304983,0.0
double_dqn,814,20,107.02523404359818,126.70579676111302,36.995379239320755,70.02985560894012,1.6860923860222101,21578.89826965332,0.0,30.0,0.0,0.0,0.905,0.22343729343265295,0.22343729343265295,0.0
double_dqn,814,21,103.50431570410728,126.1285648997601,36.48102022707462,67.0232965350151,1.6600083010271192,21335.45546722412,0.0,28.0,0.0,1.0,0.9004761904761904,0.2356644719839096,0.2356644719839096,0.0
double_dqn,814,22,166.83846466492443,129.51595943870444,44.5745058581233,122.26395914952779,1.903100112453103,26776.412788391113,0.0,37.0,26.0,0.0,0.895952380952381,0.22326485812664032,0.22326485812664032,0.0
double_dqn,814,23,105.1694960385561,124.69691356528317,35.95778548717499,69.21171107292176,1.651629887521267,20772.109031677246,0.0,31.0,0.0,3.0,0.8914285714285715,0.6282016476616263,0.6282016476616263,0.0
double_dqn,814,24,119.72963905227242,121.26166275767261,39.19864858686924,80.53099097204266,1.776090195402503,23254.941579818726,0.0,34.0,4.0,1.0,0.8869047619047619,0.5710446387529373,0.5710446387529373,0.0
double_dqn,814,25,90.99534433484078,120.16766553816967,32.82916987687349,58.16617459952831,1.5304387006908655,18611.322929382324,0.0,26.0,0.0,2.0,0.8823809523809524,0.37811997905373573,0.37811997905373573,0.0
double_dqn,814,26,114.14038821578026,120.5976345883226,40.30265662074089,73.83773158013821,1.7823705011978745,23826.995220184326,0.0,35.0,1.0,2.0,0.8778571428571429,0.31696727871894836,0.31696727871894836,0.0
double_dqn,814,27,135.75591507178277,118.41127723083454,41.99001468718052,93.7659002951953,1.8825960094109178,25111.636596679688,0.0,36.0,16.0,0.0,0.8733333333333333,0.3023434681817889,0.3023434681817889,0.0
double_dqn,814,28,130.21343037120167,117.47026768752478,41.6324113458395,88.58101902536217,1.8353608939796686,24763.931980133057,0.0,35.0,6.0,1.0,0.8688095238095238,0.30413481313735247,0.30413481313735247,0.0
double_dqn,814,29,107.05790685862303,117.06880840085543,36.05722852796316,71.00067779421806,1.7067804345861077,21416.30318069458,0.0,31.0,0.0,0.0,0.8642857142857143,0.2555176857858896,0.2555176857858896,0.0
double_dqn,814,30,148.85041237956546,118.89841320799697,46.00007589161396,102.8503363985445,1.940510069951415,26816.76145172119,0.0,37.0,23.0,3.0,0.8597619047619047,0.28440500795841217,0.28440500795841217,0.0
double_dqn,814,31,121.23387145996094,119.9178924104016,37.707510367035866,83.52636042237282,1.7340821931138635,21901.029273986816,0.0,36.0,0.0,0.0,0.8552380952380952,0.6743478272110224,0.6743478272110224,0.0
double_dqn,814,32,112.77885289788246,119.74662703270126,40.97018790245056,71.80866517424583,1.7374089127406478,23235.93194961548,0.0,30.0,0.0,2.0,0.8507142857142858,0.44359193928539753,0.44359193928539753,0.0
double_dqn,814,33,105.76600115001202,119.29710705155541,34.33637481927872,71.42962649464607,1.6633520806208253,20382.12265396118,0.0,31.0,0.0,0.0,0.8461904761904762,0.41247402131557465,0.41247402131557465,0.0
double_dqn,814,34,116.65965968370438,117.20121202427067,42.19233536720276,74.46732452511787,1.8145615439862013,24538.235689163208,0.0,32.0,0.0,0.0,0.8416666666666667,0.37547063175588846,0.37547063175588846,0.0
double_dqn,814,35,106.87158043682575,117.09702027998992,36.173467956483364,70.69811230897903,1.6600215937942266,20883.79278564453,0.0,32.0,0.0,0.0,0.8371428571428572,0.37034205719828606,0.37034205719828606,0.0
double_dqn,814,36,147.59945239142297,119.23838178210865,42.93433281034231,104.66511922345279,1.8612907836213708,25254.810466766357,0.0,34.0,18.0,1.0,0.8326190476190476,0.3302293410524726,0.3302293410524726,0.0
double_dqn,814,37,122.91721182087167,120.2437103139298,39.024697974324226,83.89251374223932,1.803214025683701,23546.11858177185,0.0,33.0,5.0,2.0,0.8280952380952381,0.3584938393905759,0.3584938393905759,0.0
double_dqn,814,38,115.17450890094042,120.01707126450408,40.59271755069494,74.5817914992571,1.7638682071119547,23728.347076416016,0.0,31.0,0.0,2.0,0.8235714285714286,0.34919682051986456,0.34919682051986456,0.0
double_dqn,814,39,174.13342663451098,122.6207556055692,47.223536133766174,126.90989024742508,1.9607142060995102,27688.497848510742,0.0,38.0,30.0,1.0,0.819047619047619,0.7770382426679134,0.7770382426679134,0.0
double_dqn,814,40,157.6092409193922,125.1499559493589,42.80706004798412,114.80218096081506,1.8786141639575362,24962.258380889893,0.0,35.0,20.0,3.0,0.8145238095238095,0.4985065720975399,0.4985065720975399,0.0
double_dqn,814,41,126.72359925905094,126.31092012710607,43.677156917750835,83.04644204327688,1.8534751329571009,25308.37043762207,0.0,33.0,14.0,2.0,0.81,0.4355068188160658,0.4355068188160658,0.0
double_dqn,814,42,114.84755367338657,123.71137457752918,38.289697378873825,76.55785633921623,1.7329745730385184,22499.873279571533,0.0,33.0,0.0,2.0,0.8054761904761905,0.4491219613701105,0.4491219613701105,0.0
double_dqn,814,43,118.2866471260786,124.3672321319053,46.565875604748726,71.7207717448473,1.8247854560613632,26268.505249023438,0.0,30.0,0.0,0.0,0.800952380952381,0.4830756355077028,0.4830756355077028,0.0
double_dqn,814,44,109.72045117616653,123.86677273810002,37.828827291727066,71.89162440598011,1.7110040290281177,22116.775577545166,0.0,30.0,0.0,1.0,0.7964285714285715,0.4284207196906209,0.4284207196906209,0.0
double_dqn,814,45,116.43719340115786,125.13886519141587,41.22728315740824,75.20990943908691,1.762456958182156,23438.12020111084,0.0,32.0,0.0,2.0,0.7919047619047619,0.40008651558309793,0.40008651558309793,0.0
double_dqn,814,46,100.41772831976414,124.45273219661507,32.683785773813725,67.733942553401,1.6508800089359283,19827.550079345703,0.0,32.0,0.0,1.0,0.7873809523809524,0.6026418786495924,0.6026418786495924,0.0
double_dqn,814,47,99.39920959025622,122.63489692253874,33.89741336554289,65.50179676115513,1.6182249644771218,19174.725229263306,0.0,30.0,0.0,1.0,0.7828571428571429,0.8166915364563465,0.8166915364563465,0.0
double_dqn,814,48,120.31313058882952,122.13988193342013,42.37140402942896,77.9417275428772,1.7952759191393852,24065.703815460205,0.0,33.0,0.0,1.0,0.7783333333333333,0.5623190272599459,0.5623190272599459,0.0
double_dqn,814,49,131.28977717824498,123.35147544940125,40.6690089404583,90.62076802917043,1.8447126913815737,24575.194396972656,0.0,35.0,7.0,0.0,0.7738095238095238,0.5073840469121933,0.5073840469121933,0.0
double_dqn,814,50,145.8237435178225,123.20014200631408,39.744830802083015,106.07891270083832,1.8512752400711179,23909.58540725708,0.0,34.0,19.0,1.0,0.7692857142857144,0.44375154469162226,0.44375154469162226,0.0
double_dqn,814,51,117.374277561903,123.00716231141118,39.212011605501175,78.16226623952389,1.790837150067091,23611.03370285034,0.0,34.0,0.0,0.0,0.7647619047619048,0.47636605333536863,0.47636605333536863,0.0
double_dqn,814,52,115.4554238691926,123.14099085997668,40.3813850954175,75.07403886318207,1.7670619878917933,23406.144283294678,0.0,31.0,0.0,1.0,0.7602380952380953,0.48201559856534004,0.48201559856534004,0.0
double_dqn,814,53,121.83376680314541,123.94437914263335,40.05234253406525,81.78142331540585,1.7201634924858809,23009.638347625732,0.0,34.0,0.0,1.0,0.7557142857142858,0.5167504381388426,0.5167504381388426,0.0
double_dqn,814,54,118.77841208043019,124.05031676246965,38.58658446371555,80.19182731869141,1.7456304421648383,22806.86231613159,0.0,33.0,2.0,2.0,0.7511904761904762,0.6729366201907396,0.6729366201907396,0.0
double_dqn,814,55,103.3159956857562,123.87253752491617,39.295470498502254,64.02052465081215,1.6912809675559402,22333.660732269287,0.0,27.0,0.0,0.0,0.7466666666666667,0.8445775769650936,0.8445775769650936,0.0
double_dqn,814,56,116.50858982801438,122.31799439674576,40.743152409791946,75.7654377013445,1.7764265285804868,23452.221530914307,0.0,33.0,0.0,1.0,0.7421428571428572,0.6296913884580135,0.6296913884580135,0.0
double_dqn,814,57,111.63798099160195,121.75403285528228,36.80858697742224,74.82939460277558,1.7158321468159556,21510.580562591553,0.0,31.0,0.0,1.0,0.7376190476190476,0.5928360307589173,0.5928360307589173,0.0
double_dqn,814,58,109.88662368953229,121.48963859471185,38.20372427999973,71.68289994597436,1.6993443639948964,21920.311557769775,0.0,31.0,0.0,1.0,0.7330952380952381,0.6187456082552671,0.6187456082552671,0.0
double_dqn,814,59,105.53465401381254,118.05969996367693,35.50764035433531,70.02701330184937,1.7082348363474011,20988.763801574707,0.0,29.0,0.0,0.0,0.7285714285714286,0.6407596040517092,0.6407596040517092,0.0
double_dqn,814,60,121.90575032498046,116.27452543395634,41.606980070471764,80.2987705972354,1.830601455643773,24587.098175048828,0.0,34.0,2.0,2.0,0.724047619047619,0.5298743396997452,0.5298743396997452,0.0
double_dqn,814,61,117.6122369386837,115.818957317938,38.49659179151058,79.11564534088822,1.7648186879232526,22409.99566268921,0.0,31.0,14.0,2.0,0.7195238095238095,0.4627537475898862,0.4627537475898862,0.0
double_dqn,814,62,129.21831601292098,116.53749543491469,45.3897617906332,83.82855457991565,1.8598199347034097,25965.943550109863,0.0,34.0,13.0,0.0,0.7150000000000001,0.7813891135156155,0.7813891135156155,0.0
double_dqn,814,63,92.02117262780666,115.22422171000112,32.74630369246006,59.274869456887245,1.5788971791043878,18783.712726593018,0.0,28.0,0.0,0.0,0.7104761904761905,0.7834932748228312,0.7834932748228312,0.0
double_dqn,814,64,115.8476201146841,115.53058015692697,40.426241263747215,75.42137911915779,1.7871418874710798,23608.130489349365,0.0,32.0,0.0,0.0,0.7059523809523809,0.6178767178207636,0.6178767178207636,0.0
double_dqn,814,65,111.63949091732502,115.29069503273536,38.0705381706357,73.56895309686661,1.7010677140206099,21693.864004135132,0.0,33.0,0.0,0.0,0.7014285714285715,0.6487507987767458,0.6487507987767458,0.0
double_dqn,814,66,111.98726976066828,115.86917210478057,39.76836972683668,72.21890004873276,1.7848569927737117,23365.899312973022,0.0,29.0,0.0,1.0,0.6969047619047619,0.6218948783352971,0.6218948783352971,0.0
double_dqn,814,67,97.20265032351017,115.75934414144324,34.470593109726906,62.73205754160881,1.6601394452154636,19999.57416534424,0.0,27.0,0.0,0.0,0.6923809523809523,0.6673225816339254,0.6673225816339254,0.0
double_dqn,814,68,110.77393734455109,115.28238447922934,37.163101844489574,73.6108347773552,1.6898526530712843,21249.91567993164,0.0,32.0,0.0,0.0,0.687857142857143,0.6121989004313946,0.6121989004313946,0.0
double_dqn,814,69,120.46526140272617,114.7411586904534,41.91160863637924,78.55365304946899,1.8214116217568517,23917.381118774414,0.0,33.0,0.0,3.0,0.6833333333333333,0.6368233691900969,0.6368233691900969,0.0
double_dqn,814,70,176.27821287196076,116.26388215816033,42.9200554639101,133.3581574080506,1.836109446361661,24713.100288391113,0.0,35.0,42.0,3.0,0.6788095238095238,0.9065910931676626,0.9065910931676626,0.0
double_dqn,814,71,149.14174063523743,117.85225531182702,44.05971723794937,105.08202382942169,1.8673647614195943,25585.226306915283,0.0,36.0,21.0,1.0,0.6742857142857144,0.8210931979119778,0.8210931979119778,0.0
double_dqn,814,72,120.07046192884445,118.08300721480961,44.45453929901123,75.61592215299606,1.7606945633888245,24317.43544769287,0.0,32.0,0.0,1.0,0.6697619047619048,0.7085573524236679,0.7085573524236679,0.0
double_dqn,814,73,99.55000136047602,116.96881894267615,35.592577286064625,63.95742452144623,1.6151366839185357,20698.721199035645,0.0,29.0,0.0,1.0,0.6652380952380952,0.8179130088537931,0.8179130088537931,0.0
double_dqn,814,74,123.83283853828907,117.22154026556909,41.17364376783371,82.65919444262981,1.853299280628562,24220.38014602661,0.0,34.0,0.0,3.0,0.6607142857142857,0.5516500556841493,0.5516500556841493,0.0
double_dqn,814,75,116.64389326572419,117.88793514456749,40.83295354247093,75.81094020009041,1.7794995736330748,23833.599685668945,0.0,32.0,0.0,1.0,0.6561904761904762,0.6425873767584562,0.6425873767584562,0.0
double_dqn,814,76,103.86092208325863,117.2555517573297,36.37408970296383,67.48683251440525,1.6217738427221775,20338.286712646484,0.0,31.0,0.0,1.0,0.6516666666666667,0.6871782271191478,0.6871782271191478,0.0
double_dqn,814,77,107.04701527357102,117.02600347142815,37.66116662323475,69.38584872484208,1.7827609553933144,22993.129035949707,0.0,29.0,0.0,1.0,0.6471428571428571,0.6768978191539645,0.6768978191539645,0.0
double_dqn,814,78,112.85706179738045,117.17452537682057,40.22355389595032,72.63350788652897,1.7930584968999028,23022.673797607422,0.0,31.0,0.0,2.0,0.6426190476190476,0.9744358714669943,0.9744358714669943,0.0
double_dqn,814,79,101.45838856697083,116.97071210447848,36.060082510113716,65.39830626547337,1.6191553864628077,20393.208808898926,0.0,28.0,0.0,0.0,0.6380952380952382,0.6967291738837957,0.6967291738837957,0.0
double_dqn,814,80,111.8719583004713,116.46902250325302,40.042615197598934,71.8293436318636,1.738395519554615,22854.78140449524,0.0,31.0,0.0,1.0,0.6335714285714286,0.7330772345885634,0.7330772345885634,0.0
double_dqn,814,81,109.37310619652271,116.05706596614496,37.299408718943596,72.07369753718376,1.706447098404169,21494.82538986206,0.0,33.0,0.0,1.0,0.6290476190476191,0.5747206658124924,0.5747206658124924,0.0
double_dqn,814,82,122.38276169502736,115.7152882502503,40.41336941719055,81.96939169669152,1.7964031677693129,24077.86603164673,0.0,33.0,4.0,0.0,0.6245238095238095,0.7247248105704784,0.7247248105704784,0.0
double_dqn,814,83,106.71975878924131,116.45021755832204,35.128051690757275,71.59170690476894,1.6536407861858606,20096.089668273926,0.0,31.0,0.0,2.0,0.62,0.7446679892018437,0.7446679892018437,0.0
double_dqn,814,84,108.45576099296595,116.08062460223614,40.40732802450657,68.04843281944777,1.7319017527624965,23198.778831481934,0.0,29.0,2.0,0.0,0.6154761904761905,0.5983507949858904,0.5983507949858904,0.0
double_dqn,814,85,111.6805481761694,116.08267746517834,38.3399046510458,73.34064361453056,1.6969625866040587,21486.462608337402,0.0,31.0,0.0,1.0,0.6109523809523809,0.8788140509277582,0.8788140509277582,0.0
double_dqn,814,86,113.8001571148634,116.17332183288809,35.63973881304264,78.1604186296463,1.8317485647276044,22207.85772705078,0.0,32.0,0.0,0.0,0.6064285714285714,0.9261721186339855,0.9261721186339855,0.0
double_dqn,814,87,105.02440517544747,116.56440957548496,37.593004405498505,67.43140044212342,1.6788055263459682,21259.2091217041,0.0,29.0,0.0,1.0,0.6019047619047619,0.8575596008449793,0.8575596008449793,0.0
double_dqn,814,88,121.42999862016667,117.09721263926573,37.87886920571327,83.55112959326735,1.7811645129695535,22356.75704574585,0.0,35.0,15.0,1.0,0.5973809523809523,0.7392145665362477,0.7392145665362477,0.0
double_dqn,814,89,126.04719892442226,117.37630951535054,41.010871544480324,85.03632700741291,1.7958912793546915,24062.837635040283,0.0,36.0,0.0,2.0,0.592857142857143,1.001543965190649,1.001543965190649,0.0
double_dqn,814,90,116.113898986578,114.3680938210814,36.9283142387867,79.18558486700059,1.751161240041256,21817.126678466797,0.0,34.0,0.0,1.0,0.5883333333333334,0.8470465783029795,0.8470465783029795,0.0
double_dqn,814,91,106.63905391097069,112.24295948486807,35.88531193137169,70.75374153256416,1.6521054785698652,20307.914665222168,0.0,31.0,0.0,0.0,0.5838095238095238,0.7924859039485455,0.7924859039485455,0.0
double_dqn,814,92,102.68850563466549,111.37386167015912,31.40470464527607,71.28380089998245,1.6428247671574354,18599.57958984375,0.0,31.0,0.0,0.0,0.5792857142857144,0.6711271144449711,0.6711271144449711,0.0
double_dqn,814,93,101.67567251622677,111.48014522794665,38.544825822114944,63.1308469325304,1.712581048719585,22212.90756225586,0.0,27.0,0.0,0.0,0.5747619047619048,1.0118414536118507,1.0118414536118507,0.0
double_dqn,814,94,113.29479868710041,110.9532432353872,36.67240012437105,76.62239879369736,1.6845533875748515,21081.408561706543,0.0,32.0,0.0,2.0,0.5702380952380952,0.9310921840369701,0.9310921840369701,0.0
double_dqn,814,95,110.27023786306381,110.63456046525421,36.261091977357864,74.00914578139782,1.6885416386649013,20859.215438842773,0.0,33.0,0.0,0.0,0.5657142857142857,0.8662906382232904,0.8662906382232904,0.0
double_dqn,814,96,103.64270077645779,110.62364939991417,36.08150038123131,67.56120075285435,1.673408160917461,20945.561435699463,0.0,30.0,0.0,0.0,0.5611904761904762,0.7807893566787243,0.7807893566787243,0.0
double_dqn,814,97,98.17032916247845,110.17981509435954,30.653805285692215,67.51652417480946,1.6268571270629764,18025.422046661377,0.0,30.0,0.0,2.0,0.5566666666666666,0.9692920334637165,0.9692920334637165,0.0
double_dqn,814,98,88.7469522356987,108.97430961627545,32.330087795853615,56.41686426103115,1.559602196328342,18597.32526397705,0.0,26.0,0.0,0.0,0.5521428571428572,0.9698247816413641,0.9698247816413641,0.0
double_dqn,814,99,106.51518054499721,109.22714921517677,37.62945666909218,68.88572363748644,1.7558018509298563,21910.170879364014,0.0,30.0,6.0,2.0,0.5476190476190477,0.8167134039103985,0.8167134039103985,0.0
double_dqn,814,100,109.23688800036908,109.09539570017166,34.14767360687256,75.08921375274659,1.6604395899921656,19477.03429031372,0.0,34.0,0.0,1.0,0.5430952380952381,0.6274788249284029,0.6274788249284029,0.0
double_dqn,814,101,101.01570102572441,108.67752544163174,35.65829983353615,65.35740154981613,1.6308636432513595,20302.524978637695,0.0,30.0,0.0,0.0,0.5385714285714286,0.9885245347395539,0.9885245347395539,0.0
double_dqn,814,102,83.53087029606104,106.73493087168342,30.209953732788563,53.32091657817364,1.500237082131207,17078.28709411621,0.0,24.0,0.0,0.0,0.5340476190476191,0.9963088128715754,0.9963088128715754,0.0
double_dqn,814,103,99.48654311299325,106.37327008787102,36.20963795483112,63.27690491974354,1.671523118391633,20632.00961303711,0.0,29.0,0.0,1.0,0.5295238095238095,0.8244211226701736,0.8244211226701736,0.0
double_dqn,814,104,108.7041020333767,106.38568713989154,35.33819258213043,73.36590876579285,1.7180972369387746,20861.13698196411,0.0,32.0,0.0,2.0,0.525,0.7907618526369333,0.7907618526369333,0.0
double_dqn,814,105,115.84082105021736,106.59370078359396,38.07964885234833,77.76117258529925,1.7575665591284633,22258.694511413574,0.0,33.0,15.0,1.0,0.5204761904761905,0.9531470090150833,0.9531470090150833,0.0
double_dqn,814,106,111.88565290868283,106.4979755732849,39.60913525521755,72.27651799619198,1.7271482441574335,22297.557956695557,0.0,31.0,0.0,1.0,0.5159523809523809,1.1118936780840158,1.1118936780840158,0.0
double_dqn,814,107,118.0446977764368,107.14899020333436,38.514760345220566,79.52993804216385,1.733487800695002,21445.025566101074,0.0,34.0,0.0,0.0,0.5114285714285716,0.8265648018568754,0.8265648018568754,0.0
double_dqn,814,108,83.70819365382195,105.26289995501716,32.1497288197279,51.55846455097198,1.5176389375701547,18696.671543121338,0.0,26.0,0.0,1.0,0.506904761904762,0.7715802006423473,0.7715802006423473,0.0
double_dqn,814,109,112.649215772748,104.59300079743343,37.52513087540865,75.12408465147018,1.733463336713612,21719.986267089844,0.0,31.0,0.0,0.0,0.5023809523809524,1.3242615796625614,1.3242615796625614,0.0
double_dqn,814,110,113.34355089068413,104.45448339263876,36.14791543781757,77.19563490152359,1.7239819495007396,21444.969398498535,0.0,32.0,0.0,0.0,0.4978571428571429,0.8437626846134663,0.8437626846134663,0.0
double_dqn,814,111,99.94094403088093,104.11957789863428,35.094701550900936,64.84624299407005,1.6364947520196438,20110.01686859131,0.0,29.0,0.0,1.0,0.4933333333333334,0.9342011036351323,0.9342011036351323,0.0
double_dqn,814,112,109.92413574457169,104.48135940412956,37.02702125906944,72.89711485803127,1.7376430230215192,21553.06697845459,0.0,32.0,0.0,0.0,0.4888095238095238,0.8614334519952536,0.8614334519952536,0.0
double_dqn,814,113,113.34270126521588,105.06471084157901,36.38246815651655,76.96023320555688,1.7077177241444588,20794.57836151123,0.0,33.0,0.0,1.0,0.4842857142857143,0.9442210681736469,0.9442210681736469,0.0
double_dqn,814,114,107.9361131042242,104.79677656243521,36.145260974764824,71.7908520847559,1.6459513818845153,20197.193153381348,0.0,32.0,0.0,0.0,0.4797619047619047,1.1105795912444592,1.1105795912444592,0.0
double_dqn,814,115,109.57395353913307,104.76196234623868,37.44010207802057,72.13385133445263,1.652096824720502,21151.825428009033,0.0,31.0,0.0,0.0,0.47523809523809524,0.7441692594438791,0.7441692594438791,0.0
double_dqn,814,116,101.93495286405087,104.67657495061833,35.55614373087883,66.37880959510804,1.654753215610981,20437.115676879883,0.0,29.0,0.0,1.0,0.47071428571428575,1.1585815884172916,1.1585815884172916,0.0
double_dqn,814,117,120.86499556899071,105.81130827094394,41.47282411158085,79.39217068254948,1.783850078471005,23329.021697998047,0.0,35.0,0.0,0.0,0.46619047619047627,1.1856434550136328,1.1856434550136328,0.0
double_dqn,814,118,107.23422775715589,106.7356720470168,38.03954045474529,69.19468780905008,1.6806804742664099,21217.56982421875,0.0,30.0,0.0,2.0,0.46166666666666667,0.9418044276535511,0.9418044276535511,0.0
double_dqn,814,119,81.96680893898011,105.50825346671596,27.86032661050558,54.106482276320456,1.5105025051161647,15976.560165405273,0.0,25.0,0.0,1.0,0.4571428571428572,1.0184487663209438,1.0184487663209438,0.0
double_dqn,814,120,111.69725095033645,105.63127161421433,38.92690431326628,72.77034683823585,1.7093931082636118,22058.775394439697,0.0,31.0,0.0,2.0,0.4526190476190477,0.8162459693849087,0.8162459693849087,0.0
double_dqn,814,121,111.40912599861622,106.1509428628589,38.69553706794977,72.71358896791935,1.7559062587097287,22124.81282043457,0.0,32.0,0.0,1.0,0.4480952380952381,0.9338816404342651,0.9338816404342651,0.0
double_dqn,814,122,97.23014822006226,106.83590675905896,32.97459104657173,64.25555781424046,1.5801415462046862,18909.943798065186,0.0,30.0,0.0,1.0,0.4435714285714286,1.034678477793932,1.034678477793932,0.0
double_dqn,814,123,100.06445316970348,106.86480226189447,36.43548858165741,63.628964990377426,1.6442195987328887,20730.341438293457,0.0,28.0,0.0,0.0,0.439047619047619,0.8985354620963335,0.8985354620963335,0.0
double_dqn,814,124,100.73798859119415,106.46649658978535,34.030615493655205,66.70737291872501,1.5856909854337573,19084.846878051758,0.0,28.0,0.0,1.0,0.43452380952380953,0.8674977011978626,0.8674977011978626,0.0
double_dqn,814,125,109.24934388697147,106.13692273162306,34.402028031647205,74.84731557965279,1.704288656823337,20255.76502609253,0.0,31.0,0.0,0.0,0.43000000000000005,1.3537210673093796,1.3537210673093796,0.0
double_dqn,814,126,106.2827258259058,105.8567763774842,38.883588686585426,67.39913710951805,1.73811493255198,22280.661502838135,0.0,29.0,0.0,0.0,0.42547619047619056,1.0607413034886122,1.0607413034886122,0.0
double_dqn,814,127,96.59737281501293,104.784410129413,34.16390232741833,62.43347010016441,1.6030094157904387,19297.79252243042,0.0,27.0,0.0,1.0,0.42095238095238097,1.234041292220354,1.234041292220354,0.0
double_dqn,814,128,111.20146824419498,106.15907385893165,37.56538987159729,73.63607880473137,1.7057385873049498,21435.466926574707,0.0,31.0,0.0,1.0,0.41642857142857137,0.9522875361144543,0.9522875361144543,0.0
double_dqn,814,129,118.56176461577415,106.45470130108296,42.138654448091984,76.4231102347374,1.773302293382585,23516.79981613159,0.0,33.0,0.0,3.0,0.4119047619047619,0.9927900079637766,0.9927900079637766,0.0
double_dqn,814,130,101.7653486520052,105.87579118914903,35.927934758365154,65.8374137222767,1.6477649491280317,20234.139392852783,0.0,29.0,0.0,2.0,0.4073809523809524,0.8551847627386451,0.8551847627386451,0.0
double_dqn,814,131,99.48172244429588,105.85283010981978,37.1015332788229,62.38018889725208,1.5971645535901189,20842.890533447266,0.0,27.0,0.0,0.0,0.4028571428571429,1.0074296221137047,1.0074296221137047,0.0
double_dqn,814,132,81.85882368087769,104.44956450663508,31.168044961988926,50.69077887535095,1.4808701667934656,17311.155960083008,0.0,24.0,0.0,1.0,0.39833333333333343,1.225496530532837,1.225496530532837,0.0
double_dqn,814,133,95.63431316912174,103.56414510183038,35.38990938663483,60.2444036334753,1.6501898942515254,20466.225589752197,0.0,25.0,0.0,2.0,0.39380952380952383,1.213736891746521,1.213736891746521,0.0
double_dqn,814,134,103.81594157963991,103.35813652560114,34.035150460898876,69.78079125285149,1.6222486244514585,19564.960987091064,0.0,29.0,0.0,0.0,0.38928571428571423,1.0558683797717094,1.0558683797717094,0.0
double_dqn,814,135,94.95285193622112,102.62708144545554,31.97837360203266,62.974477887153625,1.606243833899498,18148.506633758545,0.0,28.0,0.0,0.0,0.38476190476190475,0.9021297097206116,0.9021297097206116,0.0
double_dqn,814,136,92.64806792289019,102.16273719839752,31.74176862090826,60.906298571825026,1.5530066536739469,17951.41172027588,0.0,26.0,0.0,1.0,0.38023809523809526,0.9997157510370016,0.9997157510370016,0.0
double_dqn,814,137,116.48758835792542,101.94386683784427,40.509036272764206,75.97855215966702,1.7747379895299673,23240.91519165039,0.0,33.0,0.0,3.0,0.3757142857142858,1.115198627114296,1.115198627114296,0.0
double_dqn,814,138,90.02357356250286,101.0833341281116,29.660283461213112,60.36329007148743,1.5145083339884877,16674.112014770508,0.0,29.0,0.0,0.0,0.3711904761904763,1.0025596488267183,1.0025596488267183,0.0
double_dqn,814,139,86.73655415326357,101.32182138882578,32.91970957070589,53.81684494018555,1.510819325223565,18030.46714782715,0.0,24.0,0.0,0.0,0.3666666666666667,0.9388947077095509,0.9388947077095509,0.0
double_dqn,814,140,76.02584572434425,99.53825112752617,28.610946878790855,47.41489880084991,1.5088717145845294,16665.176956176758,0.0,22.0,0.0,2.0,0.3621428571428572,0.953381160274148,0.953381160274148,0.0
double_dqn,814,141,93.46898010373116,98.64124383278191,32.570607364177704,60.89837281405926,1.5741353007033467,18334.342525482178,0.0,28.0,0.0,0.0,0.3576190476190476,1.0981821864843369,1.0981821864843369,0.0
double_dqn,814,142,78.35294517874718,97.69738368071616,28.8685182929039,49.48442651331425,1.5004725037142634,16529.21351623535,0.0,23.0,0.0,0.0,0.35309523809523813,1.0356203895062208,1.0356203895062208,0.0
double_dqn,814,143,91.23709917217494,97.25601598083973,32.55537557601929,58.681723648309706,1.5788904959335923,18398.158111572266,0.0,26.0,0.0,1.0,0.34857142857142864,0.9101948030292988,0.9101948030292988,0.0
double_dqn,814,144,121.49713276326656,98.29397318944335,42.28630165755749,79.21083098649979,1.8094681361690164,23753.57131576538,0.0,33.0,0.0,0.0,0.34404761904761905,0.8837791122496128,0.8837791122496128,0.0
double_dqn,814,145,113.51921801269054,98.50746689572931,38.65174746513367,74.86747062206268,1.8147885547950864,22823.37705230713,0.0,32.0,0.0,0.0,0.33952380952380956,0.9763425178825855,0.9763425178825855,0.0
double_dqn,814,146,94.62030678987503,97.92434594392776,33.31137064099312,61.308936417102814,1.6064671473577619,18724.912971496582,0.0,27.0,0.0,0.0,0.3350000000000001,1.1571409478783607,1.1571409478783607,0.0
double_dqn,814,147,92.13343478739262,97.70114904254675,34.006849721074104,58.126584649086,1.575226846151054,18752.91307449341,0.0,25.0,0.0,1.0,0.3304761904761905,0.9993252065032721,0.9993252065032721,0.0
double_dqn,814,148,91.57766048014165,96.71995865434408,32.099107041954994,59.47855325937271,1.5814503328874707,18313.571578979492,0.0,26.0,0.0,2.0,0.325952380952381,1.2923196330666542,1.2923196330666542,0.0
double_dqn,814,149,93.10866958796979,95.44730390295388,35.51300646364689,57.5956635415554,1.6366978147998452,19965.80750656128,0.0,26.0,0.0,1.0,0.3214285714285714,1.1922806836664677,1.1922806836664677,0.0
double_dqn,814,150,103.20417100936174,95.5192450208217,36.105463303625584,67.09870785474777,1.66652936860919,20275.767211914062,0.0,30.0,0.0,0.0,0.3169047619047619,0.9347158819437027,0.9347158819437027,0.0
double_dqn,814,151,98.4668547809124,95.46850163765252,35.58975566923618,62.877098590135574,1.6578306425362825,20576.330638885498,0.0,27.0,0.0,0.0,0.3123809523809524,0.8666113223880529,0.8666113223880529,0.0
double_dqn,814,152,95.87638021409512,96.1693794643134,29.51547721028328,66.36090318262578,1.5504550095647573,16997.1049118042,0.0,30.0,0.0,3.0,0.30785714285714294,0.9422537069767714,0.9422537069767714,0.0
double_dqn,814,153,92.57832172065973,96.01657989189029,33.12095505744219,59.45736626088619,1.6448218375444412,19367.008934020996,0.0,27.0,0.0,4.0,0.30333333333333345,1.0485574919730425,1.0485574919730425,0.0
double_dqn,814,154,104.7508650302887,96.06332606442272,33.53699891269207,71.21386643052101,1.6177549753338099,18656.23601913452,0.0,32.0,0.0,2.0,0.29880952380952375,1.3125281371176243,1.3125281371176243,0.0
double_dqn,814,155,105.01940478682518,96.56665370695292,33.83910398930311,71.18030141592025,1.6476540202274919,19161.2160987854,0.0,32.0,0.0,2.0,0.29428571428571426,1.0726856300607324,1.0726856300607324,0.0
double_dqn,814,156,106.13400650024414,97.24095063582061,37.17900565266609,68.95500114560127,1.6705636894330382,20660.631965637207,0.0,30.0,0.0,1.0,0.2897619047619048,1.4733287617564201,1.4733287617564201,0.0
double_dqn,814,157,98.14982538074256,96.32406248696148,31.544179685413837,66.60564660429955,1.6121946554630995,18557.314750671387,0.0,28.0,0.0,2.0,0.2852380952380953,1.2067297361791134,1.2067297361791134,0.0
double_dqn,814,158,95.66383028179408,96.60607532292605,32.818442322313786,62.84538755714893,1.62274151109159,18786.686351776123,0.0,28.0,0.0,2.0,0.2807142857142858,0.9731158800423145,0.9731158800423145,0.0
double_dqn,814,159,92.57788924872875,96.89814207769932,33.59924787282944,58.97864067554474,1.546427458524704,18924.038150787354,0.0,26.0,0.0,1.0,0.2761904761904763,1.206848867237568,1.206848867237568,0.0
double_dqn,814,160,88.9066692173481,97.5421832523495,31.48687107861042,57.419797706604,1.526660604402423,18135.591968536377,0.0,24.0,0.0,2.0,0.2716666666666666,1.0308721326291561,1.0308721326291561,0.0
double_dqn,814,161,103.22497823387384,98.02998315885664,36.509860284626484,66.71511814296245,1.66327281948179,20355.515842437744,0.0,29.0,0.0,3.0,0.2671428571428571,0.9756348971277475,0.9756348971277475,0.0
double_dqn,814,162,102.76813400685788,99.25074260026217,35.891850695014,66.87628337144852,1.6702885851264,20326.009727478027,0.0,29.0,0.0,1.0,0.26261904761904764,0.8283349610865116,0.8283349610865116,0.0
double_dqn,814,163,94.08973586559296,99.39337443493307,31.967090778052807,62.12264496088028,1.545591893605888,18167.86157989502,0.0,27.0,0.0,1.0,0.25809523809523816,0.9751867670565844,0.9751867670565844,0.0
double_dqn,814,164,105.43026623129845,98.59003110833467,33.812974989414215,71.61729109287262,1.7309857597574592,20144.41513824463,0.0,29.0,0.0,2.0,0.25357142857142867,1.0564156454056501,1.0564156454056501,0.0
double_dqn,814,165,83.6500051125884,97.09657046332956,31.861397810280323,51.78860742151737,1.5355242285877466,18005.08983230591,0.0,24.0,0.0,2.0,0.24904761904761907,1.0029895212501287,1.0029895212501287,0.0
double_dqn,814,166,71.93316003978252,95.96221312582493,26.98154041171074,44.951619538664815,1.4424965307116508,15123.342052459717,0.0,22.0,0.0,2.0,0.2445238095238096,1.0379729252308607,1.0379729252308607,0.0
double_dqn,814,167,105.16320292055607,96.6137015324831,33.91794841736555,71.24525366127492,1.637478637509048,19425.83535003662,0.0,29.0,0.0,3.0,0.24,1.1993079781532288,1.1993079781532288,0.0
double_dqn,814,168,84.9669301301241,96.28316501498223,29.97591245174408,54.99101803600788,1.5226778043434024,16854.27486038208,0.0,26.0,0.0,3.0,0.2354761904761905,1.3733787797391415,1.3733787797391415,0.0
double_dqn,814,169,91.93337204307318,96.2244001377374,31.84389316290617,60.089478731155396,1.5917443837970495,18096.85619354248,0.0,28.0,0.0,0.0,0.23095238095238102,1.40496314316988,1.40496314316988,0.0
double_dqn,814,170,95.60229493975639,95.84430633425714,34.91423425078392,60.68806127011776,1.6129108304157853,19883.026725769043,0.0,25.0,0.0,3.0,0.22642857142857142,0.9590052347630262,0.9590052347630262,0.0
double_dqn,814,171,111.51730405688286,96.49682879805565,37.398913234472275,74.11839079260827,1.6643380112946033,20981.656341552734,0.0,32.0,0.0,2.0,0.22190476190476194,1.2829142026603222,1.2829142026603222,0.0
double_dqn,814,172,69.46052761375904,95.17603616803885,27.39772416651249,42.062803611159325,1.4544296730309725,15643.457660675049,0.0,22.0,0.0,0.0,0.21738095238095245,1.2474305890500546,1.2474305890500546,0.0
double_dqn,814,173,95.17458681166173,95.30584942258896,33.19392587244511,61.980660082399844,1.594004351645708,18510.51313018799,0.0,27.0,0.0,3.0,0.21285714285714286,1.380682673305273,1.380682673305273,0.0
double_dqn,814,174,88.8290629029274,94.50975931622091,29.34371766448021,59.48534464240074,1.5263908375054598,16771.751907348633,0.0,27.0,0.0,1.0,0.20833333333333337,1.196593863889575,1.196593863889575,0.0
double_dqn,814,175,74.17279326915741,92.96742874033751,27.618171870708466,46.55462101101875,1.457093359902501,15687.636596679688,0.0,23.0,0.0,0.0,0.20380952380952377,1.5068104639649391,1.5068104639649391,0.0
double_dqn,814,176,103.305769982934,92.82601691447199,34.55574046075344,68.75002955198288,1.6465841066092253,19592.785976409912,0.0,30.0,0.0,2.0,0.1992857142857143,1.1357261259108782,1.1357261259108782,0.0
double_dqn,814,177,93.08903062343597,92.57297717660666,30.526310071349144,62.56272053718567,1.5773145910352468,17650.429683685303,0.0,27.0,0.0,0.0,0.1947619047619048,1.373886400833726,1.373886400833726,0.0
double_dqn,814,178,98.28967576175928,92.70426945060493,33.680883474648,64.6087924361229,1.5955643272027373,18742.70560836792,0.0,28.0,0.0,5.0,0.19023809523809532,1.1560981906950474,1.1560981906950474,0.0
double_dqn,814,179,91.90649285316468,92.67069963082672,30.976835891604424,60.92965623140335,1.5605338988825679,17655.011556625366,0.0,27.0,0.0,1.0,0.18571428571428583,1.307647805660963,1.307647805660963,0.0
double_dqn,814,180,93.20112452805043,92.88542239636185,31.816155306994915,61.384969571232794,1.5488302363082767,17765.09873008728,0.0,28.0,0.0,1.0,0.18119047619047624,1.2278440035879612,1.2278440035879612,0.0
double_dqn,814,181,88.49810874164105,92.1490789217502,29.376631677150726,59.12147719860077,1.5559716084972024,17300.235816955566,0.0,27.0,0.0,3.0,0.17666666666666664,0.9963954333215952,0.9963954333215952,0.0
double_dqn,814,182,77.5948800817132,90.89041622549297,29.215206377208233,48.37967413663864,1.4797464441508055,16463.442197799683,0.0,22.0,0.0,0.0,0.17214285714285715,1.060239501297474,1.060239501297474,0.0
double_dqn,814,183,106.18160145878792,91.49500950515271,35.83251714706421,70.34908459484578,1.6741330437362194,20246.573959350586,0.0,31.0,0.0,3.0,0.16761904761904767,1.243886273354292,1.243886273354292,0.0
double_dqn,814,184,94.76789248883725,90.96189081802966,32.31524728983641,62.45264513194561,1.6182776428759098,18548.907508850098,0.0,27.0,0.0,1.0,0.16309523809523818,1.1898691095411777,1.1898691095411777,0.0
double_dqn,814,185,65.24036696851253,90.04140891082585,24.49492560327053,40.74544173777103,1.364591103978455,13794.944095611572,0.0,21.0,0.0,2.0,0.1585714285714287,1.107087381184101,1.107087381184101,0.0
double_dqn,814,186,70.7894098341465,89.98422140054406,29.59039132297039,41.19901846647262,1.4699320076033473,16550.216732025146,0.0,21.0,0.0,2.0,0.1540476190476191,1.1098312614485621,1.1098312614485621,0.0
double_dqn,814,187,104.38809541910886,89.94546602547169,34.66791474074125,69.72018103599548,1.6499928375706077,20033.233333587646,0.0,30.0,0.0,3.0,0.1495238095238095,1.3964005298912525,1.3964005298912525,0.0
double_dqn,814,188,104.88820704817772,90.94152987137437,35.679505333304405,69.20870150625706,1.661812823265791,20080.777893066406,0.0,30.0,0.0,1.0,0.14500000000000002,1.2530016098171473,1.2530016098171473,0.0
double_dqn,814,189,79.42157849818469,90.31594019412994,27.55333062261343,51.86824772655964,1.455189579166472,15464.154125213623,0.0,25.0,0.0,2.0,0.14047619047619053,1.3577215373516083,1.3577215373516083,0.0
double_dqn,814,190,90.29570789039136,90.05061084166171,33.883774086833,56.41193398237228,1.5938922297209501,18763.122192382812,0.0,24.0,0.0,3.0,0.13595238095238105,1.2315810099244118,1.2315810099244118,0.0
double_dqn,814,191,99.30787211954593,89.44013924479485,35.817561745643616,63.490311074256894,1.6854517553001642,20286.220657348633,0.0,28.0,0.0,3.0,0.13142857142857145,1.0683218967169523,1.0683218967169523,0.0
double_dqn,814,192,84.21335811913013,90.1777807700634,30.6381895840168,53.57516863942146,1.5674278195947409,17597.36944580078,0.0,24.0,0.0,0.0,0.12690476190476196,1.3170995451509953,1.3170995451509953,0.0
double_dqn,814,193,84.82697415351868,89.66040013715624,30.36746010184288,54.45951344072819,1.5175053840503097,16966.051040649414,0.0,24.0,0.0,1.0,0.12238095238095237,1.132819827646017,1.132819827646017,0.0
double_dqn,814,194,96.06625386476517,90.02225968524814,31.996522963047028,64.06973112523556,1.5593904703855515,18023.430923461914,0.0,28.0,0.0,2.0,0.11785714285714288,1.0549685880541801,1.0549685880541801,0.0
double_dqn,814,195,66.7711161762476,89.65217583060266,27.13635265827179,39.634763249754904,1.452676298096776,15443.441074371338,0.0,21.0,0.0,1.0,0.1133333333333334,1.504344830289483,1.504344830289483,0.0
double_dqn,814,196,96.41224080324173,89.30749937161804,33.918493419885635,62.49374732375145,1.6149742137640715,18666.7802734375,0.0,28.0,0.0,0.0,0.1088095238095238,1.1400772463530302,1.1400772463530302,0.0
double_dqn,814,197,70.49501263350248,88.17779847212137,26.414310559630394,44.08070236444473,1.4345254693180323,15066.78309059143,0.0,22.0,0.0,1.0,0.10428571428571431,1.285152580589056,1.285152580589056,0.0
double_dqn,814,198,80.33135498464108,87.27988243326546,31.05333448946476,49.27802092730999,1.5376041531562805,17408.5945892334,0.0,23.0,0.0,2.0,0.09976190476190483,1.02789088152349,1.02789088152349,0.0
double_dqn,814,199,89.25399553775787,87.14725756749512,31.34785333275795,57.90614256262779,1.5701584573835135,18184.63240623474,0.0,28.0,0.0,1.0,0.09523809523809534,1.3255017846822739,1.3255017846822739,0.0
double_dqn,814,200,79.47221254557371,86.46081196837129,28.995717264711857,50.47649511694908,1.5052091032266617,16551.92568206787,0.0,24.0,0.0,0.0,0.09071428571428575,1.3041707705706358,1.3041707705706358,0.0
double_dqn,814,201,86.42586340755224,86.35719970166683,29.33196683973074,57.093896836042404,1.5151277352124453,16688.815074920654,0.0,25.0,0.0,0.0,0.08619047619047626,0.9791269116103649,0.9791269116103649,0.0
double_dqn,814,202,78.39408685564995,86.39716004036367,27.793035745620728,50.60105116963386,1.4961247891187668,15993.925476074219,0.0,23.0,0.0,2.0,0.08166666666666667,1.6861025281250477,1.6861025281250477,0.0
double_dqn,814,203,83.17125232815742,85.24664258383214,31.085003569722176,52.08624863922596,1.536096110008657,17467.519790649414,0.0,24.0,0.0,2.0,0.07714285714285718,1.5098976735025644,1.5098976735025644,0.0
double_dqn,814,204,83.29966886341572,84.67323140256107,29.815147921442986,53.48452100157738,1.5034814439713955,16603.41438293457,0.0,25.0,0.0,0.0,0.0726190476190477,1.204915750771761,1.204915750771761,0.0
double_dqn,814,205,84.7359918743372,85.64801264785231,30.60072936862707,54.13526231944561,1.5380532136186957,17311.719966888428,0.0,26.0,0.0,2.0,0.06809523809523821,1.2797011472284794,1.2797011472284794,0.0
double_dqn,814,206,78.57927896082401,86.03750610418618,29.305434219539165,49.27384474873543,1.5067331222817302,16586.07826423645,0.0,23.0,0.0,2.0,0.06357142857142861,1.319419275969267,1.319419275969267,0.0
double_dqn,814,207,86.04196907877922,85.1201997871697,30.771117016673088,55.27085189819336,1.5614625858142972,17586.295818328857,0.0,25.0,0.0,2.0,0.059047619047619015,1.1098896246403456,1.1098896246403456,0.0
double_dqn,814,208,86.81382456421852,84.21648066297175,30.615056045353413,56.198768243193626,1.5518901534378529,17540.15535736084,0.0,26.0,0.0,0.0,0.05452380952380953,1.314832342788577,1.314832342788577,0.0
double_dqn,814,209,76.46777293086052,84.06879038460553,29.347268283367157,47.12050488591194,1.5084712468087673,16475.110969543457,0.0,24.0,0.0,0.0,0.050000000000000044,1.4997980184853077,1.4997980184853077,0.0
double_dqn,814,210,94.21817145645619,84.26491356290877,35.00964033603668,59.208531045913695,1.6408425299450755,19545.700397491455,0.0,27.0,0.0,2.0,0.050000000000000044,1.1355107314884663,1.1355107314884663,0.0
double_dqn,814,211,85.96859121471644,83.5979495176673,30.904566772282124,55.06402468085289,1.5627485401928425,17749.708347320557,0.0,25.0,0.0,2.0,0.050000000000000044,1.2731432802975178,1.2731432802975178,0.0
double_dqn,814,212,78.0547038346529,83.29001680344344,27.648793295025826,50.405910331010816,1.4911182634532452,15712.72036743164,0.0,24.0,0.0,2.0,0.050000000000000044,1.163891650736332,1.163891650736332,0.0
double_dqn,814,213,67.55271726995707,82.42630395926537,26.36045264452696,41.19226468503475,1.4410797310993075,14863.32275390625,0.0,19.0,0.0,1.0,0.050000000000000044,1.038634279742837,1.038634279742837,0.0
double_dqn,814,214,81.29795609414577,81.68788907073439,29.321948178112507,51.976008504629135,1.4930690824985504,16158.081691741943,0.0,25.0,0.0,1.0,0.050000000000000044,1.2794923577457666,1.2794923577457666,0.0
double_dqn,814,215,90.70989425778389,82.8848279748112,30.1285804733634,60.5813141644001,1.552169194445014,17226.347244262695,0.0,28.0,0.0,2.0,0.050000000000000044,1.211488015949726,1.211488015949726,0.0
double_dqn,814,216,82.46215037554502,82.18732345342637,28.209569178521633,54.252581524848935,1.4862887496128678,16111.920421600342,0.0,24.0,0.0,2.0,0.050000000000000044,1.0741209536790848,1.0741209536790848,0.0
double_dqn,814,217,59.58226562291384,81.64168610289693,25.5929309502244,33.989334508776665,1.410864083096385,14127.957353591919,0.0,18.0,0.0,0.0,0.050000000000000044,1.1397329177707434,1.1397329177707434,0.0
double_dqn,814,218,65.28845452517271,80.8895410799235,24.53374982625246,40.7547045648098,1.3718132358044386,13867.246063232422,0.0,22.0,0.0,1.0,0.050000000000000044,1.1989739648997784,1.1989739648997784,0.0
double_dqn,814,219,84.58858957886696,80.65627078197896,29.588795468211174,54.99979388713837,1.5157045014202595,16734.449577331543,0.0,26.0,0.0,0.0,0.050000000000000044,1.2956767193973064,1.2956767193973064,0.0
double_dqn,814,220,84.25401664078235,80.8953609867394,29.349806904792786,54.90420900583267,1.4875745587050915,16280.406698226929,0.0,25.0,0.0,4.0,0.050000000000000044,1.3136560432612896,1.3136560432612896,0.0
double_dqn,814,221,84.43121268749238,80.79562845073642,29.662342354655266,54.76887007951736,1.5398084120824933,16946.32889175415,0.0,24.0,0.0,3.0,0.050000000000000044,1.2913425266742706,1.2913425266742706,0.0
double_dqn,814,222,80.11968050897121,80.88190813340246,26.889534257352352,53.2301470041275,1.44848342705518,15003.99931716919,0.0,24.0,0.0,0.0,0.050000000000000044,1.1880328599363565,1.1880328599363565,0.0
double_dqn,814,223,81.56664558500051,80.80167779624463,29.51061213761568,52.056033834815025,1.523751468397677,16708.1823387146,0.0,25.0,0.0,2.0,0.050000000000000044,1.1515601351857185,1.1515601351857185,0.0
double_dqn,814,224,80.80518389493227,80.67695354782045,28.52254270762205,52.282641261816025,1.4961879970505834,16288.463495254517,0.0,24.0,0.0,1.0,0.050000000000000044,1.7136614676564932,1.7136614676564932,0.0
double_dqn,814,225,86.54625996947289,80.76746695257724,31.264813013374805,55.28144674003124,1.5554744163528085,17607.76720237732,0.0,26.0,0.0,1.0,0.050000000000000044,1.4412535317242146,1.4412535317242146,0.0
double_dqn,814,226,91.88828238248826,81.43291712366045,32.045720249414444,59.84256219267845,1.592629725113511,18769.23247909546,0.0,28.0,0.0,1.0,0.050000000000000044,1.4237074665725231,1.4237074665725231,0.0
double_dqn,814,227,67.47691482454539,80.50466441094878,26.842630110681057,40.634284952282904,1.437586317770183,15107.623470306396,0.0,20.0,0.0,1.0,0.050000000000000044,1.6078874971717596,1.6078874971717596,0.0
double_dqn,814,228,80.10888882875443,80.16941762417557,29.32360729575157,50.785281428694724,1.4904172960668802,16464.277069091797,0.0,24.0,0.0,1.0,0.050000000000000044,1.6491149961948395,1.6491149961948395,0.0
double_dqn,814,229,91.30070804059505,80.91106437966229,32.02284190058708,59.27786614000797,1.5729281222447753,18031.75612258911,0.0,27.0,0.0,2.0,0.050000000000000044,1.4044323842972517,1.4044323842972517,0.0
double_dqn,814,230,74.81069802641869,79.94069070816042,28.02230817824602,46.788389483094214,1.4489807793870568,15655.174236297607,0.0,23.0,0.0,1.0,0.050000000000000044,1.7720342855900526,1.7720342855900526,0.0
double_dqn,814,231,93.73230023682117,80.32887615926566,31.50433886796236,62.22796154022217,1.5525095462799072,17831.109893798828,0.0,28.0,0.0,1.0,0.050000000000000044,1.484452910721302,1.484452910721302,0.0
double_dqn,814,232,98.94377437531948,81.37332968629897,31.494168274104595,67.44960585534572,1.5518060391768813,17615.46189880371,0.0,31.0,0.0,2.0,0.050000000000000044,1.452182449400425,1.452182449400425,0.0
double_dqn,814,233,87.10228367894888,82.35080800674857,31.867566876113415,55.23471713066101,1.5668308576568961,18042.310516357422,0.0,25.0,0.0,0.0,0.050000000000000044,1.3507536556571722,1.3507536556571722,0.0
double_dqn,814,234,83.20416711568832,82.44611855782568,28.799282893538475,54.40488441586494,1.4887965843081474,16068.294490814209,0.0,26.0,0.0,2.0,0.050000000000000044,1.551159294322133,1.551159294322133,0.0
double_dqn,814,235,93.96181740611792,82.60871471524237,29.50807522982359,64.4537416100502,1.5343263251706958,16892.592405319214,0.0,29.0,0.0,2.0,0.050000000000000044,1.4300059508532286,1.4300059508532286,0.0
double_dqn,814,236,65.99592050909996,81.78540322192012,26.114128910005093,39.88179153203964,1.4033984635025263,14485.68272781372,0.0,21.0,0.0,1.0,0.050000000000000044,0.9218990281224251,0.9218990281224251,0.0
double_dqn,814,237,93.71038976311684,83.49180942893028,31.637915164232254,62.072475135326385,1.5934555577114224,17984.463233947754,0.0,28.0,0.0,0.0,0.050000000000000044,1.4944770075380802,1.4944770075380802,0.0
double_dqn,814,238,81.2950181901455,84.29213761217893,29.265637129545212,52.02938070297241,1.514893278479576,16647.242835998535,0.0,25.0,0.0,2.0,0.050000000000000044,1.3317102491855621,1.3317102491855621,0.0
double_dqn,814,239,89.01790112257004,84.51360318936409,30.517663836479187,58.500237211585045,1.5253463136032224,16814.354930877686,0.0,27.0,0.0,1.0,0.050000000000000044,1.4678067117929459,1.4678067117929459,0.0
double_dqn,814,240,97.55579703599214,85.17869220912456,31.80263015627861,65.75316664874553,1.5815777815878391,17917.08769607544,0.0,29.0,0.0,5.0,0.050000000000000044,1.1697571817785501,1.1697571817785501,0.0
double_dqn,814,241,77.73921806365252,84.84409247793258,29.060604013502598,48.67861399054527,1.4886281164363027,16089.181224822998,0.0,23.0,0.0,1.0,0.050000000000000044,1.3579524252563715,1.3579524252563715,0.0
double_dqn,814,242,83.72932025194169,85.02457446508109,28.77044740319252,54.958872789144515,1.495622830465436,16564.9278717041,0.0,24.0,0.0,3.0,0.050000000000000044,1.4863363653421402,1.4863363653421402,0.0
double_dqn,814,243,95.25823302567005,85.70915383711458,31.936249159276485,63.32198365032673,1.5900478372350335,18098.343742370605,0.0,28.0,0.0,1.0,0.050000000000000044,1.1568599287420511,1.1568599287420511,0.0
double_dqn,814,244,80.2357075676322,85.68068002074958,31.068839587271214,49.166867637634276,1.5275367125868797,17573.331142425537,0.0,23.0,0.0,2.0,0.050000000000000044,1.1667627226561308,1.1667627226561308,0.0
double_dqn,814,245,80.71671728938819,85.38920288674535,28.854352869093418,51.862365239858626,1.481552330777049,15882.371978759766,0.0,24.0,0.0,1.0,0.050000000000000044,1.7359881922602654,1.7359881922602654,0.0
double_dqn,814,246,81.35693359524012,84.86263544738294,30.621619515120983,50.73531431853771,1.538871473632753,17377.539642333984,0.0,25.0,0.0,1.0,0.050000000000000044,1.2006309255957603,1.2006309255957603,0.0
double_dqn,814,247,77.51271046996116,85.36442522965373,29.406408473849297,48.10630187690258,1.4833708927035332,16331.480030059814,0.0,22.0,0.0,2.0,0.050000000000000044,1.3974622543901205,1.3974622543901205,0.0
double_dqn,814,248,71.65530922561884,84.94174624949694,26.729258581995964,44.926050680875775,1.4154552584514022,15155.149887084961,0.0,22.0,0.0,2.0,0.050000000000000044,1.3096105344593525,1.3096105344593525,0.0
double_dqn,814,249,77.70099962502718,84.26176082871855,27.657825954258442,50.04317282140255,1.4428558414801955,15117.319038391113,0.0,24.0,0.0,0.0,0.050000000000000044,1.4925799816846848,1.4925799816846848,0.0
double_dqn,814,250,67.46116788685322,83.89428432174027,28.396441355347633,39.06472630798817,1.4634773023426533,15984.237609863281,0.0,19.0,0.0,0.0,0.050000000000000044,1.4308131616562605,1.4308131616562605,0.0
double_dqn,814,251,85.75185286551714,83.49526195317506,29.804904781281948,55.94694787561893,1.5181534886360168,16930.769855499268,0.0,25.0,0.0,2.0,0.050000000000000044,1.434035724028945,1.434035724028945,0.0
double_dqn,814,252,77.26743873953819,82.41144517138599,28.369012147188187,48.89842666685581,1.4750046264380217,15828.794185638428,0.0,24.0,0.0,1.0,0.050000000000000044,1.33640050701797,1.33640050701797,0.0
double_dqn,814,253,96.19908483326435,82.86628522910178,32.74210073053837,63.456983268260956,1.599908422678709,18657.46982574463,0.0,26.0,0.0,0.0,0.050000000000000044,1.474918905645609,1.474918905645609,0.0
double_dqn,814,254,87.20466676354408,83.06631021149457,31.895867817103863,55.30879855155945,1.5334433345124125,17351.299396514893,0.0,26.0,0.0,1.0,0.050000000000000044,1.2480985820293427,1.2480985820293427,0.0
double_dqn,814,255,91.81964212656021,82.95920144751669,29.802074387669563,62.017568200826645,1.5806394880637527,17536.060440063477,0.0,27.0,0.0,1.0,0.050000000000000044,1.4208647534251213,1.4208647534251213,0.0
double_dqn,814,256,77.83414779007435,83.5511128115654,28.3044950440526,49.529652470350264,1.4517307756468654,15834.183734893799,0.0,23.0,0.0,2.0,0.050000000000000044,1.4123260341584682,1.4123260341584682,0.0
double_dqn,814,257,82.73606780916452,83.0023967138678,28.968439646065235,53.767627865076065,1.4808297418057919,15923.369091033936,0.0,24.0,0.0,1.0,0.050000000000000044,1.5034871827811003,1.5034871827811003,0.0
double_dqn,814,258,87.3606967419386,83.30568064145744,31.211469404399395,56.149227076768874,1.5292614782229066,17585.35104751587,0.0,26.0,0.0,2.0,0.050000000000000044,1.1325250044465065,1.1325250044465065,0.0
double_dqn,814,259,83.25679836571217,83.01762550361457,31.885780483484268,51.37101804614067,1.584904558956623,18595.743156433105,0.0,22.0,0.0,1.0,0.050000000000000044,1.442994136363268,1.442994136363268,0.0
double_dqn,814,260,91.003030616045,82.6899871826172,31.865618586540222,59.13741173148155,1.5579183418303728,17777.87020111084,0.0,27.0,0.0,2.0,0.050000000000000044,1.4737074505537748,1.4737074505537748,0.0
double_dqn,814,261,86.48053352534771,83.12705295570196,30.58665292710066,55.89388032257557,1.5260929288342595,17320.935668945312,0.0,24.0,0.0,2.0,0.050000000000000044,1.2457815874367952,1.2457815874367952,0.0
double_dqn,814,262,92.2552277624607,83.55334833122791,29.405763059854507,62.849465149641034,1.5033106319606304,16549.531547546387,0.0,28.0,0.0,2.0,0.050000000000000044,1.3138269148766994,1.3138269148766994,0.0
double_dqn,814,263,72.51742083132267,82.41630772151052,28.96396441757679,43.553455743193624,1.4902436481788754,16392.787643432617,0.0,21.0,0.0,3.0,0.050000000000000044,1.2024797275662422,1.2024797275662422,0.0
double_dqn,814,264,78.79976394176484,82.34451054021716,29.35682386159897,49.44294002056122,1.4839999470859766,16227.76445388794,0.0,24.0,0.0,2.0,0.050000000000000044,1.6541331112384796,1.6541331112384796,0.0
double_dqn,814,265,89.3242709338665,82.77488822244109,30.904491491615772,58.41977936029434,1.571433451026678,17873.137977600098,0.0,27.0,0.0,0.0,0.050000000000000044,1.3727223873138428,1.3727223873138428,0.0
double_dqn,814,266,85.95205287635326,83.00464418649673,31.634409114718437,54.317643851041794,1.5549778947606683,18096.56565475464,0.0,25.0,0.0,0.0,0.050000000000000044,1.1550522930920124,1.1550522930920124,0.0
double_dqn,814,267,75.5988920584321,82.90895326592029,29.432686246931553,46.16620582640171,1.4844332821667194,16285.242013931274,0.0,23.0,0.0,2.0,0.050000000000000044,2.05933827906847,2.05933827906847,0.0
double_dqn,814,268,76.6218465000391,83.1572801296413,27.40696693956852,49.21487945616245,1.4818190913647413,15706.149230957031,0.0,22.0,0.0,2.0,0.050000000000000044,1.214756678789854,1.214756678789854,0.0
double_dqn,814,269,103.43712616115809,84.44408645644785,34.29071257263422,69.14641382694245,1.6523871151730418,19682.266578674316,0.0,30.0,0.0,1.0,0.050000000000000044,1.575259581208229,1.575259581208229,0.0
double_dqn,814,270,88.14937374889851,85.4784967495501,30.421415522694588,57.72795804738998,1.5449463371187449,17423.15313720703,0.0,27.0,0.0,2.0,0.050000000000000044,1.4533592574298382,1.4533592574298382,0.0
double_dqn,814,271,87.05142687261105,85.54347544990482,31.946910426020622,55.10451616346836,1.5412785224616528,18339.021461486816,0.0,24.0,0.0,1.0,0.050000000000000044,1.5821678191423416,1.5821678191423416,0.0
double_dqn,814,272,86.63482912778855,86.01184496931732,28.61915135383606,58.01567771434784,1.4863221254199743,16000.9115524292,0.0,28.0,0.0,1.0,0.050000000000000044,1.8702671695500612,1.8702671695500612,0.0
double_dqn,814,273,97.27810994684697,86.06579622499646,31.71417775005102,65.56393169760705,1.5734831085428596,17790.889930725098,0.0,29.0,0.0,1.0,0.050000000000000044,1.5415979120880365,1.5415979120880365,0.0
double_dqn,814,274,99.8922948539257,86.70017762951554,35.098501458764076,64.79379373788834,1.6358354352414608,19998.49542617798,0.0,29.0,0.0,0.0,0.050000000000000044,1.2704461961984634,1.2704461961984634,0.0
double_dqn,814,275,79.43466913998127,86.0809289801866,28.985128581523895,50.4495406255126,1.4928665105253458,16645.53663635254,0.0,23.0,0.0,3.0,0.050000000000000044,1.7820072639733553,1.7820072639733553,0.0
double_dqn,814,276,89.21815752387047,86.6501294668764,32.335225477814674,56.882931822538374,1.5912184258922935,18607.511127471924,0.0,24.0,0.0,3.0,0.050000000000000044,1.0618425719439983,1.0618425719439983,0.0
double_dqn,814,277,103.76383120715619,87.70151763677599,36.63876889646053,67.12506220638753,1.6771105974912643,20709.833534240723,0.0,29.0,0.0,1.0,0.050000000000000044,1.414614874869585,1.414614874869585,0.0
double_dqn,814,278,89.28701486587525,87.79783354297282,32.21276469528675,57.074250081181525,1.61968591529876,18349.770217895508,0.0,26.0,0.0,1.0,0.050000000000000044,1.9908270239830017,1.9908270239830017,0.0
double_dqn,814,279,64.69127108305693,86.86955717884007,25.1780102327466,39.513260611891745,1.3722622031345963,13960.238542556763,0.0,19.0,0.0,2.0,0.050000000000000044,1.251873467117548,1.251873467117548,0.0
double_dqn,814,280,91.05095338523388,86.8719533172995,31.18087750673294,59.87007577419281,1.560067793354392,17423.92674255371,0.0,27.0,0.0,3.0,0.050000000000000044,1.8350228313356638,1.8350228313356638,0.0
double_dqn,814,281,80.95243200659752,86.595548241362,29.86707252264023,51.085359543561935,1.513340087607503,16718.31707763672,0.0,25.0,0.0,0.0,0.050000000000000044,1.5583449956029654,1.5583449956029654,0.0
double_dqn,814,282,98.5582672059536,86.91070021353663,31.466221123933792,67.09204679727554,1.5667850775644183,17725.347396850586,0.0,30.0,0.0,2.0,0.050000000000000044,1.314831605181098,1.314831605181098,0.0
double_dqn,814,283,59.826108540594575,86.27613459900022,24.81891690939665,35.00719157159328,1.3815931621938944,13749.236667633057,0.0,20.0,0.0,2.0,0.050000000000000044,1.2160906493663788,1.2160906493663788,0.0
double_dqn,814,284,98.48185381293297,87.26023909255862,31.916829995810986,66.56502398848534,1.6046316269785166,18514.0793132782,0.0,30.0,0.0,1.0,0.050000000000000044,1.3381416033953428,1.3381416033953428,0.0
double_dqn,814,285,83.38866786658764,86.96345893919468,28.993076995015144,54.39559079706669,1.4767389334738255,16191.90068435669,0.0,24.0,0.0,1.0,0.050000000000000044,1.463276643306017,1.463276643306017,0.0
double_dqn,814,286,67.37069342285395,86.03439096651971,27.547318629920483,39.82337500154972,1.4407620625570416,15184.892917633057,0.0,21.0,0.0,1.0,0.050000000000000044,1.739465544000268,1.739465544000268,0.0
double_dqn,814,287,85.03244797289372,86.5060687622428,30.673796251416206,54.35865124464035,1.5472053699195385,17398.645050048828,0.0,24.0,0.0,2.0,0.050000000000000044,1.4885153751820326,1.4885153751820326,0.0
double_dqn,814,288,95.6202864870429,87.45599076159299,32.68068731576204,62.939599350094795,1.5432123094797134,17910.330799102783,0.0,27.0,0.0,1.0,0.050000000000000044,1.9253325127065182,1.9253325127065182,0.0
double_dqn,814,289,70.36082592606544,85.80217574983837,25.52362596988678,44.83720041811466,1.406327766366303,14246.192642211914,0.0,21.0,0.0,2.0,0.050000000000000044,1.7046609967947006,1.7046609967947006,0.0
double_dqn,814,290,84.46261478215456,85.61783780150115,30.20145307481289,54.261161386966705,1.5415092092007399,16915.61856842041,0.0,26.0,0.0,1.0,0.050000000000000044,1.6104694809764624,1.6104694809764624,0.0
double_dqn,814,291,76.3098240122199,85.08075765848159,27.908073611557484,48.401750668883324,1.4855906004086137,16357.186689376831,0.0,23.0,0.0,0.0,0.050000000000000044,1.319575935602188,1.319575935602188,0.0
double_dqn,814,292,82.97411847114563,84.89772212564944,27.88407301902771,55.090045899152756,1.4778442103415728,15854.688087463379,0.0,25.0,0.0,1.0,0.050000000000000044,1.8061826806515455,1.8061826806515455,0.0
double_dqn,814,293,56.114414320886134,82.83953734435143,24.165525674819946,31.948888720571993,1.3679706119000912,13371.651542663574,0.0,19.0,0.0,3.0,0.050000000000000044,1.3908709846436977,1.3908709846436977,0.0
double_dqn,814,294,81.60026526451111,81.92493586488068,29.540384836494923,52.05988064408302,1.518836485221982,16788.624641418457,0.0,25.0,0.0,0.0,0.050000000000000044,1.6840134430676699,1.6840134430676699,0.0
double_dqn,814,295,90.83056866526604,82.49473084114493,31.84646128118038,58.984107652306555,1.5571068488061428,18158.756565093994,0.0,26.0,0.0,1.0,0.050000000000000044,1.649428391829133,1.649428391829133,0.0
double_dqn,814,296,90.48969658613206,82.55830779425801,28.809113830327988,61.68058245778084,1.5134760374203324,16448.200931549072,0.0,28.0,0.0,2.0,0.050000000000000044,1.4748576637357473,1.4748576637357473,0.0
double_dqn,814,297,63.252267295122145,80.53272959865632,26.1975100338459,37.05475709736347,1.3986023720353842,14562.390319824219,0.0,18.0,0.0,1.0,0.050000000000000044,1.5419046357274055,1.5419046357274055,0.0
double_dqn,814,298,85.68759096413851,80.35275840356948,30.69303473085165,54.99455641210079,1.563665859401226,17442.282287597656,0.0,25.0,0.0,1.0,0.050000000000000044,1.4275284763425589,1.4275284763425589,0.0
double_dqn,814,299,75.89624321460724,80.91300701014698,29.60470137000084,46.29154175519943,1.50197949167341,16439.557106018066,0.0,22.0,0.0,1.0,0.050000000000000044,1.5263587795197964,1.5263587795197964,0.0
double_dqn,814,300,82.06900451630354,80.46390956670047,28.30646951496601,53.7625354707241,1.4762623691931367,16015.464038848877,0.0,23.0,0.0,2.0,0.050000000000000044,1.868298750370741,1.868298750370741,0.0
double_dqn,814,301,75.81328781098128,80.20695235691966,27.576089777052402,48.23719824254513,1.449162825010717,15541.766317367554,0.0,22.0,0.0,2.0,0.050000000000000044,1.694159185513854,1.694159185513854,0.0
double_dqn,814,302,87.61844348162413,79.65996117070318,30.886731192469597,56.73171250522137,1.5549915144219995,17508.227138519287,0.0,25.0,0.0,0.0,0.050000000000000044,1.5289246700704098,1.5289246700704098,0.0
double_dqn,814,303,98.25860352218152,81.58158591978253,32.4929441139102,65.76565944552422,1.5646405685693026,18263.45458984375,0.0,30.0,0.0,1.0,0.050000000000000044,1.675585800781846,1.675585800781846,0.0
double_dqn,814,304,96.98520804941654,81.50675363160671,31.12737261503935,65.85783571004868,1.5840742457658052,17786.351207733154,0.0,29.0,0.0,0.0,0.050000000000000044,1.5392471756786108,1.5392471756786108,0.0
double_dqn,814,305,83.48276859670878,81.51145866811277,27.938680812716484,55.54408817887306,1.4571073139086366,15618.040798187256,0.0,24.0,0.0,2.0,0.050000000000000044,1.9501641355454922,1.9501641355454922,0.0
double_dqn,814,306,90.3585586130619,82.66085192762316,30.55004647374153,59.8085120499134,1.5464806212112308,17398.007442474365,0.0,27.0,0.0,2.0,0.050000000000000044,1.447136154398322,1.447136154398322,0.0
double_dqn,814,307,63.75916414260864,81.5971877361089,26.07064424455166,37.68851973414421,1.4030688870698214,14985.711376190186,0.0,19.0,0.0,2.0,0.050000000000000044,1.5186126381158829,1.5186126381158829,0.0
double_dqn,814,308,89.11713995039463,81.27203040927648,30.476187989115715,58.640951454639435,1.5704376036301255,17401.574378967285,0.0,25.0,0.0,1.0,0.050000000000000044,1.5418760683387518,1.5418760683387518,0.0
double_dqn,814,309,72.49614196270704,81.37879621110855,27.890941254794598,44.60520099103451,1.4611042449250817,16069.516513824463,0.0,21.0,0.0,0.0,0.050000000000000044,1.4759717658162117,1.4759717658162117,0.0
double_dqn,814,310,89.48724938929081,81.63002794146539,29.261419877409935,60.225830078125,1.5260923765599728,17070.663356781006,0.0,30.0,0.0,1.0,0.050000000000000044,1.6525585427880287,1.6525585427880287,0.0
double_dqn,814,311,86.8021984770894,82.15464666470886,31.470028951764107,55.3321692943573,1.5455515906214714,17339.799766540527,0.0,25.0,0.0,1.0,0.050000000000000044,1.49140789732337,1.49140789732337,0.0
double_dqn,814,312,87.39976152181626,82.3759288172424,30.743102982640266,56.65665892660618,1.5281452788040042,17480.321411132812,0.0,27.0,0.0,4.0,0.050000000000000044,1.5639504734426737,1.5639504734426737,0.0
double_dqn,814,313,84.67339760810137,83.80387798160316,29.612169817090034,55.06122799217701,1.5183038860559464,16772.512773513794,0.0,26.0,0.0,1.0,0.050000000000000044,1.8598266001790762,1.8598266001790762,0.0
double_dqn,814,314,83.64017624557019,83.90587353065612,30.548189774155617,53.091986471414565,1.5381056675687432,17236.28143310547,0.0,25.0,0.0,1.0,0.050000000000000044,1.2709137592464685,1.2709137592464685,0.0
double_dqn,814,315,76.96556102484465,83.21262314863505,28.314271457493305,48.65128928422928,1.455388717353344,15640.41987991333,0.0,23.0,0.0,0.0,0.050000000000000044,1.4374509043991566,1.4374509043991566,0.0
double_dqn,814,316,84.80488606542349,82.92838262259961,31.1212198138237,53.68366655707359,1.5310241356492043,16967.790899276733,0.0,24.0,0.0,1.0,0.050000000000000044,1.466166889294982,1.466166889294982,0.0
double_dqn,814,317,87.07134500145912,84.11933650791646,32.69739234447479,54.37395253777504,1.5629178434610367,18489.561416625977,0.0,25.0,0.0,0.0,0.050000000000000044,1.4497197140008211,1.4497197140008211,0.0
double_dqn,814,318,87.08490983545781,84.18920245148243,28.866984337568283,58.21792528927326,1.4932001046836376,16471.150859832764,0.0,26.0,0.0,2.0,0.050000000000000044,1.4311410002410412,1.4311410002410412,0.0
double_dqn,814,319,72.08197380751372,83.99848898112775,27.289758287370205,44.792215974628924,1.4155447464436293,15115.098457336426,0.0,23.0,0.0,1.0,0.050000000000000044,1.5211611595004797,1.5211611595004797,0.0
double_dqn,814,320,73.85616045594216,83.5878467781097,28.45146495103836,45.40469581782818,1.4775105938315392,16075.438800811768,0.0,22.0,0.0,1.0,0.050000000000000044,1.4164094105362892,1.4164094105362892,0.0
double_dqn,814,321,83.93925079703331,83.9941449274123,28.132536359131336,55.806714713573456,1.4942042920738459,15945.136756896973,0.0,25.0,0.0,1.0,0.050000000000000044,1.6458502691239119,1.6458502691239119,0.0
double_dqn,814,322,80.42626809328794,83.63453615799548,30.951079450547695,49.47518855333328,1.5363684073090553,17431.65880393982,0.0,23.0,0.0,0.0,0.050000000000000044,1.2396168820559978,1.2396168820559978,0.0
double_dqn,814,323,81.23941124975681,82.78357654437423,29.08752006292343,52.15189144015312,1.5094761531800032,17210.6947555542,0.0,23.0,0.0,0.0,0.050000000000000044,1.6581599228084087,1.6581599228084087,0.0
double_dqn,814,324,79.85360305905343,81.92699629485608,30.612360179424286,49.24124206006527,1.532109190709889,17133.132884979248,0.0,24.0,0.0,1.0,0.050000000000000044,1.4169038441032171,1.4169038441032171,0.0
double_dqn,814,325,79.98863427340984,81.75228957869112,28.87933999300003,51.10929396748543,1.4782724659889936,16186.776149749756,0.0,25.0,0.0,2.0,0.050000000000000044,1.513623483479023,1.513623483479023,0.0
double_dqn,814,326,94.79443932771683,81.97408361442389,32.194488912820816,62.59994969964028,1.5732536213472486,18112.943021774292,0.0,27.0,0.0,4.0,0.050000000000000044,1.1444513481110334,1.1444513481110334,0.0
double_dqn,814,327,88.49990520775319,83.21112066768112,30.57010956853628,57.92979606389999,1.5256877727806568,17198.190769195557,0.0,28.0,0.0,1.0,0.050000000000000044,1.1799064110964537,1.1799064110964537,0.0
double_dqn,814,328,88.45843178033829,83.17818525917829,31.789561457931995,56.6688697040081,1.5763954920694232,18082.157718658447,0.0,26.0,0.0,1.0,0.050000000000000044,1.9332048632204533,1.9332048632204533,0.0
double_dqn,814,329,74.28503230512142,83.267629776299,27.189341694116592,47.0956905066967,1.4498184388503432,15921.380165100098,0.0,22.0,0.0,2.0,0.050000000000000044,1.4789749719202518,1.4789749719202518,0.0
double_dqn,814,330,70.3674617856741,82.31164039611816,26.634320586919785,43.73314082622528,1.411448615603149,14687.380737304688,0.0,21.0,0.0,0.0,0.050000000000000044,1.6857869271188974,1.6857869271188974,0.0
double_dqn,814,331,85.64709327369928,82.25388513594865,29.74530678987503,55.90178681910038,1.5261818710714579,17133.487911224365,0.0,25.0,0.0,0.0,0.050000000000000044,1.4660744071006775,1.4660744071006775,0.0
double_dqn,814,332,89.64366740882397,82.36608043029904,30.04879028350115,59.59487755000591,1.528931642882526,17387.960762023926,0.0,26.0,0.0,2.0,0.050000000000000044,1.0894292499870062,1.0894292499870062,0.0
double_dqn,814,333,66.26528487354517,81.44567479357124,27.42269814759493,38.842586785554886,1.43516181781888,15357.820392608643,0.0,20.0,0.0,0.0,0.050000000000000044,1.5961203295737505,1.5961203295737505,0.0
double_dqn,814,334,91.16113312542439,81.82172263756395,32.72873990237713,58.43239267170429,1.5852809390053153,18698.251232147217,0.0,26.0,0.0,0.0,0.050000000000000044,1.4757000394165516,1.4757000394165516,0.0
double_dqn,814,335,73.17574194967747,81.6322316838056,27.546583607792854,45.62915841639042,1.459203191101551,15863.932987213135,0.0,21.0,0.0,1.0,0.050000000000000044,2.000443249940872,2.000443249940872,0.0
double_dqn,814,336,77.52867549359799,81.26842115521433,28.425618313252926,49.103057366609576,1.4583620009943843,16262.29447555542,0.0,24.0,0.0,3.0,0.050000000000000044,1.498343026265502,1.498343026265502,0.0
double_dqn,814,337,78.81890659183264,80.855799234733,27.782909512519836,51.035997533798216,1.4574054619297385,15674.506576538086,0.0,23.0,0.0,2.0,0.050000000000000044,1.4270867593586445,1.4270867593586445,0.0
double_dqn,814,338,65.17398278713226,79.76025288231672,25.994132719933987,39.17984998524189,1.3893861705437303,14387.895900726318,0.0,21.0,0.0,3.0,0.050000000000000044,1.818733986467123,1.818733986467123,0.0
double_dqn,814,339,79.22965160757303,80.11763677231968,29.410944141447544,49.81870758533478,1.4854095820337534,16623.669921875,0.0,22.0,0.0,0.0,0.050000000000000044,1.642206560820341,1.642206560820341,0.0
double_dqn,814,340,83.41552646458149,80.59560507275165,28.347917139530182,55.06760846078396,1.4834683071821928,16130.691104888916,0.0,27.0,0.0,0.0,0.050000000000000044,1.5517891310155392,1.5517891310155392,0.0
double_dqn,814,341,94.35777426660061,81.11653124623,32.45572313666344,61.9020509660244,1.596386432647705,18400.39542388916,0.0,27.0,0.0,1.0,0.050000000000000044,1.466203747317195,1.466203747317195,0.0
double_dqn,814,342,82.37742638736964,81.2140891609341,30.602626241743565,51.774800503253935,1.5256808763369918,17423.94014930725,0.0,24.0,0.0,1.0,0.050000000000000044,1.657702837139368,1.657702837139368,0.0
double_dqn,814,343,96.73473887145519,81.98885554201902,32.04744292795658,64.68729634582996,1.5733720920979977,17983.637603759766,0.0,29.0,0.0,0.0,0.050000000000000044,1.5210517533123493,1.5210517533123493,0.0
double_dqn,814,344,87.82105030119419,82.38722790412605,30.130688823759556,57.69036144018173,1.5113536696881056,17177.30786895752,0.0,26.0,0.0,1.0,0.050000000000000044,1.3937617000192404,1.3937617000192404,0.0
double_dqn,814,345,79.29781214147806,82.35268679752946,28.134473018348217,51.16333943605423,1.4603548645973206,16020.480152130127,0.0,24.0,0.0,1.0,0.050000000000000044,1.180317111313343,1.180317111313343,0.0
double_dqn,814,346,65.8927642583847,80.90760304406285,26.13129462301731,39.761469829082486,1.3862746050581336,14193.207935333252,0.0,21.0,0.0,2.0,0.050000000000000044,1.4485380798578262,1.4485380798578262,0.0
double_dqn,814,347,78.61065001189709,80.41314028427006,28.033198922872543,50.577450507879256,1.4626247100532055,16017.795764923096,0.0,24.0,0.0,1.0,0.050000000000000044,1.7956450618803501,1.7956450618803501,0.0
double_dqn,814,348,73.46118185073138,79.66327778778972,26.601836062967777,46.85934602618217,1.4368867818266153,15283.623832702637,0.0,24.0,0.0,1.0,0.050000000000000044,1.7078989930450916,1.7078989930450916,0.0
double_dqn,814,349,77.5217884555459,79.82511559531093,28.987455137073994,48.53433358669281,1.505730014294386,16234.138887405396,0.0,22.0,0.0,3.0,0.050000000000000044,1.2076802048832178,1.2076802048832178,0.0
double_dqn,814,350,83.01480010300875,80.45748251117769,29.87606728821993,53.13873293399811,1.5078424336388707,16452.127197265625,0.0,25.0,0.0,2.0,0.050000000000000044,1.3211524859070778,1.3211524859070778,0.0
double_dqn,814,351,92.07327213287354,80.77879145413638,31.62165878713131,60.45161333084106,1.5723998788744211,17909.57479095459,0.0,28.0,0.0,1.0,0.050000000000000044,1.3316140957176685,1.3316140957176685,0.0
double_dqn,814,352,86.38196417838336,80.61570629261436,29.262121565639973,57.1198423743248,1.5237971050664783,17176.41614151001,0.0,27.0,0.0,1.0,0.050000000000000044,1.592210479080677,1.592210479080677,0.0
double_dqn,814,353,93.54200651645661,81.97954237475993,32.74488662183285,60.79712044596672,1.6060675736516714,18566.843856811523,0.0,26.0,0.0,1.0,0.050000000000000044,1.9077610857784748,1.9077610857784748,0.0
double_dqn,814,354,85.95540863275528,81.71925615012647,30.651019409298897,55.30438929796219,1.5121124973520637,17064.555988311768,0.0,27.0,0.0,0.0,0.050000000000000044,1.5497973784804344,1.5497973784804344,0.0
double_dqn,814,355,76.17326512336732,81.86913230881096,28.57543008029461,47.59783508777618,1.4731634594500065,15816.94234085083,0.0,25.0,0.0,1.0,0.050000000000000044,1.5252004954963923,1.5252004954963923,0.0
double_dqn,814,356,92.6133883073926,82.62336794950069,28.250399686396122,64.36298841238022,1.5197583129629493,16707.364442825317,0.0,29.0,0.0,1.0,0.050000000000000044,1.7471097074449062,1.7471097074449062,0.0
double_dqn,814,357,84.00662799179554,82.88275401949883,31.06052988767624,52.9460975676775,1.5538244834169745,17424.468479156494,0.0,25.0,0.0,0.0,0.050000000000000044,1.6570074893534184,1.6570074893534184,0.0
double_dqn,814,358,68.48541719466448,83.04832573987544,26.74390034377575,41.74151664972305,1.4312258334830403,15073.457883834839,0.0,23.0,0.0,1.0,0.050000000000000044,1.3538904152810574,1.3538904152810574,0.0
double_dqn,814,359,82.23602003753186,83.19864416137338,30.3552218452096,51.880797976255415,1.5247815903276205,16963.059810638428,0.0,26.0,0.0,2.0,0.050000000000000044,2.294309139251709,2.294309139251709,0.0
double_dqn,814,360,67.84037251025438,82.41988646365704,25.471451856195927,42.36892022192478,1.3930408665910363,14316.639892578125,0.0,21.0,0.0,1.0,0.050000000000000044,2.0432593002915382,2.0432593002915382,0.0
double_dqn,814,361,83.9863311290741,81.9013143067807,31.07894229888916,52.90738878548145,1.5262748952955008,17363.82509994507,0.0,25.0,0.0,1.0,0.050000000000000044,1.7179435957223177,1.7179435957223177,0.0
double_dqn,814,362,89.02504687011242,82.23369533091784,31.1496429592371,57.87540417909622,1.5451360894367099,17961.080673217773,0.0,25.0,0.0,0.0,0.050000000000000044,1.728636870160699,1.728636870160699,0.0
double_dqn,814,363,90.93467032909393,81.94369190379977,29.956468917429447,60.978201016783714,1.5405468000099063,16995.783393859863,0.0,27.0,0.0,2.0,0.050000000000000044,1.6202646270394325,1.6202646270394325,0.0
double_dqn,814,364,85.13657722622156,81.80946825005114,31.03712024539709,54.0994573533535,1.5156575180590153,17154.49183654785,0.0,25.0,0.0,0.0,0.050000000000000044,2.0544338263571262,2.0544338263571262,0.0
double_dqn,814,365,76.0818325728178,81.64866927161813,28.309361323714256,47.77247144281864,1.4719905508682132,15781.127151489258,0.0,23.0,0.0,3.0,0.050000000000000044,1.5192084051668644,1.5192084051668644,0.0
double_dqn,814,366,74.92389022558928,82.10022556997835,28.06419951468706,46.85969081521034,1.431074352003634,15845.103713989258,0.0,22.0,0.0,1.0,0.050000000000000044,1.4199939761310816,1.4199939761310816,0.0
double_dqn,814,367,78.24315416961909,82.08185077786446,26.923281125724316,51.31987317800522,1.4396970672532916,15375.868175506592,0.0,25.0,0.0,2.0,0.050000000000000044,1.7245942018926144,1.7245942018926144,0.0
double_dqn,814,368,77.34771004766226,82.27617718771101,27.514903903007507,49.832806301116946,1.4584794072434306,15718.607887268066,0.0,25.0,0.0,3.0,0.050000000000000044,1.8204939607530832,1.8204939607530832,0.0
double_dqn,814,369,66.39045961946249,81.71961074590685,27.046667009592056,39.34379281103611,1.426745026372373,14854.966136932373,0.0,20.0,0.0,0.0,0.050000000000000044,1.77056485414505,1.77056485414505,0.0
double_dqn,814,370,82.4350602567196,81.69062375359239,30.631709329783916,51.803350591659544,1.5327077088877559,17235.810096740723,0.0,25.0,0.0,2.0,0.050000000000000044,1.6374175362288952,1.6374175362288952,0.0
double_dqn,814,371,73.93778413534164,80.7838493537158,27.248190835118294,46.68959283828735,1.4554344257339835,15739.739967346191,0.0,22.0,0.0,2.0,0.050000000000000044,1.4900955334305763,1.4900955334305763,0.0
double_dqn,814,372,73.9863640382886,80.16406934671105,28.732440911233425,45.253923231363295,1.4863535854965448,16245.05749130249,0.0,22.0,0.0,1.0,0.050000000000000044,1.284791262820363,1.284791262820363,0.0
double_dqn,814,373,73.54147647619247,79.16404284469785,27.427491769194603,46.11398513913154,1.456438465975225,15548.959125518799,0.0,23.0,0.0,3.0,0.050000000000000044,1.655158806592226,1.655158806592226,0.0
double_dqn,814,374,73.79060654342175,78.55580274023114,28.439403027296066,45.35120417177677,1.4623107081279159,15434.185539245605,0.0,21.0,0.0,1.0,0.050000000000000044,1.1781995352357626,1.1781995352357626,0.0
double_dqn,814,375,72.09548515081406,78.3519137416035,26.3439424559474,45.75154234468937,1.4164119558408856,14876.087142944336,0.0,23.0,0.0,0.0,0.050000000000000044,2.0088668949902058,2.0088668949902058,0.0
double_dqn,814,376,70.63219172507524,77.25285391248762,26.66585374623537,43.96633768081665,1.426672670058906,14715.284439086914,0.0,23.0,0.0,0.0,0.050000000000000044,1.4249444250017405,1.4249444250017405,0.0
double_dqn,814,377,84.34224078804255,77.26963455229998,29.659456983208656,54.68278385698795,1.503351123072207,16594.25799179077,0.0,25.0,0.0,1.0,0.050000000000000044,1.890745222568512,1.890745222568512,0.0
double_dqn,814,378,86.74329334497452,78.18252835981548,29.385704956948757,57.35758823156357,1.5272093648090959,16879.682949066162,0.0,26.0,0.0,0.0,0.050000000000000044,1.3870246857404709,1.3870246857404709,0.0
double_dqn,814,379,76.66040854901075,77.90374778538941,27.08066711574793,49.57974147796631,1.4658676516264677,15430.078910827637,0.0,23.0,0.0,0.0,0.050000000000000044,1.228278735652566,1.228278735652566,0.0
double_dqn,814,380,84.9718564748764,78.76032198362053,31.663438729941845,53.308417558670044,1.5495856581255794,17867.422092437744,0.0,25.0,0.0,1.0,0.050000000000000044,1.5394562482833862,1.5394562482833862,0.0
double_dqn,814,381,82.55507821589708,78.68875933796167,29.813122868537903,52.74195542931557,1.515518001280725,16873.42515563965,0.0,25.0,0.0,0.0,0.050000000000000044,1.683141827583313,1.683141827583313,0.0
double_dqn,814,382,98.24739930778742,79.14987695984543,31.893665857613087,66.3537330031395,1.5837436253204942,18378.318241119385,0.0,29.0,0.0,3.0,0.050000000000000044,1.4991484843194485,1.4991484843194485,0.0
double_dqn,814,383,78.25991784781218,78.51613933578133,30.198914386332035,48.0610037446022,1.464918409474194,16568.063682556152,0.0,23.0,0.0,0.0,0.050000000000000044,1.5266778729856014,1.5266778729856014,0.0
double_dqn,814,384,67.8213324278593,77.65037709586322,26.638600572943687,41.18273164629936,1.4222931880503893,15173.78524017334,0.0,20.0,0.0,3.0,0.050000000000000044,1.5929899383336306,1.5929899383336306,0.0
double_dqn,814,385,71.27761476635933,77.41016620554029,27.027367912232876,44.250247025489806,1.437540264800191,15503.178800582886,0.0,22.0,0.0,1.0,0.050000000000000044,1.8878641780465841,1.8878641780465841,0.0
double_dqn,814,386,67.66620309054852,77.04728184878827,25.695586927235126,41.97061582803726,1.3909758254885674,14130.973424911499,0.0,21.0,0.0,2.0,0.050000000000000044,1.4399114605039358,1.4399114605039358,0.0
double_dqn,814,387,76.89071606844664,76.97965994372964,28.97216085344553,47.91855490207672,1.4763656938448548,16030.731212615967,0.0,24.0,0.0,2.0,0.050000000000000044,1.6519018784165382,1.6519018784165382,0.0
double_dqn,814,388,90.28467636555433,77.62650825962426,30.760337255895138,59.52433955669403,1.5415675332769752,17515.02449989319,0.0,26.0,0.0,1.0,0.050000000000000044,1.814783476293087,1.814783476293087,0.0
double_dqn,814,389,81.85488285422325,78.3997294213623,31.015368908643723,50.83951463103294,1.5436690244823694,17498.895559310913,0.0,24.0,0.0,4.0,0.050000000000000044,1.8192482013255358,1.8192482013255358,0.0
double_dqn,814,390,97.86914139389992,79.1714334782213,34.32300288975239,63.54613902568817,1.6188646433874965,19523.837844848633,0.0,28.0,0.0,2.0,0.050000000000000044,1.5225060041993856,1.5225060041993856,0.0
double_dqn,814,391,76.81273792684078,79.31518116779627,28.86262183636427,47.950116232037544,1.4795321617275476,16443.102088928223,0.0,24.0,0.0,1.0,0.050000000000000044,1.4866814147680998,1.4866814147680998,0.0
double_dqn,814,392,99.91072243452072,80.61139908760786,29.902715779840946,70.00800633430481,1.54559276252985,17293.5711479187,0.0,30.0,0.0,0.0,0.050000000000000044,1.281525168567896,1.281525168567896,0.0
double_dqn,814,393,67.52817360311747,80.31073394395412,26.761539839208126,40.76663376390934,1.4012391064316034,14963.93741607666,0.0,20.0,0.0,1.0,0.050000000000000044,2.0501700285822153,2.0501700285822153,0.0
double_dqn,814,394,92.36643384546042,81.23952530905606,30.816058330237865,61.5503754556179,1.5576543919742107,17861.470443725586,0.0,28.0,0.0,1.0,0.050000000000000044,1.6791436355561018,1.6791436355561018,0.0
double_dqn,814,395,92.28923955708743,82.24921302936973,33.11857482045889,59.17066421508789,1.6402411526069045,19170.68836593628,0.0,28.0,0.0,1.0,0.050000000000000044,1.4893662314862013,1.4893662314862013,0.0
double_dqn,814,396,79.98254071474075,82.716730478853,29.74423409253359,50.23830658495426,1.483838235028088,16196.981037139893,0.0,25.0,0.0,2.0,0.050000000000000044,1.761765543371439,1.761765543371439,0.0
double_dqn,814,397,77.57324575036765,82.37828072696927,28.327923886477947,49.245321655273436,1.4647283982485533,15902.395336151123,0.0,23.0,0.0,1.0,0.050000000000000044,1.5768495257943869,1.5768495257943869,0.0
double_dqn,814,398,75.68754633069038,81.82549337625504,29.653433807194233,46.03411281406879,1.4675702853128314,16233.147817611694,0.0,23.0,0.0,3.0,0.050000000000000044,1.4197296164929867,1.4197296164929867,0.0
double_dqn,814,399,84.02856359630823,82.19390112861991,30.05843312293291,53.970130667090416,1.5140773309394717,17228.393547058105,0.0,26.0,0.0,2.0,0.050000000000000044,1.772579962387681,1.772579962387681,0.0
double_dqn,814,400,84.44911854714155,82.16776423223317,32.924324713647366,51.52479413151741,1.5653940923511982,18642.193088531494,0.0,25.0,0.0,0.0,0.050000000000000044,2.1116914451122284,2.1116914451122284,0.0
double_dqn,814,401,75.49663036465645,81.81484183967115,28.195400066673756,47.30123063325882,1.468311040662229,15982.354778289795,0.0,22.0,0.0,1.0,0.050000000000000044,1.7591386288404465,1.7591386288404465,0.0
double_dqn,814,402,79.95478049814702,80.90021089918912,29.189840711653233,50.76493995785713,1.4976742723956704,16266.380386352539,0.0,23.0,0.0,3.0,0.050000000000000044,1.4812891818583012,1.4812891818583012,0.0
double_dqn,814,403,83.55216298401356,81.1648231559992,31.454897686839104,52.09726574420929,1.5850901119410992,18048.975456237793,0.0,26.0,0.0,2.0,0.050000000000000044,1.5736980475485325,1.5736980475485325,0.0
double_dqn,814,404,103.39644202888012,82.94357863605025,32.65041406452656,70.7460282176733,1.6111148837953806,18519.55936050415,0.0,31.0,0.0,2.0,0.050000000000000044,1.567892950028181,1.567892950028181,0.0
double_dqn,814,405,77.31300368458032,83.24534808196128,28.31270281970501,49.00030054450035,1.4706605430692434,15676.44034576416,0.0,23.0,0.0,4.0,0.050000000000000044,1.5450289510190487,1.5450289510190487,0.0
double_dqn,814,406,74.16496580094099,83.57028621748091,25.90678810328245,48.25817748904228,1.4588632984086871,15362.47805404663,0.0,22.0,0.0,2.0,0.050000000000000044,1.7226397637277842,1.7226397637277842,0.0
double_dqn,814,407,85.14358878135681,83.98292985312641,30.427640214562416,54.71594849228859,1.5220051538199186,16823.94091796875,0.0,25.0,0.0,1.0,0.050000000000000044,1.6093818228691816,1.6093818228691816,0.0
double_dqn,814,408,71.44846024364233,83.0411190470308,27.972258292138577,43.476201474666595,1.4714762661606073,15468.047729492188,0.0,21.0,0.0,1.0,0.050000000000000044,1.4313936531543732,1.4313936531543732,0.0
double_dqn,814,409,69.0351782888174,82.40013381876051,25.080623298883438,43.95455491542816,1.4046771004796028,14629.069095611572,0.0,21.0,0.0,1.0,0.050000000000000044,1.9407690465450287,1.9407690465450287,0.0
double_dqn,814,410,91.36270092576743,82.0748117953539,30.123134069144726,61.239566737413405,1.5339985191822052,17345.604404449463,0.0,29.0,0.0,1.0,0.050000000000000044,1.8526701740920544,1.8526701740920544,0.0
double_dqn,814,411,83.40143170654774,82.40424648433924,29.36346123367548,54.03797055482865,1.4825382642447948,16389.60524749756,0.0,25.0,0.0,3.0,0.050000000000000044,1.4782481510192156,1.4782481510192156,0.0
double_dqn,814,412,94.11182063370943,82.11430139429868,31.736242465674877,62.37557807862758,1.5832285042852163,18197.07489013672,0.0,28.0,0.0,2.0,0.050000000000000044,1.9336511380970478,1.9336511380970478,0.0
double_dqn,814,413,77.2851519599557,82.6021503121406,28.218535222113132,49.06661646962166,1.485395704396069,16267.902713775635,0.0,22.0,0.0,1.0,0.050000000000000044,1.6864586006850004,1.6864586006850004,0.0
double_dqn,814,414,85.35702615976334,82.25167992785573,29.803925924003124,55.553100392222404,1.5091908648610115,16851.03631591797,0.0,25.0,0.0,1.0,0.050000000000000044,1.4780461192131042,1.4780461192131042,0.0
double_dqn,814,415,85.89452863037586,81.93194438152014,29.795775577425957,56.09875363409519,1.5000812588259578,16705.633769989014,0.0,26.0,0.0,3.0,0.050000000000000044,1.3691073581576347,1.3691073581576347,0.0
double_dqn,814,416,86.94049121588469,82.27984190657736,30.781318806111813,56.159172052145,1.5339983124285936,17553.35792160034,0.0,25.0,0.0,1.0,0.050000000000000044,1.345489464700222,1.345489464700222,0.0
double_dqn,814,417,76.1823232024908,82.21029577918351,28.056519001722336,48.125804394483566,1.51489831879735,16341.986019134521,0.0,23.0,0.0,0.0,0.050000000000000044,1.781012948602438,1.781012948602438,0.0
double_dqn,814,418,84.87582998126746,82.66970996171237,29.70718352496624,55.16864671707153,1.515196762047708,16829.14400100708,0.0,25.0,0.0,1.0,0.050000000000000044,1.9252999853342772,1.9252999853342772,0.0
double_dqn,814,419,87.84377046823502,82.86047030530871,29.73991447687149,58.10385594666004,1.4921169122681022,16730.50842857361,0.0,27.0,0.0,1.0,0.050000000000000044,1.8813577573746443,1.8813577573746443,0.0
double_dqn,814,420,88.86289711296558,83.08115923359992,31.667763516306877,57.19513410329819,1.5703838290646672,18176.565006256104,0.0,25.0,0.0,0.0,0.050000000000000044,1.144464885815978,1.144464885815978,0.0
double_dqn,814,421,89.57259628921747,83.78495752982796,30.4256227388978,59.14697375893593,1.5194382555782795,17091.981994628906,0.0,27.0,0.0,1.0,0.050000000000000044,1.6456752754747868,1.6456752754747868,0.0
double_dqn,814,422,78.3443155899644,83.70443428441884,28.293100222945213,50.051215255260466,1.4525477569550276,15692.815921783447,0.0,24.0,0.0,3.0,0.050000000000000044,1.9789519645273685,1.9789519645273685,0.0
double_dqn,814,423,82.79435744136572,83.66654400728643,30.586807884275913,52.207549661397934,1.5198480328544974,17089.28498840332,0.0,25.0,0.0,1.0,0.050000000000000044,1.3995537217706442,1.3995537217706442,0.0
double_dqn,814,424,110.26450476050377,84.00994714386762,34.19346582889557,76.07103934884071,1.627836157567799,19388.525466918945,0.0,32.0,0.0,0.0,0.050000000000000044,1.8618101570755243,1.8618101570755243,0.0
double_dqn,814,425,95.73770897388458,84.93118240833283,31.283049404621124,64.45465992689132,1.543710010126233,17745.659118652344,0.0,28.0,0.0,3.0,0.050000000000000044,1.722519351169467,1.722519351169467,0.0
double_dqn,814,426,92.99012419879436,85.8724403282255,30.32265418767929,62.66746978759765,1.5066360412165523,16600.294456481934,0.0,29.0,0.0,3.0,0.050000000000000044,1.8528286255896091,1.8528286255896091,0.0
double_dqn,814,427,84.51408776044846,85.84096527718008,29.20718388259411,55.306903862953185,1.4946723096072674,16528.621685028076,0.0,25.0,0.0,1.0,0.050000000000000044,1.384202977642417,1.384202977642417,0.0
double_dqn,814,428,87.45328291654587,86.64120641082526,30.322346463799477,57.13093661665916,1.5274324156343937,17074.89308166504,0.0,27.0,0.0,2.0,0.050000000000000044,1.743410723283887,1.743410723283887,0.0
double_dqn,814,429,81.41491280794143,87.26019313678147,31.04634441435337,50.36856814026832,1.544651785865426,17496.154346466064,0.0,25.0,0.0,3.0,0.050000000000000044,1.839398093521595,1.839398093521595,0.0
double_dqn,814,430,77.45635865777732,86.56487602338197,27.789723090827465,49.66663553714752,1.4717892277985811,15940.274360656738,0.0,22.0,0.0,1.0,0.050000000000000044,1.649069182574749,1.649069182574749,0.0
double_dqn,814,431,65.27416627854109,85.65851275198163,26.059835195541382,39.214330822229385,1.4024269664660096,14968.44192123413,0.0,19.0,0.0,0.0,0.050000000000000044,1.6637916304171085,1.6637916304171085,0.0
double_dqn,814,432,78.45844670385122,84.87584405548871,27.776632986962795,50.68181395530701,1.4391938606277108,15544.24789428711,0.0,26.0,0.0,0.0,0.050000000000000044,1.7470468487590551,1.7470468487590551,0.0
double_dqn,814,433,80.31848330944777,85.02751062296332,30.29734045267105,50.02114319205284,1.5336196720600128,17024.12591934204,0.0,23.0,0.0,1.0,0.050000000000000044,1.6950269062072039,1.6950269062072039,0.0
double_dqn,814,434,89.3001720622182,85.22466791808606,30.465412490069866,58.83475966155529,1.510711339302361,16657.683437347412,0.0,27.0,0.0,2.0,0.050000000000000044,1.8031876645982265,1.8031876645982265,0.0
double_dqn,814,435,75.54530108720064,84.7072065409273,26.17829967290163,49.367001444101334,1.435901053249836,14955.552852630615,0.0,24.0,0.0,0.0,0.050000000000000044,1.931225411593914,1.931225411593914,0.0
double_dqn,814,436,105.3356958180666,85.62696677103641,34.2469103038311,71.08878552913666,1.6220518480986357,19419.20043373108,0.0,32.0,0.0,0.0,0.050000000000000044,1.7515723071992397,1.7515723071992397,0.0
double_dqn,814,437,96.18685746192932,86.62719348400832,32.36960415542126,63.81725339591503,1.5423172824084759,17929.30521774292,0.0,29.0,0.0,0.0,0.050000000000000044,1.858034685254097,1.858034685254097,0.0
double_dqn,814,438,63.718259423971176,85.5693149561435,26.16507013887167,37.55318966507912,1.3970003370195627,14385.873710632324,0.0,21.0,0.0,0.0,0.050000000000000044,1.7181957103312016,1.7181957103312016,0.0
double_dqn,814,439,80.80512396991253,85.21738263122737,28.919320672750473,51.88580347597599,1.4849879536777735,16345.739845275879,0.0,26.0,0.0,0.0,0.050000000000000044,1.7699875924736261,1.7699875924736261,0.0
double_dqn,814,440,61.412101440131664,83.84484284758568,25.437025912106037,35.9750756919384,1.3886865265667439,14344.964305877686,0.0,19.0,0.0,1.0,0.050000000000000044,1.705409411340952,1.705409411340952,0.0
double_dqn,814,441,67.58635886907578,82.7455309765786,24.88666133582592,42.69969745874405,1.3861921532079577,14013.149799346924,0.0,21.0,0.0,2.0,0.050000000000000044,1.6341736353933811,1.6341736353933811,0.0
double_dqn,814,442,76.52842253446579,82.65473632380368,27.941349044442177,48.58707298338413,1.4607377219945192,15631.514636993408,0.0,25.0,0.0,1.0,0.050000000000000044,2.1096284333616495,2.1096284333616495,0.0
double_dqn,814,443,85.59095259010792,82.79456608124079,31.358725763857365,54.23222728073597,1.5289412774145603,17111.18214225769,0.0,25.0,0.0,1.0,0.050000000000000044,1.9079883601516485,1.9079883601516485,0.0
double_dqn,814,444,73.67192804217339,80.96493724532426,29.56363857537508,44.108289980888365,1.489225030876696,16782.63707923889,0.0,22.0,0.0,2.0,0.050000000000000044,1.9719351306557655,1.9719351306557655,0.0
double_dqn,814,445,82.79062646925449,80.31758312009275,28.04026783257723,54.750358562171456,1.473848263733089,16329.804904937744,0.0,26.0,0.0,2.0,0.050000000000000044,1.7213218230754137,1.7213218230754137,0.0
double_dqn,814,446,80.42495695650578,79.68932475797833,29.187322199344635,51.23763490617275,1.5023363716900349,16783.014293670654,0.0,24.0,0.0,2.0,0.050000000000000044,1.8200103640556335,1.8200103640556335,0.0
double_dqn,814,447,74.20116848498583,79.1736787942052,27.397658310830593,46.80350951850414,1.435151357203722,15531.729640960693,0.0,24.0,0.0,0.0,0.050000000000000044,1.337307445704937,1.337307445704937,0.0
double_dqn,814,448,81.4050147920847,78.87126538798215,29.398326374590397,52.006688782572745,1.5022506322711706,16825.79563140869,0.0,24.0,0.0,1.0,0.050000000000000044,1.8401743602007627,1.8401743602007627,0.0
double_dqn,814,449,93.01048856973648,79.4510441760719,29.529529429972172,63.4809592962265,1.5088205402716994,16576.434547424316,0.0,29.0,0.0,1.0,0.050000000000000044,2.2609218042343855,2.2609218042343855,0.0
double_dqn,814,450,79.8777172356844,79.57211210496726,29.023352846503258,50.854364761710166,1.48460079357028,16402.1717376709,0.0,25.0,0.0,1.0,0.050000000000000044,1.4633643217384815,1.4633643217384815,0.0
double_dqn,814,451,87.50823816806079,80.68381569944324,30.44505236297846,57.063186237215994,1.5131092369556427,17047.465660095215,0.0,27.0,0.0,1.0,0.050000000000000044,1.8540535047650337,1.8540535047650337,0.0
double_dqn,814,452,84.29098846167327,80.97544278733434,29.565804958343506,54.72518300414085,1.5065998621284962,16825.49454498291,0.0,25.0,0.0,1.0,0.050000000000000044,1.6082496661692858,1.6082496661692858,0.0
double_dqn,814,453,79.37820775061846,80.92842900939289,27.441189967095852,51.93701799213886,1.4694274747744203,15781.299633026123,0.0,24.0,0.0,2.0,0.050000000000000044,1.6531443409621716,1.6531443409621716,0.0
double_dqn,814,454,74.36752218008041,80.18179651528598,27.914813727140427,46.45270824432373,1.4562345640733838,16080.682846069336,0.0,22.0,0.0,0.0,0.050000000000000044,1.5705861877650023,1.5705861877650023,0.0
double_dqn,814,455,82.18628667294979,80.51384579457343,28.040545746684074,54.14574119448662,1.4891821620985866,16135.65170288086,0.0,25.0,0.0,0.0,0.050000000000000044,2.0631069652736187,2.0631069652736187,0.0
double_dqn,814,456,78.80267731845379,79.18719486959279,29.463516518473625,49.33916063606739,1.4969927351921797,16232.78610610962,0.0,24.0,0.0,2.0,0.050000000000000044,2.08417846634984,2.08417846634984,0.0
double_dqn,814,457,82.24456665813923,78.4900803294033,30.320424303412437,51.92414214611053,1.5212235683575273,16849.37570953369,0.0,24.0,0.0,3.0,0.050000000000000044,1.6974207647144794,1.6974207647144794,0.0
double_dqn,814,458,98.18062234967947,80.2131984756887,34.13245529681444,64.04816696345806,1.61433791462332,18984.84758758545,0.0,28.0,0.0,2.0,0.050000000000000044,1.4334499165415764,1.4334499165415764,0.0
double_dqn,814,459,67.3604266345501,79.54096360892058,26.27461963891983,41.08580684661865,1.3938961159437895,14769.566398620605,0.0,20.0,0.0,0.0,0.050000000000000044,1.717811619862914,1.717811619862914,0.0
double_dqn,814,460,75.48769539743662,80.24474330678582,28.782281421124935,46.70541391670704,1.5002795672044158,16829.796489715576,0.0,21.0,0.0,1.0,0.050000000000000044,1.5346711799502373,1.5346711799502373,0.0
double_dqn,814,461,78.77824784964324,80.8043377558142,28.775253623723984,50.00299453139305,1.472598684951663,15858.525022506714,0.0,24.0,0.0,1.0,0.050000000000000044,1.726569950580597,1.726569950580597,0.0
double_dqn,814,462,69.19233567416669,80.43753341279925,26.76981460303068,42.42252107858658,1.4038768028840423,14945.732437133789,0.0,21.0,0.0,1.0,0.050000000000000044,1.9862521849572659,1.9862521849572659,0.0
double_dqn,814,463,75.11784199923277,79.9138778832555,27.03336963802576,48.08447218239307,1.430294237099588,15223.248924255371,0.0,22.0,0.0,2.0,0.050000000000000044,1.817204274237156,1.817204274237156,0.0
double_dqn,814,464,86.04849479347467,80.53270622082056,28.987061768770218,57.06143322587013,1.4908806774765253,16666.225299835205,0.0,25.0,0.0,3.0,0.050000000000000044,1.7671768311411142,1.7671768311411142,0.0
double_dqn,814,465,87.0146236807108,80.74390608139336,30.38137312233448,56.63325055837631,1.539163620211184,17058.499404907227,0.0,25.0,0.0,2.0,0.050000000000000044,1.8761101961135864,1.8761101961135864,0.0
double_dqn,814,466,81.04515039920807,80.77491575352848,28.541406735777855,52.50374320149422,1.4733135839924216,15896.795505523682,0.0,24.0,0.0,0.0,0.050000000000000044,1.5316324327141047,1.5316324327141047,0.0
double_dqn,814,467,78.583063416183,80.99401050008835,30.735092610120773,47.84797082841396,1.5280968304723501,17668.474279403687,0.0,22.0,0.0,0.0,0.050000000000000044,1.5518944561481476,1.5518944561481476,0.0
double_dqn,814,468,89.28069597631693,81.38779455929996,31.052014358341694,58.2286811709404,1.5373897487297654,17256.253730773926,0.0,26.0,0.0,1.0,0.050000000000000044,1.6421987395733595,1.6421987395733595,0.0
double_dqn,814,469,77.07617857456208,80.59107905954124,27.254443809390068,49.8217346906662,1.4718122938647866,16071.261840820312,0.0,22.0,0.0,1.0,0.050000000000000044,1.7572837471961975,1.7572837471961975,0.0
double_dqn,814,470,74.79105270653963,80.336745833084,26.855570539832115,47.93548168241978,1.434157901443541,15323.591396331787,0.0,23.0,0.0,0.0,0.050000000000000044,1.8922218941152096,1.8922218941152096,0.0
double_dqn,814,471,82.62604402899743,80.09263612613083,29.0830220580101,53.54302197098732,1.5031866254284978,16375.016521453857,0.0,24.0,0.0,2.0,0.050000000000000044,1.8058404065668583,1.8058404065668583,0.0
double_dqn,814,472,82.56778148710728,80.00647577740253,28.537636429071426,54.03014440238476,1.4829073334112763,16233.695165634155,0.0,27.0,0.0,2.0,0.050000000000000044,1.5232562739402056,1.5232562739402056,0.0
double_dqn,814,473,82.77409233152866,80.17627000644805,30.239541694521904,52.53455005586147,1.5101028652861714,16784.018768310547,0.0,24.0,0.0,0.0,0.050000000000000044,1.5363133922219276,1.5363133922219276,0.0
double_dqn,814,474,82.26601050943137,80.5711944229156,31.323300175368786,50.94271006584167,1.5165354711934924,17445.07716369629,0.0,24.0,0.0,2.0,0.050000000000000044,1.9553449172526598,1.9553449172526598,0.0
double_dqn,814,475,76.71841303408146,80.29780074097218,27.357334785163403,49.361078241467474,1.472324687987566,15922.30502319336,0.0,23.0,0.0,1.0,0.050000000000000044,1.5116745848208666,1.5116745848208666,0.0
double_dqn,814,476,94.85769710838795,81.1005517304689,30.73304446041584,64.12465243935586,1.52710868883878,17257.20766067505,0.0,29.0,0.0,3.0,0.050000000000000044,2.084257163107395,2.084257163107395,0.0
double_dqn,814,477,89.01898514628411,81.43927265487613,31.058931708335876,57.960053437948226,1.5338615225628018,17572.333435058594,0.0,25.0,0.0,2.0,0.050000000000000044,1.730213399976492,1.730213399976492,0.0
double_dqn,814,478,83.87960054725409,80.72422156475486,30.09079499542713,53.788804829120636,1.5182058783248067,16794.328121185303,0.0,24.0,0.0,1.0,0.050000000000000044,1.424535196274519,1.424535196274519,0.0
double_dqn,814,479,67.95467269569636,80.75393386781218,26.307233341038227,41.64743966758251,1.4219309743493795,14971.73645401001,0.0,20.0,0.0,1.0,0.050000000000000044,1.3426550906151533,1.3426550906151533,0.0
double_dqn,814,480,67.1604272723198,80.33757046155634,26.611925393342972,40.54850225150585,1.4010134963318706,14803.950019836426,0.0,21.0,0.0,0.0,0.050000000000000044,1.428844464942813,1.428844464942813,0.0
double_dqn,814,481,75.39032983034849,80.1681745605916,27.500571072101593,47.88975851237774,1.4571378407999873,15442.999095916748,0.0,22.0,0.0,1.0,0.050000000000000044,1.847547896206379,1.847547896206379,0.0
double_dqn,814,482,72.6097701638937,80.33904628507794,27.304115317761898,45.30565559864044,1.4452752824872732,15147.674980163574,0.0,22.0,0.0,0.0,0.050000000000000044,1.245807584375143,1.245807584375143,0.0
double_dqn,814,483,79.98537395894527,80.58242288306356,28.250409692525864,51.73496347665787,1.4960726192221045,16420.600063323975,0.0,24.0,0.0,0.0,0.050000000000000044,1.7833232022821903,1.7833232022821903,0.0
double_dqn,814,484,74.78815863281488,80.01940607503056,26.043385915458202,48.7447726726532,1.397501110099256,15047.892532348633,0.0,24.0,0.0,0.0,0.050000000000000044,1.7951245307922363,1.7951245307922363,0.0
double_dqn,814,485,80.87593527883291,79.71247165493668,28.41890988498926,52.45702590048313,1.4691648799926043,15844.389636993408,0.0,25.0,0.0,1.0,0.050000000000000044,1.7267644498497248,1.7267644498497248,0.0
double_dqn,814,486,53.949576990306376,78.35769298449159,23.781764425337315,30.167812445759772,1.3375450922176242,13056.377788543701,0.0,18.0,0.0,2.0,0.050000000000000044,1.7016400694847107,1.7016400694847107,0.0
double_dqn,814,487,81.30431723296643,78.49375567533077,27.932916566729546,53.3714004278183,1.4373027300462127,15470.469398498535,0.0,23.0,0.0,3.0,0.050000000000000044,1.610270693898201,1.610270693898201,0.0
double_dqn,814,488,90.61628525853158,78.5605351394415,31.34262378513813,59.27366165220737,1.5472746510058641,17459.7400970459,0.0,27.0,0.0,1.0,0.050000000000000044,1.6309221126139164,1.6309221126139164,0.0
double_dqn,814,489,54.58467351645231,77.43595988653603,23.532750762999058,31.051923245191574,1.3362751826643944,12893.075763702393,0.0,18.0,0.0,0.0,0.050000000000000044,1.735773978754878,1.735773978754878,0.0
double_dqn,814,490,81.07447676360607,77.75013108938933,28.148089922964573,52.926386311650276,1.4631485501304269,16362.63927078247,0.0,24.0,0.0,0.0,0.050000000000000044,1.9241992644965649,1.9241992644965649,0.0
double_dqn,814,491,91.38732786476612,78.18819528117777,30.634378343820572,60.752949714660645,1.531712836585939,17444.19052886963,0.0,26.0,0.0,0.0,0.050000000000000044,1.9640536587685347,1.9640536587685347,0.0
double_dqn,814,492,69.4829061627388,77.53395151495934,27.142253279685974,42.340652883052826,1.4596764482557774,15622.645370483398,0.0,21.0,0.0,1.0,0.050000000000000044,2.0357874277979136,2.0357874277979136,0.0
double_dqn,814,493,81.27896376699209,77.4591950867325,27.251580514013767,54.027382895350456,1.4524667533114552,15410.84375,0.0,26.0,0.0,1.0,0.050000000000000044,1.22685107588768,1.22685107588768,0.0
double_dqn,814,494,85.5904661566019,77.62541786909102,30.628238275647163,54.962228029966354,1.5431309835985303,17868.024974822998,0.0,25.0,0.0,0.0,0.050000000000000044,1.512121044099331,1.512121044099331,0.0
double_dqn,814,495,83.80505798757076,77.97975011676549,29.681631848216057,54.12342643737793,1.5058905771002173,16366.272491455078,0.0,25.0,0.0,0.0,0.050000000000000044,1.896721864119172,1.896721864119172,0.0
double_dqn,814,496,89.52650973945856,77.71319074831902,31.83997432142496,57.68653491139412,1.5753992022946477,17968.480363845825,0.0,26.0,0.0,1.0,0.050000000000000044,1.97534572891891,1.97534572891891,0.0
double_dqn,814,497,88.74537713229657,77.69951034761966,30.766757786273956,57.978619465231894,1.5173258436843753,17086.78865814209,0.0,26.0,0.0,1.0,0.050000000000000044,2.098220705986023,2.098220705986023,0.0
double_dqn,814,498,83.80715157091618,77.69588789880277,28.894599549472332,54.91255123913288,1.5192990293726325,16712.64687728882,0.0,26.0,0.0,0.0,0.050000000000000044,1.7343234717845917,1.7343234717845917,0.0
double_dqn,814,499,97.65327274203301,79.1808179011196,32.27895390242338,65.37431859374047,1.582445633597672,18138.142951965332,0.0,29.0,0.0,1.0,0.050000000000000044,2.18352534994483,2.18352534994483,0.0
double_dqn,814,500,78.15834093391895,79.73071358419955,29.371616289019585,48.78672422766685,1.4830328496173024,16678.414783477783,0.0,22.0,0.0,2.0,0.050000000000000044,1.3902178592979908,1.3902178592979908,0.0
double_dqn,814,501,87.45421778410673,80.33390798188746,30.88037195801735,56.57384541630745,1.532351684756577,17215.711156845093,0.0,26.0,0.0,0.0,0.050000000000000044,1.3959966450929642,1.3959966450929642,0.0
double_dqn,814,502,86.5194109916687,81.02939002327622,30.005849353969097,56.51356195807457,1.4977363664656878,16624.06411743164,0.0,27.0,0.0,1.0,0.050000000000000044,1.71845493465662,1.71845493465662,0.0
double_dqn,814,503,85.70342121571302,81.3152923861146,30.76074504107237,54.9426763087511,1.5286707412451506,17287.406414031982,0.0,25.0,0.0,3.0,0.050000000000000044,1.797801811248064,1.797801811248064,0.0
double_dqn,814,504,84.03798380494118,81.77778364472091,29.735190957784653,54.30279318988323,1.513580633327365,16876.243480682373,0.0,25.0,0.0,0.0,0.050000000000000044,1.406919315457344,1.406919315457344,0.0
double_dqn,814,505,89.22445275634527,82.19520951859654,30.33760368824005,58.886849254369736,1.5487807476893067,17319.058032989502,0.0,27.0,0.0,0.0,0.050000000000000044,1.3225718885660172,1.3225718885660172,0.0
double_dqn,814,506,96.56131222844124,84.32579628050327,32.467558428645134,64.09375354647636,1.5871991654857993,18467.411113739014,0.0,29.0,0.0,0.0,0.050000000000000044,1.5888328086584806,1.5888328086584806,0.0
double_dqn,814,507,75.03437416255474,84.0122991269827,28.58415839076042,46.45021529495716,1.4825274236500263,16505.692985534668,0.0,21.0,0.0,0.0,0.050000000000000044,1.6461073830723763,1.6461073830723763,0.0
double_dqn,814,508,81.62090378403664,83.56253005325796,29.547449961304665,52.073454388976096,1.4902090104296803,16914.309616088867,0.0,25.0,0.0,1.0,0.050000000000000044,1.8454486206173897,1.8454486206173897,0.0
double_dqn,814,509,103.90781688690186,86.02868722178043,38.38495211303234,65.52286529541016,1.6833095625042915,21357.56442642212,0.0,28.0,0.0,1.0,0.050000000000000044,1.7499587871134281,1.7499587871134281,0.0
double_dqn,814,510,77.13585652410984,85.83175620980562,27.34866450726986,49.78719215095043,1.4687183443456888,15507.103343963623,0.0,24.0,0.0,3.0,0.050000000000000044,1.602501604706049,1.602501604706049,0.0
double_dqn,814,511,92.85458590984345,85.90511911205948,31.664453640580177,61.1901319116354,1.55650364048779,17998.55302810669,0.0,28.0,0.0,1.0,0.050000000000000044,1.7877337746322155,1.7877337746322155,0.0
double_dqn,814,512,74.53101343661547,86.15752447575332,29.132414437830448,45.39859840273857,1.4730899557471275,15884.20993423462,0.0,24.0,0.0,0.0,0.050000000000000044,1.3118800837546587,1.3118800837546587,0.0
double_dqn,814,513,79.5724486336112,86.07219871908426,28.59246339648962,50.97998504340649,1.4870499884709716,16371.549728393555,0.0,23.0,0.0,0.0,0.050000000000000044,1.9052132945507765,1.9052132945507765,0.0
double_dqn,814,514,91.86895249038935,86.38612303577364,31.709824539721012,60.15912753343582,1.5931927738711238,18331.329776763916,0.0,27.0,0.0,1.0,0.050000000000000044,1.6369339507073164,1.6369339507073164,0.0
double_dqn,814,515,49.73857130259275,84.68279870152473,23.311637468636036,26.426933461427687,1.330425444059074,13160.71422958374,0.0,14.0,0.0,1.0,0.050000000000000044,2.0583594515919685,2.0583594515919685,0.0
double_dqn,814,516,69.47239572554827,83.68009300082922,28.564803078770638,40.907592087984085,1.444216967560351,15718.789070129395,0.0,21.0,0.0,1.0,0.050000000000000044,2.0731348861008883,2.0731348861008883,0.0
double_dqn,814,517,93.47247365862131,83.91644782714545,31.880838848650455,61.591634690761566,1.5645466325804591,18031.936756134033,0.0,26.0,0.0,0.0,0.050000000000000044,1.8243619166314602,1.8243619166314602,0.0
double_dqn,814,518,62.60755460858345,82.85646797902884,26.314648270606995,36.29290654659271,1.4356148531660438,14843.421346664429,0.0,20.0,0.0,2.0,0.050000000000000044,1.7694555334746838,1.7694555334746838,0.0
double_dqn,814,519,89.80966174751521,82.46428742930293,32.872905530035496,56.93675638139248,1.568642819300294,18565.6011428833,0.0,25.0,0.0,2.0,0.050000000000000044,1.5409019626677036,1.5409019626677036,0.0
double_dqn,814,520,79.1872028708458,82.51573052614927,29.190067775547504,49.99713496863842,1.4862705348059535,15981.089309692383,0.0,24.0,0.0,1.0,0.050000000000000044,1.8046827986836433,1.8046827986836433,0.0
double_dqn,814,521,83.80364908277988,82.33320209108294,29.657150074839592,54.14649938046932,1.5458123721182346,17456.894554138184,0.0,25.0,0.0,1.0,0.050000000000000044,1.6941520646214485,1.6941520646214485,0.0
double_dqn,814,522,87.30212706327438,82.37233789466322,29.321820057928562,57.98030687868595,1.483591478317976,16888.350872039795,0.0,27.0,0.0,0.0,0.050000000000000044,2.0345532819628716,2.0345532819628716,0.0
double_dqn,814,523,66.90127050280572,81.43223035901785,25.48462288081646,41.41664762198925,1.4000558452680707,14207.900970458984,0.0,21.0,0.0,1.0,0.050000000000000044,1.9773193001747131,1.9773193001747131,0.0
double_dqn,814,524,96.41323262453079,82.05099279999733,31.229514472186565,65.18371795117855,1.5411981139332056,17586.958332061768,0.0,30.0,0.0,0.0,0.050000000000000044,1.8534618280828,1.8534618280828,0.0
double_dqn,814,525,68.13241878896952,80.99639110162855,27.44905861467123,40.68336069583893,1.4321437990292907,15299.701704025269,0.0,21.0,0.0,2.0,0.050000000000000044,1.6523574087768793,1.6523574087768793,0.0
double_dqn,814,526,86.01111776530743,80.46888137847186,29.300585441291332,56.710532361268996,1.4860554486513138,16104.838939666748,0.0,26.0,0.0,1.0,0.050000000000000044,1.639538025483489,1.639538025483489,0.0
double_dqn,814,527,76.23309619873763,80.528817480281,26.964384086430073,49.268712201714514,1.4494843501597643,15417.938209533691,0.0,23.0,0.0,1.0,0.050000000000000044,1.648574996739626,1.648574996739626,0.0
double_dqn,814,528,73.89939711987972,80.14274214707316,28.15459917485714,45.74479813873768,1.4808566784486175,16151.385292053223,0.0,22.0,0.0,2.0,0.050000000000000044,1.8086251523345709,1.8086251523345709,0.0
double_dqn,814,529,82.63641770333052,79.0791721878946,29.57524337619543,53.06117429733276,1.493263597600162,16256.727764129639,0.0,23.0,0.0,2.0,0.050000000000000044,1.9718814864754677,1.9718814864754677,0.0
double_dqn,814,530,93.84385003298522,79.91457186333837,30.937285780906677,62.90656406581402,1.539883234538138,17115.3532371521,0.0,29.0,0.0,1.0,0.050000000000000044,1.8685996942222118,1.8685996942222118,0.0
double_dqn,814,531,61.83952523320913,78.36381882950664,23.69128069281578,38.14824478626251,1.367487857118249,13775.986358642578,0.0,18.0,0.0,2.0,0.050000000000000044,1.702353697270155,1.702353697270155,0.0
double_dqn,814,532,78.42276262640954,78.55840628899635,27.35308228433132,51.06968014836311,1.4903308069333434,16148.9857711792,0.0,24.0,0.0,1.0,0.050000000000000044,1.752169918268919,1.752169918268919,0.0
double_dqn,814,533,77.9196785569191,78.47576778516174,27.994629696011543,49.925049158930776,1.5188962304964662,16329.912273406982,0.0,22.0,0.0,3.0,0.050000000000000044,2.137403130531311,2.137403130531311,0.0
double_dqn,814,534,99.73340207338333,78.86899026431144,34.175037264823914,65.55836428701878,1.6149814007803798,19652.34828186035,0.0,30.0,0.0,0.0,0.050000000000000044,1.41239302046597,1.41239302046597,0.0
double_dqn,814,535,74.39498974084854,80.10181118622423,27.398093953728676,46.99689572751522,1.449736231006682,15204.843570709229,0.0,22.0,0.0,3.0,0.050000000000000044,1.717101812362671,1.717101812362671,0.0
double_dqn,814,536,77.90342202782631,80.52336250133813,27.781968593597412,50.12145385146141,1.4915913548320532,15939.30969619751,0.0,25.0,0.0,0.0,0.050000000000000044,1.5690589342266321,1.5690589342266321,0.0
double_dqn,814,537,91.68110869079828,80.43379425294698,30.2584805265069,61.42262835800648,1.530144639313221,17218.58712387085,0.0,26.0,0.0,1.0,0.050000000000000044,1.7941723261028528,1.7941723261028528,0.0
double_dqn,814,538,76.59613775908947,81.13322341047228,29.274147681891918,47.321989950537684,1.4629109129309654,16296.90530014038,0.0,23.0,0.0,4.0,0.050000000000000044,1.9355622995644808,1.9355622995644808,0.0
double_dqn,814,539,74.67640694379807,80.37656067028642,29.514340847730637,45.16206590235233,1.483270867727697,16321.251903533936,0.0,22.0,0.0,2.0,0.050000000000000044,1.7021973486989737,1.7021973486989737,0.0
double_dqn,814,540,86.86034288406373,80.76021767094734,30.768811784684658,56.091530779004096,1.554560893215239,17831.649715423584,0.0,26.0,0.0,1.0,0.050000000000000044,1.5778725929558277,1.5778725929558277,0.0
double_dqn,814,541,64.73621629923582,79.80684603177012,25.364550232887268,39.371666222810745,1.3718341086059809,14456.196243286133,0.0,20.0,0.0,0.0,0.050000000000000044,1.6265173871070147,1.6265173871070147,0.0
double_dqn,814,542,59.25938427448273,78.40470889233055,23.869952529668808,35.3894317150116,1.356399754062295,13691.326707839966,0.0,19.0,0.0,0.0,0.050000000000000044,1.7573799192905426,1.7573799192905426,0.0
double_dqn,814,543,87.86543490886689,79.4529171126336,31.66157604753971,56.203858682513236,1.55491450894624,18144.454078674316,0.0,27.0,0.0,3.0,0.050000000000000044,1.6800771988928318,1.6800771988928318,0.0
double_dqn,814,544,100.47287670820951,79.65589931681754,31.70989602804184,68.762980940938,1.5532869221642613,17642.448795318604,0.0,30.0,0.0,3.0,0.050000000000000044,1.463246937841177,1.463246937841177,0.0
double_dqn,814,545,71.1584944665432,79.80720310069623,28.32950484007597,42.82898938059807,1.4479177603498101,15331.251489639282,0.0,20.0,0.0,1.0,0.050000000000000044,1.9926160015165806,1.9926160015165806,0.0
double_dqn,814,546,82.67150165885687,79.64022229537369,29.594454787671566,53.07704696059227,1.5228515826165676,16772.662956237793,0.0,25.0,0.0,0.0,0.050000000000000044,1.8164788894355297,1.8164788894355297,0.0
double_dqn,814,547,96.58548874557019,80.65784192271532,33.336717903614044,63.24877026081085,1.6221171347424388,18859.88719177246,0.0,28.0,0.0,3.0,0.050000000000000044,1.370563954114914,1.370563954114914,0.0
double_dqn,814,548,76.85124755650759,80.8054344445467,28.294920906424522,48.556327536702156,1.4672910245135427,16022.147804260254,0.0,24.0,0.0,1.0,0.050000000000000044,1.8314855359494686,1.8314855359494686,0.0
double_dqn,814,549,78.88380185514688,80.61780365213754,28.66473761945963,50.219064712524414,1.4966552387923002,16458.235076904297,0.0,23.0,0.0,0.0,0.050000000000000044,2.259123904630542,2.259123904630542,0.0
double_dqn,814,550,91.86126780509949,80.51867454074323,30.741102047264576,61.12016582489014,1.5310514122247696,17479.726959228516,0.0,28.0,0.0,1.0,0.050000000000000044,1.6269467920064926,1.6269467920064926,0.0
double_dqn,814,551,62.87856768965721,80.57062666356565,25.45097790658474,37.427589857578276,1.3793584648519754,13840.2292137146,0.0,20.0,0.0,2.0,0.050000000000000044,1.6963973063975573,1.6963973063975573,0.0
double_dqn,814,552,76.09027125686407,80.45400209508837,29.59064695239067,46.4996243417263,1.5093335332348943,16733.75101852417,0.0,21.0,0.0,1.0,0.050000000000000044,1.8328687399625778,1.8328687399625778,0.0
double_dqn,814,553,77.86736616492271,80.45138647548855,27.617798775434494,50.249567806720734,1.457097414880991,15852.316801071167,0.0,25.0,0.0,0.0,0.050000000000000044,1.652044367045164,1.652044367045164,0.0
double_dqn,814,554,85.52001215517521,79.74071697957814,29.79505916684866,55.72495299577713,1.4964010212570429,16525.60022354126,0.0,26.0,0.0,0.0,0.050000000000000044,2.151375249028206,2.151375249028206,0.0
double_dqn,814,555,98.11349918097258,80.92664245158434,34.021602876484394,64.0918964534998,1.6008287034928799,19064.6471118927,0.0,29.0,0.0,1.0,0.050000000000000044,2.444675177335739,2.444675177335739,0.0
double_dqn,814,556,100.5434091553092,82.0586418079585,32.587192602455616,67.95621615052224,1.5687591694295406,18012.932662963867,0.0,29.0,0.0,4.0,0.050000000000000044,1.6233632899820805,1.6233632899820805,0.0
double_dqn,814,557,88.42396092712879,81.89578441977503,30.47050353139639,57.95345793962478,1.5220397198572755,17148.96446609497,0.0,26.0,0.0,2.0,0.050000000000000044,1.6427874602377415,1.6427874602377415,0.0
double_dqn,814,558,69.64043516814709,81.5479992902279,26.47790390998125,43.162531369924544,1.4099111538380384,15091.662574768066,0.0,21.0,0.0,1.0,0.050000000000000044,1.3061451688408852,1.3061451688408852,0.0
double_dqn,814,559,74.71541238576174,81.54994956232608,27.648313611745834,47.06709912419319,1.4232323886826634,15399.345977783203,0.0,23.0,0.0,0.0,0.050000000000000044,2.162450198084116,2.162450198084116,0.0
double_dqn,814,560,92.00776752382517,81.80732079431415,32.05994863063097,59.947819131612775,1.5729990284889936,18073.78219985962,0.0,26.0,0.0,3.0,0.050000000000000044,1.8539536073803902,1.8539536073803902,0.0
double_dqn,814,561,80.13746893405914,82.57738342605532,28.745328962802887,51.39214064180851,1.4992651976644993,16647.317836761475,0.0,23.0,0.0,1.0,0.050000000000000044,1.4736307840794325,1.4736307840794325,0.0
double_dqn,814,562,75.5172988474369,83.39027915470302,28.242368668317795,47.27492977678776,1.4637075765058398,16399.88426399231,0.0,23.0,0.0,0.0,0.050000000000000044,1.3238142058253288,1.3238142058253288,0.0
double_dqn,814,563,77.86103293448687,82.89005905598403,27.678614042699337,50.18241853415966,1.4626397099345922,15375.672863006592,0.0,25.0,0.0,1.0,0.050000000000000044,1.8348549231886864,1.8348549231886864,0.0
double_dqn,814,564,75.56169568896294,81.6445000050217,30.41125686466694,45.15043921172619,1.4970705760642886,17152.727519989014,0.0,21.0,0.0,1.0,0.050000000000000044,1.8735501784831285,1.8735501784831285,0.0
double_dqn,814,565,65.91136473566294,81.38214351847769,27.199155621230602,38.71220957636833,1.4416162157431245,15496.653369903564,0.0,20.0,0.0,3.0,0.050000000000000044,1.438248610123992,1.438248610123992,0.0
double_dqn,814,566,78.78814040124416,81.18797545559707,28.306468062102795,50.48167234659195,1.440136737190187,15920.74409866333,0.0,23.0,0.0,2.0,0.050000000000000044,1.692421168088913,1.692421168088913,0.0
double_dqn,814,567,81.71029917597771,80.44421597711742,28.13087423145771,53.57942470610142,1.4681825283914804,15752.81430053711,0.0,25.0,0.0,3.0,0.050000000000000044,1.452740553766489,1.452740553766489,0.0
double_dqn,814,568,75.46054959446192,80.37468107901515,28.197116762399673,47.26343266069889,1.4385573407635093,15688.595302581787,0.0,23.0,0.0,2.0,0.050000000000000044,2.0741768032312393,2.0741768032312393,0.0
double_dqn,814,569,57.025834165513515,79.28178269453348,26.105612836778164,30.92022141814232,1.4434398170560598,15289.894159317017,0.0,18.0,0.0,0.0,0.050000000000000044,1.9351105466485023,1.9351105466485023,0.0
double_dqn,814,570,72.84392057359219,78.33091533295811,26.896474681794643,45.9474458694458,1.4361812081187963,14789.0501537323,0.0,23.0,0.0,1.0,0.050000000000000044,1.6700720265507698,1.6700720265507698,0.0
double_dqn,814,571,90.18482762128114,79.69622832953931,32.01974043995142,58.16508701741695,1.5758131695911288,18094.997749328613,0.0,26.0,0.0,2.0,0.050000000000000044,1.7085229028016329,1.7085229028016329,0.0
double_dqn,814,572,72.43632716685534,79.51353112503885,27.58568536490202,44.8506418466568,1.4771720273420215,16041.026718139648,0.0,22.0,0.0,2.0,0.050000000000000044,1.861771583557129,1.861771583557129,0.0
double_dqn,814,573,68.05875404924154,79.0231005192548,26.95919831842184,41.099555388092995,1.4085276778787374,14909.988262176514,0.0,21.0,0.0,0.0,0.050000000000000044,1.6438077539205551,1.6438077539205551,0.0
double_dqn,814,574,86.04279187321663,79.04923950515686,31.37524564564228,54.667546451091766,1.534212190657854,17486.496055603027,0.0,24.0,0.0,1.0,0.050000000000000044,2.085602665320039,2.085602665320039,0.0
double_dqn,814,575,70.551942114532,77.67116165183485,26.76967155188322,43.78227038383484,1.4218546887859702,14991.271324157715,0.0,21.0,0.0,3.0,0.050000000000000044,1.8635322730988264,1.8635322730988264,0.0
double_dqn,814,576,85.0596560165286,76.89697399489582,30.649086855351925,54.41056962311268,1.5421008141711354,17358.81320953369,0.0,26.0,0.0,0.0,0.050000000000000044,2.3865621462464333,2.3865621462464333,0.0
double_dqn,814,577,93.70728261768818,77.16114007942379,31.486508153378963,62.2207750082016,1.5497546531260014,17644.158924102783,0.0,29.0,0.0,1.0,0.050000000000000044,1.7077374532818794,1.7077374532818794,0.0
double_dqn,814,578,95.7474444359541,78.46649054281414,33.783230289816856,61.96421441435814,1.5984698459506035,18868.891136169434,0.0,27.0,0.0,0.0,0.050000000000000044,1.5458066370338202,1.5458066370338202,0.0
double_dqn,814,579,84.453108304739,78.953375338763,29.827322974801064,54.62578516602516,1.512723196297884,17107.108367919922,0.0,24.0,0.0,2.0,0.050000000000000044,1.7453778572380543,1.7453778572380543,0.0
double_dqn,814,580,75.6059570044279,78.13328481279315,28.4914448261261,47.114511746168134,1.4718184676021338,15961.951858520508,0.0,22.0,0.0,2.0,0.050000000000000044,1.5052956975996494,1.5052956975996494,0.0
double_dqn,814,581,82.91422760486603,78.27212274633348,30.80726271867752,52.10696537792683,1.5089509896934032,17564.82972717285,0.0,24.0,0.0,1.0,0.050000000000000044,2.2229501977562904,2.2229501977562904,0.0
double_dqn,814,582,89.20682810246944,78.95659920908511,33.04696133732796,56.15986651182175,1.5738181006163359,18315.425399780273,0.0,26.0,0.0,0.0,0.050000000000000044,1.7330726757645607,1.7330726757645607,0.0
double_dqn,814,583,86.04231661707163,79.36566339321435,31.173364862799644,54.86895175427198,1.5541684161871672,17931.24094390869,0.0,25.0,0.0,2.0,0.050000000000000044,2.0110641941428185,2.0110641941428185,0.0
double_dqn,814,584,92.9994301199913,80.23755011476577,33.79082414507866,59.208605453372,1.6142774680629373,18869.434104919434,0.0,27.0,0.0,0.0,0.050000000000000044,2.0492065083235502,2.0492065083235502,0.0
double_dqn,814,585,89.84869851469993,81.43441680371761,30.53782819956541,59.31087056100368,1.5254665445536375,17138.40691947937,0.0,26.0,0.0,3.0,0.050000000000000044,1.9144410286098719,1.9144410286098719,0.0
double_dqn,814,586,83.12105445712805,81.6510625065118,28.566087409853935,54.55496704727411,1.4921914273872972,16282.707660675049,0.0,25.0,0.0,1.0,0.050000000000000044,1.8369137961417437,1.8369137961417437,0.0
double_dqn,814,587,100.58950108438731,82.5950226019323,34.792628064751625,65.79687336981297,1.6062623541802168,19353.220403671265,0.0,30.0,0.0,1.0,0.050000000000000044,1.9524064231663942,1.9524064231663942,0.0
double_dqn,814,588,65.25221038609743,82.08460564151406,25.65595006197691,39.59626019001007,1.4049775712192059,14300.607887268066,0.0,20.0,0.0,1.0,0.050000000000000044,1.7343274261802435,1.7343274261802435,0.0
double_dqn,814,589,96.46774259209633,84.05670106284322,33.8748130351305,62.59293016791344,1.5848037032410502,19098.811553955078,0.0,29.0,0.0,0.0,0.050000000000000044,1.8519322760403156,1.8519322760403156,0.0
double_dqn,814,590,89.85484610646964,84.9072473394871,32.107384987175465,57.7474605679512,1.575327007099986,18143.24114227295,0.0,26.0,0.0,1.0,0.050000000000000044,1.7388776019215584,1.7388776019215584,0.0
double_dqn,814,591,94.9022978618741,85.14312085151673,33.45798923820257,61.44430863857269,1.591770644299686,19159.46828842163,0.0,27.0,0.0,1.0,0.050000000000000044,2.235890246927738,2.235890246927738,0.0
double_dqn,814,592,96.3772157907486,86.3401652827114,30.10943554341793,66.26778051555156,1.5365567011758685,16962.176712036133,0.0,29.0,0.0,2.0,0.050000000000000044,1.5327577628195286,1.5327577628195286,0.0
double_dqn,814,593,77.07989609241486,86.79122238487005,28.455211743712425,48.62468409538269,1.4698393363505602,15669.05041885376,0.0,23.0,0.0,0.0,0.050000000000000044,1.9111318923532963,1.9111318923532963,0.0
double_dqn,814,594,89.64662483483554,86.971414032951,28.42847502976656,61.21814959645271,1.4993056450039148,16382.808879852295,0.0,28.0,0.0,2.0,0.050000000000000044,1.8781550507992506,1.8781550507992506,0.0
double_dqn,814,595,77.79962815344334,87.33379833489656,27.426425114274025,50.37320363521576,1.4459941061213613,15554.337677001953,0.0,24.0,0.0,1.0,0.050000000000000044,1.4686754327267408,1.4686754327267408,0.0
double_dqn,814,596,80.52769260406494,87.1072001642734,30.009508430957794,50.5181843817234,1.5070200972259045,16885.313735961914,0.0,23.0,0.0,3.0,0.050000000000000044,1.765643671154976,1.765643671154976,0.0
double_dqn,814,597,86.12329603135586,86.72800083495677,30.348681762814522,55.77461493909359,1.5424463283270597,17718.755249023438,0.0,26.0,0.0,1.0,0.050000000000000044,2.208241492509842,2.208241492509842,0.0
double_dqn,814,598,87.96967212110758,86.33911221921446,30.72073534876108,57.24893733859062,1.5213798247277737,17692.096809387207,0.0,26.0,0.0,0.0,0.050000000000000044,1.583960548043251,1.583960548043251,0.0
double_dqn,814,599,64.69161077737809,85.35103734284641,26.85420823097229,37.837402456998824,1.4204172641038895,15162.414310455322,0.0,18.0,0.0,1.0,0.050000000000000044,2.2747683115303516,2.2747683115303516,0.0
