variant,model_seed,episode,cost,rolling_cost,immediate_cost,penalty,energy_use,latency_ms,thermal_violation,energy_violation,queue_violation,contact_violation,epsilon,loss,td_loss,auxiliary_loss
double_dqn,806,0,253.0062798524306,253.0062798524306,46.752939343452454,206.25334059838505,2.0538767855614424,29014.21036529541,0.0,37.0,34.0,2.0,0.9954761904761905,,,
double_dqn,806,1,157.99992038691022,205.50310011967042,45.14809748530388,112.85182294630981,1.8631957117468119,26628.588619232178,0.0,33.0,22.0,2.0,0.9909523809523809,2.749140739440918,2.749140739440918,0.0
double_dqn,806,2,111.34507732093334,174.1170925200914,38.4672609269619,72.87781664729118,1.7182048382237554,23043.860191345215,0.0,32.0,0.0,0.0,0.9864285714285714,2.3455967605113983,2.3455967605113983,0.0
double_dqn,806,3,129.08036903050765,162.85791164769546,43.0416616499424,86.03870744016989,1.8230587961152196,25928.99889755249,0.0,33.0,9.0,0.0,0.981904761904762,1.868486225605011,1.868486225605011,0.0
double_dqn,806,4,113.02614721655846,152.89155876146805,39.15070027112961,73.87544764578342,1.7226166659966111,22852.069568634033,0.0,31.0,0.0,3.0,0.9773809523809524,1.5718972608447075,1.5718972608447075,0.0
double_dqn,806,5,148.54360760440053,152.16690023529014,41.108702063560486,107.43490540672961,1.8563895970582962,25249.7977142334,0.0,35.0,19.0,0.0,0.9728571428571429,1.2403005957603455,1.2403005957603455,0.0
double_dqn,806,6,176.036256998619,155.57680834433714,43.7542592138052,132.28199782951725,1.981083245947957,27444.35112762451,0.0,33.0,25.0,0.0,0.9683333333333334,1.129406251013279,1.129406251013279,0.0
double_dqn,806,7,148.76405137136675,154.7252137227158,38.82663545757532,109.9374158765385,1.824246778152883,23982.86792755127,0.0,36.0,20.0,2.0,0.9638095238095238,1.186871211975813,1.186871211975813,0.0
double_dqn,806,8,120.95261047780514,150.97270225105908,38.57404862344265,82.37856245040894,1.7279661605134606,22836.156158447266,0.0,34.0,0.0,1.0,0.9592857142857143,1.1680593006312847,1.1680593006312847,0.0
double_dqn,806,9,117.72843841311841,147.648275867265,40.876573130488396,76.85186534223467,1.7908207280561328,24309.780109405518,0.0,31.0,9.0,1.0,0.9547619047619048,0.8746298775076866,0.8746298775076866,0.0
double_dqn,806,10,121.58223768714795,145.2786360327089,39.83617377281189,81.7460635865105,1.8082212088629603,23826.647815704346,0.0,33.0,12.0,0.0,0.9502380952380952,0.6520864777266979,0.6520864777266979,0.0
double_dqn,806,11,118.15564343333244,143.01838664942753,39.195587798953056,78.96005594730377,1.7970727104693651,23445.364517211914,0.0,32.0,0.0,0.0,0.9457142857142857,0.46739946119487286,0.46739946119487286,0.0
double_dqn,806,12,121.76898383180891,141.38381720191842,39.96535383164883,81.8036295829276,1.7515686079859734,23832.41986465454,0.0,35.0,9.0,0.0,0.9411904761904761,0.3607654254883528,0.3607654254883528,0.0
double_dqn,806,13,119.03457564860582,139.78744280525322,43.67185781151056,75.36271768808365,1.7645407812669873,24700.78854751587,0.0,31.0,0.0,1.0,0.9366666666666666,0.3114473205059767,0.3114473205059767,0.0
double_dqn,806,14,113.16595636308193,138.01267704244182,38.26433186233044,74.90162432193756,1.7240043776109815,22587.342321395874,0.0,30.0,0.0,1.0,0.9321428571428572,0.2676147762686014,0.2676147762686014,0.0
double_dqn,806,15,142.75340879750019,138.30897277713296,41.279346495866776,101.47406204831366,1.8603137088939548,24914.631839752197,0.0,33.0,20.0,0.0,0.9276190476190476,0.5908982986584306,0.5908982986584306,0.0
double_dqn,806,16,107.2183617502451,136.48011330496308,38.62352393567562,68.59483769536018,1.6785912308841944,21921.540924072266,0.0,30.0,0.0,0.0,0.9230952380952381,0.6939467862248421,0.6939467862248421,0.0
double_dqn,806,17,114.2545980066061,135.24536245505436,38.83893319964409,75.41566616296768,1.7476635547354817,23096.26838684082,0.0,31.0,0.0,0.0,0.9185714285714286,0.4140522964298725,0.4140522964298725,0.0
double_dqn,806,18,115.45312286913395,134.20366563474278,40.44437824189663,75.0087446719408,1.6877704532817006,22731.88970184326,0.0,33.0,0.0,0.0,0.914047619047619,0.35055022686719894,0.35055022686719894,0.0
double_dqn,806,19,119.60407818303327,133.4736862621573,42.09489820897579,77.50918034658648,1.8314925003796816,24684.912452697754,0.0,33.0,6.0,2.0,0.9095238095238095,0.2748514898121357,0.2748514898121357,0.0
double_dqn,806,20,237.68550275548668,132.7076474073101,47.73515176773071,189.950350987756,2.0200011488050222,28037.954708099365,0.0,38.0,36.0,3.0,0.905,0.27382988668978214,0.27382988668978214,0.0
double_dqn,806,21,119.53819361329079,130.78456106862913,40.04295610636473,79.49523802101612,1.778481145389378,24079.118732452393,0.0,33.0,0.0,1.0,0.9004761904761904,0.28456591069698334,0.28456591069698334,0.0
double_dqn,806,22,159.4551106640074,133.19006273578282,42.36898095905781,117.08612946653099,1.8897413741797209,25918.02761077881,0.0,34.0,17.0,2.0,0.895952380952381,0.2600983213633299,0.2600983213633299,0.0
double_dqn,806,23,114.81175508486703,132.47663203850078,35.25106379389763,79.5606918274112,1.7461990313604474,22052.992881774902,0.0,32.0,6.0,1.0,0.8914285714285715,0.7192980879917741,0.7192980879917741,0.0
double_dqn,806,24,103.07449884861708,131.97904962010372,34.13109787553549,68.94340067505837,1.6670413948595524,20391.545219421387,0.0,30.0,0.0,1.0,0.8869047619047619,0.597097285091877,0.597097285091877,0.0
double_dqn,806,25,106.65434671342373,129.88458657555492,36.81284584105015,69.84150117039681,1.6572480043396354,21103.913375854492,0.0,29.0,0.0,1.0,0.8823809523809524,0.43386999890208244,0.43386999890208244,0.0
double_dqn,806,26,121.53017555701295,127.15928250347459,35.161284513771534,86.36889086442747,1.7664738800376654,21981.659107208252,0.0,32.0,8.0,3.0,0.8778571428571429,0.35737479757517576,0.35737479757517576,0.0
double_dqn,806,27,142.00616177648322,126.8213880237304,44.068340837955475,97.93782081931845,1.805242850445211,25132.313201904297,0.0,33.0,20.0,1.0,0.8733333333333333,0.3871982414275408,0.3871982414275408,0.0
double_dqn,806,28,147.3488187340344,128.14119843654186,39.832030430436134,107.5167882141913,1.8214914510026574,24091.892127990723,0.0,35.0,22.0,0.0,0.8688095238095238,0.3048544377088547,0.3048544377088547,0.0
double_dqn,806,29,134.82501554340683,128.9960272930563,43.74004825949669,91.0849681481775,1.8400880610570312,25226.089796066284,0.0,37.0,3.0,1.0,0.8642857142857143,0.4079526821151376,0.4079526821151376,0.0
double_dqn,806,30,192.82166752086485,132.55799878474213,45.69836150109768,147.1233059601625,1.9567150305956602,27025.030059814453,0.0,42.0,41.0,0.0,0.8597619047619047,0.3394053867086768,0.3394053867086768,0.0
double_dqn,806,31,182.13954356772024,135.75719379146153,38.07785847783089,144.0616849706801,1.88907431345433,23861.684242248535,0.0,36.0,34.0,0.0,0.8552380952380952,0.8401131257414818,0.8401131257414818,0.0
double_dqn,806,32,95.89619897305965,134.4635545485241,35.509054481983185,60.38714425265789,1.6201931480318308,20903.541257858276,0.0,28.0,0.0,0.0,0.8507142857142858,0.620860418304801,0.620860418304801,0.0
double_dqn,806,33,147.83267128436023,135.90345933031176,37.93428494036198,109.89838671652731,1.8033004235476255,22802.948123931885,0.0,41.0,31.0,1.0,0.8461904761904762,0.4944086978211999,0.4944086978211999,0.0
double_dqn,806,34,149.5003641738665,137.720179720851,44.072705432772636,105.4276586516869,1.8505758419632912,25609.016414642334,0.0,37.0,16.0,0.0,0.8416666666666667,0.33306246902793646,0.33306246902793646,0.0
double_dqn,806,35,118.54176260182022,136.509597411067,37.041779577732086,81.49998302408812,1.8054688908159733,22985.51882171631,0.0,30.0,18.0,1.0,0.8371428571428572,0.4132609749212861,0.4132609749212861,0.0
double_dqn,806,36,141.10305637539116,138.2038321423243,40.521468952298164,100.5815877211162,1.8495826106518507,24338.300941467285,0.0,36.0,16.0,1.0,0.8326190476190476,0.36885290686041117,0.36885290686041117,0.0
double_dqn,806,37,140.35086699573696,139.50864559178086,42.44272680580616,97.90814051775634,1.8219548426568508,25062.149017333984,0.0,34.0,21.0,1.0,0.8280952380952381,0.3651411533355713,0.3651411533355713,0.0
double_dqn,806,38,112.94261036068201,139.38311996635827,39.27156030386686,73.67104974389076,1.762190361507237,23194.27317047119,0.0,32.0,0.0,0.0,0.8235714285714286,0.3996630413457751,0.3996630413457751,0.0
double_dqn,806,39,119.53435836732388,139.3796339755728,38.89681014418602,80.63754794001579,1.8595602149143815,23817.43579864502,0.0,34.0,0.0,0.0,0.819047619047619,1.0153793431818485,1.0153793431818485,0.0
double_dqn,806,40,97.32634708285332,132.36167619194111,33.917021200060844,63.40932622551918,1.632273287512362,19622.39150428772,0.0,28.0,0.0,0.0,0.8145238095238095,0.6545957829803228,0.6545957829803228,0.0
double_dqn,806,41,129.70608129906037,132.87007057622958,45.77682200074196,83.92925889598706,1.8590710302814841,26205.105545043945,0.0,35.0,3.0,1.0,0.81,0.5535879675298929,0.5535879675298929,0.0
double_dqn,806,42,116.7795933932066,130.73629471268956,36.94841109961271,79.83118243515491,1.759114995598793,22286.371124267578,0.0,35.0,0.0,1.0,0.8054761904761905,0.5392578952014446,0.5392578952014446,0.0
double_dqn,806,43,123.50682663947019,131.17104829041972,36.46415318548679,87.04267351358804,1.8001518873497844,22495.8035697937,0.0,36.0,6.0,0.0,0.800952380952381,0.5070514120161533,0.5070514120161533,0.0
double_dqn,806,44,119.16894643008709,131.97577066949322,40.31839907169342,78.85054677724838,1.7505028070881963,23664.63945388794,0.0,33.0,0.0,1.0,0.7964285714285715,0.43748347740620375,0.43748347740620375,0.0
double_dqn,806,45,149.88743974002878,134.13742532082347,38.8614736199379,111.02596638831182,1.8759667426347733,24172.09673309326,0.0,35.0,18.0,0.0,0.7919047619047619,0.4706417704001069,0.4706417704001069,0.0
double_dqn,806,46,96.29361659437419,132.87559737269152,34.21230556815863,62.081310445070265,1.5965873328968883,19210.00033569336,0.0,28.0,0.0,1.0,0.7873809523809524,0.5813351031392813,0.5813351031392813,0.0
double_dqn,806,47,119.16227729022503,131.73340314837864,39.71376833319664,79.4485087633133,1.7456739312037826,22984.325267791748,0.0,33.0,0.0,1.0,0.7828571428571429,0.8799421563744545,0.8799421563744545,0.0
double_dqn,806,48,121.48894526362419,130.44040947485811,42.70737807452679,78.7815667271614,1.8099604416638613,24328.513538360596,0.0,33.0,0.0,3.0,0.7783333333333333,0.615603132173419,0.615603132173419,0.0
double_dqn,806,49,107.22164122760296,129.06024075906794,39.28236164152622,67.93928009271622,1.6925975866615772,22541.077072143555,0.0,30.0,0.0,0.0,0.7738095238095238,0.5844705291092396,0.5844705291092396,0.0
double_dqn,806,50,90.6707549765706,123.95269513185322,31.698310293257236,58.97244495153427,1.574944093823433,18461.049392700195,0.0,25.0,0.0,1.0,0.7692857142857144,0.5873515028506517,0.5873515028506517,0.0
double_dqn,806,51,105.49205722808838,120.12032081487162,36.31618635356426,69.17587074041367,1.653049336746335,21155.1788482666,0.0,30.0,0.0,1.0,0.7647619047619048,0.5861829789355397,0.5861829789355397,0.0
double_dqn,806,52,86.87866158783436,119.66944394561035,31.59184378385544,55.28681716322899,1.541907986626029,18690.21332168579,0.0,26.0,0.0,1.0,0.7602380952380953,0.46470999624580145,0.46470999624580145,0.0
double_dqn,806,53,95.29509381949902,117.0425650723673,31.509188532829285,63.785905718803406,1.5775380060076714,18318.567668914795,0.0,28.0,0.0,0.0,0.7557142857142858,0.5188019247725606,0.5188019247725606,0.0
double_dqn,806,54,106.98510601520539,114.91680216443424,39.099657848477364,67.88544819653035,1.7167741600424051,22360.777519226074,0.0,30.0,0.0,1.0,0.7511904761904762,0.7865713983774185,0.7865713983774185,0.0
double_dqn,806,55,101.51228259503841,114.06532816409515,35.8309081196785,65.68137443065643,1.7186095248907804,21793.961164474487,0.0,27.0,0.0,0.0,0.7466666666666667,0.9782237689942122,0.9782237689942122,0.0
double_dqn,806,56,125.23363165855407,113.2718569282533,43.287498846650124,81.94613243937492,1.7886641761288047,23965.23735809326,0.0,35.0,0.0,2.0,0.7421428571428572,0.6656756959855556,0.6656756959855556,0.0
double_dqn,806,57,110.71908103823662,111.7902676303783,42.26355451345444,68.45552673339844,1.712072791531682,23184.22840499878,0.0,30.0,0.0,1.0,0.7376190476190476,0.5473376400768757,0.5473376400768757,0.0
double_dqn,806,58,124.3096216469801,112.3586181946932,37.17488741874695,87.13473393020993,1.800738861784339,22881.307762145996,0.0,33.0,10.0,3.0,0.7330952380952381,0.5722394865006208,0.5722394865006208,0.0
double_dqn,806,59,112.36028346419334,111.99991444953666,38.17705564200878,74.18322759866714,1.7170543251559138,22485.728282928467,0.0,32.0,0.0,1.0,0.7285714285714286,0.6559224193915725,0.6559224193915725,0.0
double_dqn,806,60,115.57206377387047,112.91220028408752,41.07691441476345,74.49514901638031,1.763274798169732,23635.10733795166,0.0,31.0,0.0,1.0,0.724047619047619,0.550357704050839,0.550357704050839,0.0
double_dqn,806,61,96.5321860253811,111.25350552040356,33.62330960482359,62.908876904845236,1.5802655601873994,19029.62432861328,0.0,27.0,0.0,1.0,0.7195238095238095,0.5993358958512545,0.5993358958512545,0.0
double_dqn,806,62,96.87440730035306,110.25824621576086,33.55336606502533,63.32104086279869,1.688104074448347,20510.733276367188,0.0,27.0,0.0,2.0,0.7150000000000001,0.8743613660335541,0.8743613660335541,0.0
double_dqn,806,63,112.87640508413315,109.72672513799402,38.52697430551052,74.34943034648896,1.7569777807220817,22276.141132354736,0.0,31.0,0.0,1.0,0.7104761904761905,0.7482710648328066,0.7482710648328066,0.0
double_dqn,806,64,119.71776620298624,109.75416612663898,37.76230014115572,81.95546561479568,1.7916487446054816,22326.424488067627,0.0,35.0,0.0,0.0,0.7059523809523809,0.6701562330126762,0.6701562330126762,0.0
double_dqn,806,65,94.79959125220776,106.99977370224792,33.44583524763584,61.35375646650791,1.5613428531214595,18713.003814697266,0.0,28.0,0.0,2.0,0.7014285714285715,0.689307302236557,0.689307302236557,0.0
double_dqn,806,66,123.73528229594231,108.37185698732635,44.22998837381601,79.50529384016991,1.826626810245216,24885.4588470459,0.0,34.0,0.0,1.0,0.6969047619047619,0.7609578631818295,0.7609578631818295,0.0
double_dqn,806,67,105.02408292293549,107.66494726896187,39.32629585266113,65.69778775572777,1.6842879122123122,22383.260593414307,0.0,28.0,0.0,1.0,0.6923809523809523,0.6097803432494402,0.6097803432494402,0.0
double_dqn,806,68,112.82049803435802,107.23152490749855,41.03480462729931,71.78569313883781,1.8441079705953598,24626.945556640625,0.0,30.0,0.0,0.0,0.687857142857143,0.7221813946962357,0.7221813946962357,0.0
double_dqn,806,69,113.12669753432274,107.52677772283455,38.99466799199581,74.13203022778035,1.775406082160771,23315.239002227783,0.0,34.0,0.0,2.0,0.6833333333333333,0.730149133130908,0.730149133130908,0.0
double_dqn,806,70,110.82141462266445,108.53431070513925,38.347370371222496,72.47404355108738,1.7130204318091273,21924.78416442871,0.0,31.0,0.0,2.0,0.6788095238095238,0.9054741822183132,0.9054741822183132,0.0
double_dqn,806,71,115.35077247172595,109.02724646732113,38.5080606713891,76.84271162152291,1.7641005124896765,22252.006313323975,0.0,32.0,0.0,3.0,0.6742857142857144,0.835355082526803,0.835355082526803,0.0
double_dqn,806,72,123.20943686366081,110.84378523111243,37.221349626779556,85.98808687925339,1.7789031332358718,22011.31634902954,0.0,35.0,0.0,1.0,0.6697619047619048,0.8078344017267227,0.8078344017267227,0.0
double_dqn,806,73,120.54934287071228,112.10649768367311,42.8042416125536,77.74510112404823,1.8186490656808019,24546.13120651245,0.0,32.0,0.0,0.0,0.6652380952380952,0.7399088442325592,0.7399088442325592,0.0
double_dqn,806,74,114.20660199224949,112.4675724825253,40.573452457785606,73.6331496834755,1.7028982248157263,22395.478412628174,0.0,32.0,0.0,0.0,0.6607142857142857,0.7645261883735657,0.7645261883735657,0.0
double_dqn,806,75,110.35771722495556,112.90984421402115,40.082859471440315,70.2748576939106,1.7405324978753924,23411.08424758911,0.0,29.0,0.0,2.0,0.6561904761904762,0.7401004750281572,0.7401004750281572,0.0
double_dqn,806,76,107.87961574047804,112.04214341811735,37.50252225250006,70.37709326446057,1.7074979115277529,21626.096801757812,0.0,30.0,0.0,2.0,0.6516666666666667,0.7196751479059458,0.7196751479059458,0.0
double_dqn,806,77,114.10967149734498,112.21167294107279,40.30411569774151,73.8055557847023,1.745688682422042,23505.358283996582,0.0,30.0,0.0,1.0,0.6471428571428571,0.7027147822082043,0.7027147822082043,0.0
double_dqn,806,78,116.8588402569294,111.83913387157024,40.93784511089325,75.92099568247795,1.7256836369633675,23187.689695358276,0.0,33.0,0.0,0.0,0.6426190476190476,1.121340747922659,1.121340747922659,0.0
double_dqn,806,79,124.5932074636221,112.45078007154169,41.076186150312424,83.51702126860619,1.7879680637270212,23427.966381072998,0.0,34.0,0.0,0.0,0.6380952380952382,1.0406465791165829,1.0406465791165829,0.0
double_dqn,806,80,110.1654859483242,112.18045118026434,37.46148644387722,72.70399969816208,1.7226070910692215,21582.023361206055,0.0,31.0,0.0,1.0,0.6335714285714286,0.6979903299361467,0.6979903299361467,0.0
double_dqn,806,81,120.61191621422768,113.38443768970669,44.33602286875248,76.27589310705662,1.8622462498024106,25151.340461730957,0.0,32.0,0.0,2.0,0.6290476190476191,0.9324893206357956,0.9324893206357956,0.0
double_dqn,806,82,114.98532888442278,114.28998376891018,40.684598974883556,74.3007302671671,1.8498166557401419,24192.154718399048,0.0,31.0,0.0,2.0,0.6245238095238095,0.7118564816191792,0.7118564816191792,0.0
double_dqn,806,83,116.04949709773064,114.44863836959004,39.619375720620155,76.43012161552906,1.7408159272745252,22504.902576446533,0.0,33.0,0.0,0.0,0.62,0.7969757672399282,0.7969757672399282,0.0
double_dqn,806,84,108.49315468966961,113.88740779392421,37.60421860218048,70.88893669843674,1.7070139115676284,22006.257614135742,0.0,31.0,0.0,0.0,0.6154761904761905,0.7654328383505344,0.7654328383505344,0.0
double_dqn,806,85,124.42522257566452,115.36868936009705,43.72522935271263,80.69999361038208,1.8099612202495337,24626.561668395996,0.0,33.0,0.0,0.0,0.6109523809523809,0.9515626486390829,0.9515626486390829,0.0
double_dqn,806,86,98.88396037518979,114.12612326405943,32.74707122147083,66.13688954114915,1.6038097636774182,18857.218883514404,0.0,31.0,0.0,1.0,0.6064285714285714,1.2070053964853287,1.2070053964853287,0.0
double_dqn,806,87,102.55907585024833,114.00287291042507,39.31574556231499,63.24332928955555,1.7246146788820624,22148.218673706055,0.0,27.0,0.0,2.0,0.6019047619047619,0.7382615152746439,0.7382615152746439,0.0
double_dqn,806,88,108.80257870256901,113.80197694383563,36.553676173090935,72.24890294671059,1.626065376214683,20574.669525146484,0.0,32.0,0.0,0.0,0.5973809523809523,0.9373993501067162,0.9373993501067162,0.0
double_dqn,806,89,103.21006945669652,113.30614553995433,37.71136575937271,65.49870380163193,1.7396125979721546,21841.414127349854,0.0,28.0,0.0,1.0,0.592857142857143,1.0194627605378628,1.0194627605378628,0.0
double_dqn,806,90,115.26424369056534,113.52828699334934,39.607436284422874,75.65680739124129,1.8158975141122937,22995.19744873047,0.0,32.0,2.0,1.0,0.5883333333333334,0.6821182630956173,0.6821182630956173,0.0
double_dqn,806,91,102.55481512844563,112.88848912618535,35.33970569074154,67.21510928869247,1.6415817271918058,20372.6167678833,0.0,29.0,0.0,0.0,0.5838095238095238,0.915834940969944,0.915834940969944,0.0
double_dqn,806,92,127.32038620263339,113.09403659313398,41.88236091285944,85.43802546858788,1.7889952240511775,23819.192756652832,0.0,36.0,0.0,1.0,0.5792857142857144,0.873429486528039,0.873429486528039,0.0
double_dqn,806,93,113.58257880806923,112.7456983900018,35.17862528562546,78.40395361185074,1.737420524470508,20948.18392944336,0.0,33.0,0.0,0.0,0.5747619047619048,1.1377060431987047,1.1377060431987047,0.0
double_dqn,806,94,94.17196471244097,111.7439665260114,33.92174402624369,60.25022080540657,1.5823680013418198,19341.55290222168,0.0,27.0,0.0,1.0,0.5702380952380952,0.9809608403593302,0.9809608403593302,0.0
double_dqn,806,95,96.02451075613499,111.02730620257034,35.69257589429617,60.33193477988243,1.6129122264683247,20420.43968963623,0.0,27.0,0.0,0.0,0.5657142857142857,0.7884608116000891,0.7884608116000891,0.0
double_dqn,806,96,94.91341264545918,110.37899604781941,34.5982731282711,60.31513977050781,1.6432057647034526,20209.8931350708,0.0,25.0,0.0,0.0,0.5611904761904762,0.9146675076335669,0.9146675076335669,0.0
double_dqn,806,97,114.41791717708111,110.39440833180622,41.72293144464493,72.69498598575592,1.731797688640654,23333.717250823975,0.0,32.0,0.0,1.0,0.5566666666666666,0.7686018534004688,0.7686018534004688,0.0
double_dqn,806,98,103.02851459383965,109.70289204865173,36.44663168489933,66.58188289403915,1.650071314536035,20045.222625732422,0.0,29.0,0.0,0.0,0.5521428571428572,0.812213534489274,0.812213534489274,0.0
double_dqn,806,99,109.80436737239361,108.96345004409031,37.33016648888588,72.47420080900193,1.6582300961017609,21078.249557495117,0.0,30.0,0.0,2.0,0.5476190476190477,0.6653529591858387,0.6653529591858387,0.0
double_dqn,806,100,108.03294099271298,108.85682279630976,34.62659277021885,73.4063477754593,1.6889481162652373,20196.669830322266,0.0,33.0,0.0,1.0,0.5430952380952381,0.8424631264060736,0.8424631264060736,0.0
double_dqn,806,101,89.44767801463604,107.29861088633018,32.34951259940863,57.09816554188728,1.5402227016165853,18175.353134155273,0.0,27.0,0.0,1.0,0.5385714285714286,0.8819419192150235,0.8819419192150235,0.0
double_dqn,806,102,102.03860084712505,106.65127448446529,34.57966421544552,67.45893666148186,1.6951396381482482,20477.03858566284,0.0,30.0,0.0,2.0,0.5340476190476191,0.9796221405267715,0.9796221405267715,0.0
double_dqn,806,103,101.98939652740955,105.94826945594923,33.36404034495354,68.62535586953163,1.615906372666359,19613.291915893555,0.0,31.0,0.0,0.0,0.5295238095238095,0.9055708255618811,0.9055708255618811,0.0
double_dqn,806,104,118.24217321418382,106.43572038217494,40.34336879849434,77.89880423687555,1.7808564864099026,23518.642421722412,0.0,33.0,3.0,1.0,0.525,1.0859122816473246,1.0859122816473246,0.0
double_dqn,806,105,101.54614342004061,105.29176642439374,36.52070739120245,65.0254365503788,1.6881397226825356,21169.823093414307,0.0,27.0,0.0,0.0,0.5204761904761905,1.070268951356411,1.070268951356411,0.0
double_dqn,806,106,90.0969871982932,104.85241776554892,29.275734685361385,60.8212522894144,1.6474614022299647,18049.7354927063,0.0,25.0,0.0,2.0,0.5159523809523809,0.9338579680770636,0.9338579680770636,0.0
double_dqn,806,107,105.91955778896809,105.02044186248489,38.896232679486275,67.02332499027253,1.7656862614676356,22935.698110580444,0.0,28.0,0.0,2.0,0.5114285714285716,0.923417204990983,0.923417204990983,0.0
double_dqn,806,108,115.0115984082222,105.33089284776756,36.84221722185612,78.16938096284866,1.7428197851404548,20991.64026260376,0.0,33.0,0.0,1.0,0.506904761904762,1.0041960384696722,1.0041960384696722,0.0
double_dqn,806,109,113.24441068768502,105.83260990931699,37.672261103987694,75.57215004563332,1.7094920622184873,21412.630992889404,0.0,32.0,0.0,1.0,0.5023809523809524,1.1312539167702198,1.1312539167702198,0.0
double_dqn,806,110,108.01693096756935,105.4702442731672,36.182909578084946,71.83402216434479,1.680196168832481,20497.27680206299,0.0,31.0,0.0,0.0,0.4978571428571429,1.0306097231805325,1.0306097231805325,0.0
double_dqn,806,111,100.11354088783264,105.34818056113654,33.04227779060602,67.07126295566559,1.65515242703259,19515.411472320557,0.0,29.0,0.0,1.0,0.4933333333333334,1.1197306793183088,1.1197306793183088,0.0
double_dqn,806,112,120.29422879219055,104.9968726906144,39.47547848522663,80.81875064969063,1.7274370854720473,22399.593410491943,0.0,34.0,0.0,0.0,0.4888095238095238,0.8917081095278263,0.8917081095278263,0.0
double_dqn,806,113,115.54838103950024,105.09516280218595,40.87042286992073,74.67795886993409,1.7852567955851555,23258.05094909668,0.0,32.0,0.0,1.0,0.4842857142857143,1.0618981160223484,1.0618981160223484,0.0
double_dqn,806,114,89.12178364694118,104.84265374891098,29.782124757766724,59.33965890407562,1.5581597927957773,17366.38119506836,0.0,26.0,0.0,2.0,0.4797619047619047,0.8131502903997898,0.8131502903997898,0.0
double_dqn,806,115,92.36949461996555,104.65990294210249,33.76866254210472,58.600831764936444,1.6677227774634957,19915.83777999878,0.0,25.0,0.0,2.0,0.47523809523809524,1.0173363536596298,1.0173363536596298,0.0
double_dqn,806,116,97.15843242406845,104.77215393103295,31.836307391524315,65.32212530076504,1.630792804993689,18702.40444946289,0.0,30.0,0.0,0.0,0.47071428571428575,1.0120885968208313,1.0120885968208313,0.0
double_dqn,806,117,99.9398472994566,104.04825043715172,34.50915563851595,65.43069165349007,1.5778929721564054,19174.073637008667,0.0,30.0,0.0,1.0,0.46619047619047627,1.1738712880760431,1.1738712880760431,0.0
double_dqn,806,118,97.0779092848301,103.75072017170123,35.619972959160805,61.457936429977416,1.6220489656552672,20115.973556518555,0.0,27.0,0.0,1.0,0.46166666666666667,1.13732835277915,1.13732835277915,0.0
double_dqn,806,119,106.12401958703995,103.56670278243357,33.37712439894676,72.74689430892468,1.665387055836618,19661.81739425659,0.0,30.0,0.0,1.0,0.4571428571428572,0.9402569774538279,0.9402569774538279,0.0
double_dqn,806,120,93.68030892312527,102.84907117895418,33.74697703123093,59.93333242833614,1.6051602875813842,19189.247032165527,0.0,28.0,0.0,0.0,0.4526190476190477,0.8932446222752333,0.8932446222752333,0.0
double_dqn,806,121,85.68646225482226,102.6610103909635,30.97269929945469,54.713762843608855,1.554556442424655,17628.47731781006,0.0,26.0,0.0,1.0,0.4480952380952381,1.004847515374422,1.004847515374422,0.0
double_dqn,806,122,107.72534275054932,102.94534748613471,38.03040552139282,69.69493627548218,1.6634357115253806,21303.603702545166,0.0,29.0,0.0,1.0,0.4435714285714286,0.9445779491215944,0.9445779491215944,0.0
double_dqn,806,123,105.80679686367512,103.13621750294797,38.0427238792181,67.76407347619534,1.6690608775243163,21188.376329421997,0.0,30.0,0.0,0.0,0.439047619047619,0.9296026136726141,0.9296026136726141,0.0
double_dqn,806,124,90.13843955993653,101.73103082023563,34.31809413433075,55.820345589518546,1.6038871509954333,19111.03204345703,0.0,26.0,0.0,1.0,0.43452380952380953,1.0913921110332012,1.0913921110332012,0.0
double_dqn,806,125,92.70482649803162,101.28896497413515,34.774786211550236,57.930040219426154,1.5773836188018322,19268.068744659424,0.0,25.0,0.0,1.0,0.43000000000000005,1.2980157062411308,1.2980157062411308,0.0
double_dqn,806,126,88.02244228124619,101.18523772828283,30.66416747868061,57.35827487707138,1.5307413218542933,17242.111028671265,0.0,26.0,0.0,0.0,0.42547619047619056,0.9465750455856323,0.9465750455856323,0.0
double_dqn,806,127,87.52511515468359,100.26551559656859,32.38074042648077,55.14437437057495,1.5785336643457413,18388.224281311035,0.0,25.0,0.0,0.0,0.42095238095238097,1.0483507867902517,1.0483507867902517,0.0
double_dqn,806,128,81.68183885663748,98.59902761898937,29.817013554275036,51.864825615286826,1.5015708357095718,16863.342315673828,0.0,23.0,0.0,1.0,0.41642857142857137,1.236325029283762,1.236325029283762,0.0
double_dqn,806,129,104.71916145384311,98.17276515729726,36.95991735160351,67.75924374461174,1.7251883354038,21703.502277374268,0.0,30.0,0.0,2.0,0.4119047619047619,1.152425417676568,1.152425417676568,0.0
double_dqn,806,130,87.70863687247038,97.15735045254232,31.3505584821105,56.35807828605175,1.5666784550994635,17971.00091934204,0.0,25.0,0.0,0.0,0.4073809523809524,1.0585593935102224,1.0585593935102224,0.0
double_dqn,806,131,93.30900804102421,96.81712381020189,31.082415536046028,62.22659187912941,1.5777937984094024,17907.96960067749,0.0,27.0,0.0,1.0,0.4028571428571429,1.09827671200037,1.09827671200037,0.0
double_dqn,806,132,97.47570866346359,95.67619780376555,34.463687270879745,63.01202128827572,1.602752004750073,18949.26093673706,0.0,29.0,0.0,0.0,0.39833333333333343,1.127803074195981,1.127803074195981,0.0
double_dqn,806,133,96.58321867883205,94.72793968573214,32.21092863380909,64.37229046225548,1.5667168917134404,18379.606773376465,0.0,29.0,0.0,1.0,0.39380952380952383,1.1422416977584362,1.1422416977584362,0.0
double_dqn,806,134,102.76054641902446,95.40987782433629,36.4915369451046,66.26900868415832,1.6390647934749722,20216.393405914307,0.0,30.0,0.0,2.0,0.38928571428571423,1.0862669628113508,1.0862669628113508,0.0
double_dqn,806,135,107.5909061819315,96.17094840243459,35.85149672627449,71.73940960466862,1.658100844360888,20184.235944747925,0.0,31.0,0.0,2.0,0.38476190476190475,1.1472068820148706,1.1472068820148706,0.0
double_dqn,806,136,89.87114402651787,95.80658398255706,34.070925548672676,55.80021905899048,1.6283085802569985,19584.408569335938,0.0,27.0,0.0,0.0,0.38023809523809526,1.0309060644358397,1.0309060644358397,0.0
double_dqn,806,137,98.66891458630562,95.74303734689951,35.61159587651491,63.05731901526451,1.6319797039031982,19861.551441192627,0.0,30.0,0.0,0.0,0.3757142857142858,1.0117340050637722,1.0117340050637722,0.0
double_dqn,806,138,89.15102481842041,95.34669312357903,31.900571800768375,57.25045283138752,1.5639297980815172,18332.227630615234,0.0,26.0,0.0,2.0,0.3711904761904763,1.0968058686703444,1.0968058686703444,0.0
double_dqn,806,139,101.20008827000856,95.10049655772745,36.76945950835943,64.43062859773636,1.6627846844494343,20652.549200057983,0.0,27.0,0.0,0.0,0.3666666666666667,1.039730353280902,1.039730353280902,0.0
double_dqn,806,140,95.68458942621946,95.20071058288217,32.35040080547333,63.334188151359555,1.564226495102048,18335.55632019043,0.0,29.0,0.0,2.0,0.3621428571428572,1.0875088274478912,1.0875088274478912,0.0
double_dqn,806,141,98.4809747427702,95.84043620727957,36.678626731038094,61.80234826505184,1.6292052706703544,20263.18597793579,0.0,27.0,0.0,1.0,0.3576190476190476,1.2319534160196781,1.2319534160196781,0.0
double_dqn,806,142,116.13680006563663,96.26100907303393,36.82702848315239,79.30977082252502,1.6834134412929416,20720.597454071045,0.0,34.0,0.0,0.0,0.35309523809523813,0.9552679322659969,0.9552679322659969,0.0
double_dqn,806,143,91.0946227312088,95.52540036641061,33.79257683455944,57.30204580724239,1.5559035297483206,18373.40450668335,0.0,27.0,0.0,1.0,0.34857142857142864,1.1453146860003471,1.1453146860003471,0.0
double_dqn,806,144,86.93340822458268,95.36514879964292,31.632925048470497,55.30048339962959,1.5880899876356125,18061.911418914795,0.0,24.0,0.0,1.0,0.34404761904761905,0.7728971894830465,0.7728971894830465,0.0
double_dqn,806,145,97.47206300497055,95.60351062498987,33.95709631592035,63.514966785907745,1.5973428823053837,19129.62615585327,0.0,28.0,0.0,1.0,0.33952380952380956,1.1826300881803036,1.1826300881803036,0.0
double_dqn,806,146,91.21389986276627,95.76308350406588,30.425588212907314,60.78831098675728,1.536690485663712,17389.810901641846,0.0,27.0,0.0,3.0,0.3350000000000001,1.340048085898161,1.340048085898161,0.0
double_dqn,806,147,98.93178472816945,96.33341698274018,34.84947496652603,64.08230965733529,1.6558473063632846,20199.582801818848,0.0,27.0,0.0,2.0,0.3304761904761905,1.0564900618046522,1.0564900618046522,0.0
double_dqn,806,148,100.42100287377835,97.27037518359722,35.55512932687998,64.86587337553502,1.6217800825834274,19911.538263320923,0.0,29.0,0.0,2.0,0.325952380952381,1.335062300786376,1.335062300786376,0.0
double_dqn,806,149,108.98201163113117,97.48351769246162,34.14621453732252,74.8357966542244,1.6248209225013852,19272.07822418213,0.0,32.0,0.0,0.0,0.3214285714285714,1.2916875183582306,1.2916875183582306,0.0
double_dqn,806,150,101.92293430119753,98.19423256389798,33.529631942510605,68.39330294728279,1.6340675177052617,18996.87934112549,0.0,30.0,0.0,1.0,0.3169047619047619,1.211451429873705,1.211451429873705,0.0
double_dqn,806,151,76.00009572505951,97.32878694809975,29.41049762070179,46.589598283171654,1.4886542996391654,16443.65870475769,0.0,21.0,0.0,0.0,0.3123809523809524,1.0183543618768454,1.0183543618768454,0.0
double_dqn,806,152,104.48432385325432,97.67921770758927,34.31556533277035,70.16875831186772,1.6708507221192122,19719.48850631714,0.0,29.0,0.0,1.0,0.30785714285714294,1.0775239523500204,1.0775239523500204,0.0
double_dqn,806,153,102.41505470871925,97.97080950908364,36.207155987620354,66.20789942145348,1.657045803964138,20562.302700042725,0.0,29.0,0.0,1.0,0.30333333333333345,1.0822492185980082,1.0822492185980082,0.0
double_dqn,806,154,103.2890636920929,97.99723537273705,32.277070224285126,71.01199340820312,1.6069886675104499,18487.41389465332,0.0,31.0,0.0,0.0,0.29880952380952375,0.9523484334349632,0.9523484334349632,0.0
double_dqn,806,155,102.48303039371967,97.74184158332646,36.6142585426569,65.868772149086,1.6324503514915705,20192.74893951416,0.0,28.0,0.0,0.0,0.29428571428571426,1.1312705725431442,1.1312705725431442,0.0
double_dqn,806,156,81.00281743109227,97.29842525355518,31.768448755145073,49.23436891436577,1.5372094074264169,18012.177894592285,0.0,23.0,0.0,1.0,0.2897619047619048,1.324618048965931,1.324618048965931,0.0
double_dqn,806,157,88.732241602242,96.80159160435201,32.06865785270929,56.663584345579146,1.5526668587699533,18047.168926239014,0.0,25.0,0.0,1.0,0.2852380952380953,0.9923699181526899,0.9923699181526899,0.0
double_dqn,806,158,93.79241852611304,97.03366128973664,32.985006757080555,60.80741159021854,1.616273021325469,18753.700889587402,0.0,27.0,0.0,1.0,0.2807142857142858,0.7705760058015585,0.7705760058015585,0.0
double_dqn,806,159,94.88416467010975,96.71786510974171,33.87205630540848,61.01210864782333,1.607076084241271,18903.262565612793,0.0,28.0,0.0,2.0,0.2761904761904763,1.126398365944624,1.126398365944624,0.0
double_dqn,806,160,85.26433826237917,96.1968525515497,30.663246914744377,54.60109093785286,1.5435563130304217,17155.300743103027,0.0,26.0,0.0,0.0,0.2716666666666666,1.2183609995990992,1.2183609995990992,0.0
double_dqn,806,161,95.39830500781537,96.04271906480194,32.45879726111889,62.939508312940596,1.5805788319557905,18320.180812835693,0.0,29.0,0.0,2.0,0.2671428571428571,1.3406108133494854,1.3406108133494854,0.0
double_dqn,806,162,106.33792978823185,95.5527755509317,38.07029923796654,68.2676304012537,1.6947816330939531,21399.949043273926,0.0,30.0,0.0,2.0,0.26261904761904764,1.1986123919487,1.1986123919487,0.0
double_dqn,806,163,74.38865021020175,94.71747692488135,29.171674259006977,45.216975727677344,1.490517527796328,16475.91982269287,0.0,22.0,0.0,1.0,0.25809523809523816,1.397504735738039,1.397504735738039,0.0
double_dqn,806,164,89.96313752233982,94.8689633897692,31.497167959809303,58.465969532728195,1.5403883298859,17515.69030380249,0.0,26.0,0.0,1.0,0.25357142857142867,1.3649017550051212,1.3649017550051212,0.0
double_dqn,806,165,93.60118409246206,94.67541944414378,33.48701975494623,60.114164754748344,1.5930704763159156,18891.024059295654,0.0,26.0,0.0,1.0,0.24904761904761907,1.2489624563604593,1.2489624563604593,0.0
double_dqn,806,166,94.10325819253922,94.81988736063242,32.80802485346794,61.29523354768753,1.5776496045291424,18351.12908554077,0.0,28.0,0.0,0.0,0.2445238095238096,1.182707853615284,1.182707853615284,0.0
double_dqn,806,167,101.1795051842928,94.93227338343858,33.194650799036026,67.98485358059406,1.5961825754493475,18488.031227111816,0.0,30.0,0.0,0.0,0.24,1.297016467899084,1.297016467899084,0.0
double_dqn,806,168,86.21565047055483,94.22200576327741,30.87349660694599,55.34215419888496,1.5339751858264208,17531.633014678955,0.0,25.0,0.0,2.0,0.2354761904761905,1.4142867401242256,1.4142867401242256,0.0
double_dqn,806,169,94.43188303112984,93.49449933327735,32.77278172969818,61.65910095870495,1.5794670348986983,18383.39716720581,0.0,28.0,0.0,2.0,0.23095238095238102,1.4459055457264185,1.4459055457264185,0.0
double_dqn,806,170,92.85346962064504,93.04102609924972,33.057386599481106,59.79608355760574,1.5984064247459173,18926.050651550293,0.0,27.0,0.0,2.0,0.22642857142857142,1.151930719614029,1.151930719614029,0.0
double_dqn,806,171,89.5614135503769,93.7190919905156,30.52374790608883,59.03766586780548,1.5564270075410604,17600.753002166748,0.0,27.0,0.0,2.0,0.22190476190476194,1.3690223023295403,1.3690223023295403,0.0
double_dqn,806,172,96.74359794706106,93.33205569520592,32.68135407567024,64.06224335730076,1.594775932841003,18427.229541778564,0.0,28.0,0.0,0.0,0.21738095238095245,1.3510035686194897,1.3510035686194897,0.0
double_dqn,806,173,84.32697753608227,92.42765183657409,30.446506038308144,53.880471125245094,1.534280613064766,17287.04253768921,0.0,26.0,0.0,0.0,0.21285714285714286,1.0203021857887506,1.0203021857887506,0.0
double_dqn,806,174,86.32501538842916,91.5794494213909,32.200084805488586,54.124930679798126,1.5649121087044477,18076.760494232178,0.0,24.0,0.0,1.0,0.20833333333333337,1.2276062779128551,1.2276062779128551,0.0
double_dqn,806,175,93.88097313195468,91.14934655830265,32.04611323773861,61.83485992401838,1.6248709671199322,18646.55165863037,0.0,28.0,0.0,1.0,0.20380952380952377,1.6131157465279102,1.6131157465279102,0.0
double_dqn,806,176,104.93614194691182,92.34601278409363,34.37053196132183,70.56560924053193,1.6470992006361485,19298.649745941162,0.0,29.0,0.0,2.0,0.1992857142857143,1.3931799940764904,1.3931799940764904,0.0
double_dqn,806,177,86.34125872403384,92.22646364018323,33.86399411410093,52.47726505696774,1.5980473747476935,19156.736171722412,0.0,23.0,0.0,3.0,0.1947619047619048,1.3443032819777727,1.3443032819777727,0.0
double_dqn,806,178,97.6032068580389,92.41700305677952,34.35423377901316,63.24897326529026,1.607311281375587,19313.6778717041,0.0,28.0,0.0,0.0,0.19023809523809532,1.4375339969992638,1.4375339969992638,0.0
double_dqn,806,179,83.6328128054738,91.85443546354772,30.763035841286182,52.869777232408524,1.5368875842541456,17216.813983917236,0.0,25.0,0.0,0.0,0.18571428571428583,1.229328341782093,1.229328341782093,0.0
double_dqn,806,180,107.00639069378376,92.94153808511794,35.50981770455837,71.49657312333584,1.6969753513112664,20238.12872695923,0.0,30.0,0.0,3.0,0.18119047619047624,1.3772002644836903,1.3772002644836903,0.0
double_dqn,806,181,93.73951272666454,92.85859847106039,32.667682997882366,61.07182964682579,1.5568925570696592,17711.879146575928,0.0,27.0,0.0,1.0,0.17666666666666664,1.2543266117572784,1.2543266117572784,0.0
double_dqn,806,182,91.53308566659689,92.11835626497864,33.37352356314659,58.15956200659275,1.569089730270207,18618.473999023438,0.0,27.0,0.0,0.0,0.17214285714285715,1.3417104221880436,1.3417104221880436,0.0
double_dqn,806,183,84.02099974453449,92.59997374169528,30.948536969721317,53.07246321439743,1.5761412642896175,17555.24891281128,0.0,25.0,0.0,0.0,0.16761904761904767,1.5092045813798904,1.5092045813798904,0.0
double_dqn,806,184,105.5486024171114,93.37924698643387,31.588546596467495,73.96005633473396,1.6041553495451808,18122.335390090942,0.0,32.0,0.0,0.0,0.16309523809523818,1.2635610066354275,1.2635610066354275,0.0
double_dqn,806,185,91.59897966682911,93.27913676515222,32.84974804520607,58.74923151731491,1.5452554980292916,17854.618183135986,0.0,25.0,0.0,1.0,0.1585714285714287,1.3686884753406048,1.3686884753406048,0.0
double_dqn,806,186,80.34454847872257,92.59120127946139,31.03690829128027,49.30763977766037,1.5545674255117774,17455.11047744751,0.0,25.0,0.0,0.0,0.1540476190476191,0.8722927495837212,0.8722927495837212,0.0
double_dqn,806,187,80.73433590829373,91.56894281566144,29.446647107601166,51.28768872618675,1.5197026748210192,17009.081539154053,0.0,23.0,0.0,1.0,0.1495238095238095,1.1694427262991667,1.1694427262991667,0.0
double_dqn,806,188,89.26732871830464,91.72152672804893,32.401352763175964,56.86597597002983,1.5606875214725733,18237.035110473633,0.0,27.0,0.0,1.0,0.14500000000000002,1.3233424127101898,1.3233424127101898,0.0
double_dqn,806,189,90.67018009126187,91.53344158105554,32.457605607807636,58.212574237585066,1.540856254287064,17508.746490478516,0.0,26.0,0.0,1.0,0.14047619047619053,1.242959251627326,1.242959251627326,0.0
double_dqn,806,190,84.26143863797188,91.10384003192188,31.53075535595417,52.730683013796806,1.548440009355545,17124.532070159912,0.0,24.0,0.0,0.0,0.13595238095238105,1.262829165905714,1.262829165905714,0.0
double_dqn,806,191,95.37796769291162,91.39466773904861,33.36536677926779,62.01260094344616,1.5650089932605624,18268.072326660156,0.0,28.0,0.0,2.0,0.13142857142857145,1.204078707844019,1.204078707844019,0.0
double_dqn,806,192,79.67482224106789,90.54122895374894,26.5764250010252,53.09839740395546,1.4752343920990825,15157.591270446777,0.0,24.0,0.0,1.0,0.12690476190476196,1.2167931944131851,1.2167931944131851,0.0
double_dqn,806,193,84.24048983305693,90.53690456859768,29.978111676871777,54.26237812638283,1.4978595031425357,16672.133798599243,0.0,25.0,0.0,1.0,0.12238095238095237,1.4060368556529284,1.4060368556529284,0.0
double_dqn,806,194,94.28792043030262,90.93504982069135,32.29049775004387,61.99742351472378,1.5924452524632215,18106.367290496826,0.0,29.0,0.0,0.0,0.11785714285714288,1.3775057401508093,1.3775057401508093,0.0
double_dqn,806,195,74.45201274156571,89.9636018011719,28.453622706234455,45.99839008748531,1.4577880408614874,15339.987827301025,0.0,22.0,0.0,1.0,0.1133333333333334,1.3957137614488602,1.3957137614488602,0.0
double_dqn,806,196,104.47734345495701,89.94066187657415,34.50039283931255,69.9769497513771,1.613063639961183,18822.452926635742,0.0,30.0,0.0,1.0,0.1088095238095238,1.211037203669548,1.211037203669548,0.0
double_dqn,806,197,92.18310087919235,90.23275398433209,31.432438760995865,60.75066262483597,1.574267870746553,17730.541301727295,0.0,28.0,0.0,0.0,0.10428571428571431,1.2645134627819061,1.2645134627819061,0.0
double_dqn,806,198,79.43002489954233,89.32409488640727,29.656558103859425,49.77346712350845,1.4967130152508616,16564.4933052063,0.0,24.0,0.0,2.0,0.09976190476190483,1.366058213636279,1.366058213636279,0.0
double_dqn,806,199,83.46245896816254,89.3155771945417,29.96419806778431,53.498260885477066,1.5380142200738192,16656.41982269287,0.0,26.0,0.0,0.0,0.09523809523809534,1.311508346349001,1.311508346349001,0.0
double_dqn,806,200,71.43810289502144,87.53716280460358,26.726736314594746,44.711367005109786,1.4181834552437067,14537.578924179077,0.0,22.0,0.0,1.0,0.09071428571428575,1.5058069676160812,1.5058069676160812,0.0
double_dqn,806,201,106.52246681600809,88.17631050907076,33.72038769721985,72.80207967758179,1.6198105132207274,18737.19787979126,0.0,32.0,0.0,0.0,0.08619047619047626,1.3874948788434267,1.3874948788434267,0.0
double_dqn,806,202,74.14479901045561,87.30689617626369,29.07276115566492,45.072037824988364,1.4824935114011168,16309.054244995117,0.0,22.0,0.0,2.0,0.08166666666666667,1.16900478862226,1.16900478862226,0.0
double_dqn,806,203,68.70417656749487,86.54105501741171,26.23998621851206,42.464190408587456,1.4016437334939837,14317.360004425049,0.0,22.0,0.0,1.0,0.07714285714285718,1.5573382712900639,1.5573382712900639,0.0
double_dqn,806,204,81.86317147314548,85.35678347021341,30.822970047593117,51.040201380848885,1.5317201353609562,17283.463172912598,0.0,23.0,0.0,0.0,0.0726190476190477,1.332419540733099,1.332419540733099,0.0
double_dqn,806,205,65.9185971185565,84.07276434279979,27.891354992985725,38.027242170274256,1.440262995660305,15477.19755935669,0.0,19.0,0.0,1.0,0.06809523809523821,1.037894133478403,1.037894133478403,0.0
double_dqn,806,206,89.4797845929861,84.52952614851297,31.51663287729025,57.96315145492554,1.5373228341341019,17508.651035308838,0.0,26.0,0.0,0.0,0.06357142857142861,0.8274407964199781,0.8274407964199781,0.0
double_dqn,806,207,78.67947167307139,84.42678293675185,31.063235603272915,47.61623562276363,1.5410438776016235,17135.174518585205,0.0,22.0,0.0,1.0,0.059047619047619015,1.1115264408290386,1.1115264408290386,0.0
double_dqn,806,208,79.59861843287945,83.94334742248058,29.516839683055878,50.08177889883518,1.508534007705748,16457.302005767822,0.0,24.0,0.0,1.0,0.05452380952380953,1.175875447690487,1.175875447690487,0.0
double_dqn,806,209,81.82661015540361,83.50116892568767,29.45120193809271,52.37540811300278,1.4868978168815374,16213.552005767822,0.0,23.0,0.0,2.0,0.050000000000000044,1.3733942545950413,1.3733942545950413,0.0
double_dqn,806,210,96.24074837565422,84.10013441257179,34.11798223108053,62.122766584157944,1.6121799862012267,18856.31690597534,0.0,28.0,0.0,0.0,0.050000000000000044,1.481670543551445,1.481670543551445,0.0
double_dqn,806,211,107.71903076767921,84.71718756631017,35.732019647955894,71.98701129853725,1.693804425187409,20386.689392089844,0.0,30.0,0.0,1.0,0.050000000000000044,1.1952870041131973,1.1952870041131973,0.0
double_dqn,806,212,85.33091622591019,84.99999226555228,30.725727163255215,54.60518915951252,1.5498201586306095,17096.588108062744,0.0,25.0,0.0,0.0,0.050000000000000044,1.565620856359601,1.565620856359601,0.0
double_dqn,806,213,82.46543695032597,84.91123962141573,30.36240503191948,52.10303197801113,1.5448183370754123,16912.757469177246,0.0,23.0,0.0,1.0,0.050000000000000044,1.3342737946659327,1.3342737946659327,0.0
double_dqn,806,214,86.64164589345455,84.52892589457333,31.02693310379982,55.61471237242222,1.5556136453524232,17447.573139190674,0.0,25.0,0.0,0.0,0.050000000000000044,1.158060610294342,1.158060610294342,0.0
double_dqn,806,215,78.87358692288399,84.75000460363924,29.754413425922394,49.11917373538017,1.5022659236565232,16147.651790618896,0.0,24.0,0.0,0.0,0.050000000000000044,1.2901191916316748,1.2901191916316748,0.0
double_dqn,806,216,76.46987277269363,83.34963106952607,29.336591124534607,47.133281514048576,1.4870990486815572,16238.183853149414,0.0,23.0,0.0,0.0,0.050000000000000044,1.2045063525438309,1.2045063525438309,0.0
double_dqn,806,217,78.61099153012037,82.67102560207248,29.78515115380287,48.82584077119827,1.4927116809412837,16614.04409980774,0.0,23.0,0.0,0.0,0.050000000000000044,1.1809646151959896,1.1809646151959896,0.0
double_dqn,806,218,86.35320647954941,83.01718468107283,29.559323489665985,56.79388284087181,1.47798712272197,15931.760025024414,0.0,26.0,0.0,1.0,0.050000000000000044,1.4084104932844639,1.4084104932844639,0.0
double_dqn,806,219,91.04838816970587,83.39648114115,30.092302091419697,60.95608646571636,1.5236829305067658,16603.24444580078,0.0,28.0,0.0,1.0,0.050000000000000044,1.5022490844130516,1.5022490844130516,0.0
double_dqn,806,220,80.48971942812204,83.84906196780503,28.653567261993885,51.836151868104935,1.4627453051507473,15552.505802154541,0.0,24.0,0.0,1.0,0.050000000000000044,1.1631430853158236,1.1631430853158236,0.0
double_dqn,806,221,82.82460595667362,82.66416892483831,30.903594590723515,51.921011850237846,1.5341609679162502,17527.686027526855,0.0,24.0,0.0,0.0,0.050000000000000044,1.4925638604909182,1.4925638604909182,0.0
double_dqn,806,222,85.9404876679182,83.25395335771142,29.48838697373867,56.45209977030754,1.4928034888580441,16231.03381729126,0.0,26.0,0.0,1.0,0.050000000000000044,1.258924674242735,1.258924674242735,0.0
double_dqn,806,223,79.64853286296129,83.80117117248474,28.279273852705956,51.36925861537456,1.4842598410323262,15970.681396484375,0.0,24.0,0.0,2.0,0.050000000000000044,1.3198999613523483,1.3198999613523483,0.0
double_dqn,806,224,81.10763035714626,83.7633941166848,28.8989984318614,52.208632335066795,1.487721223384142,16031.904201507568,0.0,25.0,0.0,0.0,0.050000000000000044,1.1983744986355305,1.1983744986355305,0.0
double_dqn,806,225,84.21870267689228,84.67839939460157,30.36305220425129,53.855650666356084,1.5294361980631948,17088.29581260681,0.0,25.0,0.0,2.0,0.050000000000000044,1.1155415680259466,1.1155415680259466,0.0
double_dqn,806,226,84.92585472762585,84.45070290133356,29.412386782467365,55.51346778869629,1.5140457199886441,16526.40493774414,0.0,25.0,0.0,2.0,0.050000000000000044,1.4242354482412338,1.4242354482412338,0.0
double_dqn,806,227,85.45157625675202,84.7893081305176,29.074237823486328,56.377338939905165,1.503104329109192,16139.925262451172,0.0,26.0,0.0,1.0,0.050000000000000044,1.5902744084596634,1.5902744084596634,0.0
double_dqn,806,228,75.49955899417401,84.58435515858233,29.89130538702011,45.60825406908989,1.4963930593803525,16638.263370513916,0.0,21.0,0.0,1.0,0.050000000000000044,1.518189238384366,1.518189238384366,0.0
double_dqn,806,229,87.4444558173418,84.86524744167926,32.23400676995516,55.210449278354645,1.5423713698983192,17840.651039123535,0.0,25.0,0.0,1.0,0.050000000000000044,1.5509028173983097,1.5509028173983097,0.0
double_dqn,806,230,89.08810563534499,84.5076153046638,31.32679133862257,57.76131393909454,1.5497112767770886,17472.133029937744,0.0,26.0,0.0,3.0,0.050000000000000044,1.4112229086458683,1.4112229086458683,0.0
double_dqn,806,231,88.3669043853879,83.54000898554922,31.260834865272045,57.10606926679611,1.5413083313032985,17112.15743637085,0.0,25.0,0.0,1.0,0.050000000000000044,1.6333977468311787,1.6333977468311787,0.0
double_dqn,806,232,57.688018375635146,82.15786409303547,24.860252514481544,32.82776599526405,1.365729920566082,13397.142360687256,0.0,19.0,0.0,1.0,0.050000000000000044,1.0711631402373314,1.0711631402373314,0.0
double_dqn,806,233,88.33688659965992,82.45143657550217,31.02906061708927,57.30782514810562,1.5146850226446986,16955.03271484375,0.0,26.0,0.0,0.0,0.050000000000000044,1.222620403394103,1.222620403394103,0.0
double_dqn,806,234,81.94222653955221,82.21646560780704,29.74373009800911,52.198496404290196,1.5166531950235367,16672.886087417603,0.0,24.0,0.0,2.0,0.050000000000000044,1.2078103497624397,1.2078103497624397,0.0
double_dqn,806,235,85.18788410127164,82.53218046672643,31.140190571546555,54.04769335091114,1.5213352022692561,17107.244289398193,0.0,26.0,0.0,1.0,0.050000000000000044,1.747803021222353,1.747803021222353,0.0
double_dqn,806,236,101.44533037543297,83.7809533468634,32.39553638547659,69.0497939825058,1.5891449181362987,18285.393829345703,0.0,30.0,0.0,1.0,0.050000000000000044,1.2396735809743404,1.2396735809743404,0.0
double_dqn,806,237,90.27387830168009,84.36409768544138,31.09875699132681,59.17512084841728,1.5409385720267892,17347.5222530365,0.0,27.0,0.0,3.0,0.050000000000000044,1.6345300078392029,1.6345300078392029,0.0
double_dqn,806,238,84.83791745603085,84.28833323426547,30.332363680005074,54.5055544167757,1.5264462418854237,16942.1844329834,0.0,24.0,0.0,2.0,0.050000000000000044,1.3142901193350554,1.3142901193350554,0.0
double_dqn,806,239,82.3772296383977,83.85477530770005,28.145362325012684,54.23186729848385,1.4853188572451472,15735.846248626709,0.0,26.0,0.0,0.0,0.050000000000000044,1.3098300732672215,1.3098300732672215,0.0
double_dqn,806,240,83.56326552629471,84.00845261260869,29.977821364998817,53.585444220900534,1.5074928561225533,16283.561580657959,0.0,27.0,0.0,2.0,0.050000000000000044,1.1587032675743103,1.1587032675743103,0.0
double_dqn,806,241,83.6543939113617,84.04994201034309,29.619023859500885,54.03537015616894,1.4925677925348282,15981.181659698486,0.0,25.0,0.0,0.0,0.050000000000000044,1.7725579030811787,1.7725579030811787,0.0
double_dqn,806,242,90.61036467552185,84.28343586072326,31.501503720879555,59.10886062681675,1.5377894369885325,17391.891311645508,0.0,27.0,0.0,1.0,0.050000000000000044,1.5305353850126266,1.5305353850126266,0.0
double_dqn,806,243,70.09592944532633,83.80580568984153,26.000297971069813,44.09563151896,1.4065663069486618,14197.589906692505,0.0,21.0,0.0,1.0,0.050000000000000044,1.8096162863075733,1.8096162863075733,0.0
double_dqn,806,244,98.98214156329632,84.69953125014902,32.92840272933245,66.0537389010191,1.610385642386973,18545.84824371338,0.0,31.0,0.0,1.0,0.050000000000000044,1.4600821938365698,1.4600821938365698,0.0
double_dqn,806,245,72.89931858330965,84.1335620454699,27.342841617763042,45.55647675693035,1.4409435419365764,14841.107570648193,0.0,21.0,0.0,0.0,0.050000000000000044,1.3458157274872065,1.3458157274872065,0.0
double_dqn,806,246,89.92366573363543,84.38345259577038,30.73963562399149,59.18403080999851,1.5550174852833152,17209.85247039795,0.0,26.0,0.0,1.0,0.050000000000000044,1.8120777271687984,1.8120777271687984,0.0
double_dqn,806,247,89.21720707416534,84.57173413664104,32.039905808866024,57.177300944924355,1.579422676935792,18084.507957458496,0.0,26.0,0.0,0.0,0.050000000000000044,1.1240296699106693,1.1240296699106693,0.0
double_dqn,806,248,84.87070530802012,85.04029145233335,30.77362572401762,54.09708004593849,1.5295297373086214,17140.867446899414,0.0,24.0,0.0,1.0,0.050000000000000044,1.479540765285492,1.479540765285492,0.0
double_dqn,806,249,72.6512258529663,84.30062995411457,25.876530274748802,46.77469554841518,1.402307691052556,14092.729316711426,0.0,22.0,0.0,2.0,0.050000000000000044,1.1640003193169832,1.1640003193169832,0.0
double_dqn,806,250,92.47924433648586,84.47018688917161,30.491112776100636,61.98813156783581,1.5344834858551621,16799.960201263428,0.0,28.0,0.0,1.0,0.050000000000000044,1.8298216555267572,1.8298216555267572,0.0
double_dqn,806,251,94.31012862920761,84.7673481013626,32.87617465853691,61.43395411968231,1.562225858680904,18121.58291244507,0.0,26.0,0.0,1.0,0.050000000000000044,1.736101359128952,1.736101359128952,0.0
double_dqn,806,252,80.92290931344033,85.92909264825286,29.107050120830536,51.81585901379585,1.4969189707189798,16610.395725250244,0.0,24.0,0.0,1.0,0.050000000000000044,1.4703271705657244,1.4703271705657244,0.0
double_dqn,806,253,94.63366374373436,86.24393150545657,32.75749126076698,61.876172602176666,1.5967178344726562,18146.29538345337,0.0,27.0,0.0,0.0,0.050000000000000044,1.3548439722508192,1.3548439722508192,0.0
double_dqn,806,254,87.81388534754515,86.53751444585623,32.48232097923756,55.33156479299068,1.5704851523041725,17969.42165374756,0.0,26.0,0.0,2.0,0.050000000000000044,1.4671011194586754,1.4671011194586754,0.0
double_dqn,806,255,80.39393529444934,86.29781700551511,28.94478802382946,51.44914739727974,1.46641303319484,15929.374980926514,0.0,23.0,0.0,1.0,0.050000000000000044,1.4717203378677368,1.4717203378677368,0.0
double_dqn,806,256,80.38730902373791,85.24491593793036,31.529749989509583,48.8575591981411,1.548921269364655,17744.534023284912,0.0,23.0,0.0,1.0,0.050000000000000044,1.4573963023722172,1.4573963023722172,0.0
double_dqn,806,257,81.2801390901208,84.79522897735241,29.566247455775738,51.71389136612415,1.5019595650956035,16642.495540618896,0.0,24.0,0.0,2.0,0.050000000000000044,1.6122663114219904,1.6122663114219904,0.0
double_dqn,806,258,85.14852038770914,84.81075912393631,30.05430018156767,55.0942203104496,1.5026009697467089,16335.979782104492,0.0,25.0,0.0,0.0,0.050000000000000044,1.197775362059474,1.197775362059474,0.0
double_dqn,806,259,85.7994584530592,84.98187056466938,29.23981447517872,56.55964451432228,1.4728359887376428,15820.64492225647,0.0,25.0,0.0,1.0,0.050000000000000044,1.5972504802048206,1.5972504802048206,0.0
double_dqn,806,260,86.93970031291246,85.15069230400027,32.101550221443176,54.83815062046051,1.5973362503573298,18424.926761627197,0.0,24.0,0.0,0.0,0.050000000000000044,1.5161532387137413,1.5161532387137413,0.0
double_dqn,806,261,79.460741327703,84.94100967481734,30.17947430163622,49.281267100572585,1.5205750921741128,16673.191246032715,0.0,22.0,0.0,1.0,0.050000000000000044,1.4147843681275845,1.4147843681275845,0.0
double_dqn,806,262,74.61965968459845,84.14147442527117,27.532121561467648,47.08753837645054,1.4517036890611053,15243.953914642334,0.0,24.0,0.0,1.0,0.050000000000000044,1.4190846979618073,1.4190846979618073,0.0
double_dqn,806,263,100.16451978087426,85.64490394204856,33.94571599364281,66.21880402565003,1.5810203989967704,18574.51870727539,0.0,29.0,0.0,1.0,0.050000000000000044,1.7646858673542738,1.7646858673542738,0.0
double_dqn,806,264,68.3757349550724,84.11458361163736,26.64999743551016,41.72573757171631,1.409012214280665,14201.280597686768,0.0,22.0,0.0,0.0,0.050000000000000044,1.3142876364290714,1.3142876364290714,0.0
double_dqn,806,265,79.5460130572319,84.44691833533348,29.051622062921524,50.494391053915024,1.5039358884096146,16195.71212387085,0.0,24.0,0.0,1.0,0.050000000000000044,1.7049564123153687,1.7049564123153687,0.0
double_dqn,806,266,87.03109728693963,84.30228991299869,30.977275907993317,56.05382160246372,1.5764731857925653,17596.63623046875,0.0,26.0,0.0,1.0,0.050000000000000044,1.7182564046233892,1.7182564046233892,0.0
double_dqn,806,267,95.52738731354475,84.61779892496766,32.38069146126509,63.146696388721466,1.5928045958280563,18510.225898742676,0.0,26.0,0.0,0.0,0.050000000000000044,1.247879434376955,1.247879434376955,0.0
double_dqn,806,268,90.02835768461227,84.87568154379726,31.341159977018833,58.687197387218475,1.543970225378871,17369.75329399109,0.0,26.0,0.0,0.0,0.050000000000000044,1.6263839323073626,1.6263839323073626,0.0
double_dqn,806,269,79.94731043577194,85.24048577293755,29.293788127601147,50.65352180898189,1.4883269844576716,16209.931095123291,0.0,25.0,0.0,3.0,0.050000000000000044,1.700016314163804,1.700016314163804,0.0
double_dqn,806,270,83.86169434338808,84.80960827328263,30.739589408040047,53.12210428714752,1.5256137419492006,17161.811405181885,0.0,27.0,0.0,0.0,0.050000000000000044,1.484619963914156,1.484619963914156,0.0
double_dqn,806,271,88.16628668606282,84.50241617612541,31.101252041757107,57.06503486037254,1.5478125214576721,17273.596141815186,0.0,26.0,0.0,1.0,0.050000000000000044,1.4123930726200342,1.4123930726200342,0.0
double_dqn,806,272,80.06259725242853,84.45940057307482,30.567266918718815,49.49533089995384,1.498398625291884,16529.107208251953,0.0,24.0,0.0,0.0,0.050000000000000044,1.7680322229862213,1.7680322229862213,0.0
double_dqn,806,273,73.00883244127036,83.37815900795162,27.221011005342007,45.78782148063183,1.4301153868436813,14684.699045181274,0.0,22.0,0.0,1.0,0.050000000000000044,1.6794023215770721,1.6794023215770721,0.0
double_dqn,806,274,80.05315413326025,82.99012244723738,28.964495964348316,51.088657692074776,1.4801496090367436,15874.129650115967,0.0,24.0,0.0,1.0,0.050000000000000044,1.4950115028768778,1.4950115028768778,0.0
double_dqn,806,275,81.7896369844675,83.05990753173828,30.202692098915577,51.58694523572922,1.493494744412601,16665.051738739014,0.0,23.0,0.0,1.0,0.050000000000000044,1.4320506937801838,1.4320506937801838,0.0
double_dqn,806,276,80.3586905002594,83.05847660556437,30.262843124568462,50.095847085118294,1.5226336224004626,17008.202339172363,0.0,24.0,0.0,0.0,0.050000000000000044,1.3886131178587675,1.3886131178587675,0.0
double_dqn,806,277,72.2823151126504,82.60858540669084,28.217202849686146,44.065111830830574,1.4508289890363812,15385.535591125488,0.0,22.0,0.0,0.0,0.050000000000000044,1.5618835650384426,1.5618835650384426,0.0
double_dqn,806,278,90.44144915938378,82.87323184527456,32.22482766956091,58.21662079691887,1.5417901407927275,17922.435081481934,0.0,28.0,0.0,2.0,0.050000000000000044,1.3481074590235949,1.3481074590235949,0.0
double_dqn,806,279,85.59912077486516,82.86321496136487,30.072915345430374,55.52620501220226,1.5286050261929631,16816.088485717773,0.0,25.0,0.0,1.0,0.050000000000000044,1.4328610468655825,1.4328610468655825,0.0
double_dqn,806,280,76.48745432496071,82.34060266196728,28.995124951004982,47.4923295378685,1.4650467578321695,15883.721435546875,0.0,25.0,0.0,0.0,0.050000000000000044,1.6480836234986782,1.6480836234986782,0.0
double_dqn,806,281,76.25949356853963,82.18054027400913,27.75822500139475,48.501268649101256,1.4462649198248982,15395.254249572754,0.0,24.0,0.0,2.0,0.050000000000000044,1.6332052126526833,1.6332052126526833,0.0
double_dqn,806,282,95.53259524703026,83.22618705213071,33.12560096383095,62.406994327902794,1.600970453582704,18505.63624191284,0.0,28.0,0.0,0.0,0.050000000000000044,1.3550364766269922,1.3550364766269922,0.0
double_dqn,806,283,94.36969763040543,82.93644594460726,31.275121606886387,63.09457582235336,1.5694051962345839,17704.00611114502,0.0,28.0,0.0,1.0,0.050000000000000044,1.7895745746791363,1.7895745746791363,0.0
double_dqn,806,284,84.90386478602886,83.76285243615509,30.137286514043808,54.766577646136284,1.5208888528868556,16870.802841186523,0.0,25.0,0.0,1.0,0.050000000000000044,1.5036617033183575,1.5036617033183575,0.0
double_dqn,806,285,68.68197981268167,83.21965077392757,26.969825878739357,41.712153881788254,1.4286848371848464,14596.997428894043,0.0,21.0,0.0,0.0,0.050000000000000044,1.635513085871935,1.635513085871935,0.0
double_dqn,806,286,79.52746038883924,82.84446892902255,28.34627839922905,51.181182220578194,1.4666439797729254,15702.764516830444,0.0,24.0,0.0,0.0,0.050000000000000044,2.0551610812544823,2.0551610812544823,0.0
double_dqn,806,287,93.82647065073252,82.75942309588194,31.999525137245655,61.82694537937641,1.592365488409996,17779.326545715332,0.0,29.0,0.0,0.0,0.050000000000000044,1.0777570754289627,1.0777570754289627,0.0
double_dqn,806,288,79.32259950190783,82.22413518674672,31.049012817442417,48.273586922883986,1.5340790841728449,17797.997646331787,0.0,23.0,0.0,2.0,0.050000000000000044,1.6262167003005743,1.6262167003005743,0.0
double_dqn,806,289,88.67674618959427,82.66060697443784,31.748112350702286,56.928633481264114,1.5530734099447727,17744.504112243652,0.0,27.0,0.0,0.0,0.050000000000000044,1.5359925273805857,1.5359925273805857,0.0
double_dqn,806,290,66.84749035537243,81.80989677503706,25.561147265136242,41.286343187093735,1.4014722732827067,14185.993286132812,0.0,20.0,0.0,0.0,0.050000000000000044,1.8353060018271208,1.8353060018271208,0.0
double_dqn,806,291,81.38722359538079,81.47094362050295,28.362602032721043,53.02462185323238,1.467128419317305,15809.499795913696,0.0,24.0,0.0,1.0,0.050000000000000044,2.029026372358203,2.029026372358203,0.0
double_dqn,806,292,89.534244582057,81.94452598698437,29.74469429254532,59.789551228284836,1.5407183468341827,17003.108785629272,0.0,28.0,0.0,0.0,0.050000000000000044,1.4720876961946487,1.4720876961946487,0.0
double_dqn,806,293,84.9985699146986,82.54401286065578,29.600233763456345,55.39833597242832,1.5175160113722086,16297.197246551514,0.0,26.0,0.0,1.0,0.050000000000000044,1.8088926430791616,1.8088926430791616,0.0
double_dqn,806,294,89.51928348839283,83.01731932841241,32.37393146753311,57.14535208046436,1.5455126240849495,17271.883827209473,0.0,27.0,0.0,0.0,0.050000000000000044,1.7467197943478823,1.7467197943478823,0.0
double_dqn,806,295,75.51529268324376,82.70360211335124,27.730807550251484,47.784484738111495,1.4608224611729383,15338.456298828125,0.0,24.0,0.0,1.0,0.050000000000000044,1.6005971617996693,1.6005971617996693,0.0
double_dqn,806,296,81.36553079634905,82.75394412815572,29.577802896499634,51.78772833943367,1.4867607215419412,16145.383346557617,0.0,24.0,0.0,0.0,0.050000000000000044,1.4419682901352644,1.4419682901352644,0.0
double_dqn,806,297,85.97375312000513,83.43851602852345,30.849826954305172,55.123925778269765,1.520131611265242,17087.29465484619,0.0,26.0,0.0,2.0,0.050000000000000044,2.076819198206067,2.076819198206067,0.0
double_dqn,806,298,100.75836962461472,83.954362051785,32.84110666811466,67.91726253926754,1.6156077003106475,18754.892044067383,0.0,30.0,0.0,0.0,0.050000000000000044,1.8488183058798313,1.8488183058798313,0.0
double_dqn,806,299,72.8859068915248,83.31870135761798,30.272044233977795,42.61386222541332,1.495942815206945,16731.971338272095,0.0,20.0,0.0,1.0,0.050000000000000044,1.7208069637417793,1.7208069637417793,0.0
double_dqn,806,300,72.3308218434453,83.11086973354222,27.416980884969234,44.91384100317955,1.4467840595170856,15509.124645233154,0.0,24.0,0.0,3.0,0.050000000000000044,1.5628340765833855,1.5628340765833855,0.0
double_dqn,806,301,71.3246515467763,82.86412763245406,26.5927030518651,44.73194807767868,1.409194402396679,14392.604721069336,0.0,21.0,0.0,0.0,0.050000000000000044,2.0079968497157097,2.0079968497157097,0.0
double_dqn,806,302,87.30675555765629,82.45283564798535,31.716781698167324,55.58997397124767,1.5462523875758052,17597.113891601562,0.0,25.0,0.0,0.0,0.050000000000000044,1.746391087770462,1.746391087770462,0.0
double_dqn,806,303,86.16220527142286,82.04246103003621,30.021405048668385,56.14079973101616,1.49438067805022,16765.382595062256,0.0,26.0,0.0,0.0,0.050000000000000044,1.9120982829481363,1.9120982829481363,0.0
double_dqn,806,304,88.08693918585777,82.20161475002766,31.0808956772089,57.00604395568371,1.5644124234095216,17706.37564086914,0.0,26.0,0.0,1.0,0.050000000000000044,1.9005629755556583,1.9005629755556583,0.0
double_dqn,806,305,65.50686923414469,82.04285922110081,24.702198892831802,40.80467063188553,1.3916124971583486,14483.870449066162,0.0,19.0,0.0,0.0,0.050000000000000044,1.7723240125924349,1.7723240125924349,0.0
double_dqn,806,306,91.41169751435518,82.6370710773766,31.590503312647343,59.821194127202034,1.5745543353259563,17975.261222839355,0.0,26.0,0.0,1.0,0.050000000000000044,1.635809812694788,1.635809812694788,0.0
double_dqn,806,307,89.95402085185052,82.44344858743251,31.494757682085037,58.45926355719566,1.5509554166346788,17726.35725402832,0.0,27.0,0.0,1.0,0.050000000000000044,1.4504084307700396,1.4504084307700396,0.0
double_dqn,806,308,73.6292784512043,82.15878253489733,29.637280076742172,43.99199801683426,1.4683824200183153,15926.364238739014,0.0,21.0,0.0,0.0,0.050000000000000044,1.7591605987399817,1.7591605987399817,0.0
double_dqn,806,309,87.71966622024775,82.11092853643001,30.63149245083332,57.08817356824875,1.5438295919448137,17226.553482055664,0.0,25.0,0.0,2.0,0.050000000000000044,1.804896604269743,1.804896604269743,0.0
double_dqn,806,310,74.04270451664925,82.47068924449385,27.676869496703148,46.36583478152752,1.4363788766786456,15078.485555648804,0.0,23.0,0.0,1.0,0.050000000000000044,1.41190942004323,1.41190942004323,0.0
double_dqn,806,311,64.73408599197865,81.63803236432375,26.0959552526474,38.638130605220795,1.3915973054245114,13988.325626373291,0.0,20.0,0.0,0.0,0.050000000000000044,1.6888237036764622,1.6888237036764622,0.0
double_dqn,806,312,94.1738267019391,81.87001147031785,31.639260977506638,62.53456598520279,1.5718052024021745,17818.913803100586,0.0,27.0,0.0,1.0,0.050000000000000044,1.48208599537611,1.48208599537611,0.0
double_dqn,806,313,89.22254208624364,82.08121007889511,31.6962089240551,57.526333609223364,1.5526869837194681,17915.836669921875,0.0,25.0,0.0,3.0,0.050000000000000044,1.5112401321530342,1.5112401321530342,0.0
double_dqn,806,314,83.15747536718845,81.76311967283489,30.635802075266838,52.52167409658432,1.5056254882365465,17259.5594291687,0.0,24.0,0.0,0.0,0.050000000000000044,1.3149572666734457,1.3149572666734457,0.0
double_dqn,806,315,100.13285374641418,82.99399772599341,30.837688863277435,69.29516497254372,1.5626712068915367,17431.487495422363,0.0,30.0,0.0,1.0,0.050000000000000044,1.8506767880171537,1.8506767880171537,0.0
double_dqn,806,316,80.96653378903866,82.97404787562789,30.1403364315629,50.82619700729847,1.4911465151235461,16486.253372192383,0.0,23.0,0.0,1.0,0.050000000000000044,1.7784681636840105,1.7784681636840105,0.0
double_dqn,806,317,62.686565190553665,81.80968847915531,26.94921139627695,35.737354040145874,1.4371768021956086,14895.6789894104,0.0,18.0,0.0,2.0,0.050000000000000044,1.5798228830099106,1.5798228830099106,0.0
double_dqn,806,318,81.80054120719433,80.86179705828428,30.95870405435562,50.841837272048,1.546683019027114,17231.264419555664,0.0,24.0,0.0,0.0,0.050000000000000044,1.4287072997540236,1.4287072997540236,0.0
double_dqn,806,319,86.18444343954324,81.5267238856852,30.77881097793579,55.405632230639455,1.5471120355650783,17680.081665039062,0.0,25.0,0.0,3.0,0.050000000000000044,1.6702642403542995,1.6702642403542995,0.0
double_dqn,806,320,63.695568622648715,81.09496122464537,24.88810770958662,38.807460913062094,1.3871379606425762,13874.45979309082,0.0,19.0,0.0,1.0,0.050000000000000044,1.7676590383052826,1.7676590383052826,0.0
double_dqn,806,321,52.133882214128974,80.13542275801301,23.04303003102541,29.090852391719817,1.3154553845524788,12765.299785614014,0.0,17.0,0.0,3.0,0.050000000000000044,1.6877482775598764,1.6877482775598764,0.0
double_dqn,806,322,64.47787700742484,78.99397883050145,26.539972819387913,37.93790408372879,1.404050461947918,14104.00712966919,0.0,20.0,0.0,2.0,0.050000000000000044,1.5709683112800121,1.5709683112800121,0.0
double_dqn,806,323,78.43595016747713,78.60766607530417,30.71640608459711,47.7195443212986,1.5210292506963015,17003.794357299805,0.0,22.0,0.0,0.0,0.050000000000000044,1.4644541554152966,1.4644541554152966,0.0
double_dqn,806,324,87.72768676280975,78.58970345415176,30.96142829954624,56.76625882089138,1.5397554095834494,17715.36574935913,0.0,26.0,0.0,0.0,0.050000000000000044,1.3225089982151985,1.3225089982151985,0.0
double_dqn,806,325,94.30804028809071,80.02976200684905,33.2732900083065,61.03475010097027,1.5643319115042686,18223.714866638184,0.0,27.0,0.0,4.0,0.050000000000000044,2.098706804215908,2.098706804215908,0.0
double_dqn,806,326,74.1743916451931,79.16789671339095,28.14394334703684,46.03044790327549,1.4681944865733385,15881.792961120605,0.0,21.0,0.0,2.0,0.050000000000000044,1.5902308523654938,1.5902308523654938,0.0
double_dqn,806,327,104.08905975520611,79.87464865855873,35.68756763637066,68.40149223804474,1.6524343807250261,19895.611473083496,0.0,30.0,0.0,0.0,0.050000000000000044,1.677981223911047,1.677981223911047,0.0
double_dqn,806,328,79.01258825063705,80.14381414853037,27.360871694982052,51.651716756820676,1.4371103942394257,15331.51876449585,0.0,24.0,0.0,2.0,0.050000000000000044,2.04539130628109,2.04539130628109,0.0
double_dqn,806,329,75.5135425209999,79.53350796356797,28.320695966482162,47.192846465110776,1.4834076082333922,16033.131492614746,0.0,24.0,0.0,2.0,0.050000000000000044,1.6153789386153221,1.6153789386153221,0.0
double_dqn,806,330,83.71285955011845,80.01701571524143,30.490000367164612,53.22285885512829,1.5153990592807531,16554.501693725586,0.0,24.0,0.0,2.0,0.050000000000000044,1.7111442126333714,1.7111442126333714,0.0
double_dqn,806,331,90.31163355112076,81.29589309319854,31.897322610020638,58.41431047916412,1.584742677398026,17762.325351715088,0.0,26.0,0.0,1.0,0.050000000000000044,1.437914066016674,1.437914066016674,0.0
double_dqn,806,332,63.37757822871208,79.7560806695372,26.90994141995907,36.4676363915205,1.410722459666431,14767.832927703857,0.0,19.0,0.0,0.0,0.050000000000000044,1.202050868421793,1.202050868421793,0.0
double_dqn,806,333,62.22017895579338,78.40596251301469,25.09830579161644,37.121873342990874,1.3751853378489614,14105.58964920044,0.0,18.0,0.0,1.0,0.050000000000000044,1.092779042199254,1.092779042199254,0.0
double_dqn,806,334,73.55287859737874,77.9257326745242,28.30339728295803,45.24948109090328,1.4708154760301113,15807.647590637207,0.0,22.0,0.0,1.0,0.050000000000000044,2.042545359581709,2.042545359581709,0.0
double_dqn,806,335,94.98346181213856,77.66826307781042,32.76475240290165,62.21871018409729,1.5787569722160697,18220.136344909668,0.0,28.0,0.0,0.0,0.050000000000000044,1.5685557387769222,1.5685557387769222,0.0
double_dqn,806,336,88.67101395130157,78.05348708592356,33.562071956694126,55.10894198715687,1.5868487413972616,18644.781829833984,0.0,26.0,0.0,0.0,0.050000000000000044,1.7096271701157093,1.7096271701157093,0.0
double_dqn,806,337,103.3877931267023,80.08854848273099,34.36052940785885,69.02726334631443,1.6168407369405031,19002.725105285645,0.0,31.0,0.0,2.0,0.050000000000000044,1.6225402485579252,1.6225402485579252,0.0
double_dqn,806,338,71.32358145862818,79.56470049530267,28.356133945286274,42.96744763255119,1.4701007567346096,15687.093784332275,0.0,21.0,0.0,1.0,0.050000000000000044,1.266028592363,1.266028592363,0.0
double_dqn,806,339,85.7114257156849,79.54104960910976,30.861471191048622,54.84995430111885,1.552030984312296,17199.478630065918,0.0,25.0,0.0,3.0,0.050000000000000044,1.3832705952227116,1.3832705952227116,0.0
double_dqn,806,340,73.29902842640877,80.02122259929777,29.028524093329906,44.27050469815731,1.4772198190912604,16215.088008880615,0.0,22.0,0.0,0.0,0.050000000000000044,1.6914440095424652,1.6914440095424652,0.0
double_dqn,806,341,81.37910497486591,81.48348373733462,30.5040111169219,50.87509353011846,1.5006087627261877,16542.466484069824,0.0,23.0,0.0,2.0,0.050000000000000044,1.6402718499302864,1.6402718499302864,0.0
double_dqn,806,342,73.54286898076535,81.93673333600165,29.503378033638,44.03949072360992,1.4918969180434942,16330.842498779297,0.0,22.0,0.0,1.0,0.050000000000000044,1.4927791394293308,1.4927791394293308,0.0
double_dqn,806,343,88.23967383056879,82.42691951915621,31.403648510575294,56.83602528274059,1.5317075299099088,17432.50825881958,0.0,26.0,0.0,0.0,0.050000000000000044,1.3826014716178179,1.3826014716178179,0.0
double_dqn,806,344,78.22535513341427,81.95180293768644,28.936969682574272,49.28838562965393,1.4767494145780802,15906.145053863525,0.0,24.0,0.0,1.0,0.050000000000000044,1.4846313185989857,1.4846313185989857,0.0
double_dqn,806,345,84.36808744370937,81.45480529546737,29.584578961133957,54.78350822925567,1.5206872001290321,16886.635747909546,0.0,25.0,0.0,2.0,0.050000000000000044,1.303146230056882,1.303146230056882,0.0
double_dqn,806,346,79.59753101468087,81.72596226394177,29.962000966072083,49.63552979528904,1.4989788681268692,16474.106519699097,0.0,24.0,0.0,1.0,0.050000000000000044,1.3780779764056206,1.3780779764056206,0.0
double_dqn,806,347,92.0249770283699,81.12275812759995,32.49527669698,59.529700458049774,1.5916257463395596,18473.690242767334,0.0,26.0,0.0,0.0,0.050000000000000044,1.594558458775282,1.594558458775282,0.0
double_dqn,806,348,82.18670354038477,81.28146389208734,30.230063192546368,51.956640496850014,1.5196498353034258,16666.43409729004,0.0,25.0,0.0,0.0,0.050000000000000044,1.3877305835485458,1.3877305835485458,0.0
double_dqn,806,349,92.32487864792347,82.12203069843352,31.627400666475296,60.697477862238884,1.5754583673551679,17561.43556213379,0.0,28.0,0.0,0.0,0.050000000000000044,1.788745604455471,1.788745604455471,0.0
double_dqn,806,350,88.717109978199,82.37224321983754,30.663008764386177,58.05410082638264,1.5479437094181776,17220.827968597412,0.0,28.0,0.0,0.0,0.050000000000000044,1.9672828912734985,1.9672828912734985,0.0
double_dqn,806,351,73.68321695178747,81.5408223898709,29.187393508851528,44.49582350254059,1.481359662488103,16111.953918457031,0.0,23.0,0.0,2.0,0.050000000000000044,2.076990056782961,2.076990056782961,0.0
double_dqn,806,352,97.9623332619667,83.2700601415336,35.29968148469925,62.66265211999416,1.629109618254006,19887.79009628296,0.0,29.0,0.0,0.0,0.050000000000000044,1.7939620427787304,1.7939620427787304,0.0
double_dqn,806,353,83.4097955390811,84.329540970698,29.863986499607563,53.54580877125263,1.5202491385862231,17047.0857963562,0.0,25.0,0.0,2.0,0.050000000000000044,1.604399524629116,1.604399524629116,0.0
double_dqn,806,354,75.73930590748787,84.43886233620347,29.072121411561966,46.66718485355377,1.4662260506302118,16096.681266784668,0.0,22.0,0.0,1.0,0.050000000000000044,1.8271412886679173,1.8271412886679173,0.0
double_dqn,806,355,62.91434630900621,82.83540656104685,26.69942932575941,36.21491696834564,1.420764859765768,14909.765832901001,0.0,20.0,0.0,1.0,0.050000000000000044,1.9851664416491985,1.9851664416491985,0.0
double_dqn,806,356,84.99197206348181,82.65145446665586,28.554827645421028,56.437144812941554,1.4674262134358287,15741.587886810303,0.0,26.0,0.0,4.0,0.050000000000000044,1.775439690798521,1.775439690798521,0.0
double_dqn,806,357,69.57434687167407,80.96078215390445,26.26503350585699,43.30931341052055,1.4020169991999865,14467.738878250122,0.0,21.0,0.0,1.0,0.050000000000000044,1.6948962267488241,1.6948962267488241,0.0
double_dqn,806,358,73.54320269376039,81.07176321566105,28.083026230335236,45.46017623245716,1.4422940677031875,15463.246505737305,0.0,21.0,0.0,2.0,0.050000000000000044,1.7030452694743872,1.7030452694743872,0.0
double_dqn,806,359,102.85233226418495,81.92880854308606,33.283583134412766,69.56874966621399,1.6494761193171144,19058.14736175537,0.0,30.0,0.0,0.0,0.050000000000000044,1.403089500963688,1.403089500963688,0.0
double_dqn,806,360,81.85465572923422,82.35658990822733,30.25205971300602,51.602595993876456,1.4948676209896803,16736.970413208008,0.0,25.0,0.0,1.0,0.050000000000000044,1.8914142660796642,1.8914142660796642,0.0
double_dqn,806,361,81.80402535200119,82.37783592708409,28.793013833463192,53.01101170480251,1.4882896458730102,16124.511060714722,0.0,25.0,0.0,0.0,0.050000000000000044,1.8059601560235023,1.8059601560235023,0.0
double_dqn,806,362,94.56753743439913,83.4290693497658,33.63580156117678,60.93173569440842,1.5754803707823157,18981.23222541809,0.0,27.0,0.0,2.0,0.050000000000000044,1.9455743376165628,1.9455743376165628,0.0
double_dqn,806,363,70.80338743329048,82.55725502990188,28.059253484010696,42.744134202599525,1.4556964384391904,15861.023315429688,0.0,21.0,0.0,0.0,0.050000000000000044,1.8239609710872173,1.8239609710872173,0.0
double_dqn,806,364,87.5933814778924,83.02565634712576,29.349349163472652,58.244032031297685,1.5004466278478503,16467.26713180542,0.0,27.0,0.0,4.0,0.050000000000000044,1.639153266325593,1.639153266325593,0.0
double_dqn,806,365,94.96013506501913,83.55525872819126,33.630835480988026,61.32929989695549,1.5913320947438478,18676.541873931885,0.0,28.0,0.0,0.0,0.050000000000000044,2.154682531952858,2.154682531952858,0.0
double_dqn,806,366,97.14603658914567,84.4326840069145,33.18980161845684,63.95623525381088,1.6061154594644904,18599.540008544922,0.0,30.0,0.0,1.0,0.050000000000000044,1.5902075227349997,1.5902075227349997,0.0
double_dqn,806,367,93.90310144424438,84.52659022770823,33.858719021081924,60.044382840394974,1.5884958552196622,18987.985557556152,0.0,27.0,0.0,0.0,0.050000000000000044,1.7258239202201366,1.7258239202201366,0.0
double_dqn,806,368,93.01832927167416,85.06817151427269,32.958464086055756,60.05986506640911,1.606395368464291,18476.521072387695,0.0,28.0,0.0,1.0,0.050000000000000044,1.4122689180076122,1.4122689180076122,0.0
double_dqn,806,369,91.09839194417,85.00684717908503,31.62618537247181,59.47220683991909,1.5931932255625725,18010.151119232178,0.0,27.0,0.0,1.0,0.050000000000000044,2.0256215631961823,2.0256215631961823,0.0
double_dqn,806,370,79.42558375746012,84.54227086804808,28.135965056717396,51.28961832821369,1.4837124487385154,15710.660503387451,0.0,24.0,0.0,2.0,0.050000000000000044,2.189312219619751,2.189312219619751,0.0
double_dqn,806,371,80.03440065681934,84.85983005329967,28.146416381001472,51.88798436522484,1.4718565372750163,15779.497573852539,0.0,27.0,0.0,0.0,0.050000000000000044,1.7793294433504343,1.7793294433504343,0.0
double_dqn,806,372,74.47641734033823,83.68553425721825,28.78850168734789,45.68791580200195,1.482217994518578,16431.836124420166,0.0,22.0,0.0,1.0,0.050000000000000044,1.45256651006639,1.45256651006639,0.0
double_dqn,806,373,64.45518877357244,82.73780391894282,26.834078408777714,37.62111037969589,1.3966792654246092,14729.38447380066,0.0,19.0,0.0,0.0,0.050000000000000044,1.7050316631793976,1.7050316631793976,0.0
double_dqn,806,374,70.55741485357285,82.47870936624706,25.264957644045353,45.292457142472266,1.3926950069144368,14658.23834991455,0.0,22.0,0.0,1.0,0.050000000000000044,1.7289772033691406,1.7289772033691406,0.0
double_dqn,806,375,92.0923502534628,83.9376095634699,31.25929732620716,60.83305304646492,1.5460898540914059,18203.38405227661,0.0,27.0,0.0,3.0,0.050000000000000044,1.7145689614117146,1.7145689614117146,0.0
double_dqn,806,376,96.47313090562821,84.51166750557722,33.74774079024792,62.7253902643919,1.5996362809091806,19170.991661071777,0.0,29.0,0.0,1.0,0.050000000000000044,1.886948861181736,1.886948861181736,0.0
double_dqn,806,377,93.15683777034283,85.69079205051067,33.194968558847904,59.961869367957114,1.5917965257540345,18907.294925689697,0.0,27.0,0.0,1.0,0.050000000000000044,1.9601029176265001,1.9601029176265001,0.0
double_dqn,806,378,88.90887458771468,86.45907564520839,32.3212309256196,56.58764364719391,1.5502057448029518,18255.321479797363,0.0,27.0,0.0,1.0,0.050000000000000044,1.8136899210512638,1.8136899210512638,0.0
double_dqn,806,379,82.19934809505939,85.4264264367521,30.061038710176945,52.13830916881561,1.5076902657747269,16703.68419265747,0.0,26.0,0.0,2.0,0.050000000000000044,1.7159143164753914,1.7159143164753914,0.0
double_dqn,806,380,72.73013186454773,84.97020024351777,27.131459578871727,45.59867185354233,1.4519568542018533,15715.447408676147,0.0,23.0,0.0,2.0,0.050000000000000044,2.0421308260411024,2.0421308260411024,0.0
double_dqn,806,381,89.22571567595006,85.34128475971521,31.47464756667614,57.751068183779715,1.5519842328503728,17961.947261810303,0.0,26.0,0.0,2.0,0.050000000000000044,2.0953399501740932,2.0953399501740932,0.0
double_dqn,806,382,85.41017446666956,84.88341661132873,30.09305913746357,55.31711530685425,1.5390957538038492,17026.91050338745,0.0,26.0,0.0,2.0,0.050000000000000044,1.5933767016977072,1.5933767016977072,0.0
double_dqn,806,383,76.81168810278177,85.18383164480329,28.04269376397133,48.76899474859238,1.4540291046723723,15572.90901184082,0.0,24.0,0.0,0.0,0.050000000000000044,1.9800653047859669,1.9800653047859669,0.0
double_dqn,806,384,88.2713927268982,85.21773220725359,28.84421096742153,59.427181938290595,1.5180883333086967,16764.984802246094,0.0,27.0,0.0,2.0,0.050000000000000044,1.3811884205788374,1.3811884205788374,0.0
double_dqn,806,385,95.94513281583787,85.26698209479453,34.09441113471985,61.8507212638855,1.6037207003682852,18913.53963470459,0.0,28.0,0.0,1.0,0.050000000000000044,1.3710672799497843,1.3710672799497843,0.0
double_dqn,806,386,68.63422437757254,83.84139148421586,26.500918246805668,42.133305847644806,1.4085739944130182,14811.788047790527,0.0,21.0,0.0,1.0,0.050000000000000044,1.5272141061723232,1.5272141061723232,0.0
double_dqn,806,387,95.7627778083086,83.93437530241907,32.037376917898655,63.72540073394775,1.5773589201271534,18069.646530151367,0.0,27.0,0.0,3.0,0.050000000000000044,1.905061773955822,1.905061773955822,0.0
double_dqn,806,388,81.08296124786139,83.33760690122844,28.822868071496487,52.26009331047535,1.4863283205777407,15956.02942276001,0.0,24.0,0.0,2.0,0.050000000000000044,2.153978319838643,2.153978319838643,0.0
double_dqn,806,389,75.50067482590674,82.55772104531528,28.462044596672058,47.03863037824631,1.4643383668735623,16052.118141174316,0.0,22.0,0.0,3.0,0.050000000000000044,1.6267926692962646,1.6267926692962646,0.0
double_dqn,806,390,95.02206400930882,83.3375450579077,32.68125054240227,62.34081337749958,1.597331689670682,18476.48935699463,0.0,27.0,0.0,1.0,0.050000000000000044,1.793092854321003,1.793092854321003,0.0
double_dqn,806,391,74.37827829420567,83.05473893977704,27.392740964889526,46.985537299513815,1.4378440380096436,15441.538776397705,0.0,23.0,0.0,1.0,0.050000000000000044,1.2041399739682674,1.2041399739682674,0.0
double_dqn,806,392,94.81209420412779,84.07152278296651,33.50870309025049,61.30339078605175,1.6020824080333114,19253.72439956665,0.0,28.0,0.0,1.0,0.050000000000000044,1.7086339481174946,1.7086339481174946,0.0
double_dqn,806,393,93.318503215909,85.51468850508334,31.940107189118862,61.37839598953724,1.5596793228760362,17999.25091934204,0.0,29.0,0.0,1.0,0.050000000000000044,1.6748704705387354,1.6748704705387354,0.0
double_dqn,806,394,78.2841112613678,85.90102332547308,29.378123119473457,48.90598851442337,1.491070262156427,16626.79208946228,0.0,23.0,0.0,1.0,0.050000000000000044,1.7189496159553528,1.7189496159553528,0.0
double_dqn,806,395,77.30750428289176,85.16178102694452,29.281765080988407,48.02573839724064,1.4786439333111048,16294.849340438843,0.0,23.0,0.0,1.0,0.050000000000000044,1.557169096544385,1.557169096544385,0.0
double_dqn,806,396,84.7861464560032,84.57743180446327,31.410291358828545,53.375854992866515,1.5350605817511678,17573.077922821045,0.0,26.0,0.0,1.0,0.050000000000000044,1.5933584868907928,1.5933584868907928,0.0
double_dqn,806,397,79.05110287666321,83.87214505977929,28.90678708255291,50.14431595802307,1.4949808614328504,16236.057186126709,0.0,22.0,0.0,0.0,0.050000000000000044,1.89128546603024,1.89128546603024,0.0
double_dqn,806,398,86.09079386591911,83.73124102368952,29.502215206623077,56.58857886791229,1.490878795273602,16269.62130355835,0.0,26.0,0.0,2.0,0.050000000000000044,1.7179279625415802,1.7179279625415802,0.0
double_dqn,806,399,87.8038242995739,84.01146483391524,30.704798504710197,57.09902539253235,1.5505601707845926,17417.217086791992,0.0,26.0,0.0,4.0,0.050000000000000044,1.191684851422906,1.191684851422906,0.0
double_dqn,806,400,83.32923590391874,84.54142003588377,31.883753709495068,51.445481956005096,1.5314212702214718,17773.5821723938,0.0,26.0,0.0,0.0,0.050000000000000044,1.421413365751505,1.421413365751505,0.0
double_dqn,806,401,77.8352032750845,83.97189441584052,30.38362979888916,47.451573595404625,1.504410119727254,16845.96614074707,0.0,22.0,0.0,2.0,0.050000000000000044,2.0329766999930143,2.0329766999930143,0.0
double_dqn,806,402,79.20667626708746,83.6617195058614,27.92436347156763,51.282313257455826,1.4942020885646343,16321.013977050781,0.0,23.0,0.0,1.0,0.050000000000000044,1.8217726573348045,1.8217726573348045,0.0
double_dqn,806,403,82.66944106966257,83.95460715420543,30.460574232041836,52.20886753797531,1.5045144455507398,17261.389720916748,0.0,25.0,0.0,2.0,0.050000000000000044,1.8745090197771788,1.8745090197771788,0.0
double_dqn,806,404,82.1427588686347,83.64817546129225,29.802952960133553,52.339805871248245,1.5071396538987756,16887.28663635254,0.0,24.0,0.0,0.0,0.050000000000000044,1.9834628384560347,1.9834628384560347,0.0
double_dqn,806,405,84.44333052039147,83.07308534651995,30.61585845053196,53.82747256159782,1.5464878985658288,17395.940147399902,0.0,25.0,0.0,1.0,0.050000000000000044,1.7721587345004082,1.7721587345004082,0.0
double_dqn,806,406,85.57846924066544,83.92029758967459,32.01344442367554,53.56502487659454,1.5307354908436537,18000.390474319458,0.0,25.0,0.0,1.0,0.050000000000000044,1.5027849804610014,1.5027849804610014,0.0
double_dqn,806,407,76.19862781018018,82.94209008976819,27.37847340852022,48.82015426754951,1.444483839906752,15395.025646209717,0.0,22.0,0.0,2.0,0.050000000000000044,1.858428716659546,1.858428716659546,0.0
double_dqn,806,408,90.36491421610117,83.40618773818018,32.53813184052706,57.82678170502186,1.5938227465376258,18865.941062927246,0.0,27.0,0.0,1.0,0.050000000000000044,1.7039428502321243,1.7039428502321243,0.0
double_dqn,806,409,84.35365042090416,83.84883651793004,31.229743346571922,53.12390697002411,1.5325313890352845,17663.662391662598,0.0,24.0,0.0,0.0,0.050000000000000044,1.8675872068852186,1.8675872068852186,0.0
double_dqn,806,410,81.89646136164666,83.19255638554692,29.98441083729267,51.91205112040043,1.5062112864106894,16602.82622909546,0.0,24.0,0.0,1.0,0.050000000000000044,1.9716048948466778,1.9716048948466778,0.0
double_dqn,806,411,70.97401174902916,83.0223430582881,27.242401868104935,43.73161046206951,1.4680274799466133,15744.324954986572,0.0,21.0,0.0,3.0,0.050000000000000044,1.5990930814296007,1.5990930814296007,0.0
double_dqn,806,412,55.35295554995537,81.04938612557949,24.03926496207714,31.31369063258171,1.3642025608569384,13354.486755371094,0.0,18.0,0.0,0.0,0.050000000000000044,1.9403453022241592,1.9403453022241592,0.0
double_dqn,806,413,90.30694524943829,80.89880822725596,31.65336050093174,58.653584241867065,1.5692641399800777,18124.66337966919,0.0,27.0,0.0,1.0,0.050000000000000044,1.9761089105159044,1.9761089105159044,0.0
double_dqn,806,414,97.0126913934946,81.83523723386227,32.728140629827976,64.28455090522766,1.5755826700478792,18016.14249420166,0.0,29.0,0.0,0.0,0.050000000000000044,1.8523248508572578,1.8523248508572578,0.0
double_dqn,806,415,92.48816523104907,82.59427028127016,34.53793632239103,57.95022867023945,1.5963370064273477,19087.2839012146,0.0,26.0,0.0,1.0,0.050000000000000044,1.5042163878679276,1.5042163878679276,0.0
double_dqn,806,416,89.54615321159363,82.83227061904968,32.88874852657318,56.6574048936367,1.5888727074488997,18312.85332107544,0.0,26.0,0.0,1.0,0.050000000000000044,2.25984800606966,2.25984800606966,0.0
double_dqn,806,417,81.75416226238012,82.96742358833552,29.081571646034718,52.67259075045585,1.4852653536945581,16269.994876861572,0.0,24.0,0.0,2.0,0.050000000000000044,1.5841350443661213,1.5841350443661213,0.0
double_dqn,806,418,73.94162739217282,82.3599652646482,29.167770877480507,44.77385681271553,1.472252574749291,16158.339778900146,0.0,22.0,0.0,2.0,0.050000000000000044,1.5985687524080276,1.5985687524080276,0.0
double_dqn,806,419,79.0809618756175,81.9238221434504,29.55249782651663,49.52846360206604,1.5096537098288536,16800.35848236084,0.0,24.0,0.0,2.0,0.050000000000000044,1.6075611263513565,1.6075611263513565,0.0
double_dqn,806,420,67.36504799872637,81.12561274819078,27.107155181467533,40.257893443107605,1.4392763916403055,14899.9909324646,0.0,19.0,0.0,0.0,0.050000000000000044,2.0219891853630543,2.0219891853630543,0.0
double_dqn,806,421,91.00926109552384,81.78431563921274,31.253965996205807,59.75529524087906,1.5477575305849314,17497.553089141846,0.0,27.0,0.0,1.0,0.050000000000000044,2.1252506859600544,2.1252506859600544,0.0
double_dqn,806,422,92.81173105537891,82.46456837862732,33.89852198958397,58.91320914030075,1.6148210121318698,18886.401275634766,0.0,26.0,0.0,0.0,0.050000000000000044,2.0074424501508474,2.0074424501508474,0.0
double_dqn,806,423,70.72905079424382,81.86754886485637,26.568025022745132,44.16102556288242,1.427256777882576,15079.799816131592,0.0,20.0,0.0,1.0,0.050000000000000044,1.868611054494977,1.868611054494977,0.0
double_dqn,806,424,79.12819923013448,81.71682088293136,28.0725242421031,51.0556744068861,1.463495689444244,15743.626449584961,0.0,23.0,0.0,2.0,0.050000000000000044,1.4608185291290283,1.4608185291290283,0.0
double_dqn,806,425,78.63500142097473,81.42640442796052,28.38433326035738,50.250667840242386,1.4489795323461294,16306.213325500488,0.0,24.0,0.0,0.0,0.050000000000000044,1.7201177477836609,1.7201177477836609,0.0
double_dqn,806,426,74.02581843137742,80.84877188749611,29.943688109517097,44.08212994933128,1.4788936246186495,16500.564390182495,0.0,23.0,0.0,2.0,0.050000000000000044,2.250852884724736,2.250852884724736,0.0
double_dqn,806,427,93.95816592425108,81.73674879319967,32.524290949106216,61.4338744983077,1.5591029059141874,17879.086990356445,0.0,27.0,0.0,2.0,0.050000000000000044,1.8577784597873688,1.8577784597873688,0.0
double_dqn,806,428,103.57908625900745,82.39745739534497,35.6802896335721,67.89879697561264,1.6627661241218448,20302.96875,0.0,29.0,0.0,3.0,0.050000000000000044,1.7512149903923273,1.7512149903923273,0.0
double_dqn,806,429,90.3620000422001,82.69787487640977,31.13200058788061,59.229998940229414,1.542673128657043,17204.334476470947,0.0,26.0,0.0,2.0,0.050000000000000044,1.6947399098426104,1.6947399098426104,0.0
double_dqn,806,430,73.47215288132429,82.27665945239366,28.29683918505907,45.17531378567219,1.4727597571909428,15980.483856201172,0.0,21.0,0.0,0.0,0.050000000000000044,1.4566699899733067,1.4566699899733067,0.0
double_dqn,806,431,92.6714908182621,83.36153340585531,30.492748834192753,62.17874237895012,1.5540811968967319,17182.79786682129,0.0,28.0,0.0,1.0,0.050000000000000044,1.6849131919443607,1.6849131919443607,0.0
double_dqn,806,432,91.60256781578065,85.17401401914658,33.6841439306736,57.91842348277569,1.5437252195551991,18421.244567871094,0.0,27.0,0.0,1.0,0.050000000000000044,1.6731361616402864,1.6731361616402864,0.0
double_dqn,806,433,87.07756078243256,85.01254479579629,31.06457842886448,56.012981951236725,1.521334326826036,17187.53484725952,0.0,27.0,0.0,1.0,0.050000000000000044,1.4211921077221632,1.4211921077221632,0.0
double_dqn,806,434,75.50297396630049,83.93705892443657,28.938040234148502,46.564933970570564,1.4701185235753655,16641.154830932617,0.0,22.0,0.0,1.0,0.050000000000000044,1.7741788309067488,1.7741788309067488,0.0
double_dqn,806,435,84.8055220991373,83.552926767841,30.616879612207413,54.1886425614357,1.514544753357768,16862.826347351074,0.0,25.0,0.0,0.0,0.050000000000000044,1.74345588311553,1.74345588311553,0.0
double_dqn,806,436,72.72583309113979,82.7119107618183,26.016087278723717,46.70974593162536,1.4398069875314832,14992.806095123291,0.0,23.0,0.0,4.0,0.050000000000000044,1.8363400418311357,1.8363400418311357,0.0
double_dqn,806,437,73.8617240935564,82.31728885337711,28.946651250123978,44.9150722771883,1.4582759281620383,15777.852420806885,0.0,23.0,0.0,0.0,0.050000000000000044,1.6486822459846735,1.6486822459846735,0.0
double_dqn,806,438,71.54868208616972,82.19764158807695,25.857637986540794,45.691044345498085,1.4199236799031496,14647.96266746521,0.0,22.0,0.0,0.0,0.050000000000000044,2.062430813908577,2.062430813908577,0.0
double_dqn,806,439,88.20740994811058,82.6539639917016,31.771479353308678,56.43593129515648,1.5813063904643059,18187.28832244873,0.0,28.0,0.0,1.0,0.050000000000000044,1.9645070787519217,1.9645070787519217,0.0
double_dqn,806,440,75.46496558189392,83.05895987085998,27.497450336813927,47.9675150513649,1.452135401777923,15493.147930145264,0.0,24.0,0.0,0.0,0.050000000000000044,1.7824317552149296,1.7824317552149296,0.0
double_dqn,806,441,71.4317813962698,82.08008588589728,29.09904234111309,42.33273959159851,1.4548894027248025,15811.282196044922,0.0,21.0,0.0,0.0,0.050000000000000044,1.8601848687976599,1.8601848687976599,0.0
double_dqn,806,442,95.28492601960897,82.20374563410878,32.688290886580944,62.59663528203964,1.6046666307374835,18719.702377319336,0.0,28.0,0.0,2.0,0.050000000000000044,1.706773329526186,1.706773329526186,0.0
double_dqn,806,443,94.14921871721745,83.37475403025748,30.195789992809296,63.95342848598957,1.5540136201307178,17667.206573486328,0.0,29.0,0.0,3.0,0.050000000000000044,1.8538155257701874,1.8538155257701874,0.0
double_dqn,806,444,78.0135938256979,83.31902376003563,29.386508092284203,48.6270853459835,1.4866895880550146,16292.391971588135,0.0,22.0,0.0,5.0,0.050000000000000044,1.7608839254826307,1.7608839254826307,0.0
double_dqn,806,445,71.30654603987932,82.95260099098087,26.56724274903536,44.7393040060997,1.418582309037447,14808.288497924805,0.0,21.0,0.0,0.0,0.050000000000000044,1.841023974120617,1.841023974120617,0.0
double_dqn,806,446,85.9639417603612,83.54950715743006,29.742721416056156,56.22122046351433,1.5006936406716704,16515.637172698975,0.0,26.0,0.0,1.0,0.050000000000000044,1.6036482658237219,1.6036482658237219,0.0
double_dqn,806,447,73.64034444093704,82.53361608326435,27.06950367987156,46.57084086537361,1.4399427184835076,15330.407855987549,0.0,23.0,0.0,0.0,0.050000000000000044,1.163318257778883,1.163318257778883,0.0
double_dqn,806,448,83.86906109750271,81.54811482518912,29.91956853121519,53.94949281215668,1.5058982567861676,16700.760917663574,0.0,25.0,0.0,0.0,0.050000000000000044,1.801066316664219,1.801066316664219,0.0
double_dqn,806,449,88.56324127316475,81.45817688673735,30.04571832716465,58.51752322912216,1.5268472600728273,17425.168075561523,0.0,25.0,0.0,1.0,0.050000000000000044,1.8144067581743002,1.8144067581743002,0.0
double_dqn,806,450,96.00277542471886,82.58470801390709,33.352864518761635,62.64991080164909,1.5918191093951464,18693.45221710205,0.0,28.0,0.0,2.0,0.050000000000000044,1.9247887171804905,1.9247887171804905,0.0
double_dqn,806,451,75.92596311122179,81.74743162855506,28.306279957294464,47.619682654738426,1.4548049783334136,15827.476015090942,0.0,24.0,0.0,0.0,0.050000000000000044,1.67810944840312,1.67810944840312,0.0
double_dqn,806,452,83.34642067700625,81.33462427161635,29.4389838129282,53.90743658840656,1.488114153034985,16476.80877685547,0.0,25.0,0.0,1.0,0.050000000000000044,1.9403314162045717,1.9403314162045717,0.0
double_dqn,806,453,92.05056701004506,81.58327458299698,30.28543334454298,61.76513338983059,1.52653216291219,17016.555644989014,0.0,28.0,0.0,2.0,0.050000000000000044,2.001632958650589,2.001632958650589,0.0
double_dqn,806,454,76.88758581876755,81.65250517562033,28.89799064397812,47.98959541320801,1.4816650617867708,16613.361932754517,0.0,23.0,0.0,1.0,0.050000000000000044,2.4161195643246174,2.4161195643246174,0.0
double_dqn,806,455,81.55618686974049,81.49003841415049,29.40506985038519,52.15111643075943,1.5168429566547275,17109.797382354736,0.0,24.0,0.0,0.0,0.050000000000000044,2.1562842577695847,2.1562842577695847,0.0
double_dqn,806,456,84.87685688734055,82.09758960396053,31.651973202824593,53.22488375902176,1.5755729973316193,18108.475212097168,0.0,24.0,0.0,1.0,0.050000000000000044,1.6345436181873083,1.6345436181873083,0.0
double_dqn,806,457,78.96017961502075,82.35251238003374,30.268489852547646,48.69168956875801,1.4851554716005921,16752.11716079712,0.0,24.0,0.0,2.0,0.050000000000000044,1.7320248652249575,1.7320248652249575,0.0
double_dqn,806,458,72.10983403027058,82.38056997723878,27.292862847447395,44.816971361637115,1.462986359372735,15996.005683898926,0.0,24.0,0.0,1.0,0.050000000000000044,1.7976675741374493,1.7976675741374493,0.0
double_dqn,806,459,78.20491679906846,81.88044531978667,28.483222290873528,49.72169452309608,1.4769806526601315,15710.872844696045,0.0,23.0,0.0,1.0,0.050000000000000044,2.0591188333928585,2.0591188333928585,0.0
double_dqn,806,460,75.2448824286461,81.86944116212428,28.099456310272217,47.145425939559935,1.4610048020258546,15902.929489135742,0.0,23.0,0.0,2.0,0.050000000000000044,2.0611117742955685,2.0611117742955685,0.0
double_dqn,806,461,79.70432499051094,82.28306834183635,30.45295212417841,49.251372531056404,1.530008197762072,17148.24852371216,0.0,24.0,0.0,1.0,0.050000000000000044,2.0801465585827827,2.0801465585827827,0.0
double_dqn,806,462,94.69718708842993,82.25368139527738,31.679382346570492,63.01780444383621,1.5862148962914944,18105.32081222534,0.0,28.0,0.0,0.0,0.050000000000000044,1.700866837054491,1.700866837054491,0.0
double_dqn,806,463,74.431092441082,81.2677750814706,27.275315530598164,47.15577721595764,1.455448230728507,16017.336364746094,0.0,23.0,0.0,0.0,0.050000000000000044,1.8363406080752611,1.8363406080752611,0.0
double_dqn,806,464,86.77429986000061,81.70581038318575,30.542370721697807,56.231929302215576,1.512460739351809,17148.995811462402,0.0,25.0,0.0,2.0,0.050000000000000044,1.6911634858697653,1.6911634858697653,0.0
double_dqn,806,465,68.73739934712648,81.5773530485481,27.845191188156605,40.89220803976059,1.457822590135038,15825.907150268555,0.0,20.0,0.0,0.0,0.050000000000000044,2.1330864932388067,2.1330864932388067,0.0
double_dqn,806,466,75.87969826459884,81.07314087375998,28.544072039425373,47.33562659025192,1.458156106993556,15534.151140213013,0.0,22.0,0.0,3.0,0.050000000000000044,1.6223569512367249,1.6223569512367249,0.0
double_dqn,806,467,74.18940270096064,81.10059378676117,29.109190978109837,45.080211439728735,1.4765548100695014,16185.694408416748,0.0,21.0,0.0,1.0,0.050000000000000044,2.0374120995402336,2.0374120995402336,0.0
double_dqn,806,468,70.10532693117857,80.41240707844496,27.790750615298748,42.3145760923624,1.433182374574244,15647.337001800537,0.0,20.0,0.0,2.0,0.050000000000000044,1.9183041136711836,1.9183041136711836,0.0
double_dqn,806,469,55.7534623593092,78.77191813275218,24.04496841132641,31.708493769168854,1.330464386381209,13217.073459625244,0.0,19.0,0.0,0.0,0.050000000000000044,2.150019269436598,2.150019269436598,0.0
double_dqn,806,470,85.7003068625927,78.25679470464587,32.553339906036854,53.14696691930294,1.5668078884482384,18119.38091659546,0.0,25.0,0.0,0.0,0.050000000000000044,2.3187402710318565,2.3187402710318565,0.0
double_dqn,806,471,76.03647585958242,78.2623203420639,31.22129025310278,44.815185487270355,1.5117133650928736,17459.84917831421,0.0,21.0,0.0,1.0,0.050000000000000044,1.8710989244282246,1.8710989244282246,0.0
double_dqn,806,472,71.21556737273932,77.65577767685056,28.08314235508442,43.132425010204315,1.4753735205158591,16017.073886871338,0.0,21.0,0.0,1.0,0.050000000000000044,1.970491198822856,1.970491198822856,0.0
double_dqn,806,473,69.21282902657985,76.51389077767729,26.378308907151222,42.83452031314373,1.4039991348981857,14782.209396362305,0.0,19.0,0.0,2.0,0.050000000000000044,1.9824843853712082,1.9824843853712082,0.0
double_dqn,806,474,83.66065327823162,76.8525441506505,28.36183835566044,55.2988146841526,1.4614948416128755,16312.930644989014,0.0,24.0,0.0,1.0,0.050000000000000044,2.2831711526960135,2.2831711526960135,0.0
double_dqn,806,475,85.01719646155834,77.02559463024139,30.863597862422466,54.153598606586456,1.5330365728586912,17422.845783233643,0.0,26.0,0.0,0.0,0.050000000000000044,2.160545477643609,2.160545477643609,0.0
double_dqn,806,476,77.42520902454854,76.65301223710179,28.125406228005886,49.29980272948742,1.4646981516852975,15770.583335876465,0.0,25.0,0.0,1.0,0.050000000000000044,1.6347200199961662,1.6347200199961662,0.0
double_dqn,806,477,84.12110474705696,76.9110584937036,31.503842741250992,52.61726099252701,1.5509998891502619,17579.89866256714,0.0,25.0,0.0,0.0,0.050000000000000044,2.222776286303997,2.222776286303997,0.0
double_dqn,806,478,72.37381967902184,76.92425777614116,26.314300939440727,46.05951884388924,1.4521243795752525,15198.923011779785,0.0,23.0,0.0,1.0,0.050000000000000044,1.8241765219718218,1.8241765219718218,0.0
double_dqn,806,479,81.81598256528378,77.10481106445194,28.274099685251713,53.54188288748264,1.4892933489754796,16119.799308776855,0.0,25.0,0.0,1.0,0.050000000000000044,1.682383332401514,1.682383332401514,0.0
double_dqn,806,480,91.28313668817282,77.90672377742827,31.650325126945972,59.632811695337296,1.5585756544023752,17760.813514709473,0.0,27.0,0.0,0.0,0.050000000000000044,2.2393756303936243,2.2393756303936243,0.0
double_dqn,806,481,62.591809809207916,77.05109801836312,27.022208847105503,35.56960117816925,1.3936134176328778,15150.952445983887,0.0,18.0,0.0,0.0,0.050000000000000044,2.175539255142212,2.175539255142212,0.0
double_dqn,806,482,69.87098519653082,75.80978792376817,27.13764836639166,42.73333671092987,1.441768660210073,15451.450248718262,0.0,20.0,0.0,2.0,0.050000000000000044,1.80147909745574,1.80147909745574,0.0
double_dqn,806,483,88.22185230255127,76.49932591684163,31.12526123225689,57.09659047424793,1.5544069176539779,17772.890365600586,0.0,25.0,0.0,2.0,0.050000000000000044,1.6511538438498974,1.6511538438498974,0.0
double_dqn,806,484,69.01726226508617,75.61147403709592,25.58220301568508,43.43505950272083,1.4302893113344908,14865.545379638672,0.0,21.0,0.0,2.0,0.050000000000000044,1.8658732697367668,1.8658732697367668,0.0
double_dqn,806,485,80.85773922502995,76.21749103099108,29.74368117749691,51.1140580624342,1.5303389690816402,16960.883319854736,0.0,23.0,0.0,1.0,0.050000000000000044,2.673418167978525,2.673418167978525,0.0
double_dqn,806,486,79.51525709182025,76.39926897235216,28.970291949808598,50.54496539533138,1.4969882983714342,16398.61114883423,0.0,24.0,0.0,2.0,0.050000000000000044,1.9815281853079796,1.9815281853079796,0.0
double_dqn,806,487,80.20977957099676,76.70028781585395,28.612075574696064,51.5977040708065,1.4977003186941147,16673.26539993286,0.0,25.0,0.0,2.0,0.050000000000000044,1.9213885962963104,1.9213885962963104,0.0
double_dqn,806,488,75.4602905139327,76.96803599499165,27.21306136995554,48.247228890657425,1.4362771827727556,15214.388397216797,0.0,24.0,0.0,1.0,0.050000000000000044,1.9384564850479364,1.9384564850479364,0.0
double_dqn,806,489,85.2197673894465,78.44135124649853,29.689991179853678,55.52977588176727,1.4848940456286073,16298.638134002686,0.0,27.0,0.0,1.0,0.050000000000000044,2.028655031695962,2.028655031695962,0.0
double_dqn,806,490,73.82686169594527,77.84767898816617,29.526827320456505,44.30003442019224,1.4958647433668375,16505.912425994873,0.0,21.0,0.0,1.0,0.050000000000000044,1.502765953540802,1.502765953540802,0.0
double_dqn,806,491,81.15822733938694,78.1037665621564,27.78811965882778,53.370107769966125,1.483319167047739,16453.257053375244,0.0,23.0,0.0,2.0,0.050000000000000044,1.8053156044334173,1.8053156044334173,0.0
double_dqn,806,492,77.03020490258932,78.3944984386489,29.979019947350025,47.05118494033813,1.5192673914134502,17022.034591674805,0.0,21.0,0.0,2.0,0.050000000000000044,1.4765016958117485,1.4765016958117485,0.0
double_dqn,806,493,73.47109009325504,78.60741149198265,26.191773124039173,47.279316917061806,1.4215319771319628,15146.121520996094,0.0,24.0,0.0,0.0,0.050000000000000044,1.8339146543294191,1.8339146543294191,0.0
double_dqn,806,494,63.6208966165781,77.60542365889997,25.513986855745316,38.10690932869911,1.4037963543087244,14081.952285766602,0.0,19.0,0.0,2.0,0.050000000000000044,1.6902150344103575,1.6902150344103575,0.0
double_dqn,806,495,81.19695101678371,77.41441138666124,30.339517697691917,50.85743270814419,1.5241180043667555,17032.830192565918,0.0,24.0,0.0,0.0,0.050000000000000044,1.8813424557447433,1.8813424557447433,0.0
double_dqn,806,496,75.20992857962847,77.30364736441524,30.859253264963627,44.350675627589226,1.5429368363693357,17944.719612121582,0.0,23.0,0.0,0.0,0.050000000000000044,1.5884513184428215,1.5884513184428215,0.0
double_dqn,806,497,81.52448460459709,77.17381635729224,30.012116618454456,51.51236763596535,1.5103657357394695,16481.27982711792,0.0,24.0,0.0,0.0,0.050000000000000044,1.8627350088208914,1.8627350088208914,0.0
double_dqn,806,498,67.27327384054661,76.91878906536847,26.407696083188057,40.86557784676552,1.4028055761009455,14464.31003189087,0.0,20.0,0.0,0.0,0.050000000000000044,1.9867574870586395,1.9867574870586395,0.0
double_dqn,806,499,82.83160918951035,76.96957039657981,29.26048170030117,53.57112693786621,1.5163334980607033,17119.80055999756,0.0,24.0,0.0,2.0,0.050000000000000044,1.9128246661275625,1.9128246661275625,0.0
double_dqn,806,500,79.83668642491102,76.39724788341671,30.24893520772457,49.587751030921936,1.5186947891488671,16934.038635253906,0.0,25.0,0.0,0.0,0.050000000000000044,2.210599109530449,2.210599109530449,0.0
double_dqn,806,501,74.07222933471203,76.97126885969192,28.06013698875904,46.012092196941374,1.4821665873751044,16181.419563293457,0.0,21.0,0.0,1.0,0.050000000000000044,1.8225739505141973,1.8225739505141973,0.0
double_dqn,806,502,80.74943321347237,77.51519126053901,29.96228677034378,50.787146323919295,1.50970552675426,17185.36220550537,0.0,23.0,0.0,3.0,0.050000000000000044,2.3772244080901146,2.3772244080901146,0.0
double_dqn,806,503,73.293315538764,76.76876442234965,28.37373634427786,44.9195794403553,1.4411244578659534,15703.790878295898,0.0,21.0,0.0,1.0,0.050000000000000044,1.5446490440517664,1.5446490440517664,0.0
double_dqn,806,504,72.09349379241466,76.92257599871607,26.42187649011612,45.67161687016487,1.4310384979471564,15303.81693649292,0.0,21.0,0.0,4.0,0.050000000000000044,1.5844943299889565,1.5844943299889565,0.0
double_dqn,806,505,70.13279052078724,76.38632856350392,27.08364574611187,43.049144849181175,1.446555806323886,15182.015464782715,0.0,22.0,0.0,1.0,0.050000000000000044,2.1814359948039055,2.1814359948039055,0.0
double_dqn,806,506,100.43749752789736,77.43244058530777,32.71399158984423,67.72350543141366,1.5627446547150612,18222.94160079956,0.0,30.0,0.0,2.0,0.050000000000000044,2.1095899865031242,2.1095899865031242,0.0
double_dqn,806,507,82.00878053307534,77.52239063341172,30.57699289917946,51.43178781270981,1.5500825243070722,17625.39507293701,0.0,24.0,0.0,2.0,0.050000000000000044,1.9852984547615051,1.9852984547615051,0.0
double_dqn,806,508,87.51549656689167,78.12515093605967,31.601306475698948,55.91418993473053,1.5133795673027635,17530.463897705078,0.0,26.0,0.0,0.0,0.050000000000000044,1.5472431499511003,1.5472431499511003,0.0
double_dqn,806,509,75.94427837431431,77.66137648530305,27.675971508026123,48.26830726861954,1.4449326386675239,15655.632949829102,0.0,23.0,0.0,0.0,0.050000000000000044,2.107935493811965,2.107935493811965,0.0
double_dqn,806,510,94.9753637701273,78.71880158901214,33.3121567517519,61.66320767402649,1.6112250061705709,18796.70371246338,0.0,28.0,0.0,1.0,0.050000000000000044,1.901497982442379,1.901497982442379,0.0
double_dqn,806,511,77.06554471999407,78.51416745804251,28.802087105810642,48.263457629084584,1.4799309652298689,16510.433572769165,0.0,24.0,0.0,3.0,0.050000000000000044,1.4269601628184319,1.4269601628184319,0.0
double_dqn,806,512,94.10081634223461,79.36769803002477,29.55090743303299,64.54990913271904,1.5482818456366658,17023.535152435303,0.0,29.0,0.0,2.0,0.050000000000000044,1.828191014006734,1.828191014006734,0.0
double_dqn,806,513,67.83211679905654,79.08574936531485,27.192785792052746,40.63933075368404,1.445475555025041,15542.644760131836,0.0,19.0,0.0,1.0,0.050000000000000044,2.116778403520584,2.116778403520584,0.0
double_dqn,806,514,97.91355355083942,80.80038221202791,34.24958671629429,63.66396653652191,1.6524092657491565,19995.09482574463,0.0,29.0,0.0,1.0,0.050000000000000044,1.919333329424262,1.919333329424262,0.0
double_dqn,806,515,69.06213625520468,80.19364147394896,27.700508147478104,41.36162826418877,1.4320016484707594,15448.525224685669,0.0,22.0,0.0,0.0,0.050000000000000044,1.3765806052833796,1.3765806052833796,0.0
double_dqn,806,516,97.22204712927342,81.2942474014312,32.999257013201714,64.22279044389725,1.5888025285676122,18470.55809402466,0.0,29.0,0.0,1.0,0.050000000000000044,1.9859572649002075,1.9859572649002075,0.0
double_dqn,806,517,83.81498254090548,81.40877229824663,30.43933030217886,53.37565243244171,1.517935762181878,17355.13850402832,0.0,25.0,0.0,2.0,0.050000000000000044,1.4425314404070377,1.4425314404070377,0.0
double_dqn,806,518,75.64947391450406,81.82758230194449,29.205239340662956,46.444234380126,1.4964828230440617,16821.12310409546,0.0,21.0,0.0,1.0,0.050000000000000044,1.9737341776490211,1.9737341776490211,0.0
double_dqn,806,519,87.27455154061317,82.04972941949964,31.188243061304092,56.08630847930908,1.5318338116630912,17525.814250946045,0.0,28.0,0.0,0.0,0.050000000000000044,1.705600768327713,1.705600768327713,0.0
double_dqn,806,520,78.33372458070517,81.97458132728934,28.862857155501842,49.470867395401,1.492917526513338,16443.297843933105,0.0,23.0,0.0,0.0,0.050000000000000044,1.2929449640214443,1.2929449640214443,0.0
double_dqn,806,521,78.14103166013956,82.17802144356072,29.66438079625368,48.47665090858936,1.4823206812143326,16470.691665649414,0.0,23.0,0.0,0.0,0.050000000000000044,1.387549303472042,1.387549303472042,0.0
double_dqn,806,522,81.93755860626698,82.23742771320045,30.765003949403763,51.172554448246956,1.5100008677691221,17196.82294845581,0.0,25.0,0.0,0.0,0.050000000000000044,1.7026195470243692,1.7026195470243692,0.0
double_dqn,806,523,76.21064300090075,82.38329408630729,30.794727884232998,45.41591529548168,1.5179434744641185,17249.526319503784,0.0,21.0,0.0,0.0,0.050000000000000044,1.9267527014017105,1.9267527014017105,0.0
double_dqn,806,524,77.70355321466923,82.66379705742001,28.681343629956245,49.022209852933884,1.4708004714921117,16035.611724853516,0.0,24.0,0.0,1.0,0.050000000000000044,1.578888887539506,1.578888887539506,0.0
double_dqn,806,525,88.23769249171019,83.56904215596617,32.02160359919071,56.21608907878399,1.5869542695581913,18551.227325439453,0.0,25.0,0.0,1.0,0.050000000000000044,1.2929084170609713,1.2929084170609713,0.0
double_dqn,806,526,85.15466612130403,82.80490058563649,32.25694052129984,52.897725480794904,1.5840483075007796,18542.644941329956,0.0,25.0,0.0,2.0,0.050000000000000044,1.4481935761868954,1.4481935761868954,0.0
double_dqn,806,527,86.44891954362393,83.02690753616393,30.30702245980501,56.14189704656601,1.5205248836427927,17135.106117248535,0.0,26.0,0.0,1.0,0.050000000000000044,1.6232599634677172,1.6232599634677172,0.0
double_dqn,806,528,68.23854557424784,82.06305998653174,25.9964926764369,42.24205295741558,1.439371520653367,15058.851322174072,0.0,22.0,0.0,0.0,0.050000000000000044,1.6486410088837147,1.6486410088837147,0.0
double_dqn,806,529,87.40132344067096,82.63591223984956,31.108817383646965,56.29250604212284,1.559535026550293,17968.988311767578,0.0,25.0,0.0,2.0,0.050000000000000044,1.9049469195306301,1.9049469195306301,0.0
double_dqn,806,530,82.46225033700466,82.01025656819344,30.7037255987525,51.7585252225399,1.5328139029443264,17207.28569793701,0.0,23.0,0.0,0.0,0.050000000000000044,2.3608818650245667,2.3608818650245667,0.0
double_dqn,806,531,66.24256846606731,81.4691077554971,27.359066545963287,38.883501935005185,1.4411613829433918,15277.02417755127,0.0,19.0,0.0,3.0,0.050000000000000044,1.958244826644659,1.958244826644659,0.0
double_dqn,806,532,77.74853758513927,80.65149381764232,29.72079212963581,48.027745485305786,1.5224995017051697,16869.9659576416,0.0,24.0,0.0,0.0,0.050000000000000044,1.60961002856493,1.60961002856493,0.0
double_dqn,806,533,81.62545418739319,81.34116068705916,27.351863965392113,54.27359081804752,1.459151835180819,15675.454021453857,0.0,26.0,0.0,0.0,0.050000000000000044,1.7423901371657848,1.7423901371657848,0.0
double_dqn,806,534,81.01774401366711,80.49637021020055,30.321800649166107,50.69594326019287,1.5237266458570957,17117.57825088501,0.0,24.0,0.0,2.0,0.050000000000000044,1.9494287185370922,1.9494287185370922,0.0
double_dqn,806,535,87.51119572669268,81.41882318377495,28.970067359507084,58.5411284416914,1.4721138356253505,16254.625255584717,0.0,26.0,0.0,0.0,0.050000000000000044,2.145306758582592,2.145306758582592,0.0
double_dqn,806,536,73.85570272803307,80.25050596371292,30.145924508571625,43.70977811515331,1.521823238581419,16916.088428497314,0.0,22.0,0.0,0.0,0.050000000000000044,2.0208344608545303,2.0208344608545303,0.0
double_dqn,806,537,70.90199715048075,79.60485669419171,26.557970732450485,44.34402639567852,1.4244785010814667,14863.39472579956,0.0,21.0,0.0,1.0,0.050000000000000044,2.153018467128277,2.153018467128277,0.0
double_dqn,806,538,95.78971216976643,80.61186860695483,31.929359182715416,63.860352957248686,1.522429769858718,17837.89963531494,0.0,29.0,0.0,2.0,0.050000000000000044,1.7115605752915144,1.7115605752915144,0.0
double_dqn,806,539,84.40460151433945,80.46837110564113,28.951635509729385,55.45296612381935,1.5098920306190848,16570.268348693848,0.0,24.0,0.0,0.0,0.050000000000000044,1.8526802882552147,1.8526802882552147,0.0
double_dqn,806,540,98.44532971829176,81.47395136252047,31.77061975747347,66.67470945417881,1.5625326121225953,17940.939975738525,0.0,29.0,0.0,0.0,0.050000000000000044,1.7839254178106785,1.7839254178106785,0.0
double_dqn,806,541,89.50267436355352,82.04203349769116,31.415223889052868,58.08745115995407,1.5554080735892057,17829.7202835083,0.0,26.0,0.0,1.0,0.050000000000000044,1.9367049224674702,1.9367049224674702,0.0
double_dqn,806,542,76.71614401191474,81.78096276797355,26.15258276462555,50.563561314344405,1.4452065639197826,14926.426973342896,0.0,24.0,0.0,2.0,0.050000000000000044,1.735486000776291,1.735486000776291,0.0
double_dqn,806,543,87.16065296530724,82.32846326619388,33.09982492029667,54.06082867085934,1.5890518547967076,18558.04718017578,0.0,25.0,0.0,1.0,0.050000000000000044,2.3420515079051256,2.3420515079051256,0.0
double_dqn,806,544,94.70259928107262,83.17841556951404,32.46839129924774,62.23420816063881,1.5670813405886292,18465.448040008545,0.0,27.0,0.0,1.0,0.050000000000000044,1.8551547788083553,1.8551547788083553,0.0
double_dqn,806,545,78.20508942902089,82.67678541637959,29.53337089717388,48.671718740463255,1.4895647931843996,16749.758102416992,0.0,24.0,0.0,1.0,0.050000000000000044,1.3755898736417294,1.3755898736417294,0.0
double_dqn,806,546,81.82125847935677,82.51011503428222,29.660923033952713,52.160335132479666,1.486786125227809,16488.82402229309,0.0,26.0,0.0,1.0,0.050000000000000044,1.6033475995063782,1.6033475995063782,0.0
double_dqn,806,547,78.77780936807395,82.12655952550473,27.992078259587288,50.78573133945465,1.4268516302108765,15660.436058044434,0.0,23.0,0.0,1.0,0.050000000000000044,1.7771997414529324,1.7771997414529324,0.0
double_dqn,806,548,82.20698666572571,82.82498158007863,27.33004493266344,54.87694126367569,1.4753976874053478,16037.82515335083,0.0,25.0,0.0,1.0,0.050000000000000044,2.371623247861862,2.371623247861862,0.0
double_dqn,806,549,72.06142292916775,82.05798655450346,28.51919211447239,43.54223097860813,1.484570087864995,15851.855297088623,0.0,22.0,0.0,1.0,0.050000000000000044,1.8504294492304325,1.8504294492304325,0.0
double_dqn,806,550,85.74289420247078,82.22201874777674,30.477018229663372,55.26587614417076,1.5174733391031623,16898.556102752686,0.0,26.0,0.0,1.0,0.050000000000000044,1.9022684320807457,1.9022684320807457,0.0
double_dqn,806,551,74.83443466573954,82.65161205776036,28.79095683246851,46.04347763955593,1.4727992359548807,16332.993671417236,0.0,22.0,0.0,1.0,0.050000000000000044,1.9305805023759604,1.9305805023759604,0.0
double_dqn,806,552,87.83938606232405,83.15615448161961,30.06233610212803,57.777050295472144,1.4926980463787913,16408.625400543213,0.0,27.0,0.0,2.0,0.050000000000000044,2.193441718816757,2.193441718816757,0.0
double_dqn,806,553,80.49234277904034,83.09949891120196,30.35755778849125,50.13478454351425,1.4962563151493669,16759.007637023926,0.0,24.0,0.0,1.0,0.050000000000000044,2.2106365710496902,2.2106365710496902,0.0
double_dqn,806,554,94.86557335555554,83.79189037829639,33.5315565764904,61.33401616811752,1.581306322477758,18629.621101379395,0.0,26.0,0.0,3.0,0.050000000000000044,1.8892449215054512,1.8892449215054512,0.0
double_dqn,806,555,63.27814096212387,82.58023764006796,26.631272986531258,36.64686757326126,1.3995250770822167,14864.089149475098,0.0,19.0,0.0,0.0,0.050000000000000044,1.769291952252388,1.769291952252388,0.0
double_dqn,806,556,80.7933470338583,82.92711985535921,29.4271699488163,51.36617684662342,1.4913635971024632,16789.480628967285,0.0,25.0,0.0,2.0,0.050000000000000044,1.789151169359684,1.789151169359684,0.0
double_dqn,806,557,61.24895682185888,82.4444678389281,26.03626812249422,35.21268890798092,1.3901821533218026,14782.744312286377,0.0,18.0,0.0,0.0,0.050000000000000044,2.313540779054165,2.313540779054165,0.0
double_dqn,806,558,89.36396363377571,82.12318041212856,31.77016655355692,57.593797490000725,1.5654043406248093,18143.205059051514,0.0,27.0,0.0,0.0,0.050000000000000044,1.7165139559656382,1.7165139559656382,0.0
double_dqn,806,559,80.553386002779,81.93061963655055,29.817117728292942,50.736268222332,1.4966202145442367,16938.96983718872,0.0,24.0,0.0,1.0,0.050000000000000044,2.1636789478361607,2.1636789478361607,0.0
double_dqn,806,560,83.50903695821762,81.18380499854683,29.754903726279736,53.75413316488266,1.5167643297463655,16822.205612182617,0.0,24.0,0.0,0.0,0.050000000000000044,1.7846372500061989,1.7846372500061989,0.0
double_dqn,806,561,87.13121292889119,81.06523192681372,30.328914910554886,56.80229821205139,1.5586364874616265,17931.997230529785,0.0,26.0,0.0,4.0,0.050000000000000044,1.6143603939563036,1.6143603939563036,0.0
double_dqn,806,562,78.39438508450985,81.14914398044348,28.323324911296368,50.07106031477451,1.4784670183435082,16062.338195800781,0.0,24.0,0.0,1.0,0.050000000000000044,1.6806764211505651,1.6806764211505651,0.0
double_dqn,806,563,83.60181150138378,80.9712019072473,30.332771942019463,53.26903949975967,1.5178689546883106,17172.867099761963,0.0,26.0,0.0,2.0,0.050000000000000044,1.6837600097060204,1.6837600097060204,0.0
double_dqn,806,564,74.35326986014843,79.9537354362011,27.4955061301589,46.85776340961456,1.4509154194965959,15712.643524169922,0.0,22.0,0.0,2.0,0.050000000000000044,1.5967655442655087,1.5967655442655087,0.0
double_dqn,806,565,85.28043221831322,80.30750257566572,30.189020052552223,55.09141191244125,1.4889219962060452,16771.137882232666,0.0,25.0,0.0,2.0,0.050000000000000044,1.7281168289482594,1.7281168289482594,0.0
double_dqn,806,566,73.72651206105948,79.90276525475086,28.215569727122784,45.510942021012305,1.4349692612886429,15863.279930114746,0.0,22.0,0.0,1.0,0.050000000000000044,2.5032878667116165,2.5032878667116165,0.0
double_dqn,806,567,64.80055549889804,79.20390256129207,25.60903610289097,39.19151928424835,1.4347238978371024,14578.99504852295,0.0,21.0,0.0,3.0,0.050000000000000044,1.9549909234046936,1.9549909234046936,0.0
double_dqn,806,568,93.66969182491303,79.77703781925143,32.35921390354633,61.31047775745392,1.5703878700733185,18385.865005493164,0.0,27.0,0.0,1.0,0.050000000000000044,1.8648655898869038,1.8648655898869038,0.0
double_dqn,806,569,71.77556996047497,79.7627451708168,25.860962502658367,45.91460743546486,1.4342947863042355,15091.399457931519,0.0,21.0,0.0,3.0,0.050000000000000044,2.1187327206134796,2.1187327206134796,0.0
double_dqn,806,570,110.55349260568619,81.00327509097755,36.69260697066784,73.86088548600674,1.6464508073404431,20172.105255126953,0.0,33.0,0.0,0.0,0.050000000000000044,1.9104708544909954,1.9104708544909954,0.0
double_dqn,806,571,73.99324072897434,80.9612153941393,28.163912445306778,45.829328030347824,1.462531829252839,15942.770118713379,0.0,23.0,0.0,0.0,0.050000000000000044,2.115333404392004,2.115333404392004,0.0
double_dqn,806,572,96.9602888762951,81.41726053483785,31.22060453891754,65.73968453109265,1.5846602218225598,17931.074333190918,0.0,29.0,0.0,2.0,0.050000000000000044,2.1282589212059975,2.1282589212059975,0.0
double_dqn,806,573,70.5616879016161,80.92072779096664,28.252087250351906,42.30960091948509,1.469052511267364,16149.413143157959,0.0,20.0,0.0,0.0,0.050000000000000044,1.9298133850097656,1.9298133850097656,0.0
double_dqn,806,574,86.2485232770443,80.48987528704109,30.163464158773422,56.085059356689456,1.5346705382689834,17376.378379821777,0.0,28.0,0.0,4.0,0.050000000000000044,1.9477591514587402,1.9477591514587402,0.0
double_dqn,806,575,89.85619680583477,81.81877807922662,31.41233129799366,58.44386571645737,1.5760317295789719,18196.64887237549,0.0,26.0,0.0,1.0,0.050000000000000044,1.4128557406365871,1.4128557406365871,0.0
double_dqn,806,576,71.22947679758072,81.34058456741273,27.135128550231457,44.09434862732887,1.4351725857704878,15272.047157287598,0.0,22.0,0.0,3.0,0.050000000000000044,1.7994841933250427,1.7994841933250427,0.0
double_dqn,806,577,91.15461355447769,82.83586740404368,31.319346860051155,59.83526663482189,1.5912533020600677,18099.187280654907,0.0,26.0,0.0,1.0,0.050000000000000044,2.126758422702551,2.126758422702551,0.0
double_dqn,806,578,70.5968477755785,81.89751161113381,29.235874012112617,41.36097337603569,1.5160396192222834,17319.466484069824,0.0,21.0,0.0,3.0,0.050000000000000044,2.1831338088959455,2.1831338088959455,0.0
double_dqn,806,579,71.61337304860353,81.45051096342505,27.050187595188618,44.56318546831608,1.429590154439211,14966.846042633057,0.0,22.0,0.0,0.0,0.050000000000000044,2.024256221950054,2.024256221950054,0.0
double_dqn,806,580,84.24649783968925,81.48738400749862,30.11081536114216,54.135682463645935,1.5041497275233269,17005.8946685791,0.0,25.0,0.0,0.0,0.050000000000000044,2.2741122152656317,2.2741122152656317,0.0
double_dqn,806,581,79.90997058153152,81.12632189013064,29.360484056174755,50.549486100673676,1.4857864417135715,16344.2006149292,0.0,24.0,0.0,1.0,0.050000000000000044,2.299189295619726,2.299189295619726,0.0
double_dqn,806,582,81.45221751332284,81.2792135115713,28.458832263946533,52.99338514506817,1.478293851017952,16354.532970428467,0.0,25.0,0.0,1.0,0.050000000000000044,2.425577834248543,2.425577834248543,0.0
double_dqn,806,583,83.48176320046187,81.2732110965252,29.06195218116045,54.41981094479561,1.4988216822966933,16579.378072738647,0.0,25.0,0.0,2.0,0.050000000000000044,1.8897696733474731,1.8897696733474731,0.0
double_dqn,806,584,87.61546596884727,81.93632090196016,32.52158395946026,55.09388208389282,1.5441887136548758,18040.583862304688,0.0,27.0,0.0,0.0,0.050000000000000044,2.2920116670429707,2.2920116670429707,0.0
double_dqn,806,585,91.49530630856752,82.24706460647286,31.74796936661005,59.74733729958534,1.5471554948017001,17692.017490386963,0.0,27.0,0.0,3.0,0.050000000000000044,1.6944239642471075,1.6944239642471075,0.0
double_dqn,806,586,73.64369939267635,82.2429239730537,27.867285043001175,45.776414170861244,1.4556967606768012,15553.857679367065,0.0,22.0,0.0,0.0,0.050000000000000044,1.6038767714053392,1.6038767714053392,0.0
double_dqn,806,587,76.67469111829996,82.83663075402379,28.43005573004484,48.24463528394699,1.480870901606977,16413.634353637695,0.0,22.0,0.0,1.0,0.050000000000000044,2.011600749567151,2.011600749567151,0.0
double_dqn,806,588,81.45433946698904,82.22586313612759,27.852652594447136,53.601686894893646,1.464897713623941,16057.03384399414,0.0,25.0,0.0,2.0,0.050000000000000044,2.2406465597450733,2.2406465597450733,0.0
double_dqn,806,589,78.72708148062229,82.57343871213496,31.202026322484016,47.52505560517311,1.5173351457342505,17749.850463867188,0.0,22.0,0.0,2.0,0.050000000000000044,1.9842237867414951,1.9842237867414951,0.0
double_dqn,806,590,74.84626980274916,80.78807757198811,27.342999629676342,47.50326996445656,1.4511892218142748,15604.969646453857,0.0,21.0,0.0,1.0,0.050000000000000044,1.7114704549312592,1.7114704549312592,0.0
double_dqn,806,591,79.81741170734168,81.07928612090649,27.53829837590456,52.27911331653595,1.4629059918224812,15952.511604309082,0.0,25.0,0.0,1.0,0.050000000000000044,1.507306057959795,1.507306057959795,0.0
double_dqn,806,592,79.74942567199469,80.21874296069146,28.58406764268875,51.16535821557045,1.4722601352259517,16150.190670013428,0.0,24.0,0.0,0.0,0.050000000000000044,1.8491693884134293,1.8491693884134293,0.0
double_dqn,806,593,75.56500265896321,80.46890869855882,29.196681082248688,46.36832151710987,1.4967671995982528,16591.24391937256,0.0,23.0,0.0,3.0,0.050000000000000044,2.3184281904250383,2.3184281904250383,0.0
double_dqn,806,594,93.95954918861389,80.8544599941373,33.53614407777786,60.42340514063835,1.5921554090455174,19117.96410369873,0.0,29.0,0.0,1.0,0.050000000000000044,1.838924303650856,1.838924303650856,0.0
double_dqn,806,595,83.94356665909291,80.55882848680021,29.823662746697664,54.11990394592285,1.520255926065147,17044.087173461914,0.0,25.0,0.0,2.0,0.050000000000000044,1.3057653568685055,1.3057653568685055,0.0
double_dqn,806,596,76.99375209957361,80.84704225189985,28.766900189220905,48.226851999759674,1.4799246052280068,16452.194667816162,0.0,22.0,0.0,1.0,0.050000000000000044,1.9680496454238892,1.9680496454238892,0.0
double_dqn,806,597,79.3839347973466,80.2585083140433,28.372505955398083,51.011428916454314,1.4756045239046216,16079.44766998291,0.0,23.0,0.0,2.0,0.050000000000000044,1.5895015336573124,1.5895015336573124,0.0
double_dqn,806,598,84.32381848394871,80.9448568494618,29.612762972712517,54.71105548143387,1.5388849712908268,17279.472816467285,0.0,25.0,0.0,2.0,0.050000000000000044,1.8403576333075762,1.8403576333075762,0.0
double_dqn,806,599,76.84053739309311,81.20621506668628,29.346288911998272,47.49424903988838,1.4756697257980704,16435.19483566284,0.0,22.0,0.0,1.0,0.050000000000000044,1.874429129064083,1.874429129064083,0.0
