variant,model_seed,episode,cost,rolling_cost,immediate_cost,penalty,energy_use,latency_ms,thermal_violation,energy_violation,queue_violation,contact_violation,epsilon,loss,td_loss,auxiliary_loss
double_centered_full_action_dqn,810,0,109.99912644922733,109.99912644922733,38.62832398712635,71.37080299854279,1.7167042698711157,23007.685291290283,0.0,31.0,0.0,0.0,0.9954761904761905,,,
double_centered_full_action_dqn,810,1,104.94174321889878,107.47043483406306,37.21372281014919,67.72802100479603,1.697240985929966,21837.667766571045,0.0,30.0,0.0,2.0,0.9909523809523809,1.2547301054000854,1.2444958686828613,0.03411431238055229
double_centered_full_action_dqn,810,2,172.58740289488475,129.17609085433696,46.00714634358883,126.58025643208667,1.982287927530706,27374.81484222412,0.0,38.0,26.0,2.0,0.9864285714285714,1.1952857933938503,1.1846219450235367,0.035546163097023964
double_centered_full_action_dqn,810,3,117.4925539135933,126.25520661915104,39.21403978765011,78.27851370871068,1.7728587305173278,23296.70885848999,0.0,34.0,0.0,1.0,0.981904761904762,1.3685160800814629,1.3571195304393768,0.037988499738276005
double_centered_full_action_dqn,810,4,131.3560509675449,127.27537548882981,41.55073746293783,89.80531316188035,1.883334114216268,25383.463481903076,0.0,32.0,10.0,0.0,0.9773809523809524,1.1935635432600975,1.1814286559820175,0.040449657710269094
double_centered_full_action_dqn,810,5,117.88110513618469,125.70966376338896,37.747292175889015,80.13381294539451,1.7618877850472927,23415.125038146973,0.0,29.0,16.0,0.0,0.9728571428571429,1.002686370164156,0.9903477765619755,0.041128638898953795
double_centered_full_action_dqn,810,6,109.42815167949273,123.3837334656895,35.69713880866766,73.7310122002728,1.6896534655243158,21314.312257766724,0.0,32.0,2.0,1.0,0.9683333333333334,0.7848215252161026,0.7787162475287914,0.02035093493759632
double_centered_full_action_dqn,810,7,125.71502605080605,123.67514503882906,43.84139785170555,81.87362848222256,1.81470319442451,25217.08953857422,0.0,35.0,0.0,0.0,0.9638095238095238,0.7867727279663086,0.7824180163443089,0.014515704941004515
double_centered_full_action_dqn,810,8,142.0313990272643,125.71472881532185,44.242741242051125,97.78865821734685,1.8541646022349596,26081.40463256836,0.0,33.0,17.0,0.0,0.9592857142857143,0.7285530082881451,0.7260829322040081,0.008233598171500489
double_centered_full_action_dqn,810,9,125.12508168816566,125.65576410260624,43.04537534713745,82.07970707118511,1.796088176779449,25099.71353149414,0.0,35.0,0.0,1.0,0.9547619047619048,0.5809315703809261,0.5770954862236977,0.01278692198684439
double_centered_full_action_dqn,810,10,168.79802712662644,129.5777880138808,40.31210903823376,128.48591796918342,1.8347502117976546,24246.13481903076,0.0,36.0,22.0,3.0,0.9502380952380952,0.43214787915349007,0.42947709560394287,0.008902602217858657
double_centered_full_action_dqn,810,11,131.79400559050399,129.76247281193272,42.48770748078823,89.30629807991342,1.7933691842481494,25181.18830871582,0.0,35.0,13.0,0.0,0.9457142857142857,0.34295279160141945,0.3401385676115751,0.009380747389514
double_centered_full_action_dqn,810,12,132.06841032058824,129.93985262029085,40.22849291563034,91.8399174049579,1.8111845133826137,24246.175464630127,0.0,34.0,13.0,1.0,0.9411904761904761,0.2675569849088788,0.26494723930954933,0.008699154364876449
double_centered_full_action_dqn,810,13,154.46610229619324,131.691727597141,43.203641548752785,111.26246077724274,1.8640408422797918,25906.978317260742,0.0,35.0,14.0,1.0,0.9366666666666666,0.22274857759475708,0.2203579405322671,0.007968792604515329
double_centered_full_action_dqn,810,14,107.01771510839463,130.0467934312246,38.58679845929146,68.43091660439968,1.68727049510926,22485.10362625122,0.0,28.0,0.0,3.0,0.9321428571428572,0.20221775118261576,0.19984023552387953,0.007925049110781401
double_centered_full_action_dqn,810,15,110.52530693578383,128.82670052525955,38.6943129748106,71.83099470603129,1.798312715254724,23391.69602584839,0.0,31.0,2.0,2.0,0.9276190476190476,0.5054680993780494,0.503022694028914,0.008151359186740592
double_centered_full_action_dqn,810,16,189.95829438900702,132.42267663489176,43.088351756334305,146.86994264757388,1.9273891216143966,26128.151794433594,0.0,35.0,34.0,4.0,0.9230952380952381,0.5838574897497892,0.5805630143731833,0.010981600673403591
double_centered_full_action_dqn,810,17,157.312064232046,133.8054203902892,42.524426236748695,114.78763804000074,1.9345499211922288,25912.838710784912,0.0,34.0,14.0,2.0,0.9185714285714286,0.3910289853811264,0.3868750873953104,0.0138463219627738
double_centered_full_action_dqn,810,18,217.36988681029558,138.2035502018685,47.350107952952385,170.01977879773852,2.0885887881740928,29067.733436584473,0.0,37.0,34.0,2.0,0.914047619047619,0.2863345993682742,0.2829146720468998,0.011399762413930148
double_centered_full_action_dqn,810,19,131.18778044466043,137.85276171400807,42.08881801366806,89.09896249059703,1.8309185393154621,24520.698734283447,0.0,36.0,12.0,2.0,0.9095238095238095,0.30088818818330765,0.29725172836333513,0.012121524719987065
double_centered_full_action_dqn,810,20,120.86856124691559,138.3962334538925,39.95460546016693,80.91395533971385,1.8127411724999547,23921.165969848633,0.0,33.0,14.0,1.0,0.905,0.27614137809723616,0.27286722604185343,0.010913855105172843
double_centered_full_action_dqn,810,21,123.81645284654414,139.33996893527475,40.317027539014816,83.49942517341887,1.7927350793033838,24118.458515167236,0.0,34.0,14.0,0.0,0.9004761904761904,0.23724558064714074,0.23421419877558947,0.010104595363372937
double_centered_full_action_dqn,810,22,144.3997106836303,137.93058432471204,46.469811886548996,97.92989879708131,1.9269316112622619,27600.708465576172,0.0,35.0,10.0,0.0,0.895952380952381,0.2269485704600811,0.22415737714618444,0.009303977101808414
double_centered_full_action_dqn,810,23,105.24430759251118,137.31817200865797,37.25414052605629,67.99016678333282,1.6895778104662895,22151.8227519989,0.0,28.0,0.0,0.0,0.8914285714285715,0.6010429309681058,0.5963905490934849,0.015507941134274006
double_centered_full_action_dqn,810,24,116.79874667078256,136.59030679381985,40.42162366211414,76.37712331414222,1.7380694672465324,23021.24395751953,0.0,32.0,0.0,3.0,0.8869047619047619,0.5424834601581097,0.5379782989621162,0.015017207886558026
double_centered_full_action_dqn,810,25,116.29666279933669,136.51108467697748,34.72123320400715,81.57542983374813,1.767238070257008,21339.457500457764,0.0,34.0,6.0,0.0,0.8823809523809524,0.4023059643805027,0.3980065118521452,0.01433151337550953
double_centered_full_action_dqn,810,26,191.23622174365153,140.6014881801854,43.60870808362961,147.62751380903353,1.9859248399734497,26791.366401672363,0.0,37.0,27.0,0.0,0.8778571428571429,0.3302269233390689,0.3263050317764282,0.01307297236053273
double_centered_full_action_dqn,810,27,220.47586479739323,145.33953011751473,45.8749318420887,174.6009329553045,1.9335514549165964,27518.2254486084,0.0,39.0,46.0,1.0,0.8733333333333333,0.33460358064621687,0.3300887933000922,0.015049288340378553
double_centered_full_action_dqn,810,28,98.31666968762875,143.15379365053298,36.03563071787357,62.28103946149349,1.564986115321517,20044.99220275879,0.0,28.0,0.0,0.0,0.8688095238095238,0.3224824480712414,0.3181533506140113,0.014430329843889922
double_centered_full_action_dqn,810,29,118.72214584987806,142.83364685861858,41.26901517063379,77.45313009809898,1.7857976267114282,24418.40587234497,0.0,35.0,4.0,0.0,0.8642857142857143,0.3018847443163395,0.29775311425328255,0.013772100675851107
double_centered_full_action_dqn,810,30,138.22707890204293,141.3050994473894,41.15126919746399,97.07580986849173,1.8204018138349056,24275.150840759277,0.0,33.0,21.0,2.0,0.8597619047619047,0.2706473898142576,0.26713213324546814,0.011717524437699467
double_centered_full_action_dqn,810,31,104.73103039417086,139.95195068757272,35.23030444979668,69.50072563144981,1.7324021933600307,21623.108184814453,0.0,31.0,6.0,0.0,0.8552380952380952,0.8040327597409487,0.7977331150323153,0.020998843770939857
double_centered_full_action_dqn,810,32,90.20848375558853,137.85895435932278,33.39497619867325,56.813507944345474,1.5962540125474334,19403.65843963623,0.0,26.0,0.0,0.0,0.8507142857142858,0.5655220095068216,0.5596397146582603,0.01960764726391062
double_centered_full_action_dqn,810,33,108.34590620696545,135.55294455486137,41.27843250334263,67.06747391223908,1.7907535368576646,23693.32202911377,0.0,28.0,0.0,1.0,0.8461904761904762,0.46381674241274595,0.4584083668887615,0.018027928424999118
double_centered_full_action_dqn,810,34,120.3590484559536,136.22001122223932,44.55575509369373,75.803292542696,1.7623808747157454,24734.408248901367,0.0,32.0,0.0,1.0,0.8416666666666667,0.422846051864326,0.41808263771235943,0.01587803551228717
double_centered_full_action_dqn,810,35,124.46804534643888,136.91714814277208,43.38164859265089,81.08639746904373,1.8408815814182162,25405.212867736816,0.0,35.0,0.0,0.0,0.8371428571428572,0.3906494192779064,0.38556987419724464,0.01693180250003934
double_centered_full_action_dqn,810,36,125.29491332173347,133.6839790894084,43.775173150002956,81.51973995566368,1.8096160450950265,25018.500038146973,0.0,35.0,0.0,0.0,0.8326190476190476,0.32549774646759033,0.32074132189154625,0.015854741621296853
double_centered_full_action_dqn,810,37,102.59919455051423,130.9483356053318,37.40727185457945,65.19192231595517,1.684371487237513,21510.52713394165,0.0,27.0,0.0,4.0,0.8280952380952381,0.37446188647300005,0.3701182287186384,0.014478859724476933
double_centered_full_action_dqn,810,38,103.24619671702385,125.24215110066821,37.35572126507759,65.89047576487064,1.687656432390213,21952.05279159546,0.0,29.0,0.0,0.0,0.8235714285714286,0.318050276953727,0.3130610855296254,0.016630621161311865
double_centered_full_action_dqn,810,39,102.08708254396916,123.78711620563365,38.09208124876022,63.995001131296156,1.7018490293994546,22090.543781280518,0.0,29.0,0.0,2.0,0.819047619047619,0.7554109990596771,0.7490383572876453,0.021242146496661007
double_centered_full_action_dqn,810,40,129.59361466809273,124.2233688766925,35.729934722185135,93.86367985650062,1.7570800436660647,21892.583869934082,0.0,32.0,15.0,2.0,0.8145238095238095,0.5740735754370689,0.5664650090038776,0.0253618661663495
double_centered_full_action_dqn,810,41,90.79694108814002,122.5723932887723,32.27044979482889,58.526491263508795,1.612841572612524,19441.96156311035,0.0,27.0,0.0,1.0,0.81,0.47904364485293627,0.4725731760263443,0.021568223310168833
double_centered_full_action_dqn,810,42,113.61406503617764,121.0331110063997,40.10191538929939,73.51215013861656,1.7444209977984428,22936.708450317383,0.0,31.0,0.0,0.0,0.8054761904761905,0.44826879911124706,0.44298449996858835,0.0176143329590559
double_centered_full_action_dqn,810,43,119.63929145038128,121.75286019929317,42.302493795752525,77.33679777383804,1.8062404105439782,24523.970951080322,0.0,33.0,0.0,0.0,0.800952380952381,0.4124387428164482,0.40671727806329727,0.019071546266786754
double_centered_full_action_dqn,810,44,109.2743840366602,121.37664206758704,39.15697091072798,70.11741389334202,1.6992692360654473,22278.795642852783,0.0,31.0,0.0,1.0,0.7964285714285715,0.4742742106318474,0.4683290012180805,0.019817370863165706
double_centered_full_action_dqn,810,45,121.31338213307023,121.62747803427374,39.54939121007919,81.76399098259569,1.812141233123839,23495.78746032715,0.0,36.0,3.0,0.0,0.7919047619047619,0.3949046619236469,0.38912875950336456,0.019253003818448633
double_centered_full_action_dqn,810,46,125.31090351396858,118.3312121227896,38.45251417160034,86.85838877612412,1.8070636028423905,23609.096797943115,0.0,31.0,12.0,2.0,0.7873809523809524,0.4979629600420594,0.49231814220547676,0.01881606807000935
double_centered_full_action_dqn,810,47,112.6699792719056,112.9409178465152,37.81362819671631,74.85635164143342,1.762945762835443,22889.558319091797,0.0,33.0,1.0,0.0,0.7828571428571429,0.6721902992576361,0.6648370362818241,0.02451088814996183
double_centered_full_action_dqn,810,48,115.17940226197243,113.78405447523237,38.0924279242754,77.08697417378426,1.8136467607691884,22462.310432434082,0.0,35.0,0.0,0.0,0.7783333333333333,0.6147490236908197,0.6072606258094311,0.024961310788057745
double_centered_full_action_dqn,810,49,118.10640814304352,113.75326758989065,40.928389608860016,77.17801856398583,1.7901209574192762,23552.2779006958,0.0,33.0,0.0,1.0,0.7738095238095238,0.5822899173945189,0.5751509889960289,0.02379644673783332
double_centered_full_action_dqn,810,50,125.81133472919464,113.13248038124823,43.62277968227863,82.18855485320091,1.8403150392696261,25165.817150115967,0.0,35.0,0.0,0.0,0.7692857142857144,0.44460784271359444,0.43697445560246706,0.02544462587684393
double_centered_full_action_dqn,810,51,128.34193700164553,114.31302571162198,41.70687311887741,86.63506373375652,1.8550835317000747,24924.045846939087,0.0,36.0,6.0,2.0,0.7647619047619048,0.584625693038106,0.5782462619245052,0.02126479323487729
double_centered_full_action_dqn,810,52,111.13780111074448,115.35949157937978,38.1356885433197,73.00211217999458,1.6873611025512218,22531.847480773926,0.0,30.0,0.0,2.0,0.7602380952380953,0.4662781897932291,0.4604602539911866,0.019393118855077773
double_centered_full_action_dqn,810,53,116.61789826452733,115.77309118225787,38.28854587674141,78.32935314774514,1.804736559279263,23103.32919692993,0.0,33.0,0.0,1.0,0.7557142857142858,0.3857897035777569,0.3796487059444189,0.02046999742742628
double_centered_full_action_dqn,810,54,125.6307285875082,116.0366751888356,44.237736232578754,81.39299237728119,1.7575111631304026,24728.904960632324,0.0,34.0,0.0,0.0,0.7511904761904762,0.8128881193697453,0.8055068738758564,0.024604135658591986
double_centered_full_action_dqn,810,55,126.18366573750973,116.12245620838914,40.738322392106056,85.44534310698509,1.7855787556618452,23412.295890808105,0.0,35.0,0.0,0.0,0.7466666666666667,0.5528432447463274,0.5451561957597733,0.025623515422921628
double_centered_full_action_dqn,810,56,120.36895924210549,115.87615850440775,39.401226848363876,80.96773254275323,1.7810955252498388,22695.964710235596,0.0,35.0,0.0,1.0,0.7421428571428572,0.6051974706351757,0.5978916278108954,0.024352763895876706
double_centered_full_action_dqn,810,57,125.52228987677618,117.02231327072084,43.628028720617294,81.89426106675192,1.8776461891829967,26029.26406097412,0.0,34.0,5.0,1.0,0.7376190476190476,0.5634759636595845,0.5566117940470576,0.02288056432735175
double_centered_full_action_dqn,810,58,111.11887837946415,117.41594735384285,39.90906098484993,71.20981740951538,1.742496465332806,23008.54669189453,0.0,30.0,0.0,1.0,0.7330952380952381,0.5261194696649909,0.5195951275527477,0.02174781245412305
double_centered_full_action_dqn,810,59,111.0163927614689,117.86241286471784,39.64224499464035,71.37414769232274,1.7448073830455542,22271.3098487854,0.0,32.0,0.0,2.0,0.7285714285714286,0.42289852630347013,0.4158479208126664,0.02350201306398958
double_centered_full_action_dqn,810,60,102.35236256569624,116.50035025959804,36.737894989550114,65.61446832120419,1.7360270796343684,21917.035621643066,0.0,28.0,0.0,1.0,0.724047619047619,0.45892134867608547,0.4524517906829715,0.021565207338426262
double_centered_full_action_dqn,810,61,107.87962058186531,117.35448423428429,36.42280939221382,71.45681171119213,1.703938609920442,21344.320400238037,0.0,32.0,0.0,1.0,0.7195238095238095,0.5043065464124084,0.49643996730446815,0.026221909560263157
double_centered_full_action_dqn,810,62,106.88146004974843,117.01785398496284,35.981322556734085,70.90013761222363,1.707959869876504,21276.32183456421,0.0,32.0,0.0,2.0,0.7150000000000001,0.7323949672281742,0.7256017476320267,0.022644068929366767
double_centered_full_action_dqn,810,63,97.10574541985989,115.89117668343677,36.36443945765495,60.74130591750145,1.627295147627592,20656.550365447998,0.0,26.0,0.0,1.0,0.7104761904761905,0.7616626471281052,0.7545753810554743,0.02362423622980714
double_centered_full_action_dqn,810,64,110.14279966056347,115.9345974646319,33.68858262896538,76.45421707630157,1.7833766164258122,21356.383743286133,0.0,29.0,0.0,2.0,0.7059523809523809,0.5471377475187182,0.5392502890899777,0.026291543850675225
double_centered_full_action_dqn,810,65,141.31743374538107,116.93480004524744,43.04296389222145,98.27446940612481,1.895248057320714,24980.005981445312,0.0,41.0,8.0,1.0,0.7014285714285715,0.5695964880287647,0.5610531670972705,0.028477752464823425
double_centered_full_action_dqn,810,66,132.98649269645344,117.31857950437168,42.70258578658104,90.28390717809327,1.8787774126976728,25217.878761291504,0.0,35.0,7.0,2.0,0.6969047619047619,0.7177194198593497,0.7095707813277841,0.027162107871845365
double_centered_full_action_dqn,810,67,101.69000260680914,116.76958067111687,36.38657074421644,65.30343223512173,1.6604290697723627,20699.80442428589,0.0,28.0,0.0,1.0,0.6923809523809523,0.580946795642376,0.5727960588410497,0.027169130626134574
double_centered_full_action_dqn,810,68,107.13470700383186,116.36734590820986,38.465822368860245,68.66888445615768,1.7098744744434953,22537.56418609619,0.0,29.0,0.0,2.0,0.687857142857143,0.5997855812311172,0.5923009365797043,0.02494880184531212
double_centered_full_action_dqn,810,69,127.69450955092907,116.84675097860413,40.02406836301088,87.67044089734554,1.8181266840547323,23266.49267578125,0.0,37.0,0.0,0.0,0.6833333333333333,0.6142162531614304,0.6062325742095709,0.026612247340381145
double_centered_full_action_dqn,810,70,100.7710572719574,115.59473710574227,35.79502910375595,64.97602924108506,1.698897184804082,21322.354961395264,0.0,29.0,0.0,1.0,0.6788095238095238,0.7886577798053622,0.7805810822173953,0.026922296383418143
double_centered_full_action_dqn,810,71,112.6326804459095,114.80927427795548,36.32917033135891,76.30350969731808,1.702087352052331,20966.170616149902,0.0,32.0,0.0,0.0,0.6742857142857144,0.8623053086921573,0.8538569044321775,0.02816132560838014
double_centered_full_action_dqn,810,72,104.56658361107111,114.48071340297179,36.57369972020388,67.99288369715214,1.6761263301596045,21688.534912109375,0.0,29.0,0.0,0.0,0.6697619047619048,0.5410829894244671,0.5331855863332748,0.026324673905037344
double_centered_full_action_dqn,810,73,117.75756473839283,114.53769672666508,41.71010607481003,76.04745882749557,1.7837236989289522,24080.55780029297,0.0,33.0,0.0,0.0,0.6652380952380952,0.7624466344714165,0.7548851855099201,0.025204858742654324
double_centered_full_action_dqn,810,74,116.92723418027163,114.10252200630325,36.2618073746562,80.6654267013073,1.715489032678306,21258.43960571289,0.0,33.0,0.0,0.0,0.6607142857142857,0.6236947244033217,0.6160339443013072,0.025535946828313172
double_centered_full_action_dqn,810,75,111.05797005593777,113.34623722222466,38.61384201049805,72.4441286712885,1.7055316595360637,21544.671089172363,0.0,30.0,0.0,1.0,0.6561904761904762,0.7052006553858519,0.6968973707407713,0.0276776400860399
double_centered_full_action_dqn,810,76,110.75782667845488,112.8656805940421,38.65133399516344,72.10649228096008,1.709114366210997,21950.645538330078,0.0,31.0,0.0,0.0,0.6516666666666667,0.7171419244259596,0.7091307677328587,0.026703856303356588
double_centered_full_action_dqn,810,77,116.69121209532022,112.42412670496932,40.76034877449274,75.93086299300194,1.7922754036262631,23772.015590667725,0.0,32.0,0.0,0.0,0.6471428571428571,0.6045419722795486,0.596203550696373,0.027794738532975316
double_centered_full_action_dqn,810,78,132.29745057225227,113.48305531460873,44.72898665070534,87.568464204669,1.874227000400424,25424.951503753662,0.0,37.0,0.0,0.0,0.6426190476190476,0.7951210979372263,0.7869242057204247,0.027322978479787707
double_centered_full_action_dqn,810,79,103.71175637245179,113.11782349515786,36.20000699162483,67.5117495149374,1.6642824104055762,20753.484798431396,0.0,31.0,0.0,1.0,0.6380952380952382,0.8687399309128523,0.8608855959028006,0.026181126828305423
double_centered_full_action_dqn,810,80,116.59452444314957,113.82993158903052,40.952597856521606,75.6419271081686,1.7567163482308388,23282.605335235596,0.0,33.0,0.0,0.0,0.6335714285714286,0.7821777015924454,0.7748236171901226,0.02451359201222658
double_centered_full_action_dqn,810,81,99.8406874537468,113.4279849326246,38.91140981018543,60.929277926683426,1.715232765302062,22390.148429870605,0.0,27.0,0.0,2.0,0.6290476190476191,0.724751777946949,0.7170746736228466,0.025590359116904438
double_centered_full_action_dqn,810,82,120.97130529880523,114.13247719507747,40.61808666586876,80.35321915447712,1.7930711368098855,23343.012020111084,0.0,33.0,0.0,2.0,0.6245238095238095,0.747314671985805,0.7397992601618171,0.025051362812519073
double_centered_full_action_dqn,810,83,116.58225110173225,115.10630247917106,39.92906430363655,76.65318650007248,1.7614631494507194,23072.13188934326,0.0,32.0,0.0,1.0,0.62,0.9364646375179291,0.9276693239808083,0.029317763168364763
double_centered_full_action_dqn,810,84,100.31831901669503,114.61507844697765,36.11488299071789,64.2034356981516,1.6087641874328256,19996.010375976562,0.0,28.0,0.0,1.0,0.6154761904761905,0.6659779213368893,0.6578700747340918,0.02702617133036256
double_centered_full_action_dqn,810,85,92.87756362557411,112.19308494098729,36.31753398478031,56.56002934277058,1.6429985910654068,20900.61727142334,0.0,26.0,0.0,1.0,0.6109523809523809,0.9688134659081697,0.96086435765028,0.026497025042772293
double_centered_full_action_dqn,810,86,89.535663574934,110.02054348491133,31.366623803973198,58.16903993487358,1.5910319462418556,18531.333429336548,0.0,25.0,0.0,1.0,0.6064285714285714,0.8782958667725325,0.8707109298557043,0.025283150491304696
double_centered_full_action_dqn,810,87,74.57116484642029,108.66460159689188,27.989683508872986,46.58148121833801,1.4801179450005293,16116.892833709717,0.0,22.0,0.0,0.0,0.6019047619047619,0.6544622760266066,0.6463706791400909,0.02697197045199573
double_centered_full_action_dqn,810,88,115.05779149532319,109.06075582146646,38.4519582092762,76.6058331668377,1.7125995242968202,21471.282341003418,0.0,35.0,0.0,1.0,0.5973809523809523,0.6580211874097586,0.6498930864036083,0.02709367813076824
double_centered_full_action_dqn,810,89,101.25677701277482,107.73886919455875,39.12703590095043,62.12974088830699,1.8256715526804328,23378.39271736145,0.0,27.0,8.0,2.0,0.592857142857143,0.70738210901618,0.6991250710561872,0.027523461845703423
double_centered_full_action_dqn,810,90,124.39783901870251,108.920208281896,42.31523509323597,82.0826041340828,1.8255497179925442,24177.16845703125,0.0,33.0,0.0,1.0,0.5883333333333334,0.6862043458968401,0.6791369989514351,0.023557857610285282
double_centered_full_action_dqn,810,91,86.76440779268742,107.6267946492349,32.60484975576401,54.159558632969855,1.5605421615764499,18321.047245025635,0.0,25.0,0.0,1.0,0.5838095238095238,0.6806101435795426,0.6727323979139328,0.026259141275659204
double_centered_full_action_dqn,810,92,104.10255272835494,107.6035931050991,35.605319224298,68.4972338616848,1.6589550636708736,20650.677352905273,0.0,30.0,0.0,2.0,0.5792857142857144,0.6026827683672309,0.5947017893195152,0.026603264384903014
double_centered_full_action_dqn,810,93,97.65717750787735,106.59857374357333,32.05608657747507,65.6010912656784,1.639766107313335,18644.841470718384,0.0,30.0,0.0,2.0,0.5747619047619048,0.7763178013265133,0.7684896532446146,0.026093869702890515
double_centered_full_action_dqn,810,94,99.58927792310715,105.73167593071507,34.29140427708626,65.29787354171276,1.642063888721168,19776.705200195312,0.0,29.0,0.0,0.0,0.5702380952380952,0.8250339291989803,0.8152369167655706,0.032656668103300035
double_centered_full_action_dqn,810,95,116.06326206922532,105.98194053137945,39.04853664338589,77.01472526192666,1.759800173342228,22881.71227645874,0.0,33.0,0.0,1.0,0.5657142857142857,0.798281354829669,0.7907550875097513,0.02508753794245422
double_centered_full_action_dqn,810,96,107.79508989304304,105.83380369210886,37.25112871080637,70.54396127164364,1.7063074596226215,21793.63970565796,0.0,30.0,0.0,1.0,0.5611904761904762,0.6700370283797383,0.6615274455398321,0.028365260805003345
double_centered_full_action_dqn,810,97,114.76643680781126,105.73756492773342,43.73317418247461,71.03326289355755,1.7760604079812765,24618.46494102478,0.0,30.0,0.0,1.0,0.5566666666666666,0.8192671164870262,0.8100062645971775,0.030869512003846467
double_centered_full_action_dqn,810,98,83.91650260388852,103.31851752931523,31.907109022140503,52.0093932390213,1.52469283901155,18148.029874801636,0.0,25.0,0.0,1.0,0.5521428571428572,0.6297263717278838,0.6215618085116148,0.027215195703320205
double_centered_full_action_dqn,810,99,93.52138644605876,102.80899903299557,32.04310315847397,61.47828351855278,1.601472370326519,18600.367645263672,0.0,28.0,0.0,1.0,0.5476190476190477,0.8044944116845727,0.7973348777741194,0.02386515447869897
double_centered_full_action_dqn,810,100,121.42182477712632,103.05036404969442,43.3291450291872,78.09267947971821,1.7775433603674173,24606.8184967041,0.0,33.0,0.0,2.0,0.5430952380952381,0.6661054287105799,0.6587359178811312,0.02456506504677236
double_centered_full_action_dqn,810,101,116.88673152923585,103.90266625346888,37.24846498668194,79.63826679587365,1.6904798904433846,21291.799278259277,0.0,33.0,0.0,3.0,0.5385714285714286,0.8205523323267698,0.8126126546412706,0.026465591392479837
double_centered_full_action_dqn,810,102,108.0029256671667,103.25424727188697,34.85882447659969,73.14410105645656,1.70848417468369,20828.88240814209,0.0,30.0,0.0,2.0,0.5340476190476191,0.9561015740036964,0.9481967389583588,0.02634946582838893
double_centered_full_action_dqn,810,103,111.12173587977887,102.98122151078928,38.68763875961304,72.43409831225873,1.7324045924469829,21960.403617858887,0.0,32.0,0.0,2.0,0.5295238095238095,0.8440232519060373,0.8358535217121243,0.027232430991716683
double_centered_full_action_dqn,810,104,98.01654414832592,102.86613276737083,35.55017264187336,62.46637153625488,1.6553454492241144,20851.193725585938,0.0,28.0,0.0,1.0,0.525,0.7630031071603298,0.7557506449520588,0.024174902704544365
double_centered_full_action_dqn,810,105,97.01431764960289,103.07297046857225,35.070145815610886,61.94417205750942,1.6181102748960257,19831.395965576172,0.0,28.0,0.0,2.0,0.5204761904761905,0.7402340201660991,0.7313460456207395,0.02962658542674035
double_centered_full_action_dqn,810,106,104.59094043970109,103.8257343118106,32.29593487083912,72.29500591158867,1.6170968189835548,18109.752738952637,0.0,32.0,0.0,2.0,0.5159523809523809,0.6827540686354041,0.6746051954105496,0.027162898099049926
double_centered_full_action_dqn,810,107,92.41794376075268,104.71807325752725,33.78991101682186,58.628032460808754,1.6291691297665238,19482.057498931885,0.0,28.0,0.0,0.0,0.5114285714285716,0.7287745596840978,0.7208905443549156,0.026280025020241737
double_centered_full_action_dqn,810,108,96.14782958477736,103.77257516199992,35.214744217693806,60.93308566510677,1.6108688982203603,20033.996921539307,0.0,26.0,0.0,0.0,0.506904761904762,0.8348464574664831,0.8263445226475596,0.028339784359559417
double_centered_full_action_dqn,810,109,99.47256997972727,103.68336481034757,35.33501686900854,64.13755302131176,1.6590136541053653,20851.755584716797,0.0,30.0,0.0,1.0,0.5023809523809524,1.055283423513174,1.0451062265783548,0.03392397810239345
double_centered_full_action_dqn,810,110,112.68869441747665,103.09790758028628,40.12818107008934,72.56051287055016,1.6969153275713325,22486.276210784912,0.0,31.0,0.0,1.0,0.4978571428571429,0.7837566006928682,0.7757498454302549,0.026689214166253805
double_centered_full_action_dqn,810,111,99.31673150658608,103.72552376598121,35.84107883274555,63.47565313577652,1.651411253027618,20656.184268951416,0.0,28.0,0.0,1.0,0.4933333333333334,0.9566710703074932,0.9490564130246639,0.025382204446941614
double_centered_full_action_dqn,810,112,105.03383478522301,103.77208786882461,36.20932726562023,68.82450622320175,1.653609606437385,20824.285530090332,0.0,30.0,0.0,0.0,0.4888095238095238,0.9430238362401724,0.9359153714030981,0.023694890784099698
double_centered_full_action_dqn,810,113,99.12671581804753,103.84556478433312,32.92920598387718,66.19750964045525,1.6325679924339056,19515.87237548828,0.0,29.0,0.0,1.0,0.4842857142857143,0.7762793963775039,0.7687894459813833,0.024966531083919108
double_centered_full_action_dqn,810,114,96.44468297213317,103.68833503678442,36.19519605487585,60.2494868427515,1.658513579517603,20546.621952056885,0.0,27.0,0.0,1.0,0.4797619047619047,0.8933191746473312,0.8844064213335514,0.02970919630024582
double_centered_full_action_dqn,810,115,112.76146896481514,103.52324538156392,37.71084150671959,75.05062672793865,1.7690925607457757,22335.267654418945,0.0,31.0,0.0,2.0,0.47523809523809524,0.805269593372941,0.7984385024756193,0.0227703049313277
double_centered_full_action_dqn,810,116,103.16403276622296,103.2916925252229,37.294677436351776,65.86935571730137,1.717626940459013,21731.809394836426,0.0,29.0,0.0,2.0,0.47071428571428575,1.2112244386225939,1.203260749578476,0.026545608299784362
double_centered_full_action_dqn,810,117,106.27908013164998,102.86732469141484,34.11649298667908,72.16258672773839,1.6134988013654947,19412.395126342773,0.0,31.0,0.0,2.0,0.46619047619047627,0.9534679017961025,0.9454878941178322,0.026600041543133557
double_centered_full_action_dqn,810,118,111.37250895053148,104.24012500874699,39.44919825345278,71.92331117391586,1.699629164300859,22039.231475830078,0.0,31.0,0.0,0.0,0.46166666666666667,0.8703637886792421,0.8606270905584097,0.03245567867998034
double_centered_full_action_dqn,810,119,100.04279927313328,104.56619565010071,33.192811876535416,66.84998735189438,1.638050762936473,19239.696138381958,0.0,28.0,0.0,3.0,0.4571428571428572,0.8362159738317132,0.8288123859092593,0.024678619811311364
double_centered_full_action_dqn,810,120,101.1622478157282,103.5532168020308,33.558299623429775,67.60394857227803,1.6542032957077026,19635.483978271484,0.0,29.0,0.0,1.0,0.4526190476190477,0.9185085259377956,0.9101033005863428,0.028017414268106222
double_centered_full_action_dqn,810,121,105.4966318756342,102.98371181935072,37.05555924773216,68.44107268750668,1.7125488296151161,21741.177211761475,0.0,30.0,0.0,1.0,0.4480952380952381,0.8397566080093384,0.8323145983740687,0.02480670961085707
double_centered_full_action_dqn,810,122,93.53435529172421,102.2602833005786,33.00277677178383,60.5315788179636,1.5929232649505138,18738.23817062378,0.0,27.0,0.0,1.0,0.4435714285714286,0.8057449404150248,0.7978041674941778,0.02646921412087977
double_centered_full_action_dqn,810,123,105.27709100544453,101.9680510568619,35.31397373974323,69.96311830878258,1.6940935598686337,20508.818557739258,0.0,30.0,0.0,2.0,0.439047619047619,1.0600886391475797,1.051402609795332,0.028953421162441373
double_centered_full_action_dqn,810,124,89.45993569642306,101.54022063426676,32.614749528467655,56.84518606364727,1.5874106707051396,18577.480659484863,0.0,25.0,0.0,1.0,0.43452380952380953,1.0657534021884203,1.0574653446674347,0.027626902563497424
double_centered_full_action_dqn,810,125,109.54043183773756,102.16652634367348,37.64357406646013,71.8968582034111,1.709293127991259,21174.180025100708,0.0,31.0,0.0,3.0,0.43000000000000005,0.8825369402766228,0.8740809597074986,0.028186594718135893
double_centered_full_action_dqn,810,126,109.67830240130425,102.42089444175363,35.8307640850544,73.84753850996495,1.6694523254409432,20509.075534820557,0.0,32.0,0.0,1.0,0.42547619047619056,0.8240580167621374,0.8147193528711796,0.031128875561989844
double_centered_full_action_dqn,810,127,86.94343687593937,102.14716909751297,32.6083861887455,54.3350505232811,1.5664600431919098,18614.27890396118,0.0,23.0,0.0,0.0,0.42095238095238097,0.7435589004307985,0.7340363338589668,0.03174189664423466
double_centered_full_action_dqn,810,128,81.24111188948154,101.40183321274819,30.423126466572285,50.81798489391804,1.5222914097830653,17916.360750198364,0.0,25.0,0.0,1.0,0.41642857142857137,0.792599281296134,0.7847866863012314,0.026041984208859503
double_centered_full_action_dqn,810,129,93.41417867839337,101.09891364768148,31.431858509778976,61.98232063055038,1.5515489764511585,18195.140754699707,0.0,28.0,0.0,2.0,0.4119047619047619,0.7688013259321451,0.760296605527401,0.02834905474446714
double_centered_full_action_dqn,810,130,105.9971808731556,100.76433797046543,35.90650648623705,70.09067412614823,1.6849897857755423,20657.870429992676,0.0,30.0,0.0,3.0,0.4073809523809524,0.8288776511326432,0.8216998968273401,0.023925824789330363
double_centered_full_action_dqn,810,131,85.73305610716343,100.0851542004943,29.407724797725677,56.325330862402915,1.5310068698599935,16889.103546142578,0.0,25.0,0.0,1.0,0.4028571428571429,0.9464483531191945,0.9362092856317759,0.03413021867163479
double_centered_full_action_dqn,810,132,107.5659846007824,100.21176169127229,33.70153446495533,73.86445006132126,1.6623593997210264,19522.80025100708,0.0,31.0,0.0,2.0,0.39833333333333343,0.8956928923726082,0.8870823457837105,0.028701798641122878
double_centered_full_action_dqn,810,133,99.80889693796635,100.24587074726821,33.58292990922928,66.22596683502198,1.623043485917151,19849.589641571045,0.0,27.0,0.0,2.0,0.39380952380952383,1.075675643980503,1.0678720716387033,0.0260119125014171
double_centered_full_action_dqn,810,134,87.37003425061702,99.7921383111924,31.403847113251686,55.96618664562702,1.5407997947186232,17807.907752990723,0.0,25.0,0.0,2.0,0.38928571428571423,1.0128195714205503,1.0043658055365086,0.02817921817768365
double_centered_full_action_dqn,810,135,72.80814802050591,97.79447226397694,29.085302107036114,43.7228460252285,1.4260369939729571,16228.09900856018,0.0,21.0,0.0,2.0,0.38476190476190475,0.9581630267202854,0.950805900618434,0.02452375739812851
double_centered_full_action_dqn,810,136,104.87657302767039,97.88009927704933,34.20998217910528,70.66659113168717,1.6454963888972998,19315.839141845703,0.0,30.0,0.0,1.0,0.38023809523809526,0.7769978269934654,0.7693789582699537,0.025396246113814414
double_centered_full_action_dqn,810,137,113.16393372416496,98.22434195667506,37.323170602321625,75.84076301753521,1.7305932948365808,21387.270294189453,0.0,33.0,0.0,2.0,0.3757142857142858,0.8612832892686129,0.8526007048785686,0.02894193143583834
double_centered_full_action_dqn,810,138,105.09881350398064,97.91065718434751,34.43323802947998,70.66557578742504,1.6783604985103011,20062.43018913269,0.0,32.0,0.0,1.0,0.3711904761904763,0.7797308387234807,0.7722771223634481,0.0248457322595641
double_centered_full_action_dqn,810,139,95.55704412162304,97.686369426772,32.33599562942982,63.22104825377464,1.5942487912252545,18741.107421875,0.0,27.0,0.0,3.0,0.3666666666666667,0.8627249151468277,0.8545132540166378,0.02737219096161425
double_centered_full_action_dqn,810,140,107.91072183847427,98.0237931279093,37.90373978018761,70.00698271393776,1.6786895003169775,20956.18942642212,0.0,30.0,0.0,0.0,0.3621428571428572,0.9597060522064567,0.9516969667747617,0.026696958055254072
double_centered_full_action_dqn,810,141,100.5401027649641,97.7759666723758,34.06775379180908,66.47234976291656,1.6064482368528843,19398.593490600586,0.0,28.0,0.0,1.0,0.3576190476190476,0.819685336202383,0.8119143769145012,0.025903209345415235
double_centered_full_action_dqn,810,142,90.71199871599674,97.63484884358942,30.973621681332588,59.738376408815384,1.5333555387333035,17571.15460586548,0.0,26.0,0.0,1.0,0.35309523809523813,1.0072279088199139,0.9999250043183565,0.024343041237443686
double_centered_full_action_dqn,810,143,80.87005936503411,96.41449726156891,31.565875083208084,49.30418431162834,1.508125207386911,18067.080780029297,0.0,22.0,0.0,1.0,0.34857142857142864,0.8783694263547659,0.8703204030171037,0.02683006809093058
double_centered_full_action_dqn,810,144,103.36621949076653,97.10981145128609,32.0869000852108,71.27931866049767,1.60915591660887,18345.485549926758,0.0,31.0,0.0,0.0,0.34404761904761905,1.059561898931861,1.051969714462757,0.025307302712462842
double_centered_full_action_dqn,810,145,101.10304957032204,96.68794233791532,32.116839811205864,68.98621039986611,1.6149196326732635,18826.619537353516,0.0,29.0,0.0,1.0,0.33952380952380956,0.7533093653619289,0.7456155139952898,0.025646183523349464
double_centered_full_action_dqn,810,146,71.82087758779525,94.79507109723986,28.356698215007782,43.464179342985155,1.463689404539764,15879.221683502197,0.0,20.0,0.0,4.0,0.3350000000000001,0.8423395603895187,0.8348081782460213,0.02510461793281138
double_centered_full_action_dqn,810,147,115.18016046583652,96.20690727673471,36.897510543465614,78.28265020549297,1.7327091665938497,21133.278621673584,0.0,32.0,0.0,4.0,0.3304761904761905,0.9876171201467514,0.9788075480610132,0.029365231632255018
double_centered_full_action_dqn,810,148,108.88666457235813,97.58918491087854,35.571338176727295,73.31532636582851,1.678657609038055,20614.613830566406,0.0,31.0,0.0,3.0,0.325952380952381,1.1206251606345177,1.1125542037189007,0.02690318040549755
double_centered_full_action_dqn,810,149,70.22982946038246,96.429967449978,26.079841770231724,44.14998856186867,1.430358518846333,14721.025871276855,0.0,22.0,0.0,1.0,0.3214285714285714,0.8409657757729292,0.8323745131492615,0.028637528885155916
double_centered_full_action_dqn,810,150,67.01984073370696,94.48110044300556,27.03705783933401,39.98278281986713,1.4375875424593687,15967.377319335938,0.0,19.0,0.0,1.0,0.3169047619047619,0.9757523695006967,0.9681904120370746,0.025206560268998146
double_centered_full_action_dqn,810,151,92.34594202935696,94.81174473911526,33.089688159525394,59.256253921985625,1.5612567383795977,18625.168251037598,0.0,27.0,0.0,1.0,0.3123809523809524,0.9835354387760162,0.9759437888860703,0.02530553098767996
double_centered_full_action_dqn,810,152,87.58237692266702,93.81256435520949,30.860593028366566,56.721784237027165,1.5310802003368735,17572.729377746582,0.0,27.0,0.0,2.0,0.30785714285714294,0.8549523521214724,0.8472301382571459,0.02574073529103771
double_centered_full_action_dqn,810,153,101.22587211430073,93.8834131140262,34.03164981305599,67.1942213922739,1.6810410283505917,19996.393047332764,0.0,29.0,0.0,1.0,0.30333333333333345,0.9018726404756308,0.8938201759010553,0.026841503218747675
double_centered_full_action_dqn,810,154,90.88244397342206,94.05903360016644,34.818501725792885,56.063941621780394,1.6165193878114223,19823.29766845703,0.0,24.0,0.0,1.0,0.29880952380952375,1.016049043275416,1.008718689903617,0.024434542225208133
double_centered_full_action_dqn,810,155,109.48376140892506,95.8928142695874,36.56330423057079,72.92045676112176,1.6606039768084884,20975.884090423584,0.0,31.0,0.0,1.0,0.29428571428571426,0.7242358634248376,0.7164216823875904,0.026047266845125705
double_centered_full_action_dqn,810,156,78.27580969929696,94.56277610316874,28.94565437734127,49.33015548586845,1.4967915266752243,16566.01545715332,0.0,23.0,0.0,1.0,0.2897619047619048,1.1095260996371508,1.1023091711103916,0.02405644376995042
double_centered_full_action_dqn,810,157,84.9196941792965,93.15056412592533,30.223869815468788,54.69582469165325,1.535795726813376,17291.422424316406,0.0,27.0,0.0,1.0,0.2852380952380953,1.0756964646279812,1.0684193037450314,0.02425722382031381
double_centered_full_action_dqn,810,158,102.07749066650868,92.99949798405171,35.67282994091511,66.4046609044075,1.6600075652822852,20211.453338623047,0.0,29.0,0.0,2.0,0.2807142857142858,0.8658504467457533,0.8578787203878164,0.026572395348921418
double_centered_full_action_dqn,810,159,101.31322995722294,93.28730727583172,36.08853282034397,65.22469756901265,1.6090618846938014,19650.440143585205,0.0,30.0,0.0,1.0,0.2761904761904763,0.9945169556885958,0.9865007288753986,0.02672073943540454
double_centered_full_action_dqn,810,160,84.7338615372777,92.12846426077189,31.213962100446224,53.51989992856979,1.580189204774797,18049.54595184326,0.0,24.0,0.0,3.0,0.2716666666666666,0.8733292315155268,0.865165863186121,0.027211251319386065
double_centered_full_action_dqn,810,161,100.38488500714303,92.12070337288084,34.95000538229942,65.4348795503378,1.6569961002096534,20327.036220550537,0.0,29.0,0.0,1.0,0.2671428571428571,0.842544075101614,0.8349857376888394,0.025194451678544283
double_centered_full_action_dqn,810,162,96.66678096055985,92.41844248510898,30.551243990659714,66.11553741693497,1.5781949069350958,17799.95757675171,0.0,30.0,0.0,4.0,0.26261904761904764,0.9047692324966192,0.8972783237695694,0.024969688151031733
double_centered_full_action_dqn,810,163,74.60680541396141,92.10527978755536,27.846887782216072,46.75991778075695,1.4556296849623322,16144.011386871338,0.0,23.0,0.0,0.0,0.25809523809523816,0.6611636616289616,0.6534089166671038,0.025849163881503046
double_centered_full_action_dqn,810,164,91.64359187483788,91.51914840675892,30.662661030888557,60.98093029260635,1.5200324673205614,17501.33111190796,0.0,28.0,0.0,4.0,0.25357142857142867,1.1283229310065508,1.1186062302440405,0.032388983527198434
double_centered_full_action_dqn,810,165,98.84016637504101,91.40600424699485,35.759400486946106,63.080765813589096,1.6437927233055234,20342.533866882324,0.0,27.0,0.0,2.0,0.24904761904761907,0.9763304237276316,0.9682499347254634,0.026934959751088172
double_centered_full_action_dqn,810,166,110.86531612426043,93.35822617381811,36.631835244596004,74.23348043262959,1.6833284627646208,20899.809356689453,0.0,32.0,0.0,2.0,0.2445238095238096,0.845542436465621,0.8388617299497128,0.022269020788371563
double_centered_full_action_dqn,810,167,91.25164898633957,92.16180059984329,32.3637682646513,58.88788076639175,1.5964759616181254,18565.23556137085,0.0,26.0,0.0,1.0,0.24,1.0017852410674095,0.9946966115385294,0.02362879179418087
double_centered_full_action_dqn,810,168,65.53799868375063,89.99436730541291,23.930459648370743,41.6075392216444,1.3801473397761583,13935.576536178589,0.0,23.0,0.0,1.0,0.2354761904761905,0.948149899020791,0.9412208236753941,0.023096895834896713
double_centered_full_action_dqn,810,169,75.42785586565734,90.25426862567664,29.799200735986233,45.62865504026413,1.518569697625935,16514.826303482056,0.0,20.0,0.0,1.0,0.23095238095238102,0.8130542505532503,0.8063617404550314,0.022308341751340777
double_centered_full_action_dqn,810,170,88.81345976889133,91.34394957743586,30.76316612958908,58.05029332637787,1.554867535829544,17617.56373977661,0.0,26.0,0.0,0.0,0.22642857142857142,1.0761372298002243,1.0679481215775013,0.02729703555814922
double_centered_full_action_dqn,810,171,99.30782196223736,91.69204357407988,31.97954173386097,67.32827997505665,1.609906212426722,18512.608154296875,0.0,28.0,0.0,3.0,0.22190476190476194,0.8611588682979345,0.8538530953228474,0.024352591310162097
double_centered_full_action_dqn,810,172,91.24920265376568,91.87538486063481,33.05810023844242,58.191102206707,1.5737518072128296,18444.94626235962,0.0,26.0,0.0,2.0,0.21738095238095245,1.1538822334259748,1.1470217406749725,0.022868303989525884
double_centered_full_action_dqn,810,173,93.05576259791852,91.4668793848157,32.92823874950409,60.12752411663532,1.5819751834496856,18542.43229675293,0.0,26.0,0.0,1.0,0.21285714285714286,0.8442376554012299,0.8361929506063461,0.02681565808597952
double_centered_full_action_dqn,810,174,93.56722479462624,91.60111842587591,32.10590356588364,61.46132115423679,1.5563558442518115,17821.82442855835,0.0,29.0,0.0,1.0,0.20833333333333337,0.9649873115122318,0.9571089372038841,0.026261269813403487
double_centered_full_action_dqn,810,175,83.24090350419283,90.2889755306393,29.004722230136395,54.23618119955063,1.490894453600049,16547.321201324463,0.0,23.0,0.0,0.0,0.20380952380952377,0.9425823241472244,0.934985963627696,0.025321210909169167
double_centered_full_action_dqn,810,176,87.42306965887546,90.74633852861822,30.859623730182648,56.563445794582364,1.5557267228141427,17645.48012161255,0.0,25.0,0.0,2.0,0.1992857142857143,1.0159376803785563,1.0078560393303633,0.026938781375065446
double_centered_full_action_dqn,810,177,84.22750709950924,90.71172917462886,31.960830494761467,52.26667757332325,1.5639004996046424,18367.43653488159,0.0,24.0,0.0,0.0,0.1947619047619048,1.0185294449329376,1.011123538017273,0.02468637184938416
double_centered_full_action_dqn,810,178,98.32457706332207,90.52408349446952,34.47740903496742,63.84716787934303,1.6504852985963225,19750.1237449646,0.0,28.0,0.0,0.0,0.19023809523809532,0.990810189396143,0.983886213041842,0.023079953622072935
double_centered_full_action_dqn,810,179,86.14072413742542,89.76545820347965,31.508657850325108,54.632065773010254,1.5364421214908361,17780.048904418945,0.0,25.0,0.0,0.0,0.18571428571428583,1.2020449191331863,1.1947348155081272,0.024367018369957805
double_centered_full_action_dqn,810,180,95.49766705930233,90.30364847958089,32.86536441743374,62.63230285048485,1.6665655318647623,19713.05364227295,0.0,26.0,0.0,0.0,0.18119047619047624,1.1035293247550726,1.0952786095440388,0.027502407901920378
double_centered_full_action_dqn,810,181,62.17657385021448,88.39323292173445,25.441367760300636,36.735206335783005,1.4155014883726835,14614.695281982422,0.0,18.0,0.0,0.0,0.17666666666666664,1.0945192258805037,1.0868263747543097,0.025642778840847313
double_centered_full_action_dqn,810,182,89.02136355936527,88.01096205167472,32.18713926523924,56.834224107861516,1.5261179022490978,17729.912185668945,0.0,26.0,0.0,3.0,0.17214285714285715,0.9908881932497025,0.9842425063252449,0.022152284276671708
double_centered_full_action_dqn,810,183,78.519564935565,88.2066000277549,28.571613892912865,49.94795083403587,1.4545103861019015,15933.376289367676,0.0,25.0,0.0,1.0,0.16761904761904767,1.113923316821456,1.1058398187160492,0.026945031597279012
double_centered_full_action_dqn,810,184,96.93111417740583,88.4709761428833,36.3305482044816,60.60056595802307,1.6538831433281302,20650.073444366455,0.0,28.0,0.0,4.0,0.16309523809523818,1.0895360130816698,1.0825225468724966,0.02337821724358946
double_centered_full_action_dqn,810,185,78.62367641329766,87.46015164479614,28.201626509428024,50.422050127387045,1.4791922634467483,16138.39652633667,0.0,24.0,0.0,1.0,0.1585714285714287,0.9446305092424154,0.9361286424100399,0.02833951637148857
double_centered_full_action_dqn,810,186,91.44467413425446,86.48911954529584,31.393642738461494,60.051031574606895,1.5638286648318172,17674.6880569458,0.0,28.0,0.0,0.0,0.1540476190476191,0.916812744922936,0.9085277477279305,0.02761664951685816
double_centered_full_action_dqn,810,187,85.6091832742095,86.20699625968933,32.04563994705677,53.56354343891144,1.5618715211749077,18856.02770805359,0.0,24.0,0.0,0.0,0.1495238095238095,1.0709094572812319,1.0617432445287704,0.030554027762264013
double_centered_full_action_dqn,810,188,107.49175668656827,88.30468415983023,33.91562765836716,73.57612910270691,1.656652718782425,19519.0152053833,0.0,33.0,0.0,1.0,0.14500000000000002,1.043277956545353,1.0349657647311687,0.02770728338509798
double_centered_full_action_dqn,810,189,78.31393382698298,88.44898805789651,27.658251523971558,50.65568217635155,1.4769105445593596,16268.060958862305,0.0,24.0,0.0,0.0,0.14047619047619053,0.9100311864167452,0.9024170199409127,0.02538053470198065
double_centered_full_action_dqn,810,190,84.54768477082253,88.23569930799307,28.657713755965233,55.88997079133988,1.548832293599844,16971.447301864624,0.0,27.0,0.0,5.0,0.13595238095238105,0.9926054794341326,0.984656872227788,0.026495411875657737
double_centered_full_action_dqn,810,191,95.16445367336273,88.02853089354933,33.81727437674999,61.34717969894409,1.6217152113094926,19321.40673828125,0.0,26.0,0.0,2.0,0.13142857142857145,1.0253223199397326,1.017452435567975,0.026232919772155583
double_centered_full_action_dqn,810,192,91.52008228749037,88.04207487523556,30.966764263808727,60.55331791937351,1.5371385095641017,17683.02758026123,0.0,26.0,0.0,2.0,0.12690476190476196,0.9682605676352978,0.9603952150791883,0.026217860751785338
double_centered_full_action_dqn,810,193,88.22015442848206,87.80029446676375,30.852378949522972,57.36777561306953,1.5718454290181398,17782.88665008545,0.0,27.0,0.0,1.0,0.12238095238095237,1.1275858730077744,1.1200853642076254,0.025001735775731504
double_centered_full_action_dqn,810,194,94.03879660367966,87.8238730572164,32.29237774759531,61.74641852080822,1.5951477028429508,18183.011962890625,0.0,28.0,0.0,0.0,0.11785714285714288,0.807574606500566,0.8003821400925517,0.023974859504960477
double_centered_full_action_dqn,810,195,87.1052860558033,88.01709218479694,29.03578281402588,58.06950346529484,1.5163865638896823,17060.85625076294,0.0,27.0,0.0,2.0,0.1133333333333334,1.1554154492914677,1.1478471644222736,0.025227585225366056
double_centered_full_action_dqn,810,196,85.74386119246483,87.9331317614764,28.262599140405655,57.48126224577427,1.5306379534304142,16608.76766204834,0.0,27.0,0.0,3.0,0.1088095238095238,0.9473345493897796,0.9401713293045759,0.023877434199675918
double_centered_full_action_dqn,810,197,87.72024375498295,88.10776859425008,31.1725939437747,56.54764961004257,1.537983924150467,17505.18608856201,0.0,25.0,0.0,2.0,0.10428571428571431,0.9425665363669395,0.9339928384870291,0.02857897977810353
double_centered_full_action_dqn,810,198,100.87900339961053,88.2354899110645,32.29482860863209,68.58417522311211,1.6256650052964687,18564.460220336914,0.0,29.0,0.0,1.0,0.09976190476190483,0.842343034222722,0.835006907582283,0.02445373759837821
double_centered_full_action_dqn,810,199,68.9300028026104,87.37495384432376,27.06244046986103,41.867562437057494,1.4186782222241163,14977.633100509644,0.0,19.0,0.0,1.0,0.09523809523809534,0.9024145668372512,0.893810223788023,0.02868113957811147
double_centered_full_action_dqn,810,200,86.56579615920782,86.92836029931904,28.77080713957548,57.7949890345335,1.5260597690939903,16563.364570617676,0.0,26.0,0.0,0.0,0.09071428571428575,0.9966857172548771,0.9881501272320747,0.0284520034911111
double_centered_full_action_dqn,810,201,83.16684542000294,87.97787387780846,28.240136206150055,54.92670928835869,1.4862359380349517,16067.123023986816,0.0,25.0,0.0,2.0,0.08619047619047626,0.8279172834008932,0.819494635798037,0.02807548432610929
double_centered_full_action_dqn,810,202,79.68623396903277,87.51111739829184,27.725455284118652,51.96077817082405,1.4545997465029359,15292.432483673096,0.0,25.0,0.0,1.0,0.08166666666666667,1.0928115770220757,1.0854133814573288,0.024660690571181476
double_centered_full_action_dqn,810,203,89.88909123241902,88.07959371313454,30.24980628490448,59.63928494751453,1.5642506312578917,17680.663688659668,0.0,27.0,0.0,1.0,0.07714285714285718,0.9341975897550583,0.925815412774682,0.027940558968111873
double_centered_full_action_dqn,810,204,102.03701677322388,88.33488884292544,31.88414330780506,70.15287373363972,1.6210504490882158,18260.052825927734,0.0,30.0,0.0,1.0,0.0726190476190477,1.19638866558671,1.1886009564623237,0.02595903171459213
double_centered_full_action_dqn,810,205,83.20743002146483,88.5640765233338,28.622250266373158,54.58518015742302,1.545473851263523,16562.444786071777,0.0,24.0,0.0,2.0,0.06809523809523821,0.9240876138210297,0.916206419467926,0.026270687347278
double_centered_full_action_dqn,810,206,102.64261278659106,89.12397345595065,32.734471790492535,69.90814081728459,1.646345367655158,19432.10001373291,0.0,29.0,0.0,3.0,0.06357142857142861,0.9579981341958046,0.9489359352737665,0.030207306263037026
double_centered_full_action_dqn,810,207,79.0345249786973,88.79524054117503,27.734745390713215,51.29977945387363,1.4913186961784959,16130.675971984863,0.0,26.0,0.0,1.0,0.059047619047619015,0.9968462064862251,0.9874775800853968,0.031228754902258515
double_centered_full_action_dqn,810,208,81.77272648662328,87.50928903117777,29.76689424365759,52.00583209395408,1.5355722857639194,17047.91710281372,0.0,22.0,0.0,2.0,0.05452380952380953,1.100389275699854,1.0926904678344727,0.025662674161139876
double_centered_full_action_dqn,810,209,79.29660196602345,87.5584224381298,27.53628285229206,51.76031908392906,1.4586871610954404,15541.381784439087,0.0,24.0,0.0,2.0,0.050000000000000044,1.2334239119663835,1.2247993480414152,0.028748645214363933
double_centered_full_action_dqn,810,210,77.7882586658001,87.22045113287867,27.125808365643024,50.66245069503784,1.4785625245422125,15531.542194366455,0.0,26.0,0.0,1.0,0.050000000000000044,0.7716951752081513,0.7642339859157801,0.024870644556358457
double_centered_full_action_dqn,810,211,69.85162039846182,85.95480946913361,26.41850223392248,43.433118745684624,1.4188911207020283,14514.936058044434,0.0,22.0,0.0,0.0,0.050000000000000044,0.9576638005673885,0.9494679383933544,0.027319558197632432
double_centered_full_action_dqn,810,212,84.6499128267169,85.61130099609495,31.46422641724348,53.18568658828735,1.559485991485417,17984.803939819336,0.0,24.0,0.0,1.0,0.050000000000000044,1.1647254973649979,1.1563359387218952,0.0279651622986421
double_centered_full_action_dqn,810,213,98.57605443298817,86.12909599632026,31.641246631741524,66.934807741642,1.5687358099967241,18264.503749847412,0.0,30.0,0.0,2.0,0.050000000000000044,1.2227301020175219,1.2149849273264408,0.025817262066993862
double_centered_full_action_dqn,810,214,92.73424661308528,86.06386849679055,31.02476816624403,61.70947834253311,1.5283642653375864,17382.387859344482,0.0,28.0,0.0,2.0,0.050000000000000044,0.9481305349618196,0.9398739095777273,0.02752206684090197
double_centered_full_action_dqn,810,215,83.68339488655329,85.89277393832803,30.481511063873768,53.20188391208649,1.5478094965219498,17307.12226486206,0.0,24.0,0.0,0.0,0.050000000000000044,1.3692081067711115,1.3612653315067291,0.026475922437384725
double_centered_full_action_dqn,810,216,56.63624812066555,84.43739328473808,24.484119936823845,32.15212797522545,1.3738390626385808,13922.698787689209,0.0,17.0,0.0,1.0,0.050000000000000044,1.0499921403825283,1.042721837759018,0.024234316661022604
double_centered_full_action_dqn,810,217,88.35957964509726,84.4693600792438,31.452307380735874,56.90727210044861,1.559465772472322,18105.477207183838,0.0,25.0,0.0,1.0,0.050000000000000044,1.1627122843638062,1.155401880852878,0.024368054349906743
double_centered_full_action_dqn,810,218,89.60036738216877,83.90542827837172,28.35537165403366,61.24499624967575,1.4906321102753282,16334.083316802979,0.0,28.0,0.0,2.0,0.050000000000000044,1.2006438449025154,1.1925308518111706,0.02704326342791319
double_centered_full_action_dqn,810,219,84.3142410993576,84.67464019320906,29.54978111386299,54.76446046233177,1.5228023314848542,17138.245239257812,0.0,24.0,0.0,3.0,0.050000000000000044,0.9940060973167419,0.9854289963841438,0.028590323752723634
double_centered_full_action_dqn,810,220,83.74033408612013,84.53336708955467,30.007935158908367,53.73239856958389,1.5535777723416686,17269.674068450928,0.0,25.0,0.0,3.0,0.050000000000000044,0.9371660109609365,0.9289560373872519,0.027366570429876447
double_centered_full_action_dqn,810,221,69.36337571591139,83.84319360435009,27.432041831314564,41.931334495544434,1.4558369582518935,15594.102228164673,0.0,20.0,0.0,1.0,0.050000000000000044,1.1318368948996067,1.1233035326004028,0.028444544062949717
double_centered_full_action_dqn,810,222,90.32595677673817,84.37517974473536,29.11987167596817,61.20608405768871,1.55662702023983,17109.35210418701,0.0,29.0,0.0,2.0,0.050000000000000044,0.9279242474585772,0.9199196435511112,0.026682035881094635
double_centered_full_action_dqn,810,223,100.5928298830986,84.91036667726935,33.36106871813536,67.23176085948944,1.608690452761948,18998.58165359497,0.0,31.0,0.0,0.0,0.050000000000000044,1.032767714932561,1.024351179599762,0.028055151109583676
double_centered_full_action_dqn,810,224,72.8278644323349,83.4499090602249,26.82529103755951,46.002573454380034,1.4299649326130748,15027.274753570557,0.0,23.0,0.0,1.0,0.050000000000000044,1.0853543058037758,1.0773755926638842,0.0265957226511091
double_centered_full_action_dqn,810,225,75.29818185567856,83.05444665193559,27.625193163752556,47.672988229990004,1.4517452996224165,15492.440895080566,0.0,23.0,0.0,2.0,0.050000000000000044,0.9915821347385645,0.9840618874877691,0.02506745932623744
double_centered_full_action_dqn,810,226,57.81170727312565,80.81290137626232,23.59191680699587,34.21979081630707,1.3575329910963774,13801.923740386963,0.0,19.0,0.0,0.0,0.050000000000000044,1.189305517822504,1.1819831524044275,0.024407881312072277
double_centered_full_action_dqn,810,227,85.60545707643033,81.14144798114897,29.6914724111557,55.913984620571135,1.5063539054244757,16556.45637512207,0.0,25.0,0.0,1.0,0.050000000000000044,0.8929631635546684,0.8848817739635706,0.026937940274365246
double_centered_full_action_dqn,810,228,91.29128173142672,81.61737574338915,29.85677284747362,61.43450934588909,1.5362000875175,16857.688144683838,0.0,28.0,0.0,2.0,0.050000000000000044,1.028824245557189,1.0206632697954774,0.027203277102671564
double_centered_full_action_dqn,810,229,84.89009369462728,81.89705032981934,29.15031785517931,55.73977645039558,1.5355978896841407,16723.17735671997,0.0,26.0,0.0,3.0,0.050000000000000044,0.9080788595601916,0.8996800277382135,0.027996158343739808
double_centered_full_action_dqn,810,230,86.13226380944252,82.31425058700145,29.866002023220062,56.26626147329807,1.5106242951005697,16585.863777160645,0.0,27.0,0.0,0.0,0.050000000000000044,0.9816550109535456,0.9740516971796751,0.025344388326629996
double_centered_full_action_dqn,810,231,84.12542302459478,83.02794071830809,28.210256591439247,55.91516639590263,1.4739088900387287,15986.560596466064,0.0,25.0,0.0,3.0,0.050000000000000044,0.9197978405281901,0.9112172201275826,0.028602044098079205
double_centered_full_action_dqn,810,232,87.74174682497978,83.18253241822123,29.397839859128,58.34390678703785,1.544875893741846,17181.000873565674,0.0,26.0,0.0,3.0,0.050000000000000044,1.0721664596349,1.0635825581848621,0.02861303521785885
double_centered_full_action_dqn,810,233,81.21446258723736,82.3144528259337,28.66601651906967,52.5484460234642,1.4850022410973907,16018.48169708252,0.0,25.0,0.0,3.0,0.050000000000000044,0.945911355316639,0.938165070489049,0.025820919079706073
double_centered_full_action_dqn,810,234,87.4090046003461,82.04819072529675,31.574222661554813,55.834782192111014,1.6046605641022325,18645.991577148438,0.0,26.0,0.0,1.0,0.050000000000000044,0.9499349845573306,0.9425313724204898,0.024678703979589045
double_centered_full_action_dqn,810,235,78.85521407574416,81.8067816847563,27.2307565882802,51.62445747256279,1.476539601571858,15898.114360809326,0.0,23.0,0.0,2.0,0.050000000000000044,1.1359071340411901,1.1266583390533924,0.030829332419671118
double_centered_full_action_dqn,810,236,87.48570442944765,83.3492545001954,29.397992558777332,58.08771228790283,1.554821821860969,17226.527378082275,0.0,25.0,0.0,1.0,0.050000000000000044,1.1341410391032696,1.126600906252861,0.0251337947556749
double_centered_full_action_dqn,810,237,82.13846595585346,83.03819881573321,30.617620795965195,51.52084535360336,1.505960331298411,17374.107913970947,0.0,23.0,0.0,0.0,0.050000000000000044,1.195766780525446,1.1877406165003777,0.026753907673992217
double_centered_full_action_dqn,810,238,93.86426060050727,83.25139347665014,31.280279830098152,62.58398033827543,1.551900994963944,17626.143997192383,0.0,28.0,0.0,1.0,0.050000000000000044,0.9384691976010799,0.9301800467073917,0.027630535652861
double_centered_full_action_dqn,810,239,84.56618677824736,83.26399076059462,28.387301445007324,56.17888531088829,1.4890075363218784,16410.121782302856,0.0,25.0,0.0,0.0,0.050000000000000044,1.015922512859106,1.0058062803000212,0.03372077259700745
double_centered_full_action_dqn,810,240,83.63737675845623,83.25884289421143,29.56817328184843,54.06920311152935,1.515639957971871,16844.750827789307,0.0,25.0,0.0,2.0,0.050000000000000044,1.1666888073086739,1.1586861237883568,0.026675557368434966
double_centered_full_action_dqn,810,241,86.42405584603549,84.11187690071763,31.059094540774822,55.364961908757685,1.5464009149000049,17203.988204956055,0.0,26.0,0.0,1.0,0.050000000000000044,1.0232897773385048,1.0153195224702358,0.02656752261100337
double_centered_full_action_dqn,810,242,79.89056368470192,83.59010724611582,28.068677723407745,51.821886497735974,1.4815024072304368,15989.982315063477,0.0,24.0,0.0,4.0,0.050000000000000044,0.9817125350236893,0.9746355004608631,0.0235901566920802
double_centered_full_action_dqn,810,243,77.89450075626374,82.45519078977408,29.381303869187832,48.51319637298584,1.497374176979065,16935.98253250122,0.0,22.0,0.0,2.0,0.050000000000000044,1.3435704316943884,1.3357647694647312,0.026018921053037047
double_centered_full_action_dqn,810,244,84.64916926920414,83.04625603161753,28.306148044764996,56.3430214703083,1.4784175837412477,15957.169715881348,0.0,26.0,0.0,2.0,0.050000000000000044,1.3014169167727232,1.2934991754591465,0.02639247546903789
double_centered_full_action_dqn,810,245,84.62650550305844,83.51267221398652,28.901465877890587,55.725040131807326,1.488028071820736,16294.641033172607,0.0,24.0,0.0,1.0,0.050000000000000044,1.154860144481063,1.1469833105802536,0.026256182696670294
double_centered_full_action_dqn,810,246,73.1101626381278,84.27759498223664,27.97544216364622,45.134720131754875,1.4970824597403407,16298.528747558594,0.0,24.0,0.0,0.0,0.050000000000000044,0.914906594902277,0.9073302112519741,0.025254596606828272
double_centered_full_action_dqn,810,247,90.43233425170183,84.5189388410002,30.823179490864277,59.609154745936394,1.5474139414727688,17232.749794006348,0.0,26.0,0.0,1.0,0.050000000000000044,0.8336884807795286,0.8261502515524626,0.02512739470694214
double_centered_full_action_dqn,810,248,97.58076964318752,84.83341323658824,31.32230518013239,66.25846479833126,1.599840184673667,18080.070640563965,0.0,29.0,0.0,0.0,0.050000000000000044,1.300507789477706,1.2916159387677908,0.029639531392604113
double_centered_full_action_dqn,810,249,69.94888357818127,84.08635273076594,27.104766234755516,42.84411741793156,1.4488231921568513,15587.936214447021,0.0,21.0,0.0,2.0,0.050000000000000044,1.0963045414537191,1.0878313295543194,0.02824402111582458
double_centered_full_action_dqn,810,250,94.06504982113839,84.48299203135073,28.988365039229393,65.07668473720551,1.5071186404675245,16465.616886138916,0.0,28.0,0.0,2.0,0.050000000000000044,1.1922863367944956,1.1846379488706589,0.025494612811598927
double_centered_full_action_dqn,810,251,70.13105077445508,83.78327341884376,27.137554332613945,42.9934961438179,1.4358699675649405,15308.840564727783,0.0,21.0,0.0,1.0,0.050000000000000044,1.1641529966145754,1.155764039605856,0.027963194879703224
double_centered_full_action_dqn,810,252,72.40732482224703,83.01655231870713,29.046344093978405,43.36098035573959,1.471024720929563,16507.393741607666,0.0,23.0,0.0,1.0,0.050000000000000044,0.9734794367104769,0.9658025689423084,0.025589535478502512
double_centered_full_action_dqn,810,253,69.25993722975254,82.41882605083289,27.850077882409096,41.409859377145764,1.483789904974401,15658.543655395508,0.0,21.0,0.0,2.0,0.050000000000000044,1.3204786889255047,1.3129696864634752,0.025030022370629013
double_centered_full_action_dqn,810,254,84.89003451913595,82.29287754677237,29.32766281813383,55.562371611595154,1.5112784393131733,16826.548488616943,0.0,25.0,0.0,2.0,0.050000000000000044,0.6728488821536303,0.6631986731663346,0.03216734528541565
double_centered_full_action_dqn,810,255,59.809635415673256,81.34059861376883,25.63850612193346,34.171128898859024,1.4197120685130358,14798.213794708252,0.0,19.0,0.0,2.0,0.050000000000000044,1.1771529465913773,1.1694242395460606,0.02576236182358116
double_centered_full_action_dqn,810,256,77.25514224171638,80.82907050438226,28.2079174593091,49.04722432792187,1.4681640099734068,15983.286903381348,0.0,24.0,0.0,0.0,0.050000000000000044,1.1325997784733772,1.1253689918667078,0.024102624040096998
double_centered_full_action_dqn,810,257,89.53240487873555,81.19876745052636,31.704396039247513,57.82800895869732,1.5644843662157655,18342.960777282715,0.0,25.0,0.0,2.0,0.050000000000000044,1.0966689251363277,1.0876924637705088,0.02992153714876622
double_centered_full_action_dqn,810,258,82.26502784490586,80.6188058127463,28.375791803002357,53.889235907793044,1.5177612295374274,16508.652420043945,0.0,27.0,0.0,2.0,0.050000000000000044,1.125107802450657,1.1170696914196014,0.026793672470375896
double_centered_full_action_dqn,810,259,83.3382140725851,80.55740717746318,29.718140095472336,53.62007376849651,1.539166227914393,16864.016944885254,0.0,25.0,0.0,4.0,0.050000000000000044,1.2842495739459991,1.2771522477269173,0.023657768208067864
double_centered_full_action_dqn,810,260,70.27104952335358,79.88909081570806,26.998936645686626,43.272113198041914,1.4359053689986467,15204.84407043457,0.0,22.0,0.0,1.0,0.050000000000000044,1.1584476847201586,1.150098848156631,0.027829448808915913
double_centered_full_action_dqn,810,261,86.32706059515476,79.884241053164,28.520740896463394,57.80631946027279,1.5079459697008133,16554.421131134033,0.0,26.0,0.0,1.0,0.050000000000000044,1.050525264814496,1.0428587105125189,0.025555145577527583
double_centered_full_action_dqn,810,262,61.60297919809818,78.96986182883383,25.25400660932064,36.34897303581238,1.4242517119273543,14621.051864624023,0.0,19.0,0.0,3.0,0.050000000000000044,1.292252540588379,1.2835367461666465,0.02905264962464571
double_centered_full_action_dqn,810,263,90.49873937666416,79.60007375985384,31.471889033913612,59.02685073018074,1.5810336787253618,17960.206365585327,0.0,28.0,0.0,1.0,0.050000000000000044,1.3159345835447311,1.3078740257769823,0.02686852600891143
double_centered_full_action_dqn,810,264,82.16188845038414,79.47570971891284,29.88695739209652,52.2749305665493,1.5136931613087654,17111.41526412964,0.0,24.0,0.0,0.0,0.050000000000000044,1.1527530131861567,1.1450468674302101,0.025687187677249312
double_centered_full_action_dqn,810,265,76.68346268981695,79.07855757825077,29.341982528567314,47.341480153799054,1.486469879746437,16508.35800552368,0.0,21.0,0.0,3.0,0.050000000000000044,1.4053009860217571,1.3968099877238274,0.02830330841243267
double_centered_full_action_dqn,810,266,95.71123101711274,80.20861099720001,32.1266720443964,63.58455883860588,1.6064910031855106,18390.404273986816,0.0,28.0,0.0,1.0,0.050000000000000044,1.0710850302129984,1.063602913171053,0.02494038047734648
double_centered_full_action_dqn,810,267,59.62003433704376,78.66799600146712,24.10855221748352,35.51148231327534,1.4074247004464269,14301.780212402344,0.0,19.0,0.0,0.0,0.050000000000000044,1.078177185729146,1.0695053152740002,0.02890621789265424
double_centered_full_action_dqn,810,268,77.8348734766245,77.68070119313896,28.470065087080002,49.36480832993984,1.5024699475616217,15966.613140106201,0.0,24.0,0.0,1.0,0.050000000000000044,1.155392661690712,1.1474708672612906,0.026405981159769
double_centered_full_action_dqn,810,269,93.83806418776513,78.87516022361817,31.690583154559135,62.14748101830482,1.6038215914741158,18579.089874267578,0.0,28.0,0.0,2.0,0.050000000000000044,1.0174582786858082,1.0094871670007706,0.026570351561531425
double_centered_full_action_dqn,810,270,77.02980962842703,78.02339821398259,28.20366434007883,48.82614567577839,1.4839962683618069,16338.827854156494,0.0,24.0,0.0,4.0,0.050000000000000044,1.013534251600504,1.0056277010589838,0.02635517658200115
double_centered_full_action_dqn,810,271,84.24312288314104,78.7290018194169,30.056976430118084,54.186146438121796,1.5185612123459578,16897.155918121338,0.0,25.0,0.0,0.0,0.050000000000000044,1.2351353336125612,1.2268073502928019,0.027759961667470634
double_centered_full_action_dqn,810,272,92.43006287515163,79.73013872206212,30.35467280447483,62.075389981269836,1.570726971141994,17321.913368225098,0.0,26.0,0.0,2.0,0.050000000000000044,1.038040129467845,1.0304680205881596,0.025240352377295494
double_centered_full_action_dqn,810,273,80.39086420089006,80.28668507061899,27.4885046929121,52.90235984325409,1.4738559676334262,15704.296215057373,0.0,25.0,0.0,0.0,0.050000000000000044,1.3508115075528622,1.3431201688945293,0.02563777274917811
double_centered_full_action_dqn,810,274,87.49493072926998,80.4169298811257,29.566919535398483,57.92801111936569,1.5073144799098372,16569.238048553467,0.0,25.0,0.0,0.0,0.050000000000000044,0.8928842172026634,0.8844212312251329,0.028209975105710328
double_centered_full_action_dqn,810,275,97.72334487140179,82.31261535391212,31.147274523973465,66.5760704368353,1.5196020724251866,17460.371585845947,0.0,30.0,0.0,1.0,0.050000000000000044,1.2310810424387455,1.2226654887199402,0.028051860630512238
double_centered_full_action_dqn,810,276,78.44407334178686,82.37206190891564,28.827790774405003,49.61628293991089,1.5190121429041028,16830.907928466797,0.0,23.0,0.0,0.0,0.050000000000000044,1.1642614360898733,1.1565879974514246,0.0255781629239209
double_centered_full_action_dqn,810,277,81.90886772572995,81.99088505126538,29.398395135998726,52.510473096370696,1.5040812082588673,16790.475009918213,0.0,26.0,0.0,2.0,0.050000000000000044,1.217643417418003,1.2105883983895183,0.02351674245437607
double_centered_full_action_dqn,810,278,95.89400770664216,82.6723340443522,31.514856457710266,64.37915157675744,1.5813171500340104,17664.781127929688,0.0,29.0,0.0,2.0,0.050000000000000044,1.0020308196544647,0.9940101355314255,0.026735644787549973
double_centered_full_action_dqn,810,279,73.45297544449568,82.17807211294772,27.834693171083927,45.618282184004784,1.5268406150862575,16689.324836730957,0.0,22.0,0.0,2.0,0.050000000000000044,1.05402647331357,1.0463637225329876,0.02554246282670647
double_centered_full_action_dqn,810,280,77.10793797671795,82.51991653561592,28.27427078783512,48.833666905760765,1.456633578054607,15530.153942108154,0.0,24.0,0.0,0.0,0.050000000000000044,1.1524672266095877,1.1448437124490738,0.0254117411095649
double_centered_full_action_dqn,810,281,50.682574421167374,80.73769222691655,22.917959064245224,27.764615312218666,1.350042950361967,12997.902118682861,0.0,17.0,0.0,0.0,0.050000000000000044,1.3514213804155588,1.3434272706508636,0.02664706262294203
double_centered_full_action_dqn,810,282,81.09311890602112,81.7121992123127,28.00138908624649,53.0917302519083,1.5272769425064325,16506.581115722656,0.0,24.0,0.0,1.0,0.050000000000000044,1.1799280662089586,1.1723105069249868,0.025391878094524145
double_centered_full_action_dqn,810,283,89.94300926625729,81.68441270679236,28.280461125075817,61.662547731399535,1.5161590101197362,16265.911270141602,0.0,28.0,0.0,4.0,0.050000000000000044,1.1904231840744615,1.182394277304411,0.026763061061501503
double_centered_full_action_dqn,810,284,80.2621488571167,81.589425727129,26.823596641421318,53.438552126288414,1.5073284367099404,15935.95725440979,0.0,24.0,0.0,0.0,0.050000000000000044,0.9619331955909729,0.9542224910110235,0.025702362414449453
double_centered_full_action_dqn,810,285,85.66424697637558,82.03846494145691,29.47294421494007,56.19130250811577,1.5113853383809328,16578.812015533447,0.0,25.0,0.0,0.0,0.050000000000000044,1.0275163687765598,1.0184215623885393,0.030316040385514498
double_centered_full_action_dqn,810,286,99.44507192075253,82.22515698663891,33.11463312059641,66.33043901622295,1.6481550261378288,19199.993419647217,0.0,29.0,0.0,2.0,0.050000000000000044,0.9804624989628792,0.9726701844483614,0.025974377640523016
double_centered_full_action_dqn,810,287,68.86207487434149,82.68725901350379,25.216612182557583,43.64546200633049,1.4260495575144887,14640.517910003662,0.0,22.0,0.0,0.0,0.050000000000000044,1.042656360194087,1.0350237768143415,0.02544192154891789
double_centered_full_action_dqn,810,288,89.33601083755494,83.26231588155032,31.190462708473206,58.14554781615734,1.57653480861336,17753.98331451416,0.0,26.0,0.0,2.0,0.050000000000000044,1.1507005030289292,1.1430093832314014,0.025637108949013054
double_centered_full_action_dqn,810,289,74.9737016350031,82.31909775391223,25.791481241583824,49.18222031891346,1.4607188468798995,15127.796607971191,0.0,25.0,0.0,2.0,0.050000000000000044,1.2835644520819187,1.275848377496004,0.025720219360664487
double_centered_full_action_dqn,810,290,91.63053731918335,83.04913413845003,30.947980731725693,60.68255707919597,1.554469220340252,17662.217430114746,0.0,27.0,0.0,4.0,0.050000000000000044,1.2515740022063255,1.244835926219821,0.022460224223323166
double_centered_full_action_dqn,810,291,85.35485389083624,83.10472068883479,30.381459318101406,54.97339445352554,1.5147172743454576,17129.99458694458,0.0,25.0,0.0,0.0,0.050000000000000044,1.1239073853939772,1.11677785217762,0.023765092948451638
double_centered_full_action_dqn,810,292,68.26505030095578,81.896470060125,24.879506528377533,43.3855443239212,1.3919787649065256,14109.970516204834,0.0,22.0,0.0,1.0,0.050000000000000044,1.1347888074815273,1.126142043620348,0.02882256533484906
double_centered_full_action_dqn,810,293,81.78257336765527,81.96605551846326,28.01292348653078,53.7696499556303,1.4931584056466818,16005.206924438477,0.0,26.0,0.0,3.0,0.050000000000000044,1.3332163039594889,1.3247767575085163,0.028131787315942347
double_centered_full_action_dqn,810,294,72.11308586597443,81.19696327529849,27.652045249938965,44.46104082465172,1.4945821575820446,16278.125270843506,0.0,21.0,0.0,0.0,0.050000000000000044,1.260314343497157,1.2529354356229305,0.024596384493634105
double_centered_full_action_dqn,810,295,80.49652731120587,80.33562239728869,28.247905924916267,52.24862177371979,1.4963697707280517,16512.60099029541,0.0,25.0,0.0,3.0,0.050000000000000044,1.2558607906103134,1.2483894787728786,0.024904401740059257
double_centered_full_action_dqn,810,296,101.17524321377277,81.47218089088798,30.69935256242752,70.4758909791708,1.5540460580959916,17560.10536956787,0.0,31.0,0.0,1.0,0.050000000000000044,1.0242748968303204,1.0165170188993216,0.02585958014242351
double_centered_full_action_dqn,810,297,61.64321951717138,80.45889848046006,24.694361053407192,36.948859164118765,1.365604942664504,13992.124446868896,0.0,19.0,0.0,1.0,0.050000000000000044,1.3851350769400597,1.3783786334097385,0.022521490463986993
double_centered_full_action_dqn,810,298,81.81916527599097,79.75515635892751,29.01305792480707,52.80610748529434,1.5138808814808726,16844.801498413086,0.0,24.0,0.0,2.0,0.050000000000000044,1.2936289347708225,1.2866142727434635,0.023382212035357952
double_centered_full_action_dqn,810,299,91.84936607778073,80.67497589059175,30.824603617191315,61.02476223707199,1.578414916060865,17656.254985809326,0.0,28.0,0.0,2.0,0.050000000000000044,1.1462953370064497,1.1376281194388866,0.028890684829093516
double_centered_full_action_dqn,810,300,61.587049052119255,79.89893144436182,23.82527855038643,37.761770486831665,1.3809068519622087,13941.160919189453,0.0,20.0,0.0,0.0,0.050000000000000044,0.9864412983879447,0.9782902225852013,0.027170242159627378
double_centered_full_action_dqn,810,301,84.26917095631362,81.57826127111915,29.806929171085358,54.46224200129509,1.5218490976840258,16854.89984512329,0.0,24.0,0.0,2.0,0.050000000000000044,0.8746701264753938,0.8659937903285027,0.028921118937432766
double_centered_full_action_dqn,810,302,97.19894247651101,82.38355244964363,31.451273411512375,65.74766989946366,1.6197599237784743,18748.17904663086,0.0,28.0,0.0,1.0,0.050000000000000044,1.1187073104083538,1.1108463276177645,0.02620326215401292
double_centered_full_action_dqn,810,303,87.1379884660244,82.24330140963198,27.338389612734318,59.799598562717435,1.4731513503938913,15665.773866653442,0.0,27.0,0.0,3.0,0.050000000000000044,1.1183915939182043,1.1099023837596178,0.02829741023015231
double_centered_full_action_dqn,810,304,74.97585304230452,81.97898661889137,27.131630435585976,47.84422291219234,1.4566318904981017,15517.045890808105,0.0,22.0,0.0,2.0,0.050000000000000044,1.2594410311430693,1.2526034023612738,0.022792065050452948
double_centered_full_action_dqn,810,305,84.39809246361256,81.91567889325322,28.32251577079296,56.07557660341263,1.5423666387796402,16918.41547012329,0.0,26.0,0.0,0.0,0.050000000000000044,1.3717882595956326,1.3632158190011978,0.028574774973094463
double_centered_full_action_dqn,810,306,80.19466719776392,80.95315865710378,29.379255078732967,50.815412133932114,1.5380060598254204,17099.693880081177,0.0,23.0,0.0,0.0,0.050000000000000044,1.1668316889554262,1.1588953901082277,0.02645434660371393
double_centered_full_action_dqn,810,307,92.85124426484109,82.15261712662877,30.575621783733368,62.27562257051468,1.5366249158978462,17339.53510284424,0.0,28.0,0.0,1.0,0.050000000000000044,1.3565188609063625,1.347936075180769,0.028609314700588584
double_centered_full_action_dqn,810,308,87.89198215454817,82.08041569247843,29.262772232294083,58.62920989990234,1.5018297983333468,16427.847011566162,0.0,27.0,0.0,1.0,0.050000000000000044,0.9420191114768386,0.9341599028557539,0.026197331491857767
double_centered_full_action_dqn,810,309,82.51719817519188,82.45759051948787,27.27961116284132,55.237587094306946,1.5324720097705722,16494.215816497803,0.0,25.0,0.0,1.0,0.050000000000000044,0.9834315609186888,0.9749245326966047,0.028356774244457483
double_centered_full_action_dqn,810,310,95.38502449542284,82.64531487829984,30.436485193669796,64.9485389739275,1.579920425079763,17948.700119018555,0.0,29.0,0.0,0.0,0.050000000000000044,1.2454536892473698,1.2374345697462559,0.026730400626547635
double_centered_full_action_dqn,810,311,73.2128227815032,82.03821332283319,27.395757026970387,45.81706584393978,1.4944937722757459,15985.092235565186,0.0,23.0,0.0,2.0,0.050000000000000044,1.020091200247407,1.011596480384469,0.02831575000891462
double_centered_full_action_dqn,810,312,102.053774677217,83.72764954164624,30.584718726575375,71.46905614435673,1.5804497571662068,17669.052005767822,0.0,32.0,0.0,2.0,0.050000000000000044,1.3285318203270435,1.3206249047070742,0.02635644027031958
double_centered_full_action_dqn,810,313,72.94788847267628,83.2859152968973,26.28256606310606,46.66532225310802,1.4149120040237904,14914.60888671875,0.0,22.0,0.0,1.0,0.050000000000000044,1.0666845683008432,1.0584017764776945,0.027609295211732388
double_centered_full_action_dqn,810,314,73.14865902215243,83.33769395470621,26.713346429169178,46.43531281650066,1.4550085626542568,15527.943744659424,0.0,24.0,0.0,1.0,0.050000000000000044,1.2750672679394484,1.2672154270112514,0.026172764133661985
double_centered_full_action_dqn,810,315,77.00213126838207,83.16297415256501,28.621536016464233,48.380594834685326,1.5047302264720201,16306.063461303711,0.0,24.0,0.0,2.0,0.050000000000000044,0.9342405311763287,0.9255775474011898,0.028876615106128156
double_centered_full_action_dqn,810,316,73.47394370436669,81.77790917709471,25.539640992879868,47.93430260717869,1.4628912089392543,15073.53380203247,0.0,25.0,0.0,3.0,0.050000000000000044,1.4600184466689825,1.451676581054926,0.027806184138171375
double_centered_full_action_dqn,810,317,82.0918016731739,82.80033828489483,28.34271040558815,53.74909129738808,1.5026677250862122,16700.8950881958,0.0,25.0,0.0,0.0,0.050000000000000044,0.9401772692799568,0.932207022793591,0.02656750415917486
double_centered_full_action_dqn,810,318,65.64919529855251,81.99183978602291,24.833994820713997,40.815200343728065,1.4199198810383677,14705.533897399902,0.0,22.0,0.0,0.0,0.050000000000000044,1.1589269004762173,1.151096636429429,0.026100909220986068
double_centered_full_action_dqn,810,319,81.08150617182255,81.453446790725,27.63133506476879,53.45017155408859,1.4796570846810937,15732.69719696045,0.0,25.0,0.0,2.0,0.050000000000000044,1.376228081062436,1.368028529919684,0.02733182196971029
double_centered_full_action_dqn,810,320,81.2165200829506,82.43492034226657,31.622200921177864,49.59431953430176,1.5255375383421779,17765.35837173462,0.0,23.0,0.0,3.0,0.050000000000000044,1.3284361734986305,1.3198570869863033,0.028596999240107834
double_centered_full_action_dqn,810,321,66.4094356328249,81.54193357609213,25.738877519965172,40.67055793404579,1.3961477391421795,14382.414329528809,0.0,20.0,0.0,2.0,0.050000000000000044,0.9358233027160168,0.928432023152709,0.024637584981974214
double_centered_full_action_dqn,810,322,83.55117124319077,80.85954501442612,29.19134245067835,54.359828889369965,1.5180776519700885,16665.844800949097,0.0,27.0,0.0,0.0,0.050000000000000044,1.1894714999943972,1.1804912108927965,0.029934291844256222
double_centered_full_action_dqn,810,323,83.84971115738153,80.69513114899397,28.364960223436356,55.48475122451782,1.4827941479161382,16420.04270553589,0.0,26.0,0.0,1.0,0.050000000000000044,1.057252923026681,1.0500836046412587,0.02389773540198803
double_centered_full_action_dqn,810,324,64.89636807143688,80.19115690045058,26.662705525755882,38.23366230726242,1.4632332567125559,15764.987575531006,0.0,19.0,0.0,2.0,0.050000000000000044,0.7953279763460159,0.7879950758069754,0.02444302721414715
double_centered_full_action_dqn,810,325,78.04712717235088,79.8736086358875,27.282691925764084,50.76443585753441,1.477746601216495,15546.645149230957,0.0,23.0,0.0,0.0,0.050000000000000044,1.296218091621995,1.2891232538968325,0.023649467155337334
double_centered_full_action_dqn,810,326,81.69454191029072,79.94860237151386,26.947926998138428,54.74661529958248,1.5164606226608157,16064.166091918945,0.0,24.0,0.0,3.0,0.050000000000000044,1.0096522830426693,1.001522034406662,0.027100811596028507
double_centered_full_action_dqn,810,327,74.41009923070669,79.02654511980714,27.558414556086063,46.85168454051018,1.4523498360067606,15348.930564880371,0.0,22.0,0.0,0.0,0.050000000000000044,0.7421856764703989,0.7351279715076089,0.023525681346654892
double_centered_full_action_dqn,810,328,78.99423123151064,78.58165757365525,28.153667896986008,50.84056320786476,1.4641436208039522,16091.892393112183,0.0,25.0,0.0,4.0,0.050000000000000044,1.320254985243082,1.312928196042776,0.024422589223831892
double_centered_full_action_dqn,810,329,90.75904254019261,78.99374979190529,30.944700613617897,59.81434171795845,1.5642811553552747,17395.85690689087,0.0,26.0,0.0,2.0,0.050000000000000044,1.1915161665529013,1.1835170313715935,0.026663791853934526
double_centered_full_action_dqn,810,330,98.31952799260617,79.14047496676446,33.038068771362305,65.2814594000578,1.6348899975419044,18951.048274993896,0.0,29.0,0.0,1.0,0.050000000000000044,1.247663389891386,1.2393546774983406,0.02769571589305997
double_centered_full_action_dqn,810,331,75.41345944404603,79.25050679989161,29.651222884655,45.76223629117012,1.4880462866276503,16826.483947753906,0.0,22.0,0.0,2.0,0.050000000000000044,1.3643263131380081,1.3560918979346752,0.02744804392568767
double_centered_full_action_dqn,810,332,73.74052371233702,77.83484425164761,28.816714011132717,44.92380988001823,1.480075366795063,16272.475639343262,0.0,21.0,0.0,1.0,0.050000000000000044,1.3813192127272487,1.3739005383104086,0.024728935328312218
double_centered_full_action_dqn,810,333,88.4957090318203,78.6122352796048,31.05163161456585,57.44407710433006,1.5867266431450844,17998.83144569397,0.0,26.0,0.0,1.0,0.050000000000000044,1.2599080428481102,1.252565635368228,0.024474695441313088
double_centered_full_action_dqn,810,334,75.26075395494699,78.71784002624453,27.40732852369547,47.85342498421669,1.479776325635612,15779.72087097168,0.0,23.0,0.0,3.0,0.050000000000000044,0.8247551852837205,0.8171431589871645,0.02537342149298638
double_centered_full_action_dqn,810,335,86.68356558084488,79.20191174186768,31.670190304517746,55.01337476968765,1.56087551638484,18139.849369049072,0.0,27.0,0.0,1.0,0.050000000000000044,1.017296303063631,1.009671757929027,0.025415100681129843
double_centered_full_action_dqn,810,336,85.46922564506531,79.8016758389026,30.03805412352085,55.431171894073486,1.532350399531424,17289.34387588501,0.0,25.0,0.0,0.0,0.050000000000000044,1.136118657886982,1.1272997725754976,0.029396303929388523
double_centered_full_action_dqn,810,337,86.5162015080452,80.02289583064616,29.423169866204262,57.09303202927113,1.5291490033268929,16813.78444290161,0.0,25.0,0.0,5.0,0.050000000000000044,1.0971543341875076,1.0895563960075378,0.025326432660222054
double_centered_full_action_dqn,810,338,76.6302787154913,80.57195000149311,26.43266788125038,50.197610878944396,1.4460074473172426,15122.86711883545,0.0,23.0,0.0,2.0,0.050000000000000044,1.342479769140482,1.335163364186883,0.024387963116168976
double_centered_full_action_dqn,810,339,82.56666871905327,80.64620812885464,28.62324322760105,53.94342550635338,1.5240214327350259,16755.478302001953,0.0,25.0,0.0,0.0,0.050000000000000044,0.9526815135031939,0.9437480736523867,0.02977812977042049
double_centered_full_action_dqn,810,340,83.11262097209692,80.74101317331196,31.03268324583769,52.07993796467781,1.5586090348660946,17738.03094100952,0.0,25.0,0.0,0.0,0.050000000000000044,1.2720046006143093,1.2640584893524647,0.02648706652689725
double_centered_full_action_dqn,810,341,72.42805458903312,81.04194412112237,26.34562189131975,46.082432749867436,1.4482355611398816,15235.397480010986,0.0,21.0,0.0,2.0,0.050000000000000044,1.101797016337514,1.0942108929157257,0.025287068565376103
double_centered_full_action_dqn,810,342,74.6076151356101,80.59476631574333,29.163996994495392,45.443617939949036,1.5231587532907724,16813.772369384766,0.0,22.0,0.0,0.0,0.050000000000000044,1.4307081941515207,1.4217970725148916,0.02970377285964787
double_centered_full_action_dqn,810,343,93.55650369822979,81.08010594278575,30.50259692966938,63.05390667915344,1.5496528027579188,17452.692665100098,0.0,28.0,0.0,0.0,0.050000000000000044,1.4836685378104448,1.4744543638080359,0.030713894870132208
double_centered_full_action_dqn,810,344,65.17117653787136,81.09384636610746,26.350376904010773,38.82079976797104,1.4388954266905785,15681.660442352295,0.0,21.0,0.0,1.0,0.050000000000000044,1.086704757064581,1.0789692234247923,0.025785123405512422
double_centered_full_action_dqn,810,345,74.51477141082287,80.91722857803107,25.432238668203354,49.082532638311385,1.4345304630696774,14820.315963745117,0.0,24.0,0.0,1.0,0.050000000000000044,1.4518328132107854,1.4436065005138516,0.0274210685165599
double_centered_full_action_dqn,810,346,64.07231245189905,80.03611710511149,24.099518440663815,39.97279450297356,1.3681722423061728,13772.365734100342,0.0,20.0,0.0,0.0,0.050000000000000044,1.0518855601549149,1.0438196510076523,0.026886397856287658
double_centered_full_action_dqn,810,347,91.76428218334914,80.90382625274363,30.003903955221176,61.76037775874138,1.6144216572865844,18186.36798095703,0.0,26.0,0.0,2.0,0.050000000000000044,1.3231151215732098,1.315191637724638,0.0264116283506155
double_centered_full_action_dqn,810,348,77.84303114712239,80.8462662485242,28.047135442495346,49.79589604735374,1.5052157985046506,16163.577857971191,0.0,22.0,0.0,1.0,0.050000000000000044,1.2069582231342793,1.1988008599728346,0.027191152679733932
double_centered_full_action_dqn,810,349,76.23945021629333,80.12028663232925,28.307609662413597,47.93184080719948,1.496762691065669,16873.33344268799,0.0,24.0,0.0,1.0,0.050000000000000044,1.2963740974664688,1.2889097966253757,0.024880975193809718
double_centered_full_action_dqn,810,350,82.91695181429387,79.35015782341364,29.216337606310844,53.7006145209074,1.5015069963410497,16755.976287841797,0.0,24.0,0.0,2.0,0.050000000000000044,1.246273024007678,1.2382604582235217,0.02670854900497943
double_centered_full_action_dqn,810,351,82.14206876754761,79.68658828958871,29.599195450544357,52.54287382364273,1.5343294264748693,17321.0129737854,0.0,23.0,0.0,2.0,0.050000000000000044,0.9514414574950933,0.9430952146649361,0.027820819173939526
double_centered_full_action_dqn,810,352,88.75161935389042,80.43714307166637,33.54230137169361,55.20931780338287,1.576353914104402,18589.01308441162,0.0,25.0,0.0,0.0,0.050000000000000044,1.1041371878236532,1.0966416411101818,0.024985185242258012
double_centered_full_action_dqn,810,353,77.10762638747693,79.86773893944921,27.04929842054844,50.058327400684355,1.4660153966397047,15521.610038757324,0.0,24.0,0.0,4.0,0.050000000000000044,1.3744810223579407,1.366621870547533,0.02619711181614548
double_centered_full_action_dqn,810,354,92.1289117872715,80.71114683106543,32.539167284965515,59.589744263887404,1.6030601020902395,18813.764904022217,0.0,26.0,0.0,1.0,0.050000000000000044,1.0392555594444275,1.031286483630538,0.026563568506389856
double_centered_full_action_dqn,810,355,74.3114161118865,80.09253935761751,26.935154028236866,47.37626162171364,1.469208024442196,15521.603084564209,0.0,22.0,0.0,2.0,0.050000000000000044,1.1632407223805785,1.1549928728491068,0.027492833673022687
double_centered_full_action_dqn,810,356,104.47340600192547,81.04274837546052,34.8728681281209,69.60053807497025,1.6548486296087503,19931.89395904541,0.0,31.0,0.0,0.0,0.050000000000000044,1.3711071833968163,1.363354042172432,0.025843771174550056
double_centered_full_action_dqn,810,357,77.83591214716435,80.60873390741646,27.12373835593462,50.712173560261725,1.4690572684630752,15824.222663879395,0.0,25.0,0.0,2.0,0.050000000000000044,1.1686315331608057,1.1613108273595572,0.024402320384979248
double_centered_full_action_dqn,810,358,52.192565488815305,79.38684824608266,23.301730327308178,28.890835213661195,1.3555045016109943,13537.34510421753,0.0,16.0,0.0,2.0,0.050000000000000044,1.5031643649563193,1.4961765864863992,0.02329257089877501
double_centered_full_action_dqn,810,359,71.66082194298505,78.84155590727924,26.6593175008893,45.001504889130594,1.4317801091820002,14873.874061584473,0.0,22.0,0.0,4.0,0.050000000000000044,1.3693511160090566,1.3615948064252734,0.02585436950903386
double_centered_full_action_dqn,810,360,82.45138982832432,78.80849435009063,27.664397083222866,54.78699302077293,1.4780962346121669,15827.844060897827,0.0,26.0,0.0,3.0,0.050000000000000044,1.2212954349815845,1.212199067696929,0.030321195721626282
double_centered_full_action_dqn,810,361,82.60660973489284,79.3174221073836,29.121000200510025,53.48560916185379,1.509038900025189,17003.206130981445,0.0,26.0,0.0,2.0,0.050000000000000044,0.9745324645191431,0.9660399351269007,0.02830841182731092
double_centered_full_action_dqn,810,362,74.84382534176112,79.32923261769116,26.525207214057446,48.31861768066883,1.4497876847162843,15165.7162399292,0.0,23.0,0.0,1.0,0.050000000000000044,0.9078455772250891,0.8992964727804065,0.02849703631363809
double_centered_full_action_dqn,810,363,91.15908742696047,79.2093618041277,32.58228759467602,58.57679998874664,1.5802242495119572,18539.357913970947,0.0,25.0,0.0,0.0,0.050000000000000044,0.8638090863823891,0.8558935467153788,0.02638511243276298
double_centered_full_action_dqn,810,364,75.89941041171551,79.7457734978199,26.416055738925934,49.483354926109314,1.439654003828764,15369.37128829956,0.0,23.0,0.0,0.0,0.050000000000000044,1.1554154753684998,1.1452221553772688,0.033977733226493
double_centered_full_action_dqn,810,365,81.93603137135506,80.11683649584651,29.1948099732399,52.7412216514349,1.515674203634262,16304.634323120117,0.0,26.0,0.0,1.0,0.050000000000000044,1.3371546603739262,1.3288999497890472,0.027515665744431317
double_centered_full_action_dqn,810,366,76.69333661347628,80.74788770392539,26.876657478511333,49.81667943298817,1.481016956269741,15694.791893005371,0.0,23.0,0.0,0.0,0.050000000000000044,1.3533378290012479,1.3444280186668038,0.029699394013732672
double_centered_full_action_dqn,810,367,82.51135456562042,80.28524132303895,29.308928973972797,53.20242542028427,1.5156473238021135,16578.30690383911,0.0,26.0,0.0,0.0,0.050000000000000044,1.2046357560902834,1.196784621104598,0.026170393684878945
double_centered_full_action_dqn,810,368,82.06416850686074,80.49629819102586,27.50101923942566,54.563148939609526,1.4721615286543965,15565.1266746521,0.0,25.0,0.0,1.0,0.050000000000000044,1.2649869062006474,1.2574239913374186,0.025209671701304615
double_centered_full_action_dqn,810,369,75.308300152421,80.44974068783225,27.734315097332,47.57398538291454,1.4954487774521112,15997.37756729126,0.0,23.0,0.0,0.0,0.050000000000000044,1.1059347139671445,1.098444358445704,0.024967845296487212
double_centered_full_action_dqn,810,370,77.05076005458832,80.15643109984697,28.374962016940117,48.67579741179943,1.5002009365707636,16567.25762939453,0.0,23.0,0.0,3.0,0.050000000000000044,1.284718107432127,1.2762283300980926,0.028299259720370173
double_centered_full_action_dqn,810,371,77.21763386130333,79.91020935453476,26.674564130604267,50.54306935071945,1.4809643952175975,15666.210746765137,0.0,22.0,0.0,4.0,0.050000000000000044,1.4252757243812084,1.417142590507865,0.02711046813055873
double_centered_full_action_dqn,810,372,88.8797470420599,79.91661573894322,30.13140381872654,58.748343431949614,1.5713037624955177,17599.408531188965,0.0,26.0,0.0,1.0,0.050000000000000044,1.3188453372567892,1.3104519825428724,0.0279777959221974
double_centered_full_action_dqn,810,373,85.80351315438747,80.35141007728876,29.15591609477997,56.647597536444664,1.5491488855332136,17363.774686813354,0.0,26.0,0.0,0.0,0.050000000000000044,1.360361184924841,1.352854199707508,0.025023283786140382
double_centered_full_action_dqn,810,374,70.7548259049654,79.28270578317344,26.382062546908855,44.3727633357048,1.4823730671778321,15328.222358703613,0.0,23.0,0.0,1.0,0.050000000000000044,1.0302406139671803,1.0216987421736121,0.0284729169216007
double_centered_full_action_dqn,810,375,77.17668182551861,79.42596906885505,28.576226979494095,48.600454875826834,1.5569149293005466,17299.771839141846,0.0,21.0,0.0,2.0,0.050000000000000044,1.0057580210268497,0.9978643637150526,0.026312223402783275
double_centered_full_action_dqn,810,376,65.7225232899189,77.48842493325472,25.169319078326225,40.553204643726346,1.3998607648536563,14418.636184692383,0.0,20.0,0.0,2.0,0.050000000000000044,1.3985566142946482,1.3901544641703367,0.028007137589156628
double_centered_full_action_dqn,810,377,80.90665380209684,77.64196201600134,29.83215094357729,51.074503022432324,1.5053903935477138,17137.799690246582,0.0,23.0,0.0,2.0,0.050000000000000044,1.1905061826109886,1.1827861405909061,0.02573346591088921
double_centered_full_action_dqn,810,378,90.9244839400053,79.57855793856085,31.598821103572845,59.32566246390343,1.598881765268743,18445.748273849487,0.0,28.0,0.0,0.0,0.050000000000000044,1.0595279093831778,1.0516263339668512,0.026338541763834655
double_centered_full_action_dqn,810,379,61.49669625908136,79.07035165436565,25.20360192656517,36.29309480190277,1.3961843820288777,14576.429256439209,0.0,18.0,0.0,2.0,0.050000000000000044,1.0389120038598776,1.0310228895395994,0.026297072530724108
double_centered_full_action_dqn,810,380,58.57483605444431,77.87652396567167,23.295663379132748,35.27917238473892,1.3593914806842804,13531.04082107544,0.0,18.0,0.0,2.0,0.050000000000000044,1.4076420441269875,1.3997606448829174,0.02627129852771759
double_centered_full_action_dqn,810,381,96.09773828983307,78.55108039341869,32.21555449068546,63.882183665037154,1.6020863484591246,18453.967922210693,0.0,30.0,0.0,1.0,0.050000000000000044,1.1262721251696348,1.1176315769553185,0.02880179334897548
double_centered_full_action_dqn,810,382,72.37867057472468,78.42782265506686,26.56702507287264,45.81164597868919,1.4345126515254378,14965.154026031494,0.0,22.0,0.0,1.0,0.050000000000000044,1.1092824917286634,1.101288091391325,0.026648024562746286
double_centered_full_action_dqn,810,383,85.70768524110318,78.155252545774,29.545153558254242,56.162531399726866,1.5750713320448995,17469.293174743652,0.0,26.0,0.0,1.0,0.050000000000000044,1.3203076692298055,1.3130319006741047,0.02425259060692042
double_centered_full_action_dqn,810,384,94.81089033484459,79.10082654193045,30.466117538511753,64.34477275907993,1.5788108771666884,17423.230052947998,0.0,29.0,0.0,3.0,0.050000000000000044,1.488905493170023,1.481848280876875,0.023524062940850854
double_centered_full_action_dqn,810,385,86.95237573981285,79.35164376035333,29.484059922397137,57.4683158993721,1.5183134926483035,16741.6678314209,0.0,25.0,0.0,0.0,0.050000000000000044,1.310986950993538,1.3012771308422089,0.03236607532016933
double_centered_full_action_dqn,810,386,73.80867274105549,79.20741056673229,25.892755642533302,47.91591700911522,1.470822773873806,15794.838703155518,0.0,23.0,0.0,0.0,0.050000000000000044,1.0726040620356798,1.0642429515719414,0.027870368328876793
double_centered_full_action_dqn,810,387,70.71057119518518,78.61737139821052,29.027492336928844,41.68307893276214,1.5016720639541745,16754.01918029785,0.0,21.0,0.0,3.0,0.050000000000000044,1.302739916369319,1.29505436681211,0.025618485175073147
double_centered_full_action_dqn,810,388,88.5140643492341,78.9398661903292,31.662581130862236,56.85148350894451,1.5803633788600564,18009.34886932373,0.0,26.0,0.0,0.0,0.050000000000000044,1.104513998143375,1.0963522978127003,0.027205690974369645
double_centered_full_action_dqn,810,389,69.15031020492316,78.63196669295431,26.22226332873106,42.92804669737816,1.4274125779047608,14900.834453582764,0.0,22.0,0.0,2.0,0.050000000000000044,0.8532320708036423,0.8448557164520025,0.02792116324417293
double_centered_full_action_dqn,810,390,73.55190437287092,78.45702390886844,27.650978662073612,45.900926038622856,1.4694868363440037,15900.88427734375,0.0,21.0,0.0,0.0,0.050000000000000044,0.988967776298523,0.9802520601078868,0.029052393627353013
double_centered_full_action_dqn,810,391,93.4185878932476,79.26707161046565,29.76832289993763,63.65026539564133,1.5360946115106344,16804.064743041992,0.0,28.0,0.0,1.0,0.050000000000000044,1.1218031980097294,1.1135762259364128,0.027423294726759195
double_centered_full_action_dqn,810,392,67.58916004002094,78.2025422603637,26.418929889798164,41.17023053765297,1.461108222603798,15019.515193939209,0.0,20.0,0.0,0.0,0.050000000000000044,1.4870734233409166,1.4785263296216726,0.028490295517258346
double_centered_full_action_dqn,810,393,77.25191971063614,77.77496258817614,28.942858941853046,48.309060806035994,1.522408270277083,16478.443145751953,0.0,22.0,0.0,3.0,0.050000000000000044,1.1436598971486092,1.1352605074644089,0.027997977565973997
double_centered_full_action_dqn,810,394,69.90404935330153,77.73242376059295,25.56738542765379,44.33666398525238,1.4055739231407642,14604.264591217041,0.0,21.0,0.0,1.0,0.050000000000000044,1.2470617908984423,1.2394793163985014,0.025274947518482804
double_centered_full_action_dqn,810,395,80.53139947354794,77.90015964299441,28.52736309915781,52.00403605401516,1.5073481118306518,16470.247440338135,0.0,24.0,0.0,0.0,0.050000000000000044,1.3351177927106619,1.3255571071058512,0.031868982361629605
double_centered_full_action_dqn,810,396,77.69634299725294,78.49885062836111,26.89393652230501,50.802406281232834,1.4948895378038287,15655.133316040039,0.0,24.0,0.0,1.0,0.050000000000000044,0.8878380544483662,0.880260331556201,0.025259063579142094
double_centered_full_action_dqn,810,397,66.75246228426695,77.79114105246963,26.110970228910446,40.64149200320244,1.450399074703455,15213.689739227295,0.0,21.0,0.0,1.0,0.050000000000000044,1.138939367607236,1.130672700703144,0.027555574430152774
double_centered_full_action_dqn,810,398,73.54357028007507,76.92209536947311,25.669927299022675,47.873642802238464,1.4566322891041636,15226.85005569458,0.0,24.0,0.0,1.0,0.050000000000000044,1.2988734152168036,1.2901914920657873,0.028939755051396787
double_centered_full_action_dqn,810,399,81.880535364151,77.94128732472659,27.91256184130907,53.967973440885544,1.5343371424824,16429.447010040283,0.0,25.0,0.0,2.0,0.050000000000000044,1.1203664615750313,1.1123440265655518,0.02674146939534694
double_centered_full_action_dqn,810,400,47.2227641120553,77.37368372760713,22.330296352505684,24.892467707395554,1.3237932063639164,12627.63967514038,0.0,14.0,0.0,0.0,0.050000000000000044,1.1498467857018113,1.140256466343999,0.03196771384682506
double_centered_full_action_dqn,810,401,68.71792541593314,76.00469308391214,24.599143467843533,44.11878160536289,1.4424976874142885,14575.072235107422,0.0,23.0,0.0,1.0,0.050000000000000044,1.3562839403748512,1.3480959832668304,0.027293198625557125
double_centered_full_action_dqn,810,402,72.69930595904589,76.0207248531282,27.903818733990192,44.795486971735954,1.4856293052434921,15825.675783157349,0.0,20.0,0.0,0.0,0.050000000000000044,0.9215893549844623,0.9139520693570375,0.02545763598755002
double_centered_full_action_dqn,810,403,71.45178147405386,75.30792966477574,26.926409550011158,44.52537217736244,1.4551003752276301,15877.593883514404,0.0,21.0,0.0,2.0,0.050000000000000044,1.0446958672255278,1.0357923824340105,0.029678265447728336
double_centered_full_action_dqn,810,404,81.17401920258999,74.62608610816301,30.739848792552948,50.434170722961426,1.5742829786613584,18326.81282043457,0.0,22.0,0.0,0.0,0.050000000000000044,1.2544423677027225,1.2468403987586498,0.02533986105117947
double_centered_full_action_dqn,810,405,77.5627818197012,74.15660641215742,29.504061594605446,48.05872025489807,1.5328146005049348,17346.583381652832,0.0,25.0,0.0,1.0,0.050000000000000044,1.0853159725666046,1.0774475140497088,0.0262282156618312
double_centered_full_action_dqn,810,406,82.56162655353546,74.59425410278143,27.401285216212273,55.16034150123596,1.4711448475718498,15708.315017700195,0.0,26.0,0.0,1.0,0.050000000000000044,1.0524864718317986,1.0451614297926426,0.02441683184588328
double_centered_full_action_dqn,810,407,90.63320727050305,75.59038590654731,31.03176873922348,59.601438561081885,1.5390974944457412,17679.893508911133,0.0,28.0,0.0,1.0,0.050000000000000044,1.2385058607906103,1.2288809325546026,0.03208307479508221
double_centered_full_action_dqn,810,408,87.15933768600226,75.52264957338573,28.681096844375134,58.478241288661955,1.516806362196803,16801.310474395752,0.0,27.0,0.0,2.0,0.050000000000000044,1.0780524872243404,1.0698110423982143,0.027471497072838247
double_centered_full_action_dqn,810,409,72.50779520720243,75.69052382349969,26.24439638853073,46.2633985131979,1.4379301834851503,15396.836502075195,0.0,23.0,0.0,2.0,0.050000000000000044,1.0397181138396263,1.0317166931927204,0.026671430910937488
double_centered_full_action_dqn,810,410,74.91350993812084,75.75860410176219,26.52060765028,48.39290191531181,1.4688092796131968,15374.916027069092,0.0,23.0,0.0,2.0,0.050000000000000044,1.5032471902668476,1.49555092304945,0.02565421420149505
double_centered_full_action_dqn,810,411,85.73123809695244,75.37423661194742,29.42831651866436,56.30292136967182,1.5436547994613647,17256.724948883057,0.0,28.0,0.0,2.0,0.050000000000000044,1.1199036110192537,1.1108566205948591,0.03015664848499
double_centered_full_action_dqn,810,412,72.45355674028397,75.61745644696057,27.475090235471725,44.978466579318045,1.4680154519155622,16001.214832305908,0.0,22.0,0.0,1.0,0.050000000000000044,1.1777369119226933,1.1690534744411707,0.028944778838194907
double_centered_full_action_dqn,810,413,75.53341012001037,75.53153096742929,27.944547936320305,47.58886194527149,1.471336718648672,16061.67105102539,0.0,23.0,0.0,2.0,0.050000000000000044,1.2659434974193573,1.2566944807767868,0.030830038362182677
double_centered_full_action_dqn,810,414,84.33141352981329,76.25289917625487,28.113339088857174,56.21807414293289,1.5157920215278864,16303.11173248291,0.0,24.0,0.0,3.0,0.050000000000000044,1.1914906967431307,1.1842471025884151,0.024145244155079126
double_centered_full_action_dqn,810,415,94.91306423544884,76.97198241434992,29.624353498220444,65.2887104690075,1.55334488209337,17424.96012878418,0.0,28.0,0.0,2.0,0.050000000000000044,1.2141319029033184,1.2062137722969055,0.0263937913114205
double_centered_full_action_dqn,810,416,82.9563040226698,77.23498046562077,30.54744516313076,52.40885920226574,1.5549386953935027,17519.772079467773,0.0,24.0,0.0,1.0,0.050000000000000044,1.3135731182992458,1.3053915277123451,0.02727197972126305
double_centered_full_action_dqn,810,417,57.09066008925438,76.75189035587015,23.575062915682793,33.51559760570526,1.3966471441090107,13972.853267669678,0.0,19.0,0.0,1.0,0.050000000000000044,1.1091832490637898,1.1005390910431743,0.028813839191570878
double_centered_full_action_dqn,810,418,82.41103498935699,77.19526359133422,26.717621080577374,55.693414497375485,1.5044295536354184,16034.713695526123,0.0,24.0,0.0,2.0,0.050000000000000044,1.0611072853207588,1.0521744787693024,0.0297760465182364
double_centered_full_action_dqn,810,419,74.55086655914783,76.82878015108408,27.474757313728333,47.07610936462879,1.486315893009305,15993.503185272217,0.0,22.0,0.0,2.0,0.050000000000000044,1.258362869732082,1.250154247507453,0.027362090768292546
double_centered_full_action_dqn,810,420,65.8353627845645,77.75941008470953,24.195304438471794,41.64005845785141,1.4134506080299616,14284.373394012451,0.0,20.0,0.0,3.0,0.050000000000000044,1.2244841204956174,1.2157269846647978,0.029190458939410746
double_centered_full_action_dqn,810,421,86.96495059281588,78.67176134355367,29.43284447491169,57.5321068033576,1.5362988198176026,16886.421718597412,0.0,26.0,0.0,2.0,0.050000000000000044,1.0705547211691737,1.0635230615735054,0.023438872129190713
double_centered_full_action_dqn,810,422,84.73601651191711,79.27359687119721,28.144484788179398,56.591532215476036,1.4868300575762987,15931.334484100342,0.0,25.0,0.0,2.0,0.050000000000000044,1.133964091539383,1.1258723866194487,0.02697232086211443
double_centered_full_action_dqn,810,423,80.92989351600409,79.74750247329476,26.896834336221218,54.03305947780609,1.486172123812139,16345.080881118774,0.0,24.0,0.0,0.0,0.050000000000000044,1.3158390820026398,1.3069885708391666,0.029501649318262935
double_centered_full_action_dqn,810,424,76.26323207616807,79.50196311697364,26.293293930590153,49.969938272237776,1.4640532080084085,15239.305633544922,0.0,25.0,0.0,2.0,0.050000000000000044,1.3129768446087837,1.3035476002842188,0.0314307858934626
double_centered_full_action_dqn,810,425,84.38751319944859,79.84319968596103,27.92333209514618,56.46418107450008,1.4979591509327292,16063.099857330322,0.0,26.0,0.0,2.0,0.050000000000000044,1.1230243816971779,1.113663675263524,0.031202325713820755
double_centered_full_action_dqn,810,426,68.71978757530451,79.15110773704946,25.109472185373306,43.6103156208992,1.435985203832388,15017.37763595581,0.0,22.0,0.0,1.0,0.050000000000000044,1.3786767907440662,1.3706686981022358,0.026693639112636447
double_centered_full_action_dqn,810,427,85.12809404879809,78.87585207596423,29.159906335175037,55.968187206983565,1.5349175101146102,17233.3479347229,0.0,24.0,0.0,1.0,0.050000000000000044,1.0708421934396029,1.0627217441797256,0.02706824999768287
double_centered_full_action_dqn,810,428,73.02780305743218,78.16927534453573,25.97106283903122,47.056740605831145,1.42810826189816,15177.349811553955,0.0,23.0,0.0,1.0,0.050000000000000044,1.3233172800391912,1.3153832480311394,0.026446825708262622
double_centered_full_action_dqn,810,429,69.89392545223237,78.03858185678722,25.47977425903082,44.4141509771347,1.404278913512826,14788.07396697998,0.0,22.0,0.0,1.0,0.050000000000000044,1.2515352368354797,1.2420750707387924,0.03153388830833137
double_centered_full_action_dqn,810,430,63.200867319107054,77.45294972583653,25.792467206716537,37.40840012729168,1.4282987546175718,14507.125385284424,0.0,20.0,0.0,1.0,0.050000000000000044,1.2328949887305498,1.2241480983793736,0.029156312346458435
double_centered_full_action_dqn,810,431,94.98113993108272,77.91544481754305,28.919186025857925,66.06195402443409,1.525401378981769,16971.79024887085,0.0,30.0,0.0,3.0,0.050000000000000044,1.0568210575729609,1.0487851668149233,0.02678632875904441
double_centered_full_action_dqn,810,432,79.25726090371609,78.25563002571465,28.519069328904152,50.738191187381744,1.4987651007249951,16668.550971984863,0.0,23.0,0.0,0.0,0.050000000000000044,0.910598186776042,0.9023704640567303,0.02742576168384403
double_centered_full_action_dqn,810,433,71.57221172749996,78.05757010608912,25.906701147556305,45.66551075875759,1.3982220385223627,14693.061210632324,0.0,22.0,0.0,1.0,0.050000000000000044,1.1820958778262138,1.1738351788371801,0.027535660075955093
double_centered_full_action_dqn,810,434,82.39079867452384,77.96053936332466,27.831141225993633,54.559657567739485,1.5198984378948808,16608.020721435547,0.0,27.0,0.0,2.0,0.050000000000000044,1.1356441155076027,1.1277349470183253,0.026363882119767368
double_centered_full_action_dqn,810,435,81.41743852347136,77.28575807772579,28.963057473301888,52.454381042718886,1.5182237355038524,17032.183082580566,0.0,25.0,0.0,2.0,0.050000000000000044,1.2863980047404766,1.2774952463805676,0.029675834346562624
double_centered_full_action_dqn,810,436,87.76289186179638,77.52608746968211,30.3762566447258,57.38663459122181,1.5763301281258464,18103.842491149902,0.0,26.0,0.0,2.0,0.050000000000000044,1.3014529719948769,1.292305625975132,0.030491117271594703
double_centered_full_action_dqn,810,437,88.79738854169845,79.11142389230432,30.667618490755558,58.12976996898651,1.5897984029725194,17796.528873443604,0.0,27.0,0.0,2.0,0.050000000000000044,1.258881976827979,1.247515456750989,0.03788841713685542
double_centered_full_action_dqn,810,438,78.98604876548052,78.94017458111048,28.682277865707874,50.30377072095871,1.4817733755335212,16356.67985534668,0.0,23.0,0.0,0.0,0.050000000000000044,1.1596930418163538,1.1513638067990541,0.027764101629145443
double_centered_full_action_dqn,810,439,91.3859077244997,79.78192663937807,28.296135306358337,63.08977195620537,1.553760097362101,16915.249588012695,0.0,28.0,0.0,1.0,0.050000000000000044,1.0842172065749764,1.0749407671391964,0.03092141286469996
double_centered_full_action_dqn,810,440,75.03320965915918,80.2418189831078,26.541559532284737,48.491650462150574,1.5132376533001661,16127.763679504395,0.0,24.0,0.0,0.0,0.050000000000000044,1.1897671110928059,1.1821024417877197,0.02554892480839044
double_centered_full_action_dqn,810,441,100.34305104613304,80.91072400577366,30.734038338065147,69.6090128570795,1.588748092763126,18177.24682044983,0.0,30.0,0.0,1.0,0.050000000000000044,1.2753324499353766,1.2671461552381516,0.027287629316560924
double_centered_full_action_dqn,810,442,68.91424645483494,80.11963550291955,25.459768995642662,43.45447736978531,1.4291642513126135,14893.163627624512,0.0,20.0,0.0,0.0,0.050000000000000044,1.1738379336893559,1.1661284863948822,0.025698154466226697
double_centered_full_action_dqn,810,443,88.72527318447828,80.50940448634326,29.574710987508297,59.15056148171425,1.5531055480241776,17253.973651885986,0.0,28.0,0.0,1.0,0.050000000000000044,1.3718300200998783,1.363873016089201,0.026523328269831836
double_centered_full_action_dqn,810,444,79.95943822264671,80.6942147936672,26.43540459871292,53.524032804369924,1.4634535433724523,15234.28752708435,0.0,26.0,0.0,3.0,0.050000000000000044,1.1705068368464708,1.1622504126280546,0.0275214379071258
double_centered_full_action_dqn,810,445,80.28240694999695,80.48895948119463,28.084090165793896,52.19831679165363,1.5018221950158477,16610.294204711914,0.0,26.0,0.0,1.0,0.050000000000000044,1.1959465760737658,1.187727553769946,0.02739668602589518
double_centered_full_action_dqn,810,446,69.35193895548582,80.5205670502037,26.455320440232754,42.896618232131004,1.5154508501291275,16210.539052963257,0.0,20.0,0.0,1.0,0.050000000000000044,1.1787864863872528,1.1710635125637054,0.02574325993191451
double_centered_full_action_dqn,810,447,72.43645107895136,79.88598490171135,26.081448011100292,46.35500265061855,1.4618894951418042,15630.189609527588,0.0,22.0,0.0,1.0,0.050000000000000044,1.1400834396481514,1.132298143580556,0.025950947892852128
double_centered_full_action_dqn,810,448,81.24296828508378,80.29674316309395,26.92790549993515,54.31506250202656,1.4905394772067666,16130.44289779663,0.0,24.0,0.0,1.0,0.050000000000000044,1.0621119122952223,1.0539422929286957,0.027232090360485017
double_centered_full_action_dqn,810,449,66.03371918201447,80.10373284958304,24.58605706691742,41.44766175746918,1.39859299082309,14150.756025314331,0.0,23.0,0.0,1.0,0.050000000000000044,1.4753701239824295,1.4672484062612057,0.02707241114694625
double_centered_full_action_dqn,810,450,76.57409686148166,80.77239432670177,28.41457386314869,48.159523013234136,1.5169716840609908,16869.79322052002,0.0,23.0,0.0,2.0,0.050000000000000044,1.4102911464869976,1.3994850851595402,0.036020216648466885
double_centered_full_action_dqn,810,451,81.27602167725563,80.08713841401041,28.738392256200314,52.537629294395444,1.5418915776535869,16847.54957962036,0.0,25.0,0.0,2.0,0.050000000000000044,0.8742063920944929,0.8658813238143921,0.02775024576112628
double_centered_full_action_dqn,810,452,66.3675328195095,79.44265200980007,24.707242131233215,41.66029101610184,1.4257527804002166,14519.042991638184,0.0,21.0,0.0,2.0,0.050000000000000044,0.8826299421489239,0.8739328552037477,0.028990285471081734
double_centered_full_action_dqn,810,453,71.29192074537278,79.42863746069371,26.184790909290314,45.107129821181296,1.432973657734692,15178.90393447876,0.0,21.0,0.0,2.0,0.050000000000000044,1.3513134475797415,1.342457603663206,0.029519488802179694
double_centered_full_action_dqn,810,454,94.11837819367648,80.01501643665136,30.521134294569492,63.597243377566336,1.547829132527113,17502.213176727295,0.0,28.0,0.0,1.0,0.050000000000000044,1.1524298526346684,1.1438016695901752,0.028760613757185638
double_centered_full_action_dqn,810,455,90.20759584754705,80.45452430285513,29.880380913615227,60.327215015888214,1.5452266661450267,17528.97745323181,0.0,27.0,0.0,0.0,0.050000000000000044,1.1273753978312016,1.1196162067353725,0.025863945949822664
double_centered_full_action_dqn,810,456,65.2857041656971,79.33066491805019,24.263415820896626,41.02228823304176,1.3935626298189163,14130.464477539062,0.0,22.0,0.0,1.0,0.050000000000000044,1.0766352582722902,1.0677637159824371,0.029571773833595216
double_centered_full_action_dqn,810,457,81.11825993061066,78.94670848749578,29.90792480111122,51.21033506989479,1.5508889872580767,17405.874229431152,0.0,25.0,0.0,1.0,0.050000000000000044,0.9385306909680367,0.9300265340134501,0.02834723424166441
double_centered_full_action_dqn,810,458,81.20789731293917,79.05780091486872,30.21073343604803,50.99716357886791,1.5039649810642004,17078.613037109375,0.0,23.0,0.0,0.0,0.050000000000000044,1.106039073318243,1.0981528963893652,0.026287303364370018
double_centered_full_action_dqn,810,459,74.51043663918972,78.21402736060323,25.531022801995277,48.979413866996765,1.4568648030981421,14950.089416503906,0.0,24.0,0.0,0.0,0.050000000000000044,0.9706843430176377,0.9626605464145541,0.026746001443825662
double_centered_full_action_dqn,810,460,75.90469157099724,78.25760145619513,27.042262338101864,48.86242940425873,1.4525464829057455,15706.289531707764,0.0,23.0,0.0,1.0,0.050000000000000044,1.549966987222433,1.542061561718583,0.026351401582360268
double_centered_full_action_dqn,810,461,82.30193237364293,77.35554552257062,29.764205895364285,52.53772591948509,1.4952630857005715,16774.232292175293,0.0,23.0,0.0,1.0,0.050000000000000044,1.1352902576327324,1.1261487547308207,0.0304716844111681
double_centered_full_action_dqn,810,462,65.90248473882676,77.20495743677023,24.30549342930317,41.59699116051197,1.4050658904016018,14318.220022201538,0.0,22.0,0.0,2.0,0.050000000000000044,1.082382069900632,1.0734173394739628,0.0298823993653059
double_centered_full_action_dqn,810,463,93.76940816044808,77.45716418556871,30.654517345130444,63.114890778064726,1.5539189921692014,17631.514518737793,0.0,28.0,0.0,2.0,0.050000000000000044,1.083875086158514,1.0765852201730013,0.024299558252096176
double_centered_full_action_dqn,810,464,73.45541501045227,77.13196302495899,27.091085016727448,46.36432999372482,1.4937187461182475,15799.450740814209,0.0,22.0,0.0,1.0,0.050000000000000044,1.1134285293519497,1.1044873371720314,0.029803908546455204
double_centered_full_action_dqn,810,465,82.4182626247406,77.23875580869617,28.050357922911644,54.36790453791618,1.5169970178976655,16634.999656677246,0.0,25.0,0.0,1.0,0.050000000000000044,1.0289038196206093,1.0189303308725357,0.03324495814740658
double_centered_full_action_dqn,810,466,86.58203979581594,78.10026085071267,29.549651838839054,57.03238771855831,1.534432677552104,17296.98529815674,0.0,27.0,0.0,1.0,0.050000000000000044,1.253587855026126,1.2449666988104582,0.028737199143506587
double_centered_full_action_dqn,810,467,98.34139461815357,79.39550802767278,33.190885208547115,65.15050938725471,1.625653238967061,19289.521102905273,0.0,29.0,0.0,1.0,0.050000000000000044,1.1982270330190659,1.1902695428580046,0.02652489603497088
double_centered_full_action_dqn,810,468,92.67012469619513,79.96686584822835,30.805965036153793,61.86415986120701,1.5571275129914284,17674.99328804016,0.0,28.0,0.0,4.0,0.050000000000000044,1.1110696597024798,1.1016988912597299,0.031235832604579628
double_centered_full_action_dqn,810,469,90.23746030181647,81.17705290421846,30.477504350245,59.75995575785637,1.5819111578166485,18282.559322357178,0.0,26.0,0.0,2.0,0.050000000000000044,1.1606397721916437,1.1522710788995028,0.027895632316358387
double_centered_full_action_dqn,810,470,67.51419025808573,80.72405757404866,25.879634968936443,41.63455560207367,1.4375691339373589,14870.892139434814,0.0,21.0,0.0,1.0,0.050000000000000044,1.1443892754614353,1.1360272699967027,0.02787336811888963
double_centered_full_action_dqn,810,471,75.80163560956717,80.45033827066423,26.382012702524662,49.41962273567915,1.4584677768871188,15422.853490829468,0.0,22.0,0.0,1.0,0.050000000000000044,0.9909750018268824,0.9818538818508387,0.03040377947036177
double_centered_full_action_dqn,810,472,51.20254276096821,79.69208876773716,22.90035542845726,28.30218724310398,1.3236343944445252,12951.702457427979,0.0,17.0,0.0,1.0,0.050000000000000044,1.1847698483616114,1.1763213565573096,0.028161633759737015
double_centered_full_action_dqn,810,473,80.86588184088468,80.17078682251275,28.02195519208908,52.84392652958631,1.5309090334922075,16569.857067108154,0.0,25.0,0.0,3.0,0.050000000000000044,1.0000242292881012,0.9918536385521293,0.027235304354690015
double_centered_full_action_dqn,810,474,73.63965886235238,79.14685085594655,25.361798904836178,48.277859801054,1.4186781253665686,14719.193801879883,0.0,23.0,0.0,2.0,0.050000000000000044,1.131407916545868,1.1222153790295124,0.03064175369217992
double_centered_full_action_dqn,810,475,73.77222486734391,78.3250823069364,26.6003570407629,47.17186796069145,1.4460763987153769,15571.250991821289,0.0,22.0,0.0,1.0,0.050000000000000044,1.0350792473182082,1.026901725679636,0.02725841023493558
double_centered_full_action_dqn,810,476,74.977271284163,78.80966066285968,27.124968387186527,47.8523030757904,1.4654912492260337,16016.245449066162,0.0,22.0,0.0,2.0,0.050000000000000044,1.2225410165265203,1.2130155880004168,0.03175139462109655
double_centered_full_action_dqn,810,477,90.69968316853047,79.28873182475569,29.49852354824543,61.20115996301174,1.5559454075992107,17117.19627761841,0.0,26.0,0.0,2.0,0.050000000000000044,1.3195393197238445,1.3105983957648277,0.02980307361576706
double_centered_full_action_dqn,810,478,70.53563689142466,78.75511880367996,25.951667703688145,44.583968710899356,1.401701339520514,14762.149076461792,0.0,21.0,0.0,3.0,0.050000000000000044,1.1859369538724422,1.1776694394648075,0.02755845384672284
double_centered_full_action_dqn,810,479,71.37400671243668,78.5982973073423,25.00636588782072,46.36764080226421,1.4298829138278961,14897.699768066406,0.0,23.0,0.0,1.0,0.050000000000000044,1.3589238338172436,1.349611759185791,0.03104028117377311
double_centered_full_action_dqn,810,480,91.53571771979333,79.3798486147821,29.835044607520103,61.7006731569767,1.5520541900768876,17152.834579467773,0.0,26.0,0.0,1.0,0.050000000000000044,1.3860992603003979,1.3769589886069298,0.030467557371594012
double_centered_full_action_dqn,810,481,60.758117631077766,78.30265787765384,24.09510923922062,36.66300866007805,1.3730480773374438,13894.785297393799,0.0,19.0,0.0,0.0,0.050000000000000044,1.2228409610688686,1.214532807469368,0.027693821932189167
double_centered_full_action_dqn,810,482,82.92412407696247,79.15373984456065,29.263913825154305,53.66020958125591,1.5376183446496725,17388.28688812256,0.0,27.0,0.0,1.0,0.050000000000000044,1.376338079571724,1.366987345740199,0.031169085414148867
double_centered_full_action_dqn,810,483,76.99842047691345,78.3151904603839,27.684881955385208,49.31353871524334,1.4733157809823751,15905.898258209229,0.0,24.0,0.0,0.0,0.050000000000000044,1.188382001593709,1.1799125215038657,0.02823161508422345
double_centered_full_action_dqn,810,484,89.41890665888786,79.11336504280567,30.189427867531776,59.229478538036346,1.5841102860867977,17731.157649993896,0.0,26.0,0.0,1.0,0.050000000000000044,0.8819973431527615,0.8729803366586566,0.030056705814786255
double_centered_full_action_dqn,810,485,93.72811165750026,79.67885749444365,33.143708899617195,60.584402951598165,1.6339053744450212,19075.60406112671,0.0,26.0,0.0,2.0,0.050000000000000044,1.1487977206707,1.1390434466302395,0.032514256658032537
double_centered_full_action_dqn,810,486,70.09472356289625,78.85449168279767,25.515622332692146,44.57910110354423,1.4381986167281866,14902.010591506958,0.0,22.0,0.0,2.0,0.050000000000000044,1.1870869109407067,1.178106508217752,0.029934679274447262
double_centered_full_action_dqn,810,487,73.9702108874917,77.63593249626459,27.137801826000214,46.83240878582001,1.490660714916885,16122.62604522705,0.0,22.0,0.0,0.0,0.050000000000000044,0.9717278704047203,0.9629379361867905,0.029299772926606238
double_centered_full_action_dqn,810,488,82.64845658838749,77.1348490908742,28.667276456952095,53.981180146336555,1.5108789876103401,16750.495777130127,0.0,25.0,0.0,2.0,0.050000000000000044,0.9531478174030781,0.9457243923097849,0.02474478119984269
double_centered_full_action_dqn,810,489,91.27157221734524,77.18655468665062,31.024534359574318,60.24703784286976,1.5948278484866023,18231.51296234131,0.0,27.0,0.0,1.0,0.050000000000000044,1.1972707398235798,1.1877084812149405,0.03187415702268481
double_centered_full_action_dqn,810,490,67.89795992672444,77.20574317008258,25.996766731142998,41.90119362771511,1.4644818445667624,15395.054870605469,0.0,21.0,0.0,1.0,0.050000000000000044,1.157121378928423,1.1489481963217258,0.027243905933573842
double_centered_full_action_dqn,810,491,92.55258379280568,78.04329057924451,31.310719415545464,61.24186433255672,1.5777147775515914,18042.856672286987,0.0,28.0,0.0,2.0,0.050000000000000044,1.0573968533426523,1.0477076563984156,0.03229736001230776
double_centered_full_action_dqn,810,492,77.05867023915053,79.33609695315363,26.569333128631115,50.48933705091476,1.4749000556766987,15697.693824768066,0.0,24.0,0.0,3.0,0.050000000000000044,1.2865601107478142,1.2786290012300014,0.026437064982019365
double_centered_full_action_dqn,810,493,78.3124433979392,79.20842503100634,28.312128394842148,50.00031527876854,1.5311470329761505,17054.064781188965,0.0,22.0,0.0,0.0,0.050000000000000044,1.190590176731348,1.1807686816900969,0.03273827931843698
double_centered_full_action_dqn,810,494,69.66189375668765,79.00953677572312,23.712010823190212,45.9498825609684,1.3996142642572522,14164.128559112549,0.0,21.0,0.0,2.0,0.050000000000000044,1.0808112733066082,1.071324742399156,0.03162176511250436
double_centered_full_action_dqn,810,495,70.72211983054876,78.85703152388335,26.80259706825018,43.91952258348465,1.4302503382787108,15210.645561218262,0.0,21.0,0.0,0.0,0.050000000000000044,0.9851678470149636,0.9770477330312133,0.02706705790478736
double_centered_full_action_dqn,810,496,85.71000819057227,79.39366836920382,28.39273103326559,57.31727724671364,1.5151422675698996,16349.202033996582,0.0,25.0,0.0,2.0,0.050000000000000044,1.1807006634771824,1.1722891852259636,0.028038258897140622
double_centered_full_action_dqn,810,497,94.37590929269791,79.57747967541219,31.480790376663208,62.895119005441664,1.587301030755043,18097.76308441162,0.0,27.0,0.0,2.0,0.050000000000000044,1.0019611911848187,0.9938817285001278,0.026931554661132395
double_centered_full_action_dqn,810,498,86.87376233935356,80.39438594780863,29.325349763035774,57.548412799835205,1.5347991567105055,16871.658275604248,0.0,27.0,0.0,1.0,0.050000000000000044,1.2471915259957314,1.2383753918111324,0.029387090355157852
double_centered_full_action_dqn,810,499,75.99405592083932,80.62538840822877,27.582733869552612,48.41132224500179,1.5046968618407845,16156.947744369507,0.0,23.0,0.0,2.0,0.050000000000000044,1.1754647111520171,1.1663086833432317,0.030520101659931242
double_centered_full_action_dqn,810,500,73.93494798243046,79.74534992136061,26.21917176246643,47.71577614545822,1.4764026971533895,15424.944927215576,0.0,22.0,0.0,1.0,0.050000000000000044,1.1642243610695004,1.1551732020452619,0.03017060610000044
double_centered_full_action_dqn,810,501,90.93542382121086,81.25421523086727,29.94644369184971,60.988980144262314,1.5462143905460835,16940.92147064209,0.0,27.0,0.0,3.0,0.050000000000000044,1.1009182399138808,1.092209231108427,0.02903000928927213
double_centered_full_action_dqn,810,502,88.48061380684376,81.53203971736134,28.707223311066628,59.77339074909687,1.5182653432711959,16443.41943359375,0.0,28.0,0.0,1.0,0.050000000000000044,1.2287617363035679,1.2192400880157948,0.03173880896065384
double_centered_full_action_dqn,810,503,94.13017833530903,82.38862761028112,31.18094938993454,62.94922848343849,1.5428482424467802,17782.469089508057,0.0,29.0,0.0,2.0,0.050000000000000044,0.953595669940114,0.9435273073613644,0.03356118639931083
double_centered_full_action_dqn,810,504,68.22218561172485,81.32879155792297,25.53502221405506,42.687163293361664,1.4195168921723962,15083.952142715454,0.0,21.0,0.0,1.0,0.050000000000000044,1.2061436288058758,1.198303246870637,0.026134584448300302
double_centered_full_action_dqn,810,505,74.78274602591992,80.38152327634394,26.903191208839417,47.87955538332462,1.5119212232530117,16742.964756011963,0.0,21.0,0.0,2.0,0.050000000000000044,1.0899694487452507,1.080705413594842,0.030880164820700884
double_centered_full_action_dqn,810,506,75.21360856294632,80.63746752634646,27.18267421424389,48.0309342443943,1.4257352873682976,15166.149570465088,0.0,24.0,0.0,1.0,0.050000000000000044,1.073396128602326,1.0643613953143358,0.030115785310044885
double_centered_full_action_dqn,810,507,71.78271950781345,80.52809295736253,26.46297512948513,45.319744288921356,1.4970060838386416,15880.875526428223,0.0,23.0,0.0,0.0,0.050000000000000044,1.479634284041822,1.4714301824569702,0.027346979244612157
double_centered_full_action_dqn,810,508,72.44445438832045,80.01789284735919,26.19662467390299,46.24782972931862,1.4281242182478309,14779.111156463623,0.0,22.0,0.0,1.0,0.050000000000000044,1.0776297822594643,1.070027669891715,0.02534044231288135
double_centered_full_action_dqn,810,509,60.85051042884588,78.49683975793423,24.839249171316624,36.01126127243042,1.38728482183069,14321.631233215332,0.0,18.0,0.0,2.0,0.050000000000000044,1.140298679471016,1.1325043328106403,0.02598121005576104
double_centered_full_action_dqn,810,510,76.646887794137,78.93428615130485,27.613654896616936,49.03323310613632,1.5331641463562846,16680.220218658447,0.0,25.0,0.0,1.0,0.050000000000000044,1.1510566780343652,1.1433584867045283,0.025660613551735878
double_centered_full_action_dqn,810,511,75.43786455839873,78.07855018958449,27.252692714333534,48.18517235815525,1.4752279594540596,15684.98477935791,0.0,23.0,0.0,1.0,0.050000000000000044,0.8974123727530241,0.8881947277113795,0.03072550694923848
double_centered_full_action_dqn,810,512,85.59264476001263,78.5052489156276,30.046639308333397,55.54600606262684,1.5451619355008006,17334.06999206543,0.0,25.0,0.0,1.0,0.050000000000000044,1.137066824361682,1.1296244943514466,0.02480776607990265
double_centered_full_action_dqn,810,513,76.28706750273705,78.4039801208675,27.243997916579247,49.04306972026825,1.4613626170903444,15774.59496307373,0.0,23.0,0.0,0.0,0.050000000000000044,1.0328225623816252,1.023890806362033,0.029772504465654492
double_centered_full_action_dqn,810,514,89.26852191239595,79.38431152865292,29.752372942864895,59.516148790717125,1.5689476476982236,17401.122623443604,0.0,27.0,0.0,1.0,0.050000000000000044,1.2766875978559256,1.26718036737293,0.03169078950304538
double_centered_full_action_dqn,810,515,78.19762880504132,79.75808697737754,28.58445930480957,49.61316975355148,1.5070617543533444,16551.675300598145,0.0,25.0,0.0,1.0,0.050000000000000044,1.068007642403245,1.060451852157712,0.025185977923683822
double_centered_full_action_dqn,810,516,84.28917333632708,79.68704523466529,26.864770613610744,57.424402275681494,1.5105447443202138,16082.064651489258,0.0,26.0,0.0,3.0,0.050000000000000044,1.383759282529354,1.3742809481918812,0.03159446315839887
double_centered_full_action_dqn,810,517,63.78694981485605,78.1575972607732,24.18363416939974,39.60331512391567,1.3985664835199714,13832.232866287231,0.0,22.0,0.0,2.0,0.050000000000000044,1.184310743585229,1.1757820583879948,0.028428934165276587
double_centered_full_action_dqn,810,518,71.13840092122555,77.3708291898668,26.525061622262,44.61333913505077,1.4813514621928334,15547.218826293945,0.0,22.0,0.0,2.0,0.050000000000000044,1.0543838683515787,1.0454519502818584,0.02977309504058212
double_centered_full_action_dqn,810,519,78.43826481699944,77.4930396346748,26.77620340883732,51.662062019109726,1.4844570709392428,15860.404754638672,0.0,23.0,0.0,1.0,0.050000000000000044,1.2244149837642908,1.2154031172394753,0.030039560282602906
double_centered_full_action_dqn,810,520,71.96114283502102,77.39434937730434,26.275075882673264,45.68606668412686,1.435578042641282,15165.66512298584,0.0,22.0,0.0,3.0,0.050000000000000044,1.0839479006826878,1.0752274356782436,0.02906825242098421
double_centered_full_action_dqn,810,521,98.39703051149846,77.76742971181872,31.63969237357378,66.75733771324158,1.6267197076231241,18517.08104324341,0.0,28.0,0.0,2.0,0.050000000000000044,0.9971647933125496,0.989368949085474,0.025986111955717206
double_centered_full_action_dqn,810,522,97.38280595541,78.21253931924703,31.111786276102066,66.27101967930794,1.5607757158577442,17742.845638275146,0.0,29.0,0.0,5.0,0.050000000000000044,1.3037248635664582,1.2956025330349803,0.027074425597675145
double_centered_full_action_dqn,810,523,81.5445004940033,77.58325542718174,28.677348278462887,52.867151790857314,1.5099629620090127,16606.919273376465,0.0,24.0,0.0,1.0,0.050000000000000044,0.8823319170624018,0.8728162636980414,0.03171885956544429
double_centered_full_action_dqn,810,524,80.23070505261421,78.1836813992262,27.578180760145187,52.65252421796322,1.431996213272214,15662.309009552002,0.0,25.0,0.0,0.0,0.050000000000000044,0.8647729437798262,0.8568039005622268,0.026563501683995128
double_centered_full_action_dqn,810,525,76.33765615522861,78.26142690569162,27.514548011124134,48.82310749590397,1.5116392001509666,16314.772909164429,0.0,24.0,0.0,1.0,0.050000000000000044,0.9316062405705452,0.9223528169095516,0.030844747903756797
double_centered_full_action_dqn,810,526,71.50229729861022,78.07586134247484,25.855619363486767,45.64667842686176,1.4397516660392284,15114.048503875732,0.0,23.0,0.0,2.0,0.050000000000000044,1.0478619243949652,1.0383386872708797,0.031744153588078916
double_centered_full_action_dqn,810,527,85.16906239390373,78.74517848677934,31.452859610319138,53.71620287299156,1.6190625950694084,18795.597522735596,0.0,25.0,0.0,3.0,0.050000000000000044,1.0620295936241746,1.0522344447672367,0.03265053604263812
double_centered_full_action_dqn,810,528,70.7566229864955,78.6607869166881,25.464658193290234,45.29196482300758,1.4319599829614162,15250.803802490234,0.0,22.0,0.0,3.0,0.050000000000000044,1.558813619427383,1.5494180861860514,0.03131846629548818
double_centered_full_action_dqn,810,529,85.42734135985374,79.88962846323848,31.13210855424404,54.295232880115506,1.5523644993081689,17752.44411468506,0.0,26.0,0.0,3.0,0.050000000000000044,0.9271924719214439,0.9181173481047153,0.030250383890233934
double_centered_full_action_dqn,810,530,80.47984341084957,80.0812762440741,27.412969425320625,53.066874000430104,1.4775526616722345,15632.318977355957,0.0,26.0,0.0,3.0,0.050000000000000044,1.4046516865491867,1.3964292369782925,0.027408148162066936
double_centered_full_action_dqn,810,531,72.0394053786993,79.91135328508913,25.077176712453365,46.96222870349884,1.4091691747307777,14751.34204864502,0.0,23.0,0.0,2.0,0.050000000000000044,1.2740789027884603,1.2646710705012083,0.03135946567635983
double_centered_full_action_dqn,810,532,92.67818796038628,80.26563044510782,31.86870513856411,60.80948322415352,1.6090769590809941,18404.097660064697,0.0,27.0,0.0,1.0,0.050000000000000044,1.1784824077039957,1.1702480977401137,0.027447654865682125
double_centered_full_action_dqn,810,533,91.86645995974541,81.04460006795824,30.4355800896883,61.43087954223156,1.6203287970274687,18370.449394226074,0.0,26.0,0.0,2.0,0.050000000000000044,1.33700211904943,1.3284209929406643,0.02860374003648758
double_centered_full_action_dqn,810,534,64.20542743206025,79.79144534394146,24.511171862483025,39.69425522685051,1.3873759470880032,14274.471641540527,0.0,20.0,0.0,2.0,0.050000000000000044,0.9067200403660536,0.8982909247279167,0.028097074711695313
double_centered_full_action_dqn,810,535,71.94539383798838,79.47883359558882,27.863703973591328,44.0816899985075,1.5025250921025872,16702.823726654053,0.0,21.0,0.0,1.0,0.050000000000000044,1.430171562358737,1.4207867048680782,0.03128289489541203
double_centered_full_action_dqn,810,536,85.19282902032137,79.52401637978853,28.483275540173054,56.70955389738083,1.516883121803403,16408.326503753662,0.0,26.0,0.0,0.0,0.050000000000000044,0.8146387469023466,0.8057523760944605,0.029621240915730596
double_centered_full_action_dqn,810,537,87.37424840182067,80.70338130913676,29.840477786958218,57.53377051055431,1.5331079103052616,17264.86856842041,0.0,26.0,0.0,2.0,0.050000000000000044,1.1241020318120718,1.1145725399255753,0.03176498715765774
double_centered_full_action_dqn,810,538,94.4110352024436,81.86701302319766,32.33110864460468,62.0799266397953,1.5976718962192535,18993.383666992188,0.0,28.0,0.0,0.0,0.050000000000000044,1.1885703206062317,1.1800940241664648,0.028254302102141082
double_centered_full_action_dqn,810,539,85.52573916614055,82.22138674065471,28.37926457822323,57.146473947167394,1.5003530159592628,16808.830463409424,0.0,25.0,0.0,2.0,0.050000000000000044,0.8694476410746574,0.8603354645892978,0.030373912188224494
double_centered_full_action_dqn,810,540,85.32664053142071,82.8896616254747,30.06816305220127,55.25847816467285,1.562747991643846,17960.88258743286,0.0,26.0,0.0,0.0,0.050000000000000044,0.8827788084745407,0.8739070538431406,0.029572559986263514
double_centered_full_action_dqn,810,541,94.24806340038776,82.68221326991916,30.143133133649826,64.10493069887161,1.5430046608671546,17378.607913970947,0.0,27.0,0.0,0.0,0.050000000000000044,1.2074026707559824,1.198920446448028,0.028274066280573606
double_centered_full_action_dqn,810,542,83.3157306343317,81.97885950386524,29.020713344216347,54.295017319917676,1.5280259298160672,16837.911518096924,0.0,26.0,0.0,2.0,0.050000000000000044,1.4108247924596071,1.4009625306352973,0.03287418151739985
double_centered_full_action_dqn,810,543,84.86542129516602,82.14490554392339,28.01307785511017,56.852344036102295,1.5194980576634407,16758.46283721924,0.0,26.0,0.0,2.0,0.050000000000000044,0.9086002223193645,0.9000008711591363,0.02866453945171088
double_centered_full_action_dqn,810,544,61.69319073557854,81.2180298280716,24.921397924423218,36.77179312407971,1.401421724818647,14784.42168045044,0.0,19.0,0.0,4.0,0.050000000000000044,1.1629856787621975,1.1538376016542315,0.030493543250486255
double_centered_full_action_dqn,810,545,89.47024824619294,81.87465943261982,29.94621355831623,59.5240351498127,1.5794665217399597,18203.220417022705,0.0,27.0,0.0,2.0,0.050000000000000044,1.5539258401840925,1.5446581756696105,0.030892288545146585
double_centered_full_action_dqn,810,546,80.64396795779467,82.33174296557905,28.156093798577785,52.487873622775076,1.4873955650255084,16259.4310836792,0.0,25.0,0.0,1.0,0.050000000000000044,1.1876322431489825,1.1785418633371592,0.030301295686513186
double_centered_full_action_dqn,810,547,72.23519645631313,81.68504966869952,26.462369099259377,45.772827446460724,1.4770230669528246,16000.850708007812,0.0,22.0,0.0,1.0,0.050000000000000044,1.0899561261758208,1.0810925979167223,0.029545123339630663
double_centered_full_action_dqn,810,548,100.85600886046886,83.19001896239817,33.37217053771019,67.48383799493313,1.6555090667679906,19500.13092803955,0.0,30.0,0.0,2.0,0.050000000000000044,1.23899245262146,1.2301003504544497,0.02964033605530858
double_centered_full_action_dqn,810,549,70.09094590842724,82.42319918982686,25.874449849128723,44.216496834158896,1.4315241742879152,14933.925022125244,0.0,22.0,0.0,1.0,0.050000000000000044,1.1395365288481116,1.130155060440302,0.031271519721485674
double_centered_full_action_dqn,810,550,69.92636587619782,81.89552531309427,24.605866491794586,45.32050005495548,1.4356286628171802,14699.797756195068,0.0,22.0,0.0,1.0,0.050000000000000044,1.0939029334113002,1.0844579664990306,0.03148325812071562
double_centered_full_action_dqn,810,551,78.65663920342922,82.22638700433076,26.810329020023346,51.84631046652794,1.4767109649255872,15729.715789794922,0.0,25.0,0.0,1.0,0.050000000000000044,1.2058735750615597,1.196631271392107,0.030807668576017022
double_centered_full_action_dqn,810,552,86.48061813414097,81.9165085130185,28.588122382760048,57.89249578118324,1.5598075855523348,17346.7520942688,0.0,26.0,0.0,1.0,0.050000000000000044,0.954622776247561,0.945484409108758,0.030461284215562046
double_centered_full_action_dqn,810,553,75.43356386572123,81.09486370831729,28.73220770806074,46.70135585963726,1.4646113608032465,16165.82052230835,0.0,22.0,0.0,0.0,0.050000000000000044,1.1529090367257595,1.1428581923246384,0.033502780017443
double_centered_full_action_dqn,810,554,69.37909086048603,81.35354687973857,25.22764651477337,44.151444628834724,1.465846841223538,15002.395774841309,0.0,21.0,0.0,1.0,0.050000000000000044,1.1192840039730072,1.1095722392201424,0.032372561166994274
double_centered_full_action_dqn,810,555,79.83898898363114,81.74822663702072,28.07049623131752,51.768492797017096,1.485733127221465,16203.169651031494,0.0,23.0,0.0,1.0,0.050000000000000044,1.429430216550827,1.4193921703845263,0.03346013941336423
double_centered_full_action_dqn,810,556,72.7509345650673,81.12613191425801,26.280020892620087,46.47091364264488,1.4593045841902494,15466.15210723877,0.0,24.0,0.0,1.0,0.050000000000000044,1.089201057329774,1.080484795384109,0.029054197599180043
double_centered_full_action_dqn,810,557,91.66364334523678,81.34060166142882,30.61335524916649,61.05028775334358,1.6136952945962548,18406.29988861084,0.0,27.0,0.0,1.0,0.050000000000000044,1.0370213948190212,1.027834765613079,0.030622074962593615
double_centered_full_action_dqn,810,558,73.08084997534752,80.27409240007401,27.326962128281593,45.75388765335083,1.4714136943221092,16078.157207489014,0.0,23.0,0.0,0.0,0.050000000000000044,0.9637547330930829,0.9547391077503562,0.030052100541070104
double_centered_full_action_dqn,810,559,71.29145267605782,79.56237807556988,25.796078458428383,45.495374232530594,1.4548531901091337,15625.469337463379,0.0,21.0,0.0,1.0,0.050000000000000044,1.0599789647385478,1.0511252842843533,0.029512239154428244
double_centered_full_action_dqn,810,560,84.07083564400673,79.49958783119918,29.69429524242878,54.37654089331627,1.5686540873721242,17793.064628601074,0.0,25.0,0.0,1.0,0.050000000000000044,1.0556493131443858,1.0474171862006187,0.027440443518571556
double_centered_full_action_dqn,810,561,81.93446623682976,78.88390797302128,26.98900869488716,54.94545736312866,1.4932071156799793,15927.254833221436,0.0,25.0,0.0,1.0,0.050000000000000044,0.8913339683786035,0.8818572154268622,0.03158917452674359
double_centered_full_action_dqn,810,562,92.93571631759406,79.3649072571844,32.926905654370785,60.008811035752295,1.607771354727447,18877.4024810791,0.0,27.0,0.0,1.0,0.050000000000000044,0.8169149691238999,0.8081110892817378,0.02934628224465996
double_centered_full_action_dqn,810,563,78.44758772253991,79.0440155785531,27.261527188122272,51.18606067597866,1.5197977283969522,16423.455451965332,0.0,25.0,0.0,2.0,0.050000000000000044,1.1683593392372131,1.1585711715742946,0.03262716392055154
double_centered_full_action_dqn,810,564,73.75090463608504,79.64690127357844,25.90287160128355,47.848033198714255,1.4805136304348707,15349.097316741943,0.0,23.0,0.0,1.0,0.050000000000000044,1.2253452949225903,1.2148254178464413,0.03506629099138081
double_centered_full_action_dqn,810,565,64.64563526958227,78.4056706247479,25.07411488890648,39.57152037322521,1.4423572262749076,15174.141716003418,0.0,21.0,0.0,2.0,0.050000000000000044,1.1357934102416039,1.1267034411430359,0.030299930251203477
double_centered_full_action_dqn,810,566,92.52793118357658,78.99986878603698,30.68463560938835,61.84329500794411,1.5787865268066525,18259.954055786133,0.0,26.0,0.0,2.0,0.050000000000000044,0.8052768064662814,0.7952484479174018,0.03342784498818219
double_centered_full_action_dqn,810,567,73.5048439219594,79.0633511593193,25.520577900111675,47.984265649318694,1.3800336858257651,14548.0080909729,0.0,23.0,0.0,1.0,0.050000000000000044,1.2772094029933214,1.2683240063488483,0.029617973370477557
double_centered_full_action_dqn,810,568,81.78762396574021,78.10993191458286,27.744354411959648,54.04326979219913,1.514297753572464,16233.456386566162,0.0,26.0,0.0,4.0,0.050000000000000044,0.9806395974010229,0.9710325337946415,0.032023569219745696
double_centered_full_action_dqn,810,569,89.24230114519597,79.0674996764213,30.821451909840107,58.42084919810295,1.5776876853778958,18329.71390914917,0.0,26.0,0.0,4.0,0.050000000000000044,1.072426751255989,1.0622991845011711,0.033758557634428144
double_centered_full_action_dqn,810,570,78.95284090340138,79.51882342778148,28.542358204722404,50.41048222184181,1.52239884249866,16725.849281311035,0.0,23.0,0.0,1.0,0.050000000000000044,1.4949183352291584,1.4864267641678452,0.02830522775184363
double_centered_full_action_dqn,810,571,90.11647816151381,80.09181537568571,31.173912696540356,58.942565435171126,1.5765116401016712,17986.64172744751,0.0,28.0,0.0,1.0,0.050000000000000044,1.0251609655097127,1.0163195291534066,0.02947145886719227
double_centered_full_action_dqn,810,572,80.68901118785143,79.80223502837124,28.1826007142663,52.50641050338745,1.4618652742356062,15947.90177154541,0.0,25.0,0.0,2.0,0.050000000000000044,1.1333004143089056,1.1242602337151766,0.030133925727568567
double_centered_full_action_dqn,810,573,92.80056151151658,80.670584910661,30.399177260696888,62.401383781433104,1.5357277011498809,17642.407791137695,0.0,28.0,0.0,2.0,0.050000000000000044,1.0093057435005903,1.0005109701305628,0.029315879568457603
double_centered_full_action_dqn,810,574,64.65620732605457,80.43444073393943,25.366462133824825,39.2897449016571,1.4728496596217155,15661.589134216309,0.0,19.0,0.0,2.0,0.050000000000000044,1.067990468814969,1.0592025760561228,0.029292997671291232
double_centered_full_action_dqn,810,575,91.07653626203538,80.99631809785964,30.483696348965168,60.59283989071846,1.5386286256834865,17010.083248138428,0.0,27.0,0.0,1.0,0.050000000000000044,1.0043087443336844,0.9949967302381992,0.03104004357010126
double_centered_full_action_dqn,810,576,74.5749564409256,81.08751919165255,26.218469329178333,48.356487268209456,1.4599054465070367,15493.529167175293,0.0,22.0,0.0,2.0,0.050000000000000044,1.1468873638659716,1.1374154025688767,0.03157320385798812
double_centered_full_action_dqn,810,577,79.26716479063035,80.46769526392224,26.283699348568916,52.983465337753294,1.4745856011286378,15518.001342773438,0.0,23.0,0.0,1.0,0.050000000000000044,0.9484127694740891,0.9389589494094253,0.03151272132527083
double_centered_full_action_dqn,810,578,67.55937372148037,80.19162145122888,25.795940041542053,41.76343360543251,1.4352517845109105,15055.835762023926,0.0,21.0,0.0,1.0,0.050000000000000044,0.9773755678907037,0.9665118772536516,0.03621225035749376
double_centered_full_action_dqn,810,579,93.41166619211435,81.29763212703169,31.370028518140316,62.04163748025894,1.5975482249632478,18664.70930480957,0.0,27.0,0.0,1.0,0.050000000000000044,1.2292884532362223,1.2198133254423738,0.031583735602907836
double_centered_full_action_dqn,810,580,96.2289642482996,81.90553855724633,31.560600370168686,64.66836420595646,1.5823007030412555,18567.554470062256,0.0,27.0,0.0,2.0,0.050000000000000044,1.1916922954842448,1.181832336820662,0.032866514287889004
double_centered_full_action_dqn,810,581,95.78402367532253,82.59801642917097,33.403912395238876,62.380111429095265,1.6063703633844852,18903.82998275757,0.0,29.0,0.0,3.0,0.050000000000000044,1.1329494761303067,1.1232060920447111,0.03247790737077594
double_centered_full_action_dqn,810,582,77.01528233289719,81.80199472993613,29.006148420274258,48.009133502840996,1.5391723439097404,16882.458267211914,0.0,24.0,0.0,1.0,0.050000000000000044,1.0487944073975086,1.038964781910181,0.03276542806997895
double_centered_full_action_dqn,810,583,77.86042166501284,81.77263642705978,29.357412613928318,48.50300896167755,1.5448957290500402,17533.572723388672,0.0,25.0,0.0,1.0,0.050000000000000044,1.2569636106491089,1.2471653018146753,0.03266103030182421
double_centered_full_action_dqn,810,584,78.78110798448324,82.02414659447969,26.83424773067236,51.9468599408865,1.5289292186498642,16155.18556022644,0.0,25.0,0.0,1.0,0.050000000000000044,1.3002383634448051,1.2911375854164362,0.030335923191159964
double_centered_full_action_dqn,810,585,79.99514339268208,82.79162200063467,28.843129321932793,51.152014487981795,1.5426494712010026,17075.169471740723,0.0,23.0,0.0,4.0,0.050000000000000044,1.0338553106412292,1.0250717224553227,0.029278617119416595
double_centered_full_action_dqn,810,586,66.54368256181479,81.4924095695466,25.913113243877888,40.630569541454314,1.4225308429449797,15480.93399810791,0.0,22.0,0.0,2.0,0.050000000000000044,1.199880288913846,1.189637765288353,0.034141758107580245
double_centered_full_action_dqn,810,587,72.9373674839735,81.4640357476473,27.52892454713583,45.40844301879406,1.4721661237999797,15989.699337005615,0.0,23.0,0.0,2.0,0.050000000000000044,0.9931120350956917,0.982878040522337,0.034113334375433624
double_centered_full_action_dqn,810,588,79.73572936654091,81.36144101768733,28.791654370725155,50.944075122475624,1.5108460551127791,16801.664375305176,0.0,24.0,0.0,1.0,0.050000000000000044,0.9393426142632961,0.93091806396842,0.02808184886816889
double_centered_full_action_dqn,810,589,99.58192870914937,81.878422395885,33.43432059884071,66.14760827422143,1.652039966545999,19216.032787322998,0.0,30.0,0.0,2.0,0.050000000000000044,1.186334677040577,1.1770641524344683,0.030901724589057267
double_centered_full_action_dqn,810,590,82.70273501425982,82.06591710142791,29.393469102680683,53.30926585197449,1.5804020604118705,17480.901664733887,0.0,24.0,0.0,2.0,0.050000000000000044,1.083104289136827,1.0739381425082684,0.03055379237048328
double_centered_full_action_dqn,810,591,86.15780119895935,81.8679832533002,29.065802723169327,57.09199872910976,1.5358653599396348,16503.042541503906,0.0,27.0,0.0,3.0,0.050000000000000044,1.2870898460969329,1.2783262813463807,0.029211870045401156
double_centered_full_action_dqn,810,592,96.60635280013085,82.66385033391417,31.323184803128242,65.28316816091538,1.5976747693493962,18008.887004852295,0.0,28.0,0.0,2.0,0.050000000000000044,0.9698773864656687,0.9608019180595875,0.03025160462129861
double_centered_full_action_dqn,810,593,82.9082007035613,82.1692322935164,29.397363409399986,53.51083755493164,1.5080265570431948,16956.39482307434,0.0,24.0,0.0,1.0,0.050000000000000044,0.9826475298032165,0.9732664171606302,0.03127039922401309
double_centered_full_action_dqn,810,594,74.54320590347052,82.66358222238719,26.16908949613571,48.37411662340164,1.432940692640841,15242.863117218018,0.0,23.0,0.0,2.0,0.050000000000000044,0.9231770150363445,0.9132157284766436,0.03320427134167403
double_centered_full_action_dqn,810,595,97.17460352182388,82.96848558537663,30.90560920536518,66.26899391412735,1.5763438558205962,17981.71677017212,0.0,29.0,0.0,0.0,0.050000000000000044,1.1945422068238258,1.184928447008133,0.03204582666512579
double_centered_full_action_dqn,810,596,67.8929594770074,82.63438573718072,25.373463056981564,42.51949622631073,1.4535992424935102,15029.011302947998,0.0,20.0,0.0,4.0,0.050000000000000044,1.0309881214052439,1.0217443127185106,0.030812678625807166
double_centered_full_action_dqn,810,597,91.58152340352535,83.25010366782547,30.81957694888115,60.76194643974304,1.6192160826176405,18056.81305885315,0.0,26.0,0.0,2.0,0.050000000000000044,1.1418466493487358,1.1324380431324244,0.03136201261077076
double_centered_full_action_dqn,810,598,85.07546213269234,84.12590808838607,30.1479464918375,54.927515774965286,1.5744823347777128,18153.39374923706,0.0,26.0,0.0,1.0,0.050000000000000044,1.0064078997820616,0.9959799721837044,0.03475975466426462
double_centered_full_action_dqn,810,599,78.30953164696693,83.37080136112868,28.666437208652496,49.64309490025043,1.5299390200525522,17169.243644714355,0.0,22.0,0.0,2.0,0.050000000000000044,1.1511698840186,1.1420409614220262,0.030429803882725537
