variant,model_seed,episode,cost,rolling_cost,immediate_cost,penalty,energy_use,latency_ms,thermal_violation,energy_violation,queue_violation,contact_violation,epsilon,loss,td_loss,auxiliary_loss
double_centered_full_action_dqn,805,0,118.45576777458191,118.45576777458191,40.30075457692146,78.15501278042794,1.7542453119531274,23525.44939804077,0.0,32.0,0.0,2.0,0.9954761904761905,,,
double_centered_full_action_dqn,805,1,127.54999519724643,123.00288148591417,46.6602603495121,80.88973505635057,1.865505313500762,27121.14468383789,0.0,33.0,7.0,1.0,0.9909523809523809,1.4405325651168823,1.4318525791168213,0.028933120891451836
double_centered_full_action_dqn,805,2,149.90009523482036,131.96861940221623,41.092788979411125,108.80730619580457,1.8524840800091624,24698.545036315918,0.0,32.0,24.0,1.0,0.9864285714285714,1.305746629834175,1.2981024459004402,0.025480570271611214
double_centered_full_action_dqn,805,3,136.59872036436457,133.12614464275333,40.22616494446993,96.37255527833358,1.8283877680078149,23971.26774597168,0.0,39.0,6.0,1.0,0.981904761904762,1.347105197608471,1.3409292623400688,0.0205864425515756
double_centered_full_action_dqn,805,4,120.81837918758393,130.66459155171944,41.86701908707619,78.95136045813561,1.7848889846354723,24577.325328826904,0.0,33.0,0.0,1.0,0.9773809523809524,1.1670253239572048,1.1615974679589272,0.018092868849635124
double_centered_full_action_dqn,805,5,104.88454467058182,126.36791707152985,37.39133985340595,67.49320438504219,1.7218130556866527,22168.62830734253,0.0,29.0,0.0,0.0,0.9728571428571429,0.9467206709086895,0.9392970241606236,0.024745497037656605
double_centered_full_action_dqn,805,6,135.84245454667982,127.7214224251227,46.62140019237995,89.22105472682888,1.859851193614304,26912.14008331299,0.0,33.0,17.0,4.0,0.9683333333333334,0.7869286462664604,0.7822008356451988,0.015759361791424453
double_centered_full_action_dqn,805,7,128.91618044710003,127.87076717786987,41.7982344776392,87.11794537341434,1.823153373785317,24656.307907104492,0.0,37.0,14.0,0.0,0.9638095238095238,0.7648707218468189,0.761572826653719,0.010992962750606239
double_centered_full_action_dqn,805,8,139.90268516920327,129.2076469546847,41.917267709970474,97.98541713140726,1.792824967764318,24834.343658447266,0.0,33.0,16.0,1.0,0.9592857142857143,0.7888369634747505,0.776769369840622,0.040225324337370694
double_centered_full_action_dqn,805,9,145.89846023967894,130.87672828318412,43.43101139366627,102.46744905462894,1.8985271006822586,25850.403560638428,0.0,34.0,27.0,0.0,0.9547619047619048,0.5728609263896942,0.5672138445079327,0.018823587044607848
double_centered_full_action_dqn,805,10,120.78509519994259,129.95930709379851,44.63795268535614,76.14714249968529,1.8126902068033814,25192.00746154785,0.0,32.0,0.0,0.0,0.9502380952380952,0.40475915744900703,0.400215657427907,0.015145004203077406
double_centered_full_action_dqn,805,11,114.41083893924952,128.66360141425278,39.851343400776386,74.55949458479881,1.7826184816658497,23541.902141571045,0.0,31.0,0.0,0.0,0.9457142857142857,0.27527423296123743,0.26917258743196726,0.020338827918749303
double_centered_full_action_dqn,805,12,154.95812124416602,130.68625678578456,39.434946060180664,115.52317510947954,1.769432700239122,23253.959785461426,0.0,36.0,23.0,2.0,0.9411904761904761,0.24594597984105349,0.24135415069758892,0.015306093788240105
double_centered_full_action_dqn,805,13,106.00353567302227,128.92320527773012,37.392754167318344,68.61078205704689,1.703715866431594,22133.400806427002,0.0,31.0,0.0,1.0,0.9366666666666666,0.22431184723973274,0.21976864524185658,0.01514400658197701
double_centered_full_action_dqn,805,14,167.12837255847984,131.4702164297801,46.98573084175587,120.14264167202049,1.9563914788886905,28072.683170318604,0.0,35.0,30.0,1.0,0.9321428571428572,0.2084426609799266,0.20397531427443027,0.014891152444761246
double_centered_full_action_dqn,805,15,150.37834483379294,132.65197445503088,46.16119557619095,104.21714940661359,1.9170703738927841,27726.4789352417,0.0,31.0,20.0,1.0,0.9276190476190476,0.5204405067488551,0.516379869543016,0.013535442994907498
double_centered_full_action_dqn,805,16,107.6484257131815,131.1811774702162,39.47600057721138,68.17242483794689,1.7133222855627537,22916.97003173828,0.0,30.0,0.0,2.0,0.9230952380952381,0.562372362241149,0.5562988463789225,0.020245052059181035
double_centered_full_action_dqn,805,17,162.6256310689442,132.92809155903444,40.14803136885166,122.47759967029018,1.839320668950677,24455.665618896484,0.0,34.0,21.0,1.0,0.9185714285714286,0.35047236923128366,0.3461025133728981,0.01456617406802252
double_centered_full_action_dqn,805,18,159.37398345846796,134.31998060637304,39.83559162914753,119.53839173991345,1.9402952874079347,25281.890335083008,0.0,35.0,15.0,0.0,0.914047619047619,0.27058461401611567,0.26608525589108467,0.014997863327153027
double_centered_full_action_dqn,805,19,136.66760956051465,134.43736205408013,38.41079469025135,98.25681478085635,1.858760192990303,23699.050010681152,0.0,32.0,15.0,3.0,0.9095238095238095,0.24517695512622595,0.24139035306870937,0.01262200390920043
double_centered_full_action_dqn,805,20,135.06317478128005,135.26773240441506,39.73819659650326,95.3249780655675,1.8000858509913087,23861.548587799072,0.0,36.0,11.0,3.0,0.905,0.23829875513911247,0.23435428831726313,0.013148224563337862
double_centered_full_action_dqn,805,21,116.73125666566291,134.72679547783588,37.98098395764828,78.75027267821231,1.743288374505937,22957.564125061035,0.0,31.0,12.0,0.0,0.9004761904761904,0.2391367731615901,0.2354674767702818,0.012230989814270288
double_centered_full_action_dqn,805,22,116.9077058672905,133.07717600945938,40.454910546541214,76.45279518663884,1.7063132906332612,23046.91934967041,0.0,32.0,0.0,1.0,0.895952380952381,0.22916138265281916,0.22547962423413992,0.012272529595065862
double_centered_full_action_dqn,805,23,122.85266398941994,132.3898731907121,44.411943063139915,78.44072097098348,1.8282462004572153,25669.33388900757,0.0,31.0,5.0,1.0,0.8914285714285715,0.5754654761403799,0.5708277216181159,0.01545916695613414
double_centered_full_action_dqn,805,24,131.7451424279292,132.9362113527294,43.503494173288345,88.2416484632571,1.8303081095218658,25610.05096054077,0.0,35.0,7.0,0.0,0.8869047619047619,0.46177151054143906,0.4572587553411722,0.015042510989587754
double_centered_full_action_dqn,805,25,117.96117276483281,133.59004275744195,38.52360427379608,79.43756875925763,1.790999692864716,23334.076133728027,0.0,33.0,3.0,1.0,0.8823809523809524,0.3831484131515026,0.3781033242121339,0.016816958668641746
double_centered_full_action_dqn,805,26,106.26466969400644,132.11115351480828,37.42528057843447,68.83938951790333,1.6795474328100681,21510.29053878784,0.0,29.0,0.0,0.0,0.8778571428571429,0.3504561809822917,0.3460413096472621,0.014716237201355398
double_centered_full_action_dqn,805,27,112.54208844304085,131.29244891460533,37.78488625586033,74.75720229148865,1.7478839680552483,22352.624536514282,0.0,32.0,0.0,2.0,0.8733333333333333,0.2806133357807994,0.2761446302756667,0.014895681815687567
double_centered_full_action_dqn,805,28,111.63914968073368,129.87927214018185,39.29367592930794,72.34547343850136,1.749699242413044,23021.55126953125,0.0,30.0,0.0,1.0,0.8688095238095238,0.2565396688878536,0.252335193566978,0.014014922664500773
double_centered_full_action_dqn,805,29,122.9354092270136,128.73111958954857,40.88480818271637,82.05060131251813,1.7727008499205112,23696.830604553223,0.0,35.0,0.0,1.0,0.8642857142857143,0.2514660330489278,0.24745935387909412,0.013355597213376313
double_centered_full_action_dqn,805,30,110.74404072761536,128.22906686593223,39.460578471422195,71.28346280753613,1.7317847181111574,22369.71706390381,0.0,30.0,0.0,1.0,0.8597619047619047,0.24523234460502863,0.24114876240491867,0.013611943577416241
double_centered_full_action_dqn,805,31,111.08166429400444,128.06260813366995,35.278820268809795,75.80284368991852,1.6920386394485831,21355.921089172363,0.0,32.0,0.0,1.0,0.8552380952380952,0.7086388133466244,0.7029058784246445,0.01910976687213406
double_centered_full_action_dqn,805,32,110.56986593604088,125.8431953682637,41.0657075047493,69.50415849089623,1.687993654049933,22762.72632598877,0.0,30.0,0.0,3.0,0.8507142857142858,0.5374116320163012,0.5325438044965267,0.01622608705656603
double_centered_full_action_dqn,805,33,107.18310698866844,125.902173934046,38.001681596040726,69.18142539262772,1.7201834553852677,22013.772903442383,0.0,29.0,0.0,0.0,0.8461904761904762,0.3492127414792776,0.344199494458735,0.016710811702068895
double_centered_full_action_dqn,805,34,128.34239100895948,123.96287485657001,41.136674128472805,87.20571637384721,1.8239087285473943,24538.098342895508,0.0,35.0,8.0,2.0,0.8416666666666667,0.37230311520397663,0.3677213042974472,0.015272714023012668
double_centered_full_action_dqn,805,35,124.73733617095124,122.68082442342791,38.32893097400665,86.40840512243878,1.7739321812987328,22685.97487258911,0.0,35.0,4.0,0.0,0.8371428571428572,0.3880576491355896,0.38376837596297264,0.014297577319666743
double_centered_full_action_dqn,805,36,121.34890175461769,123.36584822549972,40.08488464355469,81.26401560604572,1.7553261052817106,23115.055278778076,0.0,34.0,0.0,4.0,0.8326190476190476,0.3391159074380994,0.3344300501048565,0.015619515790604055
double_centered_full_action_dqn,805,37,111.49197843074799,120.80916559358988,38.21712242811918,73.27485654652119,1.776815920136869,22916.07550048828,0.0,30.0,0.0,1.0,0.8280952380952381,0.33578590489923954,0.33164199627935886,0.013813030323944986
double_centered_full_action_dqn,805,38,116.22733482122422,118.65183316172772,40.00154259800911,76.2257925361395,1.7658808780834079,23034.934909820557,0.0,32.0,0.0,1.0,0.8235714285714286,0.3034757189452648,0.29928953014314175,0.013953959569334984
double_centered_full_action_dqn,805,39,125.26972928643227,118.0819391480236,41.59019413590431,83.67953550815582,1.7588493209332228,23882.39072418213,0.0,35.0,0.0,0.0,0.819047619047619,0.6858536060899496,0.6802076194435358,0.018819945689756423
double_centered_full_action_dqn,805,40,111.75238078832626,116.91639944837591,41.86507548391819,69.88730561733246,1.6986590595915914,23426.84613418579,0.0,31.0,0.0,0.0,0.8145238095238095,0.5071597099304199,0.5013974327594042,0.019207585137337446
double_centered_full_action_dqn,805,41,97.2802311360836,115.94384817189696,35.31668283045292,61.96354829072952,1.6497858995571733,20885.10932159424,0.0,27.0,0.0,3.0,0.81,0.3804509053006768,0.375475212931633,0.016585630364716053
double_centered_full_action_dqn,805,42,113.2082039564848,115.75887307635666,39.41561405360699,73.7925900220871,1.7499287845566869,22653.627506256104,0.0,31.0,0.0,0.0,0.8054761904761905,0.40949732903391123,0.4039844684302807,0.01837618462741375
double_centered_full_action_dqn,805,43,108.9549585133791,115.06398780255464,37.237315848469734,71.71764253079891,1.670414269901812,21447.21834564209,0.0,31.0,0.0,0.0,0.800952380952381,0.39116869773715734,0.3859543688595295,0.01738109131110832
double_centered_full_action_dqn,805,44,106.32008347213268,113.79273485476479,39.79412063956261,66.52596287727356,1.7178263114765286,22864.790351867676,0.0,28.0,0.0,2.0,0.7964285714285715,0.33248304948210716,0.3275419259443879,0.016470413596834987
double_centered_full_action_dqn,805,45,115.35004404187202,113.66217841861676,42.424659594893456,72.92538397014141,1.7791244741529226,24145.258712768555,0.0,30.0,0.0,2.0,0.7919047619047619,0.3430159892886877,0.33799619786441326,0.016732640156988055
double_centered_full_action_dqn,805,46,115.96773233264685,114.14733155054878,41.00392623245716,74.9638062119484,1.7221156116575003,23363.033348083496,0.0,31.0,0.0,0.0,0.7873809523809524,0.4768253695219755,0.4719338621944189,0.0163050388218835
double_centered_full_action_dqn,805,47,107.01816767454147,113.87113551212379,34.786069586873055,72.23209762573242,1.6183329811319709,20021.033515930176,0.0,32.0,0.0,1.0,0.7828571428571429,0.7281321994960308,0.7214457280933857,0.022288240143097937
double_centered_full_action_dqn,805,48,108.77873815000058,113.72811493558716,37.908447727561,70.87028982639313,1.6969894198700786,22047.165199279785,0.0,29.0,0.0,2.0,0.7783333333333333,0.5215377267450094,0.5153815085068345,0.02052073087543249
double_centered_full_action_dqn,805,49,108.56868776679039,113.00977886257598,37.085013061761856,71.48367480933666,1.6777886468917131,21705.27518081665,0.0,31.0,0.0,0.0,0.7738095238095238,0.45062365755438805,0.44453470036387444,0.0202965343487449
double_centered_full_action_dqn,805,50,107.0828525736928,112.82671945487986,35.07238706946373,72.01046515405179,1.7246620608493686,21406.081966400146,0.0,31.0,0.0,1.0,0.7692857142857144,0.4377074437215924,0.4321518409997225,0.01851867337245494
double_centered_full_action_dqn,805,51,111.71972049027681,112.85862226469348,38.840458653867245,72.87926134467125,1.7582848677411675,22737.935773849487,0.0,31.0,0.0,0.0,0.7647619047619048,0.5117600793018937,0.505664536729455,0.02031846303725615
double_centered_full_action_dqn,805,52,103.25654243826867,112.49295608980488,36.15234453231096,67.10419830083848,1.6643245238810778,20924.14693069458,0.0,30.0,0.0,1.0,0.7602380952380953,0.45575688779354095,0.4494208637624979,0.021120073331985623
double_centered_full_action_dqn,805,53,96.19930453002453,111.94376596687269,31.936048939824104,64.26325608193875,1.6707912515848875,19931.700786590576,0.0,28.0,0.0,1.0,0.7557142857142858,0.4505096869543195,0.4452731693163514,0.017455054563470185
double_centered_full_action_dqn,805,54,118.97611926925802,111.47545237988761,39.11747148633003,79.85864797664307,1.8142758002504706,23362.753440856934,0.0,33.0,11.0,0.0,0.7511904761904762,0.689205614849925,0.6829747054725885,0.020769702969118953
double_centered_full_action_dqn,805,55,123.99367787850099,111.43826946526508,38.714317604899406,85.27936021399694,1.8600776279345155,23623.476358413696,0.0,33.0,4.0,0.0,0.7466666666666667,0.5683884024620056,0.5617497358471155,0.022128888580482453
double_centered_full_action_dqn,805,56,128.62633262376897,111.80214100872267,39.274022310972214,89.35231028299444,1.8251337157562375,23315.40752029419,0.0,36.0,19.0,1.0,0.7421428571428572,0.5289310421794653,0.521971077658236,0.023199858027510345
double_centered_full_action_dqn,805,57,110.58325853943825,111.75670501415716,37.09325468540192,73.49000400304794,1.6819037292152643,21758.857635498047,0.0,31.0,0.0,0.0,0.7376190476190476,0.5536851603537798,0.5470429845154285,0.02214057615492493
double_centered_full_action_dqn,805,58,107.6225124746561,111.32646389682876,37.06803199648857,70.5544804930687,1.7571114348247647,22140.288566589355,0.0,29.0,0.0,1.0,0.7330952380952381,0.638554522767663,0.6327465595677495,0.01935986877651885
double_centered_full_action_dqn,805,59,110.51397431641817,110.58867614832806,36.78013867884874,73.73383536934853,1.6832270734012127,21161.105583190918,0.0,33.0,0.0,0.0,0.7285714285714286,0.5087795229628682,0.5021737767383456,0.0220191259868443
double_centered_full_action_dqn,805,60,93.03343504071236,109.65272886094738,33.130822859704494,59.90261177122593,1.6746241450309753,19880.60870361328,0.0,27.0,0.0,2.0,0.724047619047619,0.48777582217007875,0.4810571074485779,0.022395706037059426
double_centered_full_action_dqn,805,61,116.28640630841255,110.60303761956382,39.90746958553791,76.37893649935722,1.7827807357534766,23475.340827941895,0.0,34.0,0.0,0.0,0.7195238095238095,0.5456245597451925,0.5396302128210664,0.019981151970569044
double_centered_full_action_dqn,805,62,113.32976498187396,110.60911567083329,35.167086355388165,78.16267873079391,1.8301475401967764,22529.607067108154,0.0,29.0,7.0,0.0,0.7150000000000001,0.6502886591479182,0.6435183743014932,0.022567648673430085
double_centered_full_action_dqn,805,63,110.16337352991104,110.66953642165988,36.14531657099724,74.01805692911148,1.650075868703425,20351.878295898438,0.0,32.0,0.0,1.0,0.7104761904761905,0.6671187616884708,0.6600594911724329,0.023530921258497983
double_centered_full_action_dqn,805,64,109.3805259168148,110.82255854389396,36.91589882969856,72.46462751924992,1.7151775574311614,21717.328311920166,0.0,32.0,0.0,1.0,0.7059523809523809,0.6025844886898994,0.5958442827686667,0.022467344417236745
double_centered_full_action_dqn,805,65,95.0897446155548,109.80954357257811,34.96356297284365,60.126181575655934,1.591669525951147,19785.187591552734,0.0,28.0,0.0,3.0,0.7014285714285715,0.5523055633530021,0.5458432007580996,0.021541217458434403
double_centered_full_action_dqn,805,66,108.39517280459404,109.43091559617548,33.51646940410137,74.87870313227177,1.6828180784359574,19964.467517852783,0.0,33.0,0.0,0.0,0.6969047619047619,0.6901341918855906,0.683708842843771,0.021417842712253332
double_centered_full_action_dqn,805,67,115.24152930974961,109.84208367793588,38.0883964151144,77.15313349068165,1.7514991592615843,22360.376419067383,0.0,32.0,0.0,1.0,0.6923809523809523,0.48280545976012945,0.4770999997854233,0.019018213963136077
double_centered_full_action_dqn,805,68,93.95625505000353,109.10095952293602,32.677505888044834,61.27874886393547,1.6263639302924275,19071.399406433105,0.0,28.0,0.0,1.0,0.687857142857143,0.560456058010459,0.5540979066863656,0.021193835709709674
double_centered_full_action_dqn,805,69,112.33639192581177,109.2893447308871,41.098491966724396,71.23789890110493,1.759409193880856,23453.53497695923,0.0,30.0,0.0,1.0,0.6833333333333333,0.5634178789332509,0.5568900732323527,0.02175936329877004
double_centered_full_action_dqn,805,70,108.4232124477625,109.3563627245906,37.42094396054745,71.00226875543595,1.757794194854796,22153.19306564331,0.0,29.0,0.0,1.0,0.6788095238095238,0.8133764900267124,0.806803110986948,0.02191127830883488
double_centered_full_action_dqn,805,71,103.40285164117813,108.94051928213564,38.62988017499447,64.77297180891037,1.6696591963991523,22183.410568237305,0.0,28.0,0.0,1.0,0.6742857142857144,0.63908710796386,0.6312763001769781,0.026036035851575434
double_centered_full_action_dqn,805,72,116.73231196403503,109.61430775842396,38.295096546411514,78.43721443414688,1.7262151539325714,22390.346836090088,0.0,33.0,0.0,0.0,0.6697619047619048,0.5817757314071059,0.5752316862344742,0.02181348518934101
double_centered_full_action_dqn,805,73,107.95886817574501,110.20228594071,37.020595505833626,70.9382728934288,1.7192072626203299,21991.123931884766,0.0,31.0,0.0,1.0,0.6652380952380952,0.5754604758694768,0.5685573853552341,0.02301028824876994
double_centered_full_action_dqn,805,74,112.06807955354452,109.85688395492431,39.87148807197809,72.1965918391943,1.6708518089726567,22443.13161087036,0.0,31.0,0.0,1.0,0.6607142857142857,0.6400618106126785,0.633358714170754,0.022343647899106145
double_centered_full_action_dqn,805,75,120.47685129344464,109.6810426256715,40.92902997136116,79.54782075583935,1.7998949214816093,23358.34939956665,0.0,34.0,0.0,3.0,0.6561904761904762,0.5757520906627178,0.5694156037643552,0.021121638477779925
double_centered_full_action_dqn,805,76,95.12040212154389,108.00574610056023,35.199623107910156,59.92077889442444,1.5849329885095358,19823.346656799316,0.0,26.0,0.0,1.0,0.6516666666666667,0.5615929393097758,0.5547531880438328,0.02279917465057224
double_centered_full_action_dqn,805,77,98.59973002970219,107.40656967507343,38.37067213654518,60.229057997465134,1.6995260417461395,22161.148918151855,0.0,26.0,0.0,0.0,0.6471428571428571,0.5601578243076801,0.5535297645255923,0.02209351578494534
double_centered_full_action_dqn,805,78,95.33490587770939,106.79218934522609,31.23642584681511,64.09847965836525,1.5545859038829803,18170.859783172607,0.0,29.0,0.0,0.0,0.6426190476190476,0.8454559817910194,0.8387567792087793,0.02233067259658128
double_centered_full_action_dqn,805,79,95.96792929023505,106.06488709391695,34.49248860031366,61.47544130086899,1.5743063809350133,19336.763778686523,0.0,28.0,0.0,1.0,0.6380952380952382,0.8264349931851029,0.8188926614820957,0.025141127756796777
double_centered_full_action_dqn,805,80,124.61605980247259,107.64401833200495,42.53089801222086,82.08516183495522,1.787085985764861,24453.035232543945,0.0,33.0,0.0,1.0,0.6335714285714286,0.6946346163749695,0.6879351194947958,0.02233164809877053
double_centered_full_action_dqn,805,81,104.31161862015725,107.0452789475922,38.747411757707596,65.56420650482178,1.7340134754776955,22149.476821899414,0.0,28.0,0.0,1.0,0.6290476190476191,0.6015587486326694,0.5955512505024672,0.020024970115628093
double_centered_full_action_dqn,805,82,98.32183027267456,106.29488221213224,34.65313456207514,63.668695852160454,1.6109409555792809,20048.402297973633,0.0,28.0,0.0,0.0,0.6245238095238095,0.6418447010219097,0.6359092565253377,0.019784809963312
double_centered_full_action_dqn,805,83,121.68468740582466,106.87094790592792,40.725066781044006,80.95962037146091,1.8009688202291727,23407.12766647339,0.0,34.0,0.0,0.0,0.62,0.5302294613793492,0.5238201608881354,0.021364342654123902
double_centered_full_action_dqn,805,84,99.27241458892823,106.36554233953356,35.01705086231232,64.25536387562752,1.6470089796930552,19735.108276367188,0.0,28.0,0.0,1.0,0.6154761904761905,0.6891397442668676,0.683265415020287,0.01958109362749383
double_centered_full_action_dqn,805,85,118.16899171471596,107.51950469449164,36.50450785458088,81.66448438167572,1.662349035963416,20829.11912918091,0.0,33.0,0.0,1.0,0.6109523809523809,0.7007221281528473,0.6946168867871165,0.020350798382423818
double_centered_full_action_dqn,805,86,95.27263693511486,106.86337790101766,35.57640555500984,59.696230977773666,1.6093961503356695,20140.727584838867,0.0,26.0,0.0,1.0,0.6064285714285714,0.9717048071324825,0.9645784851163626,0.023754397523589432
double_centered_full_action_dqn,805,87,119.75815715789795,107.0892092934251,38.30112475156784,81.45703210830689,1.7516190949827433,21573.599365234375,0.0,35.0,0.0,3.0,0.6019047619047619,0.9688600637018681,0.961624669842422,0.024117983819451183
double_centered_full_action_dqn,805,88,106.00013364851475,107.69140322335065,36.54434569180012,69.45578773319721,1.6691173613071442,20854.456512451172,0.0,31.0,0.0,0.0,0.5973809523809523,0.6432352336123586,0.6363979829475284,0.02279082394670695
double_centered_full_action_dqn,805,89,100.55814098715783,107.10249067641796,34.11401852965355,66.44412247240544,1.7491363873705268,21140.428283691406,0.0,28.0,0.0,1.0,0.592857142857143,0.7237374577671289,0.7169397342950106,0.02265909395646304
double_centered_full_action_dqn,805,90,89.22207138091326,106.1424336230755,30.184049479663372,59.038021424412726,1.6120337126776576,18346.437978744507,0.0,27.0,0.0,1.0,0.5883333333333334,0.6305177100002766,0.6240080744028091,0.02169878681888804
double_centered_full_action_dqn,805,91,119.44548480212688,106.94456528112293,41.118698075413704,78.32678711414337,1.7444076035171747,23188.12005996704,0.0,33.0,0.0,0.0,0.5838095238095238,0.6389613691717386,0.6330005284398794,0.019869466428644955
double_centered_full_action_dqn,805,92,112.42984610199929,106.72944198802115,40.23425307869911,72.19559268057347,1.7859352501109242,22909.647192001343,0.0,31.0,0.0,1.0,0.5792857142857144,0.5931054167449474,0.5873427065089345,0.019209023448638618
double_centered_full_action_dqn,805,93,107.66219452023506,106.71460830524566,37.672170117497444,69.99002508819103,1.6650779508054256,21365.829273223877,0.0,31.0,0.0,1.0,0.5747619047619048,0.8238320229575038,0.8166801808401942,0.02383944805478677
double_centered_full_action_dqn,805,94,108.03094455599785,106.51275155536833,38.14976117014885,69.88118356466293,1.660759055055678,21332.31232070923,0.0,29.0,0.0,1.0,0.5702380952380952,0.8504700995981693,0.8443457707762718,0.020414421800523996
double_centered_full_action_dqn,805,95,105.45250720530748,105.76153435096145,34.157537542283535,71.29497000575066,1.6705854404717684,20458.856801986694,0.0,31.0,0.0,1.0,0.5657142857142857,0.7330911308526993,0.7255874052643776,0.025012396275997162
double_centered_full_action_dqn,805,96,103.0925974920392,106.16014411948622,38.37421552091837,64.7183823287487,1.709108054637909,21891.259155273438,0.0,27.0,0.0,0.0,0.5611904761904762,0.6906850785017014,0.684006255120039,0.022262742626480758
double_centered_full_action_dqn,805,97,115.57625422775746,107.00897032938899,37.972693257033825,77.6035610228777,1.7514739613980055,22593.714723587036,0.0,34.0,0.0,1.0,0.5566666666666666,0.766224279999733,0.7584955301135778,0.02576251537539065
double_centered_full_action_dqn,805,98,99.11279618740082,107.19786484487354,36.13235307484865,62.98044340312481,1.6603827411308885,20424.017261505127,0.0,29.0,0.0,0.0,0.5521428571428572,0.8800979293882847,0.8730654362589121,0.02344165649265051
double_centered_full_action_dqn,805,99,106.20725856721401,107.7098313087225,36.669352009892464,69.53790682554245,1.7129077892750502,21179.28879928589,0.0,31.0,0.0,1.0,0.5476190476190477,0.8183191679418087,0.8109206017106771,0.024661866831593215
double_centered_full_action_dqn,805,100,99.13329357802868,106.43569299750031,37.5977750569582,61.535518476366995,1.6613043108955026,21188.170524597168,0.0,27.0,0.0,2.0,0.5430952380952381,0.6888767974451184,0.6827648282051086,0.020373201987240463
double_centered_full_action_dqn,805,101,110.99860038012267,106.77004208549859,42.356771253049374,68.64182942509652,1.7304204860702157,23797.54656982422,0.0,29.0,0.0,1.0,0.5385714285714286,0.8123926986008883,0.8058400396257639,0.021842180285602808
double_centered_full_action_dqn,805,102,94.37213976830245,106.57255756027999,34.54471115022898,59.82742900550365,1.6051342003047466,19783.950496673584,0.0,25.0,0.0,2.0,0.5340476190476191,0.8296564314514399,0.8223816193640232,0.024249398440588266
double_centered_full_action_dqn,805,103,111.50699250400066,106.06367281518878,40.65370964258909,70.85328271985054,1.7412139028310776,23041.032585144043,0.0,31.0,0.0,0.0,0.5295238095238095,0.7066243914887309,0.700283064506948,0.021137766365427524
double_centered_full_action_dqn,805,104,100.89817836880684,106.1449610041827,31.809035420417786,69.0891427397728,1.6069634882733226,18544.83197784424,0.0,29.0,0.0,1.0,0.525,0.7098889341577888,0.7033739453181624,0.021716592484153807
double_centered_full_action_dqn,805,105,94.37192012369633,104.95510742463173,32.08352852612734,62.28839164972305,1.598443022929132,18964.124935150146,0.0,27.0,0.0,0.0,0.5204761904761905,0.5909107904881239,0.5847726613283157,0.02046041243011132
double_centered_full_action_dqn,805,106,97.95383790880442,105.08916747331618,36.79295679181814,61.16088092327118,1.6284380024299026,20940.108585357666,0.0,28.0,0.0,0.0,0.5159523809523809,0.7665925398468971,0.7602220252156258,0.021235066349618137
double_centered_full_action_dqn,805,107,85.60879740417003,103.38169948562981,29.443915247917175,56.1648822158575,1.5203694496303797,17310.451206207275,0.0,24.0,0.0,3.0,0.5114285714285716,0.8078733291476965,0.8011703323572874,0.02234334679087624
double_centered_full_action_dqn,805,108,89.5359756961465,102.55849158801138,31.317432917654514,58.21854270398617,1.5608460418879986,17938.645057678223,0.0,26.0,0.0,2.0,0.506904761904762,0.616256888024509,0.6097121136263013,0.02181592397391796
double_centered_full_action_dqn,805,109,98.54035049080849,102.45760206319392,33.970702692866325,64.56964793205262,1.5820772303268313,19640.56411743164,0.0,28.0,0.0,1.0,0.5023809523809524,0.8738180864602327,0.8667907966300845,0.023424316779710352
double_centered_full_action_dqn,805,110,89.65383242070675,102.47919011518361,32.39286685734987,57.26096588373184,1.5262550478801131,18359.605236053467,0.0,25.0,0.0,0.0,0.4978571428571429,0.8984917625784874,0.8906766567379236,0.026050375192426145
double_centered_full_action_dqn,805,111,107.29644753932953,101.87173825204374,32.72476392239332,74.57168307304383,1.6057333536446095,18559.907665252686,0.0,32.0,0.0,2.0,0.4933333333333334,0.9627411179244518,0.956177182495594,0.02187976468121633
double_centered_full_action_dqn,805,112,98.88058359324933,101.19427512660624,36.012983068823814,62.86760043501854,1.5790244620293379,19829.193088531494,0.0,29.0,0.0,1.0,0.4888095238095238,0.7905928231775761,0.78297677077353,0.02538681449368596
double_centered_full_action_dqn,805,113,111.98936043977737,101.41063342258335,35.23801735788584,76.75134307444095,1.6569164721295238,19935.41774749756,0.0,33.0,0.0,3.0,0.4842857142857143,0.7963640345260501,0.7896548565477133,0.022363932279404253
double_centered_full_action_dqn,805,114,97.55012992173434,100.88659269087017,34.773980371654034,62.77614959478378,1.6391904819756746,19922.503631591797,0.0,27.0,0.0,2.0,0.4797619047619047,0.7052817400544882,0.698515810072422,0.02255308348685503
double_centered_full_action_dqn,805,115,103.82779957354069,100.80535730928185,35.06381770968437,68.76398172974586,1.639691250398755,20183.771827697754,0.0,29.0,0.0,1.0,0.47523809523809524,0.7079048343002796,0.7011407278478146,0.022546987049281597
double_centered_full_action_dqn,805,116,115.73608901500702,101.43753188543022,37.17844018340111,78.5576486825943,1.735154247842729,21102.192722320557,0.0,32.0,0.0,2.0,0.47071428571428575,0.8980327984318137,0.8913379991427064,0.02231599303195253
double_centered_full_action_dqn,805,117,99.50200194865465,100.63381927147509,34.38665438443422,65.11534754931927,1.6683915024623275,19922.80392074585,0.0,28.0,0.0,2.0,0.46619047619047627,0.897360379807651,0.8907582070678473,0.02200728259049356
double_centered_full_action_dqn,805,118,83.94621609300376,99.87549026675524,31.38332784920931,52.56288809478283,1.5419416530057788,17873.98669242859,0.0,24.0,0.0,2.0,0.46166666666666667,0.8101946450769901,0.803619253449142,0.021917952806688845
double_centered_full_action_dqn,805,119,101.15482124984264,99.62286840088667,34.818640395998955,66.33618106245994,1.626482754945755,19673.68014907837,0.0,28.0,0.0,2.0,0.4571428571428572,0.8603169117122889,0.8537986353039742,0.02172756171785295
double_centered_full_action_dqn,805,120,98.579778046906,99.59519262433054,34.719481371343136,63.860296660661696,1.6421183226630092,20265.67661857605,0.0,26.0,0.0,2.0,0.4526190476190477,0.7083679586648941,0.7019137591123581,0.021513998275622725
double_centered_full_action_dqn,805,121,93.41143750548363,98.71583448059859,32.5995225161314,60.81191518306732,1.588811531662941,18524.21314239502,0.0,27.0,0.0,2.0,0.4480952380952381,0.8570179454982281,0.8505505621433258,0.021557947853580117
double_centered_full_action_dqn,805,122,83.51843371242285,98.1731491778046,30.531099267303944,52.98733426630497,1.5292160287499428,17335.891119003296,0.0,26.0,0.0,0.0,0.4435714285714286,0.7133254809305072,0.707500146701932,0.019417723291553557
double_centered_full_action_dqn,805,123,104.21761880815029,97.80868049301209,37.65442305803299,66.56319579482079,1.6756394673138857,20987.27719116211,0.0,28.0,0.0,0.0,0.439047619047619,0.7794998316094279,0.7722272295504808,0.024241990759037435
double_centered_full_action_dqn,805,124,92.62315131127835,97.39492914013564,32.220227152109146,60.402923786640166,1.6241463962942362,18674.020748138428,0.0,27.0,0.0,1.0,0.43452380952380953,0.7650953326374292,0.7582175629213452,0.022925904486328363
double_centered_full_action_dqn,805,125,83.57138228714466,96.85490224830806,29.26257861405611,54.30880408287048,1.5274389926344156,16950.86224746704,0.0,24.0,0.0,3.0,0.43000000000000005,0.7771576941013336,0.7703219447284937,0.022785855806432664
double_centered_full_action_dqn,805,126,90.70467073619366,96.49244388967753,31.65473774075508,59.04993304014206,1.5703191859647632,17912.477893829346,0.0,26.0,0.0,2.0,0.42547619047619056,0.8273688098415732,0.8212583269923925,0.020368296594824642
double_centered_full_action_dqn,805,127,86.99874311685562,96.56194117531182,30.257877968251705,56.740865126252174,1.5094500463455915,16721.542121887207,0.0,27.0,0.0,0.0,0.42095238095238097,0.922454490326345,0.9164079213514924,0.020155199337750673
double_centered_full_action_dqn,805,128,107.76077637076378,97.47318120904268,34.94444978237152,72.81632725894451,1.7004922442138195,20380.64263534546,0.0,31.0,0.0,1.0,0.41642857142857137,0.8309637112542987,0.8250302951782942,0.01977805478964001
double_centered_full_action_dqn,805,129,108.92513072490692,97.99242022074759,37.562181904911995,71.36294850707054,1.698625580407679,21436.921211242676,0.0,30.0,0.0,1.0,0.4119047619047619,1.0147387152537704,1.0071701407432556,0.025228588783647865
double_centered_full_action_dqn,805,130,107.3759495407343,98.87852607674897,35.57868705689907,71.79726212620736,1.69749166816473,20032.42688369751,0.0,32.0,0.0,1.0,0.4073809523809524,0.8485897844657302,0.8420221917331219,0.021891974611207843
double_centered_full_action_dqn,805,131,93.4740749746561,98.1874074485153,32.624835819005966,60.84923893213272,1.5768320439383388,18652.30614089966,0.0,27.0,0.0,1.0,0.4028571428571429,0.8421220490708947,0.8347911322489381,0.02443636325187981
double_centered_full_action_dqn,805,132,108.43438477814198,98.66509750775995,37.376627683639526,71.05775704979897,1.7309830589219928,21353.79690170288,0.0,30.0,0.0,1.0,0.39833333333333343,0.9241338036954403,0.9167182827368379,0.024718421860598028
double_centered_full_action_dqn,805,133,101.0278737038374,98.11702317096294,37.9000138938427,63.12785927355289,1.6916673202067614,21585.057750701904,0.0,28.0,0.0,2.0,0.39380952380952383,0.7213772032409906,0.7142433505505323,0.023779470706358552
double_centered_full_action_dqn,805,134,101.40026833117008,98.30953009143472,34.610521107912064,66.7897464632988,1.6808779127895832,19973.087078094482,0.0,29.0,0.0,1.0,0.38928571428571423,0.6528627900406718,0.6463456023484468,0.021723958547227085
double_centered_full_action_dqn,805,135,82.88673161864281,97.26247669368983,29.229012586176395,53.657718577980994,1.4912629630416632,16720.732215881348,0.0,25.0,0.0,1.0,0.38476190476190475,0.9086991082876921,0.9018071219325066,0.022973255021497607
double_centered_full_action_dqn,805,136,83.08059584498406,95.62970203518869,31.14347542822361,51.937120059132575,1.5534298466518521,17997.3020362854,0.0,24.0,0.0,2.0,0.38023809523809526,0.9527471605688334,0.9453768115490675,0.024567816697526723
double_centered_full_action_dqn,805,137,109.94429499059916,96.15181668728592,35.16793102771044,74.77636433541775,1.7158277574926615,21022.436897277832,0.0,32.0,0.0,2.0,0.3757142857142858,0.8783714808523655,0.8704230803996325,0.026494698249734938
double_centered_full_action_dqn,805,138,90.50321371108294,96.47966656818987,33.22471872717142,57.278495371341705,1.5944300973787904,19194.42512512207,0.0,26.0,0.0,1.0,0.3711904761904763,0.9808948943391442,0.9748438932001591,0.020169982162769884
double_centered_full_action_dqn,805,139,108.98332408368587,96.87109170988204,36.26664154231548,72.71668289899826,1.6694221217185259,20482.31669998169,0.0,31.0,0.0,2.0,0.3666666666666667,0.7964213127270341,0.789954487234354,0.02155606827000156
double_centered_full_action_dqn,805,140,91.73628788590432,96.52891720183194,33.17100778222084,58.56528008878231,1.577379328198731,18903.42572402954,0.0,27.0,0.0,1.0,0.3621428571428572,0.786281899549067,0.7804768700152636,0.01935010263696313
double_centered_full_action_dqn,805,141,98.19676250219345,96.76818345166743,33.13593329489231,65.06082908809185,1.6358689535409212,19031.838619232178,0.0,30.0,0.0,1.0,0.3576190476190476,0.9257712988182902,0.9191094394773245,0.022206249996088445
double_centered_full_action_dqn,805,142,101.8637211471796,97.68544782340527,33.78219427913427,68.0815258026123,1.6170138120651245,19464.166664123535,0.0,31.0,0.0,0.0,0.35309523809523813,1.049082050099969,1.0429758317768574,0.020354066626168787
double_centered_full_action_dqn,805,143,100.19278373718262,97.4842060698569,34.22868037968874,65.96410352885724,1.635819693095982,19675.27939224243,0.0,29.0,0.0,2.0,0.34857142857142864,0.7326999166980386,0.7257363358512521,0.023211945488583297
double_centered_full_action_dqn,805,144,84.79488741606474,97.09279287509621,30.459915466606617,54.33497171103954,1.5637923665344715,17720.314254760742,0.0,26.0,0.0,1.0,0.34404761904761905,0.7600971981883049,0.7525713117793202,0.02508628845680505
double_centered_full_action_dqn,805,145,72.16190620660782,96.52231907106936,29.858833134174347,42.303072893619536,1.4924099678173661,16746.862119674683,0.0,21.0,0.0,2.0,0.33952380952380956,0.8482581824064255,0.8424670472741127,0.019303815148305148
double_centered_full_action_dqn,805,146,87.10077420771123,96.34212424464525,32.987608306109905,54.11316635608673,1.5861621024087071,18833.304012298584,0.0,26.0,0.0,2.0,0.3350000000000001,0.8333302028477192,0.8260964602231979,0.024112491926643997
double_centered_full_action_dqn,805,147,86.34122142344714,96.30924815997483,32.96022782474756,53.380994299054144,1.5634921481832862,18783.009532928467,0.0,24.0,0.0,2.0,0.3304761904761905,0.9268216667696834,0.9189831037074327,0.026128564728423953
double_centered_full_action_dqn,805,148,86.2332237303257,95.23287052795293,30.638580486178398,55.59464296102524,1.5062224995344877,17499.908332824707,0.0,25.0,0.0,1.0,0.325952380952381,0.9046026337891817,0.8981156665831804,0.021623229724355042
double_centered_full_action_dqn,805,149,84.35341130197048,94.0042845568061,31.16010480374098,53.19330635666847,1.5611823685467243,17848.88959503174,0.0,25.0,0.0,0.0,0.3214285714285714,0.8576060682535172,0.8506742268800735,0.02310615428723395
double_centered_full_action_dqn,805,150,80.58513300865889,92.66474373020233,31.27526830881834,49.30986484885216,1.5201797308400273,18030.31565093994,0.0,23.0,0.0,0.0,0.3169047619047619,0.7691678311675787,0.7621497195214033,0.02339370670961216
double_centered_full_action_dqn,805,151,94.48058281242848,92.71506912209095,32.48757616430521,61.9930055975914,1.5911693517118692,18651.92248916626,0.0,28.0,0.0,2.0,0.3123809523809524,1.1227322798222303,1.1160799786448479,0.022174333746079355
double_centered_full_action_dqn,805,152,95.46168167889118,92.0664339671284,32.865192390978336,62.596489995718,1.5759535850957036,18475.097175598145,0.0,27.0,0.0,1.0,0.30785714285714294,1.1213836688548326,1.1149501539766788,0.021445051359478384
double_centered_full_action_dqn,805,153,93.52178230285645,91.69112939707937,32.32607351243496,61.19570846259594,1.6097720954567194,18759.120113372803,0.0,27.0,0.0,1.0,0.30333333333333345,0.8233864400535822,0.8177124401554465,0.018913333828095347
double_centered_full_action_dqn,805,154,77.53959409892559,90.49809568546713,27.030129328370094,50.509464383125305,1.4722380489110947,15680.164352416992,0.0,24.0,0.0,0.0,0.29880952380952375,0.8646548669785261,0.8585979454219341,0.02018973877420649
double_centered_full_action_dqn,805,155,99.3714721351862,91.32233271129431,34.4464291408658,64.92504258453846,1.6594347022473812,19490.159029006958,0.0,29.0,0.0,1.0,0.29428571428571426,0.6957366727292538,0.6889631524682045,0.022578398522455245
double_centered_full_action_dqn,805,156,86.1033009082079,91.4734679644555,32.13961327821016,53.96368787586689,1.5511016929522157,17870.790840148926,0.0,25.0,0.0,2.0,0.2897619047619048,1.1247151158750057,1.1179699301719666,0.022483948385342956
double_centered_full_action_dqn,805,157,94.64563618004323,90.7085350239277,30.86040063202381,63.785235652327536,1.5790554583072662,17881.18679046631,0.0,28.0,0.0,2.0,0.2852380952380953,1.0380869675427675,1.0308897271752357,0.023990831803530455
double_centered_full_action_dqn,805,158,92.09085784852505,90.7879172307998,33.03108023107052,59.059777304530144,1.5751748597249389,18914.560878753662,0.0,27.0,0.0,0.0,0.2807142857142858,0.9207046441733837,0.9136623442173004,0.023474324261769652
double_centered_full_action_dqn,805,159,96.69094379246235,90.17329821623863,30.63753215968609,66.05341148376465,1.578462383709848,17596.768230438232,0.0,31.0,0.0,0.0,0.2761904761904763,0.8504354180768132,0.8440381204709411,0.021324318135157228
double_centered_full_action_dqn,805,160,99.28041134178639,90.55050438903274,32.955674931406975,66.32473582923413,1.5929314019158483,18597.901195526123,0.0,30.0,0.0,3.0,0.2716666666666666,0.8969910051673651,0.891128595918417,0.019541378249414265
double_centered_full_action_dqn,805,161,96.66712844371796,90.47402268610895,34.052681028842926,62.614447504282,1.6528130006045103,19615.12966156006,0.0,28.0,0.0,0.0,0.2671428571428571,0.8805124741047621,0.8744639810174704,0.020161637687124312
double_centered_full_action_dqn,805,162,106.2385038971901,90.69276182360947,33.35066485404968,72.88783919215203,1.6776214148849249,19640.60599899292,0.0,30.0,0.0,2.0,0.26261904761904764,1.1965868538245559,1.1898103235289454,0.02258840762078762
double_centered_full_action_dqn,805,163,90.6355037033558,90.21489782191814,31.995010189712048,58.64049334228039,1.608184085227549,18856.264781951904,0.0,26.0,0.0,2.0,0.25809523809523816,0.962321886792779,0.9558134041726589,0.021694928174838424
double_centered_full_action_dqn,805,164,93.38296329379082,90.64430161580445,34.11420051753521,59.26876304447651,1.6275619361549616,19573.313388824463,0.0,28.0,0.0,3.0,0.25357142857142867,1.1100808624178171,1.10432203207165,0.019196054665371776
double_centered_full_action_dqn,805,165,96.47831001281739,91.86012180611493,32.87424602359533,63.604063951969145,1.6355069326236844,19312.869165420532,0.0,29.0,0.0,1.0,0.24904761904761907,1.0461904304102063,1.0402092207223177,0.01993736537406221
double_centered_full_action_dqn,805,166,80.65477630496025,91.53782191097739,29.996613517403603,50.65816268324852,1.5038225455209613,17141.03031539917,0.0,25.0,0.0,0.0,0.2445238095238096,0.7723699789494276,0.7665165215730667,0.01951156061841175
double_centered_full_action_dqn,805,167,84.38616351783276,91.44006901569665,30.796601839363575,53.58956238627434,1.5240245508030057,17187.020111083984,0.0,26.0,0.0,1.0,0.24,0.9120939709246159,0.9052375080063939,0.022854896786157042
double_centered_full_action_dqn,805,168,102.23020842671394,92.23991825051607,35.42176987230778,66.80843901634216,1.6820390056818724,20384.82211303711,0.0,28.0,0.0,2.0,0.2354761904761905,1.0080886110663414,1.0021545104682446,0.01978034118656069
double_centered_full_action_dqn,805,169,104.66729218661786,93.25561229474843,35.30806991457939,69.3592223763466,1.594045415520668,19824.20422744751,0.0,32.0,0.0,2.0,0.23095238095238102,1.0082798041403294,1.0016593486070633,0.02206818840932101
double_centered_full_action_dqn,805,170,89.81672264933586,93.71719177678227,32.62545855343342,57.1912641108036,1.571718268096447,18306.67116546631,0.0,26.0,0.0,3.0,0.22642857142857142,0.7090594563633204,0.7032963503152132,0.019210349826607853
double_centered_full_action_dqn,805,171,97.94469634443521,93.89039745338262,35.83092872053385,62.113767206668854,1.6222283188253641,20104.14608001709,0.0,27.0,0.0,0.0,0.22190476190476194,1.0386995449662209,1.0315196216106415,0.023933077114634216
double_centered_full_action_dqn,805,172,90.17428502440453,93.62602762065828,31.147603325545788,59.02668118476868,1.5796913150697947,18233.304496765137,0.0,26.0,0.0,0.0,0.21738095238095245,1.0536855049431324,1.0468891337513924,0.022654586238786578
double_centered_full_action_dqn,805,173,86.30249079465867,93.2650630452484,31.05602592229843,55.24646488726139,1.5403751516714692,17422.95916748047,0.0,25.0,0.0,4.0,0.21285714285714286,1.1936987079679966,1.1863901279866695,0.02436192537425086
double_centered_full_action_dqn,805,174,81.18527597784995,93.4473471391946,28.76322877407074,52.422047606110574,1.501700616441667,16627.612098693848,0.0,23.0,0.0,4.0,0.20833333333333337,1.1674848180264235,1.160642147064209,0.022808844514656812
double_centered_full_action_dqn,805,175,79.63731177896261,92.46063912138342,27.274017721414566,52.36329399049282,1.5267898282036185,15876.988857269287,0.0,25.0,0.0,1.0,0.20380952380952377,1.1097175516188145,1.104115916416049,0.018672123493161052
double_centered_full_action_dqn,805,176,67.33125995844603,91.52203707389535,26.755117990076542,40.57614204287529,1.4352683806791902,15115.450592041016,0.0,20.0,0.0,0.0,0.1992857142857143,1.0161801865324378,1.010024000890553,0.020520595950074494
double_centered_full_action_dqn,805,177,68.08586641699075,90.1940485857427,27.136720694601536,40.94914545416832,1.446274695917964,15587.369575500488,0.0,18.0,0.0,2.0,0.1947619047619048,0.7695109248161316,0.7631805641576648,0.021101185586303473
double_centered_full_action_dqn,805,178,84.9213549643755,89.83557344153523,29.913606330752373,55.007748410105705,1.5241938829421997,17403.133129119873,0.0,28.0,0.0,0.0,0.19023809523809532,0.9972534412518144,0.9910430135205388,0.020701470493804663
double_centered_full_action_dqn,805,179,101.6825457662344,90.08515354022384,34.73737935721874,66.9451664686203,1.7261306354776025,20899.323139190674,0.0,29.0,0.0,0.0,0.18571428571428583,0.879969802685082,0.8730936804786325,0.022920393384993076
double_centered_full_action_dqn,805,180,82.44458006322384,89.24336197629572,29.08283331990242,53.36174634099007,1.5418636295944452,16979.791233062744,0.0,24.0,0.0,0.0,0.18119047619047624,1.0407321397215128,1.033900773152709,0.022771217161789536
double_centered_full_action_dqn,805,181,74.8645926207304,88.15323518514633,28.846649788320065,46.017943078279494,1.488338983617723,16521.312774658203,0.0,21.0,0.0,1.0,0.17666666666666664,1.1014107391238213,1.0949252434074879,0.021618327766191214
double_centered_full_action_dqn,805,182,86.66185981035233,87.17440298080444,31.05005667358637,55.61180339753628,1.5318550039082766,17728.206909179688,0.0,26.0,0.0,0.0,0.17214285714285715,0.9136460265144706,0.9072826700285077,0.02121120091760531
double_centered_full_action_dqn,805,183,84.41794065386057,86.8635248283297,29.74355374276638,54.67438714206219,1.517727930098772,17053.28198814392,0.0,24.0,0.0,1.0,0.16761904761904767,1.0350562520325184,1.0288616996258497,0.02064853277988732
double_centered_full_action_dqn,805,184,92.21156937628984,86.80495513245464,32.04688937962055,60.16468006372452,1.558645368553698,17956.551609039307,0.0,28.0,0.0,0.0,0.16309523809523818,1.1362810656428337,1.1284505166113377,0.026101860566996038
double_centered_full_action_dqn,805,185,65.09238206148147,85.23565873488783,25.084682680666447,40.00769929885864,1.400119686499238,14123.144149780273,0.0,21.0,0.0,3.0,0.1585714285714287,0.8442953117191792,0.8381307944655418,0.020548366126604378
double_centered_full_action_dqn,805,186,99.0481288433075,86.15532636180521,32.58910643309355,66.45902310311794,1.5898882243782282,18469.799419403076,0.0,30.0,0.0,3.0,0.1540476190476191,1.0694354176521301,1.0634685829281807,0.019889439921826124
double_centered_full_action_dqn,805,187,96.43303447514772,86.75766990967095,31.155555970966816,65.27747829556465,1.5452724657952785,17532.710287094116,0.0,28.0,0.0,2.0,0.1495238095238095,1.1162233985960484,1.110531959682703,0.018971488054376096
double_centered_full_action_dqn,805,188,98.88592046499252,86.59045551158488,32.041048891842365,66.84487184882164,1.6215665647760034,18355.256713867188,0.0,28.0,0.0,0.0,0.14500000000000002,0.9620886407792568,0.9557949304580688,0.02097902400419116
double_centered_full_action_dqn,805,189,88.19244374334812,85.7667130894214,30.404156625270844,57.78828704357147,1.5339688388630748,17622.808883666992,0.0,26.0,0.0,0.0,0.14047619047619053,0.982444966211915,0.9754677806049585,0.02325725823175162
double_centered_full_action_dqn,805,190,73.91795884370804,84.97177489914,27.80011059343815,46.11784836947918,1.4936736412346363,15841.07703590393,0.0,21.0,0.0,2.0,0.13595238095238105,1.1351330932229757,1.1285475753247738,0.021951722679659724
double_centered_full_action_dqn,805,191,82.72874276340008,84.21097722008825,29.886145524680614,52.84259793162346,1.4643092779442668,16139.447986602783,0.0,26.0,0.0,1.0,0.13142857142857145,1.1387022342532873,1.1316254269331694,0.02358941233251244
double_centered_full_action_dqn,805,192,81.62491276860237,83.78350860729815,32.67547523975372,48.94943733513355,1.5066920993849635,17705.173191070557,0.0,22.0,0.0,0.0,0.12690476190476196,1.0145259872078896,1.0073223374783993,0.02401216805446893
double_centered_full_action_dqn,805,193,77.84002044051886,83.36038508959115,28.794231243431568,49.04578936100006,1.5405540140345693,16477.981037139893,0.0,25.0,0.0,0.0,0.12238095238095237,1.0118378028273582,1.0051834462210536,0.022181186417583376
double_centered_full_action_dqn,805,194,90.94259265065193,83.84825092323123,30.126827001571655,60.81576557457447,1.500544455833733,16899.162326812744,0.0,28.0,0.0,1.0,0.11785714285714288,0.8968718033283949,0.8905092272907495,0.021208584192208946
double_centered_full_action_dqn,805,195,90.14210142195225,84.37349040538074,30.575982242822647,59.56611946225166,1.5651934491470456,17404.003437042236,0.0,27.0,0.0,2.0,0.1133333333333334,1.2486500889062881,1.2417341098189354,0.02305329032242298
double_centered_full_action_dqn,805,196,88.87910092771054,85.45088245384396,30.11831707507372,58.76078369617462,1.561234850436449,17179.550506591797,0.0,25.0,0.0,2.0,0.1088095238095238,1.0186603385955095,1.011396124958992,0.024214035365730524
double_centered_full_action_dqn,805,197,86.21256582736969,86.35721742436291,31.952341318130493,54.26022510528564,1.5305684702470899,17749.831031799316,0.0,25.0,0.0,5.0,0.10428571428571431,1.2422406123951077,1.2368901297450066,0.017834953090641648
double_centered_full_action_dqn,805,198,90.82885031402111,86.65259219184517,31.676028415560722,59.152821362018585,1.5750371450558305,18132.854469299316,0.0,27.0,0.0,0.0,0.09976190476190483,1.149104606360197,1.1426655016839504,0.021463706390932202
double_centered_full_action_dqn,805,199,71.58023782074451,85.1474767945707,26.74525288492441,44.83498564362526,1.4254408814013004,15370.70032119751,0.0,20.0,0.0,0.0,0.09523809523809534,1.0590501632541418,1.0530112348496914,0.020129735581576824
double_centered_full_action_dqn,805,200,86.72031904757023,85.361263743788,30.179013185203075,56.54130578041077,1.5611183419823647,17374.059860229492,0.0,25.0,0.0,1.0,0.09071428571428575,0.7164265979081392,0.7096697613596916,0.022522782441228628
double_centered_full_action_dqn,805,201,85.55406281501055,85.895737253502,30.062464825809002,55.491597765684126,1.5047544445842505,17057.076099395752,0.0,25.0,0.0,1.0,0.08619047619047626,1.1714807143434882,1.1653050212189555,0.020585627818945795
double_centered_full_action_dqn,805,202,93.6833176329732,86.24681014463306,29.3725878149271,64.31072943806649,1.5510689299553633,16871.020923614502,0.0,30.0,0.0,2.0,0.08166666666666667,1.144580497406423,1.1385408341884613,0.02013226581038907
double_centered_full_action_dqn,805,203,83.80445351451635,86.21613578766585,29.126809678971767,54.67764386534691,1.4893921362236142,16430.930015563965,0.0,25.0,0.0,1.0,0.07714285714285718,0.8285069987177849,0.8216608613729477,0.022820430051069707
double_centered_full_action_dqn,805,204,74.46499066054821,85.32880685187877,27.689008608460426,46.77598203718662,1.461111143231392,15594.38009262085,0.0,23.0,0.0,0.0,0.0726190476190477,0.8800411932170391,0.8736383998766541,0.021342665888369083
double_centered_full_action_dqn,805,205,59.836950497329234,85.06603527367116,25.37336651235819,34.46358364224434,1.3703732891008258,14291.863613128662,0.0,18.0,0.0,1.0,0.06809523809523821,1.131257620640099,1.12551792524755,0.01913234416861087
double_centered_full_action_dqn,805,206,81.79916788041592,84.20358722552658,28.002394154667854,53.796773919463156,1.4897468285635114,16020.325729370117,0.0,25.0,0.0,2.0,0.06357142857142861,0.8077365821227431,0.8012978173792362,0.021462569886352867
double_centered_full_action_dqn,805,207,81.0686902999878,83.43537001676859,29.948253363370895,51.12043654918671,1.5051906751468778,16776.122234344482,0.0,25.0,0.0,2.0,0.059047619047619015,1.0297995246946812,1.023768786340952,0.020102441543713212
double_centered_full_action_dqn,805,208,78.7350602388382,82.42782700546088,27.67444349080324,51.06061717271805,1.4613216882571578,15355.906345367432,0.0,25.0,0.0,1.0,0.05452380952380953,1.0320346895605326,1.025962570682168,0.020240443293005228
double_centered_full_action_dqn,805,209,75.57160656452179,81.79678514651955,28.09188324213028,47.47972323298454,1.471308614127338,15670.640769958496,0.0,21.0,0.0,2.0,0.050000000000000044,1.1168015077710152,1.109818859025836,0.023275473504327238
double_centered_full_action_dqn,805,210,98.81440416872502,83.04160741277039,31.6403516381979,67.17405306696892,1.6295118415728211,18279.75608444214,0.0,29.0,0.0,2.0,0.050000000000000044,1.01284275110811,1.006957090459764,0.019618892634753138
double_centered_full_action_dqn,805,211,77.09600061923265,82.75997030556202,29.73939896374941,47.35660134255886,1.5548051185905933,17119.7678565979,0.0,22.0,0.0,0.0,0.050000000000000044,1.2105691898614168,1.2038396801799536,0.022431676392443478
double_centered_full_action_dqn,805,212,82.89512000530958,82.82348066739738,28.333304665982723,54.561815696954724,1.4600698156282306,15542.723789215088,0.0,25.0,0.0,3.0,0.050000000000000044,1.1064014602452517,1.0996657190844417,0.02245251153362915
double_centered_full_action_dqn,805,213,82.1364743500948,83.03830336287618,28.899926349520683,53.23654820919037,1.512204458937049,16414.751569747925,0.0,25.0,0.0,3.0,0.050000000000000044,1.0975078288465738,1.091067647561431,0.021467242971993983
double_centered_full_action_dqn,805,214,65.50104101747274,81.76622578121723,26.34742707759142,39.15361338853836,1.377139232121408,13972.183767318726,0.0,20.0,0.0,0.0,0.050000000000000044,1.0477470941841602,1.0420168079435825,0.019100974313914776
double_centered_full_action_dqn,805,215,93.60131792724133,81.93918660648168,32.033806040883064,61.56751149892807,1.584434013813734,18054.16834640503,0.0,28.0,0.0,0.0,0.050000000000000044,1.17368801869452,1.1671042740345001,0.021945820772089064
double_centered_full_action_dqn,805,216,76.62023662030697,81.32624339111149,27.61173488199711,49.00850182771683,1.448660148307681,15803.001602172852,0.0,23.0,0.0,0.0,0.050000000000000044,1.2474928162992,1.240761999040842,0.02243611845187843
double_centered_full_action_dqn,805,217,55.13093431442976,79.7721618154645,24.767598636448383,30.36333512663841,1.3628034451976418,13815.304733276367,0.0,18.0,0.0,3.0,0.050000000000000044,1.1192280082032084,1.1131775807589293,0.020168114511761814
double_centered_full_action_dqn,805,218,83.82108847796917,79.42177372366191,29.003192335367203,54.81789594888687,1.4927212558686733,16200.61570930481,0.0,25.0,0.0,0.0,0.050000000000000044,1.221878508105874,1.2154512573033571,0.02142421610187739
double_centered_full_action_dqn,805,219,67.66113356649876,79.22581851094962,26.8671852722764,40.79394901692867,1.4281986905261874,15148.583738327026,0.0,21.0,0.0,1.0,0.050000000000000044,0.9747881842777133,0.9685850366950035,0.020677190856076777
double_centered_full_action_dqn,805,220,77.80548737943172,78.7800769275427,28.569344967603683,49.236142352223396,1.4890098180621862,16121.694324493408,0.0,25.0,0.0,2.0,0.050000000000000044,1.0997282266616821,1.093300323933363,0.02142633293988183
double_centered_full_action_dqn,805,221,86.96343280673027,78.85054542712868,29.896503753960133,57.06692920923233,1.5393386660143733,16779.209299087524,0.0,26.0,0.0,3.0,0.050000000000000044,1.0486295903101563,1.0421666093170643,0.021543328592088073
double_centered_full_action_dqn,805,222,75.87404067218304,77.96008157908918,27.083037063479424,48.79100371301174,1.4459023624658585,15556.78442955017,0.0,24.0,0.0,1.0,0.050000000000000044,0.8692965563386679,0.8633396541699767,0.019856286875437945
double_centered_full_action_dqn,805,223,74.97787015140057,77.51875241093339,27.315555684268475,47.66231390833855,1.44782548956573,15268.758457183838,0.0,22.0,0.0,0.0,0.050000000000000044,1.0907982857897878,1.084460916928947,0.02112457010662183
double_centered_full_action_dqn,805,224,84.83317202329636,78.03716147907079,29.459576219320297,55.373595759272575,1.5172882601618767,16587.08350753784,0.0,27.0,0.0,0.0,0.050000000000000044,1.1419142112135887,1.136290617287159,0.01874530699569732
double_centered_full_action_dqn,805,225,93.24416026473045,79.70752196744084,31.645269744098186,61.59889030456543,1.556652618572116,17963.582935333252,0.0,28.0,0.0,0.0,0.050000000000000044,0.9473452791571617,0.9408493600785732,0.021653054980561137
double_centered_full_action_dqn,805,226,83.94648778438568,79.81488796263935,29.534202724695206,54.41228534281254,1.5189384426921606,16976.32982635498,0.0,25.0,0.0,1.0,0.050000000000000044,1.2450637426227331,1.2394313625991344,0.018774556927382946
double_centered_full_action_dqn,805,227,78.41550011336804,79.68222845330835,28.580990962684155,49.834508979320525,1.5002962900325656,16334.825574874878,0.0,24.0,0.0,1.0,0.050000000000000044,1.1033001318573952,1.0979763083159924,0.017746075987815857
double_centered_full_action_dqn,805,228,87.8040139451623,80.13567613862456,30.55736894160509,57.24664452672005,1.5485552102327347,17412.474884033203,0.0,25.0,0.0,2.0,0.050000000000000044,1.084952425211668,1.0787235423922539,0.020762967062182724
double_centered_full_action_dqn,805,229,90.93918138742447,80.90405487976969,30.467661909759045,60.4715196788311,1.5690572429448366,17545.928077697754,0.0,29.0,0.0,1.0,0.050000000000000044,1.0921414233744144,1.0856005176901817,0.021803056122735143
double_centered_full_action_dqn,805,230,85.04581352472306,80.2156253475696,31.480740919709206,53.56507287323475,1.5470043122768402,17952.81581878662,0.0,23.0,0.0,1.0,0.050000000000000044,1.173158586025238,1.1670315824449062,0.02042333805002272
double_centered_full_action_dqn,805,231,89.13445016741753,80.81754782497883,29.722026750445366,59.412423476576805,1.4978221766650677,16443.814708709717,0.0,28.0,0.0,0.0,0.050000000000000044,1.0744096338748932,1.0683685401454568,0.02013692818582058
double_centered_full_action_dqn,805,232,82.13140499591827,80.77936207450928,28.944326385855675,53.18707877397537,1.498837759718299,16169.90731048584,0.0,26.0,0.0,0.0,0.050000000000000044,1.4569646641612053,1.4508996531367302,0.020216699631419033
double_centered_full_action_dqn,805,233,81.37992476075888,80.74153459504248,28.22422782331705,53.15569687783718,1.4648952214047313,15797.797004699707,0.0,24.0,0.0,2.0,0.050000000000000044,1.1409369399771094,1.1344617772847414,0.021583926340099424
double_centered_full_action_dqn,805,234,83.75771649181843,81.65436836875976,31.42719044536352,52.33052618801594,1.5021870089694858,17330.85259437561,0.0,25.0,0.0,0.0,0.050000000000000044,1.1972286496311426,1.1907107178121805,0.021726469276472926
double_centered_full_action_dqn,805,235,79.52795393764973,80.95070016928018,29.066770419478416,50.461183577775955,1.486921213567257,16212.879409790039,0.0,23.0,0.0,0.0,0.050000000000000044,1.2087048683315516,1.2026571072638035,0.020159229054115713
double_centered_full_action_dqn,805,236,72.890299962461,80.7642033363879,27.238239593803883,45.652060294151305,1.42543760035187,14972.267311096191,0.0,22.0,0.0,1.0,0.050000000000000044,1.031766438856721,1.0261853262782097,0.01860374491661787
double_centered_full_action_dqn,805,237,83.03048684597016,82.15918096296491,29.620504431426525,53.40998269021511,1.5348758772015572,16846.933624267578,0.0,27.0,0.0,2.0,0.050000000000000044,1.1399408094584942,1.1339896507561207,0.019837205414660275
double_centered_full_action_dqn,805,238,88.2052453905344,82.37838880859317,31.513339266180992,56.69190561771393,1.5393054941669106,17407.052059173584,0.0,25.0,0.0,2.0,0.050000000000000044,0.6542797675356269,0.6489532738924026,0.017754970001988113
double_centered_full_action_dqn,805,239,81.13682442903519,83.05217335171999,27.59103211760521,53.54579268395901,1.4889795947819948,15777.152645111084,0.0,27.0,0.0,0.0,0.050000000000000044,1.133052366785705,1.1268543545156717,0.020660002483054996
double_centered_full_action_dqn,805,240,61.2718104839325,82.22548950694502,26.277484863996506,34.99432584345341,1.4040828123688698,14854.372192382812,0.0,19.0,0.0,3.0,0.050000000000000044,1.0563984774053097,1.04965596832335,0.02247503341641277
double_centered_full_action_dqn,805,241,79.52340842932463,81.85348828807474,28.141246177256107,51.38216280341148,1.4961602045223117,15803.15032196045,0.0,24.0,0.0,2.0,0.050000000000000044,1.0466598961502314,1.0408617490902543,0.019327109679579735
double_centered_full_action_dqn,805,242,98.84875652343035,83.0022240806371,31.59570787101984,67.2530485033989,1.5801713736727834,17886.777584075928,0.0,30.0,0.0,2.0,0.050000000000000044,0.9794953651726246,0.9736646870151162,0.01943556370679289
double_centered_full_action_dqn,805,243,74.65456156432629,82.9860586512834,27.58704336732626,47.067518785595894,1.4538799971342087,15733.39686203003,0.0,22.0,0.0,0.0,0.050000000000000044,1.0076715983450413,1.001160399056971,0.0217039916315116
double_centered_full_action_dqn,805,244,94.25639627277852,83.4572198637575,29.617524445056915,64.63887145519257,1.5091985343024135,16687.402313232422,0.0,29.0,0.0,2.0,0.050000000000000044,0.8032074701040983,0.7963647358119488,0.0228091127355583
double_centered_full_action_dqn,805,245,77.30727856010199,82.66037577852607,28.947620786726475,48.359657356142996,1.479431808926165,16207.217643737793,0.0,22.0,0.0,1.0,0.050000000000000044,0.9768932815641165,0.9708202220499516,0.020243554143235087
double_centered_full_action_dqn,805,246,91.64859116375446,83.04548094749451,31.179339915513992,60.4692511588335,1.5679178265854716,17792.143592834473,0.0,27.0,0.0,4.0,0.050000000000000044,0.9125838130712509,0.9067471129819751,0.01945564482593909
double_centered_full_action_dqn,805,247,84.9249881207943,83.37095534786582,31.036598302423954,53.88838955760002,1.5567110972478986,17678.643056869507,0.0,25.0,0.0,0.0,0.050000000000000044,0.8817400364205241,0.8749357908964157,0.02268081804504618
double_centered_full_action_dqn,805,248,82.74456597417593,83.1179829493165,30.25308682769537,52.49147904217243,1.5171896070241928,16862.751293182373,0.0,24.0,0.0,3.0,0.050000000000000044,1.1437135078012943,1.1377943009138107,0.019730708561837673
double_centered_full_action_dqn,805,249,84.67092800140381,82.80457028001547,29.38984824717045,55.281079813838005,1.5306402100250125,16684.973320007324,0.0,28.0,0.0,0.0,0.050000000000000044,1.0429900893941522,1.0373144373297691,0.018918822170235217
double_centered_full_action_dqn,805,250,72.87608440369368,82.19608382396402,28.355315931141376,44.52076821923256,1.497602648101747,16548.907180786133,0.0,20.0,0.0,1.0,0.050000000000000044,1.2762482110410929,1.2696480210870504,0.022000696568284184
double_centered_full_action_dqn,805,251,93.86509141474963,82.43261588633062,31.89344534277916,61.97164634764194,1.5896349912509322,18118.607391357422,0.0,28.0,0.0,2.0,0.050000000000000044,0.9513163883239031,0.9458588398993015,0.01819180528400466
double_centered_full_action_dqn,805,252,90.50323770195246,82.85120752163232,31.138670437037945,59.364567175507545,1.5935325920581818,18081.718406677246,0.0,28.0,0.0,0.0,0.050000000000000044,1.493279755115509,1.487247709184885,0.02010678150691092
double_centered_full_action_dqn,805,253,83.56205912977457,82.96031424008311,29.53556575626135,54.02649380564689,1.5188000202178955,16811.439575195312,0.0,24.0,0.0,4.0,0.050000000000000044,1.2864970918744802,1.2796253180131316,0.022905903693754226
double_centered_full_action_dqn,805,254,66.22384309917689,82.08362057045103,27.588838659226894,38.635004410147666,1.43352269846946,15272.397403717041,0.0,20.0,0.0,1.0,0.050000000000000044,1.0764936385676265,1.0687953513115644,0.025660955405328423
double_centered_full_action_dqn,805,255,87.99856350123882,82.50715104863048,30.19958470761776,57.79897840619087,1.5436734026297927,17196.482109069824,0.0,25.0,0.0,4.0,0.050000000000000044,0.9095674771815538,0.9034319780766964,0.020451662363484502
double_centered_full_action_dqn,805,256,82.17177713811398,82.97122490741313,27.966635677963495,54.205141031742095,1.4430483980104327,15565.501155853271,0.0,24.0,0.0,2.0,0.050000000000000044,1.2128408942371607,1.2069898955523968,0.019503268063999712
double_centered_full_action_dqn,805,257,86.66689220964909,83.15304517559709,30.781407319009304,55.885484704375266,1.564032538793981,17396.895179748535,0.0,27.0,0.0,1.0,0.050000000000000044,1.0285082943737507,1.0226959455758333,0.019374443916603923
double_centered_full_action_dqn,805,258,86.46520975977182,83.06604339405895,32.874318800866604,53.59089136123657,1.5687844650819898,18108.374347686768,0.0,23.0,0.0,0.0,0.050000000000000044,0.9476371984928846,0.9412741092965007,0.02121031633578241
double_centered_full_action_dqn,805,259,71.31980630755424,82.5751924879849,25.89143654704094,45.4283699542284,1.4251171704381704,14875.747577667236,0.0,24.0,0.0,0.0,0.050000000000000044,1.2013026922941208,1.1950012482702732,0.02100481791421771
double_centered_full_action_dqn,805,260,75.55360342711211,83.28928213514389,28.55546383559704,46.99813994169235,1.4768921015784144,16190.206764221191,0.0,23.0,0.0,1.0,0.050000000000000044,1.0889625884592533,1.0830182218924165,0.019814533763565123
double_centered_full_action_dqn,805,261,74.43381583690643,83.03480250552298,27.87778340280056,46.55603267252445,1.4665726097300649,15636.0608253479,0.0,23.0,0.0,0.0,0.050000000000000044,1.379519009962678,1.373589288443327,0.019765722507145256
double_centered_full_action_dqn,805,262,86.08343936651946,82.39653664767744,29.90238443762064,56.181054735183714,1.5367570286616683,17244.008041381836,0.0,25.0,0.0,1.0,0.050000000000000044,1.2007030630484223,1.19499019253999,0.019042869855184108
double_centered_full_action_dqn,805,263,78.16257140934468,82.57193713992835,28.243035838007927,49.9195360481739,1.5001800348982215,16458.070163726807,0.0,23.0,0.0,2.0,0.050000000000000044,1.0487925745546818,1.041257626377046,0.02511650277301669
double_centered_full_action_dqn,805,264,83.8258505910635,82.0504098558426,30.557875648140907,53.267974987626076,1.5382089465856552,17176.012367248535,0.0,25.0,0.0,0.0,0.050000000000000044,1.007807495072484,1.0019528660923243,0.019515446096193045
double_centered_full_action_dqn,805,265,86.9343186095357,82.53176185831428,29.545801676809788,57.38851681351662,1.5405016336590052,17032.29859161377,0.0,25.0,0.0,0.0,0.050000000000000044,1.1496273390948772,1.143303606659174,0.021079074474982917
double_centered_full_action_dqn,805,266,80.68390290439129,81.98352744534613,29.991300791502,50.69260197877884,1.5146090546622872,16947.363788604736,0.0,22.0,0.0,1.0,0.050000000000000044,0.9073259029537439,0.9017718471586704,0.0185135412029922
double_centered_full_action_dqn,805,267,82.69721324145794,81.87213870137931,29.775049045681953,52.922164463996886,1.5356488404795527,17070.966312408447,0.0,25.0,0.0,2.0,0.050000000000000044,1.1526902355253696,1.145798709243536,0.022971714148297906
double_centered_full_action_dqn,805,268,80.72765135765076,81.77129297055305,28.884134635329247,51.843516796827316,1.5157686695456505,16535.04541015625,0.0,24.0,0.0,0.0,0.050000000000000044,1.1675466690212488,1.1612389702349901,0.0210256414138712
double_centered_full_action_dqn,805,269,73.84710271656513,81.2301017063111,26.92176030576229,46.92534153163433,1.4302913462743163,15130.02714920044,0.0,23.0,0.0,1.0,0.050000000000000044,1.1123731918632984,1.106502689421177,0.01956838008482009
double_centered_full_action_dqn,805,270,81.12753996551037,81.64267448440195,29.076062634587288,52.051477912068364,1.5304816626012325,17233.141567230225,0.0,22.0,0.0,2.0,0.050000000000000044,0.8009023508056998,0.7938851155340672,0.023390796908643097
double_centered_full_action_dqn,805,271,84.17892757952214,81.15836629264058,28.331415839493275,55.8475114941597,1.5121279153972864,16232.114906311035,0.0,27.0,0.0,2.0,0.050000000000000044,1.219143639318645,1.2128320122137666,0.021038744831457734
double_centered_full_action_dqn,805,272,77.44236302375793,80.50532255873085,27.122038520872593,50.320324301719666,1.4626960419118404,15448.866020202637,0.0,25.0,0.0,0.0,0.050000000000000044,1.23233787342906,1.2267596498131752,0.018594058230519295
double_centered_full_action_dqn,805,273,88.18348869085312,80.73639403678477,29.962410748004913,58.22107815146446,1.4944506958127022,16534.93886566162,0.0,27.0,0.0,1.0,0.050000000000000044,1.0819006534293294,1.0758261987939477,0.020248173212166876
double_centered_full_action_dqn,805,274,88.80815610438586,81.86560968704524,30.247340641915798,58.56081519424915,1.5372919235378504,17360.717515945435,0.0,27.0,0.0,1.0,0.050000000000000044,1.1042149877175689,1.0989650255069137,0.01749990339158103
double_centered_full_action_dqn,805,275,94.76844067275525,82.20410354562105,34.093230828642845,60.67520990371704,1.6161296414211392,19150.958263397217,0.0,26.0,0.0,3.0,0.050000000000000044,1.0988211827352643,1.0920032346621156,0.02272652427200228
double_centered_full_action_dqn,805,276,74.06482478380204,81.79875592790546,28.060781955718994,46.00404340922832,1.4816801575943828,16025.09069442749,0.0,22.0,0.0,1.0,0.050000000000000044,1.0042942725121975,0.9987195432186127,0.01858240779256448
double_centered_full_action_dqn,805,277,76.279147580266,81.2793686964363,27.824617490172386,48.45452943444252,1.4819368263706565,16199.777111053467,0.0,24.0,0.0,0.0,0.050000000000000044,1.2000675927847624,1.1949116420000792,0.017186518583912402
double_centered_full_action_dqn,805,278,85.08391252160072,81.21030383452774,28.69064500182867,56.39326769113541,1.536322444677353,16719.55442428589,0.0,26.0,0.0,1.0,0.050000000000000044,1.084551208652556,1.0789055936038494,0.01881875836988911
double_centered_full_action_dqn,805,279,71.70243762433529,81.22943540036678,26.6348317861557,45.067605912685394,1.452721267938614,15000.40225982666,0.0,22.0,0.0,0.0,0.050000000000000044,1.0202947845682502,1.0132321119308472,0.023542241076938808
double_centered_full_action_dqn,805,280,79.3634364694357,81.41992705248296,28.415558703243732,50.947878369688986,1.458849212154746,16412.57105064392,0.0,23.0,0.0,2.0,0.050000000000000044,0.7636135630309582,0.7570214131847024,0.021973841881845146
double_centered_full_action_dqn,805,281,85.88167480528355,81.99232000090183,29.56706702709198,56.314607793092726,1.5126861687749624,17066.76781463623,0.0,25.0,0.0,1.0,0.050000000000000044,0.9030884075909853,0.8965788073837757,0.021698637050576508
double_centered_full_action_dqn,805,282,76.49063174724579,81.51267961993814,28.106822445988655,48.3838093906641,1.451899123378098,15817.359703063965,0.0,24.0,0.0,2.0,0.050000000000000044,1.186983834952116,1.1816088818013668,0.01791649399092421
double_centered_full_action_dqn,805,283,78.09618546813726,81.50936032287777,29.520415164530277,48.57577037811279,1.453979597426951,16046.52145767212,0.0,22.0,0.0,0.0,0.050000000000000044,0.9445863896980882,0.9391744052991271,0.018039949180092663
double_centered_full_action_dqn,805,284,97.23022899031639,82.1795792428404,31.52483420073986,65.70539504289627,1.5877716476097703,18140.12599182129,0.0,30.0,0.0,2.0,0.050000000000000044,1.338831339031458,1.3331864336505532,0.018816369236446917
double_centered_full_action_dqn,805,285,74.008346632123,81.53328064396977,28.000132210552692,46.008213967084885,1.4868742674589157,16048.012340545654,0.0,22.0,0.0,0.0,0.050000000000000044,1.3519831635057926,1.3465577401220798,0.018084741663187742
double_centered_full_action_dqn,805,286,97.68515274226665,82.38334313586354,33.07545678317547,64.60969592928886,1.6026238594204187,18636.47587966919,0.0,29.0,0.0,3.0,0.050000000000000044,1.2762110028415918,1.270208839327097,0.020007225451990962
double_centered_full_action_dqn,805,287,78.08694493025541,82.15282972030342,30.33556241542101,47.7513824403286,1.5121877305209637,17350.775623321533,0.0,22.0,0.0,0.0,0.050000000000000044,1.2341845324262977,1.2281051147729158,0.020264691556803882
double_centered_full_action_dqn,805,288,92.71473729908466,82.75218401737511,29.906717993319035,62.80801894068718,1.5645951367914677,17484.370262145996,0.0,29.0,0.0,3.0,0.050000000000000044,1.2210798412561417,1.2149610249325633,0.02039601025171578
double_centered_full_action_dqn,805,289,86.54892989248037,83.38727537617088,29.75947877764702,56.789451360702515,1.5467803152278066,16939.528316497803,0.0,28.0,0.0,0.0,0.050000000000000044,0.7916288170963526,0.7856915891170502,0.019790759135503322
double_centered_full_action_dqn,805,290,69.92917198836804,82.82735697731377,26.114777103066444,43.81439487040043,1.4160194853320718,14628.968688964844,0.0,22.0,0.0,1.0,0.050000000000000044,0.9481974625959992,0.942553979344666,0.018811552436091006
double_centered_full_action_dqn,805,291,83.21358880400658,82.77909003853799,29.73237580806017,53.48121249675751,1.5227275406941772,16944.730262756348,0.0,25.0,0.0,1.0,0.050000000000000044,0.9620583048090339,0.9562475541606545,0.019369177578482777
double_centered_full_action_dqn,805,292,90.3562149643898,83.42478263556958,31.08758668601513,59.26862853169441,1.5523317763581872,17435.948181152344,0.0,27.0,0.0,1.0,0.050000000000000044,1.1065360689535737,1.1010934486985207,0.018142091925255954
double_centered_full_action_dqn,805,293,72.70860355347395,82.65103837870063,29.65988352149725,43.04872012138367,1.524979724548757,16961.411415100098,0.0,22.0,0.0,0.0,0.050000000000000044,1.2041552867740393,1.1985824443399906,0.018576149072032422
double_centered_full_action_dqn,805,294,81.68219221532345,82.2947401842475,29.329396575689316,52.3527954608202,1.5235801106318831,16963.90069580078,0.0,23.0,0.0,1.0,0.050000000000000044,0.781199099496007,0.7759758066385984,0.01741098368074745
double_centered_full_action_dqn,805,295,87.50791442394257,81.93171387180686,31.81014032661915,55.697774171829224,1.5991803016513586,18372.185314178467,0.0,26.0,0.0,1.0,0.050000000000000044,1.1419651862233877,1.1362082231789827,0.01918987522367388
double_centered_full_action_dqn,805,296,84.32804178446531,82.44487472184002,31.40130702406168,52.926735028624535,1.578992534428835,18156.220378875732,0.0,25.0,0.0,1.0,0.050000000000000044,1.3167342087253928,1.310162777081132,0.021904758410528302
double_centered_full_action_dqn,805,297,70.51590194106102,82.15671243987978,26.574156902730465,43.941744837164876,1.4094047453254461,14577.008247375488,0.0,22.0,0.0,2.0,0.050000000000000044,1.195031394250691,1.1903128735721111,0.01572837954154238
double_centered_full_action_dqn,805,298,77.18422066569329,81.7617278470844,29.402805611491203,47.781414756178854,1.5382565716281533,17223.05397796631,0.0,22.0,0.0,2.0,0.050000000000000044,1.017099522985518,1.0115129491314292,0.01862191897816956
double_centered_full_action_dqn,805,299,85.11963103115559,82.43258751742542,29.232541240751743,55.88708966374397,1.4946856815367937,16742.9308013916,0.0,26.0,0.0,1.0,0.050000000000000044,1.2426249096170068,1.2373924851417542,0.017441408010199666
double_centered_full_action_dqn,805,300,84.16148071736097,82.67248972982169,30.794887602329254,53.36659337580204,1.5126659562811255,17307.031253814697,0.0,26.0,0.0,0.0,0.050000000000000044,1.223994055762887,1.217911347746849,0.02027564967283979
double_centered_full_action_dqn,805,301,92.84263248741627,83.02053761392833,32.90359282493591,59.93903961777687,1.5974517203867435,18600.89164543152,0.0,27.0,0.0,1.0,0.050000000000000044,0.7444050814956427,0.7384613584727049,0.019812416459899396
double_centered_full_action_dqn,805,302,68.65111675858498,82.62856186449528,26.03162655979395,42.61949026584625,1.4241258660331368,14906.667797088623,0.0,21.0,0.0,0.0,0.050000000000000044,1.0650903945788741,1.0597463911399245,0.017813325277529657
double_centered_full_action_dqn,805,303,72.97202689945698,82.37235393606127,26.024007000029087,46.94801989197731,1.4262274093925953,14707.027418136597,0.0,22.0,0.0,0.0,0.050000000000000044,0.867714649066329,0.8622578419744968,0.018189343041740358
double_centered_full_action_dqn,805,304,84.47554190456867,81.73461958177388,30.1422208994627,54.33332099020481,1.5340337958186865,17536.98727798462,0.0,26.0,0.0,4.0,0.050000000000000044,1.3235882706940174,1.3174711372703314,0.020390477147884667
double_centered_full_action_dqn,805,305,65.76771966665983,81.32258823350072,25.620221972465515,40.14749811887741,1.4263788359239697,14761.835834503174,0.0,20.0,0.0,2.0,0.050000000000000044,1.0486469063907862,1.0435284795239568,0.01706141361501068
double_centered_full_action_dqn,805,306,83.94731308817863,80.63569625079631,30.964306384325027,52.983007210493085,1.5627695759758353,17534.65607070923,0.0,25.0,0.0,2.0,0.050000000000000044,1.1494437819346786,1.1443492788821459,0.01698168448638171
double_centered_full_action_dqn,805,307,67.09739395231009,80.08621870189904,26.077781088650227,41.01961345970631,1.4365752208977938,15315.24282836914,0.0,20.0,0.0,0.0,0.050000000000000044,1.08271689619869,1.076722927391529,0.01997985871275887
double_centered_full_action_dqn,805,308,84.79932225644589,79.69044794976712,30.568628951907158,54.23069358766079,1.5793889621272683,17962.47802734375,0.0,26.0,0.0,1.0,0.050000000000000044,1.1661147978156805,1.1600287593901157,0.020286789920646697
double_centered_full_action_dqn,805,309,92.42928653210402,79.9844657817483,29.66034896671772,62.768937796354294,1.5274437014013529,17037.795528411865,0.0,28.0,0.0,0.0,0.050000000000000044,0.9752715453505516,0.9700461970642209,0.01741781341843307
double_centered_full_action_dqn,805,310,76.64239551126957,80.32012695789338,28.782346703112125,47.86004915833473,1.493902875110507,16286.57233428955,0.0,22.0,0.0,2.0,0.050000000000000044,1.1717177499085665,1.1659497879445553,0.019226530683226883
double_centered_full_action_dqn,805,311,75.07002604901791,79.91294882014395,29.473664820194244,45.59636082649231,1.49109439086169,16859.343658447266,0.0,21.0,0.0,1.0,0.050000000000000044,1.4519052058458328,1.446033775806427,0.019571412703953683
double_centered_full_action_dqn,805,312,97.8286230057478,80.28656922221185,31.681023016572,66.14760001897812,1.5818393090739846,18208.181468963623,0.0,30.0,0.0,2.0,0.050000000000000044,1.1144513580948114,1.1091021345928311,0.017830711440183222
double_centered_full_action_dqn,805,313,82.69633410871029,80.78595574997367,31.34072821587324,51.35560527443886,1.5438462803140283,17925.95653152466,0.0,24.0,0.0,0.0,0.050000000000000044,1.0851696133613586,1.0804619193077087,0.01569226908031851
double_centered_full_action_dqn,805,314,79.3418960377574,80.66894094109536,28.61732203513384,50.72457392811775,1.4819900766015053,16293.445213317871,0.0,24.0,0.0,3.0,0.050000000000000044,0.9882680913433433,0.9832964856177568,0.01657203078502789
double_centered_full_action_dqn,805,315,67.15662389993668,79.65137641489505,26.968896970152855,40.18772682547569,1.4377069249749184,15622.600534439087,0.0,20.0,0.0,0.0,0.050000000000000044,1.2712972350418568,1.2650831043720245,0.02071374183287844
double_centered_full_action_dqn,805,316,84.92191008627415,79.68106982998549,29.406535424292088,55.51537471413612,1.5300485920161009,16923.008018493652,0.0,26.0,0.0,2.0,0.050000000000000044,1.0416989251971245,1.0367190828546882,0.01659951329929754
double_centered_full_action_dqn,805,317,85.87445898354053,80.44899768210948,28.466030478477478,57.408428728580475,1.5136212380602956,16438.849884033203,0.0,26.0,0.0,0.0,0.050000000000000044,1.1847984427586198,1.1794539093971252,0.01781515427865088
double_centered_full_action_dqn,805,318,86.59492158144712,80.91953272789718,30.161842711269855,56.43307864665985,1.5467338841408491,17267.95648574829,0.0,28.0,0.0,1.0,0.050000000000000044,1.1616678982973099,1.1564589887857437,0.017363060731440783
double_centered_full_action_dqn,805,319,68.03252497315407,80.06517742499709,26.868022993206978,41.16450162231922,1.4572953935712576,15779.770473480225,0.0,19.0,0.0,1.0,0.050000000000000044,1.1281508170068264,1.122336395084858,0.019381385936867446
double_centered_full_action_dqn,805,320,88.80210249871016,80.29720851406455,31.70511619746685,57.09698659181595,1.5878917835652828,18292.57004547119,0.0,26.0,0.0,1.0,0.050000000000000044,1.213386906310916,1.2066412940621376,0.02248542249435559
double_centered_full_action_dqn,805,321,84.97443343102933,79.90379856124521,28.95521242916584,56.01922068893909,1.544824643060565,16601.088745117188,0.0,26.0,0.0,4.0,0.050000000000000044,1.1629371978342533,1.1565902158617973,0.02115659776609391
double_centered_full_action_dqn,805,322,80.61112104356289,80.50179877549411,28.931793242692947,51.67932786047459,1.520380831323564,16970.83938217163,0.0,23.0,0.0,2.0,0.050000000000000044,1.1540029905736446,1.148138664662838,0.019547738949768245
double_centered_full_action_dqn,805,323,83.87618348002434,81.04700660452247,29.36265617609024,54.513527512550354,1.5450655948370695,16731.36123275757,0.0,24.0,0.0,0.0,0.050000000000000044,0.9563133539631963,0.9504774948582053,0.019452856795396656
double_centered_full_action_dqn,805,324,88.22808306068183,81.23463366232814,28.240579962730408,59.98750329911709,1.4625657880678773,15642.516250610352,0.0,26.0,0.0,1.0,0.050000000000000044,1.0566483568400145,1.0517225908115506,0.016419215593487024
double_centered_full_action_dqn,805,325,71.40385919213296,81.5164406386018,28.39623984694481,43.007619524002074,1.4735729191452265,15912.040130615234,0.0,20.0,0.0,1.0,0.050000000000000044,1.0135216768831015,1.007708067074418,0.01937873917631805
double_centered_full_action_dqn,805,326,78.72304247319698,81.2552271078527,28.154350727796555,50.56869155168533,1.4766980269923806,16311.866062164307,0.0,23.0,0.0,0.0,0.050000000000000044,1.15446113422513,1.1488821152597666,0.018596745270770043
double_centered_full_action_dqn,805,327,84.24177186191082,82.11244600333275,28.450333572924137,55.7914387434721,1.495667850598693,16646.486122131348,0.0,26.0,0.0,0.0,0.050000000000000044,1.018105836585164,1.012292473576963,0.019377833290491253
double_centered_full_action_dqn,805,328,86.51908864825964,82.19843432292342,31.152000062167645,55.36708855628967,1.5564356809481978,17672.48686981201,0.0,24.0,0.0,1.0,0.050000000000000044,1.6345649175345898,1.628979381173849,0.018618424655869603
double_centered_full_action_dqn,805,329,62.48301916718483,80.70112095467746,24.740000218153,37.74301862120628,1.364205659367144,13851.7174949646,0.0,18.0,0.0,1.0,0.050000000000000044,1.2773754093796015,1.2704352336004376,0.023133902985136956
double_centered_full_action_dqn,805,330,80.35447266697884,80.88672481246293,27.36321610212326,52.99125678837299,1.471959580667317,15578.033393859863,0.0,26.0,0.0,0.0,0.050000000000000044,0.9577582692727447,0.9516379460692406,0.02040105004562065
double_centered_full_action_dqn,805,331,82.20208795368671,81.24332790769638,28.737987644970417,53.46410086750984,1.480699392966926,16211.115966796875,0.0,24.0,0.0,0.0,0.050000000000000044,1.2578107519075274,1.2527305083349347,0.016934153391048312
double_centered_full_action_dqn,805,332,63.17560550570488,79.51067703269423,25.78067907691002,37.394926488399506,1.4306658320128918,15082.99515914917,0.0,21.0,0.0,1.0,0.050000000000000044,1.1004183245822787,1.094968292862177,0.018166778900194913
double_centered_full_action_dqn,805,333,80.16733969002962,79.38422731176018,28.737058468163013,51.430281698703766,1.473968779668212,16011.969806671143,0.0,24.0,0.0,1.0,0.050000000000000044,1.1204845672473311,1.114625619724393,0.019529804005287588
double_centered_full_action_dqn,805,334,81.34983557760715,79.48462428875267,29.307722844183445,52.04211253225803,1.502863584086299,16933.804328918457,0.0,25.0,0.0,2.0,0.050000000000000044,1.0965531188994646,1.0905439741909504,0.020030487852636725
double_centered_full_action_dqn,805,335,73.59005352258683,79.80629576988518,28.350192792713642,45.23986084163189,1.4855815060436726,16269.79176902771,0.0,22.0,0.0,2.0,0.050000000000000044,1.017727634869516,1.011977213434875,0.019168071215972304
double_centered_full_action_dqn,805,336,79.28193495422602,79.52429701328278,26.527293778955936,52.754641339182854,1.4947742335498333,15643.87970161438,0.0,24.0,0.0,1.0,0.050000000000000044,0.9760463945567608,0.9700644332915545,0.01993984670843929
double_centered_full_action_dqn,805,337,91.79881472289563,79.82051480025054,31.244095504283905,60.554719322919844,1.5799913136288524,17900.503749847412,0.0,27.0,0.0,1.0,0.050000000000000044,0.9958447311073542,0.9889984801411629,0.022820837853942066
double_centered_full_action_dqn,805,338,74.11170763522387,79.19635410293938,27.06767899543047,47.0440289825201,1.4480296289548278,15403.34785079956,0.0,22.0,0.0,1.0,0.050000000000000044,1.011239379644394,1.005884189158678,0.017850647564046085
double_centered_full_action_dqn,805,339,101.465544962883,80.86800510242583,32.50936138629913,68.95618330836297,1.606986502185464,18526.010665893555,0.0,30.0,0.0,1.0,0.050000000000000044,1.0384158790111542,1.0324759986251593,0.01979961054166779
double_centered_full_action_dqn,805,340,69.90080397576094,79.92294017627837,27.821115769445896,42.07968778908253,1.449632634408772,15469.499465942383,0.0,21.0,0.0,2.0,0.050000000000000044,1.2229220140725374,1.2173982504755259,0.01841253583552316
double_centered_full_action_dqn,805,341,73.97687594592571,79.37306230202317,28.04423926025629,45.93263636529446,1.4816880486905575,16071.422649383545,0.0,22.0,0.0,1.0,0.050000000000000044,1.0624193092808127,1.056955760344863,0.01821183826541528
double_centered_full_action_dqn,805,342,69.3014601662755,78.80757925815882,27.380722008645535,41.92073802351952,1.4535813992843032,15516.497299194336,0.0,19.0,0.0,3.0,0.050000000000000044,1.2133433492854238,1.2073031608015299,0.020133960235398263
double_centered_full_action_dqn,805,343,89.47008133679628,79.0872741509974,30.092729344964027,59.37735205888748,1.5247888304293156,17548.470722198486,0.0,27.0,0.0,0.0,0.050000000000000044,0.9749704962596297,0.9688054164871573,0.020550265442579985
double_centered_full_action_dqn,805,344,73.76180580407382,78.36396028816702,27.823868364095688,45.93793768584728,1.4887565756216645,16238.567436218262,0.0,22.0,0.0,1.0,0.050000000000000044,1.3185092257335782,1.3127219658344984,0.019290864991489798
double_centered_full_action_dqn,805,345,84.0755263492465,78.99754364602269,29.31899644434452,54.75653013586998,1.5123850796371698,16685.02349472046,0.0,25.0,0.0,1.0,0.050000000000000044,1.184074517339468,1.1775967050343752,0.021592658944427967
double_centered_full_action_dqn,805,346,95.52861526012421,79.83782228536904,31.770840987563133,63.757773944735526,1.6045527663081884,18186.91784286499,0.0,29.0,0.0,1.0,0.050000000000000044,0.8889772901311517,0.8824712838977575,0.021686714724637568
double_centered_full_action_dqn,805,347,84.04824293404818,79.82814583897591,30.397361747920513,53.65088102221489,1.519000674597919,17058.11668395996,0.0,24.0,0.0,1.0,0.050000000000000044,1.1029370250180364,1.0975878555327654,0.01783059979788959
double_centered_full_action_dqn,805,348,86.415003490448,79.82294158108533,28.682022780179977,57.73298075497151,1.4980497835204005,16466.47413253784,0.0,26.0,0.0,3.0,0.050000000000000044,1.0826184712350368,1.0771853663027287,0.01811037288280204
double_centered_full_action_dqn,805,349,70.07410401254893,80.20249582335353,26.882302209734917,43.19180163145065,1.4469449147582054,15433.606155395508,0.0,21.0,0.0,2.0,0.050000000000000044,1.1305102799087763,1.1248244997113943,0.018952581332996488
double_centered_full_action_dqn,805,350,85.72538243234158,80.47104131162168,29.31082421541214,56.41455815732479,1.5314968824386597,17049.3984375,0.0,26.0,0.0,1.0,0.050000000000000044,1.2199792815372348,1.2143063759431243,0.01890970580279827
double_centered_full_action_dqn,805,351,81.48701346665621,80.43528758727015,29.960700444877148,51.52631275355816,1.5143241453915834,17123.661918640137,0.0,25.0,0.0,1.0,0.050000000000000044,1.3642963478341699,1.3585322704166174,0.019213577557820827
double_centered_full_action_dqn,805,352,90.42160892486572,81.79758775822819,31.72145127505064,58.700157940387726,1.572815583087504,18007.874320983887,0.0,26.0,0.0,2.0,0.050000000000000044,1.1656591473147273,1.15968132391572,0.019926087697967887
double_centered_full_action_dqn,805,353,82.64021943062544,81.92123174525798,29.119521401822567,53.52069807350635,1.5077942628413439,16692.092670440674,0.0,24.0,0.0,2.0,0.050000000000000044,1.0234918417409062,1.017870401032269,0.01873811410041526
double_centered_full_action_dqn,805,354,68.01931115984917,81.25470552437008,26.6568473726511,41.36246335506439,1.4596022190526128,15610.035327911377,0.0,20.0,0.0,0.0,0.050000000000000044,1.35698975995183,1.3507523648440838,0.020791323680896312
double_centered_full_action_dqn,805,355,105.58813916146755,82.85460980631412,32.88017161935568,72.70796716213226,1.6197882127016783,18600.94731903076,0.0,32.0,0.0,0.0,0.050000000000000044,0.9555377326905727,0.9499073000624776,0.018768139590974897
double_centered_full_action_dqn,805,356,78.93813164532185,82.8374196408689,28.46793008595705,50.47020189464092,1.49025949370116,16310.879474639893,0.0,24.0,0.0,1.0,0.050000000000000044,0.8937194058671594,0.8881865628063679,0.01844284951221198
double_centered_full_action_dqn,805,357,87.3826592862606,82.61661186903716,29.925273835659027,57.45738546550274,1.5095760021358728,16950.477432250977,0.0,25.0,0.0,2.0,0.050000000000000044,1.2016509165987372,1.194637251086533,0.02337883203290403
double_centered_full_action_dqn,805,358,77.72310535609722,82.79718175508083,27.987809039652348,49.7352961152792,1.4669650038704276,15912.986957550049,0.0,23.0,0.0,0.0,0.050000000000000044,1.4050507191568613,1.399123940616846,0.01975603710161522
double_centered_full_action_dqn,805,359,58.55879709124565,80.65184436149896,23.73523858934641,34.82355883717537,1.3828665921464562,13782.607513427734,0.0,18.0,0.0,0.0,0.050000000000000044,1.1581733105704188,1.1523843938484788,0.01929639233276248
double_centered_full_action_dqn,805,360,80.23715895414352,81.16866211041808,28.0439575612545,52.193201184272766,1.4904405884444714,15997.11135482788,0.0,25.0,0.0,1.0,0.050000000000000044,1.113034090027213,1.1076744832098484,0.017865358560811728
double_centered_full_action_dqn,805,361,67.93648461252451,80.86664254374803,25.70855126529932,42.227933406829834,1.4469847856089473,15219.3823928833,0.0,21.0,0.0,1.0,0.050000000000000044,1.0491071827709675,1.0434789331629872,0.018760811304673553
double_centered_full_action_dqn,805,362,82.85390720665455,81.54426489576697,31.394722171127796,51.459185221791266,1.547259564511478,17753.99305343628,0.0,25.0,0.0,2.0,0.050000000000000044,0.832445414736867,0.8269435577094555,0.018339544418267906
double_centered_full_action_dqn,805,363,86.46073432415724,81.39379754513503,28.428917557001114,58.03181672990322,1.5097332056611776,16349.224033355713,0.0,26.0,0.0,1.0,0.050000000000000044,1.2812255341559649,1.2758073583245277,0.018060556380078197
double_centered_full_action_dqn,805,364,94.47487781345845,82.42945114560428,32.81844797730446,61.65642943382263,1.578392094001174,18822.29955291748,0.0,27.0,0.0,1.0,0.050000000000000044,0.951140409335494,0.9454220440238714,0.019061212136875838
double_centered_full_action_dqn,805,365,88.63326508700848,82.65733808249237,31.800257235765457,56.833007448911665,1.5803259937092662,18007.90200805664,0.0,26.0,0.0,1.0,0.050000000000000044,1.0640032459050417,1.058932550251484,0.016902302857488394
double_centered_full_action_dqn,805,366,79.87885570675135,81.87485010482372,28.026557818055153,51.85229848474264,1.4865120211616158,16085.578666687012,0.0,23.0,0.0,2.0,0.050000000000000044,1.1315888725221157,1.1259602028876543,0.018762261606752872
double_centered_full_action_dqn,805,367,82.1362893819809,81.77925242722037,27.81420300155878,54.322085642814635,1.5049063162878156,16293.46120262146,0.0,26.0,0.0,1.0,0.050000000000000044,1.2619807496666908,1.2564127445220947,0.018560039869043976
double_centered_full_action_dqn,805,368,88.35289247632026,81.87614687651397,28.751096084713936,59.601796615123746,1.4803839949890971,16334.342323303223,0.0,28.0,0.0,2.0,0.050000000000000044,0.7690063659101725,0.7639051331207156,0.017004124470986426
double_centered_full_action_dqn,805,369,89.41339421570301,82.84311138667167,30.45401880145073,58.95937592089176,1.5421648314222693,17198.6707611084,0.0,27.0,0.0,2.0,0.050000000000000044,1.1768279019743204,1.1718990514054894,0.016429454262834042
double_centered_full_action_dqn,805,370,97.03670982420445,83.40867775626482,31.78154068440199,65.25517019033433,1.5729512441903353,18069.97943496704,0.0,29.0,0.0,1.0,0.050000000000000044,0.8559788931161165,0.8500306978821754,0.019827354815788567
double_centered_full_action_dqn,805,371,77.98119294792414,83.2333867303282,27.243573181331158,50.73761942386627,1.4839836116880178,15851.378890991211,0.0,22.0,0.0,2.0,0.050000000000000044,1.125050712376833,1.119723029434681,0.01775890978751704
double_centered_full_action_dqn,805,372,83.68272289037705,82.89644242860378,27.43588249385357,56.246840649843215,1.486107342876494,15847.852436065674,0.0,26.0,0.0,1.0,0.050000000000000044,1.093454534187913,1.0875176526606083,0.019789616810157895
double_centered_full_action_dqn,805,373,94.32766626775265,83.48081477046014,33.10946772992611,61.218198388814926,1.6022411277517676,18631.237575531006,0.0,27.0,0.0,0.0,0.050000000000000044,0.8803036902099848,0.8751791585236788,0.017081748927012086
double_centered_full_action_dqn,805,374,91.55693818628788,84.65769612178208,31.067875057458878,60.48906251788139,1.5637544142082334,17803.323398590088,0.0,28.0,0.0,0.0,0.050000000000000044,1.1043768348172307,1.0983741106465459,0.02000905410386622
double_centered_full_action_dqn,805,375,66.93713628798723,82.72514597810806,26.58489803224802,40.3522379130125,1.4301031567156315,15403.953750610352,0.0,22.0,0.0,3.0,0.050000000000000044,1.3328067921102047,1.3261229172348976,0.022279573255218565
double_centered_full_action_dqn,805,376,76.44947661757469,82.60071322672069,27.145533457398415,49.303943279385564,1.4475907301530242,15262.641260147095,0.0,23.0,0.0,4.0,0.050000000000000044,1.0487429248169065,1.0429622391238809,0.01926895568612963
double_centered_full_action_dqn,805,377,80.82583213597536,82.27287186920644,28.26807615906,52.55775612592697,1.4795673610642552,16408.557292938232,0.0,26.0,0.0,0.0,0.050000000000000044,1.3127229493111372,1.30643998272717,0.020943128678482026
double_centered_full_action_dqn,805,378,79.82456086874008,82.37794464483858,28.97842464596033,50.84613611102104,1.4918624460697174,16519.92744064331,0.0,23.0,0.0,3.0,0.050000000000000044,1.2439273530617356,1.2378946309909225,0.020109044620767236
double_centered_full_action_dqn,805,379,77.56760428845882,83.32838500469923,26.56991831958294,50.997685968875885,1.4879454979673028,15837.255104064941,0.0,24.0,0.0,1.0,0.050000000000000044,1.3858168218284845,1.3796618804335594,0.020516436197794974
double_centered_full_action_dqn,805,380,78.03738515973092,83.2183963149786,27.30091944336891,50.736465790867804,1.5079875327646732,16263.077419281006,0.0,24.0,0.0,1.0,0.050000000000000044,1.5131136607378721,1.5077840127050877,0.017765437776688486
double_centered_full_action_dqn,805,381,69.30836720019579,83.28699044436217,25.774252526462078,43.53411440551281,1.4292160905897617,15000.453521728516,0.0,22.0,0.0,0.0,0.050000000000000044,0.9491433454677463,0.9434386026114225,0.019015782803762704
double_centered_full_action_dqn,805,382,78.35634024441242,83.06211209625006,30.056901410222054,48.299438297748566,1.5447097113355994,17145.855953216553,0.0,23.0,0.0,0.0,0.050000000000000044,1.1537939589470625,1.1481074895709753,0.018954835599288344
double_centered_full_action_dqn,805,383,87.48980378657579,83.11356556937099,29.130947664380074,58.35885611474514,1.5065858382731676,16260.654453277588,0.0,26.0,0.0,4.0,0.050000000000000044,1.2342741265892982,1.2284716237336397,0.019341669278219342
double_centered_full_action_dqn,805,384,84.76568608134986,82.62810598276556,31.105330668389797,53.66035529375076,1.554192939773202,17778.854530334473,0.0,26.0,0.0,1.0,0.050000000000000044,1.1052058264613152,1.0995332673192024,0.01890854473458603
double_centered_full_action_dqn,805,385,92.22628729939461,82.80775709338488,31.733981117606163,60.49230579435825,1.5923808561637998,18416.883531570435,0.0,26.0,0.0,1.0,0.050000000000000044,1.2205640636384487,1.2143168225884438,0.020824190287385136
double_centered_full_action_dqn,805,386,89.78412004560232,83.30302031032741,30.0526155680418,59.73150449991226,1.5871802931651473,17568.737266540527,0.0,27.0,0.0,2.0,0.050000000000000044,0.8504068683832884,0.8445076700299978,0.01966400392120704
double_centered_full_action_dqn,805,387,68.04427558481693,82.59841962046923,28.169965527951717,39.874309706687924,1.4612573981285095,15880.457159042358,0.0,20.0,0.0,3.0,0.050000000000000044,1.09814228489995,1.0926307439804077,0.018371764104813337
double_centered_full_action_dqn,805,388,79.84974209219217,82.17326210126281,28.80432067066431,51.04542173445225,1.4990621050819755,16421.95336151123,0.0,23.0,0.0,0.0,0.050000000000000044,1.258510640822351,1.2529962584376335,0.01838131289696321
double_centered_full_action_dqn,805,389,85.21364684551955,81.96327473275365,28.92750532180071,56.28614150881767,1.5143212508410215,16489.392654418945,0.0,26.0,0.0,1.0,0.050000000000000044,1.1515848375856876,1.1459698416292667,0.01871665968792513
double_centered_full_action_dqn,805,390,76.95377050489188,80.95912776678801,27.69492097198963,49.25884928703308,1.4557177405804396,15681.231187820435,0.0,24.0,0.0,2.0,0.050000000000000044,1.0365089429542422,1.0303686577826738,0.020467640832066536
double_centered_full_action_dqn,805,391,84.07154048383236,81.26364514358343,29.91447438299656,54.157066071033476,1.5293762674555182,17174.712818145752,0.0,23.0,0.0,2.0,0.050000000000000044,1.3106113001704216,1.3051298782229424,0.018271425738930702
double_centered_full_action_dqn,805,392,88.59777359068394,81.50939767859879,29.39402110874653,59.20375248193741,1.5225497698411345,16452.229064941406,0.0,28.0,0.0,1.0,0.050000000000000044,1.3503357023000717,1.3445773208513856,0.019194594642613083
double_centered_full_action_dqn,805,393,61.205295383930206,79.85327913440766,25.461170829832554,35.74412488937378,1.4071538988500834,14561.777523040771,0.0,19.0,0.0,1.0,0.050000000000000044,1.2532127425074577,1.2472160831093788,0.019988896616268903
double_centered_full_action_dqn,805,394,74.07380174994469,78.97912231259049,28.32260373234749,45.75119794309139,1.4896829659119248,16240.649349212646,0.0,22.0,0.0,4.0,0.050000000000000044,1.1382761113345623,1.13255466055125,0.019071518385317177
double_centered_full_action_dqn,805,395,76.50693015158177,79.45761200577023,28.25871766358614,48.24821267426014,1.498936489224434,16267.39266204834,0.0,24.0,0.0,3.0,0.050000000000000044,1.0262604244053364,1.0213103629648685,0.01650022971443832
double_centered_full_action_dqn,805,396,73.467340990901,79.30850522443653,25.205075055360794,48.262265741825104,1.4573204051703215,15553.417804718018,0.0,22.0,0.0,0.0,0.050000000000000044,1.4130356926470995,1.4076390815898776,0.01798863458679989
double_centered_full_action_dqn,805,397,72.54006138592959,78.89421668693426,27.275445468723774,45.264616125822066,1.45865033660084,15518.704044342041,0.0,22.0,0.0,3.0,0.050000000000000044,1.0295834010466933,1.0235536620020866,0.0200990570592694
double_centered_full_action_dqn,805,398,78.52341804802418,78.82915954589845,28.84939757734537,49.67402049303055,1.5696268612518907,17391.19114303589,0.0,24.0,0.0,1.0,0.050000000000000044,1.1140390783548355,1.1082614362239838,0.01925880997441709
double_centered_full_action_dqn,805,399,85.51631827801467,79.22659524537626,30.636761739850044,54.87955613583326,1.5399189088493586,17917.205390930176,0.0,26.0,0.0,1.0,0.050000000000000044,1.1792311882600188,1.1739200400188565,0.017703778052236885
double_centered_full_action_dqn,805,400,95.74281895160675,80.11186693497004,30.354352436959743,65.38846670091152,1.5912880897521973,17777.656982421875,0.0,30.0,0.0,0.0,0.050000000000000044,1.0860091391950846,1.0805957727134228,0.01804458419792354
double_centered_full_action_dqn,805,401,65.01777407824993,79.89733727887275,24.580794647336006,40.43697998225689,1.386809604242444,14231.12239074707,0.0,22.0,0.0,2.0,0.050000000000000044,1.286876192316413,1.2820617146790028,0.01604825211688876
double_centered_full_action_dqn,805,402,78.95046513080597,79.9270435231924,28.888447746634483,50.062017920613286,1.51851911470294,16761.200691223145,0.0,24.0,0.0,3.0,0.050000000000000044,1.0149850463494658,1.0090575963258743,0.01975821115775034
double_centered_full_action_dqn,805,403,78.06979507505893,79.45604308761656,26.783762745559216,51.28603247851133,1.453557307831943,15262.100315093994,0.0,23.0,0.0,3.0,0.050000000000000044,1.3044647723436356,1.2982513383030891,0.020711384364403784
double_centered_full_action_dqn,805,404,91.41990707814693,79.78875413745642,31.904671154916286,59.51523530483246,1.5641445387154818,18231.48390197754,0.0,26.0,0.0,1.0,0.050000000000000044,1.0036199316382408,0.9977966947481036,0.019410860433708876
double_centered_full_action_dqn,805,405,86.38616918027401,79.49674823150039,30.261751174926758,56.124417662620544,1.5573016609996557,17706.270233154297,0.0,25.0,0.0,1.0,0.050000000000000044,1.0572329116985202,1.051442482508719,0.019301410706248134
double_centered_full_action_dqn,805,406,83.0458396077156,79.15983420960605,28.492692232131958,54.55314739048481,1.5085511775687337,16395.29043197632,0.0,25.0,0.0,1.0,0.050000000000000044,1.1758792512118816,1.16992599517107,0.0198442405089736
double_centered_full_action_dqn,805,407,89.0380027666688,80.20952056869865,30.814907051622868,58.22309571504593,1.554959574714303,17691.55030441284,0.0,26.0,0.0,2.0,0.050000000000000044,1.1767468051984906,1.170939614996314,0.01935729867545888
double_centered_full_action_dqn,805,408,72.43157426267862,79.83861217722297,27.661595337092876,44.76997929811478,1.4866374917328358,16181.693138122559,0.0,22.0,0.0,0.0,0.050000000000000044,1.5038337297737598,1.4980450011789799,0.019295747973956168
double_centered_full_action_dqn,805,409,94.79609395712615,80.3177345328033,30.775055415928364,64.02103810906411,1.5432937443256378,17524.9377784729,0.0,29.0,0.0,1.0,0.050000000000000044,1.2300143064931035,1.2244025003165007,0.018706105009187013
double_centered_full_action_dqn,805,410,76.47855142652989,80.29397357888521,26.5627206787467,49.9158304721117,1.4764119880273938,15414.000312805176,0.0,24.0,0.0,2.0,0.050000000000000044,1.0620327722281218,1.0556585164740682,0.021247513010166585
double_centered_full_action_dqn,805,411,86.08757259845734,80.39477518461646,28.69516372680664,57.39240882694721,1.504654767923057,16077.885925292969,0.0,25.0,0.0,3.0,0.050000000000000044,1.3567935172468424,1.351302109658718,0.018304711615201086
double_centered_full_action_dqn,805,412,74.86746534109116,79.70825977213683,28.377829268574715,46.48963569998741,1.4885057304054499,16027.638236999512,0.0,22.0,0.0,4.0,0.050000000000000044,1.0454646637663245,1.0402408530935645,0.017412721819709986
double_centered_full_action_dqn,805,413,101.40303930044175,81.7181469679624,31.43482232093811,69.96821675598622,1.569746415130794,17760.187828063965,0.0,31.0,0.0,1.0,0.050000000000000044,1.2123752878978848,1.2059718566015363,0.02134474430931732
double_centered_full_action_dqn,805,414,75.62554712593555,81.79573423676194,27.65425208210945,47.97129452228546,1.4468482322990894,15478.388889312744,0.0,24.0,0.0,1.0,0.050000000000000044,1.2664937488734722,1.2601895295083523,0.021014040452428162
double_centered_full_action_dqn,805,415,67.3815993219614,81.33946769528092,25.89228615909815,41.489313036203384,1.4025413999333978,14663.393737792969,0.0,23.0,0.0,1.0,0.050000000000000044,1.1987361162900925,1.192450676113367,0.02095148147782311
double_centered_full_action_dqn,805,416,72.68981247395277,81.30059126943351,27.551972560584545,45.13783973455429,1.5271896505728364,16940.26909637451,0.0,20.0,0.0,0.0,0.050000000000000044,0.9006052445620298,0.894506792537868,0.020328187150880694
double_centered_full_action_dqn,805,417,87.93917829096317,82.07054711468518,29.80781139433384,58.131367060542104,1.5718859089538455,17615.932285308838,0.0,26.0,0.0,2.0,0.050000000000000044,1.1587154921144247,1.1529281558468938,0.01929106848547235
double_centered_full_action_dqn,805,418,70.49472097307444,81.66911226093768,25.3294185847044,45.165302991867065,1.4198540523648262,14536.940200805664,0.0,23.0,0.0,1.0,0.050000000000000044,1.3152481280267239,1.3084330717101693,0.02271683095023036
double_centered_full_action_dqn,805,419,84.7075104802847,81.62867187105118,28.60084594041109,56.106664234399794,1.4733008332550526,16230.170120239258,0.0,26.0,0.0,1.0,0.050000000000000044,1.1477200957015157,1.1419035699218512,0.019388395128771663
double_centered_full_action_dqn,805,420,89.31163287311793,81.30711256712677,30.646429233253002,58.66520338654518,1.5742654157802463,18193.84170150757,0.0,26.0,0.0,2.0,0.050000000000000044,1.0028968369588256,0.9973994120955467,0.018324699660297483
double_centered_full_action_dqn,805,421,83.41140744388103,82.22679423540832,28.82275326550007,54.58865385055542,1.5016653118655086,16538.34593963623,0.0,25.0,0.0,4.0,0.050000000000000044,1.1476786667481065,1.1427179388701916,0.016535776609089226
double_centered_full_action_dqn,805,422,101.06261946260929,83.33240195199848,35.356677412986755,65.7059415280819,1.6851512277498841,20260.95611190796,0.0,28.0,0.0,0.0,0.050000000000000044,1.2073039151728153,1.2011775337159634,0.020421247638296336
double_centered_full_action_dqn,805,423,76.32600803673267,83.24521260008217,28.60913586616516,47.7168725579977,1.4808484753593802,16233.175876617432,0.0,24.0,0.0,3.0,0.050000000000000044,1.1250623017549515,1.119407613761723,0.018848998297471553
double_centered_full_action_dqn,805,424,68.78849336504936,82.11364191442728,25.306759223341942,43.48173390328884,1.3994308011606336,14351.874011993408,0.0,22.0,0.0,1.0,0.050000000000000044,0.9210725491866469,0.914724187925458,0.021161180222406983
double_centered_full_action_dqn,805,425,69.45165504664183,81.26691620774568,26.018439665436745,43.43321528434753,1.424339011311531,14674.437686920166,0.0,22.0,0.0,3.0,0.050000000000000044,1.2245533801615238,1.2195453010499477,0.01669353328179568
double_centered_full_action_dqn,805,426,74.87031548470259,80.85814000159503,27.809374444186687,47.060940980911255,1.497291510924697,16107.190647125244,0.0,21.0,0.0,0.0,0.050000000000000044,1.2090285513550043,1.2036254471167922,0.018010360014159232
double_centered_full_action_dqn,805,427,87.40467286407947,80.77647350646556,31.249342799186707,56.15533036291599,1.557505606673658,17685.766025543213,0.0,26.0,0.0,3.0,0.050000000000000044,1.3604165278375149,1.3540150364860892,0.021338282676879317
double_centered_full_action_dqn,805,428,93.12615074366332,81.8112023305148,30.24253809452057,62.883613461256026,1.5895373644307256,18007.140378952026,0.0,28.0,0.0,1.0,0.050000000000000044,0.9156140210106969,0.9098259527236223,0.019293555174954236
double_centered_full_action_dqn,805,429,66.70380420386792,80.40658784285189,26.581702701747417,40.12210185229778,1.4358082078397274,14737.69204711914,0.0,20.0,0.0,1.0,0.050000000000000044,1.179339412599802,1.1737744472920895,0.018549881177023053
double_centered_full_action_dqn,805,430,82.24315105378628,80.69481782421471,29.59903609752655,52.64411500096321,1.5269959783181548,17374.482250213623,0.0,25.0,0.0,0.0,0.050000000000000044,1.170731108635664,1.1644487753510475,0.020941062655765563
double_centered_full_action_dqn,805,431,86.73729236423969,80.72730381250383,28.989355601370335,57.7479367852211,1.5320480214431882,17111.377193450928,0.0,25.0,0.0,0.0,0.050000000000000044,1.571299396455288,1.565594408661127,0.019016609934624285
double_centered_full_action_dqn,805,432,86.78497194945813,81.32317914292217,29.514941796660423,57.27003040611744,1.5059075513854623,16985.761863708496,0.0,26.0,0.0,5.0,0.050000000000000044,1.3627180382609367,1.356252770870924,0.021550863166339695
double_centered_full_action_dqn,805,433,95.36411935985089,81.02123314589264,31.358790032565594,64.00532931983471,1.544983895495534,17585.811401367188,0.0,28.0,0.0,2.0,0.050000000000000044,1.2541869599372149,1.2487560715526342,0.018102856061886996
double_centered_full_action_dqn,805,434,64.44413702338935,80.46216264076533,25.599423967301846,38.844712847471236,1.4199082711711526,14804.023872375488,0.0,20.0,0.0,2.0,0.050000000000000044,1.5270634442567825,1.5202218033373356,0.02280549908755347
double_centered_full_action_dqn,805,435,83.68061331659555,81.27711334049704,28.940154410898685,54.740458995103836,1.4748317757621408,16380.872276306152,0.0,26.0,0.0,1.0,0.050000000000000044,1.2446310576051474,1.238730600103736,0.01966820261441171
double_centered_full_action_dqn,805,436,80.33262022584677,81.65925372809173,29.067693315446377,51.26492713391781,1.49403344001621,16550.754371643066,0.0,25.0,0.0,0.0,0.050000000000000044,1.244743169285357,1.2374178376048803,0.024417785461992025
double_centered_full_action_dqn,805,437,82.68090544939041,81.39634008601308,28.406025163829327,54.274880322813985,1.5089256735518575,16498.376094818115,0.0,24.0,0.0,3.0,0.050000000000000044,0.9379750024527311,0.9303367557004094,0.02546080673346296
double_centered_full_action_dqn,805,438,66.57888615876436,81.20054834529758,26.61562343686819,39.96326240897179,1.423513462767005,15459.922813415527,0.0,21.0,0.0,0.0,0.050000000000000044,1.0519464425742626,1.044952462427318,0.023313284385949373
double_centered_full_action_dqn,805,439,72.02601985782385,80.56647381417454,25.9043984785676,46.12162176668644,1.4192604143172503,14748.786598205566,0.0,22.0,0.0,2.0,0.050000000000000044,1.4064329490065575,1.400205995887518,0.020756481448188424
double_centered_full_action_dqn,805,440,76.96620275080204,79.94920230805874,27.677352115511894,49.28885106742382,1.5285169938579202,16874.608642578125,0.0,24.0,0.0,1.0,0.050000000000000044,1.0605673091486096,1.0546829113736749,0.019614654826000333
double_centered_full_action_dqn,805,441,72.67642776668072,79.41245332419874,27.557264640927315,45.119162887334824,1.4764707358554006,16161.603313446045,0.0,20.0,0.0,0.0,0.050000000000000044,1.265189154073596,1.2589058335870504,0.020944452728144825
double_centered_full_action_dqn,805,442,76.33224845677614,78.17593477390707,26.799903862178326,49.53234466910362,1.4460970694199204,15214.248878479004,0.0,24.0,0.0,0.0,0.050000000000000044,1.1962085328996181,1.1895774323493242,0.02210368891246617
double_centered_full_action_dqn,805,443,89.3463276475668,78.82695075444877,31.902016662061214,57.44431112706661,1.5884543908759952,18366.790504455566,0.0,26.0,0.0,0.0,0.050000000000000044,1.2574050929397345,1.2514989096671343,0.019687334424816072
double_centered_full_action_dqn,805,444,73.68264158964158,79.07165816567839,27.201188698410988,46.48145247399807,1.4455567300319672,15152.394432067871,0.0,23.0,0.0,1.0,0.050000000000000044,1.0347049869596958,1.028436436317861,0.02089520270237699
double_centered_full_action_dqn,805,445,77.52244044989348,79.47519743584098,27.58168414980173,49.94075640439987,1.460332534275949,16002.138759613037,0.0,23.0,0.0,1.0,0.050000000000000044,1.3296119291335344,1.3233007304370403,0.021037360129412264
double_centered_full_action_dqn,805,446,88.72366363704205,80.16786484345796,29.68238267302513,59.04128130674362,1.5542097389698029,17163.47625350952,0.0,26.0,0.0,2.0,0.050000000000000044,1.2096983771771193,1.2035373728722334,0.020536753290798515
double_centered_full_action_dqn,805,447,75.84193821251392,79.58972811087968,27.28009907901287,48.561839416623116,1.4857233706861734,15789.322128295898,0.0,24.0,0.0,1.0,0.050000000000000044,1.3402820322662592,1.3340281303972006,0.020846345811150968
double_centered_full_action_dqn,805,448,80.54187282919884,78.96051421515645,29.211941465735435,51.32993242144585,1.5036512529477477,16747.451858520508,0.0,24.0,0.0,1.0,0.050000000000000044,1.2711110450327396,1.2640287429094315,0.02360765601042658
double_centered_full_action_dqn,805,449,69.26444599330425,79.08854630462825,25.398003458976746,43.86644237041473,1.410371696576476,14382.808151245117,0.0,21.0,0.0,2.0,0.050000000000000044,1.0930075738579035,1.0877088326960802,0.017662469937931746
double_centered_full_action_dqn,805,450,76.53153444826603,78.80296547435225,27.12073927372694,49.4107952862978,1.4496223907917738,15437.841720581055,0.0,23.0,0.0,2.0,0.050000000000000044,1.3722414448857307,1.3664907105267048,0.019169101025909185
double_centered_full_action_dqn,805,451,85.77239723652602,78.75472071796656,30.033661641180515,55.73873552083969,1.52529922965914,17336.835540771484,0.0,25.0,0.0,1.0,0.050000000000000044,1.518542192876339,1.5130621641874313,0.01826682180399075
double_centered_full_action_dqn,805,452,65.9297554641962,77.71195989370347,27.263204634189606,38.66655050218105,1.4464894495904446,15484.46139907837,0.0,20.0,0.0,1.0,0.050000000000000044,0.9998545246198773,0.993864600546658,0.019966397783719003
double_centered_full_action_dqn,805,453,87.79680121690035,77.33359398655594,29.818274214863777,57.97852709889412,1.5707970671355724,17511.86030960083,0.0,28.0,0.0,0.0,0.050000000000000044,1.0754600819200277,1.0687262825667858,0.022445976617746055
double_centered_full_action_dqn,805,454,75.31263538450003,77.87701890461148,26.226584553718567,49.086050778627396,1.4486864292994142,15266.745510101318,0.0,25.0,0.0,0.0,0.050000000000000044,1.338116578757763,1.3322115018963814,0.019683572347275913
double_centered_full_action_dqn,805,455,75.41511130332947,77.46374380394818,27.25611361861229,48.1589977145195,1.5002304380759597,16243.833736419678,0.0,21.0,0.0,0.0,0.050000000000000044,1.1376066645607352,1.131922559812665,0.01894700969569385
double_centered_full_action_dqn,805,456,69.12627014666796,76.90342629998922,24.976091764867306,44.15017835199833,1.4230394726619124,14757.09981918335,0.0,23.0,0.0,1.0,0.050000000000000044,1.3725967733189464,1.366227701306343,0.02123025752371177
double_centered_full_action_dqn,805,457,80.28223061710597,76.78349255837502,29.472696237266064,50.80953378379345,1.5505214361473918,17269.87749481201,0.0,23.0,0.0,1.0,0.050000000000000044,1.1968431789427996,1.1907088682055473,0.020447705581318587
double_centered_full_action_dqn,805,458,55.15673144161701,76.21238482251765,24.149815760552883,31.006915777921677,1.3649411415681243,14007.355113983154,0.0,15.0,0.0,0.0,0.050000000000000044,1.6133176162838936,1.6065694130957127,0.022493982804007828
double_centered_full_action_dqn,805,459,70.38256845623255,76.13021225243808,25.03188119083643,45.3506875783205,1.4422464361414313,14860.304222106934,0.0,22.0,0.0,1.0,0.050000000000000044,1.4911208664998412,1.484953274950385,0.020558664691634476
double_centered_full_action_dqn,805,460,83.90491679608822,76.47714795470239,28.96604237705469,54.938874292373654,1.4950695792213082,16401.18702316284,0.0,25.0,0.0,2.0,0.050000000000000044,0.9518188992515206,0.945749094709754,0.020232674665749073
double_centered_full_action_dqn,805,461,58.360543228685856,75.76135372780263,23.805035196244717,34.5555083155632,1.3664584159851074,13594.638690948486,0.0,19.0,0.0,2.0,0.050000000000000044,1.030002293176949,1.0232210606336594,0.02260407549329102
double_centered_full_action_dqn,805,462,88.1953703686595,76.3545098233968,32.57301362603903,55.62235690653324,1.6037043333053589,18630.645065307617,0.0,25.0,0.0,0.0,0.050000000000000044,1.0889012990519404,1.082920502871275,0.019935957505367696
double_centered_full_action_dqn,805,463,87.80932583212852,76.27765973262488,30.641901701688766,57.16742466688156,1.5620012963190675,17453.54887199402,0.0,25.0,0.0,2.0,0.050000000000000044,0.9836860792711377,0.9775813817977905,0.02034900209400803
double_centered_full_action_dqn,805,464,74.49366612136365,76.318210959211,30.87789349257946,43.615772479772566,1.5196973327547312,17597.67691040039,0.0,22.0,0.0,1.0,0.050000000000000044,1.1635841140523553,1.1567753292620182,0.02269592828815803
double_centered_full_action_dqn,805,465,88.28822845965624,76.85650035969914,28.861468322575092,59.426760613918304,1.5075198598206043,16329.508102416992,0.0,27.0,0.0,0.0,0.050000000000000044,1.2677006972953677,1.2612303104251623,0.021567928488366306
double_centered_full_action_dqn,805,466,86.10614974200726,76.72562466494739,31.097192853689194,55.00895711183548,1.5400173906236887,17863.54955291748,0.0,26.0,0.0,1.0,0.050000000000000044,1.093542691320181,1.0873303497210145,0.020707793533802032
double_centered_full_action_dqn,805,467,93.4353495836258,77.60529523350299,31.17203290015459,62.26331698894501,1.5579649349674582,17877.34783554077,0.0,29.0,0.0,1.0,0.050000000000000044,1.406246766448021,1.4001608341932297,0.02028642868390307
double_centered_full_action_dqn,805,468,91.80130198001862,78.16826669104398,30.934146121144295,60.86715612709522,1.5969007769599557,18077.117073059082,0.0,28.0,0.0,1.0,0.050000000000000044,1.519587978720665,1.5136253647506237,0.01987532031489536
double_centered_full_action_dqn,805,469,75.73261832594872,78.49167530767622,27.570502161979675,48.16211607456207,1.4540996979922056,15674.550716400146,0.0,23.0,0.0,1.0,0.050000000000000044,1.0740302968770266,1.0685874000191689,0.018143013527151197
double_centered_full_action_dqn,805,470,77.23454973399639,78.52682607196273,27.80564995110035,49.42889996170997,1.500770166516304,16329.634117126465,0.0,24.0,0.0,2.0,0.050000000000000044,1.1623262614011765,1.1564646046608686,0.019538858148735017
double_centered_full_action_dqn,805,471,87.94714474976062,78.63556344762445,27.413006484508514,60.53413866758346,1.4787065219134092,15592.450061798096,0.0,29.0,0.0,4.0,0.050000000000000044,1.061258644796908,1.0542433522641659,0.023384323401842266
double_centered_full_action_dqn,805,472,89.2555610254407,79.80185372568667,30.44216039031744,58.813401067256926,1.6001728232949972,18186.223054885864,0.0,26.0,0.0,2.0,0.050000000000000044,1.1577141666784883,1.1515915393829346,0.020408726471941918
double_centered_full_action_dqn,805,473,76.05424998998642,79.21472616434097,27.544900588691235,48.50934960246086,1.467307111248374,16100.299211502075,0.0,23.0,0.0,4.0,0.050000000000000044,1.0621675429865718,1.0561502110213041,0.020057753659784794
double_centered_full_action_dqn,805,474,92.12062984108925,80.05512588717045,30.255624532699585,61.86500578522682,1.5364844100549817,17520.477954864502,0.0,28.0,0.0,1.0,0.050000000000000044,1.2021499807015061,1.1958706341683865,0.020931160543113947
double_centered_full_action_dqn,805,475,77.11855884045363,80.14029826402665,26.70658365637064,50.41197504997253,1.4499958138912916,15390.642105102539,0.0,24.0,0.0,1.0,0.050000000000000044,1.3022407423704863,1.2958092465996742,0.021438288036733866
double_centered_full_action_dqn,805,476,71.10559677481652,80.23926459543408,27.922896444797516,43.18270053863525,1.5170527389273047,16481.885635375977,0.0,22.0,0.0,2.0,0.050000000000000044,1.2114875884726644,1.206168519333005,0.01773019682150334
double_centered_full_action_dqn,805,477,74.51572778820992,79.95093945398928,27.310981050133705,47.20474673807621,1.5010629026219249,16042.694786071777,0.0,24.0,0.0,1.0,0.050000000000000044,1.267945846542716,1.2619914822280407,0.01984784210799262
double_centered_full_action_dqn,805,478,81.20529750734568,81.25336775727571,29.66726851463318,51.53802824020386,1.5269994223490357,17023.059005737305,0.0,24.0,0.0,2.0,0.050000000000000044,1.162860649637878,1.1569893350824714,0.019571016600821167
double_centered_full_action_dqn,805,479,68.14517434090376,81.14149805150927,26.160851694643497,41.984322348237036,1.4355686763301492,15156.41117477417,0.0,21.0,0.0,1.0,0.050000000000000044,1.2144842986017466,1.2082600742578506,0.020747411996126175
double_centered_full_action_dqn,805,480,84.99567224532366,81.19603582397104,28.726413041353226,56.26925967335701,1.5536602614447474,17118.036094665527,0.0,25.0,0.0,4.0,0.050000000000000044,1.2197802513837814,1.2134560700505972,0.021080591017380357
double_centered_full_action_dqn,805,481,70.96870301663876,81.82644381336868,28.59897004812956,42.369732812047005,1.484812636859715,16318.414674758911,0.0,22.0,0.0,2.0,0.050000000000000044,0.9981164271011949,0.9924514284357429,0.01888333825627342
double_centered_full_action_dqn,805,482,79.46368849575519,81.38985971972347,27.988483786582947,51.475204440951345,1.5236956477165222,16499.22375869751,0.0,23.0,0.0,3.0,0.050000000000000044,1.402961166575551,1.3962519271299243,0.022364194795954973
double_centered_full_action_dqn,805,483,52.995362722873686,79.64916156426072,22.800145521759987,30.195217260718344,1.3292603101581335,12746.17584991455,0.0,18.0,0.0,2.0,0.050000000000000044,0.9885850036516786,0.9825469087809324,0.020126972580328584
double_centered_full_action_dqn,805,484,72.9920597076416,79.57408124357462,26.616302490234375,46.37575721740723,1.4903073273599148,16142.13830947876,0.0,22.0,0.0,0.0,0.050000000000000044,1.2063837544992566,1.2006386537104845,0.01915031357202679
double_centered_full_action_dqn,805,485,70.14777251332998,78.66705844625832,26.079365000128746,44.06840759515762,1.4338628659024835,15311.793357849121,0.0,20.0,0.0,0.0,0.050000000000000044,1.5005321577191353,1.4944608360528946,0.020237794029526412
double_centered_full_action_dqn,805,486,83.52441741675139,78.53797182999553,29.562321461737156,53.962096178531645,1.5233014607802033,16878.489582061768,0.0,25.0,0.0,2.0,0.050000000000000044,1.4817976858466864,1.475496869534254,0.02100275468546897
double_centered_full_action_dqn,805,487,70.8978908509016,77.41109889335931,26.328736126422882,44.569154873490334,1.4535711770877242,15425.196598052979,0.0,22.0,0.0,0.0,0.050000000000000044,0.992246531881392,0.9867344228550792,0.0183736861217767
double_centered_full_action_dqn,805,488,78.37050923109055,76.73955925591291,27.30460023134947,51.06590891778469,1.4781602323055267,15871.04326248169,0.0,23.0,0.0,1.0,0.050000000000000044,1.3747278125956655,1.368743079714477,0.019949134613852948
double_centered_full_action_dqn,805,489,79.71358149498701,76.93860741436484,28.005456678569317,51.70812463760376,1.5005755927413702,16399.200439453125,0.0,24.0,0.0,0.0,0.050000000000000044,1.202464704401791,1.1959120770916343,0.021842067129909992
double_centered_full_action_dqn,805,490,78.9982305765152,77.02679145649077,28.29326105117798,50.70496904850006,1.4676783960312605,16154.597583770752,0.0,22.0,0.0,0.0,0.050000000000000044,1.0969372875988483,1.0914466939866543,0.01830202783457935
double_centered_full_action_dqn,805,491,70.02265823632479,76.13056713081897,26.246715620160103,43.77594244480133,1.4326059492304921,15093.838516235352,0.0,23.0,0.0,0.0,0.050000000000000044,1.0311254486441612,1.0253623500466347,0.01921032287646085
double_centered_full_action_dqn,805,492,68.53220885396004,75.09439952224493,25.233818732202053,43.29839048683643,1.4059013165533543,14463.435298919678,0.0,23.0,0.0,2.0,0.050000000000000044,1.0191573947668076,1.0136263947933912,0.018436635902617127
double_centered_full_action_dqn,805,493,76.66824758499861,75.12509940199556,26.962090529501438,49.70615651905537,1.4766870187595487,15827.10306930542,0.0,23.0,0.0,3.0,0.050000000000000044,1.236027780920267,1.229828610084951,0.020663839182816446
double_centered_full_action_dqn,805,494,81.8784931153059,74.61299256570638,26.06862634420395,55.80986686050892,1.4467040384188294,15215.53031539917,0.0,26.0,0.0,0.0,0.050000000000000044,1.3176889978349209,1.3118767216801643,0.01937421824550256
double_centered_full_action_dqn,805,495,81.75279842466117,74.84470454491677,28.529241859912872,53.22355676591396,1.5030104098841548,16738.01322555542,0.0,26.0,0.0,2.0,0.050000000000000044,1.312799639068544,1.306048585101962,0.022503526648506522
double_centered_full_action_dqn,805,496,89.99578468799591,75.78921394057572,31.67985314130783,58.315931785106656,1.5865485845133662,18246.67432785034,0.0,27.0,0.0,2.0,0.050000000000000044,1.5077685536816716,1.5021051317453384,0.018878154281992465
double_centered_full_action_dqn,805,497,97.86546502709389,76.95670080251993,32.214159578084946,65.65130532979965,1.579481047578156,18290.785957336426,0.0,28.0,0.0,4.0,0.050000000000000044,1.0397099517285824,1.03347809612751,0.020772858639247715
double_centered_full_action_dqn,805,498,81.60431029796601,76.97665144205095,28.59240736067295,53.011902743577956,1.5100563587620854,16728.977561950684,0.0,25.0,0.0,1.0,0.050000000000000044,1.2976437844336033,1.2920594699680805,0.01861435075988993
double_centered_full_action_dqn,805,499,65.38411068320275,76.8385982591659,24.90039514005184,40.48371564745903,1.4262568335980177,14682.587387084961,0.0,20.0,0.0,1.0,0.050000000000000044,1.0964078046381474,1.0898483553901315,0.021864816662855446
double_centered_full_action_dqn,805,500,98.22371731698513,77.50000051274898,32.563404724001884,65.66031259298325,1.6375490818172693,19341.274669647217,0.0,29.0,0.0,0.0,0.050000000000000044,1.42795202229172,1.4215059531852603,0.02148689574096352
double_centered_full_action_dqn,805,501,90.92009383440018,78.49757005363703,29.8813543766737,61.0387392193079,1.5578250829130411,17324.827209472656,0.0,28.0,0.0,0.0,0.050000000000000044,1.3187021613121033,1.3129423968493938,0.019199216039851308
double_centered_full_action_dqn,805,502,77.68362624943256,78.40856694132091,28.928901128470898,48.75472494959831,1.5310680959373713,16892.51686859131,0.0,25.0,0.0,0.0,0.050000000000000044,0.9293590197339654,0.9231013944372535,0.020858723670244217
double_centered_full_action_dqn,805,503,90.0292713791132,80.26026237413288,30.51000824570656,59.51926298439503,1.5546752708032727,17807.843460083008,0.0,27.0,0.0,0.0,0.050000000000000044,1.0553911570459604,1.0498247221112251,0.018554840877186507
double_centered_full_action_dqn,805,504,71.55202721208335,80.18826074935497,24.951453916728497,46.60057375729084,1.4344345666468143,14705.286312103271,0.0,22.0,0.0,2.0,0.050000000000000044,1.0463276291266084,1.0406648870557547,0.018875759793445468
double_centered_full_action_dqn,805,505,82.9328360632062,80.82751392684878,28.33902571350336,54.593810349702835,1.4923453694209456,16583.74606704712,0.0,24.0,0.0,1.0,0.050000000000000044,1.0634204661473632,1.0568414721637964,0.021930013201199472
double_centered_full_action_dqn,805,506,86.62556320726871,80.98257121637464,29.460615575313568,57.16494748294353,1.5074019692838192,17035.021759033203,0.0,26.0,0.0,2.0,0.050000000000000044,1.361938470043242,1.355820670723915,0.02039264398626983
double_centered_full_action_dqn,805,507,76.60708107948304,81.26803072780372,28.04810794442892,48.55897338092327,1.5237432438880205,16251.790386199951,0.0,23.0,0.0,2.0,0.050000000000000044,1.1463240776211023,1.1401013284921646,0.020742553228046745
double_centered_full_action_dqn,805,508,78.82940347492695,81.29097543999553,27.950304687023163,50.87909862399101,1.5173169868066907,16377.624214172363,0.0,25.0,0.0,2.0,0.050000000000000044,0.9659676449373364,0.9586635511368513,0.024346951977349818
double_centered_full_action_dqn,805,509,65.64863742887974,80.58772823669017,25.362891800701618,40.28574559092522,1.3936486709862947,14267.595142364502,0.0,20.0,0.0,0.0,0.050000000000000044,0.9091766346246004,0.9025073982775211,0.022230795468203723
double_centered_full_action_dqn,805,510,71.24909211695194,80.20027131371201,25.813577823340893,45.4355146586895,1.438268730416894,14840.132984161377,0.0,22.0,0.0,0.0,0.050000000000000044,1.2466993927955627,1.240857057273388,0.019474467262625694
double_centered_full_action_dqn,805,511,84.66301360726357,80.93228908225895,29.66701167821884,54.996001839637756,1.5261891651898623,16841.1388092041,0.0,26.0,0.0,4.0,0.050000000000000044,1.1711665708571672,1.1647244095802307,0.021473864966537803
double_centered_full_action_dqn,805,512,70.36674394458532,81.0240158367902,26.744849152863026,43.62189458310604,1.4082988500595093,15809.881845474243,0.0,20.0,0.0,0.0,0.050000000000000044,1.148590074852109,1.1417090333998203,0.022936814231798053
double_centered_full_action_dqn,805,513,83.6712102741003,81.37416397124528,28.767713338136673,54.90349704027176,1.491664243862033,16542.940422058105,0.0,26.0,0.0,0.0,0.050000000000000044,1.1829045452177525,1.176459876820445,0.021482239884790033
double_centered_full_action_dqn,805,514,88.99485852569342,81.72998224176466,30.28543358296156,58.709424421191216,1.579496226273477,17929.74175643921,0.0,26.0,0.0,1.0,0.050000000000000044,0.9428106462582946,0.937371569685638,0.01813024585135281
double_centered_full_action_dqn,805,515,82.21213959157467,81.75294930011034,29.549459032714367,52.66268090903759,1.5090179219841957,16847.349990844727,0.0,24.0,0.0,1.0,0.050000000000000044,0.9511284530162811,0.944659685716033,0.021562579669989645
double_centered_full_action_dqn,805,516,88.97500207275152,81.70191016934811,27.890208832919598,61.08479271829128,1.499812237918377,16402.232078552246,0.0,28.0,0.0,0.0,0.050000000000000044,1.161458901129663,1.1555925998836756,0.019554324448108673
double_centered_full_action_dqn,805,517,85.51659567058087,81.08446670152247,30.0521826967597,55.46441310048103,1.5167307257652283,17094.425708770752,0.0,26.0,0.0,1.0,0.050000000000000044,1.0231294352561235,1.0166167886927724,0.021708809828851372
double_centered_full_action_dqn,805,518,72.42350477725267,80.62542642548681,27.070879362523556,45.352625608444214,1.4479881711304188,15603.04082107544,0.0,22.0,0.0,1.0,0.050000000000000044,1.4416285185143352,1.4355873139575124,0.020137269282713532
double_centered_full_action_dqn,805,519,72.92176762968302,81.00230927281082,25.822846122086048,47.098921701312065,1.4348738798871636,15104.550018310547,0.0,23.0,0.0,0.0,0.050000000000000044,0.8880339441820979,0.881195018067956,0.022796413162723184
double_centered_full_action_dqn,805,520,88.14798728376627,80.49852277114988,31.341670773923397,56.806316673755646,1.5474153840914369,18255.866401672363,0.0,24.0,0.0,0.0,0.050000000000000044,1.0865057725459337,1.080463096499443,0.02014223876176402
double_centered_full_action_dqn,805,521,87.61656907200813,80.33334653303027,31.524033203721046,56.09253579378128,1.5915299598127604,18587.813373565674,0.0,25.0,0.0,1.0,0.050000000000000044,1.1662689074873924,1.1593218296766281,0.023157008516136557
double_centered_full_action_dqn,805,522,80.5469943061471,80.47651493586599,29.298173867166042,51.248820304870605,1.5134367449209094,17110.840404510498,0.0,24.0,0.0,0.0,0.050000000000000044,0.9737949864938855,0.9674616931006312,0.021110963658429682
double_centered_full_action_dqn,805,523,86.09045145660639,80.27957393974066,29.938189633190632,56.152261048555374,1.5783687429502606,18113.42673110962,0.0,26.0,0.0,0.0,0.050000000000000044,1.0466712033376098,1.041340564377606,0.017768749967217445
double_centered_full_action_dqn,805,524,89.99922689944506,81.20193392410874,31.521634705364704,58.47759207487106,1.5874268654733896,18160.86972808838,0.0,26.0,0.0,3.0,0.050000000000000044,1.0898738326504827,1.0834045354276896,0.021564362104982138
double_centered_full_action_dqn,805,525,85.68871534764767,81.33972788833083,28.814658381044865,56.874057137966155,1.496483203023672,16620.643295288086,0.0,27.0,0.0,1.0,0.050000000000000044,1.0595524087548256,1.0538363568484783,0.0190535006695427
double_centered_full_action_dqn,805,526,64.92166348546743,80.25453290224075,26.36295785754919,38.558705776929855,1.4239425510168076,14857.467304229736,0.0,19.0,0.0,1.0,0.050000000000000044,1.1082474142313004,1.1018947549164295,0.021175546862650663
double_centered_full_action_dqn,805,527,104.25486653447152,81.63692217499019,32.63274262100458,71.62212386131287,1.6001981375738978,18356.897022247314,0.0,31.0,0.0,1.0,0.050000000000000044,1.0817409018054605,1.0758782839402556,0.019542035181075335
double_centered_full_action_dqn,805,528,77.33588406443596,81.56224620446564,27.704445756971836,49.63143855333328,1.5061041805893183,16514.988304138184,0.0,23.0,0.0,1.0,0.050000000000000044,1.1069299494847655,1.1012016767635942,0.01909427990904078
double_centered_full_action_dqn,805,529,69.38147106021643,81.74888788603246,26.60820285230875,42.773267567157745,1.4551585707813501,15234.879272460938,0.0,22.0,0.0,0.0,0.050000000000000044,1.1088699623942375,1.1021566316485405,0.02237780694849789
double_centered_full_action_dqn,805,530,82.56776267290115,82.31482141382993,30.001509457826614,52.566253304481506,1.5571355391293764,17238.63628768921,0.0,25.0,0.0,1.0,0.050000000000000044,1.021468403749168,1.0159489521756768,0.018398198764771223
double_centered_full_action_dqn,805,531,93.76720558553934,82.77003101274371,30.57566973567009,63.19153641611338,1.5713281417265534,17770.048500061035,0.0,28.0,0.0,3.0,0.050000000000000044,0.9726634006947279,0.966741805896163,0.01973867492051795
double_centered_full_action_dqn,805,532,64.59188258647919,82.4812879448384,26.5327777415514,38.05910497903824,1.4376964811235666,15427.387336730957,0.0,18.0,0.0,1.0,0.050000000000000044,0.7051517749205232,0.6992780016735196,0.019579265033826232
double_centered_full_action_dqn,805,533,78.26570084691048,82.21101247347892,28.498896710574627,49.76680342853069,1.4909007446840405,16867.330055236816,0.0,25.0,0.0,0.0,0.050000000000000044,1.4915157984942198,1.4848969355225563,0.022062794771045446
double_centered_full_action_dqn,805,534,73.79819823205472,81.45117945879699,28.072933360934258,45.72526464760303,1.4692695178091526,15816.079734802246,0.0,23.0,0.0,3.0,0.050000000000000044,1.2143513979390264,1.2085728934034705,0.019261706620454788
double_centered_full_action_dqn,805,535,90.50991519540548,81.86606823898853,30.085622057318687,60.424292743206024,1.5485542267560959,17386.921924591064,0.0,28.0,0.0,0.0,0.050000000000000044,0.9219206934794784,0.9159483425319195,0.019907869049347937
double_centered_full_action_dqn,805,536,91.53110196441412,81.99387323357166,32.54069098830223,58.990410789847374,1.564345594495535,18423.76946258545,0.0,28.0,0.0,1.0,0.050000000000000044,1.387305200099945,1.3811799846589565,0.020417397026903927
double_centered_full_action_dqn,805,537,80.22321707010269,81.72920430354775,29.76053985208273,50.46267682313919,1.5316266370937228,17069.12455368042,0.0,23.0,0.0,2.0,0.050000000000000044,1.1763735646381974,1.170457599684596,0.019719865638762712
double_centered_full_action_dqn,805,538,68.98136829137802,81.55709747925401,26.12328152358532,42.858086976408956,1.4483668692409992,14964.73176574707,0.0,20.0,0.0,2.0,0.050000000000000044,1.0981435561552644,1.0920345485210419,0.020363381307106465
double_centered_full_action_dqn,805,539,100.41242416352034,82.93163030594589,33.66771014779806,66.74471455216408,1.6275531155988574,19471.338039398193,0.0,28.0,0.0,2.0,0.050000000000000044,1.4964658692479134,1.4888598136603832,0.025353525241371244
double_centered_full_action_dqn,805,540,66.18670036792756,81.83356596015395,25.3895081654191,40.79719206094742,1.4038551226258278,14591.884536743164,0.0,20.0,0.0,4.0,0.050000000000000044,1.166395666077733,1.1602029539644718,0.02064241748303175
double_centered_full_action_dqn,805,541,85.3038891106844,81.71793196208776,29.129733368754387,56.17415550351143,1.5094902412965894,16773.99280166626,0.0,25.0,0.0,1.0,0.050000000000000044,1.1110714133828878,1.1053612418472767,0.019033859600313008
double_centered_full_action_dqn,805,542,83.95796187222004,81.88848034039141,28.86855646967888,55.08940476179123,1.551066611893475,17490.100200653076,0.0,23.0,0.0,3.0,0.050000000000000044,1.1966557167470455,1.190685447305441,0.019900915678590536
double_centered_full_action_dqn,805,543,90.35366499423981,82.10164101727307,31.116837590932846,59.236827582120895,1.543402686715126,17812.63182449341,0.0,26.0,0.0,0.0,0.050000000000000044,1.2094672927632928,1.2030239589512348,0.021477813308592886
double_centered_full_action_dqn,805,544,89.35582899451256,82.06947112202644,30.786537274718285,58.569291496276854,1.5633947281166911,17682.64914703369,0.0,28.0,0.0,4.0,0.050000000000000044,0.8944686679169536,0.887700323946774,0.022561124991625547
double_centered_full_action_dqn,805,545,95.52490721046925,82.56128071516753,32.00500251352787,63.519905322790144,1.6126420078799129,18690.336547851562,0.0,28.0,0.0,2.0,0.050000000000000044,1.0570440739393234,1.0503305047750473,0.022378570516593754
double_centered_full_action_dqn,805,546,100.91962416768074,84.3611787492782,32.606828823685646,68.31279491186142,1.6500403909012675,19200.21133041382,0.0,30.0,0.0,4.0,0.050000000000000044,1.331967456266284,1.3251574020832777,0.022700089728459716
double_centered_full_action_dqn,805,547,57.181292459368706,82.00750004552306,25.677384927868843,31.50390776991844,1.4079032922163606,14782.208099365234,0.0,18.0,0.0,0.0,0.050000000000000044,1.0586484149098396,1.0525576919317245,0.02030248154187575
double_centered_full_action_dqn,805,548,72.32995682805776,81.75720368370413,25.742566145956516,46.5873910844326,1.4287940682843328,15082.763332366943,0.0,22.0,0.0,4.0,0.050000000000000044,1.3306346833705902,1.3236709423363209,0.023212456610053778
double_centered_full_action_dqn,805,549,79.9784604370594,82.28705315254628,27.32568410038948,52.652776589989664,1.463928728364408,15828.219669342041,0.0,24.0,0.0,4.0,0.050000000000000044,0.7842683745548129,0.7781075416132808,0.020536125579383224
double_centered_full_action_dqn,805,550,104.33913346529008,83.37562169216572,32.91074547171593,71.42838830649853,1.6259437212720513,18851.509201049805,0.0,31.0,0.0,2.0,0.050000000000000044,1.1200863756239414,1.113586651161313,0.02166574844159186
double_centered_full_action_dqn,805,551,74.37997730970383,82.40626027837395,26.517437636852264,47.86253925561905,1.4262077817693353,15246.990821838379,0.0,23.0,0.0,2.0,0.050000000000000044,1.1703512268140912,1.1638339711353183,0.021724203950725496
double_centered_full_action_dqn,805,552,59.673579186201096,82.16034510836005,24.11013139784336,35.56344738602638,1.3966123731806874,14435.443111419678,0.0,19.0,0.0,0.0,0.050000000000000044,0.8180659264326096,0.8122207662090659,0.01948383601848036
double_centered_full_action_dqn,805,553,85.25367340445518,82.50974373623731,28.274510487914085,56.979162603616714,1.4925281843170524,16620.835693359375,0.0,26.0,0.0,0.0,0.050000000000000044,1.0734627302736044,1.0678278664126992,0.018782894650939852
double_centered_full_action_dqn,805,554,66.94598600268364,82.16713312476874,26.952552169561386,39.99343380331993,1.4426289470866323,15764.390911102295,0.0,20.0,0.0,0.0,0.050000000000000044,1.6435558758676052,1.6369601860642433,0.021985583589412272
double_centered_full_action_dqn,805,555,86.37840779423713,81.96055775471032,28.80568077415228,57.5727273106575,1.484242882579565,16430.07070541382,0.0,25.0,0.0,4.0,0.050000000000000044,1.3352344278246164,1.3287516832351685,0.021609105577226728
double_centered_full_action_dqn,805,556,73.88618862032891,81.07831208750605,26.442570134997368,47.44361879825592,1.464116245508194,15514.247310638428,0.0,22.0,0.0,1.0,0.050000000000000044,1.4488114453852177,1.442782685160637,0.020095831132493913
double_centered_full_action_dqn,805,557,73.42284274101257,80.73829337105155,27.342271760106087,46.08057099580765,1.4647090705111623,15599.650333404541,0.0,22.0,0.0,1.0,0.050000000000000044,1.4600478745996952,1.4541103541851044,0.019791729748249054
double_centered_full_action_dqn,805,558,82.03856234550476,81.39115307375789,30.192407697439194,51.84615487158298,1.538631172850728,17477.12490081787,0.0,23.0,0.0,2.0,0.050000000000000044,0.9675628207623959,0.9615749567747116,0.01995957992039621
double_centered_full_action_dqn,805,559,91.24589126706124,80.93282642893494,29.541747391223907,61.70414429306984,1.5387128330767155,17011.392831802368,0.0,28.0,0.0,2.0,0.050000000000000044,1.116023595444858,1.1100550815463066,0.019895019591785967
double_centered_full_action_dqn,805,560,84.34748389720917,81.84086560539902,27.968230336904526,56.37925394773483,1.4978215554729104,16424.0258102417,0.0,27.0,0.0,1.0,0.050000000000000044,1.1684952331706882,1.1629426684230566,0.01850855810334906
double_centered_full_action_dqn,805,561,81.03327737152577,81.6273350184411,28.25002384185791,52.78325303792953,1.5103358374908566,16516.344772338867,0.0,25.0,0.0,2.0,0.050000000000000044,1.2356609338894486,1.2297919802367687,0.019563156238291413
double_centered_full_action_dqn,805,562,90.57202108353377,81.95803797900678,31.404317148029804,59.1677039206028,1.5931616555899382,18575.883724212646,0.0,26.0,0.0,3.0,0.050000000000000044,1.1036874605342746,1.0973108485341072,0.021255393512547016
double_centered_full_action_dqn,805,563,81.33402545154095,81.50705600187185,28.42388617992401,52.910139554739,1.5184722049161792,16854.114849090576,0.0,24.0,0.0,3.0,0.050000000000000044,0.9453405849635601,0.9392174640670419,0.020410408440511674
double_centered_full_action_dqn,805,564,80.32365369945765,81.0554472371191,28.84358537942171,51.48006878197193,1.512391402386129,16818.5514793396,0.0,25.0,0.0,1.0,0.050000000000000044,1.207597864791751,1.2014318266883492,0.020553425303660333
double_centered_full_action_dqn,805,565,97.11140136420727,81.13477194480599,33.00658565759659,64.10481560230255,1.5797536075115204,18947.62420654297,0.0,28.0,0.0,2.0,0.050000000000000044,1.3091289401054382,1.3026150977239013,0.021712818066589534
double_centered_full_action_dqn,805,566,76.24914683699608,79.90124807827175,27.21672097593546,49.032425585389134,1.4610827891156077,15919.513957977295,0.0,22.0,0.0,4.0,0.050000000000000044,1.1789332143962383,1.171477172523737,0.02485344570595771
double_centered_full_action_dqn,805,567,83.36225087940693,81.21029599927365,26.955941908061504,56.40630875527859,1.4482578095048666,15693.698936462402,0.0,25.0,0.0,1.0,0.050000000000000044,1.1650324314832687,1.1590400598943233,0.019974533293861896
double_centered_full_action_dqn,805,568,73.58149712681771,81.27287301421165,26.311396427452564,47.2701002150774,1.4540062583982944,15428.574314117432,0.0,24.0,0.0,1.0,0.050000000000000044,1.0152293592691422,1.0091201839968562,0.020363917225040495
double_centered_full_action_dqn,805,569,56.711410745978355,80.1095205296576,24.555767685174942,32.15564300119877,1.3922508647665381,14478.373725891113,0.0,17.0,0.0,1.0,0.050000000000000044,1.2213563695549965,1.2146102162078023,0.02248714753659442
double_centered_full_action_dqn,805,570,73.15924582630396,78.5505261477083,25.52752935141325,47.631716549396515,1.4347956078127027,15159.241645812988,0.0,23.0,0.0,0.0,0.050000000000000044,1.1384792383760214,1.1314758714288473,0.023344536894001067
double_centered_full_action_dqn,805,571,79.07336042821407,78.78519530363381,27.059913270175457,52.013447523117065,1.484579162672162,16097.581287384033,0.0,25.0,0.0,2.0,0.050000000000000044,1.0924704112112522,1.0861009806394577,0.021231466787867248
double_centered_full_action_dqn,805,572,81.62508939504623,79.88277081407605,26.67033853381872,54.95475124120712,1.4421930750831962,15434.30209350586,0.0,24.0,0.0,2.0,0.050000000000000044,0.9786061588674784,0.9727052645757794,0.0196696380735375
double_centered_full_action_dqn,805,573,92.95257602930069,80.26771594531834,31.49198044836521,61.46059572994709,1.596353380009532,18266.1524848938,0.0,28.0,0.0,2.0,0.050000000000000044,0.9187156055122614,0.9121721517294645,0.021811513928696513
double_centered_full_action_dqn,805,574,111.98134227395057,82.51948375888168,36.34855065494776,75.6327919691801,1.699539246968925,20373.847537994385,0.0,32.0,0.0,5.0,0.050000000000000044,1.1553556388244033,1.148982623592019,0.021243387600407004
double_centered_full_action_dqn,805,575,82.61312569081784,82.33121965371072,30.53258951753378,52.080536210536955,1.5798528483137488,18084.651611328125,0.0,25.0,0.0,1.0,0.050000000000000044,0.8033446287736297,0.7972118891775608,0.02044248068705201
double_centered_full_action_dqn,805,576,81.95000511556864,82.73441047847273,27.052558943629265,54.89744616448879,1.4754053987562656,15912.077411651611,0.0,26.0,0.0,1.0,0.050000000000000044,1.0762870283797383,1.0697715692222118,0.02171819389332086
double_centered_full_action_dqn,805,577,91.64634278416634,83.6455854806304,31.708395190536976,59.937947794795036,1.6014400459825993,18595.607120513916,0.0,28.0,0.0,0.0,0.050000000000000044,1.160951060242951,1.1540942220017314,0.02285612910054624
double_centered_full_action_dqn,805,578,75.27741426974535,83.30752807684243,28.335080921649933,46.942333444952965,1.51186085306108,16663.812103271484,0.0,23.0,0.0,2.0,0.050000000000000044,1.1509202104061842,1.143576854839921,0.024477831204421818
double_centered_full_action_dqn,805,579,86.99894158691168,83.09518059283496,30.26251356303692,56.736428984999655,1.5347616663202643,17655.034103393555,0.0,27.0,0.0,1.0,0.050000000000000044,1.0316396905109286,1.024907322600484,0.022441211040131748
double_centered_full_action_dqn,805,580,68.02644919902086,82.27912885792554,26.584300003945827,41.44214937388897,1.432294337078929,14945.400829315186,0.0,23.0,0.0,2.0,0.050000000000000044,1.186407109722495,1.1806637346744537,0.01914453733479604
double_centered_full_action_dqn,805,581,78.74695958942175,82.16481296882033,26.980465449392796,51.766494154930115,1.4675060622394085,15718.621891021729,0.0,24.0,0.0,0.0,0.050000000000000044,1.033130282536149,1.0269238771870732,0.020687978831119835
double_centered_full_action_dqn,805,582,79.79485905319453,81.62595486730338,29.01424366980791,50.78061562180519,1.515689356252551,16811.54246520996,0.0,23.0,0.0,1.0,0.050000000000000044,0.9208263764157891,0.9144048625603318,0.0214050707872957
double_centered_full_action_dqn,805,583,86.38950956761838,81.87872907310725,28.579535081982613,57.809974098205565,1.5189737183973193,16608.233066558838,0.0,27.0,0.0,1.0,0.050000000000000044,1.287003681063652,1.279806673526764,0.023990005487576127
double_centered_full_action_dqn,805,584,82.39683483541012,81.98238812990488,28.58000700175762,53.8168279081583,1.5332719013094902,16974.97018814087,0.0,25.0,0.0,1.0,0.050000000000000044,1.0565216690301895,1.050496792420745,0.02008294645929709
double_centered_full_action_dqn,805,585,76.83588482439518,80.96861230291427,27.57963389158249,49.256251245737076,1.5134468469768763,16536.125774383545,0.0,24.0,0.0,0.0,0.050000000000000044,1.3370452718809247,1.3314466178417206,0.01866213628090918
double_centered_full_action_dqn,805,586,80.78477566242218,81.19539374418557,28.154773011803627,52.630003082752225,1.4991662623360753,16316.218105316162,0.0,24.0,0.0,3.0,0.050000000000000044,1.1579855121672153,1.151697144843638,0.02096125262323767
double_centered_full_action_dqn,805,587,82.65197857618332,81.15988012902439,29.832534670829773,52.81944408416748,1.5353938806802034,17281.62353515625,0.0,25.0,0.0,2.0,0.050000000000000044,1.0094325179234147,1.0028250571340322,0.022024900128599256
double_centered_full_action_dqn,805,588,76.6330829039216,81.31245941787958,28.780072934925556,47.85301008820534,1.5196804385632277,16990.9291305542,0.0,22.0,0.0,0.0,0.050000000000000044,0.984245952218771,0.9772943276911974,0.02317207818850875
double_centered_full_action_dqn,805,589,65.48400125652552,81.75108894340693,25.33482078462839,40.14918050169945,1.4435339085757732,15433.28246307373,0.0,21.0,0.0,1.0,0.050000000000000044,1.091072415933013,1.084469466470182,0.022009824344422668
double_centered_full_action_dqn,805,590,78.50233806669712,82.01824355542661,28.22395159304142,50.2783864736557,1.5031744316220284,16570.214628219604,0.0,23.0,0.0,0.0,0.050000000000000044,1.2887586746364832,1.2819929318502545,0.022552512295078486
double_centered_full_action_dqn,805,591,88.84404312074184,82.50677769005299,30.55765038728714,58.286391988396645,1.5858390517532825,17718.343326568604,0.0,27.0,0.0,1.0,0.050000000000000044,1.2434631893411279,1.2373106237500906,0.02050854341359809
double_centered_full_action_dqn,805,592,73.91753977537155,82.12140020906926,27.076786264777184,46.84075349569321,1.5091409869492054,16552.008178710938,0.0,22.0,0.0,2.0,0.050000000000000044,0.9576144050806761,0.9511793525889516,0.021450165193527937
double_centered_full_action_dqn,805,593,65.23967496603727,80.73575515590609,24.454687722027302,40.78498749732971,1.3855329742655158,14434.85111618042,0.0,20.0,0.0,2.0,0.050000000000000044,1.0836444813758135,1.0778219196945429,0.01940858387388289
double_centered_full_action_dqn,805,594,95.38723030090333,79.90604955725372,32.50058600306511,62.886644223332404,1.5994721679016948,19020.05100250244,0.0,27.0,0.0,2.0,0.050000000000000044,0.9390916936099529,0.9322877442464232,0.022679850575514138
double_centered_full_action_dqn,805,595,88.10996768772603,80.18089165709912,30.736443430185318,57.37352449595928,1.5871404763311148,17823.83982849121,0.0,26.0,0.0,2.0,0.050000000000000044,0.8518690131604671,0.8452172772958875,0.022172472323291004
double_centered_full_action_dqn,805,596,100.02903291583061,81.08484304711223,33.25137747824192,66.77765516936779,1.6300463639199734,18999.756591796875,0.0,30.0,0.0,2.0,0.050000000000000044,1.1127506215125322,1.1063836347311735,0.021223243209533393
double_centered_full_action_dqn,805,597,93.58818151056767,81.1819349834323,31.660062856972218,61.928118884563446,1.5874193962663412,18550.771675109863,0.0,27.0,0.0,2.0,0.050000000000000044,1.4963129367679358,1.489835323765874,0.02159207535441965
double_centered_full_action_dqn,805,598,98.1499113023281,82.32555983506144,33.07793292403221,65.07197854220867,1.6384934224188328,19151.041076660156,0.0,29.0,0.0,2.0,0.050000000000000044,1.1609045807272196,1.1544256648048759,0.021596428123302758
double_centered_full_action_dqn,805,599,71.28452320545912,81.53983891598881,26.476118624210358,44.808404424786566,1.4339192314073443,15009.295307159424,0.0,21.0,0.0,1.0,0.050000000000000044,1.2593710161745548,1.2522017322480679,0.023897645878605545
