variant,model_seed,episode,cost,rolling_cost,immediate_cost,penalty,energy_use,latency_ms,thermal_violation,energy_violation,queue_violation,contact_violation,epsilon,loss,td_loss,auxiliary_loss
double_dqn,811,0,100.28423030078412,100.28423030078412,35.6828478872776,64.60138227939606,1.599578844383359,20330.063667297363,0.0,29.0,0.0,1.0,0.9954761904761905,,,
double_dqn,811,1,107.69052097201347,103.9873756363988,36.62864065170288,71.06188049912453,1.6509161777794361,21553.707134246826,0.0,30.0,0.0,1.0,0.9909523809523809,1.1444721221923828,1.1444721221923828,0.0
double_dqn,811,2,182.76738113012263,130.24737746764006,44.50418418645859,138.2631968989606,1.9218707447871566,26906.59800338745,0.0,40.0,26.0,1.0,0.9864285714285714,1.132273968309164,1.132273968309164,0.0
double_dqn,811,3,130.57865691540763,130.33019732958195,46.52491860091686,84.053738612514,1.8392051057890058,26482.17116546631,0.0,34.0,1.0,1.0,0.981904761904762,1.282503679394722,1.282503679394722,0.0
double_dqn,811,4,113.90366238355637,127.04489034037684,36.787134632468224,77.11652857065201,1.677235090173781,21419.886781692505,0.0,33.0,0.0,1.0,0.9773809523809524,1.1299830377101898,1.1299830377101898,0.0
double_dqn,811,5,130.3138118853646,127.5897105978748,41.3477333933115,88.96607871557053,1.8632491333410144,25218.9334564209,0.0,35.0,7.0,0.0,0.9728571428571429,0.8629995249211788,0.8629995249211788,0.0
double_dqn,811,6,133.58666404146948,128.44641823267403,37.89953453838825,95.68712895173822,1.793330010958016,23271.645065307617,0.0,32.0,15.0,3.0,0.9683333333333334,0.7414932809770107,0.7414932809770107,0.0
double_dqn,811,7,96.24988590329886,124.42185169150214,33.1606712564826,63.08921409547329,1.5804421566426754,19297.598262786865,0.0,28.0,0.0,1.0,0.9638095238095238,0.7645914889872074,0.7645914889872074,0.0
double_dqn,811,8,138.20745651894205,125.95358556121768,41.71332021057606,96.49413681500549,1.811601385474205,25164.452117919922,0.0,30.0,20.0,1.0,0.9592857142857143,0.7572620213031769,0.7572620213031769,0.0
double_dqn,811,9,153.69317133291642,128.72754413838754,42.30723248422146,111.38593887849727,1.8608452044427395,25324.12952041626,0.0,34.0,27.0,2.0,0.9547619047619048,0.5511543545871973,0.5511543545871973,0.0
double_dqn,811,10,119.32122523061552,127.87242423768099,39.461540661752224,79.85968468062204,1.7552149938419461,23569.49533843994,0.0,33.0,12.0,0.0,0.9502380952380952,0.45007434859871864,0.45007434859871864,0.0
double_dqn,811,11,150.23639223781197,129.73608823769192,40.92990857362747,109.30648388770189,1.9129731878638268,25021.421939849854,0.0,36.0,19.0,2.0,0.9457142857142857,0.3280007541179657,0.3280007541179657,0.0
double_dqn,811,12,128.27637129028372,129.62380231866052,35.26130822300911,93.01506321628622,1.7338492358103395,21789.011756896973,0.0,31.0,19.0,1.0,0.9411904761904761,0.2808814672753215,0.2808814672753215,0.0
double_dqn,811,13,124.22163690626621,129.23793336063235,43.171031430363655,81.05060559511185,1.738830872811377,24688.267570495605,0.0,33.0,0.0,0.0,0.9366666666666666,0.2422812096774578,0.2422812096774578,0.0
double_dqn,811,14,216.2237592221199,135.03698841806485,48.752807304263115,167.47095191785678,2.0055058039724827,28661.932949066162,0.0,42.0,40.0,1.0,0.9321428571428572,0.20896333549171686,0.20896333549171686,0.0
double_dqn,811,15,169.64098954008378,137.19973848819103,42.57025995850563,127.07072964118277,1.9384756460785866,26310.80744934082,0.0,36.0,28.0,0.0,0.9276190476190476,0.5971625167876482,0.5971625167876482,0.0
double_dqn,811,16,173.9818102868949,139.36338977046773,43.88929070532322,130.09251946236233,1.9139401707798243,26210.31711578369,0.0,37.0,33.0,0.0,0.9230952380952381,0.6532699223607779,0.6532699223607779,0.0
double_dqn,811,17,153.83385155828236,140.1673043142352,46.74234056472778,107.09151081474064,1.9468280095607042,27435.53883743286,0.0,37.0,20.0,1.0,0.9185714285714286,0.416853504255414,0.416853504255414,0.0
double_dqn,811,18,134.65155804476845,139.87700187900012,39.81037324666977,94.8411845298778,1.7711981227621436,23533.067588806152,0.0,37.0,27.0,0.0,0.914047619047619,0.3088497528806329,0.3088497528806329,0.0
double_dqn,811,19,131.96906623556404,139.48160509682833,36.66733866930008,95.30172787918832,1.823091053403914,23322.41254043579,0.0,32.0,18.0,2.0,0.9095238095238095,0.2700070198625326,0.2700070198625326,0.0
double_dqn,811,20,137.32011490087066,141.33339932683265,41.96993865817785,95.35017645875963,1.798841760493815,24415.393440246582,0.0,37.0,20.0,0.0,0.905,0.21897182520478964,0.21897182520478964,0.0
double_dqn,811,21,107.2526027560234,141.31150341603316,38.979377284646034,68.2732253074646,1.7434834111481905,23428.84571456909,0.0,28.0,0.0,0.0,0.9004761904761904,0.22551279421895742,0.22551279421895742,0.0
double_dqn,811,22,120.73331022283114,138.2097998706686,43.080637112259865,77.65267319997824,1.8090095994994044,25513.256496429443,0.0,32.0,3.0,0.0,0.895952380952381,0.195202874019742,0.195202874019742,0.0
double_dqn,811,23,204.16451965238588,141.8890930075175,42.717032589018345,161.4474870931699,1.9047013083472848,26376.48810195923,0.0,36.0,32.0,2.0,0.8914285714285715,0.693059841170907,0.693059841170907,0.0
double_dqn,811,24,123.17064894143522,142.35244233541144,38.665203019976616,84.50544580224928,1.7254123473539948,22848.743076324463,0.0,30.0,18.0,1.0,0.8869047619047619,0.6136931888759136,0.6136931888759136,0.0
double_dqn,811,25,100.16847714781761,140.8451755985341,35.65684613585472,64.51163110136986,1.6403411235660315,21667.305625915527,0.0,27.0,0.0,0.0,0.8823809523809524,0.38141451217234135,0.38141451217234135,0.0
double_dqn,811,26,110.48954206258058,139.69031949958963,40.741867788136005,69.74767475128174,1.7153967572376132,22588.783170700073,0.0,30.0,0.0,2.0,0.8778571428571429,0.3484060876071453,0.3484060876071453,0.0
double_dqn,811,27,166.98297043356712,143.22697372610304,39.844727873802185,127.13824254486374,1.8504981407895684,24170.570182800293,0.0,36.0,26.0,2.0,0.8733333333333333,0.29395999014377594,0.29395999014377594,0.0
double_dqn,811,28,118.08899066746235,142.2210504335291,41.482355162501335,76.60663623511792,1.853943127207458,24688.126041412354,0.0,34.0,0.0,1.0,0.8688095238095238,0.2969019254669547,0.2969019254669547,0.0
double_dqn,811,29,120.49858291447163,140.56132101260684,40.54096308350563,79.95761907100677,1.7621238781139255,23314.518096923828,0.0,33.0,0.0,0.0,0.8642857142857143,0.3236340153962374,0.3236340153962374,0.0
double_dqn,811,30,114.20129077136517,140.30532428964432,41.512915432453156,72.68837612867355,1.771146978251636,23765.76694869995,0.0,32.0,0.0,1.0,0.8597619047619047,0.34038995672017336,0.34038995672017336,0.0
double_dqn,811,31,109.94634683430195,138.29082201946883,38.99921074509621,70.94713617861271,1.7080624978989363,22326.00469970703,0.0,31.0,0.0,0.0,0.8552380952380952,0.8772152261808515,0.8772152261808515,0.0
double_dqn,811,32,112.56152574717999,137.50507974231363,40.99968822300434,71.56183713674545,1.7432819297537208,23876.504837036133,0.0,30.0,0.0,0.0,0.8507142857142858,0.5381981488317251,0.5381981488317251,0.0
double_dqn,811,33,116.74269472956658,137.13113263347864,40.21914499998093,76.52354899942875,1.7593098320066929,22912.31605529785,0.0,32.0,0.0,2.0,0.8461904761904762,0.4029966723173857,0.4029966723173857,0.0
double_dqn,811,34,120.435016410477,132.34169549289652,36.817691802978516,83.617324562795,1.852320509031415,23547.658714294434,0.0,30.0,9.0,1.0,0.8416666666666667,0.4245241601020098,0.4245241601020098,0.0
double_dqn,811,35,117.6085026115179,129.7400711464682,38.58230945467949,79.02619338035583,1.7858308609575033,23036.494758605957,0.0,32.0,0.0,0.0,0.8371428571428572,0.47356353886425495,0.47356353886425495,0.0
double_dqn,811,36,113.9372731089592,126.73784428757145,41.48620590567589,72.45106720328332,1.8360245153307915,24741.361198425293,0.0,30.0,0.0,1.0,0.8326190476190476,0.37026212085038424,0.37026212085038424,0.0
double_dqn,811,37,107.74323692917824,124.43331355611622,41.24196583032608,66.5012713521719,1.7384491376578808,23462.148246765137,0.0,29.0,0.0,0.0,0.8280952380952381,0.3528337962925434,0.3528337962925434,0.0
double_dqn,811,38,155.66115924230195,125.48379361599288,46.67662641406059,108.98453260472392,1.9622169025242329,27992.98834991455,0.0,33.0,23.0,1.0,0.8235714285714286,0.38206818979233503,0.38206818979233503,0.0
double_dqn,811,39,124.2589103770256,125.09828582306595,42.216731145977974,82.04217957377433,1.8249139795079827,24688.903411865234,0.0,34.0,1.0,0.0,0.819047619047619,0.9568317160010338,0.9568317160010338,0.0
double_dqn,811,40,120.62376940250397,124.26346854814763,39.670228496193886,80.95354115962982,1.7605358241125941,23172.622425079346,0.0,34.0,0.0,0.0,0.8145238095238095,0.6057993173599243,0.6057993173599243,0.0
double_dqn,811,41,190.05706145619016,128.40369148315597,47.54943327605724,142.50762823973756,2.022384918294847,28420.00235748291,0.0,37.0,26.0,0.0,0.81,0.47039154544472694,0.47039154544472694,0.0
double_dqn,811,42,117.63579222559929,128.24881558329437,38.829643711447716,78.8061484247446,1.7188551342114806,22126.337844848633,0.0,33.0,0.0,0.0,0.8054761904761905,0.4911460941657424,0.4911460941657424,0.0
double_dqn,811,43,121.74692853272171,124.12793602731116,39.14851471781731,82.59841369569511,1.8157221600413322,23702.962703704834,0.0,35.0,1.0,1.0,0.800952380952381,0.44637723080813885,0.44637723080813885,0.0
double_dqn,811,44,109.92121978998185,123.46546456973849,42.54376935958862,67.37745138406754,1.7372180921956897,24105.404823303223,0.0,29.0,0.0,1.0,0.7964285714285715,0.4722275463864207,0.4722275463864207,0.0
double_dqn,811,45,132.50737905791644,125.08240966524343,43.815353475511074,88.69202554515245,1.8597240038216114,25828.584341049194,0.0,35.0,6.0,1.0,0.7919047619047619,0.49570011906325817,0.49570011906325817,0.0
double_dqn,811,46,117.45173950493336,125.43051953736105,40.105350479483604,77.3463888913393,1.7245059413835406,22867.484802246094,0.0,33.0,0.0,0.0,0.7873809523809524,0.6450608633458614,0.6450608633458614,0.0
double_dqn,811,47,105.7795886784792,122.37035044960666,38.734043046832085,67.04554576575757,1.7289994172751904,22646.213689804077,0.0,29.0,0.0,1.0,0.7828571428571429,0.7908863145858049,0.7908863145858049,0.0
double_dqn,811,48,94.56531853228807,121.19416684284795,33.39144568890333,61.173872619867325,1.5974426018074155,18917.82529067993,0.0,28.0,0.0,1.0,0.7783333333333333,0.5234214309602976,0.5234214309602976,0.0
double_dqn,811,49,119.60603035241365,121.14953921474505,41.7803890183568,77.82564201951027,1.848799821920693,24513.280921936035,0.0,33.0,0.0,0.0,0.7738095238095238,0.48239278327673674,0.48239278327673674,0.0
double_dqn,811,50,117.07995707690716,121.29347253002217,39.301856979727745,77.77810054421425,1.7308848025277257,22448.984313964844,0.0,33.0,0.0,1.0,0.7692857142857144,0.5361825712025166,0.5361825712025166,0.0
double_dqn,811,51,107.57616909146309,121.17496364288024,41.81988576799631,65.75628293603658,1.7222507745027542,23396.509021759033,0.0,28.0,0.0,2.0,0.7647619047619048,0.5020408956333995,0.5020408956333995,0.0
double_dqn,811,52,108.34024744480848,120.96389972776167,37.22914632409811,71.11110089719296,1.7484929580241442,22418.33070755005,0.0,30.0,0.0,1.0,0.7602380952380953,0.5224133543670177,0.5224133543670177,0.0
double_dqn,811,53,124.2266832117342,121.33809915187005,45.23773264884949,78.98895039897194,1.8662990489974618,26187.72361755371,0.0,33.0,2.0,2.0,0.7557142857142858,0.45261240378022194,0.45261240378022194,0.0
double_dqn,811,54,131.3994936514594,121.88632301391917,41.191419169306755,90.20807363278647,1.8863351196050644,24829.639762878418,0.0,35.0,7.0,0.0,0.7511904761904762,0.8544888496398926,0.8544888496398926,0.0
double_dqn,811,55,108.07236003875732,121.40951588528114,36.680171594023705,71.39218860864639,1.7028474295511842,21441.24378967285,0.0,31.0,0.0,0.0,0.7466666666666667,0.8901031464338303,0.8901031464338303,0.0
double_dqn,811,56,109.45735593140125,121.18552002640324,40.34131284058094,69.11604316532612,1.6457012863829732,22665.44850540161,0.0,30.0,0.0,1.0,0.7421428571428572,0.6788490563631058,0.6788490563631058,0.0
double_dqn,811,57,115.56317928433418,121.57651714416102,36.6579724252224,78.90520709753036,1.7051938911899924,21072.068691253662,0.0,33.0,0.0,2.0,0.7376190476190476,0.6731503587216139,0.6731503587216139,0.0
double_dqn,811,58,135.63099802178013,120.57500908313493,37.87257044017315,97.75842752200235,1.8416403327137232,22695.805171966553,0.0,35.0,18.0,1.0,0.7330952380952381,0.6140882801264524,0.6140882801264524,0.0
double_dqn,811,59,116.00147134959698,120.1621371317635,36.684777453541756,79.31669337451459,1.7645491221919656,22138.658111572266,0.0,35.0,0.0,1.0,0.7285714285714286,0.7192118186503649,0.7192118186503649,0.0
double_dqn,811,60,109.05547659993172,119.5837224916349,38.28641365468502,70.7690634071827,1.7156586227938533,21927.71741104126,0.0,30.0,0.0,2.0,0.724047619047619,0.606278751976788,0.606278751976788,0.0
double_dqn,811,61,123.9757029145956,116.27965456455517,40.79422904551029,83.1814739882946,1.7983627198264003,23739.931968688965,0.0,36.0,0.0,2.0,0.7195238095238095,0.6175514366477728,0.6175514366477728,0.0
double_dqn,811,62,134.53312560915947,117.12452123373319,47.682227820158005,86.85089722275734,1.894195077009499,27096.45835494995,0.0,35.0,0.0,1.0,0.7150000000000001,0.9678770545870066,0.9678770545870066,0.0
double_dqn,811,63,106.88642992079258,116.38149630313671,37.020443096756935,69.86598728597164,1.654247673228383,21102.352809906006,0.0,31.0,0.0,0.0,0.7104761904761905,0.7004909459501505,0.7004909459501505,0.0
double_dqn,811,64,122.67395050823689,117.01913283904946,42.68624567985535,79.98770517110825,1.7411952009424567,24225.200008392334,0.0,33.0,0.0,0.0,0.7059523809523809,0.6168269021436572,0.6168269021436572,0.0
double_dqn,811,65,84.09735609591007,114.59863169094915,30.89297004044056,53.20438587665558,1.5703774569556117,18227.72105026245,0.0,23.0,0.0,1.0,0.7014285714285715,0.7165544535964727,0.7165544535964727,0.0
double_dqn,811,66,134.76207020122413,115.4641482257637,41.57771247625351,93.18435739714509,1.911355646327138,24939.59129714966,0.0,35.0,7.0,1.0,0.6969047619047619,0.6241143271327019,0.6241143271327019,0.0
double_dqn,811,67,116.7353942245245,116.01193850306595,38.548537373542786,78.18685764074326,1.8052494022995234,23146.363304138184,0.0,33.0,0.0,0.0,0.6923809523809523,0.8151669930666685,0.8151669930666685,0.0
double_dqn,811,68,128.98424514681102,117.7328848337921,41.25637196749449,87.72787383496761,1.8066112343221903,23563.87005996704,0.0,37.0,0.0,2.0,0.687857142857143,0.6117068957537413,0.6117068957537413,0.0
double_dqn,811,69,123.76364622451443,117.94076562739716,42.8798770904541,80.88376940228123,1.8625795282423496,25594.3514251709,0.0,33.0,6.0,2.0,0.6833333333333333,0.7139943093061447,0.7139943093061447,0.0
double_dqn,811,70,94.97727801799775,116.83563167445168,34.6922038346529,60.285073766112326,1.6107936911284924,20126.007564544678,0.0,26.0,0.0,1.0,0.6788095238095238,1.0961003210395575,1.0961003210395575,0.0
double_dqn,811,71,111.97558499276639,117.05560246951684,41.1058132648468,70.8697713404894,1.7909818477928638,23803.972145080566,0.0,31.0,0.0,1.0,0.6742857142857144,0.8308181539177895,0.8308181539177895,0.0
double_dqn,811,72,119.36373569071293,117.60677688181204,43.0058231651783,76.35791270434856,1.7804988333955407,24453.964305877686,0.0,33.0,0.0,0.0,0.6697619047619048,0.7296553310006857,0.7296553310006857,0.0
double_dqn,811,73,119.12151853018464,117.3515186477346,38.26555669307709,80.85596164339245,1.853322017006576,23388.3025932312,0.0,32.0,9.0,1.0,0.6652380952380952,0.6762408325448632,0.6762408325448632,0.0
double_dqn,811,74,131.4964849203825,117.35636821118075,41.96912966668606,89.52735567092896,1.8342896765097976,23966.309532165527,0.0,38.0,0.0,1.0,0.6607142857142857,0.7225221805274487,0.7225221805274487,0.0
double_dqn,811,75,98.58846375346184,116.88217339691596,35.15827202051878,63.43019209802151,1.6840672912076116,20837.248832702637,0.0,26.0,0.0,0.0,0.6561904761904762,0.6362000983208418,0.6362000983208418,0.0
double_dqn,811,76,91.67393855154515,115.99300252792315,34.50418085604906,57.16975829899311,1.6036616135388613,19439.485054016113,0.0,26.0,0.0,1.0,0.6516666666666667,0.6531261019408703,0.6531261019408703,0.0
double_dqn,811,77,107.28317622244359,115.57900237482863,36.64644938707352,70.63672707378865,1.6705220863223076,21085.94401550293,0.0,32.0,0.0,1.0,0.6471428571428571,0.8545942902565002,0.8545942902565002,0.0
double_dqn,811,78,90.02063801884651,113.29848437468195,34.17993605136871,55.84070138633251,1.5794126512482762,19653.831310272217,0.0,26.0,0.0,0.0,0.6426190476190476,1.147947482764721,1.147947482764721,0.0
double_dqn,811,79,109.67259734869003,112.9820406746366,36.7455353140831,72.92706173658371,1.6651510754600167,21245.381031036377,0.0,31.0,0.0,1.0,0.6380952380952382,0.9679324980825186,0.9679324980825186,0.0
double_dqn,811,80,107.4575557410717,112.90214463169359,38.78190916776657,68.67564710974693,1.6913108881562948,22167.40873336792,0.0,30.0,0.0,0.0,0.6335714285714286,0.7377473004162312,0.7377473004162312,0.0
double_dqn,811,81,134.1793007613361,113.4123245240306,39.586100578308105,94.5931997955978,1.9099657787010074,24528.20733642578,0.0,36.0,11.0,1.0,0.6290476190476191,0.955943351611495,0.955943351611495,0.0
double_dqn,811,82,117.76114599704742,112.57372554342501,40.50183703005314,77.25930929481983,1.7552451575174928,23096.721939086914,0.0,33.0,0.0,2.0,0.6245238095238095,0.6206517294049263,0.6206517294049263,0.0
double_dqn,811,83,105.90898867249489,112.52485348101013,36.07997144758701,69.8290174037218,1.716679804958403,20989.65683364868,0.0,31.0,0.0,2.0,0.62,0.8247721176594496,0.8247721176594496,0.0
double_dqn,811,84,104.16797171533108,111.59955454136482,36.304564103484154,67.86340779066086,1.6830601980909705,20908.886184692383,0.0,29.0,0.0,0.0,0.6154761904761905,0.8406139090657234,0.8406139090657234,0.0
double_dqn,811,85,103.3681888282299,112.56309617798084,36.551969200372696,66.81621967256069,1.7186940545216203,21339.282848358154,0.0,29.0,0.0,0.0,0.6109523809523809,0.8162861168384552,0.8162861168384552,0.0
double_dqn,811,86,132.43059834241868,112.44652258504054,44.42648282647133,88.00411497950554,1.8211803939193487,25094.85015487671,0.0,39.0,0.0,2.0,0.6064285714285714,1.377087164670229,1.377087164670229,0.0
double_dqn,811,87,92.0438848465681,111.21194711614274,31.19243946671486,60.85144527554512,1.5906500108540058,17947.942111968994,0.0,27.0,0.0,2.0,0.6019047619047619,0.8276847042143345,0.8276847042143345,0.0
double_dqn,811,88,107.04101946353913,110.11478583197916,37.713677659630775,69.32734137177468,1.6833100421354175,21394.2137298584,0.0,29.0,0.0,1.0,0.5973809523809523,0.8790500480681658,0.8790500480681658,0.0
double_dqn,811,89,108.84619503617287,109.36891327256208,35.260363057255745,73.58583229184151,1.6548991659656167,19994.577325820923,0.0,34.0,0.0,1.0,0.592857142857143,0.8653845451772213,0.8653845451772213,0.0
double_dqn,811,90,87.67823252081871,109.0039609977031,30.16990028321743,57.50833223760128,1.5238380720838904,17344.066110610962,0.0,27.0,0.0,1.0,0.5883333333333334,0.9027607571333647,0.9027607571333647,0.0
double_dqn,811,91,123.71695887446404,109.59102969178801,40.7071438729763,83.00981613397599,1.8057220866903663,23710.94478225708,0.0,34.0,0.0,1.0,0.5838095238095238,0.8625697437673807,0.8625697437673807,0.0
double_dqn,811,92,104.88145203888416,108.86691550919656,35.968241557478905,68.91321018338203,1.61538062710315,20034.183626174927,0.0,30.0,0.0,0.0,0.5792857142857144,0.8814602689817548,0.8814602689817548,0.0
double_dqn,811,93,112.94961841404438,108.55832050338954,38.582713179290295,74.36690536141396,1.7154440032318234,21947.212238311768,0.0,32.0,0.0,0.0,0.5747619047619048,1.1385460887104273,1.1385460887104273,0.0
double_dqn,811,94,106.90072420537471,107.32853246763916,37.79624704271555,69.10447721481323,1.676879440434277,21434.070943832397,0.0,28.0,0.0,3.0,0.5702380952380952,1.2859411053359509,1.2859411053359509,0.0
double_dqn,811,95,101.0578692495823,107.45200274244516,36.10255018621683,64.95531907081605,1.6601324193179607,20392.853687286377,0.0,29.0,0.0,1.0,0.5657142857142857,1.157109573483467,1.157109573483467,0.0
double_dqn,811,96,100.1202275454998,107.8743171921429,35.07743899524212,65.04278844594955,1.6497959597036242,20308.556118011475,0.0,29.0,0.0,1.0,0.5611904761904762,1.0355351381003857,1.0355351381003857,0.0
double_dqn,811,97,88.39364565908909,106.92984066397518,31.882254883646965,56.511390924453735,1.5766767403110862,18385.85584640503,0.0,24.0,0.0,0.0,0.5566666666666666,0.908330300822854,0.908330300822854,0.0
double_dqn,811,98,106.46479997932911,107.75204876199932,38.2869266718626,68.17787278592587,1.6358950957655907,21243.424781799316,0.0,31.0,0.0,2.0,0.5521428571428572,0.8193428982049227,0.8193428982049227,0.0
double_dqn,811,99,95.72940349578857,107.05488906935425,32.80702241510153,62.92238077521324,1.6088990699499846,18852.68404197693,0.0,29.0,0.0,0.0,0.5476190476190477,0.9929779712110758,0.9929779712110758,0.0
double_dqn,811,100,94.23752897977829,106.39388773128958,33.283178836107254,60.95435053110123,1.592650843784213,19085.68169403076,0.0,27.0,0.0,0.0,0.5430952380952381,0.7590865008533001,0.7590865008533001,0.0
double_dqn,811,101,102.0413908302784,104.78699223473669,34.31394196301699,67.72744830846787,1.754148369655013,20929.631523132324,0.0,29.0,0.0,1.0,0.5385714285714286,1.1959733292460442,1.1959733292460442,0.0
double_dqn,811,102,119.09243296086788,104.85355658292772,36.48811686038971,82.60431581735611,1.7323941113427281,21105.395584106445,0.0,34.0,0.0,0.0,0.5340476190476191,1.25342221185565,1.25342221185565,0.0
double_dqn,811,103,102.51940211206674,104.68407725490631,35.646269388496876,66.87313220202923,1.6530841644853354,20457.543144226074,0.0,29.0,0.0,2.0,0.5295238095238095,0.8203986268490553,0.8203986268490553,0.0
double_dqn,811,104,97.80347388982773,104.36585236363112,34.81646853685379,62.9870053678751,1.6502955462783575,20273.35139465332,0.0,28.0,0.0,0.0,0.525,1.1814985424280167,1.1814985424280167,0.0
double_dqn,811,105,128.06236192584038,105.60056101851164,42.93288081884384,85.12948122620583,1.8422015765681863,24679.029369354248,0.0,36.0,0.0,1.0,0.5204761904761905,1.0814712718129158,1.0814712718129158,0.0
double_dqn,811,106,103.00548061132432,104.12930513195693,35.759893007576466,67.24558746218682,1.6684359414502978,20419.511154174805,0.0,29.0,0.0,1.0,0.5159523809523809,0.8209182731807232,0.8209182731807232,0.0
double_dqn,811,107,98.69109631329775,104.46166570529343,33.69114912301302,64.99994651973248,1.6146974572911859,19415.594478607178,0.0,29.0,0.0,0.0,0.5114285714285716,0.8541374113410711,0.8541374113410711,0.0
double_dqn,811,108,108.77993015944958,104.54861124008895,35.60109032690525,73.17884024977684,1.7080454286187887,21054.741729736328,0.0,31.0,0.0,1.0,0.506904761904762,1.0835385173559189,1.0835385173559189,0.0
double_dqn,811,109,98.89812262356281,104.05120761945845,33.1097222790122,65.78840118646622,1.6673832098022103,19476.281993865967,0.0,27.0,0.0,0.0,0.5023809523809524,1.3767012190073729,1.3767012190073729,0.0
double_dqn,811,110,128.89374315738678,106.11198315128684,41.56173229217529,87.33201166987419,1.8383797258138657,23652.855266571045,0.0,36.0,0.0,0.0,0.4978571428571429,1.065259924158454,1.065259924158454,0.0
double_dqn,811,111,103.99421285837889,105.12584585048258,34.954869478940964,69.03934364020824,1.6542576141655445,20124.643503189087,0.0,30.0,0.0,1.0,0.4933333333333334,1.028618386015296,1.028618386015296,0.0
double_dqn,811,112,115.68585160374641,105.66606582872569,41.33201524615288,74.35383641719818,1.802965465001762,24177.50025177002,0.0,33.0,0.0,1.0,0.4888095238095238,1.0306264366954565,1.0306264366954565,0.0
double_dqn,811,113,112.50558461248875,105.6438641386479,38.13204129040241,74.37354284524918,1.7511978400871158,22149.592029571533,0.0,32.0,0.0,0.0,0.4842857142857143,1.144027579575777,1.144027579575777,0.0
double_dqn,811,114,121.36926801502705,106.36729132913054,39.50233422219753,81.86693352460861,1.7806671932339668,23046.729530334473,0.0,33.0,0.0,1.0,0.4797619047619047,0.9306927882134914,0.9306927882134914,0.0
double_dqn,811,115,86.99489504992962,105.6641426191479,32.08836743235588,54.906527602672575,1.5317843463271856,17527.554706573486,0.0,24.0,0.0,1.0,0.47523809523809524,1.322017464786768,1.322017464786768,0.0
double_dqn,811,116,109.81344006955624,106.14880324535072,35.080945178866386,74.7324952930212,1.6570495124906301,19757.810607910156,0.0,33.0,0.0,1.0,0.47071428571428575,0.7410232406109571,0.7410232406109571,0.0
double_dqn,811,117,122.16631766557694,107.83743684567511,35.9477453827858,86.21857205927373,1.7556497287005186,21461.573516845703,0.0,36.0,0.0,2.0,0.46619047619047627,1.5442159175872803,1.5442159175872803,0.0
double_dqn,811,118,119.16302634775639,108.47234816409647,39.969494953751564,79.19353124499321,1.7898681908845901,22687.058528900146,0.0,34.0,0.0,0.0,0.46166666666666667,0.9437635112553835,0.9437635112553835,0.0
double_dqn,811,119,89.67594521641732,108.16967525012792,33.65276074409485,56.023184859752654,1.5719638830050826,19014.770389556885,0.0,25.0,0.0,1.0,0.4571428571428572,1.3427857086062431,1.3427857086062431,0.0
double_dqn,811,120,110.75682193040848,108.99563989765943,36.54138830304146,74.21543300151825,1.7093149339780211,20593.263969421387,0.0,33.0,0.0,0.0,0.4526190476190477,1.1083423383533955,1.1083423383533955,0.0
double_dqn,811,121,121.43544924557209,109.96534281842412,38.46076434850693,82.97468410730362,1.755517415702343,21619.887897491455,0.0,33.0,0.0,3.0,0.4480952380952381,1.14493503049016,1.14493503049016,0.0
double_dqn,811,122,89.2993444353342,108.47568839214743,31.272079944610596,58.02726420760155,1.6154691549018025,18856.114475250244,0.0,26.0,0.0,0.0,0.4435714285714286,1.2732699662446976,1.2732699662446976,0.0
double_dqn,811,123,100.18167258054018,108.35880191557108,36.91166120022535,63.27001132071018,1.6524835992604494,20568.080127716064,0.0,27.0,0.0,0.0,0.439047619047619,1.0555486120283604,1.0555486120283604,0.0
double_dqn,811,124,121.00245426595211,109.5187509343773,42.38816664367914,78.61428733170033,1.7881505554541945,23887.67600440979,0.0,34.0,0.0,0.0,0.43452380952380953,1.1063578985631466,1.1063578985631466,0.0
double_dqn,811,125,100.93088648617268,108.16217716239393,36.236036106944084,64.69485133290291,1.6455108728259802,20470.472023010254,0.0,29.0,0.0,1.0,0.43000000000000005,1.4421173334121704,1.4421173334121704,0.0
double_dqn,811,126,97.31390734016895,107.87759849883616,30.752232059836388,66.56167505681515,1.607650346122682,17877.324001312256,0.0,30.0,0.0,1.0,0.42547619047619056,1.1844697780907154,1.1844697780907154,0.0
double_dqn,811,127,92.17895639687777,107.55199150301516,32.84219402819872,59.3367617726326,1.558315347880125,18587.69376373291,0.0,27.0,0.0,0.0,0.42095238095238097,1.6068519800901413,1.6068519800901413,0.0
double_dqn,811,128,128.73018944263458,108.54950446717442,37.552543848752975,91.17764522135258,1.7910866774618626,21897.918968200684,0.0,38.0,0.0,0.0,0.41642857142857137,1.2230231929570436,1.2230231929570436,0.0
double_dqn,811,129,103.23983508348465,108.76659009017051,34.452520065009594,68.78731548786163,1.64065670222044,19397.531299591064,0.0,29.0,0.0,2.0,0.4119047619047619,1.2865434028208256,1.2865434028208256,0.0
double_dqn,811,130,132.05729895234109,108.92476787991822,40.05703783035278,92.00026159882546,1.829000936821103,22775.943237304688,0.0,37.0,0.0,1.0,0.4073809523809524,1.2350680157542229,1.2350680157542229,0.0
double_dqn,811,131,102.61900818347931,108.85600764617325,32.15951952338219,70.4594888985157,1.6763130566105247,19139.471881866455,0.0,30.0,0.0,0.0,0.4028571428571429,1.183153435587883,1.183153435587883,0.0
double_dqn,811,132,106.90768358111382,108.41709924504161,35.378954723477364,71.52872861921787,1.6468507945537567,19809.865768432617,0.0,31.0,0.0,1.0,0.39833333333333343,1.4782045669853687,1.4782045669853687,0.0
double_dqn,811,133,89.77466443926096,107.28055323638023,32.02282386273146,57.75184032320976,1.5209870729595423,17563.350578308105,0.0,25.0,0.0,0.0,0.39380952380952383,1.657639404758811,1.657639404758811,0.0
double_dqn,811,134,103.83028768002987,106.40360421963037,37.56775036454201,66.26253709197044,1.7131954478099942,21414.622119903564,0.0,29.0,0.0,0.0,0.38928571428571423,1.0784058291465044,1.0784058291465044,0.0
double_dqn,811,135,106.32531470060349,107.37012520216406,34.88247115164995,71.44284397363663,1.6920934980735183,20557.916511535645,0.0,30.0,0.0,1.0,0.38476190476190475,1.2107382658869028,1.2107382658869028,0.0
double_dqn,811,136,97.71821830570698,106.7653641139716,36.10914082080126,61.60907747745514,1.67518191318959,20826.973262786865,0.0,28.0,0.0,1.0,0.38023809523809526,1.3501236196607351,1.3501236196607351,0.0
double_dqn,811,137,107.76907338202,106.04550189979375,37.31247001886368,70.456603333354,1.661068009212613,20740.771366119385,0.0,30.0,0.0,0.0,0.3757142857142858,1.2016283757984638,1.2016283757984638,0.0
double_dqn,811,138,97.89628502875567,104.98216483384371,31.164636589586735,66.73164849877358,1.571830140426755,17739.62966156006,0.0,29.0,0.0,1.0,0.3711904761904763,1.3494059443473816,1.3494059443473816,0.0
double_dqn,811,139,91.42334738522769,105.06953494228424,33.144854076206684,58.278493815660475,1.5558741204440594,18705.14482498169,0.0,25.0,0.0,1.0,0.3666666666666667,1.1193546038120985,1.1193546038120985,0.0
double_dqn,811,140,95.52805535495281,104.30809661351145,31.932278886437416,63.595775723457336,1.5870302272960544,18426.16703414917,0.0,29.0,0.0,0.0,0.3621428571428572,1.3341469373553991,1.3341469373553991,0.0
double_dqn,811,141,107.01218140125275,103.58693322129548,34.169126853346825,72.8430542498827,1.6951468726620078,19988.570957183838,0.0,32.0,0.0,0.0,0.3576190476190476,1.5060495641082525,1.5060495641082525,0.0
double_dqn,811,142,120.40944397449493,105.14243819825352,38.75881810486317,81.65062567591667,1.7008384838700294,21560.455129623413,0.0,34.0,0.0,1.0,0.35309523809523813,1.3510361332446337,1.3510361332446337,0.0
double_dqn,811,143,103.42226493358612,105.30446781590581,34.46633119136095,68.9559343457222,1.6588773718103766,19396.224899291992,0.0,29.0,0.0,1.0,0.34857142857142864,1.3048956226557493,1.3048956226557493,0.0
double_dqn,811,144,87.15961388498545,103.61232579685748,31.491844333708286,55.66776952147484,1.5548114171251655,18334.78851699829,0.0,25.0,0.0,0.0,0.34404761904761905,1.3718154057860374,1.3718154057860374,0.0
double_dqn,811,145,123.33785229921341,104.73267408750951,39.63015691936016,83.70769548416138,1.7891846364364028,22722.58172607422,0.0,34.0,0.0,1.0,0.33952380952380956,1.3982331342995167,1.3982331342995167,0.0
double_dqn,811,146,103.14893185347319,105.02442531317472,33.383521147072315,69.76541095972061,1.6900643575936556,19729.967226028442,0.0,31.0,0.0,0.0,0.3350000000000001,1.1736711636185646,1.1736711636185646,0.0
double_dqn,811,147,123.5303790062666,106.59199644364416,42.17102923989296,81.3593497812748,1.7992900796234608,23257.501945495605,0.0,34.0,0.0,2.0,0.3304761904761905,1.1389018185436726,1.1389018185436726,0.0
double_dqn,811,148,100.69914478063583,105.19044421054423,33.81755170226097,66.88159300386906,1.6402281261980534,19490.861907958984,0.0,30.0,0.0,0.0,0.325952380952381,1.2834738809615374,1.2834738809615374,0.0
double_dqn,811,149,101.87295849621296,105.12210038118064,32.20166986435652,69.67128884792328,1.6488066092133522,18854.861640930176,0.0,31.0,0.0,0.0,0.3214285714285714,1.7656636871397495,1.7656636871397495,0.0
double_dqn,811,150,115.4316838234663,104.2908196247369,39.14925076067448,76.2824330329895,1.7670885659754276,22549.23225402832,0.0,32.0,0.0,1.0,0.3169047619047619,1.391032125800848,1.391032125800848,0.0
double_dqn,811,151,114.41967478394508,104.88085295476019,37.85335077345371,76.56632339954376,1.7610111543908715,21878.660217285156,0.0,32.0,0.0,0.0,0.3123809523809524,1.1122818551957607,1.1122818551957607,0.0
double_dqn,811,152,78.99109328091144,103.48502343975008,27.643895834684372,51.34719726741314,1.4883484244346619,15531.731254577637,0.0,23.0,0.0,2.0,0.30785714285714294,1.4050360172986984,1.4050360172986984,0.0
double_dqn,811,153,109.37668493390083,104.46512446448205,34.30198894441128,75.07469642162323,1.6313104452565312,19251.774127960205,0.0,32.0,0.0,0.0,0.30333333333333345,1.3460778295993805,1.3460778295993805,0.0
double_dqn,811,154,119.45577953755856,105.24639905735849,35.78891356289387,83.66686651110649,1.7432038625702262,20463.873790740967,0.0,36.0,0.0,0.0,0.29880952380952375,1.6458719596266747,1.6458719596266747,0.0
double_dqn,811,155,90.50105323195457,104.45518598392604,33.44945805519819,57.05159560143947,1.5658184746280313,18059.11403274536,0.0,27.0,0.0,2.0,0.29428571428571426,1.3261080086231232,1.3261080086231232,0.0
double_dqn,811,156,95.04033491760492,104.32129181452096,34.294404432177544,60.74592998623848,1.5844034012407064,18561.528619766235,0.0,26.0,0.0,0.0,0.2897619047619048,1.7564522381871939,1.7564522381871939,0.0
double_dqn,811,157,95.16188139617444,103.69093221522867,31.822860598564148,63.33902026116848,1.5564201502129436,17773.096828460693,0.0,27.0,0.0,1.0,0.2852380952380953,1.556094728410244,1.556094728410244,0.0
double_dqn,811,158,107.58135665208101,104.17518579639496,35.64495614171028,71.93640054762363,1.668283968232572,20103.647453308105,0.0,31.0,0.0,0.0,0.2807142857142858,1.1900900062173605,1.1900900062173605,0.0
double_dqn,811,159,102.26014584302902,104.71702571928502,34.368176348507404,67.89196985960007,1.600740134716034,18879.485412597656,0.0,30.0,0.0,0.0,0.2761904761904763,1.8981542885303497,1.8981542885303497,0.0
double_dqn,811,160,81.50614094883204,104.01592999897898,28.80260518938303,52.70353581905365,1.503125966526568,16116.551387786865,0.0,24.0,0.0,1.0,0.2716666666666666,1.379601139575243,1.379601139575243,0.0
double_dqn,811,161,90.47593373060226,103.18911761544646,34.12073902785778,56.35519477725029,1.603836546652019,19054.88401222229,0.0,25.0,0.0,1.0,0.2671428571428571,1.4728204794228077,1.4728204794228077,0.0
double_dqn,811,162,114.29061535000801,102.88317618422211,35.04279048740864,79.24782471358776,1.6873914916068316,19502.47501373291,0.0,34.0,0.0,1.0,0.26261904761904764,1.3675024136900902,1.3675024136900902,0.0
double_dqn,811,163,110.19524773955345,103.22182532452048,36.47247511893511,73.72277355194092,1.7125696875154972,20624.341693878174,0.0,32.0,0.0,0.0,0.25809523809523816,1.2330017313361168,1.2330017313361168,0.0
double_dqn,811,164,84.3008165359497,103.0788854570687,28.698437191545963,55.602379322052,1.5412921095266938,16572.000282287598,0.0,26.0,0.0,1.0,0.25357142857142867,1.913094813004136,1.913094813004136,0.0
double_dqn,811,165,103.04349645972252,102.06416766509413,35.1783734112978,67.8651238232851,1.718856431543827,20767.375022888184,0.0,30.0,0.0,0.0,0.24904761904761907,1.641345763579011,1.641345763579011,0.0
double_dqn,811,166,77.39614225178957,100.77652818500995,27.468172140419483,49.92797012627125,1.4870026344433427,15678.15461730957,0.0,23.0,0.0,0.0,0.2445238095238096,1.3507439065724611,1.3507439065724611,0.0
double_dqn,811,167,93.487375035882,99.27437798649073,32.92662760615349,60.56074695289135,1.6129110092297196,18775.54322052002,0.0,27.0,0.0,0.0,0.24,1.2382860034704208,1.2382860034704208,0.0
double_dqn,811,168,101.25201147198678,99.30202132105828,34.41465002298355,66.83736143410206,1.6411746116355062,19294.19780731201,0.0,30.0,0.0,1.0,0.2354761904761905,1.7259652242064476,1.7259652242064476,0.0
double_dqn,811,169,92.93793583661318,98.8552701880783,31.002497524023056,61.93543839454651,1.544147213920951,17406.432262420654,0.0,28.0,0.0,0.0,0.23095238095238102,1.6048546954989433,1.6048546954989433,0.0
double_dqn,811,170,107.3231253772974,98.44984226576985,35.28119105100632,72.04193395376205,1.647122505120933,19875.103441238403,0.0,31.0,0.0,1.0,0.22642857142857142,1.1160532794892788,1.1160532794892788,0.0
double_dqn,811,171,113.97660005986691,98.42768852956594,36.22279042005539,77.7538098782301,1.7008340461179614,20448.84016418457,0.0,33.0,0.0,1.0,0.22190476190476194,1.5716798529028893,1.5716798529028893,0.0
double_dqn,811,172,92.10487968474627,99.08337784975768,33.49546252936125,58.60941669344902,1.5929801827296615,18631.717609405518,0.0,27.0,0.0,0.0,0.21738095238095245,1.6349326819181442,1.6349326819181442,0.0
double_dqn,811,173,93.19997086524964,98.27454214632512,30.57594345510006,62.62402726113796,1.553343366831541,17295.50930404663,0.0,29.0,0.0,3.0,0.21285714285714286,1.7983158975839615,1.7983158975839615,0.0
double_dqn,811,174,97.92896922677755,97.19820163078607,35.62838064134121,62.300588607788086,1.6406520567834377,20064.35432434082,0.0,27.0,0.0,0.0,0.20833333333333337,1.4657312203198671,1.4657312203198671,0.0
double_dqn,811,175,101.51898318529129,97.7490981284529,33.13270077854395,68.38628233969212,1.5663264468312263,18464.64708328247,0.0,30.0,0.0,0.0,0.20380952380952377,1.3878635354340076,1.3878635354340076,0.0
double_dqn,811,176,97.13010331392289,97.8535865482688,31.711506716907024,65.41859641075135,1.570418493822217,17882.13748550415,0.0,28.0,0.0,1.0,0.1992857142857143,1.6714832205325365,1.6714832205325365,0.0
double_dqn,811,177,95.46740654855967,97.86886280588806,33.07851391285658,62.38889291882515,1.6203701933845878,19017.601287841797,0.0,27.0,0.0,0.0,0.1947619047619048,1.3881124667823315,1.3881124667823315,0.0
double_dqn,811,178,80.21236926317215,96.50041343644261,29.967409633100033,50.24495993554592,1.5034682294353843,16530.260025024414,0.0,24.0,0.0,0.0,0.19023809523809532,1.2761781197041273,1.2761781197041273,0.0
double_dqn,811,179,91.38572003245353,95.95669214591383,31.520076394081116,59.86564319133758,1.5549804475158453,17606.035369873047,0.0,26.0,0.0,2.0,0.18571428571428583,1.593027612194419,1.593027612194419,0.0
double_dqn,811,180,115.06180364787579,97.63447528086603,37.94869728386402,77.1131059318781,1.7314209192991257,21461.201766967773,0.0,34.0,0.0,1.0,0.18119047619047624,1.802928876131773,1.802928876131773,0.0
double_dqn,811,181,73.82105606794357,96.80173139773309,27.08126398921013,46.73979149758816,1.4346685484051704,15171.788578033447,0.0,22.0,0.0,0.0,0.17666666666666664,1.5101568885147572,1.5101568885147572,0.0
double_dqn,811,182,95.75573499500751,95.87498737998307,31.74240780621767,64.01332724094391,1.6112526124343276,18375.80336380005,0.0,29.0,0.0,1.0,0.17214285714285715,1.2305957097560167,1.2305957097560167,0.0
double_dqn,811,183,89.27048332989216,94.8287491595,33.07752268016338,56.19296059012413,1.5725913029164076,18096.08843612671,0.0,25.0,0.0,0.0,0.16761904761904767,1.7193583771586418,1.7193583771586418,0.0
double_dqn,811,184,102.25115424394608,95.72626604489983,33.34191333502531,68.90924148261547,1.6370458481833339,19078.422912597656,0.0,29.0,0.0,0.0,0.16309523809523818,1.245596420019865,1.245596420019865,0.0
double_dqn,811,185,82.44041077792645,94.69611176081001,29.787521451711655,52.65288902819157,1.5333763472735882,16660.101676940918,0.0,25.0,0.0,1.0,0.1585714285714287,1.3143255021423101,1.3143255021423101,0.0
double_dqn,811,186,116.05182099342346,96.6288956978917,36.16987107694149,79.88195079565048,1.6866603000089526,20388.781127929688,0.0,34.0,0.0,1.0,0.1540476190476191,1.6117098275572062,1.6117098275572062,0.0
double_dqn,811,187,84.54114378243685,96.18158413521945,30.686064772307873,53.85507935285568,1.5500212060287595,17032.61346054077,0.0,25.0,0.0,0.0,0.1495238095238095,1.636558935046196,1.636558935046196,0.0
double_dqn,811,188,96.66817659884691,95.95239239156247,32.95619408041239,63.711983025074005,1.5993345864117146,18345.403953552246,0.0,28.0,0.0,0.0,0.14500000000000002,1.81363071128726,1.81363071128726,0.0
double_dqn,811,189,83.42054325342178,95.4765227624029,30.805171340703964,52.6153716892004,1.5269863680005074,17102.727157592773,0.0,25.0,0.0,0.0,0.14047619047619053,1.446388989686966,1.446388989686966,0.0
double_dqn,811,190,115.92395614087582,95.90656430058182,37.43157425522804,78.49238176643848,1.7660514498129487,21337.3959274292,0.0,33.0,0.0,0.0,0.13595238095238105,1.7901858314871788,1.7901858314871788,0.0
double_dqn,811,191,84.61951517313719,94.43871005624533,29.539416126906872,55.0800993591547,1.5029618730768561,16158.61071395874,0.0,25.0,0.0,3.0,0.13142857142857145,1.5021647103130817,1.5021647103130817,0.0
double_dqn,811,192,89.44577941298485,94.30575504265725,33.206222012639046,56.239557430148125,1.6130474153906107,18747.39146232605,0.0,26.0,0.0,1.0,0.12690476190476196,1.5607147254049778,1.5607147254049778,0.0
double_dqn,811,193,109.44999892413617,95.11825644560159,37.44143667817116,72.00856205224991,1.739898663945496,21619.140392303467,0.0,31.0,0.0,1.0,0.12238095238095237,1.6009781174361706,1.6009781174361706,0.0
double_dqn,811,194,103.1170809045434,95.37766202948987,32.80177607387304,70.31530529260635,1.6293442556634545,18477.613870620728,0.0,31.0,0.0,0.0,0.11785714285714288,1.8105198871344328,1.8105198871344328,0.0
double_dqn,811,195,92.43545787334442,94.92348576389253,32.37153101712465,60.06392665505409,1.556086010299623,17693.844383239746,0.0,26.0,0.0,3.0,0.1133333333333334,1.7777534276247025,1.7777534276247025,0.0
double_dqn,811,196,94.44318276643753,94.78913973651827,32.620444267988205,61.82273828983307,1.5864983387291431,17955.993293762207,0.0,28.0,0.0,0.0,0.1088095238095238,1.64873206615448,1.64873206615448,0.0
double_dqn,811,197,92.58747075498104,94.64514294683933,33.831348434090614,58.75612273812294,1.592787604779005,18638.18853187561,0.0,27.0,0.0,1.0,0.10428571428571431,1.7096722722053528,1.7096722722053528,0.0
double_dqn,811,198,80.83726865798235,94.67638791657984,29.671117678284645,51.166150480508804,1.46820177603513,15816.54284286499,0.0,25.0,0.0,0.0,0.09976190476190483,1.699435032904148,1.699435032904148,0.0
double_dqn,811,199,95.20126102119684,94.867164966017,34.419560961425304,60.78170108795166,1.5969578493386507,18870.09841156006,0.0,26.0,0.0,1.0,0.09523809523809534,1.5907455794513226,1.5907455794513226,0.0
double_dqn,811,200,90.28198307752609,93.62817393749953,31.63398066163063,58.64800214767456,1.6133680157363415,18026.60878753662,0.0,26.0,0.0,0.0,0.09071428571428575,1.8355533368885517,1.8355533368885517,0.0
double_dqn,811,201,80.11363855749369,93.94280306197702,30.28613991290331,49.82749870419502,1.5070848912000656,16312.053148269653,0.0,22.0,0.0,0.0,0.08619047619047626,1.6685220189392567,1.6685220189392567,0.0
double_dqn,811,202,81.28268448263407,93.21915053635834,29.24279399216175,52.03989040851593,1.505200071260333,16256.429847717285,0.0,24.0,0.0,1.0,0.08166666666666667,1.5995506457984447,1.5995506457984447,0.0
double_dqn,811,203,98.52244366705418,93.68174855321647,32.13024405390024,66.3921993970871,1.5746755404397845,17689.384979248047,0.0,29.0,0.0,1.0,0.07714285714285718,2.0815840288996696,2.0815840288996696,0.0
double_dqn,811,204,100.23771610856056,93.58107664644719,32.442899107933044,67.7948169708252,1.6315195513889194,18618.70371055603,0.0,30.0,0.0,0.0,0.0726190476190477,1.2517518512904644,1.2517518512904644,0.0
double_dqn,811,205,106.96553902328014,94.80733305871486,32.80949782580137,74.1560410708189,1.615128306671977,18015.76540374756,0.0,33.0,0.0,0.0,0.06809523809523821,1.9100541099905968,1.9100541099905968,0.0
double_dqn,811,206,82.66716194152832,93.1381001061201,29.646987184882164,53.02017451822758,1.4898568009957671,15723.527919769287,0.0,25.0,0.0,0.0,0.06357142857142861,1.5104889180511236,1.5104889180511236,0.0
double_dqn,811,207,99.98567667603493,93.91032675080001,31.357306733727455,68.6283700466156,1.5558392219245434,17194.679332733154,0.0,31.0,0.0,0.0,0.059047619047619015,1.592199994251132,1.592199994251132,0.0
double_dqn,811,208,69.21038481593132,92.53743716165424,27.07043609023094,42.13994874060154,1.4142156327143312,14365.548553466797,0.0,20.0,0.0,0.0,0.05452380952380953,1.3970159590244293,1.3970159590244293,0.0
double_dqn,811,209,85.6755151450634,92.65018575623631,32.88122335076332,52.794291734695435,1.5982283242046833,18055.560466766357,0.0,23.0,0.0,0.0,0.050000000000000044,1.8991407193243504,1.8991407193243504,0.0
double_dqn,811,210,86.60089764744043,91.18403283156454,30.012500777840614,56.588396579027176,1.5303588500246406,16415.628162384033,0.0,25.0,0.0,1.0,0.050000000000000044,1.6941560059785843,1.6941560059785843,0.0
double_dqn,811,211,77.9786011517048,90.85198713049293,27.250155434012413,50.728445345163344,1.4840327613055706,15376.65372467041,0.0,24.0,0.0,1.0,0.050000000000000044,1.9538458362221718,1.9538458362221718,0.0
double_dqn,811,212,89.25184158980846,90.84229023933412,30.92598833143711,58.325853407382965,1.5567627279087901,17280.889518737793,0.0,25.0,0.0,0.0,0.050000000000000044,2.137302901595831,2.137302901595831,0.0
double_dqn,811,213,87.20718678832054,89.73014963254333,29.579992055892944,57.62719452381134,1.542634948156774,16500.943557739258,0.0,26.0,0.0,1.0,0.050000000000000044,1.45696703158319,1.45696703158319,0.0
double_dqn,811,214,97.12289206683636,89.43044019065798,30.30284994095564,66.82004195451736,1.5849406449124217,17214.891693115234,0.0,30.0,0.0,0.0,0.050000000000000044,1.8928963597863913,1.8928963597863913,0.0
double_dqn,811,215,98.10661000013351,89.71399779699743,32.156620651483536,65.94998948276043,1.5905302744358778,17879.44569015503,0.0,29.0,0.0,0.0,0.050000000000000044,1.602797519415617,1.602797519415617,0.0
double_dqn,811,216,99.72442212700844,89.97805976502598,33.22234968841076,66.50207270681858,1.6146315019577742,18412.42391204834,0.0,29.0,0.0,1.0,0.050000000000000044,1.3624637611210346,1.3624637611210346,0.0
double_dqn,811,217,82.54642985761166,89.47600772015751,28.93024604022503,53.616184294223785,1.480281786993146,15929.43204498291,0.0,25.0,0.0,1.0,0.050000000000000044,1.850609838962555,1.850609838962555,0.0
double_dqn,811,218,84.6068419367075,89.66448638409376,31.218188375234604,53.388653606176376,1.561422393657267,17399.842582702637,0.0,25.0,0.0,0.0,0.050000000000000044,1.798418840393424,1.798418840393424,0.0
double_dqn,811,219,87.00882183015347,89.2548644245416,31.63478797674179,55.37403404712677,1.554008562117815,17184.48277282715,0.0,25.0,0.0,0.0,0.050000000000000044,2.0416405126452446,2.0416405126452446,0.0
double_dqn,811,220,90.3472489118576,89.25812771625817,31.908349335193634,58.438899874687195,1.5694457180798054,17516.264678955078,0.0,26.0,0.0,0.0,0.050000000000000044,2.1797342263162136,2.1797342263162136,0.0
double_dqn,811,221,96.81683228313923,90.09328740254045,33.691326439380646,63.12550582885742,1.6151676680892706,18553.4108543396,0.0,29.0,0.0,2.0,0.050000000000000044,1.923163991421461,1.923163991421461,0.0
double_dqn,811,222,91.47725889831781,90.60301612332464,32.6311394944787,58.846119433641434,1.5766106210649014,17986.52680206299,0.0,26.0,0.0,0.0,0.050000000000000044,1.9780956655740738,1.9780956655740738,0.0
double_dqn,811,223,109.26937587559223,91.14036273375154,36.10080371797085,73.16857135295868,1.6954518491402268,20376.993686676025,0.0,32.0,0.0,0.0,0.050000000000000044,1.7820134051144123,1.7820134051144123,0.0
double_dqn,811,224,76.1444591730833,89.93569988697769,26.917279802262783,49.22717887163162,1.4546420481055975,14851.90425491333,0.0,24.0,0.0,0.0,0.050000000000000044,1.6852429434657097,1.6852429434657097,0.0
double_dqn,811,225,81.42907861024142,88.65887686632574,28.780453257262707,52.64862492084503,1.4967564288526773,15732.173456192017,0.0,24.0,0.0,1.0,0.050000000000000044,1.7866409234702587,1.7866409234702587,0.0
double_dqn,811,226,108.67464579641819,89.95925105907023,34.916441567242146,73.75820443034172,1.7032112432643771,19932.087852478027,0.0,32.0,0.0,2.0,0.050000000000000044,2.439415991306305,2.439415991306305,0.0
double_dqn,811,227,95.18332268297672,89.71913335941733,32.04881054908037,63.13451188802719,1.569056793116033,17611.94166946411,0.0,28.0,0.0,0.0,0.050000000000000044,1.763147033751011,1.763147033751011,0.0
double_dqn,811,228,98.39847270548344,91.17853775389493,33.32011706382036,65.07835626006127,1.6155185718089342,18577.976627349854,0.0,29.0,0.0,1.0,0.050000000000000044,1.8689264245331287,1.8689264245331287,0.0
double_dqn,811,229,92.65461276471615,91.52749263487756,28.88951727747917,63.7650952488184,1.534894329495728,16307.444547653198,0.0,30.0,0.0,0.0,0.050000000000000044,1.812788862735033,1.812788862735033,0.0
double_dqn,811,230,90.36255194991827,91.71557535000144,30.68033043295145,59.68222105503082,1.5477939862757921,17028.645973205566,0.0,27.0,0.0,0.0,0.050000000000000044,1.6415560320019722,1.6415560320019722,0.0
double_dqn,811,231,90.74517176300287,92.35390388056636,32.2310496121645,58.51412212848663,1.6002087024971843,18102.532123565674,0.0,27.0,0.0,1.0,0.050000000000000044,1.8296974264085293,1.8296974264085293,0.0
double_dqn,811,232,77.38022303581238,91.76032295286655,27.97507330775261,49.405149698257446,1.4760031616315246,15406.245895385742,0.0,23.0,0.0,0.0,0.050000000000000044,1.9623972102999687,1.9623972102999687,0.0
double_dqn,811,233,105.30753250420094,92.66534023866056,34.17552953958511,71.13200315833092,1.6442741332575679,18941.200145721436,0.0,32.0,0.0,1.0,0.050000000000000044,2.1138897240161896,2.1138897240161896,0.0
double_dqn,811,234,99.8733161404729,92.80286144234239,33.1124582067132,66.7608577400446,1.5874773897230625,18320.440746307373,0.0,29.0,0.0,1.0,0.050000000000000044,2.3131300434470177,2.3131300434470177,0.0
double_dqn,811,235,86.80644314736128,92.23785309970378,30.467826150357723,56.33861684799194,1.5334246940910816,16811.142375946045,0.0,26.0,0.0,0.0,0.050000000000000044,2.2845699675381184,2.2845699675381184,0.0
double_dqn,811,236,85.29619032144547,91.51644150942563,29.488769479095936,55.80742044746876,1.492437838576734,15932.905784606934,0.0,26.0,0.0,0.0,0.050000000000000044,2.1214286126196384,2.1214286126196384,0.0
double_dqn,811,237,95.00126300007105,92.1391831665486,32.08168322592974,62.91957964003086,1.5835044253617525,17735.469623565674,0.0,29.0,0.0,0.0,0.050000000000000044,1.5618868842720985,1.5618868842720985,0.0
double_dqn,811,238,72.46777981519699,91.53223006047308,28.07724290341139,44.39053671061993,1.4643862899392843,15199.779815673828,0.0,21.0,0.0,0.0,0.050000000000000044,2.3859447836875916,2.3859447836875916,0.0
double_dqn,811,239,110.9095683336258,92.7272673856467,35.11759993433952,75.79196874201298,1.7038259850814939,19894.568717956543,0.0,32.0,0.0,1.0,0.050000000000000044,1.8981090039014816,1.8981090039014816,0.0
double_dqn,811,240,68.21519478559495,91.62066467933357,26.715821787714958,41.49937271475792,1.4438900481909513,14584.09532546997,0.0,21.0,0.0,2.0,0.050000000000000044,1.9718968123197556,1.9718968123197556,0.0
double_dqn,811,241,76.96842105686665,90.62824411801994,29.529773131012917,47.438647888600826,1.4910647757351398,15754.43603515625,0.0,23.0,0.0,1.0,0.050000000000000044,1.4742405004799366,1.4742405004799366,0.0
double_dqn,811,242,98.3573255687952,90.97224745154381,34.17582815885544,64.1814973950386,1.6471534948796034,19271.232414245605,0.0,29.0,0.0,0.0,0.050000000000000044,2.0836189724504948,2.0836189724504948,0.0
double_dqn,811,243,74.0921021848917,89.21338376700878,28.83475099503994,45.25735118985176,1.480196607299149,15524.544166564941,0.0,21.0,0.0,0.0,0.050000000000000044,2.043821230530739,2.043821230530739,0.0
double_dqn,811,244,99.63516243696213,90.38791893020273,36.13027624040842,63.50488647222519,1.6664734575897455,20014.035808563232,0.0,28.0,0.0,1.0,0.050000000000000044,1.7876833342015743,1.7876833342015743,0.0
double_dqn,811,245,89.87809782475233,90.81036989092827,31.15403637290001,58.72406178712845,1.5487602343782783,17223.306573867798,0.0,26.0,0.0,0.0,0.050000000000000044,2.141412055119872,2.141412055119872,0.0
double_dqn,811,246,93.88540084809065,90.0709076435119,33.45342878252268,60.431972020864485,1.6001684172078967,18339.1422996521,0.0,26.0,0.0,2.0,0.050000000000000044,2.0876554250717163,2.0876554250717163,0.0
double_dqn,811,247,85.99914875626564,89.61169894717634,28.51348778605461,57.48566037416458,1.4784685084596276,15129.967708587646,0.0,26.0,0.0,0.0,0.050000000000000044,1.856757566332817,1.856757566332817,0.0
double_dqn,811,248,99.92675943672657,89.68811328373849,36.40957063436508,63.517189219594,1.653945249505341,20119.478019714355,0.0,28.0,0.0,2.0,0.050000000000000044,2.341358534991741,2.341358534991741,0.0
double_dqn,811,249,83.92262962460518,89.25151412673294,28.630513302981853,55.29211622476578,1.4840286877006292,15746.3713722229,0.0,24.0,0.0,1.0,0.050000000000000044,1.8498688023537397,1.8498688023537397,0.0
double_dqn,811,250,94.96721561998129,89.4817473102361,33.14015769958496,61.82705798745155,1.602704924531281,18333.81541442871,0.0,28.0,0.0,0.0,0.050000000000000044,2.2479936350136995,2.2479936350136995,0.0
double_dqn,811,251,86.4894523024559,89.26896133720875,29.648028649389744,56.84142443537712,1.4872686918824911,15837.355777740479,0.0,26.0,0.0,1.0,0.050000000000000044,1.866178747266531,1.866178747266531,0.0
double_dqn,811,252,97.10663318037987,90.25528184443712,32.53996945917606,64.56666431725026,1.553837850689888,17600.27163696289,0.0,30.0,0.0,2.0,0.050000000000000044,1.6591691263020039,1.6591691263020039,0.0
double_dqn,811,253,76.07808870822191,88.79380965463818,29.062601685523987,47.01548685133457,1.479635888710618,15964.876945495605,0.0,22.0,0.0,0.0,0.050000000000000044,1.76147823035717,1.76147823035717,0.0
double_dqn,811,254,89.42318130284548,88.2713029127568,31.856561668217182,57.5666189789772,1.5608360134065151,17335.307167053223,0.0,25.0,0.0,0.0,0.050000000000000044,1.3096936643123627,1.3096936643123627,0.0
double_dqn,811,255,114.85588730871677,89.67377512082457,37.285930313169956,77.56995710730553,1.719461695291102,20853.44576072693,0.0,33.0,0.0,0.0,0.050000000000000044,2.1407121419906616,2.1407121419906616,0.0
double_dqn,811,256,93.62656545639038,90.09029387757182,32.33229174464941,61.29427361488342,1.5721417628228664,17667.68765449524,0.0,27.0,0.0,0.0,0.050000000000000044,2.0075563564896584,2.0075563564896584,0.0
double_dqn,811,257,97.24719312787056,90.20259038396179,33.490690775215626,63.75650241971016,1.605925896205008,18447.590631484985,0.0,29.0,0.0,0.0,0.050000000000000044,2.3987354524433613,2.3987354524433613,0.0
double_dqn,811,258,91.98888534680009,91.17864566054195,32.26201516017318,59.726869851350784,1.5592511584982276,17481.510654449463,0.0,27.0,0.0,0.0,0.050000000000000044,2.2358192801475525,2.2358192801475525,0.0
double_dqn,811,259,94.92760130167008,90.37954730894417,31.984900049865246,62.94270187020302,1.5663922503590584,17648.552661895752,0.0,28.0,0.0,1.0,0.050000000000000044,1.7260761503130198,1.7260761503130198,0.0
double_dqn,811,260,95.94780756533146,91.76617794793098,34.07155667245388,61.87625062465668,1.6161561654880643,18611.19845199585,0.0,29.0,0.0,1.0,0.050000000000000044,2.1659867241978645,2.1659867241978645,0.0
double_dqn,811,261,88.82241529226303,92.35887765970081,30.22368262708187,58.59873300790787,1.5232627633959055,16648.367698669434,0.0,26.0,0.0,0.0,0.050000000000000044,1.628211136907339,1.628211136907339,0.0
double_dqn,811,262,89.88079445064068,91.93505110379309,32.66856428980827,57.212230294942856,1.59396711923182,18134.61544418335,0.0,25.0,0.0,0.0,0.050000000000000044,1.6874662656337023,1.6874662656337023,0.0
double_dqn,811,263,99.16807919740677,93.18884995441883,33.734624952077866,65.43345418572426,1.6358041046187282,18826.9195022583,0.0,29.0,0.0,0.0,0.050000000000000044,1.7241546493023634,1.7241546493023634,0.0
double_dqn,811,264,89.00506766885519,92.65734521601348,31.84085414931178,57.164213716983795,1.5406253589317203,17323.56618118286,0.0,26.0,0.0,0.0,0.050000000000000044,2.267730198800564,2.267730198800564,0.0
double_dqn,811,265,91.85181532800198,92.75603109117597,31.86896088719368,59.98285475373268,1.5712229069322348,17812.616176605225,0.0,28.0,0.0,0.0,0.050000000000000044,1.8803525567054749,1.8803525567054749,0.0
double_dqn,811,266,77.60122894495726,91.9418224960193,28.195659264922142,49.405569672584534,1.4764690101146698,15455.073818206787,0.0,23.0,0.0,0.0,0.050000000000000044,2.487572081387043,2.487572081387043,0.0
double_dqn,811,267,95.41037098318338,92.41238360736519,32.13321343809366,63.27715727686882,1.5718519762158394,17730.7872505188,0.0,28.0,0.0,1.0,0.050000000000000044,2.3058980852365494,2.3058980852365494,0.0
double_dqn,811,268,83.88344152271748,91.61021771166473,30.21028593927622,53.67315515875816,1.5377525445073843,16704.551151275635,0.0,25.0,0.0,1.0,0.050000000000000044,1.9542623683810234,1.9542623683810234,0.0
double_dqn,811,269,94.16102224588394,92.12213734272868,31.522686280310154,62.638335824012756,1.5635710256174207,17314.43475341797,0.0,28.0,0.0,0.0,0.050000000000000044,1.496205486357212,1.496205486357212,0.0
double_dqn,811,270,82.91590934991837,91.51957202922553,31.102416805922985,51.813492849469185,1.538116866722703,16975.927782058716,0.0,24.0,0.0,0.0,0.050000000000000044,2.041299879550934,2.041299879550934,0.0
double_dqn,811,271,94.82675130069256,91.93643697913737,30.687270119786263,64.13948040604592,1.5523679433390498,16978.697315216064,0.0,29.0,0.0,1.0,0.050000000000000044,1.4334961473941803,1.4334961473941803,0.0
double_dqn,811,272,88.4892530888319,91.50556797455997,30.542201071977615,57.947052359580994,1.539451502263546,16621.369943618774,0.0,27.0,0.0,0.0,0.050000000000000044,1.9025331288576126,1.9025331288576126,0.0
double_dqn,811,273,83.39643978327513,91.87148552831263,30.04695336520672,53.34948629140854,1.5105845555663109,16388.443113327026,0.0,24.0,0.0,0.0,0.050000000000000044,2.19563464820385,2.19563464820385,0.0
double_dqn,811,274,115.76480069756508,93.18856649804862,38.216961607337,77.54783856868744,1.7344710379838943,21442.61561203003,0.0,32.0,0.0,3.0,0.050000000000000044,1.7919935062527657,1.7919935062527657,0.0
double_dqn,811,275,92.14555162191391,92.05304971370846,33.235053800046444,58.91049800813198,1.5758527051657438,18042.571155548096,0.0,26.0,0.0,1.0,0.050000000000000044,2.1239236667752266,2.1239236667752266,0.0
double_dqn,811,276,94.19910291731358,92.08167658675463,35.095816388726234,59.10328688621521,1.6402416368946433,19479.285612106323,0.0,27.0,0.0,3.0,0.050000000000000044,2.1198467649519444,2.1198467649519444,0.0
double_dqn,811,277,94.40653932988644,91.93964389685542,32.26602639257908,62.14051381647587,1.5939213586971164,17878.872859954834,0.0,27.0,0.0,1.0,0.050000000000000044,2.0209100507199764,2.0209100507199764,0.0
double_dqn,811,278,100.93987664580345,92.3871934618056,34.66282565891743,66.27705082297325,1.6267806263640523,19128.255786895752,0.0,27.0,0.0,0.0,0.050000000000000044,2.2609748374670744,2.2609748374670744,0.0
double_dqn,811,279,91.65426024943591,92.2235264091939,32.84986900538206,58.804391050338744,1.591847127303481,18218.68427658081,0.0,26.0,0.0,1.0,0.050000000000000044,2.4833271577954292,2.4833271577954292,0.0
double_dqn,811,280,80.98813167959452,91.47554261490703,29.16538644582033,51.82274544239044,1.5098124695941806,16439.32354927063,0.0,24.0,0.0,1.0,0.050000000000000044,1.727613814175129,1.727613814175129,0.0
double_dqn,811,281,90.62190418690443,91.56551705963909,33.36360114067793,57.25830355286598,1.5945054730400443,18531.293630599976,0.0,26.0,0.0,0.0,0.050000000000000044,1.9761831015348434,1.9761831015348434,0.0
double_dqn,811,282,88.78092873245478,91.5105237737298,30.851692967116833,57.929235675930975,1.5375671656802297,16955.979236602783,0.0,25.0,0.0,1.0,0.050000000000000044,2.379262827336788,2.379262827336788,0.0
double_dqn,811,283,102.53895044326782,91.67906733602285,33.16961568593979,69.36933487653732,1.6377461003139615,18572.394241333008,0.0,30.0,0.0,0.0,0.050000000000000044,2.359657783061266,2.359657783061266,0.0
double_dqn,811,284,100.65856174379587,92.26174203976989,33.14272106438875,67.51584085822105,1.6171115087345243,18444.043071746826,0.0,30.0,0.0,1.0,0.050000000000000044,2.1024968698620796,2.1024968698620796,0.0
double_dqn,811,285,78.17544132620097,91.57792333967984,30.028229005634785,48.147211799025534,1.4937467379495502,16247.320781707764,0.0,23.0,0.0,1.0,0.050000000000000044,1.8510363772511482,1.8510363772511482,0.0
double_dqn,811,286,92.74895396828651,92.33530959084631,31.699916049838066,61.04903830587864,1.5375201683491468,16977.799518585205,0.0,28.0,0.0,1.0,0.050000000000000044,1.7676268443465233,1.7676268443465233,0.0
double_dqn,811,287,90.55500745773315,92.09254141457379,32.62573689967394,57.929270297288895,1.5807564184069633,17960.416885375977,0.0,28.0,0.0,0.0,0.050000000000000044,2.1950347870588303,2.1950347870588303,0.0
double_dqn,811,288,90.3026130720973,92.41349999204279,30.799160361289978,59.50345267355442,1.5422241613268852,16706.568254470825,0.0,27.0,0.0,0.0,0.050000000000000044,1.9534341059625149,1.9534341059625149,0.0
double_dqn,811,289,88.52683620154858,92.13179068982602,31.743654519319534,56.783181577920914,1.5564683321863413,17623.822591781616,0.0,25.0,0.0,0.0,0.050000000000000044,2.4139562621712685,2.4139562621712685,0.0
double_dqn,811,290,92.50235031545162,92.61111273810268,32.66934344172478,59.833006858825684,1.599686955101788,18155.08226776123,0.0,26.0,0.0,0.0,0.050000000000000044,2.507971815764904,2.507971815764904,0.0
double_dqn,811,291,97.01787002384663,92.72066867426038,33.82912426441908,63.18874627351761,1.6084641432389617,18648.57820892334,0.0,28.0,0.0,0.0,0.050000000000000044,2.1680506877601147,2.1680506877601147,0.0
double_dqn,811,292,84.85759545117617,92.53908579237759,29.565393283963203,55.29220212996006,1.5116019258275628,16162.39875793457,0.0,27.0,0.0,0.0,0.050000000000000044,2.3733205161988735,2.3733205161988735,0.0
double_dqn,811,293,93.36645647138357,93.03758662678301,31.954724565148354,61.411731481552124,1.5480928216129541,17374.55859184265,0.0,28.0,0.0,0.0,0.050000000000000044,2.1694323159754276,2.1694323159754276,0.0
double_dqn,811,294,89.6931180357933,91.73400249369442,32.257942110300064,57.43517556786537,1.5782753378152847,17789.723545074463,0.0,27.0,0.0,0.0,0.050000000000000044,2.1590042412281036,2.1590042412281036,0.0
double_dqn,811,295,80.51651734113693,91.15255077965557,30.187582179903984,50.32893466949463,1.5253964746370912,16501.048294067383,0.0,23.0,0.0,0.0,0.050000000000000044,2.1955037340521812,2.1955037340521812,0.0
double_dqn,811,296,86.30485737323761,90.75783850245178,31.452452436089516,54.85240536928177,1.546844313852489,17514.67978668213,0.0,25.0,0.0,1.0,0.050000000000000044,2.1828646510839462,2.1828646510839462,0.0
double_dqn,811,297,100.79636067152023,91.07732956953346,34.13264186680317,66.66371919214725,1.6374868489801884,18719.502559661865,0.0,31.0,0.0,0.0,0.050000000000000044,2.2519867084920406,2.2519867084920406,0.0
double_dqn,811,298,65.7213237285614,89.31640192367135,27.08429643511772,38.63702708482742,1.4364414671435952,14555.88981628418,0.0,20.0,0.0,2.0,0.050000000000000044,2.737295374274254,2.737295374274254,0.0
double_dqn,811,299,91.48610572516918,89.30799419745803,30.39640226215124,61.08970350027084,1.5287528354674578,16634.338638305664,0.0,29.0,0.0,1.0,0.050000000000000044,2.234217807650566,2.234217807650566,0.0
double_dqn,811,300,92.93463581204415,89.90531940408052,33.34139674156904,59.5932388395071,1.5912351934239268,18255.5607585907,0.0,27.0,0.0,2.0,0.050000000000000044,2.0723431184887886,2.0723431184887886,0.0
double_dqn,811,301,92.0846011132002,89.9784542503953,31.90125098824501,60.18335002064705,1.6027103625237942,18194.369346618652,0.0,28.0,0.0,2.0,0.050000000000000044,2.319289330393076,2.319289330393076,0.0
double_dqn,811,302,73.85339446365833,89.23207753695549,29.01450787484646,44.83888675272465,1.4825539961457253,15789.57827758789,0.0,21.0,0.0,1.0,0.050000000000000044,1.8740108236670494,1.8740108236670494,0.0
double_dqn,811,303,86.40378315746784,88.4253191726655,30.524776563048363,55.87900647521019,1.5334249148145318,16433.11116027832,0.0,26.0,0.0,1.0,0.050000000000000044,2.0360124558210373,2.0360124558210373,0.0
double_dqn,811,304,91.61934819072485,87.97335849501192,34.72832804173231,56.891020357608795,1.6086501823738217,18736.562049865723,0.0,27.0,0.0,0.0,0.050000000000000044,2.0953269228339195,2.0953269228339195,0.0
double_dqn,811,305,96.63624362051488,88.89639860972763,33.85383381694555,62.7824093490839,1.5987641252577305,18530.105812072754,0.0,28.0,0.0,1.0,0.050000000000000044,2.0275353714823723,2.0275353714823723,0.0
double_dqn,811,306,98.98679069429636,89.20829044602812,33.85356134176254,65.13322925567627,1.638044404797256,18833.536241531372,0.0,30.0,0.0,0.0,0.050000000000000044,2.2057915702462196,2.2057915702462196,0.0
double_dqn,811,307,88.17302499711514,89.08919132299721,31.926516078412533,56.24650862812996,1.5637958962470293,17475.083980560303,0.0,25.0,0.0,0.0,0.050000000000000044,2.0773571506142616,2.0773571506142616,0.0
double_dqn,811,308,91.57057486623526,89.15258941270412,31.751156456768513,59.819418558478354,1.560550750233233,17409.3531665802,0.0,26.0,0.0,1.0,0.050000000000000044,1.786455575376749,1.786455575376749,0.0
double_dqn,811,309,97.90850956737995,89.62167308099568,33.421988904476166,64.48652118444443,1.5849157571792603,18509.670392990112,0.0,28.0,0.0,0.0,0.050000000000000044,2.055520221590996,2.055520221590996,0.0
double_dqn,811,310,85.86214149296283,89.28966263987124,29.79974514245987,56.062396723031995,1.5095877535641193,16048.143878936768,0.0,24.0,0.0,2.0,0.050000000000000044,2.2354904413223267,2.2354904413223267,0.0
double_dqn,811,311,97.52919023633004,89.31522865049541,32.86135120689869,64.66783856749535,1.6048412937670946,18312.901180267334,0.0,28.0,0.0,1.0,0.050000000000000044,2.2885644771158695,2.2885644771158695,0.0
double_dqn,811,312,94.39466418325901,89.79208208709954,32.022538512945175,62.37212535738945,1.585502490401268,17767.050399780273,0.0,28.0,0.0,1.0,0.050000000000000044,2.716850407421589,2.716850407421589,0.0
double_dqn,811,313,82.52162379920483,89.24984045349062,30.20372775942087,52.317896047234534,1.5009422609582543,16183.107948303223,0.0,26.0,0.0,1.0,0.050000000000000044,2.6051459908485413,2.6051459908485413,0.0
double_dqn,811,314,96.84778720140457,89.6075739117712,34.30674968659878,62.54103706777096,1.6239502988755703,18787.000175476074,0.0,28.0,0.0,0.0,0.050000000000000044,2.504848375916481,2.504848375916481,0.0
double_dqn,811,315,95.31783447861672,90.34763976864518,32.04237975925207,63.27545486092568,1.5429639741778374,17470.32320022583,0.0,28.0,0.0,3.0,0.050000000000000044,2.5593858249485493,2.5593858249485493,0.0
double_dqn,811,316,100.00086386501789,91.0324400932342,34.44889339059591,65.55197095870972,1.6317135412245989,19247.83317565918,0.0,28.0,0.0,2.0,0.050000000000000044,2.298625037074089,2.298625037074089,0.0
double_dqn,811,317,84.46798348426819,90.21602123387159,32.09736315906048,52.370620399713516,1.5617928132414818,17477.883697509766,0.0,24.0,0.0,0.0,0.050000000000000044,2.6897918358445168,2.6897918358445168,0.0
double_dqn,811,318,75.48249699175358,90.70407989703119,29.508868388831615,45.97362858057022,1.5004799729213119,16081.734720230103,0.0,22.0,0.0,0.0,0.050000000000000044,2.0768206156790257,2.0768206156790257,0.0
double_dqn,811,319,80.84257344305516,90.1719032829255,28.830873742699623,52.011699789762496,1.483215349726379,15434.887126922607,0.0,25.0,0.0,2.0,0.050000000000000044,2.341434456408024,2.341434456408024,0.0
double_dqn,811,320,71.69534882158041,89.1099389334023,27.09531906992197,44.6000300347805,1.4223711546510458,14715.128063201904,0.0,22.0,0.0,0.0,0.050000000000000044,2.415838696062565,2.415838696062565,0.0
double_dqn,811,321,98.74207685291768,89.44281272038818,32.34767170995474,66.39440523982049,1.5903362426906824,18146.18320465088,0.0,30.0,0.0,1.0,0.050000000000000044,2.275084152817726,2.275084152817726,0.0
double_dqn,811,322,80.27400820851327,89.76384340763094,29.44870525598526,50.825302952528,1.4888934213668108,15974.6842918396,0.0,24.0,0.0,2.0,0.050000000000000044,2.754695102572441,2.754695102572441,0.0
double_dqn,811,323,72.72236816585064,89.07977265805008,27.616496473550797,45.105871707201004,1.4123957613483071,14524.866710662842,0.0,22.0,0.0,0.0,0.050000000000000044,2.987893782556057,2.987893782556057,0.0
double_dqn,811,324,83.80116509646177,88.68886350333692,30.105463854968548,53.69570103287697,1.520493264310062,16552.806747436523,0.0,25.0,0.0,1.0,0.050000000000000044,2.5981080383062363,2.5981080383062363,0.0
double_dqn,811,325,91.79252176731825,88.44667741067708,33.49584825336933,58.29667341709137,1.5891462285071611,18354.45754623413,0.0,26.0,0.0,0.0,0.050000000000000044,2.790372781455517,2.790372781455517,0.0
double_dqn,811,326,89.69755572974682,87.9822156624496,31.525178734213114,58.17237696945667,1.5490922490134835,17185.967906951904,0.0,27.0,0.0,1.0,0.050000000000000044,2.054208569228649,2.054208569228649,0.0
double_dqn,811,327,84.184630677104,87.78279594644906,30.802863337099552,53.38176688551903,1.5205154241994023,16432.217964172363,0.0,25.0,0.0,1.0,0.050000000000000044,3.0346741005778313,3.0346741005778313,0.0
double_dqn,811,328,98.42570190429687,88.12555229835212,32.41382919996977,66.0118725925684,1.570038971491158,17723.320442199707,0.0,29.0,0.0,2.0,0.050000000000000044,2.77733289077878,2.77733289077878,0.0
double_dqn,811,329,92.22960870712996,87.84160725533962,32.56789328157902,59.661715507507324,1.5712959747761488,17707.680072784424,0.0,26.0,0.0,0.0,0.050000000000000044,2.673943594098091,2.673943594098091,0.0
double_dqn,811,330,92.82217323333025,88.18960884235798,33.516848124563694,59.30532530248165,1.5690192738547921,18082.80389404297,0.0,26.0,0.0,2.0,0.050000000000000044,2.4497129395604134,2.4497129395604134,0.0
double_dqn,811,331,92.88828982412815,87.9575638217479,31.8081289306283,61.08016090095043,1.5711737759411335,17879.958087921143,0.0,26.0,0.0,0.0,0.050000000000000044,2.7197477743029594,2.7197477743029594,0.0
double_dqn,811,332,95.95633254945278,88.03564724005759,33.36682889610529,62.589504063129425,1.570490539073944,18140.043369293213,0.0,29.0,0.0,0.0,0.050000000000000044,2.835159048438072,2.835159048438072,0.0
double_dqn,811,333,81.12022919207811,87.96557750970125,29.18912696838379,51.93110243976116,1.5102493083104491,16026.26307296753,0.0,24.0,0.0,0.0,0.050000000000000044,2.2351236902177334,2.2351236902177334,0.0
double_dqn,811,334,86.26512897014618,87.43644459813834,32.10099472105503,54.164134696125984,1.5517150172963738,17419.978052139282,0.0,26.0,0.0,0.0,0.050000000000000044,2.324457075446844,2.324457075446844,0.0
double_dqn,811,335,76.67268168330193,86.5041869583726,28.500088587403297,48.17259336411953,1.4717778274789453,15503.68330001831,0.0,23.0,0.0,1.0,0.050000000000000044,2.10102878510952,2.10102878510952,0.0
double_dqn,811,336,97.28646522760391,86.3684670265019,34.355629712343216,62.930835604667664,1.614601113833487,18927.34566307068,0.0,28.0,0.0,1.0,0.050000000000000044,3.4269769340753555,3.4269769340753555,0.0
double_dqn,811,337,108.51063500344753,87.57059960246087,34.76068361848593,73.74995099008083,1.634383600205183,19277.179636001587,0.0,32.0,0.0,2.0,0.050000000000000044,2.995566587895155,2.995566587895155,0.0
double_dqn,811,338,97.95904036760331,88.69442677125336,33.67939119040966,64.27964919209481,1.6323422128334641,18963.800788879395,0.0,27.0,0.0,1.0,0.050000000000000044,1.9904043301939964,1.9904043301939964,0.0
double_dqn,811,339,102.00476565212011,89.7525363817066,35.19101629406214,66.81374989449978,1.636943405494094,19091.015159606934,0.0,29.0,0.0,0.0,0.050000000000000044,2.372090123593807,2.372090123593807,0.0
double_dqn,811,340,111.20770514756441,91.7281541980058,35.09774465113878,76.10996076464653,1.6667315773665905,19607.8914642334,0.0,32.0,0.0,0.0,0.050000000000000044,2.7284816578030586,2.7284816578030586,0.0
double_dqn,811,341,77.1060615926981,90.64635343499484,27.93338467180729,49.17267744243145,1.4530327841639519,15002.801204681396,0.0,26.0,0.0,0.0,0.050000000000000044,2.2399221025407314,2.2399221025407314,0.0
double_dqn,811,342,100.55453146249056,91.66037959769369,32.66949064284563,67.88504081964493,1.598924482241273,18190.3458442688,0.0,30.0,0.0,0.0,0.050000000000000044,2.3724053651094437,2.3724053651094437,0.0
double_dqn,811,343,85.89107877016068,92.31881512790918,30.85779159516096,55.03328713774681,1.5397412488237023,16670.949783325195,0.0,27.0,0.0,0.0,0.050000000000000044,2.9627978280186653,2.9627978280186653,0.0
double_dqn,811,344,83.85753522366285,92.32163363426925,31.329647690057755,52.52788755595684,1.5320241963490844,17215.500911712646,0.0,24.0,0.0,3.0,0.050000000000000044,2.0042692571878433,2.0042692571878433,0.0
double_dqn,811,345,92.43835811465979,92.35392545163633,33.68788779526949,58.750470185279845,1.5969878789037466,18583.65838623047,0.0,29.0,0.0,1.0,0.050000000000000044,2.9200674667954445,2.9200674667954445,0.0
double_dqn,811,346,100.26444183290005,92.88226975679399,34.00731559097767,66.25712609291077,1.6193793658167124,18901.392375946045,0.0,30.0,0.0,0.0,0.050000000000000044,1.8374011889100075,1.8374011889100075,0.0
double_dqn,811,347,90.5985089853406,93.20296367220581,32.565446086227894,58.03306249678135,1.553816287778318,17435.43949508667,0.0,25.0,0.0,2.0,0.050000000000000044,2.649324506521225,2.649324506521225,0.0
double_dqn,811,348,83.25368759036064,92.44436295650901,29.984102465212345,53.269585594534874,1.4970814427360892,16336.059539794922,0.0,25.0,0.0,0.0,0.050000000000000044,2.7038835138082504,2.7038835138082504,0.0
double_dqn,811,349,83.21752524375916,91.99375878334047,29.680737540125847,53.53678774833679,1.5169842336326838,16454.44855117798,0.0,26.0,0.0,0.0,0.050000000000000044,2.283604048192501,2.283604048192501,0.0
double_dqn,811,350,83.81541542112828,91.54342089273037,31.657955154776573,52.15746002793312,1.5594429476186633,17432.255016326904,0.0,24.0,0.0,1.0,0.050000000000000044,2.788117825984955,2.788117825984955,0.0
double_dqn,811,351,86.48571699857712,91.22329225145282,31.32779337465763,55.15792325139046,1.5366837717592716,16754.42908859253,0.0,25.0,0.0,2.0,0.050000000000000044,2.450284246355295,2.450284246355295,0.0
double_dqn,811,352,94.5381830483675,91.15238477639855,34.22610955685377,60.31207385659218,1.5914755389094353,18723.98749923706,0.0,27.0,0.0,0.0,0.050000000000000044,2.831670332700014,2.831670332700014,0.0
double_dqn,811,353,91.43056624382734,91.66790162898602,30.738135308027267,60.69243095815182,1.518409707583487,16730.042238235474,0.0,27.0,0.0,1.0,0.050000000000000044,2.462880916893482,2.462880916893482,0.0
double_dqn,811,354,73.99437648057938,91.05436400450766,28.184368759393692,45.81000737845898,1.4503495385870337,14826.282211303711,0.0,21.0,0.0,0.0,0.050000000000000044,2.4622469916939735,2.4622469916939735,0.0
double_dqn,811,355,93.83135036528111,91.91229743860663,32.65824607759714,61.17310462296009,1.5908776624128222,17927.49293899536,0.0,28.0,0.0,1.0,0.050000000000000044,2.3121309466660023,2.3121309466660023,0.0
double_dqn,811,356,95.66466350853443,91.83120735265315,32.837103582918644,62.82755979895592,1.5887069534510374,18007.73169517517,0.0,31.0,0.0,1.0,0.050000000000000044,2.6779951620846987,2.6779951620846987,0.0
double_dqn,811,357,79.45687651634216,90.37851942829789,29.942713625729084,49.51416319608688,1.4982321774587035,16139.358209609985,0.0,23.0,0.0,0.0,0.050000000000000044,2.667741432785988,2.667741432785988,0.0
double_dqn,811,358,92.6555408462882,90.11334445223213,32.27222238481045,60.38331860303879,1.5700183166190982,17581.68295288086,0.0,27.0,0.0,1.0,0.050000000000000044,3.2866846211254597,3.2866846211254597,0.0
double_dqn,811,359,85.4141196385026,89.28381215155125,30.906813196837902,54.507306322455406,1.531018791720271,16878.45387649536,0.0,27.0,0.0,0.0,0.050000000000000044,3.06065421551466,3.06065421551466,0.0
double_dqn,811,360,85.93612576276064,88.02023318231106,33.029603727161884,52.90652212500572,1.573125240392983,17941.634088516235,0.0,24.0,0.0,1.0,0.050000000000000044,2.7244924642145634,2.7244924642145634,0.0
double_dqn,811,361,81.27408075332642,88.22863414034248,30.00368393957615,51.270396545529366,1.4871535636484623,16348.495319366455,0.0,25.0,0.0,1.0,0.050000000000000044,3.0756174623966217,3.0756174623966217,0.0
double_dqn,811,362,80.78412775695324,87.24011395506561,29.477196216583252,51.30693131685257,1.497361303307116,16037.553604125977,0.0,23.0,0.0,0.0,0.050000000000000044,2.2970065474510193,2.2970065474510193,0.0
double_dqn,811,363,83.75544133186341,87.13333208315075,30.869019389152527,52.88642200231552,1.5218628058210015,16486.120931625366,0.0,24.0,0.0,1.0,0.050000000000000044,2.8378849364817142,2.8378849364817142,0.0
double_dqn,811,364,107.09378934651613,88.2951447892934,35.000848330557346,72.09294015169144,1.6177674261853099,19163.37727355957,0.0,32.0,0.0,0.0,0.050000000000000044,2.8758135363459587,2.8758135363459587,0.0
double_dqn,811,365,92.61910136938096,88.30418195202947,31.389857932925224,61.22924322783947,1.5190062588080764,16843.657817840576,0.0,29.0,0.0,1.0,0.050000000000000044,2.3895252756774426,2.3895252756774426,0.0
double_dqn,811,366,90.0749356970191,87.79470664523544,33.13431353121996,56.94062215089798,1.5572740659117699,17798.183811187744,0.0,26.0,0.0,0.0,0.050000000000000044,2.530210718512535,2.530210718512535,0.0
double_dqn,811,367,82.2110014334321,87.37533126764,31.279255516827106,50.9317457228899,1.5442460319027305,16968.799728393555,0.0,23.0,0.0,0.0,0.050000000000000044,2.869718685746193,2.869718685746193,0.0
double_dqn,811,368,87.02253863215446,87.56377381972968,31.244484402239323,55.77805384993553,1.5573545265942812,17091.236865997314,0.0,26.0,0.0,0.0,0.050000000000000044,2.5372345820069313,2.5372345820069313,0.0
double_dqn,811,369,104.76251035928726,88.64102307550608,36.94825575500727,67.81425440311432,1.6938499603420496,20591.767658233643,0.0,31.0,0.0,0.0,0.050000000000000044,2.295107126235962,2.295107126235962,0.0
double_dqn,811,370,95.7179162800312,89.23614811845124,34.693205304443836,61.024710804224014,1.645271667279303,19521.617790222168,0.0,28.0,0.0,1.0,0.050000000000000044,2.980107966810465,2.980107966810465,0.0
double_dqn,811,371,91.04143792390823,89.46393416471778,32.37056843936443,58.67086970806122,1.5667169783264399,17567.358085632324,0.0,27.0,0.0,0.0,0.050000000000000044,2.880166418850422,2.880166418850422,0.0
double_dqn,811,372,87.43370739370584,89.10871038198471,30.704643726348877,56.72906291484833,1.5096023427322507,16558.15432357788,0.0,28.0,0.0,0.0,0.050000000000000044,2.667795028537512,2.667795028537512,0.0
double_dqn,811,373,86.874173656106,88.88089075259865,30.770649135112762,56.10352432727814,1.5237391302362084,16503.2638092041,0.0,25.0,0.0,1.0,0.050000000000000044,2.4996919818222523,2.4996919818222523,0.0
double_dqn,811,374,94.30450887978077,89.89639737255871,32.59036059677601,61.714148581027985,1.5744212260469794,17743.15934753418,0.0,28.0,0.0,0.0,0.050000000000000044,2.8767279349267483,2.8767279349267483,0.0
double_dqn,811,375,89.30802476406097,89.6702310924977,32.456735014915466,56.85128973424435,1.5699124224483967,17718.755088806152,0.0,26.0,0.0,0.0,0.050000000000000044,2.6022736318409443,2.6022736318409443,0.0
double_dqn,811,376,108.49319893866777,90.31165786400437,37.39609244465828,71.09710657596588,1.6655169809237123,20595.84437942505,0.0,31.0,0.0,1.0,0.050000000000000044,2.3752178624272346,2.3752178624272346,0.0
double_dqn,811,377,94.81530600786209,91.07957933858037,33.680686101317406,61.13462024927139,1.5847943620756269,18425.048316955566,0.0,28.0,0.0,0.0,0.050000000000000044,2.458570159971714,2.458570159971714,0.0
double_dqn,811,378,99.41490075141192,91.41754733383655,33.720725409686565,65.69417471587658,1.5949952937662601,18472.61469268799,0.0,29.0,0.0,1.0,0.050000000000000044,2.754235193133354,2.754235193133354,0.0
double_dqn,811,379,90.86456809192896,91.69006975650788,32.05488953739405,58.80967849493027,1.5626391852274537,17501.963613510132,0.0,26.0,0.0,0.0,0.050000000000000044,2.8214800357818604,2.8214800357818604,0.0
double_dqn,811,380,88.30140136182308,91.80833353646099,32.38211777806282,55.91928359866142,1.561794181354344,17597.051734924316,0.0,25.0,0.0,0.0,0.050000000000000044,2.392482250928879,2.392482250928879,0.0
double_dqn,811,381,104.63512319326401,92.97638565845787,36.65421289950609,67.98091042041779,1.6990131177008152,20364.72026824951,0.0,29.0,0.0,0.0,0.050000000000000044,2.596367735415697,2.596367735415697,0.0
double_dqn,811,382,87.37253054976463,93.30580579809843,30.784633420407772,56.587897181510925,1.5410248544067144,16938.084175109863,0.0,25.0,0.0,0.0,0.050000000000000044,2.508379690349102,2.508379690349102,0.0
double_dqn,811,383,94.22783462703228,93.82942546285689,33.6244100779295,60.60342462360859,1.624921745620668,18811.186820983887,0.0,27.0,0.0,1.0,0.050000000000000044,2.5282607190310955,2.5282607190310955,0.0
double_dqn,811,384,78.25906542688608,92.38768926687538,30.65108921378851,47.60797572135925,1.4623172050341964,16343.828731536865,0.0,23.0,0.0,0.0,0.050000000000000044,2.3315143324434757,2.3315143324434757,0.0
double_dqn,811,385,104.62238839268684,92.98785361804069,35.34511682391167,69.27727180719376,1.6862266482785344,19898.577796936035,0.0,31.0,0.0,1.0,0.050000000000000044,3.014402385801077,3.014402385801077,0.0
double_dqn,811,386,93.21980624943971,93.14509714566171,32.84533240646124,60.37447305321693,1.6039054403081536,18238.659469604492,0.0,27.0,0.0,2.0,0.050000000000000044,3.0580614805221558,3.0580614805221558,0.0
double_dqn,811,387,96.67768169343472,93.86843115866185,32.34106553345919,64.33661670386792,1.5696332547813654,17540.958042144775,0.0,28.0,0.0,1.0,0.050000000000000044,2.1992944478988647,2.1992944478988647,0.0
double_dqn,811,388,91.31055198013783,94.08283182606102,30.919378899037838,60.39117301404476,1.5186376748606563,16522.73087310791,0.0,27.0,0.0,1.0,0.050000000000000044,2.1355424113571644,2.1355424113571644,0.0
double_dqn,811,389,86.42280402779579,93.16584650948644,30.51889842003584,55.90390580892563,1.5195475276559591,16461.561447143555,0.0,26.0,0.0,0.0,0.050000000000000044,2.920154072344303,2.920154072344303,0.0
double_dqn,811,390,74.90885336846114,92.12539336390795,28.89123748987913,46.01761598289013,1.457280082628131,15372.378866195679,0.0,22.0,0.0,1.0,0.050000000000000044,3.095258202403784,3.095258202403784,0.0
double_dqn,811,391,101.14759328365326,92.6307011318952,35.20576576888561,65.94182766377926,1.64437226485461,19521.2020111084,0.0,29.0,0.0,1.0,0.050000000000000044,2.3388110250234604,2.3388110250234604,0.0
double_dqn,811,392,84.48624730855227,92.48332812763752,31.133206479251385,53.353040888905525,1.5451383031904697,17047.263328552246,0.0,25.0,0.0,0.0,0.050000000000000044,2.8686844781041145,2.8686844781041145,0.0
double_dqn,811,393,90.36635164916515,92.65793702729047,32.48035041987896,57.886001229286194,1.5629913164302707,17926.44648551941,0.0,27.0,0.0,1.0,0.050000000000000044,3.371826607733965,3.371826607733965,0.0
double_dqn,811,394,89.52128259241582,92.41877571292223,32.00151277333498,57.51977025866508,1.5562605019658804,17395.88068008423,0.0,26.0,0.0,2.0,0.050000000000000044,2.0836860686540604,2.0836860686540604,0.0
double_dqn,811,395,90.6883921995759,92.48779408469798,32.66185986250639,58.026532247662544,1.56703039444983,17788.364086151123,0.0,26.0,0.0,0.0,0.050000000000000044,2.4670238234102726,2.4670238234102726,0.0
double_dqn,811,396,114.54880202710629,92.79057423911989,37.8615932315588,76.6872091382742,1.7050777673721313,20919.48165512085,0.0,32.0,0.0,2.0,0.050000000000000044,3.159102365374565,3.159102365374565,0.0
double_dqn,811,397,95.96594043076038,92.8481059602648,30.961301743984222,65.00463822484016,1.5146690476685762,16761.394012451172,0.0,28.0,0.0,0.0,0.050000000000000044,2.7695503383874893,2.7695503383874893,0.0
double_dqn,811,398,101.04445553719998,92.92958369955421,35.28313571959734,65.76131943762303,1.631812211126089,19214.554191589355,0.0,29.0,0.0,1.0,0.050000000000000044,2.6341207772493362,2.6341207772493362,0.0
double_dqn,811,399,98.7895994707942,93.32583526849749,35.194924287498,63.5946749150753,1.6471321126446128,19305.66276550293,0.0,28.0,0.0,2.0,0.050000000000000044,2.8630382008850574,2.8630382008850574,0.0
double_dqn,811,400,98.28033292293549,93.8247818465531,33.84005415439606,64.44027864933014,1.6268622567877173,19005.406547546387,0.0,29.0,0.0,1.0,0.050000000000000044,2.9491114243865013,2.9491114243865013,0.0
double_dqn,811,401,86.99459977447987,92.94275567561388,31.01555658131838,55.97904306650162,1.5333363125100732,16750.25832748413,0.0,26.0,0.0,1.0,0.050000000000000044,3.376534879207611,3.376534879207611,0.0
double_dqn,811,402,77.25734032094479,92.43699616417288,28.76926928013563,48.48807128667831,1.4757966566830873,15453.000560760498,0.0,24.0,0.0,1.0,0.050000000000000044,3.036410417407751,3.036410417407751,0.0
double_dqn,811,403,103.10308488458395,92.88075867705047,32.37688208371401,70.72620248794556,1.6168270446360111,18369.476139068604,0.0,29.0,0.0,2.0,0.050000000000000044,3.293599396944046,3.293599396944046,0.0
double_dqn,811,404,89.65240276008845,93.45042554371061,32.058331809937954,57.594071665406226,1.5717833107337356,17554.194946289062,0.0,26.0,0.0,1.0,0.050000000000000044,2.524610135704279,2.524610135704279,0.0
double_dqn,811,405,78.61251474171877,92.1499318611622,29.209127314388752,49.40338779985905,1.4841536125168204,15564.132274627686,0.0,24.0,0.0,0.0,0.050000000000000044,2.4241794645786285,2.4241794645786285,0.0
double_dqn,811,406,88.51657459139824,91.91477027826012,30.19099362939596,58.32558035850525,1.5252371551468968,16624.91023826599,0.0,28.0,0.0,0.0,0.050000000000000044,3.2952570617198944,3.2952570617198944,0.0
double_dqn,811,407,68.02363044768572,90.48206771597266,28.338648192584515,39.68498247861862,1.462206474505365,15314.405778884888,0.0,21.0,0.0,0.0,0.050000000000000044,2.6648129001259804,2.6648129001259804,0.0
double_dqn,811,408,79.81528126597405,89.90730418026449,28.865341395139694,50.94994021356106,1.4709393456578255,15416.750171661377,0.0,24.0,0.0,2.0,0.050000000000000044,2.531747732311487,2.531747732311487,0.0
double_dqn,811,409,75.84809040278196,89.3785684990138,26.8954788595438,48.95261153578758,1.4519567424431443,14533.22055053711,0.0,24.0,0.0,0.0,0.050000000000000044,2.821534611284733,2.821534611284733,0.0
double_dqn,811,410,93.10147394239902,90.28819952771069,32.6966982036829,60.404775857925415,1.5918334582820535,17989.363290786743,0.0,27.0,0.0,0.0,0.050000000000000044,3.0517481453716755,3.0517481453716755,0.0
double_dqn,811,411,92.42527723312378,89.8520837251842,31.934199161827564,60.49107873439789,1.5407251408323646,17207.398094177246,0.0,28.0,0.0,0.0,0.050000000000000044,3.4398163333535194,3.4398163333535194,0.0
double_dqn,811,412,84.06748716533184,89.83114571802318,30.58873564749956,53.47875112295151,1.4941447684541345,16602.25973892212,0.0,24.0,0.0,0.0,0.050000000000000044,3.4456464126706123,3.4456464126706123,0.0
double_dqn,811,413,77.08769206702709,89.16721273891628,29.697694450616837,47.389997407794,1.5019388431683183,16112.075046539307,0.0,23.0,0.0,0.0,0.050000000000000044,2.861253574490547,2.861253574490547,0.0
double_dqn,811,414,98.84054253995419,89.6331757362932,34.4427423030138,64.39780022203922,1.6229241946712136,18824.642379760742,0.0,28.0,0.0,0.0,0.050000000000000044,3.445698618888855,3.445698618888855,0.0
double_dqn,811,415,93.74763935804367,89.78613809421658,32.79791031777859,60.949729055166245,1.5809880048036575,17864.38182067871,0.0,27.0,0.0,1.0,0.050000000000000044,2.7150075547397137,2.7150075547397137,0.0
double_dqn,811,416,93.32051997035742,88.72472399137914,32.24299097806215,61.077529394626616,1.5789797883480787,17838.359741210938,0.0,29.0,0.0,1.0,0.050000000000000044,2.56013011187315,2.56013011187315,0.0
double_dqn,811,417,72.8947911798954,87.5711665288359,28.86636908352375,44.02842163443565,1.4995478326454759,16032.483196258545,0.0,22.0,0.0,2.0,0.050000000000000044,3.297768633812666,3.297768633812666,0.0
double_dqn,811,418,85.71478883326054,86.80468319363892,31.54804976284504,54.16673848927021,1.5485471552237868,17302.62109375,0.0,24.0,0.0,1.0,0.050000000000000044,2.370635364204645,2.370635364204645,0.0
double_dqn,811,419,84.79295708239079,86.10485107421876,30.555488422513008,54.23746778070927,1.5327925235033035,16403.356174468994,0.0,25.0,0.0,2.0,0.050000000000000044,2.7327972762286663,2.7327972762286663,0.0
double_dqn,811,420,77.03064571470023,85.042366713807,28.910596072673798,48.12004997730255,1.482756688259542,15596.817825317383,0.0,24.0,0.0,1.0,0.050000000000000044,2.3889413699507713,2.3889413699507713,0.0
double_dqn,811,421,98.1770129352808,85.60148737184704,35.190101966261864,62.98691101372242,1.6463584024459124,19466.858402252197,0.0,28.0,0.0,0.0,0.050000000000000044,3.22477026283741,3.22477026283741,0.0
double_dqn,811,422,103.40213992446661,86.90872735202313,36.122355468571186,67.27978497743607,1.6835019309073687,20164.40966796875,0.0,30.0,0.0,0.0,0.050000000000000044,3.0220762193202972,3.0220762193202972,0.0
double_dqn,811,423,79.6021429747343,85.73368025653065,30.237913511693478,49.364229544997215,1.4960843995213509,16291.446695327759,0.0,24.0,0.0,1.0,0.050000000000000044,2.5691861510276794,2.5691861510276794,0.0
double_dqn,811,424,68.98722872883081,84.70042155496776,28.40676609426737,40.58046293258667,1.4436383629217744,15025.383613586426,0.0,20.0,0.0,0.0,0.050000000000000044,3.330399312078953,3.330399312078953,0.0
double_dqn,811,425,96.81017644107342,85.61030463993549,33.967084996402264,62.843092465400694,1.6067832540720701,18733.173488616943,0.0,28.0,0.0,1.0,0.050000000000000044,3.9370339661836624,3.9370339661836624,0.0
double_dqn,811,426,92.35092502832413,85.80202216178179,32.61036550998688,59.74055956304073,1.572869073599577,17703.798919677734,0.0,27.0,0.0,0.0,0.050000000000000044,3.272905107587576,3.272905107587576,0.0
double_dqn,811,427,97.42436646819115,87.27205896280707,33.25410645455122,64.17025985717774,1.5980169223621488,18459.416389465332,0.0,28.0,0.0,1.0,0.050000000000000044,3.0843270756304264,3.0843270756304264,0.0
double_dqn,811,428,90.63469272851944,87.81302953593433,33.62447947263718,57.010213389992714,1.6138983368873596,18501.58603286743,0.0,27.0,0.0,0.0,0.050000000000000044,2.1847005784511566,2.1847005784511566,0.0
double_dqn,811,429,93.55297733098269,88.69827388234437,32.21238676458597,61.34059038758278,1.561567885801196,17492.459899902344,0.0,29.0,0.0,1.0,0.050000000000000044,3.248599547892809,3.248599547892809,0.0
double_dqn,811,430,73.86642169952393,87.73652127020061,29.734338849782944,44.13208311796188,1.5030466690659523,16134.915134429932,0.0,21.0,0.0,0.0,0.050000000000000044,3.561152935028076,3.561152935028076,0.0
double_dqn,811,431,82.29638987779617,87.23007690243423,29.96438702940941,52.332002341747284,1.5102807665243745,16206.193946838379,0.0,24.0,0.0,1.0,0.050000000000000044,3.2050739750266075,3.2050739750266075,0.0
double_dqn,811,432,87.22294947504997,87.38785001792014,30.875808715820312,56.34714066982269,1.5541599169373512,17139.599349975586,0.0,26.0,0.0,0.0,0.050000000000000044,2.2730797678232193,2.2730797678232193,0.0
double_dqn,811,433,85.6665236890316,87.81679159902038,31.41875372827053,54.247770050168036,1.5227766707539558,16626.733890533447,0.0,26.0,0.0,2.0,0.050000000000000044,2.9634865410625935,2.9634865410625935,0.0
double_dqn,811,434,89.6497780546546,87.3572533747554,34.70544911921024,54.94432877898216,1.6039373120293021,18827.226139068604,0.0,25.0,0.0,1.0,0.050000000000000044,2.5137211680412292,2.5137211680412292,0.0
double_dqn,811,435,97.7138563990593,87.55556422680618,35.270223677158356,62.44363306462765,1.627111004665494,19379.35739326477,0.0,27.0,0.0,0.0,0.050000000000000044,3.245411604642868,3.245411604642868,0.0
double_dqn,811,436,86.5303761139512,87.21605703398586,30.493484690785408,56.0368914604187,1.5185160292312503,16672.81163597107,0.0,27.0,0.0,0.0,0.050000000000000044,2.9166913107037544,2.9166913107037544,0.0
double_dqn,811,437,95.21156266331673,88.33189560815693,34.3344092220068,60.87715369462967,1.6188312442973256,18825.48052597046,0.0,27.0,0.0,1.0,0.050000000000000044,3.366074323654175,3.366074323654175,0.0
double_dqn,811,438,93.23565054684877,88.70793869383633,32.88544351607561,60.35020723938942,1.5753917079418898,17924.795837402344,0.0,27.0,0.0,0.0,0.050000000000000044,2.538660317659378,2.538660317659378,0.0
double_dqn,811,439,105.2687841579318,89.73173004761338,36.68693498522043,68.58184909820557,1.6667557889595628,20322.007358551025,0.0,29.0,0.0,0.0,0.050000000000000044,3.7743195071816444,3.7743195071816444,0.0
double_dqn,811,440,90.41423268020154,90.40090939588845,31.725947842001915,58.68828425705433,1.5396550251170993,17021.21542739868,0.0,26.0,0.0,1.0,0.050000000000000044,3.178325057029724,3.178325057029724,0.0
double_dqn,811,441,94.44707462340594,90.21441248029471,32.13138886541128,62.31568599641323,1.5703760208562016,17798.97532272339,0.0,28.0,0.0,1.0,0.050000000000000044,2.906353034079075,2.906353034079075,0.0
double_dqn,811,442,92.9522190913558,89.69191643863917,32.20187445729971,60.75034475326538,1.5573409590870142,17319.053470611572,0.0,26.0,0.0,2.0,0.050000000000000044,2.564979389309883,2.564979389309883,0.0
double_dqn,811,443,82.64486839622259,89.84405270971358,29.00913531333208,53.63573332130909,1.4700904870405793,15457.055885314941,0.0,25.0,0.0,0.0,0.050000000000000044,2.659348413348198,2.659348413348198,0.0
double_dqn,811,444,91.44867899268866,90.96712522290647,31.45935072004795,59.989328011870384,1.5525654293596745,17472.24209213257,0.0,27.0,0.0,0.0,0.050000000000000044,2.708113018423319,2.708113018423319,0.0
double_dqn,811,445,92.47764503359795,90.7504986525327,31.807672753930092,60.66997148990631,1.547529456205666,17139.392807006836,0.0,26.0,0.0,1.0,0.050000000000000044,2.856362644582987,2.856362644582987,0.0
double_dqn,811,446,84.40158181637526,90.35303149193525,31.515491224825382,52.88609081506729,1.5797196310013533,17491.35136795044,0.0,25.0,0.0,1.0,0.050000000000000044,2.5956440307199955,2.5956440307199955,0.0
double_dqn,811,447,96.4548519924283,90.30455576814711,33.858973287045956,62.59587863087654,1.600471013225615,18666.034339904785,0.0,28.0,0.0,0.0,0.050000000000000044,2.76732724159956,2.76732724159956,0.0
double_dqn,811,448,82.95559631288052,89.92060094736516,31.073070734739304,51.882526099681854,1.5368232168257236,16823.478134155273,0.0,24.0,0.0,0.0,0.050000000000000044,2.9343182630836964,2.9343182630836964,0.0
double_dqn,811,449,77.52122787386179,89.11901347450912,30.915992490947247,46.605235159397125,1.5391624821349978,17017.78844833374,0.0,21.0,0.0,0.0,0.050000000000000044,3.226053550839424,3.226053550839424,0.0
double_dqn,811,450,84.09378705322743,89.6303817421943,29.178788989782333,54.914997616410254,1.4773611733689904,15597.090467453003,0.0,25.0,0.0,1.0,0.050000000000000044,3.314644195139408,3.314644195139408,0.0
double_dqn,811,451,74.46553362309933,89.23883892945946,28.792489677667618,45.673044064641,1.4594182390719652,15275.489793777466,0.0,22.0,0.0,2.0,0.050000000000000044,2.9581981524825096,2.9581981524825096,0.0
double_dqn,811,452,94.44533723592758,89.59995831750334,33.65093628317118,60.79440093040466,1.5948307057842612,18403.132816314697,0.0,27.0,0.0,1.0,0.050000000000000044,3.0994761548936367,3.0994761548936367,0.0
double_dqn,811,453,90.93317391723394,89.86329082891345,32.073098085820675,58.86007605493069,1.5789489354938269,17729.507509231567,0.0,26.0,0.0,0.0,0.050000000000000044,3.8473192378878593,3.8473192378878593,0.0
double_dqn,811,454,77.85906387120485,89.27375511974097,29.27981024235487,48.57925334572792,1.4803463509306312,15721.345050811768,0.0,22.0,0.0,0.0,0.050000000000000044,2.195322696119547,2.195322696119547,0.0
double_dqn,811,455,97.83563679456711,89.27984413951636,34.64731587469578,63.188320964574814,1.6375458873808384,18974.873699188232,0.0,29.0,0.0,0.0,0.050000000000000044,2.5002093836665154,2.5002093836665154,0.0
double_dqn,811,456,97.45321679264308,89.82598617345096,34.57533259689808,62.8778838455677,1.6233126632869244,18894.87579345703,0.0,28.0,0.0,1.0,0.050000000000000044,2.322244331240654,2.322244331240654,0.0
double_dqn,811,457,91.84055418893695,89.65743574973196,32.453103337436914,59.38745079934597,1.5620927773416042,17704.84609413147,0.0,27.0,0.0,1.0,0.050000000000000044,3.25155433639884,3.25155433639884,0.0
double_dqn,811,458,80.00548531115055,88.99592748794706,31.06354959309101,48.941936016082764,1.528396349400282,16834.507858276367,0.0,22.0,0.0,0.0,0.050000000000000044,3.5337546691298485,3.5337546691298485,0.0
double_dqn,811,459,97.03582912832499,88.58427973646671,35.12142350524664,61.91440578699112,1.6455298224464059,19223.346240997314,0.0,26.0,0.0,2.0,0.050000000000000044,3.22192694619298,3.22192694619298,0.0
double_dqn,811,460,81.15995199233294,88.12156570207328,30.615142546594143,50.54480916261673,1.5178603017702699,16363.72738647461,0.0,23.0,0.0,1.0,0.050000000000000044,3.1809986867010593,3.1809986867010593,0.0
double_dqn,811,461,100.00166270136833,88.39929510597139,31.29981179535389,68.70185117423534,1.6274835271760821,18201.735485076904,0.0,29.0,0.0,1.0,0.050000000000000044,3.620411455631256,3.620411455631256,0.0
double_dqn,811,462,94.46335247904062,88.47485177535563,33.96007511764765,60.503277122974396,1.5806893752887845,18256.932416915894,0.0,28.0,0.0,2.0,0.050000000000000044,2.4700796604156494,2.4700796604156494,0.0
double_dqn,811,463,92.83140862733126,88.98417878691107,31.744610995054245,61.08679711818695,1.5605734372511506,17270.403690338135,0.0,27.0,0.0,0.0,0.050000000000000044,2.6414114087820053,2.6414114087820053,0.0
double_dqn,811,464,88.89730477482081,88.85661007601769,31.398420177400112,57.498884537816046,1.5566880032420158,17225.24354171753,0.0,26.0,0.0,1.0,0.050000000000000044,3.1461830399930477,3.1461830399930477,0.0
double_dqn,811,465,89.29135273396969,88.69729546103626,32.13779063522816,57.153561890125275,1.5430119950324297,17274.973861694336,0.0,26.0,0.0,1.0,0.050000000000000044,2.5547049567103386,2.5547049567103386,0.0
double_dqn,811,466,86.49654366075993,88.8020435532555,32.07283887267113,54.42370480298996,1.543540601618588,17098.379020690918,0.0,24.0,0.0,0.0,0.050000000000000044,2.4055140055716038,2.4055140055716038,0.0
double_dqn,811,467,86.21985566616058,88.29029373694212,31.2055197134614,55.014336079359055,1.5234486320987344,16597.67763900757,0.0,26.0,0.0,0.0,0.050000000000000044,3.8818483278155327,3.8818483278155327,0.0
double_dqn,811,468,84.74518498182297,88.37977317038924,30.060167536139488,54.68501722216606,1.5107800792902708,16251.16018295288,0.0,26.0,0.0,2.0,0.050000000000000044,2.926657799631357,2.926657799631357,0.0
double_dqn,811,469,84.26187667250633,88.71680561032147,30.493518352508545,53.76835782825947,1.5076401811093092,16340.145057678223,0.0,24.0,0.0,0.0,0.050000000000000044,2.1613813750445843,2.1613813750445843,0.0
double_dqn,811,470,72.38500994741916,88.13136675503105,28.477776013314724,43.90723368823528,1.4503522338345647,15071.365278244019,0.0,22.0,0.0,2.0,0.050000000000000044,2.652743022888899,2.652743022888899,0.0
double_dqn,811,471,84.93289334475995,88.65473474111408,29.10602317005396,55.826870614290236,1.4777123657986522,15633.934329986572,0.0,26.0,0.0,1.0,0.050000000000000044,3.6785364858806133,3.6785364858806133,0.0
double_dqn,811,472,97.41405116915703,88.80317043777555,34.49104768037796,62.923003220558165,1.6163353212177753,18564.122032165527,0.0,28.0,0.0,1.0,0.050000000000000044,3.803564675152302,3.803564675152302,0.0
double_dqn,811,473,79.15766705572605,88.21439509470017,29.64956507086754,49.50810168683529,1.478402809239924,15657.329845428467,0.0,23.0,0.0,0.0,0.050000000000000044,3.0027290247380733,3.0027290247380733,0.0
double_dqn,811,474,89.12650813162327,88.77776730772109,31.793525867164135,57.33298169076443,1.552583210170269,17340.540618896484,0.0,26.0,0.0,1.0,0.050000000000000044,3.1998352631926537,3.1998352631926537,0.0
double_dqn,811,475,81.32275642454624,87.95212328922005,29.511111468076706,51.811644703149796,1.47371578309685,15663.816032409668,0.0,23.0,0.0,0.0,0.050000000000000044,3.555739250034094,3.555739250034094,0.0
double_dqn,811,476,80.17858823388815,87.08839186128229,30.134253077208996,50.04433485865593,1.5133051741868258,16361.682600021362,0.0,24.0,0.0,0.0,0.050000000000000044,4.471515126526356,4.471515126526356,0.0
double_dqn,811,477,90.8026614651084,87.03649722509087,32.75398064404726,58.048680955171584,1.5809608362615108,17736.968006134033,0.0,27.0,0.0,1.0,0.050000000000000044,3.458110935986042,3.458110935986042,0.0
double_dqn,811,478,95.66184040904045,87.81931497998536,33.819837376475334,61.842002898454666,1.5839820438995957,18148.30348968506,0.0,27.0,0.0,1.0,0.050000000000000044,3.902813620865345,3.902813620865345,0.0
double_dqn,811,479,91.03027856349945,87.51903745174408,33.14274679124355,57.887531504034996,1.5961570907384157,18367.61851119995,0.0,26.0,0.0,1.0,0.050000000000000044,3.583584390580654,3.583584390580654,0.0
double_dqn,811,480,92.67309507727623,88.09469460599125,31.382002748548985,61.29109179973602,1.5379993384703994,16986.250385284424,0.0,27.0,0.0,0.0,0.050000000000000044,3.0873892195522785,3.0873892195522785,0.0
double_dqn,811,481,88.2150731086731,87.50536512635648,32.633258767426014,55.5818143337965,1.5803425321355462,17829.445945739746,0.0,27.0,0.0,0.0,0.050000000000000044,3.673524856567383,3.673524856567383,0.0
double_dqn,811,482,78.01740292608739,86.68306764870883,29.600954830646515,48.41644767820835,1.4935245858505368,16086.715003967285,0.0,23.0,0.0,1.0,0.050000000000000044,3.4171722196042538,3.4171722196042538,0.0
double_dqn,811,483,85.87129341810942,86.33506188824774,32.72871147096157,53.14258159697056,1.5741799278184772,17748.704582214355,0.0,24.0,0.0,0.0,0.050000000000000044,2.5534247495234013,2.5534247495234013,0.0
double_dqn,811,484,97.44797871410847,86.76259558521213,37.47269408404827,59.975284868478774,1.6555680446326733,20435.88813018799,0.0,27.0,0.0,1.0,0.050000000000000044,3.6832248121500015,3.6832248121500015,0.0
double_dqn,811,485,111.83933080732822,87.88999448888005,37.41532924771309,74.42400212585926,1.6929135955870152,20650.698081970215,0.0,32.0,0.0,1.0,0.050000000000000044,4.178659684956074,4.178659684956074,0.0
double_dqn,811,486,112.00090664625168,89.16521263815464,36.91273058205843,75.08817611634731,1.6834188476204872,20417.423084259033,0.0,33.0,0.0,2.0,0.050000000000000044,3.685760796070099,3.685760796070099,0.0
double_dqn,811,487,82.6427408695221,88.98635689832271,30.73631590604782,51.90642415881157,1.5069896131753922,16321.74388885498,0.0,23.0,0.0,1.0,0.050000000000000044,3.749226965010166,3.749226965010166,0.0
double_dqn,811,488,91.10026900470257,89.30411109946668,32.06650444865227,59.033764123916626,1.57151944283396,17542.64225769043,0.0,28.0,0.0,1.0,0.050000000000000044,2.768994338810444,2.768994338810444,0.0
double_dqn,811,489,89.25942143201829,89.55398833744229,31.897392883896828,57.362028488516806,1.538612642325461,17318.2873878479,0.0,27.0,0.0,1.0,0.050000000000000044,2.3281075097620487,2.3281075097620487,0.0
double_dqn,811,490,89.26723022758961,90.39809935145081,31.584409445524216,57.68282073736191,1.545091706328094,17205.924034118652,0.0,27.0,0.0,1.0,0.050000000000000044,2.6813450157642365,2.6813450157642365,0.0
double_dqn,811,491,90.79414065927267,90.69116171717644,31.935483805835247,58.858657002449036,1.5634842775762081,17506.280487060547,0.0,27.0,0.0,0.0,0.050000000000000044,2.518429022282362,2.518429022282362,0.0
double_dqn,811,492,95.93360749781132,90.61713953360916,31.440902784466743,64.49270483255387,1.6847197627648711,19024.02604675293,0.0,29.0,0.0,4.0,0.050000000000000044,3.791549861431122,3.791549861431122,0.0
double_dqn,811,493,83.00482092052698,90.8094972268492,30.662326268851757,52.34249493479729,1.513255045749247,16360.433544158936,0.0,24.0,0.0,0.0,0.050000000000000044,2.155123930424452,2.155123930424452,0.0
double_dqn,811,494,86.60970985144377,90.68365731284023,32.6549888625741,53.954720452427864,1.5790637247264385,17852.525535583496,0.0,25.0,0.0,0.0,0.050000000000000044,3.5553426183760166,3.5553426183760166,0.0
double_dqn,811,495,78.49228610247374,90.54213379673661,27.95152846723795,50.54075756072998,1.4182823011651635,14998.42289352417,0.0,24.0,0.0,1.0,0.050000000000000044,2.8383408561348915,2.8383408561348915,0.0
double_dqn,811,496,97.29152021706105,91.39778039589525,33.81333054602146,63.478189611434935,1.6160727087408304,18575.300243377686,0.0,27.0,0.0,2.0,0.050000000000000044,2.7690590508282185,2.7690590508282185,0.0
double_dqn,811,497,86.39429995566607,91.17736232042314,32.877038322389126,53.5172621846199,1.5523404432460666,17592.096935272217,0.0,24.0,0.0,1.0,0.050000000000000044,2.199157826602459,2.199157826602459,0.0
double_dqn,811,498,96.56994039714337,91.2227673198283,33.804330706596375,62.7656098395586,1.5925493463873863,18622.171417236328,0.0,27.0,0.0,2.0,0.050000000000000044,2.8341040275990963,2.8341040275990963,0.0
double_dqn,811,499,101.4352442920208,91.74301560625436,34.61749713122845,66.81774730980396,1.6216876413673162,18865.317150115967,0.0,29.0,0.0,0.0,0.050000000000000044,2.426312755793333,2.426312755793333,0.0
double_dqn,811,500,80.52170135080814,91.13544591993096,29.999299086630344,50.52240215241909,1.4952242486178875,16074.135581970215,0.0,24.0,0.0,1.0,0.050000000000000044,3.573748342692852,3.573748342692852,0.0
double_dqn,811,501,81.10337003320456,90.77986076615751,30.089331604540348,51.01403883099556,1.5089393872767687,16273.78970336914,0.0,24.0,0.0,0.0,0.050000000000000044,4.055306985974312,4.055306985974312,0.0
double_dqn,811,502,91.72535942494869,91.46525859110058,33.01861625909805,58.706743359565735,1.5489937150850892,17576.043144226074,0.0,26.0,0.0,1.0,0.050000000000000044,3.331785686314106,3.331785686314106,0.0
double_dqn,811,503,91.00155104100705,91.72177147224546,33.524527095258236,57.477023565769194,1.591257218271494,18330.10495185852,0.0,24.0,0.0,1.0,0.050000000000000044,3.3633296191692352,3.3633296191692352,0.0
double_dqn,811,504,105.53004267811775,92.12587467044594,35.7580489218235,69.7719936966896,1.661941520869732,19673.81410598755,0.0,30.0,0.0,0.0,0.050000000000000044,3.528564915060997,3.528564915060997,0.0
double_dqn,811,505,87.84152316451073,90.92598428830505,30.18348828703165,57.65803469121456,1.5062368428334594,16790.608978271484,0.0,27.0,0.0,1.0,0.050000000000000044,2.202327709645033,2.202327709645033,0.0
double_dqn,811,506,81.4677330777049,89.39932560987772,31.383226238191128,50.08450694382191,1.5276703601703048,16760.151008605957,0.0,24.0,0.0,0.0,0.050000000000000044,3.4749550968408585,3.4749550968408585,0.0
double_dqn,811,507,98.31132572889328,90.18275485284627,33.78770273923874,64.52362297475338,1.608429130166769,18700.78542327881,0.0,28.0,0.0,1.0,0.050000000000000044,3.4191252291202545,3.4191252291202545,0.0
double_dqn,811,508,78.26900518089533,89.54119166165592,29.849692039191723,48.41931311190128,1.4901844775304198,15897.803722381592,0.0,23.0,0.0,1.0,0.050000000000000044,3.3164926916360855,3.3164926916360855,0.0
double_dqn,811,509,100.15217679142953,90.08582942962647,33.88691905140877,66.26525788903237,1.606655946932733,18491.09104537964,0.0,29.0,0.0,1.0,0.050000000000000044,3.5953773707151413,3.5953773707151413,0.0
double_dqn,811,510,77.78050815463067,89.51149332597853,30.93471246957779,46.845795878767966,1.5182026354596019,16662.191749572754,0.0,21.0,0.0,1.0,0.050000000000000044,3.34302906319499,3.34302906319499,0.0
double_dqn,811,511,87.32414028048515,89.33799330703917,31.501952581107616,55.822187542915344,1.520777402445674,16777.1036529541,0.0,26.0,0.0,0.0,0.050000000000000044,3.0288268700242043,3.0288268700242043,0.0
double_dqn,811,512,74.14308426678181,88.2484671454877,28.025454990565777,46.11762944757938,1.4483973663300276,15104.665706634521,0.0,22.0,0.0,1.0,0.050000000000000044,3.5000609159469604,3.5000609159469604,0.0
double_dqn,811,513,87.53480763137341,88.47496648103001,33.26799373328686,54.2668133020401,1.599374552257359,18140.752475738525,0.0,24.0,0.0,1.0,0.050000000000000044,3.628736197948456,3.628736197948456,0.0
double_dqn,811,514,104.855444714427,89.38725322417916,34.74382320046425,70.1116209924221,1.6410349505022168,19131.117599487305,0.0,31.0,0.0,0.0,0.050000000000000044,3.3248280063271523,3.3248280063271523,0.0
double_dqn,811,515,101.02185183763504,90.51373151093722,35.051893167197704,65.96995843946934,1.6244044452905655,19164.322151184082,0.0,30.0,0.0,0.0,0.050000000000000044,3.9366650953888893,3.9366650953888893,0.0
double_dqn,811,516,94.53482035547495,90.37589651785791,32.767892234027386,61.76692807674408,1.5899114347994328,18270.51778793335,0.0,28.0,0.0,1.0,0.050000000000000044,3.44533583894372,3.44533583894372,0.0
double_dqn,811,517,98.20584730803967,90.96647388547659,34.52006532251835,63.68578194081783,1.6197037417441607,18660.00580596924,0.0,29.0,0.0,0.0,0.050000000000000044,3.276895370334387,3.276895370334387,0.0
double_dqn,811,518,89.70632813870907,90.62329327255489,32.27248626947403,57.43384185433388,1.5680672442540526,17647.823036193848,0.0,25.0,0.0,1.0,0.050000000000000044,3.603178745135665,3.603178745135665,0.0
double_dqn,811,519,88.65209860503674,89.98413598820568,31.914565458893776,56.73753278851509,1.5646530790254474,17591.114013671875,0.0,27.0,0.0,1.0,0.050000000000000044,4.008909713476896,4.008909713476896,0.0
double_dqn,811,520,81.60370498895645,90.0382361701131,30.31853426247835,51.28517019748688,1.4868117365986109,16077.910772323608,0.0,23.0,0.0,0.0,0.050000000000000044,3.264411211013794,3.264411211013794,0.0
double_dqn,811,521,93.87719298303128,90.67692731760442,32.91540066897869,60.96179217994213,1.574708386324346,17940.104244232178,0.0,27.0,0.0,1.0,0.050000000000000044,2.1749683544039726,2.1749683544039726,0.0
double_dqn,811,522,91.41881185024977,90.6615999388695,32.4664132297039,58.95239906013012,1.5671968189999461,17670.215881347656,0.0,27.0,0.0,0.0,0.050000000000000044,2.6331915631890297,2.6331915631890297,0.0
double_dqn,811,523,92.5305553227663,90.73805015295746,33.11013539880514,59.420420199632645,1.5761426175013185,18004.44945526123,0.0,27.0,0.0,0.0,0.050000000000000044,4.123270653188229,4.123270653188229,0.0
double_dqn,811,524,91.79244875311852,90.0511704567075,32.47370893508196,59.318740183115004,1.5631054257974029,17663.156986236572,0.0,27.0,0.0,1.0,0.050000000000000044,3.4744579307734966,3.4744579307734966,0.0
double_dqn,811,525,102.75494894385338,90.79684174567461,33.96051724255085,68.7944317907095,1.5992144960910082,18530.590328216553,0.0,29.0,0.0,0.0,0.050000000000000044,2.916450023651123,2.916450023651123,0.0
double_dqn,811,526,78.22939882576466,90.63492503307762,29.58357208967209,48.64582701921463,1.4907422345131636,16069.890033721924,0.0,22.0,0.0,1.0,0.050000000000000044,3.8897776044905186,3.8897776044905186,0.0
double_dqn,811,527,73.693256329,89.40402156308295,29.506058551371098,44.187197762727735,1.5192299196496606,16206.634323120117,0.0,22.0,0.0,2.0,0.050000000000000044,3.364234760403633,3.364234760403633,0.0
double_dqn,811,528,82.39818445593119,89.61048052683473,29.607361041009426,52.79082348942757,1.4969251994043589,15669.638484954834,0.0,25.0,0.0,0.0,0.050000000000000044,2.3687588311731815,2.3687588311731815,0.0
double_dqn,811,529,101.29261589944363,89.66750248223545,35.910381108522415,65.38223543167115,1.6734331203624606,19983.82492828369,0.0,28.0,0.0,2.0,0.050000000000000044,2.9485958479344845,2.9485958479344845,0.0
double_dqn,811,530,84.06764329969883,89.98185923948884,29.52779360115528,54.53984938561916,1.503240643069148,15912.312717437744,0.0,26.0,0.0,0.0,0.050000000000000044,3.517336219549179,3.517336219549179,0.0
double_dqn,811,531,93.97427889108658,90.31436617001893,32.27485826611519,61.69942114651203,1.548540118150413,17262.60637664795,0.0,26.0,0.0,1.0,0.050000000000000044,3.2401051111519337,3.2401051111519337,0.0
double_dqn,811,532,84.81953459978104,90.84818868666888,29.482305347919464,55.33722949028015,1.4973516119644046,16089.068546295166,0.0,27.0,0.0,0.0,0.050000000000000044,2.344486530870199,2.344486530870199,0.0
double_dqn,811,533,87.6729181483388,90.85509421251716,31.38188938051462,56.2910293340683,1.547059703618288,16998.604257583618,0.0,26.0,0.0,0.0,0.050000000000000044,3.332058325409889,3.332058325409889,0.0
double_dqn,811,534,88.92607478797436,90.05862571619451,30.31148925423622,58.61458592116833,1.5033803787082434,16005.61852645874,0.0,26.0,0.0,1.0,0.050000000000000044,3.658367596566677,3.658367596566677,0.0
double_dqn,811,535,97.79983839690685,89.8975250441581,34.027309253811836,63.772529143095014,1.593694718554616,18529.382835388184,0.0,27.0,0.0,2.0,0.050000000000000044,3.0700666531920433,3.0700666531920433,0.0
double_dqn,811,536,91.53038673847914,89.7473033633083,31.547281093895435,59.983105689287186,1.5470286831259727,17286.35398864746,0.0,27.0,0.0,0.0,0.050000000000000044,2.818329334259033,2.818329334259033,0.0
double_dqn,811,537,84.51851922571659,89.06293695919216,31.638482585549355,52.880036535859105,1.5330435084179044,16925.349201202393,0.0,24.0,0.0,3.0,0.050000000000000044,3.29332771897316,3.29332771897316,0.0
double_dqn,811,538,80.84475474208594,88.619858289361,30.506541438400745,50.33821282684803,1.5109930094331503,16171.359535217285,0.0,23.0,0.0,1.0,0.050000000000000044,3.1499504894018173,3.1499504894018173,0.0
double_dqn,811,539,93.65797099471092,88.8701519088447,33.98870252072811,59.66926868259907,1.5988001925870776,18275.875373840332,0.0,26.0,0.0,0.0,0.050000000000000044,3.299085170030594,3.299085170030594,0.0
double_dqn,811,540,80.7119494304061,88.82556413091719,28.95691679418087,51.7550332993269,1.4812107281759381,15657.068828582764,0.0,24.0,0.0,0.0,0.050000000000000044,3.7213629633188248,3.7213629633188248,0.0
double_dqn,811,541,91.03891368955374,88.68365016624332,32.56168359518051,58.47723025083542,1.580653127282858,17800.33560180664,0.0,27.0,0.0,0.0,0.050000000000000044,3.1306983195245266,3.1306983195245266,0.0
double_dqn,811,542,70.63299200832844,87.64435917414725,28.369967065751553,42.26302535235882,1.4527333313599229,15181.292739868164,0.0,20.0,0.0,1.0,0.050000000000000044,3.3965311609208584,3.3965311609208584,0.0
double_dqn,811,543,100.65854257494212,88.05075853675605,33.8112628236413,66.84727995991707,1.5858401712030172,18484.12260055542,0.0,30.0,0.0,2.0,0.050000000000000044,3.308726966381073,3.308726966381073,0.0
double_dqn,811,544,83.93338321894407,87.65780526004733,31.282921992242336,52.65046122670174,1.5390705289319158,17102.825944900513,0.0,25.0,0.0,0.0,0.050000000000000044,3.7193673960864544,3.7193673960864544,0.0
double_dqn,811,545,88.89926752448082,86.9650211890787,31.378073535859585,57.52119451761246,1.5396530963480473,17099.392993927002,0.0,27.0,0.0,1.0,0.050000000000000044,2.957825757563114,2.957825757563114,0.0
double_dqn,811,546,76.35446883738041,86.87127468965949,26.619748279452324,49.73472037911415,1.429240913130343,14256.70846939087,0.0,25.0,0.0,0.0,0.050000000000000044,3.6419751048088074,3.6419751048088074,0.0
double_dqn,811,547,88.7856840416789,87.62589607529341,32.57752883434296,56.2081553786993,1.57266875077039,18012.512603759766,0.0,26.0,0.0,1.0,0.050000000000000044,2.445386439561844,2.445386439561844,0.0
double_dqn,811,548,95.38406221568584,88.27518996328115,33.40064509212971,61.98341739177704,1.5677319131791592,18120.449352264404,0.0,27.0,0.0,0.0,0.050000000000000044,3.8878889232873917,3.8878889232873917,0.0
double_dqn,811,549,92.34904126822948,87.82801123172045,31.54716293513775,60.801878690719604,1.560829121619463,17249.95252609253,0.0,26.0,0.0,2.0,0.050000000000000044,3.2300225757062435,3.2300225757062435,0.0
double_dqn,811,550,82.95614755302668,87.77243644438684,30.243674270808697,52.71247341632843,1.4945830097422004,15937.536018371582,0.0,25.0,0.0,2.0,0.050000000000000044,2.6760663613677025,2.6760663613677025,0.0
double_dqn,811,551,84.66372186988592,87.30690859332682,30.90547489374876,53.758247423171994,1.5326601574197412,16989.133056640625,0.0,26.0,0.0,3.0,0.050000000000000044,3.9366213977336884,3.9366213977336884,0.0
double_dqn,811,552,96.53092608600855,87.89247816763819,32.3995246887207,64.1314019113779,1.5762825710698962,17934.881160736084,0.0,30.0,0.0,0.0,0.050000000000000044,2.9182629846036434,2.9182629846036434,0.0
double_dqn,811,553,86.95044593513012,87.85635455697776,29.4794994443655,57.47094711661339,1.510369097813964,16090.219551086426,0.0,27.0,0.0,1.0,0.050000000000000044,3.2157148979604244,3.2157148979604244,0.0
double_dqn,811,554,75.93214654922485,87.20665814504028,29.344276875257492,46.58786952495575,1.4798296838998795,15711.468780517578,0.0,22.0,0.0,1.0,0.050000000000000044,3.609593778848648,3.609593778848648,0.0
double_dqn,811,555,90.26434034109116,86.8298832422495,33.03580690920353,57.22853383421898,1.60174429602921,18281.557262420654,0.0,26.0,0.0,0.0,0.050000000000000044,3.512645073235035,3.512645073235035,0.0
double_dqn,811,556,94.39503034353257,86.97311542250216,34.510066375136375,59.88496390879154,1.6225084271281958,19020.836559295654,0.0,28.0,0.0,1.0,0.050000000000000044,3.1262777484953403,3.1262777484953403,0.0
double_dqn,811,557,80.1981910392642,86.75709901317956,30.958972103893757,49.23921857774258,1.5339712286368012,16910.448806762695,0.0,23.0,0.0,1.0,0.050000000000000044,2.760851189494133,2.760851189494133,0.0
double_dqn,811,558,89.72006691992283,87.20086462207139,35.42796675860882,54.29210066795349,1.5980531461536884,19196.42830657959,0.0,24.0,0.0,0.0,0.050000000000000044,2.5864195860922337,2.5864195860922337,0.0
double_dqn,811,559,93.1985226660967,87.17789220564069,31.862649090588093,61.335873463749884,1.5568292485550046,17399.84369277954,0.0,27.0,0.0,2.0,0.050000000000000044,3.669083997607231,3.669083997607231,0.0
double_dqn,811,560,77.67354915291071,87.02597219176592,29.619550064206123,48.05399951338768,1.4597223103046417,16047.49970626831,0.0,22.0,0.0,0.0,0.050000000000000044,4.041582103818655,4.041582103818655,0.0
double_dqn,811,561,96.04447519779205,87.27625026717783,33.750587955117226,62.29388718307018,1.6039725029841065,18659.747896194458,0.0,28.0,0.0,0.0,0.050000000000000044,3.8382866382598877,3.8382866382598877,0.0
double_dqn,811,562,81.29189602434636,87.80919546797872,28.172414913773537,53.11948072314262,1.4735871404409409,15214.877540588379,0.0,25.0,0.0,2.0,0.050000000000000044,3.7711322866380215,3.7711322866380215,0.0
double_dqn,811,563,85.83194816857576,87.0678657476604,33.03241930156946,52.799529045820236,1.5709174843505025,18119.946353912354,0.0,23.0,0.0,0.0,0.050000000000000044,3.144524708390236,3.144524708390236,0.0
double_dqn,811,564,88.39875423908234,87.29113429866732,32.47260807454586,55.92614629864693,1.5592566095292568,17571.272918701172,0.0,26.0,0.0,0.0,0.050000000000000044,3.8725687749683857,3.8725687749683857,0.0
double_dqn,811,565,73.2382090985775,86.50808137737215,27.970540672540665,45.26766861975193,1.4506130581721663,15104.815385818481,0.0,22.0,0.0,1.0,0.050000000000000044,3.362078681588173,3.362078681588173,0.0
double_dqn,811,566,81.8121820539236,86.7809670381993,28.310127951204777,53.50205424427986,1.4758537290617824,15505.699115753174,0.0,25.0,0.0,0.0,0.050000000000000044,3.188940390944481,3.188940390944481,0.0
double_dqn,811,567,90.1719124391675,86.85027845807375,31.435267105698586,58.73664544522762,1.5665431134402752,17340.60962677002,0.0,26.0,0.0,0.0,0.050000000000000044,2.5653723999857903,2.5653723999857903,0.0
double_dqn,811,568,101.15917813777924,87.1390342541784,36.24536529183388,64.91381277143955,1.6593117490410805,19731.30565261841,0.0,28.0,0.0,1.0,0.050000000000000044,3.0097550600767136,3.0097550600767136,0.0
double_dqn,811,569,92.25997982919216,87.13458118222654,31.723539292812347,60.53644073009491,1.5578002138063312,17281.895931243896,0.0,27.0,0.0,0.0,0.050000000000000044,3.924521215260029,3.924521215260029,0.0
double_dqn,811,570,97.0599905103445,87.83977333009243,34.61903950572014,62.44095116853714,1.6110716061666608,18817.11344909668,0.0,28.0,0.0,1.0,0.050000000000000044,5.0093358010053635,5.0093358010053635,0.0
double_dqn,811,571,77.14414911717176,87.46379469245672,28.296087749302387,48.848060965538025,1.4662343244999647,15339.455741882324,0.0,24.0,0.0,0.0,0.050000000000000044,4.449377104640007,4.449377104640007,0.0
double_dqn,811,572,92.85647448152304,87.28007211223243,33.24059388786554,59.61588096618652,1.5825973004102707,17949.261169433594,0.0,27.0,0.0,0.0,0.050000000000000044,4.007051154971123,4.007051154971123,0.0
double_dqn,811,573,79.59339578449726,86.9122196047008,28.83269353210926,50.760702431201935,1.489785154350102,15935.730585098267,0.0,24.0,0.0,0.0,0.050000000000000044,2.921829506754875,2.921829506754875,0.0
double_dqn,811,574,102.93265038728714,88.26224479660391,35.89992345124483,67.0327267497778,1.6287573790177703,19603.567459106445,0.0,30.0,0.0,0.0,0.050000000000000044,3.6959080323576927,3.6959080323576927,0.0
double_dqn,811,575,89.53778302669525,88.22591693088411,32.63224549591541,56.9055378139019,1.596470544114709,17894.17106628418,0.0,26.0,0.0,0.0,0.050000000000000044,3.453567337244749,3.453567337244749,0.0
double_dqn,811,576,99.09170293956996,88.460750560686,34.661675967276096,64.43002710640431,1.6470732120797038,19155.33529663086,0.0,28.0,0.0,3.0,0.050000000000000044,3.811130851507187,3.811130851507187,0.0
double_dqn,811,577,92.93586730211973,89.09763437382877,32.971656151115894,59.9642108976841,1.5826316569000483,18017.45530128479,0.0,27.0,0.0,1.0,0.050000000000000044,4.112069744616747,4.112069744616747,0.0
double_dqn,811,578,111.43541316092015,90.18340168587864,37.45137818157673,73.98403465151787,1.656733687967062,20577.64044570923,0.0,31.0,0.0,1.0,0.050000000000000044,3.508128050714731,3.508128050714731,0.0
double_dqn,811,579,94.02860774099827,90.22490593962372,33.69802251458168,60.33058552443981,1.5873402347788215,18342.7296295166,0.0,27.0,0.0,0.0,0.050000000000000044,3.0712935887277126,3.0712935887277126,0.0
double_dqn,811,580,76.27627066522837,90.1550420152396,29.73878515511751,46.537484645843506,1.5011764103546739,15952.227043151855,0.0,22.0,0.0,1.0,0.050000000000000044,3.395566165447235,3.395566165447235,0.0
double_dqn,811,581,102.37311978638172,90.47147424466908,34.24459985643625,68.12851989269257,1.6260526506230235,19114.668350219727,0.0,29.0,0.0,1.0,0.050000000000000044,2.9235930405557156,2.9235930405557156,0.0
double_dqn,811,582,90.56664615124464,90.935211751014,31.730812050402164,58.83583401143551,1.5651650922372937,17422.695247650146,0.0,27.0,0.0,1.0,0.050000000000000044,3.3926888033747673,3.3926888033747673,0.0
double_dqn,811,583,85.7464495152235,90.93093681834638,32.868392921984196,52.87805603444576,1.570348178036511,17808.248790740967,0.0,25.0,0.0,0.0,0.050000000000000044,2.899050250649452,2.899050250649452,0.0
double_dqn,811,584,85.84291106462479,90.8031446596235,31.23354385793209,54.6093667447567,1.5326617481186986,16753.053916931152,0.0,25.0,0.0,1.0,0.050000000000000044,4.123311392962933,4.123311392962933,0.0
double_dqn,811,585,109.5888526827097,92.62067683883012,38.92626762390137,70.6625854164362,1.721420251764357,21426.15121459961,0.0,31.0,0.0,3.0,0.050000000000000044,3.4310367815196514,3.4310367815196514,0.0
double_dqn,811,586,109.08146293461323,93.9841408828646,40.469307616353035,68.61215491592884,1.6921220710501075,22616.10643386841,0.0,30.0,0.0,1.0,0.050000000000000044,3.710844714194536,3.710844714194536,0.0
double_dqn,811,587,81.80409087240696,93.56574980452658,30.502051681280136,51.30203939974308,1.526674972847104,16859.98352432251,0.0,26.0,0.0,0.0,0.050000000000000044,3.532044805586338,3.532044805586338,0.0
double_dqn,811,588,69.7078057691455,91.99318118609489,27.607150577008724,42.100654983520506,1.4593683425337076,14898.859260559082,0.0,22.0,0.0,1.0,0.050000000000000044,3.506078738719225,3.506078738719225,0.0
double_dqn,811,589,82.9744272992015,91.52890355959535,29.754117242991924,53.220309832692145,1.4761088835075498,15781.949699401855,0.0,25.0,0.0,1.0,0.050000000000000044,3.25089343637228,3.25089343637228,0.0
double_dqn,811,590,91.4683171659708,91.24931989237668,31.703044794499874,59.765272319316864,1.5554090337827802,17397.78077316284,0.0,27.0,0.0,1.0,0.050000000000000044,4.300137922167778,4.300137922167778,0.0
double_dqn,811,591,83.72941721230745,91.57858329713346,29.277154959738255,54.45226177573204,1.4898164877668023,15628.72501373291,0.0,25.0,0.0,0.0,0.050000000000000044,3.02668110281229,3.02668110281229,0.0
double_dqn,811,592,85.2640481159091,91.19896197885275,30.70180008560419,54.5622479557991,1.5190941896289587,16731.157745361328,0.0,24.0,0.0,2.0,0.050000000000000044,4.033077299594879,4.033077299594879,0.0
double_dqn,811,593,66.51942879110575,90.54526362918318,27.128508172929287,39.39092036485672,1.4099873211234808,14225.050220489502,0.0,20.0,0.0,1.0,0.050000000000000044,2.741217080503702,2.741217080503702,0.0
double_dqn,811,594,90.2031509578228,89.90878865770996,31.37943208962679,58.823718547821045,1.52818345092237,16822.403707504272,0.0,27.0,0.0,1.0,0.050000000000000044,2.9394220411777496,2.9394220411777496,0.0
double_dqn,811,595,84.23867800086737,89.64383340641857,30.88161675632,53.357060849666595,1.5156052391976118,16876.375244140625,0.0,24.0,0.0,0.0,0.050000000000000044,2.993271619081497,2.993271619081497,0.0
double_dqn,811,596,83.84291591495275,88.88139405518771,30.381573662161827,53.46134206652641,1.515163722448051,16527.527801513672,0.0,25.0,0.0,0.0,0.050000000000000044,3.6869662441313267,3.6869662441313267,0.0
double_dqn,811,597,86.1164969727397,88.54042553871871,29.89194095879793,56.224555999040604,1.4947488401085138,16167.419746398926,0.0,25.0,0.0,0.0,0.050000000000000044,3.286627981811762,3.286627981811762,0.0
double_dqn,811,598,100.09363597035409,87.9733366791904,34.089583680033684,66.00405236482621,1.6344764064997435,18731.79612350464,0.0,29.0,0.0,2.0,0.050000000000000044,3.937503084540367,3.937503084540367,0.0
double_dqn,811,599,76.01770889759064,87.07279173702003,28.50448189675808,47.513226836919785,1.4832945810630918,15459.0647315979,0.0,23.0,0.0,0.0,0.050000000000000044,4.1876015812158585,4.1876015812158585,0.0
