variant,model_seed,episode,cost,rolling_cost,immediate_cost,penalty,energy_use,latency_ms,thermal_violation,energy_violation,queue_violation,contact_violation,epsilon,loss,td_loss,auxiliary_loss
double_dqn,803,0,126.56914693298512,126.56914693298512,40.373559042811394,86.19558789017374,1.812290801666677,24519.454959869385,0.0,33.0,18.0,1.0,0.9954761904761905,,,
double_dqn,803,1,116.65954805910587,121.6143474960455,40.966013208031654,75.69353401660919,1.772573790512979,24070.86985015869,0.0,32.0,0.0,0.0,0.9909523809523809,1.4101800918579102,1.4101800918579102,0.0
double_dqn,803,2,112.86663095802069,118.69844198337057,36.8605647161603,76.00606634616852,1.7408397253602743,22225.023178100586,0.0,32.0,0.0,2.0,0.9864285714285714,1.257712110877037,1.257712110877037,0.0
double_dqn,803,3,109.10437506437302,116.29992525362118,37.370875775814056,71.73349916934967,1.779262276366353,23010.347862243652,0.0,28.0,0.0,0.0,0.981904761904762,1.2071471437811852,1.2071471437811852,0.0
double_dqn,803,4,118.36752527228758,116.71344525735446,39.12246673554182,79.24505808226034,1.782367411069572,24147.295906066895,0.0,33.0,2.0,4.0,0.9773809523809524,1.0603367201983929,1.0603367201983929,0.0
double_dqn,803,5,114.1942585430715,116.29358080497396,40.780178248882294,73.41408063691588,1.7373191062361002,23903.078411102295,0.0,33.0,9.0,1.0,0.9728571428571429,0.8430168144404888,0.8430168144404888,0.0
double_dqn,803,6,125.8502359073888,117.65881724817608,42.485645458102226,83.36459030027498,1.8417107313871384,24902.579071044922,0.0,32.0,12.0,2.0,0.9683333333333334,0.6986326277256012,0.6986326277256012,0.0
double_dqn,803,7,103.28488297760487,115.86207546435469,35.576708532869816,67.70817437767982,1.6629637274891138,21044.180141448975,0.0,29.0,0.0,1.0,0.9638095238095238,0.6991754658520222,0.6991754658520222,0.0
double_dqn,803,8,160.70151222868225,120.84423510483553,37.63264708220959,123.06886510176915,1.8123985305428505,23346.876182556152,0.0,34.0,24.0,1.0,0.9592857142857143,0.6718250699341297,0.6718250699341297,0.0
double_dqn,803,9,136.0543340394988,122.36524499830186,43.78086903691292,92.27346470456267,1.8431670423597097,25905.861320495605,0.0,35.0,10.0,0.0,0.9547619047619048,0.5594839155673981,0.5594839155673981,0.0
double_dqn,803,10,139.8787643081709,123.95738311738087,42.760577499866486,97.1181866592928,1.8235570713877678,25349.561115264893,0.0,33.0,13.0,1.0,0.9502380952380952,0.44002497754991055,0.44002497754991055,0.0
double_dqn,803,11,123.3247614582377,123.9046646457856,40.50675140321255,82.81800966759496,1.779355769045651,24285.818252563477,0.0,34.0,6.0,1.0,0.9457142857142857,0.3219675403088331,0.3219675403088331,0.0
double_dqn,803,12,121.89017038750292,123.74970354899462,38.02125243842602,83.86891753184439,1.7512023355811834,22570.571769714355,0.0,32.0,17.0,2.0,0.9411904761904761,0.26831211522221565,0.26831211522221565,0.0
double_dqn,803,13,116.34188342094421,123.22057353984816,41.35528740286827,74.98659613728523,1.8230160865932703,24270.687814712524,0.0,32.0,0.0,1.0,0.9366666666666666,0.2260188702493906,0.2260188702493906,0.0
double_dqn,803,14,110.25123473405839,122.35595095279551,41.28057272732258,68.97066217064858,1.6889484664425254,22863.07145690918,0.0,29.0,0.0,1.0,0.9321428571428572,0.21294259745627642,0.21294259745627642,0.0
double_dqn,803,15,176.50062576629992,125.73999312863953,39.488406635820866,137.0122191602814,1.8478774996474385,24952.99614715576,0.0,33.0,24.0,1.0,0.9276190476190476,0.524153751321137,0.524153751321137,0.0
double_dqn,803,16,150.6899948944148,127.20764029133218,43.92412093281746,106.76587376788225,1.8403789354488254,25836.655059814453,0.0,36.0,21.0,3.0,0.9230952380952381,0.5863332990556955,0.5863332990556955,0.0
double_dqn,803,17,115.47791690536835,126.55598899211196,40.49433731287718,74.98357880272961,1.8051093658432364,24627.49351501465,0.0,31.0,4.0,1.0,0.9185714285714286,0.4066640418022871,0.4066640418022871,0.0
double_dqn,803,18,121.16813136639765,126.27241753812699,41.40083599090576,79.76729564371279,1.7928551901131868,24451.3829498291,0.0,33.0,12.0,1.0,0.914047619047619,0.26169426552951336,0.26169426552951336,0.0
double_dqn,803,19,125.05730227668941,126.2116617750551,36.397052966058254,88.66024998863399,1.801016865298152,22722.151803970337,0.0,33.0,9.0,4.0,0.9095238095238095,0.24488543532788754,0.24488543532788754,0.0
double_dqn,803,20,125.5149344966842,126.15895115324011,40.75707742571831,84.75785717527404,1.789156419225037,24620.935062408447,0.0,33.0,14.0,0.0,0.905,0.2475191056728363,0.2475191056728363,0.0
double_dqn,803,21,95.7737736850977,125.1146624345397,32.4303215444088,63.343452513217926,1.5861975494772196,19227.027143478394,0.0,28.0,0.0,0.0,0.9004761904761904,0.2285547936335206,0.2285547936335206,0.0
double_dqn,803,22,129.38173133595305,125.94041745343631,40.721605107188225,88.66012596054392,1.8651108425110579,24422.79086303711,0.0,36.0,8.0,0.0,0.895952380952381,0.1946926205419004,0.1946926205419004,0.0
double_dqn,803,23,142.5007167504275,127.61023453773905,41.929728373885155,100.57098840634468,1.8774807220324874,25096.63311767578,0.0,35.0,16.0,0.0,0.8914285714285715,0.5953449904918671,0.5953449904918671,0.0
double_dqn,803,24,122.80204164981842,127.83196035661558,40.112715274095535,82.68932600319386,1.7621796894818544,22752.147298812866,0.0,37.0,0.0,0.0,0.8869047619047619,0.5882231872528791,0.5882231872528791,0.0
double_dqn,803,25,127.05239662245276,128.47486726058463,40.76948584616184,86.28291079119205,1.782455587759614,23137.00555038452,0.0,35.0,21.0,0.0,0.8823809523809524,0.35864013992249966,0.35864013992249966,0.0
double_dqn,803,26,128.94542763612824,128.6296268470216,40.668555811047554,88.27687194428998,1.8129306035116315,24193.635948181152,0.0,34.0,15.0,0.0,0.8778571428571429,0.2836493095383048,0.2836493095383048,0.0
double_dqn,803,27,120.80394588522614,129.5055799924027,36.11571595072746,84.68823033683005,1.7551868977025151,21409.379402160645,0.0,34.0,15.0,3.0,0.8733333333333333,0.2732936409302056,0.2732936409302056,0.0
double_dqn,803,28,195.3601582125463,131.2385122915959,41.14717961847782,154.21297859406852,1.8932264680042863,24706.99614715576,0.0,38.0,38.0,0.0,0.8688095238095238,0.24431593855842948,0.24431593855842948,0.0
double_dqn,803,29,92.64513532221318,129.0680523557316,34.065576657652855,58.57955847084522,1.6802849043160677,20886.85986328125,0.0,26.0,0.0,2.0,0.8642857142857143,0.22091713268309832,0.22091713268309832,0.0
double_dqn,803,30,127.63482632199442,128.45585545642274,40.77789717912674,86.85692865112937,1.7805515574291348,24298.902645111084,0.0,35.0,6.0,0.0,0.8597619047619047,0.2530447877943516,0.2530447877943516,0.0
double_dqn,803,31,122.65354515612125,128.42229464131694,39.51699709892273,83.13654816150665,1.7755119353532791,23228.614295959473,0.0,34.0,0.0,1.0,0.8552380952380952,0.6581682376563549,0.6581682376563549,0.0
double_dqn,803,32,108.04128045737744,127.72985014481067,37.056574910879135,70.98470529317856,1.688248598948121,21880.74624633789,0.0,29.0,0.0,1.0,0.8507142857142858,0.41587670519948006,0.41587670519948006,0.0
double_dqn,803,33,113.28047192841768,127.57677957018434,36.4803636148572,76.80010837316513,1.7036937111988664,20927.107412338257,0.0,33.0,0.0,0.0,0.8461904761904762,0.36542269214987755,0.36542269214987755,0.0
double_dqn,803,34,146.56349425866856,129.39239254641484,42.820569045841694,103.74292506381522,1.854190475307405,25107.65602874756,0.0,36.0,26.0,1.0,0.8416666666666667,0.31055561639368534,0.31055561639368534,0.0
double_dqn,803,35,82.79919841885567,124.70732117904262,28.96791784465313,53.831279918551445,1.494116929359734,16633.05541229248,0.0,25.0,0.0,2.0,0.8371428571428572,0.3042071792297065,0.3042071792297065,0.0
double_dqn,803,36,115.33427949547767,122.93953540909578,39.10711993277073,76.22715986073017,1.7637029401957989,23001.706325531006,0.0,33.0,0.0,2.0,0.8326190476190476,0.29685623198747635,0.29685623198747635,0.0
double_dqn,803,37,111.7083885550499,122.75105899157988,39.4312769472599,72.2771110266447,1.7496483838185668,22715.741271972656,0.0,32.0,0.0,2.0,0.8280952380952381,0.3070883098989725,0.3070883098989725,0.0
double_dqn,803,38,114.02898686528206,122.39410176652409,41.584852412343025,72.4441344678402,1.758623386733234,23602.795684814453,0.0,32.0,0.0,2.0,0.8235714285714286,0.3818312184885144,0.3818312184885144,0.0
double_dqn,803,39,98.6183869689703,121.07215600113814,34.21543863415718,64.40294840931892,1.659300765953958,20272.539764404297,0.0,27.0,0.0,0.0,0.819047619047619,0.8169148443266749,0.8169148443266749,0.0
double_dqn,803,40,139.49063712026617,121.77094113231722,40.66264735162258,98.82798961963199,1.9166834643110633,24632.934188842773,0.0,38.0,8.0,0.0,0.8145238095238095,0.45777477137744427,0.45777477137744427,0.0
double_dqn,803,41,114.92019065618516,122.7282619808716,40.04676774144173,74.87342306375504,1.7865124708041549,23438.458381652832,0.0,33.0,0.0,2.0,0.81,0.34304438252002,0.34304438252002,0.0
double_dqn,803,42,139.20915296598102,123.21963306237299,40.89672864973545,98.31242367549562,1.8806704049929976,24345.23738861084,0.0,35.0,14.0,1.0,0.8054761904761905,0.44753412157297134,0.44753412157297134,0.0
double_dqn,803,43,128.85951606929302,122.53757302831627,40.57379627227783,88.28571951389313,1.7867715461179614,23567.049278259277,0.0,36.0,0.0,1.0,0.800952380952381,0.42223488818854094,0.42223488818854094,0.0
double_dqn,803,44,101.07945948839188,121.45144392024494,38.67529699206352,62.40416222810745,1.6640281835570931,22048.100997924805,0.0,28.0,0.0,0.0,0.7964285714285715,0.3635448245331645,0.3635448245331645,0.0
double_dqn,803,45,96.62536270916462,119.93009222458053,31.566133856773376,65.0592287927866,1.6326830824837089,19298.171995162964,0.0,28.0,0.0,0.0,0.7919047619047619,0.46488497499376535,0.46488497499376535,0.0
double_dqn,803,46,123.51234509050846,119.65843809729954,43.80932888388634,79.70301587879658,1.7796453516930342,24267.137176513672,0.0,33.0,0.0,1.0,0.7873809523809524,0.5349473389796913,0.5349473389796913,0.0
double_dqn,803,47,96.13694801058345,118.42508820356741,31.943104967474937,64.19384316231779,1.7595141604542732,20277.48607635498,0.0,27.0,14.0,0.0,0.7828571428571429,0.7575532831251621,0.7575532831251621,0.0
double_dqn,803,48,118.247857311368,114.5694731585085,42.84783272445202,75.40002466142178,1.7445976817980409,24089.383010864258,0.0,33.0,0.0,3.0,0.7783333333333333,0.5714061595499516,0.5714061595499516,0.0
double_dqn,803,49,87.17966778874397,114.29619978183504,32.46831934154034,54.711348715424535,1.5798810990527272,19127.644313812256,0.0,24.0,0.0,2.0,0.7738095238095238,0.44164903555065393,0.44164903555065393,0.0
double_dqn,803,50,118.8405277132988,113.85648485140025,40.10320860147476,78.73731967806816,1.79443771392107,23557.89546585083,0.0,35.0,0.0,1.0,0.7692857142857144,0.4524825708940625,0.4524825708940625,0.0
double_dqn,803,51,109.46096747368574,113.1968559672785,39.30004031211138,70.16092705726624,1.7185256639495492,23065.110431671143,0.0,30.0,0.0,1.0,0.7647619047619048,0.4757412038743496,0.4757412038743496,0.0
double_dqn,803,52,121.11403236817343,113.85049356281827,39.64141930639744,81.47261280845623,1.8205754728987813,23875.687202453613,0.0,33.0,7.0,0.0,0.7602380952380953,0.4498323332518339,0.4498323332518339,0.0
double_dqn,803,53,96.54145935177803,113.01354293398632,36.0581616088748,60.483297139406204,1.6266957968473434,20886.67872428894,0.0,26.0,0.0,0.0,0.7557142857142858,0.4562331736087799,0.4562331736087799,0.0
double_dqn,803,54,116.37367616593838,111.50405202934978,40.47632209956646,75.89735344052315,1.7701510274782777,23404.50799560547,0.0,33.0,0.0,0.0,0.7511904761904762,0.7561217434704304,0.7561217434704304,0.0
double_dqn,803,55,121.62894002497197,113.4455391096556,40.06982837617397,81.55911108255387,1.7346005802974105,23012.998767852783,0.0,35.0,0.0,2.0,0.7466666666666667,0.6636209795251489,0.6636209795251489,0.0
double_dqn,803,56,112.98119948208333,113.3278851089859,38.13330598175526,74.84789347052575,1.7451187279075384,22595.622995376587,0.0,33.0,0.0,1.0,0.7421428571428572,0.5918220160529017,0.5918220160529017,0.0
double_dqn,803,57,111.00368122756481,113.29264974261164,39.259464129805565,71.7442168444395,1.7481846194714308,22757.455505371094,0.0,32.0,0.0,1.0,0.7376190476190476,0.4696684218943119,0.4696684218943119,0.0
double_dqn,803,58,114.45845828354359,113.31412331352472,38.63948245346546,75.81897529363633,1.7132156528532505,22280.97569656372,0.0,31.0,0.0,3.0,0.7330952380952381,0.5342698991298676,0.5342698991298676,0.0
double_dqn,803,59,131.36360704898834,114.95138431752562,47.16856372356415,84.19504365324974,1.8546305960044265,26213.54737472534,0.0,35.0,0.0,2.0,0.7285714285714286,0.5631420332938433,0.5631420332938433,0.0
double_dqn,803,60,115.30608331561089,113.74215662729287,35.77308934926987,79.53299362361432,1.6639448488131166,20312.096965789795,0.0,35.0,0.0,2.0,0.724047619047619,0.4931955495849252,0.4931955495849252,0.0
double_dqn,803,61,108.42424530684949,113.41735935982607,34.70382882654667,73.72041637599469,1.6936074635013938,20225.30895805359,0.0,31.0,0.0,2.0,0.7195238095238095,0.5308299791067839,0.5308299791067839,0.0
double_dqn,803,62,98.86014768481255,111.39990909576764,31.704331696033478,67.15581607818604,1.6015772055834532,18816.442539215088,0.0,29.0,0.0,1.0,0.7150000000000001,0.8539771577343345,0.8539771577343345,0.0
double_dqn,803,63,113.77721235156059,110.64579390988101,39.23858892917633,74.53862445056438,1.7648066841065884,23282.934650421143,0.0,31.0,0.0,1.0,0.7104761904761905,0.724810216575861,0.724810216575861,0.0
double_dqn,803,64,145.12115666235005,112.84787876857892,45.01241992413998,100.10873676801238,1.8586561931297183,25649.179931640625,0.0,35.0,23.0,3.0,0.7059523809523809,0.8111129309982061,0.8111129309982061,0.0
double_dqn,803,65,162.88338045268983,116.16077965575519,39.55673769116402,123.32664295524089,1.9321265555918217,24213.40493774414,0.0,40.0,27.0,0.0,0.7014285714285715,0.6774818077683449,0.6774818077683449,0.0
double_dqn,803,66,109.83495444059372,115.47691012325944,39.497972935438156,70.33698144555092,1.6537618860602379,21938.524112701416,0.0,30.0,0.0,2.0,0.6969047619047619,0.5169132072478533,0.5169132072478533,0.0
double_dqn,803,67,98.20532108843327,115.58032877715195,35.6819052323699,62.52341586351395,1.6136609697714448,20206.08871459961,0.0,27.0,0.0,1.0,0.6923809523809523,0.6609509130939841,0.6609509130939841,0.0
double_dqn,803,68,128.21974098682404,116.07892296092476,43.5684520304203,84.65128940343857,1.8503027074038982,25174.169986724854,0.0,33.0,0.0,0.0,0.687857142857143,0.5868334602564573,0.5868334602564573,0.0
double_dqn,803,69,194.1513260190207,121.42750587243859,41.72587461769581,152.42545140132484,2.011199894361198,26381.798110961914,0.0,33.0,29.0,0.0,0.6833333333333333,0.544470552355051,0.544470552355051,0.0
double_dqn,803,70,102.80652434378862,120.62580570396308,32.99721819907427,69.80930632352829,1.640885823406279,19585.813446044922,0.0,30.0,0.0,0.0,0.6788095238095238,1.1483633536845446,1.1483633536845446,0.0
double_dqn,803,71,106.12614241987467,120.45906445127252,34.956029541790485,71.17011249065399,1.7553977193310857,21536.311948776245,0.0,31.0,0.0,1.0,0.6742857142857144,0.7861068323254585,0.7861068323254585,0.0
double_dqn,803,72,120.75822105407715,120.44127388556771,38.57315129041672,82.18506922721863,1.7227948531508446,22275.34970474243,0.0,33.0,0.0,1.0,0.6697619047619048,0.8704270720481873,0.8704270720481873,0.0
double_dqn,803,73,141.11261639088812,122.6698317375232,42.76389692723751,98.34871937424369,1.9119413224980235,25157.550582885742,0.0,35.0,18.0,0.0,0.6652380952380952,0.7093869103118777,0.7093869103118777,0.0
double_dqn,803,74,115.44081403315067,122.6231886308838,35.48644842207432,79.95436556637287,1.7028291020542383,21230.763879776,0.0,34.0,0.0,1.0,0.6607142857142857,0.6640726905316114,0.6640726905316114,0.0
double_dqn,803,75,96.0375880971551,121.34362103449295,36.975806936621666,59.061781495809555,1.681847881525755,21243.908224105835,0.0,27.0,0.0,0.0,0.6561904761904762,0.623172901570797,0.623172901570797,0.0
double_dqn,803,76,102.96040139496327,120.84258113013698,35.95959047973156,67.00081073641778,1.6569877080619335,20707.34031677246,0.0,28.0,0.0,1.0,0.6516666666666667,0.6256079338490963,0.6256079338490963,0.0
double_dqn,803,77,135.35018973743024,122.05990655563025,42.56614689528942,92.78404333387914,1.8784387446939945,24762.564628601074,0.0,36.0,12.0,1.0,0.6471428571428571,0.5621781246736646,0.5621781246736646,0.0
double_dqn,803,78,113.65719492137433,122.01984338752179,37.33616469800472,76.32102999985219,1.7383193410933018,22088.928760528564,0.0,32.0,0.0,1.0,0.6426190476190476,0.9666622132062912,0.9666622132062912,0.0
double_dqn,803,79,114.65401179492474,121.18436362481862,39.89852812886238,74.7554829955101,1.7320419317111373,23057.774269104004,0.0,32.0,0.0,1.0,0.6380952380952382,0.812686488032341,0.812686488032341,0.0
double_dqn,803,80,110.82069830596447,120.9600943743363,37.82684502005577,72.99385376274586,1.8008248740807176,21995.43585586548,0.0,31.0,0.0,3.0,0.6335714285714286,0.8089820379391313,0.8089820379391313,0.0
double_dqn,803,81,104.37622833251953,120.75769352561979,37.51404131948948,66.86218628287315,1.7151270592585206,22052.134872436523,0.0,29.0,0.0,0.0,0.6290476190476191,0.6621034545823932,0.6621034545823932,0.0
double_dqn,803,82,112.03155413269997,121.41626384801415,38.1453265696764,73.8862282037735,1.7498855832964182,22256.41351699829,0.0,32.0,0.0,1.0,0.6245238095238095,0.7875785902142525,0.7875785902142525,0.0
double_dqn,803,83,119.84256414473057,121.71953143767266,41.700476348400116,78.1420877814293,1.7556622354313731,23498.13210296631,0.0,33.0,0.0,2.0,0.62,0.7512257341295481,0.7512257341295481,0.0
double_dqn,803,84,158.79178019032923,122.40306261407162,39.0850095897913,119.70677064524145,1.8500910522416234,23556.105659484863,0.0,38.0,34.0,0.0,0.6154761904761905,0.540623570792377,0.540623570792377,0.0
double_dqn,803,85,125.39562629163265,120.52867490601875,40.41268141567707,84.98294498026371,1.8430071100592613,23635.81071472168,0.0,35.0,0.0,0.0,0.6109523809523809,0.8161591906100512,0.8161591906100512,0.0
double_dqn,803,86,107.87256759405136,120.43055556369163,36.37742415070534,71.49514296650887,1.6512693036347628,20700.94867706299,0.0,31.0,0.0,0.0,0.6064285714285714,1.0464001670479774,1.0464001670479774,0.0
double_dqn,803,87,127.80588087439537,121.91058355298973,40.05015726387501,87.75572395324707,1.82955582998693,23934.28266143799,0.0,36.0,0.0,1.0,0.6019047619047619,0.7336985487490892,0.7336985487490892,0.0
double_dqn,803,88,93.61311783194542,120.18025239524582,34.634271785616875,58.97884580790996,1.6262075388804078,19984.62526321411,0.0,28.0,0.0,2.0,0.5973809523809523,0.7580469306558371,0.7580469306558371,0.0
double_dqn,803,89,122.7552817761898,116.61045018310429,40.83193801343441,81.92334361374378,1.8381047826260328,23984.32345199585,0.0,35.0,0.0,0.0,0.592857142857143,0.6428773794323206,0.6428773794323206,0.0
double_dqn,803,90,109.75156703591347,116.9577023177105,35.18914815783501,74.56241902709007,1.6751612685620785,20563.98664855957,0.0,33.0,0.0,1.0,0.5883333333333334,0.6924124592915177,0.6924124592915177,0.0
double_dqn,803,91,119.42513921260834,117.62265215734719,40.337457194924355,79.08768212199212,1.7903664130717516,23385.970138549805,0.0,32.0,0.0,1.0,0.5838095238095238,0.9630799908190966,0.9630799908190966,0.0
double_dqn,803,92,105.50338403880596,116.85991030658363,36.02388916909695,69.47949513792992,1.686081956140697,20653.55616760254,0.0,31.0,0.0,1.0,0.5792857142857144,0.7505252938717604,0.7505252938717604,0.0
double_dqn,803,93,98.79740341156722,114.7441496576176,34.930799566209316,63.8666039198637,1.6570230601355433,20223.169860839844,0.0,28.0,0.0,1.0,0.5747619047619048,0.9596881587058306,0.9596881587058306,0.0
double_dqn,803,94,102.60368397235871,114.102293154578,35.801779359579086,66.8019040465355,1.689852211624384,20469.461862564087,0.0,30.0,0.0,1.0,0.5702380952380952,1.0421032197773457,1.0421032197773457,0.0
double_dqn,803,95,103.39140842854977,114.46998417114773,36.62805487215519,66.76335364580154,1.7133329892531037,21330.023136138916,0.0,30.0,0.0,0.0,0.5657142857142857,0.9986471850425005,0.9986471850425005,0.0
double_dqn,803,96,117.54806009829045,115.1993671063141,37.15583834052086,80.39222168326378,1.8096839506179094,22101.914436340332,0.0,34.0,0.0,1.0,0.5611904761904762,0.6831970792263746,0.6831970792263746,0.0
double_dqn,803,97,124.03005227446556,114.63336023316586,38.188789159059525,85.84126360714436,1.7699387772008777,22318.661430358887,0.0,36.0,0.0,1.0,0.5566666666666666,0.8334994381293654,0.8334994381293654,0.0
double_dqn,803,98,89.43985684216022,113.42249332920514,30.286637097597122,59.15321962535381,1.5968705313280225,18244.936347961426,0.0,27.0,0.0,0.0,0.5521428571428572,0.9211180722340941,0.9211180722340941,0.0
double_dqn,803,99,119.1389415115118,113.6467398150345,37.76000301539898,81.37893813848495,1.7859398368746042,22592.425994873047,0.0,33.0,0.0,1.0,0.5476190476190477,0.7002892475575209,0.7002892475575209,0.0
double_dqn,803,100,104.25158470869064,113.3182841351708,34.613863334059715,69.63772171735764,1.6685621263459325,20505.307174682617,0.0,30.0,0.0,2.0,0.5430952380952381,0.9916089531034231,0.9916089531034231,0.0
double_dqn,803,101,115.6736985385418,113.88315764547193,38.2340636998415,77.4396349132061,1.7334212055429816,21872.289184570312,0.0,32.0,0.0,1.0,0.5385714285714286,1.1025559064000845,1.1025559064000845,0.0
double_dqn,803,102,115.28676450252533,114.0459181639632,36.12728130817413,79.1594830006361,1.7075488464906812,20850.167499542236,0.0,33.0,0.0,1.0,0.5340476190476191,0.8859131783246994,0.8859131783246994,0.0
double_dqn,803,103,104.7585357427597,113.29171674386464,35.509141847491264,69.24939359724522,1.7027936596423388,20217.879528045654,0.0,30.0,0.0,1.0,0.5295238095238095,0.8827161379158497,0.8827161379158497,0.0
double_dqn,803,104,94.4388271048665,110.07406908959152,34.07929789274931,60.35952952504158,1.5750780757516623,19003.04784011841,0.0,27.0,0.0,0.0,0.525,0.8600017800927162,0.8600017800927162,0.0
double_dqn,803,105,109.71633271276951,109.29010441064835,39.48788647353649,70.22844659686089,1.7486979560926557,22328.93365097046,0.0,29.0,0.0,2.0,0.5204761904761905,0.8205964947119355,0.8205964947119355,0.0
double_dqn,803,106,113.5069540888071,109.57182373538615,42.514531537890434,70.99242256581783,1.7858070386573672,24216.323112487793,0.0,30.0,0.0,0.0,0.5159523809523809,0.7711371090263128,0.7711371090263128,0.0
double_dqn,803,107,96.95342691987753,108.02920103766023,37.004453249275684,59.94897383451462,1.6821976769715548,21033.278553009033,0.0,26.0,0.0,0.0,0.5114285714285716,0.7721539363265038,0.7721539363265038,0.0
double_dqn,803,108,95.09501393139362,108.10329584263266,32.27673417329788,62.8182792365551,1.6573512591421604,19535.663875579834,0.0,28.0,0.0,1.0,0.506904761904762,0.770522428676486,0.770522428676486,0.0
double_dqn,803,109,124.5667390525341,108.19386870644988,41.34140442311764,83.22533486783504,1.8438241016119719,23873.575611114502,0.0,35.0,0.0,0.0,0.5023809523809524,0.9875584729015827,0.9875584729015827,0.0
double_dqn,803,110,101.50263659656048,107.78142218448222,35.89666748046875,65.6059690862894,1.6788458852097392,20580.409648895264,0.0,29.0,0.0,1.0,0.4978571428571429,1.0827716514468193,1.0827716514468193,0.0
double_dqn,803,111,112.53725406527519,107.43702792711557,38.39501152932644,74.14224269986153,1.7410592455416918,21848.011638641357,0.0,33.0,0.0,1.0,0.4933333333333334,0.9665986215695739,0.9665986215695739,0.0
double_dqn,803,112,104.49556957185268,107.38663720376789,39.517720475792885,64.97784888744354,1.6545132920145988,22199.142375946045,0.0,27.0,0.0,1.0,0.4888095238095238,0.8213856527581811,0.8213856527581811,0.0
double_dqn,803,113,107.08756631612778,107.80114534899592,37.75595925748348,69.33160726726055,1.681690358556807,21421.01509475708,0.0,30.0,0.0,0.0,0.4842857142857143,1.0582629814743996,1.0582629814743996,0.0
double_dqn,803,114,102.40066053718328,107.79099417723714,35.16902833431959,67.23163172602654,1.6132667111232877,19495.7255859375,0.0,31.0,0.0,1.0,0.4797619047619047,0.7822172036394477,0.7822172036394477,0.0
double_dqn,803,115,100.74493516385556,107.65867051400244,30.032784782350063,70.7121504187584,1.5507942996919155,17244.502895355225,0.0,32.0,0.0,1.0,0.47523809523809524,0.8150730170309544,0.8150730170309544,0.0
double_dqn,803,116,127.06548200547695,108.13454160936176,40.76942877471447,86.29605314135551,1.8263117130845785,23216.265625,0.0,36.0,0.0,0.0,0.47071428571428575,0.9595880936831236,0.9595880936831236,0.0
double_dqn,803,117,98.79999968409538,106.87303897984324,32.75248907506466,66.04751062393188,1.651249423623085,19014.01390838623,0.0,28.0,0.0,0.0,0.46619047619047627,1.13244291767478,1.13244291767478,0.0
double_dqn,803,118,108.17550673484803,107.80982147447764,37.500653609633446,70.67485391497613,1.7069690581411123,21374.666843414307,0.0,29.0,0.0,2.0,0.46166666666666667,0.7671146541833878,0.7671146541833878,0.0
double_dqn,803,119,114.14147055149078,107.5599479264766,39.4535746127367,74.68789638578892,1.73117071762681,22828.82928085327,0.0,33.0,0.0,0.0,0.4571428571428572,0.9300782606005669,0.9300782606005669,0.0
double_dqn,803,120,116.27606739103794,108.16117206059396,37.85496896505356,78.42109760642052,1.655650700442493,20842.73910522461,0.0,33.0,0.0,0.0,0.4526190476190477,0.8209031485021114,0.8209031485021114,0.0
double_dqn,803,121,124.56238144636154,108.60560620598494,34.765367329120636,89.79701495170593,1.7300735590979457,19833.83646774292,0.0,38.0,0.0,0.0,0.4480952380952381,0.7296771388500929,0.7296771388500929,0.0
double_dqn,803,122,101.75752088427544,107.92914402507245,34.93908940255642,66.81843075156212,1.65348975174129,20149.550189971924,0.0,29.0,0.0,0.0,0.4435714285714286,0.9425884019583464,0.9425884019583464,0.0
double_dqn,803,123,119.08016835153103,108.64522565551101,40.38150317966938,78.69866517186165,1.7958106556907296,22876.13112258911,0.0,33.0,0.0,0.0,0.439047619047619,0.9626778345555067,0.9626778345555067,0.0
double_dqn,803,124,122.92179343104362,110.06937397181987,41.349753230810165,81.57204079627991,1.7986281514167786,23517.54119491577,0.0,33.0,0.0,1.0,0.43452380952380953,0.8498319052159786,0.8498319052159786,0.0
double_dqn,803,125,106.35173092782497,109.90114388257265,37.341879814863205,69.00985100865364,1.7059110458940268,21068.97473526001,0.0,29.0,0.0,0.0,0.43000000000000005,1.0819607600569725,1.0819607600569725,0.0
double_dqn,803,126,100.1129292845726,109.23144264236093,37.63736109435558,62.47556784749031,1.698535168543458,21413.603549957275,0.0,28.0,0.0,1.0,0.42547619047619056,1.1586422324180603,1.1586422324180603,0.0
double_dqn,803,127,106.47668451964856,109.7076055223495,37.46531480550766,69.01136946082116,1.6815723339095712,21030.86093521118,0.0,30.0,0.0,1.0,0.42095238095238097,1.1677403971552849,1.1677403971552849,0.0
double_dqn,803,128,98.0060269460082,109.8531561730802,33.64639873057604,64.35962761938572,1.6341663720086217,19361.781200408936,0.0,29.0,0.0,0.0,0.41642857142857137,1.0997025668621063,1.0997025668621063,0.0
double_dqn,803,129,103.94227913916112,108.82193317741155,32.73385386168957,71.208425411582,1.6053102109581232,18499.67096710205,0.0,30.0,0.0,1.0,0.4119047619047619,1.0874721594154835,1.0874721594154835,0.0
double_dqn,803,130,85.35523130744696,108.01456291295588,28.719623386859894,56.6356081366539,1.5287853069603443,16836.224460601807,0.0,27.0,0.0,0.0,0.4073809523809524,0.8422367163002491,0.8422367163002491,0.0
double_dqn,803,131,99.9156387090683,107.38348214514554,36.55175897479057,63.36387965977192,1.6776107950136065,20659.369401931763,0.0,27.0,0.0,2.0,0.4028571428571429,1.0293991416692734,1.0293991416692734,0.0
double_dqn,803,132,115.2364381492138,107.9205255740136,37.41464523971081,77.82179307341576,1.7683949740603566,21383.078525543213,0.0,33.0,0.0,2.0,0.39833333333333343,1.0930791720747948,1.0930791720747948,0.0
double_dqn,803,133,102.51011185497046,107.69165285095573,34.305185720324516,68.20492652207614,1.6347981747239828,19747.29518890381,0.0,29.0,0.0,1.0,0.39380952380952383,0.9921679683029652,0.9921679683029652,0.0
double_dqn,803,134,102.4141785889864,107.6923287535459,33.38241159915924,69.03176774978638,1.612804695032537,18659.68077468872,0.0,32.0,0.0,1.0,0.38928571428571423,1.2996765486896038,1.2996765486896038,0.0
double_dqn,803,135,116.77395072579384,108.4937795316428,39.15371224284172,77.62023890018463,1.7673910604789853,22329.317764282227,0.0,33.0,0.0,0.0,0.38476190476190475,0.9700531307607889,0.9700531307607889,0.0
double_dqn,803,136,126.37549766898155,108.45928031481803,41.49954804778099,84.87594996392727,1.8627222273498774,23700.69708633423,0.0,36.0,0.0,0.0,0.38023809523809526,1.044581577181816,1.044581577181816,0.0
double_dqn,803,137,103.23873634934425,108.68121714808049,37.15254586189985,66.08618977963924,1.665746994316578,20811.030605316162,0.0,29.0,0.0,3.0,0.3757142857142858,1.2197562102228403,1.2197562102228403,0.0
double_dqn,803,138,128.19504258036613,109.68219394035638,40.37105865776539,87.82398337125778,1.8079751981422305,22869.463397979736,0.0,38.0,0.0,0.0,0.3711904761904763,0.9454876407980919,0.9454876407980919,0.0
double_dqn,803,139,100.87007883936167,109.0186243547499,35.45921299606562,65.41086611151695,1.6318658934906125,20110.312564849854,0.0,27.0,0.0,1.0,0.3666666666666667,1.1196140944957733,1.1196140944957733,0.0
double_dqn,803,140,93.27683575451374,107.8686627729237,33.495666325092316,59.781169310212135,1.5878237942233682,18761.060050964355,0.0,27.0,0.0,0.0,0.3621428571428572,1.325672771781683,1.325672771781683,0.0
double_dqn,803,141,114.10190444588662,107.34563892289995,36.683460369706154,77.41844450831414,1.6989005832001567,20568.155712127686,0.0,33.0,0.0,1.0,0.3576190476190476,1.1011378392577171,1.1011378392577171,0.0
double_dqn,803,142,110.09419714808465,107.76247273609042,36.47029002010822,73.62390738129616,1.7135877730324864,20863.836654663086,0.0,32.0,0.0,1.0,0.35309523809523813,1.161662070080638,1.161662070080638,0.0
double_dqn,803,143,118.86831882745028,107.75188025988639,43.455209858715534,75.41310841739178,1.8169418890029192,24284.92018508911,0.0,31.0,0.0,3.0,0.34857142857142864,0.9735518414527178,0.9735518414527178,0.0
double_dqn,803,144,116.2313784211874,107.4173595093936,34.94938625395298,81.28199169039726,1.754244496114552,20688.95276260376,0.0,34.0,0.0,2.0,0.34404761904761905,1.0701803900301456,1.0701803900301456,0.0
double_dqn,803,145,117.12082577049732,107.9558142515272,41.339972257614136,75.78085325956344,1.795348197221756,23512.687034606934,0.0,32.0,0.0,3.0,0.33952380952380956,1.0297548715025187,1.0297548715025187,0.0
double_dqn,803,146,103.08137154579163,108.10423636458816,33.13986787199974,69.94150340557098,1.6415096335113049,18638.729026794434,0.0,32.0,0.0,0.0,0.3350000000000001,1.2896061092615128,1.2896061092615128,0.0
double_dqn,803,147,70.94636382162571,106.32772032968701,26.090297281742096,44.85606659948826,1.4568090299144387,15078.368770599365,0.0,22.0,0.0,0.0,0.3304761904761905,0.8978441022336483,0.8978441022336483,0.0
double_dqn,803,148,81.6893227621913,105.51188512049616,29.203093729913235,52.48622903227806,1.505398541688919,16823.492923736572,0.0,26.0,0.0,1.0,0.325952380952381,1.1868268549442291,1.1868268549442291,0.0
double_dqn,803,149,107.75287378579378,105.70241485282779,34.100504733622074,73.65236903727055,1.612941543571651,19541.879138946533,0.0,31.0,0.0,0.0,0.3214285714285714,1.14696029946208,1.14696029946208,0.0
double_dqn,803,150,108.66968606412411,106.86813759066165,37.1941656768322,71.47552016377449,1.7105511920526624,20989.3609085083,0.0,31.0,0.0,0.0,0.3169047619047619,1.0091828517615795,1.0091828517615795,0.0
double_dqn,803,151,86.45840768218041,106.19527603931724,30.02359864860773,56.43480896651745,1.5250702574849129,17293.66522216797,0.0,26.0,0.0,4.0,0.3123809523809524,1.2107827756553888,1.2107827756553888,0.0
double_dqn,803,152,75.12833028286695,104.18987064599992,29.147735960781574,45.980594143271446,1.5046112574636936,16594.223094940186,0.0,22.0,0.0,0.0,0.30785714285714294,1.333613283932209,1.333613283932209,0.0
double_dqn,803,153,113.37546269595623,104.7331381880492,37.88425534963608,75.49120710790157,1.72542520519346,21131.157691955566,0.0,33.0,0.0,0.0,0.30333333333333345,1.234707122668624,1.234707122668624,0.0
double_dqn,803,154,119.39088907241822,105.58197371222079,37.27193559706211,82.1189534008503,1.7562905279919505,21466.935722351074,0.0,34.0,0.0,3.0,0.29880952380952375,1.3800346553325653,1.3800346553325653,0.0
double_dqn,803,155,86.49631558656692,104.06809195525946,32.33847765624523,54.15783791542053,1.5462282169610262,17839.40953063965,0.0,24.0,0.0,2.0,0.29428571428571426,1.1780849564820528,1.1780849564820528,0.0
double_dqn,803,156,106.34922856986523,103.06677850030363,32.858558177948,73.49067077934743,1.6352281868457794,18710.9959564209,0.0,32.0,0.0,2.0,0.2897619047619048,1.5053183659911156,1.5053183659911156,0.0
double_dqn,803,157,103.64206345379353,103.0869448555261,36.54602988064289,67.0960333943367,1.709078705869615,20985.99322128296,0.0,29.0,0.0,1.0,0.2852380952380953,0.899213032796979,0.899213032796979,0.0
double_dqn,803,158,102.63941144943237,101.8091632989794,34.04107674956322,68.59833440184593,1.6799304448068142,19439.147159576416,0.0,30.0,0.0,0.0,0.2807142857142858,1.1385477408766747,1.1385477408766747,0.0
double_dqn,803,159,92.18019732981921,101.3746692235023,32.630728267133236,59.549469047784804,1.6092026438564062,19004.142642974854,0.0,27.0,0.0,1.0,0.2761904761904763,1.0090022888034582,1.0090022888034582,0.0
double_dqn,803,160,97.1048749178648,101.56607118166986,32.43734832108021,64.66752677559853,1.5739811584353447,18069.224069595337,0.0,28.0,0.0,1.0,0.2716666666666666,0.9752468857914209,0.9752468857914209,0.0
double_dqn,803,161,94.16426819562912,100.56918936915697,31.931218221783638,62.233049511909485,1.5959588270634413,18302.093103408813,0.0,28.0,0.0,0.0,0.2671428571428571,1.2566097620874643,1.2566097620874643,0.0
double_dqn,803,162,100.79055645316839,100.10400733441115,34.24769930541515,66.54285728931427,1.6504942765459418,19330.3487701416,0.0,29.0,0.0,1.0,0.26261904761904764,1.306559318676591,1.306559318676591,0.0
double_dqn,803,163,88.23317229002714,98.57225000753999,30.458780340850353,57.7743923664093,1.54972911067307,17365.199283599854,0.0,26.0,0.0,0.0,0.25809523809523816,1.4934381432831287,1.4934381432831287,0.0
double_dqn,803,164,89.54280427098274,97.23782130002976,29.982567243278027,59.56023716926575,1.5624421993270516,17451.639989852905,0.0,27.0,0.0,0.0,0.25357142857142867,1.367303129285574,1.367303129285574,0.0
double_dqn,803,165,93.26307537555695,96.04493378028273,32.563906736671925,60.699168705940245,1.585444474592805,18514.67550468445,0.0,27.0,0.0,1.0,0.24904761904761907,1.2147893328219652,1.2147893328219652,0.0
double_dqn,803,166,81.36285736560822,94.95900807127357,27.922739192843437,53.44011760652065,1.5400905488058925,16394.796741485596,0.0,26.0,0.0,1.0,0.2445238095238096,1.3360773362219334,1.3360773362219334,0.0
double_dqn,803,167,85.5621529608965,95.68979752823711,29.611982449889183,55.950169467926024,1.5119144832715392,16454.379440307617,0.0,26.0,0.0,1.0,0.24,1.093346744775772,1.093346744775772,0.0
double_dqn,803,168,97.8758172571659,96.49912225298584,34.7809602022171,63.094857457280156,1.633887684904039,19366.308444976807,0.0,27.0,0.0,2.0,0.2354761904761905,1.184888707473874,1.184888707473874,0.0
double_dqn,803,169,97.0295746922493,95.96295729830862,31.401838958263397,65.62773545086384,1.5676461355760694,17214.970668792725,0.0,30.0,0.0,0.0,0.23095238095238102,1.3183883521705866,1.3183883521705866,0.0
double_dqn,803,170,96.34173588454723,95.34655978932977,33.83674755692482,62.50498840212822,1.6663259854540229,19725.599266052246,0.0,27.0,0.0,1.0,0.22642857142857142,1.1067949179559946,1.1067949179559946,0.0
double_dqn,803,171,104.31250374019146,96.23926459223031,32.9311847537756,71.38131858408451,1.65391443669796,18829.954345703125,0.0,30.0,0.0,0.0,0.22190476190476194,1.2588438242673874,1.2588438242673874,0.0
double_dqn,803,172,85.6024871096015,96.76297243356706,29.03863175958395,56.56385517120361,1.520622218027711,16319.057468414307,0.0,25.0,0.0,0.0,0.21738095238095245,1.248930087313056,1.248930087313056,0.0
double_dqn,803,173,98.91728119552135,96.04006335854531,34.86595061421394,64.05133029818535,1.6631625825539231,19868.258558273315,0.0,28.0,0.0,0.0,0.21285714285714286,1.3851582240313292,1.3851582240313292,0.0
double_dqn,803,174,113.52599582076073,95.74681869596243,33.394479498267174,80.13151690363884,1.6683119013905525,18935.019981384277,0.0,35.0,0.0,0.0,0.20833333333333337,1.2379469573497772,1.2379469573497772,0.0
double_dqn,803,175,97.24286904931068,96.28414636909962,33.06057323515415,64.1822957098484,1.635052839294076,18895.00386428833,0.0,29.0,0.0,0.0,0.20380952380952377,1.2823774926364422,1.2823774926364422,0.0
double_dqn,803,176,94.73661352694035,95.70351561695337,30.56509031355381,64.17152327299118,1.5949189411476254,17655.771850585938,0.0,27.0,0.0,0.0,0.1992857142857143,1.202246641740203,1.202246641740203,0.0
double_dqn,803,177,83.28893929719925,94.68585940912367,29.372033402323723,53.91690596938133,1.5063993474468589,16426.917894363403,0.0,25.0,0.0,0.0,0.1947619047619048,1.3020083606243134,1.3020083606243134,0.0
double_dqn,803,178,97.47142160832882,94.42745991706849,34.43552477657795,63.03589644432068,1.6550688548013568,19522.685905456543,0.0,27.0,0.0,2.0,0.19023809523809532,0.9987683687359095,0.9987683687359095,0.0
double_dqn,803,179,77.58790952116252,93.69784552663566,27.56503114849329,50.02287801504135,1.504558028653264,15823.113525390625,0.0,23.0,0.0,1.0,0.18571428571428583,1.4547900818288326,1.4547900818288326,0.0
double_dqn,803,180,105.28932438790798,94.10706800013782,33.776824332773685,71.51250024139881,1.7944479528814554,20771.20064163208,0.0,32.0,0.0,0.0,0.18119047619047624,1.203094096854329,1.203094096854329,0.0
double_dqn,803,181,113.52295517325402,95.07500234901906,32.2657915353775,81.25716347396374,1.7284918874502182,19082.89447784424,0.0,36.0,0.0,2.0,0.17666666666666664,1.0597146265208721,1.0597146265208721,0.0
double_dqn,803,182,95.32519102841616,94.80173407778145,30.83365922421217,64.49153161048889,1.5806507403030992,17661.444667816162,0.0,29.0,0.0,0.0,0.17214285714285715,1.2902286611497402,1.2902286611497402,0.0
double_dqn,803,183,112.34923187792302,96.00753705717625,36.9899886995554,75.35924319326878,1.7104087257757783,21043.21180343628,0.0,31.0,0.0,1.0,0.16761904761904767,1.0296025294810534,1.0296025294810534,0.0
double_dqn,803,184,94.4897053539753,96.25488211132587,32.31524983048439,62.174455404281616,1.6391392713412642,18472.86814880371,0.0,26.0,0.0,0.0,0.16309523809523818,1.0303856451064348,1.0303856451064348,0.0
double_dqn,803,185,69.15962719321251,95.04970970220866,25.522888973355293,43.63673819005489,1.4271858716383576,14260.307487487793,0.0,21.0,0.0,1.0,0.1585714285714287,1.2613047771155834,1.2613047771155834,0.0
double_dqn,803,186,84.79261594414712,95.2211976311356,30.77444238960743,54.018173614144324,1.5574202788993716,17314.191818237305,0.0,25.0,0.0,1.0,0.1540476190476191,1.3608474507927895,1.3608474507927895,0.0
double_dqn,803,187,104.27102698385715,96.15664133228363,33.060650780797005,71.21037632226944,1.7118776636198163,19488.024921417236,0.0,32.0,0.0,2.0,0.1495238095238095,1.5225840024650097,1.5225840024650097,0.0
double_dqn,803,188,100.7680583536625,96.30125338710846,32.92908397316933,67.83897458910943,1.6080370647832751,18546.586807250977,0.0,30.0,0.0,1.0,0.14500000000000002,1.2454038728028536,1.2454038728028536,0.0
double_dqn,803,189,67.90052969157696,94.84480113707484,26.2795589864254,41.62097088396549,1.4594464311376214,15037.08031463623,0.0,22.0,0.0,2.0,0.14047619047619053,1.2914389334619045,1.2914389334619045,0.0
double_dqn,803,190,84.46355439722538,94.25089206270874,30.775288201868534,53.68826687335968,1.555924310348928,17466.191802978516,0.0,25.0,0.0,0.0,0.13595238095238105,1.3692303374409676,1.3692303374409676,0.0
double_dqn,803,191,90.23633253574371,93.54708350248636,30.92665345966816,59.309679225087166,1.588019804097712,17453.029148101807,0.0,26.0,0.0,1.0,0.13142857142857145,1.434989245608449,1.434989245608449,0.0
double_dqn,803,192,84.58873052150011,93.49639567308128,29.73923324048519,54.8494975566864,1.5425434336066246,16918.979412078857,0.0,26.0,0.0,0.0,0.12690476190476196,1.0247973706573248,1.0247973706573248,0.0
double_dqn,803,193,108.37870019078255,93.96946662284435,35.50329361855984,72.87540663182736,1.6998337674885988,20384.551807403564,0.0,32.0,0.0,1.0,0.12238095238095237,1.1589945293962955,1.1589945293962955,0.0
double_dqn,803,194,82.17223034054041,92.40177834883333,28.598273284733295,53.57395672798157,1.4989190762862563,15990.5331325531,0.0,25.0,0.0,0.0,0.11785714285714288,1.344396023079753,1.344396023079753,0.0
double_dqn,803,195,85.82961696386337,91.83111574456096,29.868253841996193,55.96136328577995,1.5312713347375393,17120.702486038208,0.0,26.0,0.0,1.0,0.1133333333333334,1.3149433713406324,1.3149433713406324,0.0
double_dqn,803,196,96.62663845717907,91.9256169910729,31.567467540502548,65.05917075276375,1.5858911015093327,17675.68717956543,0.0,30.0,0.0,0.0,0.1088095238095238,1.4592003263533115,1.4592003263533115,0.0
double_dqn,803,197,87.32325262725354,92.12733265757562,29.354547530412674,57.96870479881763,1.5276240725070238,16379.534934997559,0.0,26.0,0.0,1.0,0.10428571428571431,1.1441497262567282,1.1441497262567282,0.0
double_dqn,803,198,97.16573064029217,92.11204810917378,33.22077914327383,63.944951474666595,1.6294296933338046,19038.08592224121,0.0,28.0,0.0,0.0,0.09976190476190483,1.241978395730257,1.241978395730257,0.0
double_dqn,803,199,86.4833260640502,92.55681893631818,29.914879240095615,56.56844683885574,1.5457896245643497,16932.063549041748,0.0,26.0,0.0,1.0,0.09523809523809534,0.9974737875163555,0.9974737875163555,0.0
double_dqn,803,200,87.48439541608096,91.66657248772682,31.0173247680068,56.46707093119621,1.5693144211545587,17364.8454246521,0.0,25.0,0.0,1.0,0.09071428571428575,1.186225845478475,1.186225845478475,0.0
double_dqn,803,201,71.24120590090752,89.5524850241095,27.20667138695717,44.03453481197357,1.4387710308656096,14795.33946609497,0.0,21.0,0.0,0.0,0.08619047619047626,1.190192572772503,1.190192572772503,0.0
double_dqn,803,202,103.58953519165516,89.96570223227145,33.888459257781506,69.7010759562254,1.6495045460760593,19179.373329162598,0.0,30.0,0.0,0.0,0.08166666666666667,1.3461805135011673,1.3461805135011673,0.0
double_dqn,803,203,88.29449807405472,88.76296554207804,31.775163143873215,56.51933504939079,1.5657854052260518,17687.97068786621,0.0,25.0,0.0,2.0,0.07714285714285718,1.4910502303391695,1.4910502303391695,0.0
double_dqn,803,204,104.20012806355953,89.24848667755722,32.2590524405241,71.94107562303543,1.6410454856231809,18649.64037322998,0.0,32.0,0.0,0.0,0.0726190476190477,1.5780462343245745,1.5780462343245745,0.0
double_dqn,803,205,79.51034151911736,89.76602239385248,28.115499787032604,51.39484185874462,1.487745706923306,15851.017517089844,0.0,26.0,0.0,1.0,0.06809523809523821,1.446881914511323,1.446881914511323,0.0
double_dqn,803,206,82.94675398021937,89.6737292956561,30.786862298846245,52.159891659021376,1.522565578110516,16792.6294631958,0.0,24.0,0.0,2.0,0.06357142857142861,1.4684460386633873,1.4684460386633873,0.0
double_dqn,803,207,93.58071181178093,89.13921353705229,30.147598296403885,63.43311303853989,1.5328323300927877,16508.106925964355,0.0,29.0,0.0,1.0,0.059047619047619015,1.321159042418003,1.321159042418003,0.0
double_dqn,803,208,73.21501237303019,87.76156123802068,29.478055119514465,43.73695738017559,1.4634838309139013,16119.395023345947,0.0,22.0,0.0,1.0,0.05452380952380953,1.5248331427574158,1.5248331427574158,0.0
double_dqn,803,209,94.52185093760491,89.09262730032208,30.623000249266624,63.89885062873363,1.5558610344305634,17152.08279800415,0.0,30.0,0.0,1.0,0.050000000000000044,1.36660130135715,1.36660130135715,0.0
double_dqn,803,210,88.76557070314884,89.30772811561823,29.223797999322414,59.54177268147468,1.5855294009670615,16914.342388153076,0.0,27.0,0.0,3.0,0.050000000000000044,1.4362888522446156,1.4362888522446156,0.0
double_dqn,803,211,82.38529750704765,88.91517636418344,28.266569942235947,54.118727654218674,1.492720783688128,15870.771602630615,0.0,25.0,0.0,1.0,0.050000000000000044,1.8333631716668606,1.8333631716668606,0.0
double_dqn,803,212,92.54004348218442,89.31274201221765,32.45957763493061,60.08046596646309,1.6103803990408778,18267.27070236206,0.0,26.0,0.0,2.0,0.050000000000000044,1.3531133830547333,1.3531133830547333,0.0
double_dqn,803,213,83.63971456289292,88.07579273082317,29.395219951868057,54.244494968652724,1.5341663332656026,16355.282276153564,0.0,25.0,0.0,2.0,0.050000000000000044,1.4514796137809753,1.4514796137809753,0.0
double_dqn,803,214,98.31981132924557,88.88317178025844,33.94083148986101,64.37897995114326,1.6381369717419147,19162.825019836426,0.0,28.0,0.0,0.0,0.050000000000000044,1.2844996359199286,1.2844996359199286,0.0
double_dqn,803,215,83.41443336158991,88.76241260014476,29.94545890390873,53.468973943591116,1.5050515420734882,16349.8256149292,0.0,24.0,0.0,1.0,0.050000000000000044,1.3227673582732677,1.3227673582732677,0.0
double_dqn,803,216,82.64131843298674,88.06314659893515,29.781963981688023,52.85935482382774,1.504929130896926,16275.86455154419,0.0,25.0,0.0,0.0,0.050000000000000044,1.171367211267352,1.171367211267352,0.0
double_dqn,803,217,78.40022710114718,87.61699532262983,27.8451764062047,50.55505069494247,1.47021325211972,15619.027404785156,0.0,24.0,0.0,1.0,0.050000000000000044,1.1285055056214333,1.1285055056214333,0.0
double_dqn,803,218,92.82967054843903,87.40019231803717,33.2519465982914,59.577724158763885,1.6049468917772174,18367.94281387329,0.0,26.0,0.0,0.0,0.050000000000000044,1.7294988613575697,1.7294988613575697,0.0
double_dqn,803,219,83.56945024430752,87.25449852705003,29.318569734692574,54.25088006258011,1.5287637067958713,16372.637538909912,0.0,24.0,0.0,1.0,0.050000000000000044,1.4546764697879553,1.4546764697879553,0.0
double_dqn,803,220,68.36742474287749,86.29864999338986,27.935008756816387,40.43241592645645,1.461593839339912,15046.13007736206,0.0,19.0,0.0,1.0,0.050000000000000044,1.509395906701684,1.509395906701684,0.0
double_dqn,803,221,76.72374601811171,86.57277699925007,28.60846134275198,48.11528503298759,1.48225998878479,15709.818141937256,0.0,24.0,0.0,1.0,0.050000000000000044,1.3473498076200485,1.3473498076200485,0.0
double_dqn,803,222,83.997334086895,85.59316694401207,29.701528765261173,54.29580488204956,1.5037595517933369,16028.096759796143,0.0,24.0,0.0,2.0,0.050000000000000044,1.5455939322710037,1.5455939322710037,0.0
double_dqn,803,223,95.95279299169779,85.97608168989422,31.53177610784769,64.42101682424546,1.6194689264521003,17866.29044342041,0.0,28.0,0.0,4.0,0.050000000000000044,1.2091645952314138,1.2091645952314138,0.0
double_dqn,803,224,74.356284250319,84.48388949923219,28.009009838104248,46.347274740040305,1.448427053168416,14986.10810661316,0.0,22.0,0.0,3.0,0.050000000000000044,1.204648956656456,1.204648956656456,0.0
double_dqn,803,225,74.62690853327513,84.23971784994008,28.085058219730854,46.54185025393963,1.4957602079957724,15889.003910064697,0.0,22.0,0.0,0.0,0.050000000000000044,1.2799355015158653,1.2799355015158653,0.0
double_dqn,803,226,101.54529876410962,85.16964508913459,32.7008978202939,68.84440104067326,1.639163945801556,18403.469898223877,0.0,30.0,0.0,1.0,0.050000000000000044,1.2726605013012886,1.2726605013012886,0.0
double_dqn,803,227,87.87825538367034,84.88452226772905,31.56563299894333,56.31262254118919,1.5379638578742743,17088.160511016846,0.0,25.0,0.0,1.0,0.050000000000000044,1.479015426710248,1.479015426710248,0.0
double_dqn,803,228,83.59089964032174,85.40331663109365,28.707093849778175,54.883805671334265,1.5206722738221288,16135.400688171387,0.0,26.0,0.0,1.0,0.050000000000000044,1.2999077215790749,1.2999077215790749,0.0
double_dqn,803,229,75.54396038651467,84.45442210353913,27.443906530737877,48.10005367696285,1.485268116928637,15452.826082229614,0.0,23.0,0.0,2.0,0.050000000000000044,1.6293009165674448,1.6293009165674448,0.0
double_dqn,803,230,88.60043495893478,84.44616531632842,30.377396188676357,58.22303885221481,1.562925461679697,17278.72025680542,0.0,27.0,0.0,0.0,0.050000000000000044,1.165297830477357,1.165297830477357,0.0
double_dqn,803,231,88.16225469112396,84.73501317553223,32.21401807665825,55.94823636114597,1.6090259002521634,18397.36180114746,0.0,26.0,0.0,0.0,0.050000000000000044,1.3197287358343601,1.3197287358343601,0.0
double_dqn,803,232,88.21709160804748,84.51886558182538,28.99660260975361,59.22048886418342,1.542403264902532,16328.686420440674,0.0,25.0,0.0,3.0,0.050000000000000044,1.6495586037635803,1.6495586037635803,0.0
double_dqn,803,233,79.88977753520012,84.33136873044074,29.23309877514839,50.65667870044708,1.4887242503464222,16013.601909637451,0.0,24.0,0.0,1.0,0.050000000000000044,1.4607488978654146,1.4607488978654146,0.0
double_dqn,803,234,77.30569577366114,83.28066295266152,26.928589954972267,50.37710558772087,1.4667877880856395,15370.648384094238,0.0,23.0,0.0,1.0,0.050000000000000044,1.5549081936478615,1.5549081936478615,0.0
double_dqn,803,235,105.37014006376266,84.37844828777017,33.10372854024172,72.26641208231449,1.6151467468589544,18909.56607055664,0.0,32.0,0.0,3.0,0.050000000000000044,1.4324968699365854,1.4324968699365854,0.0
double_dqn,803,236,74.33092188239098,83.96292846024038,27.097558081150055,47.23336389064789,1.4384259842336178,14855.334777832031,0.0,23.0,0.0,1.0,0.050000000000000044,1.202806480228901,1.202806480228901,0.0
double_dqn,803,237,96.33625462651253,84.85972983650865,29.42802421748638,66.90823028981686,1.5631949668750167,16935.584312438965,0.0,32.0,0.0,0.0,0.050000000000000044,1.4281170666217804,1.4281170666217804,0.0
double_dqn,803,238,78.44439521729946,84.14046606995166,27.575235038995743,50.869160670042035,1.5069774948060513,15812.350942611694,0.0,24.0,0.0,3.0,0.050000000000000044,1.507035106420517,1.507035106420517,0.0
double_dqn,803,239,91.49223433583975,84.53660527452827,31.363304175436497,60.12892978787422,1.6024625664576888,17985.76531982422,0.0,27.0,0.0,2.0,0.050000000000000044,1.755664475262165,1.755664475262165,0.0
double_dqn,803,240,87.60744269937277,85.49860617235304,31.454627759754658,56.15281546115875,1.5384452259168029,16969.129138946533,0.0,25.0,0.0,0.0,0.050000000000000044,1.4572871718555689,1.4572871718555689,0.0
double_dqn,803,241,102.25580079853535,86.77520891137422,31.66740582883358,70.588394343853,1.607078772969544,18186.75881576538,0.0,31.0,0.0,1.0,0.050000000000000044,1.3399330973625183,1.3399330973625183,0.0
double_dqn,803,242,79.64204352796078,86.55744438342751,28.830537401139736,50.81150644719601,1.4832077333703637,15582.552000045776,0.0,23.0,0.0,4.0,0.050000000000000044,1.3970992788672447,1.3970992788672447,0.0
double_dqn,803,243,77.14495880901814,85.61705267429353,27.89260223507881,49.25235688686371,1.4776210226118565,15446.14933013916,0.0,24.0,0.0,0.0,0.050000000000000044,1.2161054592579603,1.2161054592579603,0.0
double_dqn,803,244,80.89129120111465,85.9438030218333,27.349651411175728,53.54163992404938,1.4953322298824787,15653.175117492676,0.0,26.0,0.0,0.0,0.050000000000000044,1.6330957040190697,1.6330957040190697,0.0
double_dqn,803,245,98.72233922928572,87.14857455663385,34.112359136343,64.60998060703278,1.6604382870718837,19142.36513519287,0.0,29.0,0.0,1.0,0.050000000000000044,1.6502507887780666,1.6502507887780666,0.0
double_dqn,803,246,90.27371264994144,86.58499525092543,30.666198052465916,59.60751460492611,1.5217152135446668,16777.229787826538,0.0,27.0,0.0,0.0,0.050000000000000044,1.3845686987042427,1.3845686987042427,0.0
double_dqn,803,247,80.99095062166452,86.24063001282515,29.414689280092716,51.57626114785671,1.5232850508764386,16704.49347305298,0.0,25.0,0.0,0.0,0.050000000000000044,1.4385324455797672,1.4385324455797672,0.0
double_dqn,803,248,72.89083857983351,85.70562695980074,27.37747296690941,45.5133659183979,1.4913651924580336,15708.028089523315,0.0,21.0,0.0,1.0,0.050000000000000044,1.3814027942717075,1.3814027942717075,0.0
double_dqn,803,249,70.20909021347761,85.43888345114888,26.220553748309612,43.98853686749935,1.4468313055112958,14705.698722839355,0.0,21.0,0.0,3.0,0.050000000000000044,1.2980026137083769,1.2980026137083769,0.0
double_dqn,803,250,87.74783167243004,85.39625328682364,28.11801301687956,59.629818469285965,1.481497649103403,15591.08034324646,0.0,27.0,0.0,0.0,0.050000000000000044,1.7984761465340853,1.7984761465340853,0.0
double_dqn,803,251,83.36931759119034,85.15660643182696,29.264060638844967,54.10525666177273,1.5226002829149365,16469.83641052246,0.0,26.0,0.0,1.0,0.050000000000000044,1.569567959755659,1.569567959755659,0.0
double_dqn,803,252,85.51649002879859,85.02157635286451,30.892584815621376,54.62390502691269,1.5210799183696508,16819.69045639038,0.0,25.0,0.0,2.0,0.050000000000000044,1.4411770198494196,1.4411770198494196,0.0
double_dqn,803,253,87.69011467695236,85.41159320995213,30.765640519559383,56.92447465658188,1.5532243447378278,17128.60475921631,0.0,26.0,0.0,0.0,0.050000000000000044,1.939806092530489,1.939806092530489,0.0
double_dqn,803,254,85.63518816232681,85.8280678293854,28.858278818428516,56.77690975368023,1.5629050610587,16662.891395568848,0.0,27.0,0.0,1.0,0.050000000000000044,1.3134181760251522,1.3134181760251522,0.0
double_dqn,803,255,82.35501761734486,84.67731170706452,28.08205571770668,54.2729616612196,1.5410151220858097,16435.29931640625,0.0,27.0,0.0,0.0,0.050000000000000044,1.403283029794693,1.403283029794693,0.0
double_dqn,803,256,66.74833358824253,84.2981822923571,26.426085144281387,40.32224874198437,1.4137844182550907,14429.50862121582,0.0,20.0,0.0,0.0,0.050000000000000044,1.2381696235388517,1.2381696235388517,0.0
double_dqn,803,257,85.56803983449936,83.75977155275643,29.08188957720995,56.48615029454231,1.4977641385048628,15763.639549255371,0.0,26.0,0.0,1.0,0.050000000000000044,1.7401811722666025,1.7401811722666025,0.0
double_dqn,803,258,88.4799376398325,84.26154867388308,30.074426516890526,58.40551109313965,1.588646698743105,17216.303606033325,0.0,25.0,0.0,5.0,0.050000000000000044,1.606983307749033,1.606983307749033,0.0
double_dqn,803,259,67.91513474583626,83.08269369438291,25.666960939764977,42.248173880577085,1.4379308838397264,14368.243770599365,0.0,20.0,0.0,2.0,0.050000000000000044,1.5763233006000519,1.5763233006000519,0.0
double_dqn,803,260,76.61545794457197,82.53309445664286,28.491338171064854,48.124119848012924,1.477544934488833,15916.23830795288,0.0,23.0,0.0,2.0,0.050000000000000044,1.540133312344551,1.540133312344551,0.0
double_dqn,803,261,80.38732554018497,81.43967069372535,29.034485563635826,51.35283952951431,1.4842017255723476,16183.94080734253,0.0,25.0,0.0,0.0,0.050000000000000044,1.443400951102376,1.443400951102376,0.0
double_dqn,803,262,89.7540825471282,81.94527264468371,31.26425175368786,58.48983078598976,1.53600815217942,16985.80445098877,0.0,26.0,0.0,1.0,0.050000000000000044,1.975945420563221,1.975945420563221,0.0
double_dqn,803,263,89.17639864236116,82.54684463635087,31.04518534988165,58.13121309876442,1.548541696742177,17372.054037094116,0.0,26.0,0.0,0.0,0.050000000000000044,1.3443903736770153,1.3443903736770153,0.0
double_dqn,803,264,84.86772610396147,82.74566638149322,31.416624881327152,53.451101475954054,1.5325255552306771,16983.82274246216,0.0,26.0,0.0,1.0,0.050000000000000044,1.416070954874158,1.416070954874158,0.0
double_dqn,803,265,92.51161145567895,82.43512999281288,31.503326892852783,61.008284950256346,1.554046950303018,17712.552474975586,0.0,26.0,0.0,1.0,0.050000000000000044,1.6999876759946346,1.6999876759946346,0.0
double_dqn,803,266,92.83134278059006,82.56301149934532,30.89442029595375,61.93692238032818,1.54337824229151,17021.420223236084,0.0,28.0,0.0,1.0,0.050000000000000044,1.8615820948034525,1.8615820948034525,0.0
double_dqn,803,267,107.16557277739048,83.87174260713161,33.683605045080185,73.48196816444397,1.6056189322844148,18707.947032928467,0.0,32.0,0.0,1.0,0.050000000000000044,1.1938823126256466,1.1938823126256466,0.0
double_dqn,803,268,105.39386443942786,85.49689390011133,34.363314375281334,71.03055014610291,1.6600978802889585,19423.895950317383,0.0,31.0,0.0,2.0,0.050000000000000044,1.7179636117070913,1.7179636117070913,0.0
double_dqn,803,269,67.04816300421953,85.33884753964841,25.999253772199154,41.04890897870064,1.4139435980468988,14140.992227554321,0.0,22.0,0.0,0.0,0.050000000000000044,1.5368783678859472,1.5368783678859472,0.0
double_dqn,803,270,76.7993672862649,84.79142432034016,27.72879557311535,49.07057175040245,1.473048074170947,15621.077199935913,0.0,25.0,0.0,0.0,0.050000000000000044,1.755223087966442,1.755223087966442,0.0
double_dqn,803,271,67.72619435191154,84.00926815837622,27.059870421886444,40.66632384061813,1.519482514820993,15810.407695770264,0.0,21.0,0.0,0.0,0.050000000000000044,1.2137189749628305,1.2137189749628305,0.0
double_dqn,803,272,84.22540714591742,83.94471401423216,30.357328571379185,53.8680782020092,1.54368057847023,17130.550228118896,0.0,26.0,0.0,0.0,0.050000000000000044,1.378817591816187,1.378817591816187,0.0
double_dqn,803,273,75.41931635141373,83.33117409795523,26.86163927614689,48.55767770111561,1.4616386909037828,14966.146991729736,0.0,22.0,0.0,1.0,0.050000000000000044,1.194504452869296,1.194504452869296,0.0
double_dqn,803,274,96.15710072368384,83.85726972602308,31.999955043196678,64.15714581459761,1.5958567541092634,18029.851585388184,0.0,29.0,0.0,1.0,0.050000000000000044,1.6928217057138681,1.6928217057138681,0.0
double_dqn,803,275,90.92038488388062,84.28553808934987,32.17414990067482,58.74623541533947,1.5615145908668637,17838.65899658203,0.0,27.0,0.0,0.0,0.050000000000000044,1.8643740117549896,1.8643740117549896,0.0
double_dqn,803,276,99.59366478323936,85.92780464909971,32.92853283882141,66.66513245105743,1.628372118808329,18965.142517089844,0.0,29.0,0.0,3.0,0.050000000000000044,1.6250872556120157,1.6250872556120157,0.0
double_dqn,803,277,82.33094494044781,85.76594990439713,28.849079243838787,53.481865882873535,1.4937915932387114,15969.978218078613,0.0,25.0,0.0,0.0,0.050000000000000044,1.7037465907633305,1.7037465907633305,0.0
double_dqn,803,278,82.30760449916124,85.45733324736356,29.890666037797928,52.4169382750988,1.5088030463084579,16561.15894317627,0.0,23.0,0.0,0.0,0.050000000000000044,1.9740793965756893,1.9740793965756893,0.0
double_dqn,803,279,89.52526284903288,86.5378396525234,29.846106849610806,59.67915644645691,1.5480104964226484,17029.09126663208,0.0,28.0,0.0,1.0,0.050000000000000044,1.5476067997515202,1.5476067997515202,0.0
double_dqn,803,280,90.39158490300179,87.2266460004449,31.074174754321575,59.3174102306366,1.5266145197674632,16806.25566291809,0.0,26.0,0.0,0.0,0.050000000000000044,1.4701883848756552,1.4701883848756552,0.0
double_dqn,803,281,87.06065984815359,87.56031271584332,28.91548628360033,58.145173490047455,1.5123981395736337,16107.539224624634,0.0,26.0,0.0,0.0,0.050000000000000044,1.4628893285989761,1.4628893285989761,0.0
double_dqn,803,282,101.26281664669514,88.13574942082168,32.39616632461548,68.8666499644518,1.6276994403451681,18687.681678771973,0.0,29.0,0.0,3.0,0.050000000000000044,1.3487426713109016,1.3487426713109016,0.0
double_dqn,803,283,77.76921922713518,87.56539045006036,27.732664860785007,50.03655427694321,1.4793727695941925,15268.466903686523,0.0,23.0,0.0,0.0,0.050000000000000044,1.7623132430016994,1.7623132430016994,0.0
double_dqn,803,284,72.35609049648046,86.93980866968633,29.84540268033743,42.510687577724454,1.493520999327302,16179.397071838379,0.0,20.0,0.0,2.0,0.050000000000000044,1.6016348116099834,1.6016348116099834,0.0
double_dqn,803,285,73.84475780278444,86.0064659870416,28.052965231239796,45.79179231822491,1.4768060967326164,15709.986854553223,0.0,22.0,0.0,0.0,0.050000000000000044,1.2894206941127777,1.2894206941127777,0.0
double_dqn,803,286,93.13891138881445,86.02184441745281,33.60637845098972,59.53253297507763,1.6032719509676099,18826.955575942993,0.0,28.0,0.0,0.0,0.050000000000000044,1.0291274525225163,1.0291274525225163,0.0
double_dqn,803,287,66.97293020188809,84.01221228867769,26.291929692029953,40.68100034594536,1.412670993246138,14499.557807922363,0.0,20.0,0.0,1.0,0.050000000000000044,1.5234466195106506,1.5234466195106506,0.0
double_dqn,803,288,78.61715385466815,82.67337675943972,28.579879507422447,50.03727405667305,1.4730267114937305,15693.25138092041,0.0,23.0,0.0,1.0,0.050000000000000044,1.3526455368846655,1.3526455368846655,0.0
double_dqn,803,289,91.71315907835961,83.90662656314673,30.862850539386272,60.85030829310417,1.5639484534040093,17504.895696640015,0.0,28.0,0.0,1.0,0.050000000000000044,1.7072132844477892,1.7072132844477892,0.0
double_dqn,803,290,84.63157134652138,84.29823676615956,29.353354670107365,55.278216713666914,1.5101497480645776,16228.980531692505,0.0,25.0,0.0,1.0,0.050000000000000044,1.5076101869344711,1.5076101869344711,0.0
double_dqn,803,291,82.12233019024134,85.01804355807604,31.68411085754633,50.43821928799152,1.5441125957295299,17378.36012649536,0.0,24.0,0.0,1.0,0.050000000000000044,1.6805794667452574,1.6805794667452574,0.0
double_dqn,803,292,86.51507407426834,85.13252690449359,31.916715160012245,54.598359167575836,1.5861534224823117,18234.526203155518,0.0,24.0,0.0,0.0,0.050000000000000044,1.8582260739058256,1.8582260739058256,0.0
double_dqn,803,293,81.49608162045479,85.43636516794564,28.54363450407982,52.95244708657265,1.500845373608172,16044.151496887207,0.0,25.0,0.0,0.0,0.050000000000000044,1.4066220130771399,1.4066220130771399,0.0
double_dqn,803,294,79.37630664557219,84.59732546404004,27.77423580735922,51.60207065939903,1.4785220501944423,15397.294164657593,0.0,24.0,0.0,1.0,0.050000000000000044,1.6682998985052109,1.6682998985052109,0.0
double_dqn,803,295,90.95404829829931,84.59900863476098,31.40752875059843,59.54651951789856,1.5831278450787067,17761.423110961914,0.0,28.0,0.0,0.0,0.050000000000000044,1.7300828713923693,1.7300828713923693,0.0
double_dqn,803,296,82.83756288290024,83.76120353974403,28.465635053813457,54.37192785143852,1.4866545433178544,15814.349605560303,0.0,25.0,0.0,1.0,0.050000000000000044,1.5474387984722853,1.5474387984722853,0.0
double_dqn,803,297,85.11066552996635,83.90018956921995,30.062161311507225,55.04850387573242,1.5320210726931691,16424.525077819824,0.0,25.0,0.0,0.0,0.050000000000000044,1.5904953461140394,1.5904953461140394,0.0
double_dqn,803,298,80.87348200529814,83.82848344452681,30.500954151153564,50.37252741456032,1.5098377037793398,17359.115028381348,0.0,25.0,0.0,1.0,0.050000000000000044,1.4559936095029116,1.4559936095029116,0.0
double_dqn,803,299,91.93250331282616,83.94884546771647,30.134572580456734,61.79793104529381,1.5445257062092423,16908.218284606934,0.0,28.0,0.0,0.0,0.050000000000000044,1.5142580792307854,1.5142580792307854,0.0
double_dqn,803,300,77.60439732670784,83.30948608890176,28.005069263279438,49.59932750463486,1.4816389055922627,15678.6298828125,0.0,23.0,0.0,0.0,0.050000000000000044,1.67047581076622,1.67047581076622,0.0
double_dqn,803,301,72.8230783879757,82.59760701589286,27.42555034160614,45.3975283741951,1.4357226323336363,15191.562902450562,0.0,21.0,0.0,1.0,0.050000000000000044,1.549658054485917,1.549658054485917,0.0
double_dqn,803,302,68.96172877401114,80.98255262225868,26.413935966789722,42.54779313504696,1.4386686403304338,14983.736507415771,0.0,20.0,0.0,0.0,0.050000000000000044,1.4798441417515278,1.4798441417515278,0.0
double_dqn,803,303,63.214100547134876,80.25479668825866,26.677886627614498,36.53621459007263,1.4233291875571012,14817.968658447266,0.0,19.0,0.0,0.0,0.050000000000000044,1.520998977124691,1.520998977124691,0.0
double_dqn,803,304,84.10952614247799,80.84246847055854,28.055735275149345,56.05379115045071,1.4859016928821802,15884.136386871338,0.0,27.0,0.0,0.0,0.050000000000000044,1.6738847959786654,1.6738847959786654,0.0
double_dqn,803,305,69.45679748058319,80.62307045444847,27.3266007527709,42.13019721210003,1.4600640749558806,15339.184555053711,0.0,21.0,0.0,2.0,0.050000000000000044,1.4299147240817547,1.4299147240817547,0.0
double_dqn,803,306,87.3552919358015,80.33388948179781,30.605393208563328,56.74989937543869,1.5522556249052286,17354.029815673828,0.0,26.0,0.0,2.0,0.050000000000000044,1.8892031386494637,1.8892031386494637,0.0
double_dqn,803,307,82.9919460952282,81.13484027646483,29.53023073077202,53.46171527504921,1.5063877739012241,16211.36893081665,0.0,25.0,0.0,1.0,0.050000000000000044,1.789518017321825,1.789518017321825,0.0
double_dqn,803,308,85.87670742720366,81.4978179550916,29.06358203291893,56.813124403357506,1.5128460070118308,16444.335346221924,0.0,26.0,0.0,0.0,0.050000000000000044,1.4974434357136488,1.4974434357136488,0.0
double_dqn,803,309,80.2254858404398,80.92343429319561,29.369493082165718,50.85599216222763,1.5182897932827473,16501.026906967163,0.0,24.0,0.0,1.0,0.050000000000000044,1.7043517976999283,1.7043517976999283,0.0
double_dqn,803,310,75.97658833861351,80.49068514280022,29.425794199109077,46.55079385638237,1.469928339123726,15682.827198028564,0.0,24.0,0.0,0.0,0.050000000000000044,2.0348511897027493,2.0348511897027493,0.0
double_dqn,803,311,95.0241778433323,81.13577752545477,30.436548858880997,64.58762843310834,1.5627424167469144,17268.579654693604,0.0,29.0,0.0,2.0,0.050000000000000044,1.512371052056551,1.512371052056551,0.0
double_dqn,803,312,85.958091981709,81.1079284208268,31.061729788780212,54.89636193215847,1.5472204806283116,17549.242893218994,0.0,26.0,0.0,0.0,0.050000000000000044,1.6480587013065815,1.6480587013065815,0.0
double_dqn,803,313,90.43446225821972,81.55484745271505,31.91852378845215,58.51593788862228,1.5777416611090302,18043.384857177734,0.0,27.0,0.0,1.0,0.050000000000000044,1.628108600154519,1.628108600154519,0.0
double_dqn,803,314,88.21184193491936,81.99662421718241,30.964308723807335,57.247533136606215,1.560132865794003,17386.66753768921,0.0,27.0,0.0,3.0,0.050000000000000044,1.7324910145252943,1.7324910145252943,0.0
double_dqn,803,315,92.12025594711304,82.0549345996231,31.221851654350758,60.898404359817505,1.5931485425680876,17905.66554260254,0.0,28.0,0.0,0.0,0.050000000000000044,1.4149563908576965,1.4149563908576965,0.0
double_dqn,803,316,87.15901662409306,82.27100728668273,29.037604220211506,58.1214125007391,1.5203337231650949,16217.14017868042,0.0,27.0,0.0,0.0,0.050000000000000044,1.9545372501015663,1.9545372501015663,0.0
double_dqn,803,317,86.93349467366934,82.36214874386789,31.322452008724213,55.61104227006435,1.532447673380375,17039.15802001953,0.0,24.0,0.0,2.0,0.050000000000000044,1.2885793838649988,1.2885793838649988,0.0
double_dqn,803,318,74.56956806778908,82.04695304699243,28.173991680145264,46.39557594060898,1.4920716155320406,16245.170415878296,0.0,23.0,0.0,0.0,0.050000000000000044,1.9875482190400362,1.9875482190400362,0.0
double_dqn,803,319,96.6264658421278,82.2816511734575,32.46468214690685,64.16178339719772,1.6536747654899955,19172.056980133057,0.0,30.0,0.0,0.0,0.050000000000000044,1.3319007586687803,1.3319007586687803,0.0
double_dqn,803,320,76.13316338658333,82.20808947645129,28.473582312464714,47.65958137214184,1.4852853054180741,16055.820400238037,0.0,24.0,0.0,2.0,0.050000000000000044,1.7918424867093563,1.7918424867093563,0.0
double_dqn,803,321,86.5370616182685,82.89378863796593,29.31628342717886,57.220778280496596,1.5338905602693558,16309.993125915527,0.0,26.0,0.0,1.0,0.050000000000000044,1.519343389198184,1.519343389198184,0.0
double_dqn,803,322,76.66591761261225,83.27899807989598,29.036339551210403,47.62957789003849,1.5046197511255741,16006.243648529053,0.0,23.0,0.0,0.0,0.050000000000000044,1.7081779167056084,1.7081779167056084,0.0
double_dqn,803,323,73.60918214917183,83.79875215999783,27.197956919670105,46.411224991083145,1.4306258028373122,14993.212245941162,0.0,23.0,0.0,1.0,0.050000000000000044,1.5172744076699018,1.5172744076699018,0.0
double_dqn,803,324,95.39012925475836,84.36278231561184,31.837719149887562,63.55241040289402,1.5641194991767406,17362.781551361084,0.0,28.0,0.0,2.0,0.050000000000000044,1.5748372785747051,1.5748372785747051,0.0
double_dqn,803,325,74.73263848721982,84.62657436594368,29.158942490816116,45.57369605600834,1.485595116391778,16086.631488800049,0.0,21.0,0.0,1.0,0.050000000000000044,1.9808071069419384,1.9808071069419384,0.0
double_dqn,803,326,62.47108753025532,83.38236414566637,26.65676724910736,35.814320385456085,1.384504941292107,14408.477634429932,0.0,19.0,0.0,1.0,0.050000000000000044,1.6097765490412712,1.6097765490412712,0.0
double_dqn,803,327,87.933278003335,83.62943074107173,30.944683387875557,56.98859451115131,1.5522689688950777,17323.826038360596,0.0,26.0,0.0,3.0,0.050000000000000044,1.4480461478233337,1.4480461478233337,0.0
double_dqn,803,328,57.9537450671196,82.23328262306751,25.12640944123268,32.82733532786369,1.3806656273081899,13573.506141662598,0.0,19.0,0.0,0.0,0.050000000000000044,1.6418551299721003,1.6418551299721003,0.0
double_dqn,803,329,87.94023786485195,82.6190202242881,29.558757446706295,58.381480634212494,1.5539188319817185,17307.748622894287,0.0,27.0,0.0,0.0,0.050000000000000044,1.328275365754962,1.328275365754962,0.0
double_dqn,803,330,98.42942273765803,83.74166194424035,35.09068239480257,63.338740000128745,1.6275597540661693,19336.218719482422,0.0,27.0,0.0,2.0,0.050000000000000044,1.6128944661468267,1.6128944661468267,0.0
double_dqn,803,331,79.39708020538092,82.96030706234276,29.076659977436066,50.32041975855827,1.4710839884355664,15671.369445800781,0.0,24.0,0.0,0.0,0.050000000000000044,1.5975882019847631,1.5975882019847631,0.0
double_dqn,803,332,82.33729474246502,82.77926720038057,29.343646191060543,52.99364821612835,1.5266312519088387,16825.507179260254,0.0,27.0,0.0,0.0,0.050000000000000044,2.072501502931118,2.072501502931118,0.0
double_dqn,803,333,71.45984645187855,81.83053641006352,28.443097941577435,43.01674887537956,1.4949579695239663,15704.406288146973,0.0,21.0,0.0,0.0,0.050000000000000044,1.4436726085841656,1.4436726085841656,0.0
double_dqn,803,334,69.13665297776461,80.87677696220578,26.387951225042343,42.74870148450136,1.4492283649742603,14949.023624420166,0.0,21.0,0.0,1.0,0.050000000000000044,1.647274574264884,1.647274574264884,0.0
double_dqn,803,335,95.47442017495632,81.04448517359795,32.11925481259823,63.35516583919525,1.5635492010042071,17996.838850021362,0.0,27.0,0.0,3.0,0.050000000000000044,1.618415392935276,1.618415392935276,0.0
double_dqn,803,336,73.69560654014349,80.37131466940046,27.55881655961275,46.13679042756557,1.4944887980818748,15828.091943740845,0.0,22.0,0.0,2.0,0.050000000000000044,1.8977737203240395,1.8977737203240395,0.0
double_dqn,803,337,74.36413785964251,79.74284682869913,28.979813419282436,45.38432436585426,1.4702325854450464,15844.036701202393,0.0,22.0,0.0,1.0,0.050000000000000044,1.7413952331990004,1.7413952331990004,0.0
double_dqn,803,338,73.85161527395249,79.7069491890073,25.922713324427605,47.928901278972624,1.4429857842624187,14688.143630981445,0.0,24.0,0.0,1.0,0.050000000000000044,1.4311445467174053,1.4311445467174053,0.0
double_dqn,803,339,99.1603838428855,79.83364508904518,31.811152458190918,67.34923076629639,1.5750764729455113,17832.880474090576,0.0,29.0,0.0,0.0,0.050000000000000044,1.9579914957284927,1.9579914957284927,0.0
double_dqn,803,340,80.72909571379424,80.06344170540572,28.50276229530573,52.22633389532566,1.484262827783823,15691.569995880127,0.0,24.0,0.0,1.0,0.050000000000000044,1.1786148753017187,1.1786148753017187,0.0
double_dqn,803,341,91.47429753094912,80.31030350103975,30.91481026262045,60.55948741734028,1.5488614104688168,17323.553606033325,0.0,28.0,0.0,0.0,0.050000000000000044,1.4982490558177233,1.4982490558177233,0.0
double_dqn,803,342,97.88486685603857,81.37125096321107,32.873978458344936,65.01088851690292,1.6458462309092283,19190.494499206543,0.0,27.0,0.0,2.0,0.050000000000000044,1.5333320256322622,1.5333320256322622,0.0
double_dqn,803,343,75.85918894559146,81.48375130303205,26.63004157692194,49.22914751768112,1.4172905329614878,14972.548664093018,0.0,24.0,0.0,1.0,0.050000000000000044,1.9122147858142853,1.9122147858142853,0.0
double_dqn,803,344,82.5140327885747,80.83994647972285,30.15984596312046,52.35418647527695,1.5647548185661435,17481.97763442993,0.0,25.0,0.0,0.0,0.050000000000000044,1.9446654431521893,1.9446654431521893,0.0
double_dqn,803,345,95.04250776767731,81.85543994374574,32.81054227054119,62.231965601444244,1.6163128688931465,18926.70240020752,0.0,27.0,0.0,1.0,0.050000000000000044,1.533009983599186,1.533009983599186,0.0
double_dqn,803,346,78.48024175316095,82.65589765489102,28.824373051524162,49.65586829185486,1.4668132979422808,15741.628684997559,0.0,24.0,0.0,0.0,0.050000000000000044,1.8821860197931528,1.8821860197931528,0.0
double_dqn,803,347,86.76187385022641,82.59732744723559,31.023766487836838,55.73810736238956,1.5399220949038863,17675.635864257812,0.0,27.0,0.0,2.0,0.050000000000000044,2.1490338183939457,2.1490338183939457,0.0
double_dqn,803,348,93.91400084197521,84.39534023597837,31.16449524462223,62.74950565695762,1.574412202462554,17771.369539260864,0.0,28.0,0.0,2.0,0.050000000000000044,1.5549506656825542,1.5549506656825542,0.0
double_dqn,803,349,80.09135989993811,84.00289633773268,28.767922036349773,51.323437654972075,1.4691271930932999,15669.970142364502,0.0,23.0,0.0,2.0,0.050000000000000044,1.7033710554242134,1.7033710554242134,0.0
double_dqn,803,350,96.6683434098959,83.91484237134458,32.76192833483219,63.90641497075558,1.5949545837938786,18494.696672439575,0.0,28.0,0.0,0.0,0.050000000000000044,1.7878210563212633,1.7878210563212633,0.0
double_dqn,803,351,79.97407370060682,83.94369204610587,27.32312934100628,52.650944605469704,1.4549834616482258,15155.432117462158,0.0,25.0,0.0,1.0,0.050000000000000044,1.7509108949452639,1.7509108949452639,0.0
double_dqn,803,352,85.04319497942924,84.07898705795408,29.574396565556526,55.46879790723324,1.5147078903391957,17176.777488708496,0.0,25.0,0.0,0.0,0.050000000000000044,1.51636759378016,1.51636759378016,0.0
double_dqn,803,353,77.43842940181494,84.3779162054509,29.925019025802612,47.51341033875942,1.5078956885263324,16741.098794937134,0.0,22.0,0.0,1.0,0.050000000000000044,1.9667657632380724,1.9667657632380724,0.0
double_dqn,803,354,81.63304625451565,85.00273586928844,28.23863149434328,53.394414126873016,1.4724183911457658,15547.261615753174,0.0,24.0,0.0,1.0,0.050000000000000044,1.6544467620551586,1.6544467620551586,0.0
double_dqn,803,355,78.11496143043041,84.13476293206216,28.332128427922726,49.78283375501633,1.4650559909641743,15895.098152160645,0.0,24.0,0.0,0.0,0.050000000000000044,1.681579975411296,1.681579975411296,0.0
double_dqn,803,356,78.26104265451431,84.3630347377807,27.52412087470293,50.73692166805267,1.5079330680891871,15755.745613098145,0.0,25.0,0.0,0.0,0.050000000000000044,1.9951761104166508,1.9951761104166508,0.0
double_dqn,803,357,98.52994345128536,85.57132501736284,33.29492376744747,65.2350190281868,1.5948764076456428,18461.72751235962,0.0,28.0,0.0,0.0,0.050000000000000044,1.6558945793658495,1.6558945793658495,0.0
double_dqn,803,358,68.57094791531563,85.307291649431,26.871944531798363,41.69900391995907,1.4471202762797475,14933.863492965698,0.0,20.0,0.0,1.0,0.050000000000000044,1.9403858967125416,1.9403858967125416,0.0
double_dqn,803,359,73.4666165560484,84.02260328508913,26.444767855107784,47.02184857428074,1.429514978080988,15164.582294464111,0.0,23.0,0.0,1.0,0.050000000000000044,1.7744411006569862,1.7744411006569862,0.0
double_dqn,803,360,87.81660972833633,84.37697898581624,29.95290994644165,57.86369951367378,1.5495444536209106,17050.75553894043,0.0,27.0,0.0,2.0,0.050000000000000044,1.606436274945736,1.606436274945736,0.0
double_dqn,803,361,79.52129924595356,83.77932907156647,28.814649760723114,50.70664928406477,1.5020827073603868,16491.607879638672,0.0,24.0,0.0,5.0,0.050000000000000044,1.8919616136699915,1.8919616136699915,0.0
double_dqn,803,362,97.94633149504662,83.78240230351688,34.54770491272211,63.3986265450716,1.6090178741142154,18930.95990371704,0.0,28.0,0.0,1.0,0.050000000000000044,1.5119555238634348,1.5119555238634348,0.0
double_dqn,803,363,81.90353401005268,84.08461955673992,29.28047440201044,52.62305994331837,1.5227943761274219,16730.627868652344,0.0,24.0,0.0,1.0,0.050000000000000044,1.5769968554377556,1.5769968554377556,0.0
double_dqn,803,364,74.48452574014664,83.68314420431854,27.312833786010742,47.17169147729874,1.4532755129039288,15512.932823181152,0.0,24.0,0.0,0.0,0.050000000000000044,1.8138013035058975,1.8138013035058975,0.0
double_dqn,803,365,82.26158998310567,83.04409831508994,28.876688055694103,53.38490163683891,1.4869684698060155,15998.781352996826,0.0,25.0,0.0,1.0,0.050000000000000044,1.6634978242218494,1.6634978242218494,0.0
double_dqn,803,366,82.26216792315245,83.23319462358953,30.546728439629078,51.71543915569782,1.5410738615319133,17004.19038772583,0.0,25.0,0.0,0.0,0.050000000000000044,1.5745443496853113,1.5745443496853113,0.0
double_dqn,803,367,76.66219935566187,82.72821089886129,28.383144848048687,48.27905464172363,1.5323516707867384,16379.9751663208,0.0,22.0,0.0,1.0,0.050000000000000044,2.0505580753087997,2.0505580753087997,0.0
double_dqn,803,368,83.07247473299503,82.18613459341229,29.321033738553524,53.75144051015377,1.515472904779017,16567.09768295288,0.0,25.0,0.0,0.0,0.050000000000000044,1.7514123376458883,1.7514123376458883,0.0
double_dqn,803,369,87.75526836514473,82.56933001667261,33.596509993076324,54.158757627010345,1.5696452986449003,18430.514404296875,0.0,23.0,0.0,1.0,0.050000000000000044,1.8959789667278528,1.8959789667278528,0.0
double_dqn,803,370,87.9075174510479,82.13128871873022,30.00680973380804,57.90070776939392,1.4984448151662946,16857.893814086914,0.0,26.0,0.0,2.0,0.050000000000000044,1.4594907946884632,1.4594907946884632,0.0
double_dqn,803,371,83.76102785766125,82.32063642658292,30.281655833125114,53.479371547698975,1.5208573751151562,16758.27503967285,0.0,25.0,0.0,0.0,0.050000000000000044,1.8338097967207432,1.8338097967207432,0.0
double_dqn,803,372,77.0116869956255,81.91906102739276,28.408741660416126,48.60294517874718,1.4838290959596634,15726.298610687256,0.0,24.0,0.0,0.0,0.050000000000000044,1.5354349128901958,1.5354349128901958,0.0
double_dqn,803,373,92.57176087796688,82.67572760120035,32.389467641711235,60.18229293823242,1.572615446522832,17945.0809135437,0.0,27.0,0.0,1.0,0.050000000000000044,1.5981593634933233,1.5981593634933233,0.0
double_dqn,803,374,73.18742421269417,82.25344649910926,28.24093196541071,44.94649229943752,1.4778971392661333,15810.06664276123,0.0,21.0,0.0,0.0,0.050000000000000044,1.4923530295491219,1.4923530295491219,0.0
double_dqn,803,375,82.78839311003685,82.48711808308958,28.814077720046043,53.97431552410126,1.4877654099836946,16340.726448059082,0.0,25.0,0.0,0.0,0.050000000000000044,1.2974033411592245,1.2974033411592245,0.0
double_dqn,803,376,81.88992387801409,82.66856214426458,29.686027385294437,52.20389598608017,1.497965638525784,16730.432207107544,0.0,24.0,0.0,0.0,0.050000000000000044,1.461230855435133,1.461230855435133,0.0
double_dqn,803,377,99.49853427112103,82.71699168525636,34.17647974938154,65.32205493152142,1.6577757634222507,19779.072326660156,0.0,30.0,0.0,1.0,0.050000000000000044,1.9346813280135393,1.9346813280135393,0.0
double_dqn,803,378,88.11807096898556,83.69434783793986,29.62352952361107,58.494541281461714,1.5014644600450993,16240.973209381104,0.0,27.0,0.0,1.0,0.050000000000000044,2.0694980900734663,2.0694980900734663,0.0
double_dqn,803,379,89.6547512486577,84.50375457257033,30.594130501151085,59.06062100827694,1.5477809831500053,17361.296268463135,0.0,28.0,0.0,1.0,0.050000000000000044,2.1239598225802183,2.1239598225802183,0.0
double_dqn,803,380,93.42250042408705,84.78404910735787,30.555809430778027,62.86669114232063,1.5542070651426911,17105.3125705719,0.0,28.0,0.0,1.0,0.050000000000000044,1.8621751349419355,1.8621751349419355,0.0
double_dqn,803,381,92.44297071695328,85.43013268090786,30.573631070554256,61.86933962404728,1.5267397537827492,17090.26957130432,0.0,29.0,0.0,1.0,0.050000000000000044,1.532110832631588,1.532110832631588,0.0
double_dqn,803,382,79.16640798896552,84.4911365056038,29.678284712135792,49.48812281489372,1.5116403810679913,16760.222011566162,0.0,24.0,0.0,2.0,0.050000000000000044,1.4700250048190355,1.4700250048190355,0.0
double_dqn,803,383,75.40938370823861,84.1664289905131,26.925395764410496,48.48398827910423,1.4568773917853832,15053.893741607666,0.0,24.0,0.0,1.0,0.050000000000000044,2.0265337117016315,2.0265337117016315,0.0
double_dqn,803,384,77.95370289087296,84.33988784804941,29.684323847293854,48.26937893927097,1.4946879222989082,16490.275382995605,0.0,22.0,0.0,1.0,0.050000000000000044,1.9246213808655739,1.9246213808655739,0.0
double_dqn,803,385,83.90126890093089,84.42187179394068,30.38194688409567,53.519321689009665,1.5409600725397468,16984.845741271973,0.0,25.0,0.0,1.0,0.050000000000000044,2.0153492614626884,2.0153492614626884,0.0
double_dqn,803,386,74.00106767714024,84.00881678164008,28.04463718086481,45.95643035471439,1.492484132759273,16454.40735244751,0.0,21.0,0.0,1.0,0.050000000000000044,1.9510590881109238,1.9510590881109238,0.0
double_dqn,803,387,72.07847143113614,83.77963038541378,28.026713393628597,44.05175825357437,1.475116896443069,15322.262767791748,0.0,21.0,0.0,3.0,0.050000000000000044,1.5464597381651402,1.5464597381651402,0.0
double_dqn,803,388,102.98934994637966,84.77547414608301,32.73577423393726,70.25357584655285,1.5874367337673903,18410.58770751953,0.0,31.0,0.0,0.0,0.050000000000000044,2.0670304521918297,2.0670304521918297,0.0
double_dqn,803,389,71.10054109394551,83.94273778252304,28.782086223363876,42.31845521330833,1.4725061850622296,15947.90103340149,0.0,22.0,0.0,3.0,0.050000000000000044,1.6261599380522966,1.6261599380522966,0.0
double_dqn,803,390,74.80845518559218,83.28778466925027,29.042448692023754,45.76600652337074,1.492664529941976,16039.979164123535,0.0,22.0,0.0,1.0,0.050000000000000044,1.7396506369113922,1.7396506369113922,0.0
double_dqn,803,391,81.08993738144636,83.15423014543953,30.022513888776302,51.06742304563522,1.5081135798245668,16824.24420928955,0.0,24.0,0.0,1.0,0.050000000000000044,2.2463891059160233,2.2463891059160233,0.0
double_dqn,803,392,99.32668901979923,84.2699802466482,33.415712252259254,65.91097694635391,1.6023418679833412,18875.803588867188,0.0,30.0,0.0,0.0,0.050000000000000044,1.6427829153835773,1.6427829153835773,0.0
double_dqn,803,393,77.34209384918213,83.50849689520896,28.205878518521786,49.13621533811092,1.4561815429478884,15517.688459396362,0.0,23.0,0.0,1.0,0.050000000000000044,1.50445800088346,1.50445800088346,0.0
double_dqn,803,394,77.13003505766392,83.70562743745745,27.042349480092525,50.08768546581268,1.4564995178952813,15409.625434875488,0.0,22.0,0.0,0.0,0.050000000000000044,1.934570962563157,1.934570962563157,0.0
double_dqn,803,395,101.26300652325153,84.62935810811818,35.17211337387562,66.09089301526546,1.6444577248767018,19733.216033935547,0.0,30.0,0.0,0.0,0.050000000000000044,1.7515825480222702,1.7515825480222702,0.0
double_dqn,803,396,90.70880744606256,85.07030228652062,29.617283143103123,61.09152428805828,1.5225716112181544,16672.65044784546,0.0,28.0,0.0,1.0,0.050000000000000044,2.169954674318433,2.169954674318433,0.0
double_dqn,803,397,89.63770598471164,84.57726087220013,29.662862859666348,59.97484356462955,1.4925428992137313,16563.613689422607,0.0,27.0,0.0,2.0,0.050000000000000044,1.9518726877868176,1.9518726877868176,0.0
double_dqn,803,398,91.09375234842301,84.726044941172,32.307035475969315,58.78671714067459,1.5769293261691928,18411.839389801025,0.0,28.0,0.0,1.0,0.050000000000000044,1.9230358377099037,1.9230358377099037,0.0
double_dqn,803,399,84.586261048913,84.47262043118477,30.252766013145447,54.33349481225014,1.5215653330087662,16939.89821243286,0.0,25.0,0.0,0.0,0.050000000000000044,1.872666746377945,1.872666746377945,0.0
double_dqn,803,400,72.55361688882113,83.42917625442148,26.62759468704462,45.92602223157883,1.4356923308223486,15132.016738891602,0.0,24.0,0.0,0.0,0.050000000000000044,2.2567927464842796,2.2567927464842796,0.0
double_dqn,803,401,73.47895646840334,82.48097554199398,28.575856052339077,44.90310053527355,1.4717541635036469,16007.969997406006,0.0,22.0,0.0,0.0,0.050000000000000044,1.648871261626482,1.648871261626482,0.0
double_dqn,803,402,89.39155685305596,82.99223298519851,31.74095743894577,57.65059902667999,1.558873170055449,17495.966300964355,0.0,27.0,0.0,3.0,0.050000000000000044,1.7435883786529303,1.7435883786529303,0.0
double_dqn,803,403,63.2188773304224,82.3827076663077,26.035723000764847,37.183153823018074,1.3982466533780098,14243.507843017578,0.0,19.0,0.0,0.0,0.050000000000000044,1.7513731103390455,1.7513731103390455,0.0
double_dqn,803,404,112.83203492462636,84.12662426799537,36.66144318878651,76.17059203386307,1.694891226477921,20357.224155426025,0.0,34.0,0.0,2.0,0.050000000000000044,1.2923029754310846,1.2923029754310846,0.0
double_dqn,803,405,93.00406602025032,84.58176412396134,30.97086276113987,62.0332028567791,1.564371176995337,17485.638313293457,0.0,28.0,0.0,1.0,0.050000000000000044,1.9360157176852226,1.9360157176852226,0.0
double_dqn,803,406,75.5337822675705,84.65839985348285,26.478149451315403,49.05563358366489,1.4184405645355582,14658.677684783936,0.0,23.0,0.0,1.0,0.050000000000000044,1.7858659718185663,1.7858659718185663,0.0
double_dqn,803,407,78.37890258431435,84.97342141114176,29.38137723505497,48.99752554297447,1.50637202616781,16890.409786224365,0.0,23.0,0.0,1.0,0.050000000000000044,1.5571012031286955,1.5571012031286955,0.0
double_dqn,803,408,95.68965083360672,84.60843645550311,32.71165904402733,62.97799141705036,1.5791335003450513,18221.1974067688,0.0,28.0,0.0,1.0,0.050000000000000044,2.038563549518585,2.038563549518585,0.0
double_dqn,803,409,93.18505844473839,85.71266232304276,31.169314995408058,62.01574309170246,1.5389585699886084,17342.054107666016,0.0,28.0,0.0,1.0,0.050000000000000044,2.0013965647667646,2.0013965647667646,0.0
double_dqn,803,410,89.47635474056005,86.44605730079114,30.755292646586895,58.72106251120567,1.5429911818355322,17245.683883666992,0.0,27.0,0.0,1.0,0.050000000000000044,1.7570788320153952,1.7570788320153952,0.0
double_dqn,803,411,89.59285336136819,86.87120309978724,31.513092279434204,58.079760843515395,1.5636310121044517,17687.844833374023,0.0,26.0,0.0,1.0,0.050000000000000044,1.8770799413323402,1.8770799413323402,0.0
double_dqn,803,412,88.19284311681986,86.31451080463827,30.84373999387026,57.34910333156586,1.5447615645825863,17474.36897277832,0.0,26.0,0.0,0.0,0.050000000000000044,1.8107722885906696,1.8107722885906696,0.0
double_dqn,803,413,69.6027913928032,85.92754568181934,25.848189059644938,43.754602009058,1.380519567988813,14009.578960418701,0.0,21.0,0.0,1.0,0.050000000000000044,2.163591554388404,2.163591554388404,0.0
double_dqn,803,414,85.00064087808133,86.3210759728402,29.80128549039364,55.1993551492691,1.4970737965777516,16655.000045776367,0.0,26.0,0.0,2.0,0.050000000000000044,1.9565790072083473,1.9565790072083473,0.0
double_dqn,803,415,100.01680715382099,86.25876600436867,33.79473111778498,66.22207587957382,1.5738668674603105,18719.126892089844,0.0,28.0,0.0,0.0,0.050000000000000044,2.125863753259182,2.125863753259182,0.0
double_dqn,803,416,85.7128508552909,86.0089681748301,29.805099301040173,55.90775137543678,1.5088398214429617,16639.840732574463,0.0,25.0,0.0,2.0,0.050000000000000044,1.832185748964548,1.832185748964548,0.0
double_dqn,803,417,75.58013243973255,85.30608949758114,29.286140099167824,46.29399247467518,1.481312459334731,16186.972946166992,0.0,23.0,0.0,0.0,0.050000000000000044,2.002134880051017,2.002134880051017,0.0
double_dqn,803,418,97.17761832624674,85.61028279647232,32.314876064658165,64.86274220943451,1.5952654788270593,18182.31058883667,0.0,28.0,0.0,2.0,0.050000000000000044,1.6695828828960657,1.6695828828960657,0.0
double_dqn,803,419,84.61720992773772,85.61183024041357,30.8775642067194,53.73964581787586,1.5518781449645758,17324.419971466064,0.0,24.0,0.0,2.0,0.050000000000000044,1.6639066003262997,1.6639066003262997,0.0
double_dqn,803,420,69.10747767984867,85.43952327996494,27.940720282495022,41.16675779223442,1.450944859534502,15720.071788787842,0.0,21.0,0.0,1.0,0.050000000000000044,1.6516576930880547,1.6516576930880547,0.0
double_dqn,803,421,88.37311978638172,86.18423144586386,29.742320150136948,58.63079999387264,1.5092130405828357,16865.753479003906,0.0,27.0,0.0,0.0,0.050000000000000044,1.5222245957702398,1.5222245957702398,0.0
double_dqn,803,422,81.20716180205345,85.77501169331371,30.496134713292122,50.71102716326713,1.5555665316060185,17602.958934783936,0.0,23.0,0.0,2.0,0.050000000000000044,1.8727247398346663,1.8727247398346663,0.0
double_dqn,803,423,86.05159774422646,86.91664771400391,29.83799183368683,56.21360568702221,1.5415574917569757,16878.43011856079,0.0,26.0,0.0,1.0,0.050000000000000044,1.7685626670718193,1.7685626670718193,0.0
double_dqn,803,424,86.9666170924902,85.62337682239712,30.29600052535534,56.670616298913956,1.5650585182011127,17477.626890182495,0.0,25.0,0.0,0.0,0.050000000000000044,1.8211521971970797,1.8211521971970797,0.0
double_dqn,803,425,78.40506542623044,84.89342679269613,28.149771735072136,50.255293855071066,1.459593671374023,15721.341831207275,0.0,22.0,0.0,1.0,0.050000000000000044,1.6584726609289646,1.6584726609289646,0.0
double_dqn,803,426,73.16582777500153,84.77502906806768,27.65581736713648,45.510010400414465,1.4356246143579483,15347.763286590576,0.0,21.0,0.0,1.0,0.050000000000000044,2.1638000309467316,2.1638000309467316,0.0
double_dqn,803,427,91.76971854418517,85.44456986606122,31.13668967038393,60.63302884399891,1.5476724365726113,17499.99103164673,0.0,27.0,0.0,2.0,0.050000000000000044,1.6188891641795635,1.6188891641795635,0.0
double_dqn,803,428,80.70311305075884,84.69524297691883,29.42179573327303,51.281317049264906,1.4780419636517763,16260.16079711914,0.0,23.0,0.0,1.0,0.050000000000000044,2.0812755674123764,2.0812755674123764,0.0
double_dqn,803,429,88.14715900272131,84.44334800481798,33.637189365923405,54.5099695622921,1.584472213871777,18730.450901031494,0.0,25.0,0.0,0.0,0.050000000000000044,1.6242038924247026,1.6242038924247026,0.0
double_dqn,803,430,86.50341891050338,84.29470121331514,32.53307884931564,53.97034043371677,1.5583102749660611,18385.03406906128,0.0,24.0,0.0,2.0,0.050000000000000044,2.4155394919216633,2.4155394919216633,0.0
double_dqn,803,431,71.37796186059714,83.38395663827659,28.223649062216282,43.15431242585182,1.4636967005208135,15921.794345855713,0.0,21.0,0.0,1.0,0.050000000000000044,2.0597575400024652,2.0597575400024652,0.0
double_dqn,803,432,65.45743136256934,82.24718605056407,26.991018764674664,38.466412836313246,1.4229575023055077,14834.581768035889,0.0,19.0,0.0,3.0,0.050000000000000044,1.738487847149372,1.738487847149372,0.0
double_dqn,803,433,80.28654709607363,82.78137383572758,29.644622437655926,50.64192479252815,1.5148921431973577,16578.010208129883,0.0,24.0,0.0,2.0,0.050000000000000044,2.1539924759417772,2.1539924759417772,0.0
double_dqn,803,434,81.01197598427534,82.5819405910373,28.58584813028574,52.42612783908844,1.4616590160876513,15950.70012664795,0.0,24.0,0.0,2.0,0.050000000000000044,1.9702564999461174,1.9702564999461174,0.0
double_dqn,803,435,85.08305416405202,81.83525294154884,31.38651406764984,53.69654009640217,1.5289684925228357,17250.56785964966,0.0,27.0,0.0,1.0,0.050000000000000044,2.0398394018411636,2.0398394018411636,0.0
double_dqn,803,436,81.56712455451489,81.62796662651004,29.185374453663826,52.381750190258025,1.4959241021424532,16433.30927658081,0.0,24.0,0.0,1.0,0.050000000000000044,1.9310557432472706,1.9310557432472706,0.0
double_dqn,803,437,71.17947344630957,81.4079336768389,26.533642143011093,44.64583125114441,1.4202026426792145,14699.397106170654,0.0,21.0,0.0,3.0,0.050000000000000044,2.0809768717736006,2.0809768717736006,0.0
double_dqn,803,438,83.38735944032669,80.71842073254288,30.99641326069832,52.39094623923302,1.5198924979194999,17326.78190612793,0.0,24.0,0.0,0.0,0.050000000000000044,1.6111931279301643,1.6111931279301643,0.0
double_dqn,803,439,87.51167663335801,80.8631440678239,30.790491811931133,56.7211849629879,1.533574691042304,17032.471466064453,0.0,27.0,0.0,3.0,0.050000000000000044,1.6726725958287716,1.6726725958287716,0.0
double_dqn,803,440,78.7298630848527,81.3442633380741,27.77595318853855,50.95390993356705,1.4665581649169326,15326.133785247803,0.0,24.0,0.0,0.0,0.050000000000000044,1.6746487561613321,1.6746487561613321,0.0
double_dqn,803,441,85.44506098479033,81.19786039799453,28.372807629406452,57.07225332558155,1.4692119052633643,15917.743068695068,0.0,27.0,0.0,1.0,0.050000000000000044,1.8692173026502132,1.8692173026502132,0.0
double_dqn,803,442,83.74706468135119,81.32485554195941,30.82163729518652,52.925426894426344,1.4949538055807352,16595.86825942993,0.0,25.0,0.0,2.0,0.050000000000000044,1.9135741740465164,1.9135741740465164,0.0
double_dqn,803,443,86.41737515777349,81.34314441263676,30.577515490353107,55.83986009955406,1.5526812756434083,17306.14052581787,0.0,26.0,0.0,4.0,0.050000000000000044,1.8163252137601376,1.8163252137601376,0.0
double_dqn,803,444,82.59940195083618,81.12478365555407,29.624736294150352,52.97466605901718,1.4814378749579191,16042.507583618164,0.0,24.0,0.0,0.0,0.050000000000000044,1.5539860166609287,1.5539860166609287,0.0
double_dqn,803,445,75.24881658107043,80.96697121329606,27.93669653683901,47.31211976110935,1.4495333600789309,15653.192119598389,0.0,23.0,0.0,2.0,0.050000000000000044,1.9028448052704334,1.9028448052704334,0.0
double_dqn,803,446,80.10881669223309,81.31412065915764,27.995369724929333,52.11344709396362,1.4650363242253661,15727.231430053711,0.0,24.0,0.0,2.0,0.050000000000000044,1.8350584413856268,1.8350584413856268,0.0
double_dqn,803,447,78.07526100575924,80.62939778223635,28.555552884936333,49.519707986712454,1.4690779019147158,15684.41312789917,0.0,23.0,0.0,1.0,0.050000000000000044,1.9161662701517344,1.9161662701517344,0.0
double_dqn,803,448,76.27966536581516,80.40822539798917,28.843341007828712,47.43632446229458,1.499487267807126,16690.439933776855,0.0,22.0,0.0,1.0,0.050000000000000044,1.8293899893760681,1.8293899893760681,0.0
double_dqn,803,449,87.11983377486467,80.35685913659634,30.143322691321373,56.97651132941246,1.51434426009655,16985.991994857788,0.0,27.0,0.0,0.0,0.050000000000000044,1.7946441806852818,1.7946441806852818,0.0
double_dqn,803,450,78.50310488939286,79.9568434355408,28.752106726169586,49.750998044013976,1.4907761979848146,15947.18392944336,0.0,23.0,0.0,1.0,0.050000000000000044,1.5674816574901342,1.5674816574901342,0.0
double_dqn,803,451,65.64708671867848,79.67029967844488,27.758760273456573,37.888326653838156,1.4386358354240656,15298.586870193481,0.0,20.0,0.0,2.0,0.050000000000000044,1.82676500082016,1.82676500082016,0.0
double_dqn,803,452,72.80816294252872,80.03783625744283,28.058144439011812,44.750018417835236,1.4622520012781024,15613.231412887573,0.0,22.0,0.0,1.0,0.050000000000000044,1.296297686174512,1.296297686174512,0.0
double_dqn,803,453,82.64609780907631,80.15581379309297,29.439439244568348,53.20665869861841,1.4816093631088734,16277.879207611084,0.0,25.0,0.0,1.0,0.050000000000000044,1.9003543592989445,1.9003543592989445,0.0
double_dqn,803,454,85.13010602593423,80.36172029517593,31.67282895743847,53.45727687478065,1.5674937590956688,18012.002458572388,0.0,25.0,0.0,2.0,0.050000000000000044,1.7030287198722363,1.7030287198722363,0.0
double_dqn,803,455,66.5010668501258,79.43262092947961,26.08892533928156,40.412141719460486,1.443302252329886,14850.348419189453,0.0,21.0,0.0,2.0,0.050000000000000044,1.808942373842001,1.808942373842001,0.0
double_dqn,803,456,82.59853126108646,79.48419126480819,29.918528079986572,52.680003210902214,1.5262617077678442,16973.810203552246,0.0,25.0,0.0,1.0,0.050000000000000044,1.6581825651228428,1.6581825651228428,0.0
double_dqn,803,457,74.15059441477061,79.63274731323125,27.62010660022497,46.53048803806305,1.4487603046000004,15627.488929748535,0.0,21.0,0.0,1.0,0.050000000000000044,2.3124134242534637,2.3124134242534637,0.0
double_dqn,803,458,59.7093474432826,78.44884671337904,25.215252079069614,34.49409560263157,1.3997701248154044,14371.903999328613,0.0,19.0,0.0,1.0,0.050000000000000044,2.465608298778534,2.465608298778534,0.0
double_dqn,803,459,91.55360634922981,78.65094319917263,32.84162563085556,58.71198049485683,1.5972623340785503,18347.72645187378,0.0,27.0,0.0,3.0,0.050000000000000044,1.5336560234427452,1.5336560234427452,0.0
double_dqn,803,460,83.17879349887372,78.87338971987369,28.076968535780907,55.101825007796286,1.4653174374252558,15536.57469367981,0.0,25.0,0.0,3.0,0.050000000000000044,1.9112954828888178,1.9112954828888178,0.0
double_dqn,803,461,81.72001212984324,78.68713727712633,28.836512580513954,52.88349939286709,1.487027134746313,15915.819942474365,0.0,25.0,0.0,1.0,0.050000000000000044,1.868540909141302,1.868540909141302,0.0
double_dqn,803,462,78.1249226629734,78.40603017620744,28.947026014328003,49.177896320819855,1.5220014452934265,16491.148876190186,0.0,23.0,0.0,0.0,0.050000000000000044,2.1963845528662205,2.1963845528662205,0.0
double_dqn,803,463,72.70355241149664,77.7203390388936,26.617760352790356,46.085791969299315,1.4604170629754663,15421.476657867432,0.0,21.0,0.0,1.0,0.050000000000000044,1.7618798166513443,1.7618798166513443,0.0
double_dqn,803,464,85.02814395278692,77.84177613899114,30.44883780181408,54.57930602431297,1.5325975948944688,17190.289764404297,0.0,24.0,0.0,2.0,0.050000000000000044,1.7302636727690697,1.7302636727690697,0.0
double_dqn,803,465,74.22510354220867,77.79059048704804,26.797036580741405,47.4280671030283,1.4581550024449825,15815.95334815979,0.0,23.0,0.0,2.0,0.050000000000000044,2.170197121798992,2.170197121798992,0.0
double_dqn,803,466,87.69978413879872,78.17013885937632,29.209889866411686,58.48989395201206,1.4928390458226204,16550.467197418213,0.0,28.0,0.0,2.0,0.050000000000000044,1.5601549930870533,1.5601549930870533,0.0
double_dqn,803,467,83.22122654616832,78.42743713639678,30.803001388907433,52.41822535097599,1.5077622337266803,17120.56581878662,0.0,23.0,0.0,2.0,0.050000000000000044,1.5767605807632208,1.5767605807632208,0.0
double_dqn,803,468,78.84175439327956,78.55554158777001,27.264233700931072,51.57752070724964,1.439241879619658,15280.177639007568,0.0,26.0,0.0,2.0,0.050000000000000044,1.8026727642863989,1.8026727642863989,0.0
double_dqn,803,469,87.04739157110453,78.55191947758199,30.193367652595043,56.85402396321297,1.5390381636098027,17072.596282958984,0.0,26.0,0.0,1.0,0.050000000000000044,1.5384160336107016,1.5384160336107016,0.0
double_dqn,803,470,76.88250997662544,78.47088973194363,27.10629978775978,49.77621029317379,1.4504781728610396,15263.114738464355,0.0,24.0,0.0,1.0,0.050000000000000044,1.5103562027215958,1.5103562027215958,0.0
double_dqn,803,471,94.10821618437767,79.89394620522856,32.53282219171524,61.575393724441525,1.578435393050313,18291.534561157227,0.0,28.0,0.0,2.0,0.050000000000000044,2.1762290224432945,2.1762290224432945,0.0
double_dqn,803,472,72.21797753870487,79.86443693503738,27.780961953103542,44.43701574206352,1.497211692854762,15979.964973449707,0.0,22.0,0.0,0.0,0.050000000000000044,1.6708818264305592,1.6708818264305592,0.0
double_dqn,803,473,89.42878126502038,80.20357110783458,31.368373975157738,58.06040773689747,1.5546040777117014,17903.07746887207,0.0,27.0,0.0,2.0,0.050000000000000044,1.756627980619669,1.756627980619669,0.0
double_dqn,803,474,80.05960995703936,79.95004630438983,29.003394708037376,51.05621540546417,1.4875984797254205,16257.25227355957,0.0,24.0,0.0,0.0,0.050000000000000044,2.4255513101816177,2.4255513101816177,0.0
double_dqn,803,475,67.08851499855518,79.9794187118113,26.465394139289856,40.62312099337578,1.4232421154156327,15001.241891860962,0.0,21.0,0.0,0.0,0.050000000000000044,2.1113515719771385,2.1113515719771385,0.0
double_dqn,803,476,83.9602957740426,80.04750693745912,30.366570480167866,53.593725860118866,1.5198295842856169,16888.86100769043,0.0,25.0,0.0,1.0,0.050000000000000044,1.8996700309216976,1.8996700309216976,0.0
double_dqn,803,477,83.39723030477762,80.50983873195946,29.310362838208675,54.086867809295654,1.5195846417918801,16563.329509735107,0.0,25.0,0.0,1.0,0.050000000000000044,1.4558252952992916,1.4558252952992916,0.0
double_dqn,803,478,76.63091289401055,81.35591700449586,29.09423901885748,47.53667386770248,1.4712514644488692,16332.621635437012,0.0,22.0,0.0,2.0,0.050000000000000044,1.934001000598073,1.934001000598073,0.0
double_dqn,803,479,99.26217018067837,81.7413451960683,34.600189700722694,64.66198065876961,1.6491255722939968,19653.916610717773,0.0,28.0,0.0,1.0,0.050000000000000044,1.9897061698138714,1.9897061698138714,0.0
double_dqn,803,480,56.865363696217536,80.4256737059355,24.53494255244732,32.33042133748531,1.367351895198226,13760.658767700195,0.0,17.0,0.0,1.0,0.050000000000000044,1.8329542502760887,1.8329542502760887,0.0
double_dqn,803,481,81.74385502189398,80.42686585053802,29.414359495043755,52.329495802521706,1.4815337834879756,16274.87328338623,0.0,25.0,0.0,0.0,0.050000000000000044,1.824074612930417,1.824074612930417,0.0
double_dqn,803,482,74.24422989934683,80.2328312123567,25.973116226494312,48.271113166213034,1.4060053154826164,14324.427352905273,0.0,23.0,0.0,1.0,0.050000000000000044,1.6529538985341787,1.6529538985341787,0.0
double_dqn,803,483,82.65842817127705,80.73057500034572,30.712980180978775,51.94544800519943,1.5302333617582917,17360.25154876709,0.0,24.0,0.0,1.0,0.050000000000000044,1.9043614249676466,1.9043614249676466,0.0
double_dqn,803,484,93.15773701667786,81.13705465354026,31.19892379641533,61.95881363749504,1.5580623773857951,17530.07696914673,0.0,29.0,0.0,1.0,0.050000000000000044,1.7477558311074972,1.7477558311074972,0.0
double_dqn,803,485,82.5150723978877,81.55155309632421,28.025159925222397,54.48991268873215,1.4631747035309672,15585.502546310425,0.0,26.0,0.0,0.0,0.050000000000000044,1.9752654638141394,1.9752654638141394,0.0
double_dqn,803,486,93.82795252799988,81.85796151578427,33.067149728536606,60.760802844166754,1.5889284946024418,18298.523551940918,0.0,26.0,0.0,1.0,0.050000000000000044,2.3090614825487137,2.3090614825487137,0.0
double_dqn,803,487,79.4717809855938,81.67048923775555,28.608372576534748,50.86340832710266,1.4797178255394101,15848.09923171997,0.0,25.0,0.0,0.0,0.050000000000000044,1.8807146437466145,1.8807146437466145,0.0
double_dqn,803,488,92.09579391777515,82.33319121398033,32.61581938713789,59.47997456789017,1.5720920814201236,17911.084880828857,0.0,27.0,0.0,0.0,0.050000000000000044,1.6208753809332848,1.6208753809332848,0.0
double_dqn,803,489,73.63533255457878,81.66258826315403,28.216471180319786,45.41886134445667,1.491445573978126,16519.643127441406,0.0,22.0,0.0,1.0,0.050000000000000044,1.346582429483533,1.346582429483533,0.0
double_dqn,803,490,82.19028982818126,81.92797725573182,29.90749515593052,52.28279435932636,1.5672157714143395,17374.797565460205,0.0,25.0,0.0,3.0,0.050000000000000044,2.0242333244532347,2.0242333244532347,0.0
double_dqn,803,491,87.61853990107775,81.60349344156683,28.95415484160185,58.66438468694687,1.4849147135391831,16016.678993225098,0.0,26.0,0.0,3.0,0.050000000000000044,1.6620725635439157,1.6620725635439157,0.0
double_dqn,803,492,80.33309873342515,82.00924950130285,28.89736357331276,51.43573507070541,1.5209823325276375,16697.05451965332,0.0,23.0,0.0,2.0,0.050000000000000044,1.814162453636527,1.814162453636527,0.0
double_dqn,803,493,71.62012147158384,81.11881651163102,27.057933755218983,44.56218782067299,1.4297389220446348,15044.928554534912,0.0,24.0,0.0,0.0,0.050000000000000044,1.3942258153110743,1.3942258153110743,0.0
double_dqn,803,494,96.44131200909615,81.93790161423387,33.52446934580803,62.916843169927596,1.6122449105605483,18984.31202316284,0.0,29.0,0.0,2.0,0.050000000000000044,1.8217257466167212,1.8217257466167212,0.0
double_dqn,803,495,69.7421999797225,82.07058586329222,27.547677777707577,42.194522231817245,1.4477102002128959,15315.728206634521,0.0,23.0,0.0,1.0,0.050000000000000044,1.8007009085267782,1.8007009085267782,0.0
double_dqn,803,496,90.3204248547554,82.38859231732786,30.494623698294163,59.82580105960369,1.526200219988823,17083.4169216156,0.0,29.0,0.0,0.0,0.050000000000000044,1.6639179363846779,1.6639179363846779,0.0
double_dqn,803,497,77.2349765971303,82.0804796319455,29.72380005568266,47.51117651164532,1.5138465845957398,16606.272680282593,0.0,22.0,0.0,1.0,0.050000000000000044,1.7072553914040327,1.7072553914040327,0.0
double_dqn,803,498,74.30847824513913,81.96435789950192,28.10476164519787,46.20371680855751,1.4544391222298145,15711.528633117676,0.0,22.0,0.0,2.0,0.050000000000000044,1.9361518919467926,1.9361518919467926,0.0
double_dqn,803,499,84.97537457942963,81.25001811943949,29.374118957668543,55.601255521178246,1.469030987471342,15772.650382995605,0.0,26.0,0.0,1.0,0.050000000000000044,1.6530807688832283,1.6530807688832283,0.0
double_dqn,803,500,72.4685623049736,82.03017804987729,27.568099454045296,44.900462597608566,1.4607845833525062,15352.796493530273,0.0,22.0,0.0,0.0,0.050000000000000044,1.4372836388647556,1.4372836388647556,0.0
double_dqn,803,501,90.10926707834005,82.44844865269958,31.45503631979227,58.65423083305359,1.5556243127211928,17411.836017608643,0.0,26.0,0.0,0.0,0.050000000000000044,1.6831006463617086,1.6831006463617086,0.0
double_dqn,803,502,63.73622602969408,81.92304845921696,26.051760897040367,37.68446505069733,1.3776914374902844,14020.177688598633,0.0,19.0,0.0,0.0,0.050000000000000044,2.2993281967937946,2.2993281967937946,0.0
double_dqn,803,503,71.13919927179813,81.34708701424302,27.078285798430443,44.06091359257698,1.442239542491734,15057.103256225586,0.0,21.0,0.0,0.0,0.050000000000000044,1.7806064505130053,1.7806064505130053,0.0
double_dqn,803,504,84.6192744910717,80.9201638879627,28.584945268929005,56.034329468011855,1.4913069196045399,15876.889720916748,0.0,26.0,0.0,1.0,0.050000000000000044,1.828122379258275,1.828122379258275,0.0
double_dqn,803,505,70.37703141719103,80.31326183892787,25.942904718220234,44.4341263115406,1.4207694167271256,14469.293849945068,0.0,23.0,0.0,2.0,0.050000000000000044,1.9630309343338013,1.9630309343338013,0.0
double_dqn,803,506,89.93486011326313,80.11860721819104,31.14153593033552,58.79332448840141,1.5673819445073605,17901.597869873047,0.0,26.0,0.0,3.0,0.050000000000000044,1.593001551926136,1.593001551926136,0.0
double_dqn,803,507,96.83741402029992,80.98688886992635,32.76033592224121,64.07707781493664,1.5590108027681708,18651.0883102417,0.0,28.0,0.0,2.0,0.050000000000000044,1.4470765888690948,1.4470765888690948,0.0
double_dqn,803,508,103.0805662125349,81.53612748466432,33.7961415424943,69.28442460298538,1.615033413283527,18997.889625549316,0.0,29.0,0.0,0.0,0.050000000000000044,2.2111948169767857,2.2111948169767857,0.0
double_dqn,803,509,68.72416404634714,81.29056905925275,26.28280821442604,42.44135603308678,1.4417795818299055,14947.131031036377,0.0,21.0,0.0,2.0,0.050000000000000044,2.186353523284197,2.186353523284197,0.0
double_dqn,803,510,83.65087672322989,81.36359840400517,29.715002179145813,53.93587443232536,1.5188742959871888,16518.343593597412,0.0,24.0,0.0,1.0,0.050000000000000044,2.3006978407502174,2.3006978407502174,0.0
double_dqn,803,511,72.90429231524467,80.62788602471352,26.928967490792274,45.97532470524311,1.45285530295223,15063.34878540039,0.0,23.0,0.0,0.0,0.050000000000000044,1.750053532421589,1.750053532421589,0.0
double_dqn,803,512,81.25550634413958,80.67400640524923,28.72582833468914,52.52967819571495,1.5053043318912387,16369.213932037354,0.0,22.0,0.0,1.0,0.050000000000000044,1.8759367279708385,1.8759367279708385,0.0
double_dqn,803,513,79.07044933140278,81.0465227982402,29.433776833117008,49.636671939492224,1.492697786539793,16410.50255203247,0.0,24.0,0.0,3.0,0.050000000000000044,2.010362394154072,2.010362394154072,0.0
double_dqn,803,514,78.93201945871115,80.17105817072095,28.28276017308235,50.649259278178214,1.4938349351286888,16209.251388549805,0.0,24.0,0.0,2.0,0.050000000000000044,1.6771886106580496,1.6771886106580496,0.0
double_dqn,803,515,82.13302532732487,80.79059943810107,29.797432884573936,52.33559199571609,1.4828684395179152,16479.598949432373,0.0,24.0,0.0,1.0,0.050000000000000044,2.0350348986685276,2.0350348986685276,0.0
double_dqn,803,516,87.20659174919129,80.63490778282286,28.06986354291439,59.136728370189665,1.4565921612083912,15634.045948028564,0.0,27.0,0.0,1.0,0.050000000000000044,2.1717158891260624,2.1717158891260624,0.0
double_dqn,803,517,92.37987973093986,81.39215293951335,31.07673116773367,61.303149330615994,1.550523734651506,17587.12623977661,0.0,28.0,0.0,2.0,0.050000000000000044,1.4852984100580215,1.4852984100580215,0.0
double_dqn,803,518,101.97532402276993,82.77549522839487,35.04006603360176,66.93525784015655,1.6325424360111356,19892.23812866211,0.0,29.0,0.0,2.0,0.050000000000000044,2.0573494900017977,2.0573494900017977,0.0
double_dqn,803,519,95.38199246227741,83.29582612253725,33.12234936654568,62.2596434533596,1.5944951949641109,18647.825958251953,0.0,26.0,0.0,3.0,0.050000000000000044,2.082066562026739,2.082066562026739,0.0
double_dqn,803,520,90.13890741020441,84.17934337779879,33.584787629544735,56.554119646549225,1.607852203771472,19337.91788482666,0.0,25.0,0.0,0.0,0.050000000000000044,1.4391104839742184,1.4391104839742184,0.0
double_dqn,803,521,85.52498402744531,83.95012922525406,32.43344084173441,53.091543573141095,1.5698952618986368,18611.638675689697,0.0,23.0,0.0,2.0,0.050000000000000044,1.842791624367237,1.842791624367237,0.0
double_dqn,803,522,58.749483841657636,83.70079211585224,24.61769200861454,34.13179211616516,1.349374989978969,13504.808151245117,0.0,18.0,0.0,2.0,0.050000000000000044,1.907797634601593,1.907797634601593,0.0
double_dqn,803,523,69.20637910962105,83.60415110774338,26.681310676038265,42.525068232417105,1.420061944052577,14822.16763305664,0.0,22.0,0.0,1.0,0.050000000000000044,2.322113811969757,2.322113811969757,0.0
double_dqn,803,524,73.56540196537972,83.0514574814588,27.46697962284088,46.09842198491096,1.44074038695544,15167.948421478271,0.0,23.0,0.0,2.0,0.050000000000000044,1.657534258440137,1.657534258440137,0.0
double_dqn,803,525,76.22040020674467,83.34362592093647,26.98714452981949,49.233255952596664,1.4394832383841276,14966.901443481445,0.0,25.0,0.0,0.0,0.050000000000000044,1.8720294777303934,1.8720294777303934,0.0
double_dqn,803,526,69.7932991862297,82.3365478745848,24.5432563200593,45.250042396783826,1.3769055576995015,13492.232135772705,0.0,22.0,0.0,2.0,0.050000000000000044,2.084149729460478,2.084149729460478,0.0
double_dqn,803,527,91.31088742613792,82.0602215448767,32.18684343993664,59.12404452264309,1.5586000196635723,18010.131103515625,0.0,27.0,0.0,3.0,0.050000000000000044,1.9778158701956272,1.9778158701956272,0.0
double_dqn,803,528,72.8232622295618,80.54735634572805,29.36223414540291,43.46102827787399,1.4831340117380023,16328.769023895264,0.0,21.0,0.0,0.0,0.050000000000000044,2.215269513428211,2.215269513428211,0.0
double_dqn,803,529,85.17969996631146,81.37013314172626,30.13401198387146,55.04568804204464,1.499149895273149,16420.223140716553,0.0,25.0,0.0,1.0,0.050000000000000044,2.215688241645694,2.215688241645694,0.0
double_dqn,803,530,72.18487630188466,80.796833120659,27.926050633192062,44.25882566869259,1.4533243598416448,15419.429023742676,0.0,22.0,0.0,1.0,0.050000000000000044,1.8510976545512676,1.8510976545512676,0.0
double_dqn,803,531,81.65331162512302,81.23428408615293,28.934989631175995,52.71832051873207,1.483334431424737,16481.60251235962,0.0,25.0,0.0,0.0,0.050000000000000044,1.777770034968853,1.777770034968853,0.0
double_dqn,803,532,82.36595350503922,81.28980644419791,29.545011803507805,52.82094171643257,1.5026402939110994,16331.99660873413,0.0,24.0,0.0,0.0,0.050000000000000044,1.6432848423719406,1.6432848423719406,0.0
double_dqn,803,533,97.66319447755814,82.21944370150565,33.22623857855797,64.43695625662804,1.5740363979712129,18651.261463165283,0.0,30.0,0.0,1.0,0.050000000000000044,1.7289309650659561,1.7289309650659561,0.0
double_dqn,803,534,78.25284622609615,82.18548503987492,26.70785231143236,51.54499390721321,1.468273556791246,15282.622657775879,0.0,26.0,0.0,0.0,0.050000000000000044,1.7137978430837393,1.7137978430837393,0.0
double_dqn,803,535,93.46426896154881,82.75204722158611,33.41241670399904,60.051852786540984,1.5834474824368954,18401.71733856201,0.0,27.0,0.0,1.0,0.050000000000000044,2.117390640079975,2.117390640079975,0.0
double_dqn,803,536,74.64610135555267,82.12402270190418,28.70905591547489,45.93704549968243,1.4439887925982475,16625.521532058716,0.0,24.0,0.0,0.0,0.050000000000000044,1.626620203256607,1.626620203256607,0.0
double_dqn,803,537,81.767632240057,81.59341032736003,28.65010166168213,53.11753008663654,1.520640010945499,16352.00410079956,0.0,24.0,0.0,1.0,0.050000000000000044,1.9003983158618212,1.9003983158618212,0.0
double_dqn,803,538,96.81554027795792,81.33542114011945,33.12119433283806,63.69434572160244,1.6096169790253043,18761.29930496216,0.0,28.0,0.0,1.0,0.050000000000000044,2.2732472084462643,2.2732472084462643,0.0
double_dqn,803,539,84.70444407612085,80.80154372081162,28.231284707784653,56.47315879464149,1.4531374415382743,15673.851013183594,0.0,26.0,0.0,2.0,0.050000000000000044,1.6242344938218594,1.6242344938218594,0.0
double_dqn,803,540,68.71372076421976,79.73028438851239,26.01865168660879,42.695069316029546,1.429962458088994,14756.902082443237,0.0,20.0,0.0,3.0,0.050000000000000044,2.098445078358054,2.098445078358054,0.0
double_dqn,803,541,78.92357493937016,79.40021393410862,26.856978520751,52.06659612059593,1.446386338211596,15370.232456207275,0.0,24.0,0.0,1.0,0.050000000000000044,1.7098036762326956,1.7098036762326956,0.0
double_dqn,803,542,96.2959763854742,81.27753856129944,31.698177710175514,64.5977993607521,1.5716470647603273,17783.730932235718,0.0,27.0,0.0,1.0,0.050000000000000044,1.89473008364439,1.89473008364439,0.0
double_dqn,803,543,81.53940356075763,81.89418978385626,29.156049974262714,52.38335375785827,1.489648912101984,15825.886890411377,0.0,25.0,0.0,2.0,0.050000000000000044,1.5498352125287056,1.5498352125287056,0.0
double_dqn,803,544,79.56632425785065,82.19423589847983,30.032116182148457,49.53420857489109,1.5240882840007544,17031.992237091064,0.0,25.0,0.0,1.0,0.050000000000000044,2.139651231467724,2.139651231467724,0.0
double_dqn,803,545,51.71139892190695,80.96878583423793,24.49186212569475,27.21953673660755,1.373140192590654,14294.839818954468,0.0,15.0,0.0,0.0,0.050000000000000044,2.023757256567478,2.023757256567478,0.0
double_dqn,803,546,89.32027506828308,81.9451346283406,30.29684281349182,59.02343167364597,1.5454887328669429,17219.10611152649,0.0,27.0,0.0,0.0,0.050000000000000044,2.056486662477255,2.056486662477255,0.0
double_dqn,803,547,64.70739338546991,80.61495992630721,24.717128537595272,39.9902648627758,1.3619469935074449,13642.774868011475,0.0,21.0,0.0,0.0,0.050000000000000044,1.7098033968359232,1.7098033968359232,0.0
double_dqn,803,548,68.9290267020464,80.42024814993144,28.796829752624035,40.132197150588034,1.5014336733147502,16456.16205596924,0.0,21.0,0.0,1.0,0.050000000000000044,1.8965499382466078,1.8965499382466078,0.0
double_dqn,803,549,88.04372227191925,80.56344926521183,30.555289015173912,57.48843291401863,1.5316100791096687,17257.713653564453,0.0,25.0,0.0,1.0,0.050000000000000044,2.0265269465744495,2.0265269465744495,0.0
double_dqn,803,550,87.88135522603989,81.34827321141958,31.130193203687668,56.75116166472435,1.521182905882597,17234.19329071045,0.0,26.0,0.0,0.0,0.050000000000000044,2.0492640547454357,2.0492640547454357,0.0
double_dqn,803,551,83.16597052663565,81.42390615649522,31.73305893689394,51.43291187286377,1.5557613782584667,17770.322902679443,0.0,23.0,0.0,0.0,0.050000000000000044,1.7756618671119213,1.7756618671119213,0.0
double_dqn,803,552,95.6785701751709,82.0895369900018,33.29919923841953,62.37937117516994,1.6090702610090375,19052.5302734375,0.0,30.0,0.0,2.0,0.050000000000000044,1.6636411752551794,1.6636411752551794,0.0
double_dqn,803,553,80.82731665223837,81.24774309873581,27.887375697493553,52.939940850436685,1.458730016835034,15338.534070968628,0.0,24.0,0.0,2.0,0.050000000000000044,2.0420014075934887,2.0420014075934887,0.0
double_dqn,803,554,60.29859798401594,80.35003068663181,24.017248548567295,36.28134949505329,1.3764302134513855,13605.915992736816,0.0,19.0,0.0,1.0,0.050000000000000044,1.7632455956190825,1.7632455956190825,0.0
double_dqn,803,555,75.20440236479044,79.43703735679388,28.531669966876507,46.67273257672787,1.5039916718378663,16971.661624908447,0.0,23.0,0.0,3.0,0.050000000000000044,1.8244557958096266,1.8244557958096266,0.0
double_dqn,803,556,76.49070075154305,79.5292673265934,30.839412286877632,45.651288121938705,1.5010079173371196,17185.956398010254,0.0,20.0,0.0,0.0,0.050000000000000044,1.8217985853552818,1.8217985853552818,0.0
double_dqn,803,557,82.68281900137663,79.57502666465939,29.298032484948635,53.38478636741638,1.51877651643008,16518.873878479004,0.0,24.0,0.0,1.0,0.050000000000000044,1.7164032701402903,1.7164032701402903,0.0
double_dqn,803,558,79.38447756320238,78.7034735289216,30.143057204782963,49.24141988158226,1.4891734905540943,16800.89977455139,0.0,21.0,0.0,0.0,0.050000000000000044,2.165074849501252,2.165074849501252,0.0
double_dqn,803,559,86.41508331298829,78.78900549076498,30.39462860673666,56.02045434117317,1.5056926850229502,16814.44899749756,0.0,26.0,0.0,1.0,0.050000000000000044,1.9304828643798828,1.9304828643798828,0.0
double_dqn,803,560,92.83100874722004,79.99486988991501,33.35993340611458,59.4710753262043,1.6069134958088398,18960.907779693604,0.0,26.0,0.0,0.0,0.050000000000000044,1.4391545057296753,1.4391545057296753,0.0
double_dqn,803,561,93.47065808922052,80.72222404740752,29.88042215257883,63.59023577272892,1.5348297599703074,17485.391567230225,0.0,27.0,0.0,2.0,0.050000000000000044,1.5735144671052694,1.5735144671052694,0.0
double_dqn,803,562,85.33504337072372,80.17417739666999,30.278979070484638,55.056064784526825,1.521890176460147,16580.945358276367,0.0,26.0,0.0,0.0,0.050000000000000044,1.9097756650298834,1.9097756650298834,0.0
double_dqn,803,563,83.50836699455976,80.2726255683601,28.28023784607649,55.22812883555889,1.4830200280994177,15774.672966003418,0.0,27.0,0.0,1.0,0.050000000000000044,1.9339234083890915,1.9339234083890915,0.0
double_dqn,803,564,80.84668610990047,80.33664366096258,27.204764015972614,53.64192193746567,1.449349120259285,15173.807666778564,0.0,26.0,0.0,0.0,0.050000000000000044,1.9463289249688387,1.9463289249688387,0.0
double_dqn,803,565,92.34680994004012,82.36841421186924,32.70352268964052,59.64328714609146,1.6127082658931613,18539.19027709961,0.0,28.0,0.0,3.0,0.050000000000000044,1.8422612138092518,1.8422612138092518,0.0
double_dqn,803,566,82.2860953450203,82.01670522570612,31.282616302371025,51.00347965359688,1.5673859724774957,18327.60633468628,0.0,23.0,0.0,1.0,0.050000000000000044,2.086559735238552,2.086559735238552,0.0
double_dqn,803,567,74.153678008914,82.48901945687831,29.304118052124977,44.84955967366695,1.50872721709311,16785.723350524902,0.0,21.0,0.0,2.0,0.050000000000000044,1.9015936851501465,1.9015936851501465,0.0
double_dqn,803,568,63.82893016189337,82.23401462987067,25.684095844626427,38.1448340266943,1.3939375411719084,14287.834232330322,0.0,20.0,0.0,0.0,0.050000000000000044,2.0399582721292973,2.0399582721292973,0.0
double_dqn,803,569,83.92990315109492,82.02832367382945,29.95299006253481,53.97691293954849,1.492062616162002,16704.492824554443,0.0,24.0,0.0,1.0,0.050000000000000044,2.2373014464974403,2.2373014464974403,0.0
double_dqn,803,570,83.50836402922869,81.80967411398889,30.318814784288406,53.18954944610596,1.5173112284392118,17131.743061065674,0.0,23.0,0.0,0.0,0.050000000000000044,1.8807213176041842,1.8807213176041842,0.0
double_dqn,803,571,81.61493559926748,81.73212236762046,30.76500802487135,50.84992781281471,1.5050541665405035,17082.81976699829,0.0,26.0,0.0,0.0,0.050000000000000044,1.7061374932527542,1.7061374932527542,0.0
double_dqn,803,572,69.8905929774046,80.44272350773215,25.478573217988014,44.412019699811935,1.4215568332001567,14666.760181427002,0.0,23.0,0.0,1.0,0.050000000000000044,1.296205323189497,1.296205323189497,0.0
double_dqn,803,573,81.98146911114455,80.50043113067747,29.284576885402203,52.696892195940016,1.4902636520564556,16309.405281066895,0.0,24.0,0.0,1.0,0.050000000000000044,1.9820861276239157,1.9820861276239157,0.0
double_dqn,803,574,81.50126341879368,81.56056440241636,29.79447242617607,51.70679106712341,1.5152999563142657,16631.849933624268,0.0,24.0,0.0,1.0,0.050000000000000044,2.058645762503147,2.058645762503147,0.0
double_dqn,803,575,85.86834710091352,82.09376163922252,31.30978950113058,54.5585578083992,1.5477536553516984,17911.1862449646,0.0,24.0,0.0,0.0,0.050000000000000044,1.6788422279059887,1.6788422279059887,0.0
double_dqn,803,576,64.2856506869197,81.48350913599135,27.49007322639227,36.79557772874832,1.4505496574565768,15134.931541442871,0.0,18.0,0.0,2.0,0.050000000000000044,2.251672886312008,2.251672886312008,0.0
double_dqn,803,577,85.73322640508414,81.63602950617673,31.28518755733967,54.44803867638111,1.5197334522381425,17157.978343963623,0.0,25.0,0.0,2.0,0.050000000000000044,1.960315939038992,1.960315939038992,0.0
double_dqn,803,578,90.3132846146822,82.18246985875071,30.662619575858116,59.65066517293453,1.5768904220312834,17829.005626678467,0.0,27.0,0.0,1.0,0.050000000000000044,1.9375149980187416,1.9375149980187416,0.0
double_dqn,803,579,76.45556678026915,81.68449403211477,27.54134078323841,48.91422628760338,1.440458389930427,15031.003952026367,0.0,22.0,0.0,1.0,0.050000000000000044,1.8999586161226034,1.8999586161226034,0.0
double_dqn,803,580,106.03270497918129,82.34457884371282,33.872250854969025,72.16045427322388,1.5962012987583876,19212.95037460327,0.0,31.0,0.0,0.0,0.050000000000000044,1.70000902377069,1.70000902377069,0.0
double_dqn,803,581,94.42516124546528,82.39230400152505,29.936373323202133,64.48878801167011,1.5420264042913914,16872.030002593994,0.0,29.0,0.0,2.0,0.050000000000000044,1.7486962992697954,1.7486962992697954,0.0
double_dqn,803,582,62.63042759895325,81.25707321293652,26.156322434544563,36.474105924367905,1.4214827213436365,14988.128318786621,0.0,20.0,0.0,0.0,0.050000000000000044,1.9289239402860403,1.9289239402860403,0.0
double_dqn,803,583,78.46556045264006,81.00493288584053,29.035356268286705,49.43020443022251,1.4919316992163658,16462.334957122803,0.0,25.0,0.0,2.0,0.050000000000000044,2.0035382248461246,2.0035382248461246,0.0
double_dqn,803,584,67.27612248957158,80.3264047048241,25.62614017724991,41.64998213350773,1.4074597042053938,14289.146369934082,0.0,22.0,0.0,2.0,0.050000000000000044,1.8353632278740406,1.8353632278740406,0.0
double_dqn,803,585,67.32439343631268,79.07528387963774,25.96697686612606,41.35741664469242,1.4366074418649077,15185.609664916992,0.0,22.0,0.0,1.0,0.050000000000000044,1.9525167122483253,1.9525167122483253,0.0
double_dqn,803,586,84.68128786236048,79.19504350550474,29.41522876173258,55.26605972647667,1.4979935865849257,16740.705207824707,0.0,25.0,0.0,1.0,0.050000000000000044,1.858318142592907,1.858318142592907,0.0
double_dqn,803,587,70.2892747297883,79.00182334154844,26.18602880090475,44.103245943784714,1.4233515383675694,14502.999362945557,0.0,23.0,0.0,0.0,0.050000000000000044,2.2540734708309174,2.2540734708309174,0.0
double_dqn,803,588,60.15667401999235,78.8182105344534,24.72849180549383,35.42818260192871,1.3913960233330727,14171.071857452393,0.0,19.0,0.0,0.0,0.050000000000000044,1.7352221831679344,1.7352221831679344,0.0
double_dqn,803,589,79.93147318810225,78.61828903630376,29.70556155592203,50.22591182589531,1.4995428370311856,16641.0834274292,0.0,23.0,0.0,0.0,0.050000000000000044,1.7586212158203125,1.7586212158203125,0.0
double_dqn,803,590,80.38220710456372,78.46198119007052,28.536010891199112,51.84619604945183,1.4811566201969981,15772.658039093018,0.0,24.0,0.0,1.0,0.050000000000000044,2.1330843195319176,2.1330843195319176,0.0
double_dqn,803,591,89.50879421830177,78.85667412102222,30.192707799375057,59.31608606874943,1.5302238296717405,17054.522567749023,0.0,28.0,0.0,2.0,0.050000000000000044,1.9960243850946426,1.9960243850946426,0.0
double_dqn,803,592,98.61637596786022,80.29296327054502,33.61342704296112,65.00294856727123,1.6218792656436563,19419.479656219482,0.0,28.0,0.0,1.0,0.050000000000000044,2.0604719631373882,2.0604719631373882,0.0
double_dqn,803,593,77.78929498493672,80.08335456423461,28.120270401239395,49.66902446448803,1.4377202317118645,15763.916290283203,0.0,23.0,0.0,3.0,0.050000000000000044,1.8691114410758018,1.8691114410758018,0.0
double_dqn,803,594,95.69180040061474,80.79288141332566,31.315130829811096,64.37666983902454,1.5635148948058486,17758.405715942383,0.0,29.0,0.0,0.0,0.050000000000000044,1.7410017028450966,1.7410017028450966,0.0
double_dqn,803,595,96.8342854693532,81.34117833174766,33.1210810020566,63.713204675912856,1.6129590924829245,18624.15398788452,0.0,29.0,0.0,3.0,0.050000000000000044,1.5868104714900255,1.5868104714900255,0.0
double_dqn,803,596,89.38151160031558,82.59597137741746,31.195011369884014,58.18650006651878,1.5645968550816178,17778.097229003906,0.0,26.0,0.0,2.0,0.050000000000000044,2.3980305939912796,2.3980305939912796,0.0
double_dqn,803,597,74.2378048837185,82.02120030134918,29.270214408636093,44.9675907433033,1.4848317177966237,16860.810546875,0.0,21.0,0.0,3.0,0.050000000000000044,1.7833631187677383,1.7833631187677383,0.0
double_dqn,803,598,82.21991284936666,81.61653171308339,30.36259076744318,51.857321947813034,1.5089510520920157,17124.368675231934,0.0,25.0,0.0,0.0,0.050000000000000044,1.9592216219753027,1.9592216219753027,0.0
double_dqn,803,599,82.17995411902666,81.90275108002126,27.243169277906418,54.93678456544876,1.4565026266500354,15472.16980934143,0.0,26.0,0.0,2.0,0.050000000000000044,1.8195324838161469,1.8195324838161469,0.0
