variant,model_seed,episode,cost,rolling_cost,immediate_cost,penalty,energy_use,latency_ms,thermal_violation,energy_violation,queue_violation,contact_violation,epsilon,loss,td_loss,auxiliary_loss
double_dqn,800,0,94.0885107010603,94.0885107010603,32.5539718195796,61.53453911244869,1.5966471321880817,19501.27227783203,0.0,27.0,0.0,1.0,0.9954761904761905,,,
double_dqn,800,1,128.3850552788421,111.2367829899512,38.924802139401436,89.46025351196967,1.817434954456985,23681.626007080078,0.0,33.0,7.0,0.0,0.9909523809523809,1.2640900611877441,1.2640900611877441,0.0
double_dqn,800,2,135.99080929555495,119.4881250918191,42.28894439339638,93.70186490215858,1.8254870530217886,25071.6439743042,0.0,34.0,11.0,1.0,0.9864285714285714,1.1481142193078995,1.1481142193078995,0.0
double_dqn,800,3,197.12242056135764,138.89669895920375,45.69337148964405,151.42904902701005,1.9816556554287672,27487.231861114502,0.0,38.0,26.0,3.0,0.981904761904762,1.1889162510633469,1.1889162510633469,0.0
double_dqn,800,4,126.37339404446512,136.39203797625603,42.05064341425896,84.3227516881886,1.8334336811676621,24512.450286865234,0.0,36.0,4.0,2.0,0.9773809523809524,1.1987519152462482,1.1987519152462482,0.0
double_dqn,800,5,124.640843886137,134.43350562790286,41.682585686445236,82.95825806558132,1.7404389306902885,23549.853023529053,0.0,34.0,0.0,2.0,0.9728571428571429,0.899322584271431,0.899322584271431,0.0
double_dqn,800,6,117.81376404124097,132.05925682980828,41.50248270481825,76.31128097879485,1.8106620917096734,24797.368133544922,0.0,29.0,14.0,1.0,0.9683333333333334,0.7410989180207253,0.7410989180207253,0.0
double_dqn,800,7,106.306675106287,128.84018411436813,35.27392089366913,71.03275460004807,1.7122670263051987,21751.319847106934,0.0,30.0,0.0,0.0,0.9638095238095238,0.721137223765254,0.721137223765254,0.0
double_dqn,800,8,126.5548864454031,128.58626215114978,45.79896692931652,80.75591917335987,1.78752910066396,25585.06314086914,0.0,34.0,0.0,0.0,0.9592857142857143,0.736701525747776,0.736701525747776,0.0
double_dqn,800,9,106.36005502939224,126.36364143897404,36.60700502991676,69.75304937362671,1.6610061405226588,21195.733402252197,0.0,30.0,0.0,0.0,0.9547619047619048,0.474496690556407,0.474496690556407,0.0
double_dqn,800,10,168.3891341028662,130.18414077205514,43.70087996125221,124.68825426082331,1.8465299969539046,25724.374938964844,0.0,36.0,25.0,1.0,0.9502380952380952,0.3193449340760708,0.3193449340760708,0.0
double_dqn,800,11,110.20924859791994,128.51956642421052,35.54038693010807,74.66886154860258,1.6978493183851242,21238.86501312256,0.0,31.0,0.0,2.0,0.9457142857142857,0.2747875265777111,0.2747875265777111,0.0
double_dqn,800,12,103.66674553602934,126.60781097127352,37.744524113833904,65.9222207069397,1.6737524839118123,22512.776077270508,0.0,27.0,0.0,1.0,0.9411904761904761,0.25375645514577627,0.25375645514577627,0.0
double_dqn,800,13,120.49240297079086,126.17099611409618,40.94164726138115,79.55075532197952,1.7679599514231086,23874.64670562744,0.0,33.0,0.0,0.0,0.9366666666666666,0.19321121275424957,0.19321121275424957,0.0
double_dqn,800,14,102.73078003525734,124.6083150421736,38.11715644598007,64.61362375319004,1.7545104268938303,22920.704845428467,0.0,28.0,0.0,1.0,0.9321428571428572,0.16403200943022966,0.16403200943022966,0.0
double_dqn,800,15,158.07638166482812,126.70006920608951,42.2532302737236,115.82315125699404,1.8694346826523542,25272.629264831543,0.0,35.0,27.0,1.0,0.9276190476190476,0.5008630966767669,0.5008630966767669,0.0
double_dqn,800,16,132.48992580668093,127.0406490061243,41.303146094083786,91.18677968279482,1.8217249754816294,24641.985038757324,0.0,38.0,8.0,2.0,0.9230952380952381,0.5252784341573715,0.5252784341573715,0.0
double_dqn,800,17,111.45326128005982,126.17468302134294,39.454117715358734,71.99914413094521,1.7528589516878128,23099.42590713501,0.0,30.0,0.0,2.0,0.9185714285714286,0.30474019423127174,0.30474019423127174,0.0
double_dqn,800,18,123.25441689019364,126.02098480391403,44.335659727454185,78.9187572223441,1.7856672499328852,25553.918659210205,0.0,31.0,12.0,0.0,0.914047619047619,0.24811310973018408,0.24811310973018408,0.0
double_dqn,800,19,151.59366990140913,127.29961905878879,44.447597056627274,107.14607306829927,1.9531056974083185,27114.680404663086,0.0,35.0,13.0,1.0,0.9095238095238095,0.23330800235271454,0.23330800235271454,0.0
double_dqn,800,20,103.32903140187264,127.7616450938294,35.68535654246807,67.64367518723012,1.6066199727356434,20654.39595413208,0.0,30.0,0.0,2.0,0.905,0.20119756273925304,0.20119756273925304,0.0
double_dqn,800,21,138.60130182753014,128.27245742126382,38.17453646659851,100.42676534603045,1.7694525308907032,23194.918560028076,0.0,34.0,20.0,1.0,0.9004761904761904,0.22344365436583757,0.22344365436583757,0.0
double_dqn,800,22,112.31644365426152,127.08873913919913,38.923225082457066,73.39321869101374,1.7582495445385575,23403.840705871582,0.0,31.0,4.0,1.0,0.895952380952381,0.17039857478812337,0.17039857478812337,0.0
double_dqn,800,23,128.243905479618,123.64481338511216,43.70140590518713,84.54249995441053,1.824130973778665,25215.277000427246,0.0,35.0,16.0,1.0,0.8914285714285715,0.55785305891186,0.55785305891186,0.0
double_dqn,800,24,139.31149025632493,124.29171819570516,42.14537073671818,97.16611895336263,1.8220444433391094,24873.033840179443,0.0,38.0,17.0,0.0,0.8869047619047619,0.4998754281550646,0.4998754281550646,0.0
double_dqn,800,25,98.25953693687916,122.97265284824225,34.54034459590912,63.719191908836365,1.612377092242241,20286.038990020752,0.0,29.0,0.0,0.0,0.8823809523809524,0.3345957547426224,0.3345957547426224,0.0
double_dqn,800,26,121.98798043107975,123.18136366773419,42.557871386408806,79.43010922348489,1.764576343819499,24618.132320404053,0.0,33.0,6.0,0.0,0.8778571428571429,0.2814843347296119,0.2814843347296119,0.0
double_dqn,800,27,133.39764811264476,124.53591231805208,39.0100494325161,94.38759857582052,1.868468607775867,24136.748046875,0.0,33.0,12.0,1.0,0.8733333333333333,0.27441706834360957,0.27441706834360957,0.0
double_dqn,800,28,117.50606364011765,124.0834711777878,40.490867003798485,77.01519668102264,1.7816590052098036,23840.494956970215,0.0,34.0,0.0,0.0,0.8688095238095238,0.2850090218707919,0.2850090218707919,0.0
double_dqn,800,29,131.5549074218687,125.34321379741164,40.08072009682655,91.47418690780964,1.8927505649626255,24498.191612243652,0.0,35.0,8.0,1.0,0.8642857142857143,0.3015343174338341,0.3015343174338341,0.0
double_dqn,800,30,129.9013463381443,123.41882440917554,40.46465639770031,89.43669052158926,1.8203636948019266,24047.102115631104,0.0,37.0,12.0,0.0,0.8597619047619047,0.3676285305991769,0.3676285305991769,0.0
double_dqn,800,31,110.79417692124844,123.44807082534196,37.534954100847244,73.25922213494778,1.7525624120607972,22086.015691757202,0.0,32.0,0.0,2.0,0.8552380952380952,0.634320673532784,0.634320673532784,0.0
double_dqn,800,32,111.50100015103817,123.8397835560924,36.586703799664974,74.9142961204052,1.7379375444725156,22211.725677490234,0.0,32.0,0.0,1.0,0.8507142857142858,0.4707457283511758,0.4707457283511758,0.0
double_dqn,800,33,115.17267262935638,123.57379703902068,40.30871254205704,74.86395946145058,1.688058448024094,22682.420139312744,0.0,31.0,0.0,0.0,0.8461904761904762,0.4048447497189045,0.4048447497189045,0.0
double_dqn,800,34,102.55977368354797,123.56524672143522,37.71226470172405,64.84750887751579,1.7158284448087215,21894.524919509888,0.0,29.0,0.0,0.0,0.8416666666666667,0.34148624259978533,0.34148624259978533,0.0
double_dqn,800,35,175.91761637830768,124.45730845710918,46.670510187745094,129.24710614585905,1.9492799583822489,27530.695472717285,0.0,36.0,28.0,0.0,0.8371428571428572,0.3492200914770365,0.3492200914770365,0.0
double_dqn,800,36,120.42558418512344,123.85409137603133,37.68043573200703,82.74514812529087,1.7248593727126718,22166.927463531494,0.0,36.0,0.0,2.0,0.8326190476190476,0.2513968590646982,0.2513968590646982,0.0
double_dqn,800,37,95.91511577367783,123.07718410071223,34.53796064853668,61.37715420126915,1.598556399345398,19976.805980682373,0.0,27.0,0.0,1.0,0.8280952380952381,0.2635854175314307,0.2635854175314307,0.0
double_dqn,800,38,128.22311934883703,123.3256192236444,39.50122168660164,88.72189745361914,1.871704200282693,23856.25556564331,0.0,34.0,7.0,2.0,0.8235714285714286,0.33497896511107683,0.33497896511107683,0.0
double_dqn,800,39,118.29022974073887,121.66044721561089,41.96096569299698,76.32926485240459,1.7969697024673223,24560.09351348877,0.0,31.0,0.0,2.0,0.819047619047619,0.737572374753654,0.737572374753654,0.0
double_dqn,800,40,127.99543006122113,122.8937671485783,43.29625603556633,84.6991743683815,1.8419110225513577,25450.73044204712,0.0,35.0,0.0,1.0,0.8145238095238095,0.5518908239901066,0.5518908239901066,0.0
double_dqn,800,41,133.0816413674974,122.61778412557666,40.48340106010437,92.59824143988129,1.8258597142994404,23709.550384521484,0.0,38.0,5.0,0.0,0.81,0.4067298211157322,0.4067298211157322,0.0
double_dqn,800,42,128.47895073302956,123.42590947951507,39.7307605817914,88.74818974890677,1.7502735061571002,23046.265781402588,0.0,35.0,15.0,3.0,0.8054761904761905,0.4050292829051614,0.4050292829051614,0.0
double_dqn,800,43,130.02833762564737,123.51513108681654,37.38158583641052,92.64675175943451,1.8855330143123865,23462.028881072998,0.0,32.0,22.0,2.0,0.800952380952381,0.477647022344172,0.477647022344172,0.0
double_dqn,800,44,97.87093079090118,121.44310311354536,35.26106956601143,62.60986152291298,1.6384893311187625,20511.753561019897,0.0,26.0,0.0,1.0,0.7964285714285715,0.43867313116788864,0.43867313116788864,0.0
double_dqn,800,45,109.65598019957542,122.01292527668018,38.71045598387718,70.94552475214005,1.7570156902074814,23119.883083343506,0.0,30.0,0.0,2.0,0.7919047619047619,0.42439911141991615,0.42439911141991615,0.0
double_dqn,800,46,117.33390253782272,121.78022138201732,40.706395879387856,76.62750640511513,1.7746778773143888,23792.112663269043,0.0,33.0,0.0,0.0,0.7873809523809524,0.5331810871139169,0.5331810871139169,0.0
double_dqn,800,47,102.40274498611689,120.23047622569091,36.60296597331762,65.79977887868881,1.6352396635338664,21221.540321350098,0.0,28.0,0.0,1.0,0.7828571428571429,0.6791693177074194,0.6791693177074194,0.0
double_dqn,800,48,121.7327247262001,120.44180927999506,41.68180003762245,80.05092543363571,1.7611689204350114,23493.795219421387,0.0,34.0,0.0,0.0,0.7783333333333333,0.5003860862925649,0.5003860862925649,0.0
double_dqn,800,49,142.57690036866975,120.9929089273351,42.4888107329607,100.08809005294154,1.9093576595187187,25625.43034362793,0.0,35.0,14.0,1.0,0.7738095238095238,0.40811234433203936,0.40811234433203936,0.0
double_dqn,800,50,99.78571821153164,119.48712752100445,39.551727935671806,60.23398988842964,1.7183053521439433,22607.58917617798,0.0,27.0,0.0,1.0,0.7692857142857144,0.4414912601932883,0.4414912601932883,0.0
double_dqn,800,51,111.96582226455212,119.54570978816965,40.67018100619316,71.29564088582993,1.761189952492714,23519.656539916992,0.0,30.0,0.0,0.0,0.7647619047619048,0.5079906545579433,0.5079906545579433,0.0
double_dqn,800,52,120.41422714293003,119.99137113776423,41.222770899534225,79.19145533442497,1.759080589748919,23669.56956100464,0.0,34.0,0.0,0.0,0.7602380952380953,0.5160787515342236,0.5160787515342236,0.0
double_dqn,800,53,122.77942532300949,120.3717087724469,43.45151534676552,79.32790940999985,1.8159944070503116,25058.580081939697,0.0,33.0,0.0,1.0,0.7557142857142858,0.39533222559839487,0.39533222559839487,0.0
double_dqn,800,54,104.03332716226578,120.44538644638278,35.14176978170872,68.89155764877796,1.692168709821999,20627.80234146118,0.0,32.0,0.0,0.0,0.7511904761904762,0.6739453449845314,0.6739453449845314,0.0
double_dqn,800,55,129.27049375474454,118.11303031520463,41.32882398366928,87.94166905581952,1.790031141601503,23359.0832862854,0.0,37.0,0.0,1.0,0.7466666666666667,0.6535931844264269,0.6535931844264269,0.0
double_dqn,800,56,117.3719689399004,117.96034955294347,41.48112165927887,75.89084807038307,1.7762781996279955,24146.39462661743,0.0,32.0,0.0,0.0,0.7421428571428572,0.5064107142388821,0.5064107142388821,0.0
double_dqn,800,57,113.03368421792985,118.81627797515607,36.38005828857422,76.65362586975098,1.6753827957436442,20768.997997283936,0.0,32.0,0.0,2.0,0.7376190476190476,0.6000973898917437,0.6000973898917437,0.0
double_dqn,800,58,102.02427534759045,117.50633577509375,32.725055396556854,69.29921981692314,1.7488856399431825,20182.79542541504,0.0,30.0,0.0,1.0,0.7330952380952381,0.4857749380171299,0.4857749380171299,0.0
double_dqn,800,59,114.63224633932114,117.32343660502286,39.00068213045597,75.63156413435937,1.7323310002684593,22442.567554473877,0.0,32.0,0.0,1.0,0.7285714285714286,0.512433466501534,0.512433466501534,0.0
double_dqn,800,60,91.21757817268372,115.48454401059598,32.38719965517521,58.83037918806076,1.6348225437104702,19441.366020202637,0.0,26.0,0.0,1.0,0.724047619047619,0.6050255950540304,0.6050255950540304,0.0
double_dqn,800,61,91.16639246940613,113.38878156569142,35.154037334024906,56.012355187535285,1.658806067891419,20387.044897079468,0.0,25.0,0.0,2.0,0.7195238095238095,0.4734551487490535,0.4734551487490535,0.0
double_dqn,800,62,196.0570204114105,116.76768504961046,41.60870382189751,154.4483166491176,1.9785772264003754,25071.033237457275,0.0,39.0,35.0,3.0,0.7150000000000001,0.748975794762373,0.748975794762373,0.0
double_dqn,800,63,114.28930807113647,115.98073357188491,40.47937996685505,73.8099274635315,1.7407208811491728,22948.078226089478,0.0,31.0,0.0,1.0,0.7104761904761905,0.6887788157910109,0.6887788157910109,0.0
double_dqn,800,64,116.19602645337582,116.89698835500865,43.50294782221317,72.69307827353478,1.8336018491536379,24920.591625213623,0.0,32.0,0.0,1.0,0.7059523809523809,0.6810592599213123,0.6810592599213123,0.0
double_dqn,800,65,127.27544836103917,117.77796176308183,42.663445338606834,84.61200360357762,1.8745771693065763,25147.258766174316,0.0,36.0,0.0,1.0,0.7014285714285715,0.6260872567072511,0.6260872567072511,0.0
double_dqn,800,66,119.52916192412377,117.88772473239689,40.199977576732635,79.329184705019,1.7508148374035954,23207.27795791626,0.0,33.0,0.0,1.0,0.6969047619047619,0.4856802364811301,0.4856802364811301,0.0
double_dqn,800,67,100.377789221704,117.78647694417626,36.11341082304716,64.26437777280807,1.6734296577051282,20891.47681427002,0.0,29.0,0.0,1.0,0.6923809523809523,0.5053326804190874,0.5053326804190874,0.0
double_dqn,800,68,114.81269662082195,117.44047553890735,38.68284595012665,76.12985056638718,1.7806354248896241,22610.853532791138,0.0,31.0,0.0,0.0,0.687857142857143,0.6647300142794847,0.6647300142794847,0.0
double_dqn,800,69,107.57892888784409,115.69057696486607,34.84491089731455,72.7340176999569,1.789074177853763,21689.033164978027,0.0,32.0,0.0,0.0,0.6833333333333333,0.5004583839327097,0.5004583839327097,0.0
double_dqn,800,70,117.46025104224682,116.5743036064018,41.158997282385826,76.30125347673894,1.820067715831101,23845.054264068604,0.0,32.0,0.0,1.0,0.6788095238095238,0.8655097391456366,0.8655097391456366,0.0
double_dqn,800,71,84.71133483350278,115.21157923484934,31.154588922858238,53.55674567222595,1.511410620994866,17517.45160293579,0.0,24.0,0.0,1.0,0.6742857142857144,0.6193828862160444,0.6193828862160444,0.0
double_dqn,800,72,110.6016166165471,114.7209487085302,37.591719560325146,73.0098966538906,1.6955375410616398,21450.726833343506,0.0,31.0,0.0,4.0,0.6697619047619048,0.5571595570072532,0.5571595570072532,0.0
double_dqn,800,73,113.82613767683506,114.27328432622149,36.13293153047562,77.69320641458035,1.6966259628534317,21034.71251296997,0.0,33.0,0.0,1.0,0.6652380952380952,0.6794230742380023,0.6794230742380023,0.0
double_dqn,800,74,99.13706722855568,114.02847132953598,33.86201153695583,65.27505606412888,1.6068555833771825,19329.915008544922,0.0,29.0,0.0,0.0,0.6607142857142857,0.7603831309825182,0.7603831309825182,0.0
double_dqn,800,75,106.14553138613701,112.87222321110558,37.74408357590437,68.40144854784012,1.7044693166390061,21659.35757446289,0.0,30.0,0.0,1.0,0.6561904761904762,0.5266938488930464,0.5266938488930464,0.0
double_dqn,800,76,113.68917701393366,112.68808361480725,39.79444419592619,73.8947329223156,1.7208372261375189,22202.077684402466,0.0,33.0,0.0,0.0,0.6516666666666667,0.6374224592000246,0.6374224592000246,0.0
double_dqn,800,77,117.73249284327031,112.92302404607429,39.21426321566105,78.51822991073132,1.7572791008278728,22369.906826019287,0.0,33.0,0.0,1.0,0.6471428571428571,0.5930173005908728,0.5930173005908728,0.0
double_dqn,800,78,124.6629497947267,114.05495776843108,42.866615906357765,81.79633438010725,1.8529096217826009,24822.73112487793,0.0,34.0,5.0,0.0,0.6426190476190476,0.8048994764685631,0.8048994764685631,0.0
double_dqn,800,79,117.08215626627207,114.17745326477863,37.90163351595402,79.18052258640527,1.7048202995210886,21524.101795196533,0.0,34.0,0.0,2.0,0.6380952380952382,0.7511315606534481,0.7511315606534481,0.0
double_dqn,800,80,114.53777703642845,115.34346320796587,35.72216721624136,78.81561045348644,1.7327821673825383,21138.659969329834,0.0,34.0,0.0,1.0,0.6335714285714286,0.63357013463974,0.63357013463974,0.0
double_dqn,800,81,108.81726112961769,116.22600664097645,36.18960505723953,72.6276558637619,1.7372813140973449,21335.90305328369,0.0,31.0,0.0,0.0,0.6290476190476191,0.6763006439432502,0.6763006439432502,0.0
double_dqn,800,82,105.69639224112034,111.70797523246196,37.07805532962084,68.61833678483963,1.6942203864455223,21310.49412918091,0.0,29.0,0.0,2.0,0.6245238095238095,0.6355730090290308,0.6355730090290308,0.0
double_dqn,800,83,91.82572601735592,110.58479612977291,32.88531447947025,58.94041082262993,1.5668093767017126,18902.72885131836,0.0,27.0,0.0,0.0,0.62,0.6466442970559001,0.6466442970559001,0.0
double_dqn,800,84,110.96013695001602,110.32300165460492,37.03756786882877,73.92256942391396,1.676678135059774,20864.375453948975,0.0,32.0,0.0,0.0,0.6154761904761905,0.42886076867580414,0.42886076867580414,0.0
double_dqn,800,85,112.52836126089096,109.58564729959753,35.34475240111351,77.18360877037048,1.725447946228087,20992.899894714355,0.0,33.0,0.0,2.0,0.6109523809523809,0.7388334609568119,0.7388334609568119,0.0
double_dqn,800,86,123.5432014465332,109.78634927571798,41.71356888115406,81.82963210344315,1.8151497580111027,23796.85760116577,0.0,34.0,0.0,0.0,0.6064285714285714,0.9253750145435333,0.9253750145435333,0.0
double_dqn,800,87,129.44843220710754,111.23988142498817,41.41857719421387,88.02985505759716,1.8040460189804435,23190.68087387085,0.0,37.0,0.0,0.0,0.6019047619047619,0.7000197619199753,0.7000197619199753,0.0
double_dqn,800,88,103.47062724083662,110.67277795598889,39.98510171473026,63.48552532494068,1.6620879797264934,22251.607215881348,0.0,28.0,0.0,0.0,0.5973809523809523,0.6985773704946041,0.6985773704946041,0.0
double_dqn,800,89,109.54084828794002,110.77087392599371,37.114435113966465,72.42641313672065,1.6371098915114999,20900.43719100952,0.0,32.0,0.0,2.0,0.592857142857143,0.7204513922333717,0.7204513922333717,0.0
double_dqn,800,90,123.79549190402031,111.08763596908238,39.99820517003536,83.79728598892689,1.77548002358526,22827.49277496338,0.0,35.0,0.0,0.0,0.5883333333333334,0.591535578481853,0.591535578481853,0.0
double_dqn,800,91,115.09078152626753,112.6066083037206,38.926459826529026,76.1643216252327,1.8383190063759685,23361.92209625244,0.0,32.0,0.0,1.0,0.5838095238095238,0.7382940910756588,0.7382940910756588,0.0
double_dqn,800,92,93.62237666547298,111.7576463061669,33.35430508852005,60.268071323633194,1.596706809476018,19260.35496520996,0.0,26.0,0.0,0.0,0.5792857142857144,0.604688435792923,0.604688435792923,0.0
double_dqn,800,93,109.17114678025246,111.52489676133777,35.14076508581638,74.03038209676743,1.6744219176471233,20369.222421646118,0.0,31.0,0.0,0.0,0.5747619047619048,0.7607947215437889,0.7607947215437889,0.0
double_dqn,800,94,123.26420844495297,112.73125382215764,40.19026052951813,83.07394645512105,1.8394893454387784,23306.31003189087,0.0,35.0,0.0,2.0,0.5702380952380952,0.8781037386506796,0.8781037386506796,0.0
double_dqn,800,95,98.98599083125592,112.3732767944136,35.41851316392422,63.56747775673866,1.6502171428874135,20668.39340209961,0.0,28.0,0.0,1.0,0.5657142857142857,0.8309270460158587,0.8309270460158587,0.0
double_dqn,800,96,111.90936999478585,112.2842864434562,34.18260492384434,77.72676492192988,1.7351200934499502,20379.423179626465,0.0,32.0,4.0,1.0,0.5611904761904762,0.6796430423855782,0.6796430423855782,0.0
double_dqn,800,97,105.94346132278443,111.69483486743191,35.92951510846615,70.01394596099854,1.7672479869797826,21428.43000793457,0.0,30.0,0.0,2.0,0.5566666666666666,0.6998108560219407,0.6998108560219407,0.0
double_dqn,800,98,103.63353028893471,110.64336389214232,35.484215930104256,68.14931450784206,1.6701235575601459,20634.31365585327,0.0,32.0,0.0,1.0,0.5521428571428572,0.7370152110233903,0.7370152110233903,0.0
double_dqn,800,99,105.04048472642899,110.04128031515015,38.39878699183464,66.64169798791409,1.6808943301439285,21751.111568450928,0.0,28.0,0.0,0.0,0.5476190476190477,0.8483325485140085,0.8483325485140085,0.0
double_dqn,800,100,104.198051802814,109.52429405346943,36.087076149880886,68.11097544431686,1.6807814864441752,20766.939083099365,0.0,27.0,0.0,0.0,0.5430952380952381,0.7788880504667759,0.7788880504667759,0.0
double_dqn,800,101,125.14586594700813,110.34072429433895,40.76869733631611,84.37716919183731,1.8101784270256758,23188.71614074707,0.0,37.0,0.0,1.0,0.5385714285714286,0.6997889084741473,0.6997889084741473,0.0
double_dqn,800,102,106.90372779369355,110.40109107196761,35.04263278841972,71.86109531819821,1.6268163537606597,19713.088203430176,0.0,31.0,0.0,1.0,0.5340476190476191,0.6642087902873755,0.6642087902873755,0.0
double_dqn,800,103,124.90571741759777,112.0550906419797,39.19783568382263,85.70788165926933,1.812647646293044,22561.528324127197,0.0,35.0,0.0,0.0,0.5295238095238095,0.6844284925609827,0.6844284925609827,0.0
double_dqn,800,104,97.71248837560415,111.39270821325911,33.11902763694525,64.5934607386589,1.5852821161970496,18625.620121002197,0.0,29.0,0.0,1.0,0.525,0.7944952230900526,0.7944952230900526,0.0
double_dqn,800,105,109.09438143074513,111.22100922175181,33.62909726053476,75.46528423726559,1.6627520369365811,19766.83185005188,0.0,31.0,0.0,2.0,0.5204761904761905,0.7437286572530866,0.7437286572530866,0.0
double_dqn,800,106,99.94178893566132,110.04093859620824,33.5890691280365,66.35272040367127,1.641269107349217,19508.398792266846,0.0,29.0,0.0,1.0,0.5159523809523809,0.7976467180997133,0.7976467180997133,0.0
double_dqn,800,107,109.43069140762091,109.0400515562339,36.55415926128626,72.87653216123582,1.6984039591625333,21060.51720237732,0.0,31.0,0.0,1.0,0.5114285714285716,0.7094220872968435,0.7094220872968435,0.0
double_dqn,800,108,99.21170638799667,108.82710551359189,35.27581661939621,63.93588872551918,1.668064379133284,20531.734466552734,0.0,28.0,0.0,2.0,0.506904761904762,0.8371583158150315,0.8371583158150315,0.0
double_dqn,800,109,93.1988000959158,108.0100031039907,34.31699787080288,58.88180229961872,1.6298851016908884,19575.811336517334,0.0,27.0,0.0,1.0,0.5023809523809524,0.9661720609292388,0.9661720609292388,0.0
double_dqn,800,110,99.98226701617241,106.81934185959828,35.64124235510826,64.3410247206688,1.6409619422629476,20184.081958770752,0.0,29.0,0.0,1.0,0.4978571428571429,0.8874534927308559,0.8874534927308559,0.0
double_dqn,800,111,121.88683591187001,107.15914457887841,40.652523174881935,81.23431281149388,1.8242875933647156,24045.55018234253,0.0,33.0,0.0,2.0,0.4933333333333334,0.6671468503773212,0.6671468503773212,0.0
double_dqn,800,112,132.26718518137932,109.09138500467373,42.412940204143524,89.85424593091011,1.8317519463598728,24138.045379638672,0.0,37.0,0.0,0.0,0.4888095238095238,0.7487692218273878,0.7487692218273878,0.0
double_dqn,800,113,99.83399174362421,108.62452725284234,32.615431882441044,67.21855935454369,1.6812346065416932,19733.17068862915,0.0,28.0,0.0,0.0,0.4842857142857143,0.7527672313153744,0.7527672313153744,0.0
double_dqn,800,114,116.1755373120308,108.2700936961962,38.37479139864445,77.80074642002583,1.711697549559176,21445.746654510498,0.0,33.0,0.0,1.0,0.4797619047619047,0.8553010690957308,0.8553010690957308,0.0
double_dqn,800,115,103.82203994691372,108.51189615197909,34.467705592513084,69.35433416068554,1.6813940927386284,19863.343338012695,0.0,29.0,0.0,1.0,0.47523809523809524,0.7703433372080326,0.7703433372080326,0.0
double_dqn,800,116,103.16356017440557,108.07460566096009,34.80388865619898,68.35967157781124,1.6005621617659926,19586.06593322754,0.0,30.0,0.0,1.0,0.47071428571428575,0.765392160974443,0.765392160974443,0.0
double_dqn,800,117,111.04605849087238,108.32973551936448,36.98390580713749,74.06215313076973,1.6474719950929284,20389.280237197876,0.0,33.0,0.0,2.0,0.46619047619047627,0.9235171377658844,0.9235171377658844,0.0
double_dqn,800,118,93.71537941098214,107.83382797546685,36.141035944223404,57.57434348165989,1.6174558671191335,20294.582061767578,0.0,27.0,0.0,2.0,0.46166666666666667,0.9276353884488344,0.9276353884488344,0.0
double_dqn,800,119,98.89458102732897,107.52653279051185,34.42943698167801,64.46514381468296,1.6791753303259611,19890.4158744812,0.0,28.0,0.0,0.0,0.4571428571428572,0.7982991561293602,0.7982991561293602,0.0
double_dqn,800,120,102.06432241201401,107.41984632097186,35.864847116172314,66.19947445392609,1.6522643966600299,20312.544052124023,0.0,29.0,0.0,0.0,0.4526190476190477,1.0453993156552315,1.0453993156552315,0.0
double_dqn,800,121,85.30299460887909,105.4277027540654,31.089433416724205,54.213560581207275,1.530219053849578,17273.92987060547,0.0,24.0,0.0,0.0,0.4480952380952381,0.7234985958784819,0.7234985958784819,0.0
double_dqn,800,122,90.21740921139717,104.59338682495058,31.703566282987595,58.513842809200284,1.6249362910166383,18870.756797790527,0.0,24.0,0.0,4.0,0.4435714285714286,0.6823303829878569,0.6823303829878569,0.0
double_dqn,800,123,108.20711095184087,103.75845650166272,37.100686356425285,71.10642429739237,1.6795458877459168,20794.948852539062,0.0,32.0,0.0,2.0,0.439047619047619,0.8529938897117972,0.8529938897117972,0.0
double_dqn,800,124,101.32436811923981,103.93905048884452,33.060790091753006,68.26357716321945,1.6048876838758588,19157.132514953613,0.0,29.0,0.0,1.0,0.43452380952380953,0.8544331751763821,0.8544331751763821,0.0
double_dqn,800,125,110.9052230656147,104.029592570588,35.67731086909771,75.227911734581,1.763455929234624,21164.6932182312,0.0,32.0,0.0,2.0,0.43000000000000005,0.9450375847518444,0.9450375847518444,0.0
double_dqn,800,126,103.32154533267021,104.19858039043842,34.82758301496506,68.49396234750748,1.6509325494989753,19828.70362854004,0.0,30.0,0.0,0.0,0.42547619047619056,0.9614423057064414,0.9614423057064414,0.0
double_dqn,800,127,95.0583270803094,103.47996217407288,31.298097178339958,63.760229700803755,1.6021292274817824,18360.663913726807,0.0,28.0,0.0,1.0,0.42095238095238097,0.990479851141572,0.990479851141572,0.0
double_dqn,800,128,120.49099746346474,104.54392672784627,41.60471302270889,78.88628451526165,1.7929589739069343,23513.915119171143,0.0,34.0,0.0,0.0,0.41642857142857137,0.7719237022101879,0.7719237022101879,0.0
double_dqn,800,129,91.8979414254427,104.47888379432261,32.073933348059654,59.82400819659233,1.6046519475057721,18248.42188644409,0.0,26.0,0.0,1.0,0.4119047619047619,1.0208822917193174,1.0208822917193174,0.0
double_dqn,800,130,120.18772438168526,105.48915666259825,37.40501865744591,82.78270500898361,1.713393890298903,21121.371349334717,0.0,33.0,0.0,0.0,0.4073809523809524,0.8374851075932384,0.8374851075932384,0.0
double_dqn,800,131,94.41715931296349,104.11567283265292,31.571282029151917,62.845877373218535,1.6407244056463242,18787.99610900879,0.0,27.0,0.0,1.0,0.4028571428571429,0.908859133720398,0.908859133720398,0.0
double_dqn,800,132,92.54860840141774,102.12974399365486,32.491173550486565,60.05743389725685,1.5755194872617722,18457.44959640503,0.0,26.0,0.0,3.0,0.39833333333333343,0.8669060803949833,0.8669060803949833,0.0
double_dqn,800,133,100.88375075161457,102.18223194405437,33.515447571873665,67.36830323934555,1.6324275061488152,19596.332471847534,0.0,28.0,0.0,0.0,0.39380952380952383,1.0345119535923004,1.0345119535923004,0.0
double_dqn,800,134,101.20785782635213,101.43384796977045,37.31789197027683,63.889965736865996,1.6688613537698984,20878.627742767334,0.0,28.0,0.0,1.0,0.38928571428571423,0.8819637149572372,0.8819637149572372,0.0
double_dqn,800,135,99.50910186767578,101.21820106580854,34.181707829236984,65.32739341259003,1.6199853364378214,19349.31833267212,0.0,28.0,0.0,1.0,0.38476190476190475,0.7357543893158436,0.7357543893158436,0.0
double_dqn,800,136,112.9046314150095,101.70525462783874,34.31483356654644,78.58979811668397,1.728618647903204,19995.58822631836,0.0,33.0,0.0,1.0,0.38023809523809526,1.084488207474351,1.084488207474351,0.0
double_dqn,800,137,91.42363586425782,100.72413349650802,31.841294936835766,59.58234050273895,1.572100250981748,18281.82981491089,0.0,27.0,0.0,1.0,0.3757142857142858,0.9817414842545986,0.9817414842545986,0.0
double_dqn,800,138,105.33189000189304,101.30495902605357,33.219785034656525,72.11210507154465,1.7023350382223725,19857.4549407959,0.0,31.0,0.0,1.0,0.3711904761904763,0.9885665103793144,0.9885665103793144,0.0
double_dqn,800,139,88.9409900546074,100.80727947741748,32.43379229307175,56.50719785094261,1.5812177499756217,18347.035343170166,0.0,25.0,0.0,1.0,0.3666666666666667,0.9805396199226379,0.9805396199226379,0.0
double_dqn,800,140,114.66093862056732,101.43711028784514,31.665504544973373,82.99543488025665,1.6364203933626413,18639.730964660645,0.0,36.0,0.0,0.0,0.3621428571428572,0.9857710972428322,0.9857710972428322,0.0
double_dqn,800,141,92.02027075737715,101.77297409527004,33.198429465293884,58.821841180324554,1.5580590702593327,18833.18296813965,0.0,26.0,0.0,1.0,0.3576190476190476,0.8995779119431973,0.8995779119431973,0.0
double_dqn,800,142,86.16029885411263,101.57011857740582,31.702311769127846,54.45798683166504,1.5348331974819303,17716.37675857544,0.0,27.0,0.0,0.0,0.35309523809523813,0.7883803658187389,0.7883803658187389,0.0
double_dqn,800,143,106.99561154246331,101.50954360693694,32.06884291768074,74.92676913142205,1.598746151663363,18023.78519821167,0.0,33.0,0.0,1.0,0.34857142857142864,0.8139672800898552,0.8139672800898552,0.0
double_dqn,800,144,98.42512454241515,101.3645814280957,34.020707704126835,64.40441730022431,1.6328517524525523,19796.332641601562,0.0,28.0,0.0,2.0,0.34404761904761905,0.8751921989023685,0.8751921989023685,0.0
double_dqn,800,145,98.62674402594567,100.75065747611227,35.6017936617136,63.024950394034384,1.598640924319625,19945.406635284424,0.0,28.0,0.0,1.0,0.33952380952380956,1.0324307288974524,1.0324307288974524,0.0
double_dqn,800,146,92.93205510228873,100.2311829645932,30.318882159888744,62.61317258477211,1.5622667605057359,17319.845016479492,0.0,28.0,0.0,2.0,0.3350000000000001,0.8917038012295961,0.8917038012295961,0.0
double_dqn,800,147,107.52206295728683,100.85436975844206,36.25748451799154,71.26457861065865,1.6560887172818184,20630.4880027771,0.0,31.0,0.0,0.0,0.3304761904761905,0.8447453863918781,0.8447453863918781,0.0
double_dqn,800,148,97.04425776004791,99.68203277327122,33.139374271035194,63.90488366782665,1.5754407132044435,18742.74680328369,0.0,28.0,0.0,1.0,0.325952380952381,1.0431751310825348,1.0431751310825348,0.0
double_dqn,800,149,97.23555145561696,99.94891327477993,34.38639955222607,62.849152052402495,1.6145285479724407,19309.454973220825,0.0,27.0,0.0,1.0,0.3214285714285714,1.2011836282908916,1.2011836282908916,0.0
double_dqn,800,150,95.83109201490879,98.73108165644109,34.70128324627876,61.129809111356735,1.6135750971734524,19419.64338684082,0.0,27.0,0.0,0.0,0.3169047619047619,1.0602193903177977,1.0602193903177977,0.0
double_dqn,800,151,82.55657671391964,98.1380525264889,30.533494412899017,52.02308216691017,1.5156289730221033,17194.278350830078,0.0,25.0,0.0,0.0,0.3123809523809524,0.8883649930357933,0.8883649930357933,0.0
double_dqn,800,152,86.87275326400996,97.85425976961852,32.35009751468897,54.52265583872795,1.5562165137380362,18272.7540435791,0.0,23.0,0.0,1.0,0.30785714285714294,0.8412336744368076,0.8412336744368076,0.0
double_dqn,800,153,87.32490690797567,97.17631757743658,30.83052422851324,56.49438312649727,1.5440541543066502,17431.22875213623,0.0,26.0,0.0,2.0,0.30333333333333345,0.8643633089959621,0.8643633089959621,0.0
double_dqn,800,154,86.25806485414505,96.42882792882622,32.79721438884735,53.46085074841976,1.556518817320466,18512.095191955566,0.0,24.0,0.0,2.0,0.29880952380952375,1.1575790140777826,1.1575790140777826,0.0
double_dqn,800,155,102.7835075110197,96.59254821099341,35.68493986129761,67.0985677242279,1.701727531850338,20838.304168701172,0.0,29.0,0.0,1.0,0.29428571428571426,0.9671955071389675,0.9671955071389675,0.0
double_dqn,800,156,99.41812345385551,95.91822281293571,33.57043345272541,65.8476899266243,1.6551657672971487,19024.39113998413,0.0,29.0,0.0,1.0,0.2897619047619048,0.909881854429841,0.909881854429841,0.0
double_dqn,800,157,89.90220358967781,95.84215119920671,32.1450407654047,57.757163256406784,1.5627823118120432,18062.847583770752,0.0,27.0,0.0,2.0,0.2852380952380953,1.1402050741016865,1.1402050741016865,0.0
double_dqn,800,158,108.25720537602902,95.98841696791351,35.00270126760006,73.25450349748135,1.6549208825454116,20010.882133483887,0.0,31.0,0.0,1.0,0.2807142857142858,1.0093569122254848,1.0093569122254848,0.0
double_dqn,800,159,88.49893053770066,95.96631399206818,30.48556524515152,58.013365203142165,1.5634678592905402,17482.656448364258,0.0,26.0,0.0,1.0,0.2761904761904763,0.9159386586397886,0.9159386586397886,0.0
double_dqn,800,160,120.82204619050026,96.27436937056483,41.14359611272812,79.67844925820827,1.8192066112533212,23460.78871536255,0.0,33.0,0.0,0.0,0.2716666666666666,1.0075491033494473,1.0075491033494473,0.0
double_dqn,800,161,109.01469664275646,97.12409066483379,32.62285276502371,76.39184340834618,1.6312859393656254,18869.73152923584,0.0,32.0,0.0,1.0,0.2671428571428571,1.0401720069348812,1.0401720069348812,0.0
double_dqn,800,162,107.25210978090763,98.17868121117354,34.202025294303894,73.05008468031883,1.701061025261879,20226.748165130615,0.0,32.0,0.0,1.0,0.26261904761904764,1.0029340274631977,1.0029340274631977,0.0
double_dqn,800,163,113.29506186544896,98.49365372732282,33.189627610147,80.10543476939202,1.6079201763495803,18753.80393218994,0.0,34.0,0.0,2.0,0.25809523809523816,0.9585332050919533,0.9585332050919533,0.0
double_dqn,800,164,87.59293957054615,97.95204447872938,32.879392206668854,54.71354800462723,1.5491418782621622,18288.76001739502,0.0,26.0,0.0,0.0,0.25357142857142867,1.00444913841784,1.00444913841784,0.0
double_dqn,800,165,92.88451922237873,97.66493323855101,33.45593896508217,59.42858016788959,1.6032178681343794,18736.55694580078,0.0,27.0,0.0,2.0,0.24904761904761907,1.0005576256662607,1.0005576256662607,0.0
double_dqn,800,166,86.80953936576843,97.35880745172501,30.392924144864082,56.41661565303802,1.5545124104246497,17634.561449050903,0.0,26.0,0.0,3.0,0.2445238095238096,0.9476270340383053,0.9476270340383053,0.0
double_dqn,800,167,103.1633485943079,97.14087173357606,33.64102340489626,69.52232500314713,1.6307241152971983,19513.161975860596,0.0,30.0,0.0,1.0,0.24,1.1488829553127289,1.1488829553127289,0.0
double_dqn,800,168,103.19980284571648,97.4486489878595,33.550708413124084,69.64909473061562,1.6652359459549189,19270.111183166504,0.0,30.0,0.0,0.0,0.2354761904761905,1.0342844352126122,1.0342844352126122,0.0
double_dqn,800,169,109.93675419092179,98.08370912462473,34.00959038734436,75.92716363966466,1.6884203124791384,19770.104335784912,0.0,33.0,0.0,3.0,0.23095238095238102,1.0318164713680744,1.0318164713680744,0.0
double_dqn,800,170,101.86230564117432,98.38526980593801,34.07985444366932,67.78245148062706,1.653235555626452,19522.019863128662,0.0,30.0,0.0,2.0,0.22642857142857142,0.9888500571250916,0.9888500571250916,0.0
double_dqn,800,171,92.62480562329293,98.88868125140668,31.072814613580704,61.551991099119185,1.5395063841715455,17238.298580169678,0.0,29.0,0.0,1.0,0.22190476190476194,0.8806307762861252,0.8806307762861252,0.0
double_dqn,800,172,75.98302151411772,98.34419466391208,27.85393986850977,48.12908146679401,1.5751532334834337,16810.978172302246,0.0,24.0,0.0,1.0,0.21738095238095245,0.8840074874460697,0.8840074874460697,0.0
double_dqn,800,173,95.15117546916008,98.7355080919713,31.790781646966934,63.3603940308094,1.5908386688679457,18046.594886779785,0.0,27.0,0.0,0.0,0.21285714285714286,0.9709020787850022,0.9709020787850022,0.0
double_dqn,800,174,75.82389960438013,98.21379982948304,27.728140488266945,48.09575988352299,1.4766593473032117,15870.306579589844,0.0,23.0,0.0,1.0,0.20833333333333337,1.0770398322492838,1.0770398322492838,0.0
double_dqn,800,175,92.86129070818424,97.71768898934127,32.70539090037346,60.15590023994446,1.5813445812091231,18250.161209106445,0.0,26.0,0.0,0.0,0.20380952380952377,1.0311683863401413,1.0311683863401413,0.0
double_dqn,800,176,88.57759250104428,97.17566244170071,31.103490605950356,57.474102133512496,1.5544854775071144,18192.736892700195,0.0,24.0,0.0,2.0,0.1992857142857143,1.079905305057764,1.079905305057764,0.0
double_dqn,800,177,88.94414623081684,97.12775957375766,30.8536227196455,58.09052327275276,1.55177912581712,17615.75408935547,0.0,27.0,0.0,0.0,0.1947619047619048,1.05322927236557,1.05322927236557,0.0
double_dqn,800,178,85.67508119344711,95.99865336462855,28.662912145256996,57.01216858625412,1.5200425647199154,16749.232593536377,0.0,27.0,0.0,0.0,0.19023809523809532,0.9792369529604912,0.9792369529604912,0.0
double_dqn,800,179,86.82853078246117,95.91513337686659,29.09636428207159,57.73216692507267,1.5136372987180948,16477.425371170044,0.0,27.0,0.0,1.0,0.18571428571428583,1.0879473518580198,1.0879473518580198,0.0
double_dqn,800,180,100.53013322651387,94.90053772866727,31.436316460371017,69.09381718337536,1.5794008383527398,18161.169227600098,0.0,31.0,0.0,2.0,0.18119047619047624,0.9786854479461908,0.9786854479461908,0.0
double_dqn,800,181,82.26386892199517,93.5629963426292,29.8200016990304,52.44386720061302,1.4788880972191691,16208.752212524414,0.0,23.0,0.0,1.0,0.17666666666666664,1.020059583708644,1.020059583708644,0.0
double_dqn,800,182,78.8284733146429,92.14181451931597,28.900243282318115,49.9282301068306,1.4977226806804538,16360.179317474365,0.0,23.0,0.0,0.0,0.17214285714285715,0.7796880584210157,0.7796880584210157,0.0
double_dqn,800,183,91.6661884188652,91.06037084698679,31.13983243703842,60.526355654001236,1.578034134581685,18150.75500869751,0.0,28.0,0.0,0.0,0.16761904761904767,1.2011675126850605,1.2011675126850605,0.0
double_dqn,800,184,82.14446760863066,90.78794724889102,26.57748805731535,55.56697935760021,1.4956309460103512,15340.347946166992,0.0,25.0,0.0,2.0,0.16309523809523818,1.0065888911485672,1.0065888911485672,0.0
double_dqn,800,185,114.41419589519501,91.86443108253181,37.88086985051632,76.53332632780075,1.7139922985807061,21399.3455657959,0.0,33.0,0.0,1.0,0.1585714285714287,1.0367232253775,1.0367232253775,0.0
double_dqn,800,186,86.63934965580702,91.85592159703376,30.030572593212128,56.608776772022246,1.4803900141268969,16747.662761688232,0.0,27.0,0.0,1.0,0.1540476190476191,0.9282409129664302,0.9282409129664302,0.0
double_dqn,800,187,78.79839592576027,90.63767396360637,26.742981553077698,52.05541449189186,1.494035609997809,15659.071922302246,0.0,25.0,0.0,1.0,0.1495238095238095,1.1304513402283192,1.1304513402283192,0.0
double_dqn,800,188,113.59715666174888,91.15754165440799,35.371514812111855,78.22564208805561,1.7265083165839314,20271.7387008667,0.0,33.0,0.0,2.0,0.14500000000000002,0.9743849411606789,0.9743849411606789,0.0
double_dqn,800,189,83.7005947753787,89.84573368363083,28.976206369698048,54.72438845038414,1.5499202627688646,17124.799488067627,0.0,27.0,0.0,2.0,0.14047619047619053,1.0091801211237907,1.0091801211237907,0.0
double_dqn,800,190,91.06802785396576,89.3060197942704,30.76502937078476,60.302999168634415,1.5978182200342417,18124.206260681152,0.0,27.0,0.0,1.0,0.13595238095238105,1.2194546665996313,1.2194546665996313,0.0
double_dqn,800,191,100.79007311463356,89.71428316883743,31.926313430070877,68.86376007199287,1.6273690341040492,18389.309894561768,0.0,30.0,0.0,3.0,0.13142857142857145,1.0077745476737618,1.0077745476737618,0.0
double_dqn,800,192,89.12229886651039,90.37124703645705,30.143534511327744,58.97876413166523,1.624711386859417,18038.35848236084,0.0,27.0,0.0,2.0,0.12690476190476196,1.0839722529053688,1.0839722529053688,0.0
double_dqn,800,193,83.24410173594951,89.77589334979652,27.803346306085587,55.44075556397438,1.4920361461117864,15854.300548553467,0.0,25.0,0.0,2.0,0.12238095238095237,1.0237157698720694,1.0237157698720694,0.0
double_dqn,800,194,81.59555692374707,90.06447621576487,29.979075014591217,51.61648198366165,1.4866123888641596,16558.127408981323,0.0,22.0,0.0,1.0,0.11785714285714288,1.2132506929337978,1.2132506929337978,0.0
double_dqn,800,195,86.1852036640048,89.73067186355591,30.133559592068195,56.0516437292099,1.5718673756346107,17582.178215026855,0.0,26.0,0.0,2.0,0.1133333333333334,0.9685749467462301,0.9685749467462301,0.0
double_dqn,800,196,87.92516330629587,89.69805040381848,30.968580208718777,56.9565826356411,1.5808000927791,18468.096214294434,0.0,26.0,0.0,1.0,0.1088095238095238,1.121233070269227,1.121233070269227,0.0
double_dqn,800,197,81.85153541862965,89.34341986320915,27.96353418380022,53.88800103366375,1.4841157589107752,16041.70860671997,0.0,27.0,0.0,1.0,0.10428571428571431,1.1432376690208912,1.1432376690208912,0.0
double_dqn,800,198,85.28557486832142,89.32394454695284,28.264250360429287,57.02132411301136,1.5449705654755235,16644.04888153076,0.0,28.0,0.0,3.0,0.09976190476190483,1.0012359581887722,1.0012359581887722,0.0
double_dqn,800,199,105.76850305497646,90.27094316057862,31.391912817955017,74.3765898346901,1.6143193989992142,18096.121124267578,0.0,33.0,0.0,1.0,0.09523809523809534,1.185515658929944,1.185515658929944,0.0
double_dqn,800,200,90.30255706608295,89.75956435255708,32.02203620970249,58.28052073717117,1.590754265896976,18098.48920440674,0.0,25.0,0.0,1.0,0.09071428571428575,1.1167814303189516,1.1167814303189516,0.0
double_dqn,800,201,75.43914798647165,89.41832830578089,26.524013809859753,48.91513377428055,1.4348436342552304,15373.74919128418,0.0,23.0,0.0,0.0,0.08619047619047626,0.871097395196557,0.871097395196557,0.0
double_dqn,800,202,81.24267204999924,89.53903824254871,31.092794060707092,50.14987806379795,1.580220365896821,18009.21449279785,0.0,24.0,0.0,1.0,0.08166666666666667,1.0047199074178934,1.0047199074178934,0.0
double_dqn,800,203,77.81023996770382,88.84624081999064,30.38826362043619,47.421976280212405,1.5306430775672197,17392.39950942993,0.0,20.0,0.0,3.0,0.07714285714285718,1.0558991767466068,1.0558991767466068,0.0
double_dqn,800,204,74.38433041572571,88.4582339603454,26.509954929351807,47.874375560879706,1.4533361569046974,14712.531942367554,0.0,23.0,0.0,1.0,0.0726190476190477,0.8279810110107064,0.8279810110107064,0.0
double_dqn,800,205,84.94056208580733,86.98455226987602,29.333536840975285,55.60702528953552,1.5427747033536434,16982.07411956787,0.0,27.0,0.0,3.0,0.06809523809523821,0.772510894574225,0.772510894574225,0.0
double_dqn,800,206,86.98296734839678,87.0017331545055,30.964476130902767,56.01849167943001,1.5277760848402977,17052.250371932983,0.0,24.0,0.0,1.0,0.06357142857142861,1.3269520625472069,1.3269520625472069,0.0
double_dqn,800,207,85.93277919590473,87.35845231801272,28.89288654178381,57.03989316821098,1.5037936745211482,16519.976444244385,0.0,27.0,0.0,2.0,0.059047619047619015,1.1132813785225153,1.1132813785225153,0.0
double_dqn,800,208,67.24660050868988,85.04092451035977,26.374170668423176,40.87242987751961,1.41291746776551,14616.571517944336,0.0,19.0,0.0,0.0,0.05452380952380953,1.1161447372287512,1.1161447372287512,0.0
double_dqn,800,209,75.93274468928576,84.65253200605513,27.822236992418766,48.11050754785538,1.4471877180039883,15749.819744110107,0.0,22.0,0.0,1.0,0.050000000000000044,1.051801074296236,1.051801074296236,0.0
double_dqn,800,210,73.88514073938131,83.79338765032591,27.472011134028435,46.413129702210426,1.4694965099915862,15477.331394195557,0.0,23.0,0.0,0.0,0.050000000000000044,1.0051319412887096,1.0051319412887096,0.0
double_dqn,800,211,95.15861024707556,83.511814506948,33.66959775239229,61.489012345671654,1.6043055802583694,18676.48473930359,0.0,27.0,0.0,1.0,0.050000000000000044,0.9948816485702991,0.9948816485702991,0.0
double_dqn,800,212,85.3970203563571,83.32555058144034,28.233648627996445,57.16337134838104,1.4925325391814113,15959.794828414917,0.0,26.0,0.0,1.0,0.050000000000000044,1.0862441062927246,1.0862441062927246,0.0
double_dqn,800,213,81.37862573564053,83.23227678142489,27.734355203807354,53.64427071809769,1.4817687049508095,15948.024887084961,0.0,25.0,0.0,1.0,0.050000000000000044,0.9299114029854536,0.9299114029854536,0.0
double_dqn,800,214,67.62301413863898,82.53364964216948,24.72124459594488,42.90176952779293,1.3966703210026026,13834.38752746582,0.0,22.0,0.0,1.0,0.050000000000000044,0.7792248111218214,0.7792248111218214,0.0
double_dqn,800,215,85.1058462113142,82.47968176953495,30.316160917282104,54.78968484699726,1.538437832146883,16848.238353729248,0.0,27.0,0.0,1.0,0.050000000000000044,0.9470370877534151,0.9470370877534151,0.0
double_dqn,800,216,72.12740797698498,81.68979400306941,26.1215051561594,46.00590298473835,1.4341499777510762,14757.488552093506,0.0,24.0,0.0,2.0,0.050000000000000044,1.1393936052918434,1.1393936052918434,0.0
double_dqn,800,217,90.20724689364434,82.10757957682014,30.14651968330145,60.06072680056095,1.545556839555502,17168.616649627686,0.0,28.0,0.0,2.0,0.050000000000000044,0.9924560468643904,0.9924560468643904,0.0
double_dqn,800,218,77.54049523472786,81.72032559514047,28.664805985987186,48.8756891220808,1.4723477326333523,15837.143384933472,0.0,22.0,0.0,2.0,0.050000000000000044,1.058354089036584,1.058354089036584,0.0
double_dqn,800,219,85.8730594292283,80.72555341385306,29.515124775469303,56.357934042811394,1.5570578267797828,17011.04372024536,0.0,26.0,0.0,0.0,0.050000000000000044,0.8821128867566586,0.8821128867566586,0.0
double_dqn,800,220,98.4991586253047,81.13538349181415,33.446787141263485,65.05237127542496,1.6427025105804205,19252.94709587097,0.0,28.0,0.0,5.0,0.050000000000000044,0.9379612393677235,0.9379612393677235,0.0
double_dqn,800,221,76.36519811451436,81.1816859982163,28.44731990993023,47.917877638339995,1.5011747116222978,16248.096424102783,0.0,23.0,0.0,1.0,0.050000000000000044,1.100769054144621,1.100769054144621,0.0
double_dqn,800,222,93.54607225954533,81.7968560086936,31.558661609888077,61.98741091787815,1.5927999010309577,18130.399368286133,0.0,28.0,0.0,0.0,0.050000000000000044,0.9598929863423109,0.9598929863423109,0.0
double_dqn,800,223,83.30326850116253,82.07150743536653,28.49443755298853,54.808830910921095,1.506080743856728,16106.47751045227,0.0,26.0,0.0,2.0,0.050000000000000044,1.2138486616313457,1.2138486616313457,0.0
double_dqn,800,224,76.79768771082163,82.19217530012133,26.61269184947014,50.184995943307875,1.4372837962582707,14940.310077667236,0.0,24.0,0.0,2.0,0.050000000000000044,0.8302972447127104,0.8302972447127104,0.0
double_dqn,800,225,87.04596234112978,82.29744531288745,32.736459374427795,54.30950289964676,1.6090002423152328,18769.186191558838,0.0,24.0,0.0,0.0,0.050000000000000044,1.037307159975171,1.037307159975171,0.0
double_dqn,800,226,90.04380222558976,82.45048705674711,30.27031810581684,59.77348414957523,1.5529057495296001,17364.197422027588,0.0,28.0,0.0,1.0,0.050000000000000044,1.172752894461155,1.172752894461155,0.0
double_dqn,800,227,71.13169647902251,81.71043292090299,25.656364001333714,45.47533261179924,1.3891362231224775,13905.619068145752,0.0,22.0,0.0,1.0,0.050000000000000044,1.0899272933602333,1.0899272933602333,0.0
double_dqn,800,228,82.00014386624098,82.44811008878054,28.86035742610693,53.13978688716888,1.520462866872549,17067.32680130005,0.0,25.0,0.0,3.0,0.050000000000000044,0.9960533352568746,0.9960533352568746,0.0
double_dqn,800,229,83.88732239305973,82.84583897396922,30.118421271443367,53.768900972604754,1.5289139607921243,16959.532829284668,0.0,24.0,0.0,3.0,0.050000000000000044,1.0143063440918922,1.0143063440918922,0.0
double_dqn,800,230,89.55607542395592,83.62938570819797,29.646005526185036,59.91007022559643,1.5476982910186052,16472.761268615723,0.0,29.0,0.0,0.0,0.050000000000000044,1.0913150981068611,1.0913150981068611,0.0
double_dqn,800,231,85.08950710296631,83.12593055099248,29.759319871664047,55.330187276005745,1.53585987072438,17344.3158493042,0.0,25.0,0.0,2.0,0.050000000000000044,0.9232080085203052,0.9232080085203052,0.0
double_dqn,800,232,64.3481339097023,82.07348622865975,26.222411558032036,38.12572194933891,1.3949582735076547,14807.722316741943,0.0,18.0,0.0,2.0,0.050000000000000044,1.0758611392229795,1.0758611392229795,0.0
double_dqn,800,233,87.04257976412774,82.35668393008412,30.839475192129612,56.20310498178005,1.539386291988194,16914.161979675293,0.0,25.0,0.0,1.0,0.050000000000000044,1.000957915559411,1.000957915559411,0.0
double_dqn,800,234,95.68339948505164,83.75970319740476,33.30791872739792,62.375479923188685,1.6127863377332687,18730.95278930664,0.0,27.0,0.0,1.0,0.050000000000000044,1.1976380553096533,1.1976380553096533,0.0
double_dqn,800,235,89.74228697419167,83.99152523554864,31.07710426300764,58.6651829123497,1.5253299502655864,17664.9708404541,0.0,26.0,0.0,1.0,0.050000000000000044,1.131995115429163,1.131995115429163,0.0
double_dqn,800,236,79.69102353155613,84.36970601327718,27.91298843920231,51.77803497314453,1.4404699709266424,15360.680969238281,0.0,24.0,0.0,2.0,0.050000000000000044,1.0866854693740606,1.0866854693740606,0.0
double_dqn,800,237,75.3524282053113,83.62696507886054,28.587587788701057,46.76484024524689,1.470727302134037,16075.250713348389,0.0,22.0,0.0,0.0,0.050000000000000044,1.2221347410231829,1.2221347410231829,0.0
double_dqn,800,238,90.19716600328684,84.25979861728848,32.04928820580244,58.14787730574608,1.6069864155724645,18683.165798187256,0.0,26.0,0.0,1.0,0.050000000000000044,1.0311062866821885,1.0311062866821885,0.0
double_dqn,800,239,78.89528775513172,83.91091003358363,27.088749155402184,51.80653865933418,1.4883804516866803,15752.66195678711,0.0,26.0,0.0,2.0,0.050000000000000044,1.161711210384965,1.161711210384965,0.0
double_dqn,800,240,62.909595634043214,82.13143188402057,25.73260359838605,37.17699194252491,1.4060603994876146,14306.54280090332,0.0,19.0,0.0,2.0,0.050000000000000044,1.0411687660962343,1.0411687660962343,0.0
double_dqn,800,241,71.96199278533459,81.91127161756158,25.990376226603985,45.9716165214777,1.3917257217690349,14180.213079452515,0.0,22.0,0.0,0.0,0.050000000000000044,1.1527459099888802,1.1527459099888802,0.0
double_dqn,800,242,70.22150880843401,80.74504344500602,26.58401497453451,43.637494176626205,1.4648525966331363,15251.25341796875,0.0,22.0,0.0,1.0,0.050000000000000044,1.0070100110024214,1.0070100110024214,0.0
double_dqn,800,243,88.33779326230288,80.99676968306304,31.783580109477043,56.55421317517757,1.5770898358896375,17866.774112701416,0.0,25.0,0.0,3.0,0.050000000000000044,1.0154600609093904,1.0154600609093904,0.0
double_dqn,800,244,80.67868012189865,81.19081930361688,28.33841174095869,52.34026861190796,1.5250079529359937,16360.758525848389,0.0,24.0,0.0,0.0,0.050000000000000044,1.0383179746568203,1.0383179746568203,0.0
double_dqn,800,245,87.95515775084496,81.23627907410264,30.455375261604786,57.499782332777976,1.5137189887464046,16923.810878753662,0.0,25.0,0.0,1.0,0.050000000000000044,1.1358387917280197,1.1358387917280197,0.0
double_dqn,800,246,91.56359270960093,81.3122685983032,32.66287899762392,58.90071418881416,1.5971097508445382,18463.592651367188,0.0,26.0,0.0,0.0,0.050000000000000044,0.9442237596958876,0.9442237596958876,0.0
double_dqn,800,247,87.47838535904884,82.12960304230452,31.508591763675213,55.969793289899826,1.546181209385395,17644.505840301514,0.0,24.0,0.0,0.0,0.050000000000000044,1.0399506501853466,1.0399506501853466,0.0
double_dqn,800,248,81.44972658902407,82.10208217844368,30.529901668429375,50.91982486844063,1.5436421129852533,17541.599128723145,0.0,24.0,0.0,0.0,0.050000000000000044,1.1089211273938417,1.1089211273938417,0.0
double_dqn,800,249,77.46905922144651,81.78116901986301,28.108270458877087,49.36078864336014,1.5358541533350945,16863.654525756836,0.0,22.0,0.0,1.0,0.050000000000000044,1.0434918962419033,1.0434918962419033,0.0
double_dqn,800,250,85.51219890266657,81.57897519379854,31.71582219749689,53.796376407146454,1.5659802490845323,18209.509567260742,0.0,25.0,0.0,0.0,0.050000000000000044,1.013977663591504,1.013977663591504,0.0
double_dqn,800,251,72.08240599185228,80.92862013824285,28.269776351749897,43.81262990832329,1.4844641834497452,16278.395191192627,0.0,22.0,0.0,0.0,0.050000000000000044,0.9905274473130703,0.9905274473130703,0.0
double_dqn,800,252,86.36770501732826,82.02959869362414,30.265557311475277,56.10214748978615,1.5310189733281732,17204.69758605957,0.0,25.0,0.0,0.0,0.050000000000000044,1.1984604373574257,1.1984604373574257,0.0
double_dqn,800,253,84.19984190165997,81.88746180050074,30.459561973810196,53.74027991294861,1.5299946032464504,17054.40200805664,0.0,25.0,0.0,1.0,0.050000000000000044,1.2583434991538525,1.2583434991538525,0.0
double_dqn,800,254,72.58649855852127,80.73261675417423,27.927368596196175,44.65912997722626,1.4728475604206324,15639.660781860352,0.0,23.0,0.0,1.0,0.050000000000000044,1.085269957780838,1.085269957780838,0.0
double_dqn,800,255,90.21192130446434,80.75609847068787,29.27347381412983,60.938447028398514,1.5299224713817239,17138.2820186615,0.0,27.0,0.0,1.0,0.050000000000000044,1.3174742087721825,1.3174742087721825,0.0
double_dqn,800,256,71.67640880644322,80.35536773443224,26.71943210810423,44.95697652697563,1.40997095964849,14996.810508728027,0.0,22.0,0.0,2.0,0.050000000000000044,1.0240519680082798,1.0240519680082798,0.0
double_dqn,800,257,76.09324507564307,80.39240857794883,29.44682737439871,46.64641731381416,1.5023089358583093,16293.559631347656,0.0,22.0,0.0,1.0,0.050000000000000044,1.1361196376383305,1.1361196376383305,0.0
double_dqn,800,258,94.3618186801672,80.60064121179285,31.864841997623444,62.49697651863098,1.5743867037817836,18178.576305389404,0.0,29.0,0.0,1.0,0.050000000000000044,0.991449685767293,0.991449685767293,0.0
double_dqn,800,259,103.6294241130352,81.837348029688,33.68638563156128,69.94303749799728,1.608088239096105,18999.283042907715,0.0,30.0,0.0,2.0,0.050000000000000044,1.2178007047623396,1.2178007047623396,0.0
double_dqn,800,260,65.49072045236827,81.96640427060426,26.199164122343063,39.29155642688274,1.4023655178025365,14326.940704345703,0.0,20.0,0.0,1.0,0.050000000000000044,0.7525785723701119,0.7525785723701119,0.0
double_dqn,800,261,91.9361766308546,82.96511346288025,29.694321736693382,62.24185453653335,1.545719288289547,17195.76487350464,0.0,27.0,0.0,4.0,0.050000000000000044,0.7702850922942162,0.7702850922942162,0.0
double_dqn,800,262,99.94144389927388,84.45111021742225,32.918268755078316,67.02317547202111,1.6097326464951038,18560.2081451416,0.0,30.0,0.0,3.0,0.050000000000000044,0.9963877089321613,0.9963877089321613,0.0
double_dqn,800,263,58.11307230591774,82.939874169603,25.71772100031376,32.395350873470306,1.3979915594682097,14764.051219940186,0.0,18.0,0.0,1.0,0.050000000000000044,1.216367106884718,1.216367106884718,0.0
double_dqn,800,264,85.22315704226494,83.1670980156213,30.072792500257492,55.15036443769932,1.566945775412023,17879.306442260742,0.0,25.0,0.0,2.0,0.050000000000000044,1.240614227950573,1.240614227950573,0.0
double_dqn,800,265,68.88444458246231,82.21356235720218,24.958679407835007,43.9257656365633,1.407668231986463,14124.097679138184,0.0,22.0,0.0,3.0,0.050000000000000044,1.1990788169205189,1.1990788169205189,0.0
double_dqn,800,266,84.75569728910924,81.8731675861776,29.395346835255623,55.36035051345825,1.5311274621635675,17009.684730529785,0.0,25.0,0.0,1.0,0.050000000000000044,1.1332627665251493,1.1332627665251493,0.0
double_dqn,800,267,87.53503929376602,81.87600028291345,28.865786388516426,58.66925286054611,1.5258544171229005,16736.559928894043,0.0,26.0,0.0,3.0,0.050000000000000044,0.9404166638851166,0.9404166638851166,0.0
double_dqn,800,268,85.755011677742,82.09126453734935,31.38180384784937,54.37320749461651,1.5896151904016733,17743.48363494873,0.0,25.0,0.0,0.0,0.050000000000000044,1.0195310935378075,1.0195310935378075,0.0
double_dqn,800,269,95.7296158850193,83.00429237052799,31.51385809481144,64.21575779020786,1.570145072415471,17791.988704681396,0.0,29.0,0.0,2.0,0.050000000000000044,1.284475438296795,1.284475438296795,0.0
double_dqn,800,270,82.8730940669775,82.87233712874352,29.45070669800043,53.422387450933456,1.4968181997537613,16579.723136901855,0.0,25.0,0.0,0.0,0.050000000000000044,1.0261972416192293,1.0261972416192293,0.0
double_dqn,800,271,62.49955050647259,82.39319435447455,24.500889122486115,37.99866119027138,1.3970750998705626,14412.010883331299,0.0,18.0,0.0,0.0,0.050000000000000044,1.2306802421808243,1.2306802421808243,0.0
double_dqn,800,272,83.7256388247013,82.2610910448432,28.40250200778246,55.323136287927625,1.5452781431376934,17035.627689361572,0.0,24.0,0.0,3.0,0.050000000000000044,1.0280793141573668,1.0280793141573668,0.0
double_dqn,800,273,94.94307354390621,82.7982526269555,32.45023384690285,62.49283980131149,1.5830557495355606,18532.164627075195,0.0,27.0,0.0,3.0,0.050000000000000044,1.3053800612688065,1.3053800612688065,0.0
double_dqn,800,274,94.96386990845204,83.91712119445205,32.709315448999405,62.25455447435379,1.61335866805166,18740.168842315674,0.0,27.0,0.0,1.0,0.050000000000000044,1.1450010724365711,1.1450010724365711,0.0
double_dqn,800,275,77.32277377694845,83.27266381807625,28.19731657207012,49.125457406044006,1.4776388481259346,16492.57848739624,0.0,23.0,0.0,2.0,0.050000000000000044,0.7923999391496181,0.7923999391496181,0.0
double_dqn,800,276,93.91726176440716,84.38470646597446,31.66943120956421,62.24783098697662,1.5545051293447614,17818.271282196045,0.0,28.0,0.0,0.0,0.050000000000000044,1.2875347658991814,1.2875347658991814,0.0
double_dqn,800,277,84.38223054260015,84.7991557393223,30.959440924227238,53.422789573669434,1.5261341072618961,17224.34434890747,0.0,24.0,0.0,1.0,0.050000000000000044,1.2419089619070292,1.2419089619070292,0.0
double_dqn,800,278,82.85831467956305,84.2239805392921,26.78785891830921,56.07045596241951,1.4545489335432649,15266.515256881714,0.0,27.0,0.0,1.0,0.050000000000000044,1.163573183119297,1.163573183119297,0.0
double_dqn,800,279,86.9021765589714,83.3876181615889,30.191352739930153,56.710823982954025,1.5167443240061402,17028.426891326904,0.0,26.0,0.0,0.0,0.050000000000000044,1.207296235486865,1.207296235486865,0.0
double_dqn,800,280,83.79564338326455,84.30286430813373,31.668153688311577,52.12748915851116,1.564823066815734,18502.792442321777,0.0,24.0,0.0,1.0,0.050000000000000044,0.9102860977873206,0.9102860977873206,0.0
double_dqn,800,281,74.96154443472624,83.4541326983273,27.182203128933907,47.779341521859166,1.4454895677044988,15540.397930145264,0.0,23.0,0.0,2.0,0.050000000000000044,1.0381083451211452,1.0381083451211452,0.0
double_dqn,800,282,77.75937977433205,82.34502949208022,27.482713893055916,50.276665806770325,1.4741569301113486,15849.424903869629,0.0,24.0,0.0,1.0,0.050000000000000044,1.3002430768683553,1.3002430768683553,0.0
double_dqn,800,283,70.04580433666706,82.94166609361767,26.674493357539177,43.371310874819756,1.4410181092098355,15052.06812286377,0.0,22.0,0.0,1.0,0.050000000000000044,0.9196966718882322,0.9196966718882322,0.0
double_dqn,800,284,89.01116918921471,83.13106670096518,30.07843191921711,58.93273674845695,1.5269164070487022,16968.404397964478,0.0,28.0,0.0,1.0,0.050000000000000044,0.9952610852196813,0.9952610852196813,0.0
double_dqn,800,285,92.78987883776426,84.32633841373027,30.989136777818203,61.80074232816696,1.6094376482069492,18147.91442489624,0.0,28.0,0.0,0.0,0.050000000000000044,1.0019791834056377,1.0019791834056377,0.0
double_dqn,800,286,88.78668286204338,84.52788769237698,32.649993509054184,56.136689740419385,1.5717065809294581,18201.805168151855,0.0,27.0,0.0,2.0,0.050000000000000044,1.1513599436730146,1.1513599436730146,0.0
double_dqn,800,287,92.53211902081966,84.77774167872965,29.879572317004204,62.65254673361778,1.5290260016918182,16899.07532119751,0.0,28.0,0.0,0.0,0.050000000000000044,1.1354604698717594,1.1354604698717594,0.0
double_dqn,800,288,82.4000434294343,84.60999326631428,29.251522324979305,53.14852104485035,1.517227620817721,16926.780235290527,0.0,26.0,0.0,2.0,0.050000000000000044,1.1436061933636665,1.1436061933636665,0.0
double_dqn,800,289,79.04580845236778,83.77580289468169,29.27479211986065,49.7710159599781,1.4901504693552852,16408.15892791748,0.0,23.0,0.0,2.0,0.050000000000000044,0.990294337272644,0.990294337272644,0.0
double_dqn,800,290,94.95155867934227,84.37972612529992,30.312141329050064,64.63941717147827,1.5460855718702078,17689.164234161377,0.0,28.0,0.0,1.0,0.050000000000000044,1.2475573234260082,1.2475573234260082,0.0
double_dqn,800,291,103.87456749379635,86.44847697466611,33.42975498735905,70.4448127746582,1.5959981959313154,18643.715717315674,0.0,30.0,0.0,1.0,0.050000000000000044,0.933874100446701,0.933874100446701,0.0
double_dqn,800,292,65.71458435207606,85.54792425103486,25.502534486353397,40.21205026805401,1.389961002394557,14163.078678131104,0.0,22.0,0.0,1.0,0.050000000000000044,1.2043996267020702,1.2043996267020702,0.0
double_dqn,800,293,88.9502281844616,85.24828198306263,30.4812353849411,58.468992695212364,1.5565384989604354,17431.485607147217,0.0,26.0,0.0,0.0,0.050000000000000044,1.061879564076662,1.061879564076662,0.0
double_dqn,800,294,95.33372231721879,85.26677460350098,29.895338520407677,65.43838421404362,1.55900561157614,17091.55299758911,0.0,31.0,0.0,1.0,0.050000000000000044,1.1403348166495562,1.1403348166495562,0.0
double_dqn,800,295,85.47596871852875,85.67443435057999,29.819490224123,55.65647849440575,1.5582884112372994,17231.42959213257,0.0,26.0,0.0,0.0,0.050000000000000044,1.258501224219799,1.258501224219799,0.0
double_dqn,800,296,67.69668047428131,84.36340528607369,26.28244038671255,41.41424022912979,1.407747863791883,14703.094528198242,0.0,21.0,0.0,2.0,0.050000000000000044,1.13215116225183,1.13215116225183,0.0
double_dqn,800,297,82.9902773603797,84.29380762696266,28.950070433318615,54.040207150578496,1.5544938733801246,17106.87275314331,0.0,25.0,0.0,3.0,0.050000000000000044,1.1483480269089341,1.1483480269089341,0.0
double_dqn,800,298,77.55831063687802,84.02880742482841,28.747346982359886,48.810963773727416,1.485215499997139,16230.44116973877,0.0,22.0,0.0,1.0,0.050000000000000044,1.2558675603941083,1.2558675603941083,0.0
double_dqn,800,299,72.0350381076336,83.28545050226153,27.484272979199886,44.55076510608196,1.4390799086540937,15665.720321655273,0.0,23.0,0.0,1.0,0.050000000000000044,1.0228265086188912,1.0228265086188912,0.0
double_dqn,800,300,82.29716358333826,83.21052651226522,29.49135149270296,52.805812418460846,1.5437005730345845,17005.49201965332,0.0,25.0,0.0,0.0,0.050000000000000044,1.0943980179727077,1.0943980179727077,0.0
double_dqn,800,301,99.49866596162319,84.43738258861006,32.90143257379532,66.59723355174064,1.5898651210591197,18451.85227203369,0.0,30.0,0.0,3.0,0.050000000000000044,1.0879779243841767,1.0879779243841767,0.0
double_dqn,800,302,79.6273802742362,84.53078261360527,27.38006115704775,52.247318983078,1.4682430671527982,16007.796871185303,0.0,25.0,0.0,1.0,0.050000000000000044,1.0365890003740788,1.0365890003740788,0.0
double_dqn,800,303,81.50088488459588,85.1035366410017,27.807011641561985,53.69387317597866,1.4601523634046316,15747.270593643188,0.0,26.0,0.0,2.0,0.050000000000000044,1.2339717661961913,1.2339717661961913,0.0
double_dqn,800,304,72.21103096008301,84.26352972954511,28.153952062129974,44.05707836151123,1.4792543351650238,16142.136821746826,0.0,22.0,0.0,0.0,0.050000000000000044,1.1618670132011175,1.1618670132011175,0.0
double_dqn,800,305,74.42591085284948,83.34533133029939,27.566386952996254,46.85952390730381,1.4558037407696247,15648.854286193848,0.0,23.0,0.0,0.0,0.050000000000000044,0.9312915541231632,0.9312915541231632,0.0
double_dqn,800,306,92.6510651782155,83.53855044610799,30.96689496189356,61.68416979908943,1.5762401297688484,18166.226818084717,0.0,26.0,0.0,1.0,0.050000000000000044,0.8642045222222805,0.8642045222222805,0.0
double_dqn,800,307,77.27256467938423,82.77557272903621,28.34521657973528,48.927348494529724,1.464298608712852,15611.044343948364,0.0,23.0,0.0,0.0,0.050000000000000044,0.7728798156604171,0.7728798156604171,0.0
double_dqn,800,308,91.4768040418625,83.22941075965763,30.361331298947334,61.11547299623489,1.5855065109208226,17774.20859146118,0.0,28.0,0.0,1.0,0.050000000000000044,0.913455500267446,0.913455500267446,0.0
double_dqn,800,309,90.88121549785137,83.8211811119318,29.52045188844204,61.36076395213604,1.4962338404729962,16538.493675231934,0.0,29.0,0.0,0.0,0.050000000000000044,1.1622473038733006,1.1622473038733006,0.0
double_dqn,800,310,74.48154916763306,82.79768063634636,27.223921835422516,47.257627525925635,1.4607146121561527,16054.404140472412,0.0,22.0,0.0,2.0,0.050000000000000044,1.347209494560957,1.347209494560957,0.0
double_dqn,800,311,72.93254003077746,81.25057926319542,27.291477240622044,45.641062864661215,1.4399339398369193,15547.114204406738,0.0,22.0,0.0,2.0,0.050000000000000044,1.1312057077884674,1.1312057077884674,0.0
double_dqn,800,312,89.18729391694069,82.42421474143865,30.798601172864437,58.38869288563728,1.5481657050549984,17647.971641540527,0.0,27.0,0.0,1.0,0.050000000000000044,0.9799165781587362,0.9799165781587362,0.0
double_dqn,800,313,84.26825612038374,82.19011613823474,31.238310232758522,53.02994555234909,1.5145035926252604,17008.01811981201,0.0,26.0,0.0,0.0,0.050000000000000044,1.2822417430579662,1.2822417430579662,0.0
double_dqn,800,314,77.29438762366772,81.28814940355718,27.15196405351162,50.14242409169674,1.453332506120205,15630.072360992432,0.0,24.0,0.0,2.0,0.050000000000000044,1.0695883622393012,1.0695883622393012,0.0
double_dqn,800,315,94.14138747155667,81.72142034120859,31.526374764740467,62.6150122821331,1.5785743948072195,17883.730922698975,0.0,27.0,0.0,2.0,0.050000000000000044,0.9344360260292888,0.9344360260292888,0.0
double_dqn,800,316,92.19307174533606,82.94623990476131,32.58756098896265,59.60551056265831,1.6036840472370386,18706.980655670166,0.0,27.0,0.0,1.0,0.050000000000000044,1.045498138293624,1.045498138293624,0.0
double_dqn,800,317,73.88015702515841,82.49073388800026,27.153970934450626,46.72618577778339,1.4497428946197033,15459.566505432129,0.0,22.0,0.0,2.0,0.050000000000000044,1.1302155870944262,1.1302155870944262,0.0
double_dqn,800,318,85.15840854048729,82.87073878318071,31.431347981095314,53.72706106603145,1.5690149245783687,18356.57412338257,0.0,23.0,0.0,3.0,0.050000000000000044,1.2053654259070754,1.2053654259070754,0.0
double_dqn,800,319,80.86775842308998,83.31237479895354,27.774363294243813,53.09339526295662,1.451603670604527,15542.634656906128,0.0,25.0,0.0,0.0,0.050000000000000044,0.9252440202981234,0.9252440202981234,0.0
double_dqn,800,320,79.09447554647923,83.15224039711059,28.284410774707794,50.810064846277236,1.5230690967291594,16397.771186828613,0.0,23.0,0.0,4.0,0.050000000000000044,1.0203086705878377,1.0203086705878377,0.0
double_dqn,800,321,85.53290377557278,82.45395228780806,29.462343230843544,56.07056035101414,1.5842043478041887,17453.942615509033,0.0,26.0,0.0,1.0,0.050000000000000044,0.8978812843561172,0.8978812843561172,0.0
double_dqn,800,322,79.50821263343096,82.4479939057678,30.382300309836864,49.125912725925446,1.538110968656838,16932.702140808105,0.0,24.0,0.0,1.0,0.050000000000000044,1.039485178887844,1.039485178887844,0.0
double_dqn,800,323,81.98896463215351,82.4723978931457,27.02851614356041,54.96044859290123,1.4703201102092862,15942.651945114136,0.0,24.0,0.0,0.0,0.050000000000000044,0.9853224791586399,0.9853224791586399,0.0
double_dqn,800,324,89.45677454173565,83.33468507222832,31.290341660380363,58.16643279194832,1.5633986694738269,17896.17152404785,0.0,25.0,0.0,1.0,0.050000000000000044,1.2864584373310208,1.2864584373310208,0.0
double_dqn,800,325,81.28709011524916,83.6777440353483,28.96050938218832,52.32658073306084,1.5089012775570154,16608.870233535767,0.0,26.0,0.0,0.0,0.050000000000000044,1.000875186175108,1.000875186175108,0.0
double_dqn,800,326,82.05091127753258,83.14773634031415,27.797732532024384,54.25317847728729,1.4844816839322448,15432.760995864868,0.0,26.0,0.0,0.0,0.050000000000000044,1.209191456437111,1.209191456437111,0.0
double_dqn,800,327,89.59298692643642,83.76375745266677,30.041637107729912,59.55134937167168,1.510489983484149,17493.449951171875,0.0,25.0,0.0,1.0,0.050000000000000044,1.2381287552416325,1.2381287552416325,0.0
double_dqn,800,328,98.16338005661964,84.09808625340462,32.79664646834135,65.36673390865326,1.6033996967598796,18851.889400482178,0.0,29.0,0.0,0.0,0.050000000000000044,1.0891709784045815,1.0891709784045815,0.0
double_dqn,800,329,80.99584989547729,83.60381797328591,28.38639709353447,52.60945298075676,1.5192108219489455,16689.190990447998,0.0,24.0,0.0,3.0,0.050000000000000044,1.043409200385213,1.043409200385213,0.0
double_dqn,800,330,90.82597088813782,84.42103905931114,31.054857283830643,59.771113872528076,1.5531593756750226,17778.245517730713,0.0,27.0,0.0,2.0,0.050000000000000044,1.0605768878012896,1.0605768878012896,0.0
double_dqn,800,331,83.67838046699762,84.95833108112217,29.551263488829136,54.127117082476616,1.567915060557425,17959.35283088684,0.0,26.0,0.0,0.0,0.050000000000000044,1.1933587975800037,1.1933587975800037,0.0
double_dqn,800,332,71.03241060823203,84.05058691568674,26.344065070152283,44.688345135748385,1.4433653689920902,15147.2389793396,0.0,23.0,0.0,1.0,0.050000000000000044,1.126327964477241,1.126327964477241,0.0
double_dqn,800,333,81.31924623250961,83.90313642129303,29.128848895430565,52.19039723277092,1.5232290849089622,17037.357498168945,0.0,25.0,0.0,2.0,0.050000000000000044,1.3176048286259174,1.3176048286259174,0.0
double_dqn,800,334,80.9659575894475,84.08671491958202,28.834243930876255,52.13171307742596,1.5079769352450967,16444.21166229248,0.0,23.0,0.0,1.0,0.050000000000000044,1.1816399758681655,1.1816399758681655,0.0
double_dqn,800,335,81.82004480957985,83.47064778648318,28.32905574142933,53.490989381074904,1.5359026826918125,16390.217041015625,0.0,27.0,0.0,2.0,0.050000000000000044,1.083097793161869,1.083097793161869,0.0
double_dqn,800,336,85.21803697943687,83.12189604818822,29.457263559103012,55.760772958397865,1.4946226440370083,16503.48569869995,0.0,25.0,0.0,0.0,0.050000000000000044,1.3373391404747963,1.3373391404747963,0.0
double_dqn,800,337,75.26557125151157,83.19116675950588,27.772125259041786,47.49344554543495,1.457400026731193,15609.867794036865,0.0,22.0,0.0,1.0,0.050000000000000044,1.0992665868252516,1.0992665868252516,0.0
double_dqn,800,338,73.43434406965972,82.6049635359645,26.02882743626833,47.405516946315764,1.4593730764463544,15685.844369888306,0.0,23.0,0.0,1.0,0.050000000000000044,1.0457153227180243,1.0457153227180243,0.0
double_dqn,800,339,78.01741763949394,82.4624464967847,28.713036119937897,49.30438131093979,1.49220887478441,16296.744693756104,0.0,23.0,0.0,1.0,0.050000000000000044,1.1956214681267738,1.1956214681267738,0.0
double_dqn,800,340,68.41483975201845,81.92846470706165,26.999684877693653,41.415154695510864,1.4275456620380282,15099.279205322266,0.0,19.0,0.0,0.0,0.050000000000000044,1.1446871273219585,1.1446871273219585,0.0
double_dqn,800,341,89.08580346405506,82.10610969148577,33.08235405385494,56.003448739647865,1.580969120375812,18669.226684570312,0.0,24.0,0.0,0.0,0.050000000000000044,1.0153784416615963,1.0153784416615963,0.0
double_dqn,800,342,99.06706246733665,83.08405218318106,34.201450794935226,64.86561088263988,1.6659994767978787,20233.988624572754,0.0,29.0,0.0,2.0,0.050000000000000044,1.1930313175544143,1.1930313175544143,0.0
double_dqn,800,343,73.15578559041023,82.64239323109389,27.27433180809021,45.88145400583744,1.4381492603570223,15220.474609375,0.0,22.0,0.0,0.0,0.050000000000000044,1.1012664530426264,1.1012664530426264,0.0
double_dqn,800,344,73.20806878954173,81.82995794348419,26.85001377761364,46.358055198192595,1.4762731222435832,15669.69404220581,0.0,22.0,0.0,2.0,0.050000000000000044,1.486694872379303,1.486694872379303,0.0
double_dqn,800,345,75.36140330135822,81.53367360278965,27.915717996656895,47.44568507373333,1.4731599409133196,15914.140239715576,0.0,23.0,0.0,2.0,0.050000000000000044,1.112117087468505,1.112117087468505,0.0
double_dqn,800,346,85.1782028913498,81.69003818348051,29.54516491293907,55.63303809762001,1.4943159436807036,16375.430347442627,0.0,27.0,0.0,1.0,0.050000000000000044,1.0655011627823114,1.0655011627823114,0.0
double_dqn,800,347,71.9294131398201,80.80685949414969,26.926739767193794,45.002673745155334,1.4451620448380709,15734.71762084961,0.0,21.0,0.0,0.0,0.050000000000000044,1.150731261819601,1.150731261819601,0.0
double_dqn,800,348,81.86501260101795,79.9919411213696,29.536271303892136,52.32874171435833,1.5398316131904721,17358.470348358154,0.0,26.0,0.0,1.0,0.050000000000000044,1.1357519589364529,1.1357519589364529,0.0
double_dqn,800,349,65.76341487467289,79.23031937032938,26.755991503596306,39.00742304325104,1.418967449106276,15142.200141906738,0.0,20.0,0.0,0.0,0.050000000000000044,1.23314967751503,1.23314967751503,0.0
double_dqn,800,350,77.8947490990162,78.5837582808733,29.659635566174984,48.23511373400688,1.532022200524807,17007.15234375,0.0,23.0,0.0,2.0,0.050000000000000044,1.2127355597913265,1.2127355597913265,0.0
double_dqn,800,351,89.11080251038075,78.85537938304246,29.316506549715996,59.7942956328392,1.5025489311665297,16398.139320373535,0.0,28.0,0.0,1.0,0.050000000000000044,1.0069799087941647,1.0069799087941647,0.0
double_dqn,800,352,102.59295451641083,80.4334065784514,33.86147791147232,68.73147657513618,1.5975784324109554,19015.0633354187,0.0,30.0,0.0,0.0,0.050000000000000044,1.315045147202909,1.315045147202909,0.0
double_dqn,800,353,71.21334401667119,79.92811146765948,29.144295692443848,42.069048473238944,1.5322289010509849,16971.20901107788,0.0,20.0,0.0,1.0,0.050000000000000044,0.8902782248333097,0.8902782248333097,0.0
double_dqn,800,354,93.50648365318776,80.5551377708465,31.2320446819067,62.27443935871124,1.58138588629663,18217.587226867676,0.0,27.0,0.0,1.0,0.050000000000000044,1.3403342552483082,1.3403342552483082,0.0
double_dqn,800,355,90.99008783698082,81.01363992221654,32.50378955900669,58.48629814386368,1.595581654459238,18686.97495651245,0.0,27.0,0.0,1.0,0.050000000000000044,0.7731685936450958,0.7731685936450958,0.0
double_dqn,800,356,72.17489398419858,80.36148277245464,26.13879956305027,46.03609458506107,1.4464982682839036,15190.838275909424,0.0,21.0,0.0,1.0,0.050000000000000044,0.8791373129934072,0.8791373129934072,0.0
double_dqn,800,357,76.45712153613567,80.42106028668584,27.03314720094204,49.423974096775055,1.464542149566114,15521.408336639404,0.0,24.0,0.0,0.0,0.050000000000000044,1.1611429564654827,1.1611429564654827,0.0
double_dqn,800,358,82.61816914379597,80.88025154039265,30.196306094527245,52.421863213181496,1.5142438728362322,17183.68896484375,0.0,24.0,0.0,0.0,0.050000000000000044,0.9154146332293749,0.9154146332293749,0.0
double_dqn,800,359,69.25897970944644,80.44232964389028,25.50558190792799,43.753397488594054,1.3854235615581274,14186.616443634033,0.0,22.0,0.0,1.0,0.050000000000000044,1.4480174649506807,1.4480174649506807,0.0
double_dqn,800,360,86.45960041284562,81.34456767693163,29.298292011022568,57.16130826771259,1.521237432025373,16798.276512145996,0.0,26.0,0.0,2.0,0.050000000000000044,1.1041096709668636,1.1041096709668636,0.0
double_dqn,800,361,84.17191348969936,81.09887317821385,29.33657693117857,54.83533626794815,1.516240058466792,16753.364810943604,0.0,24.0,0.0,2.0,0.050000000000000044,0.9569921810179949,0.9569921810179949,0.0
double_dqn,800,362,94.28550806045533,80.85979545786978,32.2371171861887,62.04839074015617,1.5967935053631663,18373.407499313354,0.0,28.0,0.0,3.0,0.050000000000000044,1.0382288172841072,1.0382288172841072,0.0
double_dqn,800,363,76.86324933320284,81.04516864500941,29.024499110877514,47.83875020742416,1.4921709224581718,16529.727912902832,0.0,24.0,0.0,2.0,0.050000000000000044,1.2325904089957476,1.2325904089957476,0.0
double_dqn,800,364,77.51886390447616,81.26070840075613,28.831667125225067,48.68719679415226,1.468891205266118,15918.928985595703,0.0,23.0,0.0,2.0,0.050000000000000044,1.3329256307333708,1.3329256307333708,0.0
double_dqn,800,365,89.48091820627451,81.96668414600194,30.249193347990513,59.23172487318516,1.5613805335015059,17929.541301727295,0.0,26.0,0.0,1.0,0.050000000000000044,1.2548428531736135,1.2548428531736135,0.0
double_dqn,800,366,77.75477267801762,81.59551263533533,28.22281601279974,49.531956404447556,1.5119989896193147,16234.299533843994,0.0,22.0,0.0,1.0,0.050000000000000044,0.9922701381146908,0.9922701381146908,0.0
double_dqn,800,367,72.80172957628966,81.6391284571588,28.392390124499798,44.40933974981308,1.4721842538565397,15979.75387954712,0.0,22.0,0.0,1.0,0.050000000000000044,1.1373336473479867,1.1373336473479867,0.0
double_dqn,800,368,71.43848350644112,81.11780200242997,27.40499121695757,44.03349255025387,1.4314997624605894,15378.561315536499,0.0,21.0,0.0,1.0,0.050000000000000044,1.1668338309973478,1.1668338309973478,0.0
double_dqn,800,369,88.9486114680767,82.27706183210016,29.93732026964426,59.01129148900509,1.5235862210392952,16924.886966705322,0.0,28.0,0.0,0.0,0.050000000000000044,1.170859407633543,1.170859407633543,0.0
double_dqn,800,370,89.91298080980778,82.87797341763974,31.109630942344666,58.80335007607937,1.5344048468396068,17302.30115890503,0.0,26.0,0.0,1.0,0.050000000000000044,0.9372804462909698,0.9372804462909698,0.0
double_dqn,800,371,82.37006895244122,82.54093673974276,26.531891204416752,55.83817782998085,1.452866236679256,15412.344213485718,0.0,27.0,0.0,1.0,0.050000000000000044,1.1243621986359358,1.1243621986359358,0.0
double_dqn,800,372,87.65204460918903,81.79389124438167,29.81693460792303,57.8351096957922,1.4788992060348392,16845.84841156006,0.0,26.0,0.0,1.0,0.050000000000000044,1.1690279617905617,1.1690279617905617,0.0
double_dqn,800,373,98.45773728191853,83.15611090764403,31.553507074713707,66.90423040091991,1.5725461384281516,18464.654048919678,0.0,32.0,0.0,0.0,0.050000000000000044,1.5204125382006168,1.5204125382006168,0.0
double_dqn,800,374,67.65742681920528,81.86365806594492,25.868718162178993,41.78870874643326,1.4089575735852122,14863.128993988037,0.0,20.0,0.0,0.0,0.050000000000000044,1.07555640488863,1.07555640488863,0.0
double_dqn,800,375,82.48035364598036,81.43817135639489,29.79561125487089,52.68474267423153,1.543960465118289,17165.211311340332,0.0,26.0,0.0,0.0,0.050000000000000044,0.9573733750730753,0.9573733750730753,0.0
double_dqn,800,376,86.87958112359047,82.17340571336449,30.38163587450981,56.49794562160969,1.558335774578154,17323.44515991211,0.0,26.0,0.0,2.0,0.050000000000000044,0.9927186742424965,0.9927186742424965,0.0
double_dqn,800,377,78.41941992938519,82.27152063302697,27.857515536248684,50.5619046241045,1.4572687055915594,15845.224292755127,0.0,24.0,0.0,1.0,0.050000000000000044,1.039931120350957,1.039931120350957,0.0
double_dqn,800,378,81.10773562192917,82.19599895693362,27.10719420015812,54.00054131746292,1.4592605773359537,15354.016807556152,0.0,24.0,0.0,2.0,0.050000000000000044,1.2274587824940681,1.2274587824940681,0.0
double_dqn,800,379,90.68831033557653,83.26746548824012,31.571590065956116,59.116719993948934,1.5546311065554619,17773.481159210205,0.0,26.0,0.0,3.0,0.050000000000000044,0.932012228295207,0.932012228295207,0.0
double_dqn,800,380,82.71639142334462,83.08030503876508,29.193704530596733,53.52268683314323,1.506747187115252,16581.808349609375,0.0,25.0,0.0,1.0,0.050000000000000044,1.3458531312644482,1.3458531312644482,0.0
double_dqn,800,381,84.40952595472336,83.09218566201628,29.456212878227234,54.9533135831356,1.5277279485017061,17235.385284423828,0.0,24.0,0.0,1.0,0.050000000000000044,1.105810772627592,1.105810772627592,0.0
double_dqn,800,382,88.5993387401104,82.80787719599904,29.30680236965418,59.29253634810448,1.5297527629882097,17149.574188232422,0.0,25.0,0.0,2.0,0.050000000000000044,1.0276229362934828,1.0276229362934828,0.0
double_dqn,800,383,68.13617838919163,82.37152364879849,26.60467103123665,41.531507179141045,1.4301169402897358,15266.49087524414,0.0,22.0,0.0,1.0,0.050000000000000044,1.1603819113224745,1.1603819113224745,0.0
double_dqn,800,384,84.38132184743881,82.71464654594661,31.267845392227173,53.113476008176804,1.5608031572774053,18234.766487121582,0.0,25.0,0.0,0.0,0.050000000000000044,1.1757931225001812,1.1757931225001812,0.0
double_dqn,800,385,77.12396369874477,82.09679882057011,29.150376059114933,47.97358724474907,1.5147386556491256,16507.348934173584,0.0,25.0,0.0,1.0,0.050000000000000044,1.1650141142308712,1.1650141142308712,0.0
double_dqn,800,386,86.53080825656653,82.53560059949757,30.160971455276012,56.3698366522789,1.5088857021182775,16616.73627471924,0.0,25.0,0.0,1.0,0.050000000000000044,0.9502386264503002,0.9502386264503002,0.0
double_dqn,800,387,53.97980244755745,81.59450424306095,22.76044573634863,31.21935670375824,1.3319486854597926,13236.51644706726,0.0,18.0,0.0,2.0,0.050000000000000044,0.9729165378957987,0.9729165378957987,0.0
double_dqn,800,388,71.23224088549614,81.58419211201371,26.803010269999504,44.42923131585121,1.4479105016216636,15118.80422592163,0.0,20.0,0.0,0.0,0.050000000000000044,1.2253267988562584,1.2253267988562584,0.0
double_dqn,800,389,85.64989174157381,81.41925612568856,30.360575325787067,55.28931665420532,1.529933039098978,16970.78456878662,0.0,24.0,0.0,0.0,0.050000000000000044,1.441165929660201,1.441165929660201,0.0
double_dqn,800,390,84.98536375164986,81.17287527278066,30.47700848430395,54.508355155587196,1.538212699815631,17168.585845947266,0.0,26.0,0.0,1.0,0.050000000000000044,1.19575709477067,1.19575709477067,0.0
double_dqn,800,391,96.12930780649185,81.86083721548319,31.65489897876978,64.4744087010622,1.5532480757683516,18176.221118927002,0.0,29.0,0.0,2.0,0.050000000000000044,1.154324329458177,1.154324329458177,0.0
double_dqn,800,392,95.18802700340748,82.23763633519411,31.203011587262154,63.98501513302326,1.564223326742649,18095.90337753296,0.0,29.0,0.0,1.0,0.050000000000000044,1.1428026668727398,1.1428026668727398,0.0
double_dqn,800,393,89.21428187191486,81.77546356469392,30.80676744133234,58.407514318823814,1.5437183575704694,17778.786445617676,0.0,26.0,0.0,1.0,0.050000000000000044,1.0210430948063731,1.0210430948063731,0.0
double_dqn,800,394,80.05470006912947,82.39532722719014,27.759112618863583,52.295587971806526,1.4584337901324034,15331.93436050415,0.0,25.0,0.0,1.0,0.050000000000000044,0.9921618914231658,0.9921618914231658,0.0
double_dqn,800,395,79.59561129808426,82.25109010979534,27.379879780113697,52.2157312721014,1.4637117525562644,16105.341789245605,0.0,25.0,0.0,3.0,0.050000000000000044,1.0588842313736677,1.0588842313736677,0.0
double_dqn,800,396,95.33420644104481,82.67382137566806,31.44919242709875,63.885014259815215,1.6122383428737521,18205.96109008789,0.0,28.0,0.0,3.0,0.050000000000000044,1.6337689720094204,1.6337689720094204,0.0
double_dqn,800,397,91.29303074777127,83.31750191658736,32.2507096901536,59.04232143759727,1.579947093501687,18462.908939361572,0.0,27.0,0.0,1.0,0.050000000000000044,1.2292221784591675,1.2292221784591675,0.0
double_dqn,800,398,89.15332575887442,83.71978142343463,31.248619429767132,57.90470649302006,1.5630483645945787,17982.395553588867,0.0,25.0,0.0,1.0,0.050000000000000044,0.684205642901361,0.684205642901361,0.0
double_dqn,800,399,81.96407955288888,83.28356988430025,29.43227481096983,52.531804689764975,1.5067898342385888,16061.29817199707,0.0,26.0,0.0,1.0,0.050000000000000044,1.12185072991997,1.12185072991997,0.0
double_dqn,800,400,86.8021065980196,83.487855643034,28.51164097338915,58.29046549797058,1.4903769884258509,16068.629652023315,0.0,27.0,0.0,2.0,0.050000000000000044,0.9216545484960079,0.9216545484960079,0.0
double_dqn,800,401,79.53966493308545,83.24436259195211,28.094555266201496,51.44510946571827,1.4977788152173162,16406.142498016357,0.0,24.0,0.0,1.0,0.050000000000000044,1.0668254978954792,1.0668254978954792,0.0
double_dqn,800,402,85.61276716887951,83.09503401339056,30.253167375922203,55.359600046277045,1.5264256494119763,17113.03911590576,0.0,26.0,0.0,1.0,0.050000000000000044,1.075805313885212,1.075805313885212,0.0
double_dqn,800,403,56.849080830812454,82.5306791354716,23.715138092637062,33.133942648768425,1.365277928300202,13928.721630096436,0.0,19.0,0.0,1.0,0.050000000000000044,1.1192287364974618,1.1192287364974618,0.0
double_dqn,800,404,95.79591179788113,83.10140863299371,31.186082050204277,64.60982965826989,1.53667570091784,17347.946811676025,0.0,29.0,0.0,1.0,0.050000000000000044,1.3823785437271,1.3823785437271,0.0
double_dqn,800,405,72.92849291265011,82.89163509368898,27.102702982723713,45.82578998953104,1.4638276351615787,15341.149980545044,0.0,21.0,0.0,1.0,0.050000000000000044,0.8803244726732373,0.8803244726732373,0.0
double_dqn,800,406,80.92160347104073,82.61117485441268,28.215612269937992,52.70599091053009,1.5031536668539047,16321.881549835205,0.0,25.0,0.0,0.0,0.050000000000000044,1.0575374383479357,1.0575374383479357,0.0
double_dqn,800,407,92.11043231189251,84.51770634762944,31.084531351923943,61.02590078115463,1.5797189641743898,18041.602478027344,0.0,29.0,0.0,0.0,0.050000000000000044,0.9515465833246708,0.9515465833246708,0.0
double_dqn,800,408,106.95480637252331,86.30383462198078,34.12013453245163,72.83467154204845,1.625068236142397,19237.04497718811,0.0,32.0,0.0,1.0,0.050000000000000044,1.3096062503755093,1.3096062503755093,0.0
double_dqn,800,409,76.26697547137738,85.83468880847097,28.23761086165905,48.02936449050903,1.4743416300043464,16141.704189300537,0.0,23.0,0.0,1.0,0.050000000000000044,1.139975968748331,1.139975968748331,0.0
double_dqn,800,410,81.86191412806511,85.67851632729173,27.703331232070923,54.15858268737793,1.5042005153372884,16564.103176116943,0.0,25.0,0.0,0.0,0.050000000000000044,1.2860363610088825,1.2860363610088825,0.0
double_dqn,800,411,101.35178962349892,85.93964041814209,33.578671246767044,67.77311812341213,1.6585939638316631,18966.893856048584,0.0,32.0,0.0,0.0,0.050000000000000044,0.9585910150781274,0.9585910150781274,0.0
double_dqn,800,412,77.02094473093749,85.03128630451859,29.11733478307724,47.90360967218876,1.5098833860829473,17148.966535568237,0.0,22.0,0.0,2.0,0.050000000000000044,1.1474316893145442,1.1474316893145442,0.0
double_dqn,800,413,97.1113855689764,85.42614148937166,31.315149150788784,65.79623663425446,1.55195133946836,17714.699380874634,0.0,29.0,0.0,1.0,0.050000000000000044,1.085975299589336,1.085975299589336,0.0
double_dqn,800,414,59.201045016944406,84.3834587367624,24.9097064062953,34.291338968276975,1.3630549190565944,13382.536321640015,0.0,18.0,0.0,2.0,0.050000000000000044,1.4222714640200138,1.4222714640200138,0.0
double_dqn,800,415,74.50332158207894,84.12884425096215,28.137375608086586,46.365946346521376,1.4708782657980919,16006.27156829834,0.0,23.0,0.0,2.0,0.050000000000000044,1.397265893407166,1.397265893407166,0.0
double_dqn,800,416,96.60090915560723,84.19217938669026,31.86400230228901,64.73690715134144,1.5553720938041806,17801.614768981934,0.0,29.0,0.0,3.0,0.050000000000000044,0.8787783225998282,0.8787783225998282,0.0
double_dqn,800,417,90.55488166958094,84.15527193278075,32.04625791311264,58.50862418115139,1.5595305617898703,18301.663078308105,0.0,27.0,0.0,0.0,0.050000000000000044,1.3243687497451901,1.3243687497451901,0.0
double_dqn,800,418,76.4464100599289,83.51992614783347,27.172580115497112,49.27383041381836,1.4675474306568503,15755.329231262207,0.0,23.0,0.0,0.0,0.050000000000000044,1.1835824958980083,1.1835824958980083,0.0
double_dqn,800,419,70.14701059758663,82.92907270006836,27.209055729210377,42.937954905629155,1.431613503023982,15256.668661117554,0.0,21.0,0.0,3.0,0.050000000000000044,0.7490158127620816,0.7490158127620816,0.0
double_dqn,800,420,89.59338512271643,83.0686366263032,30.534593112766743,59.05879181623459,1.5452332077547908,17488.2885055542,0.0,26.0,0.0,0.0,0.050000000000000044,1.187825433909893,1.187825433909893,0.0
double_dqn,800,421,85.1177376061678,83.34754025995731,31.003146663308144,54.11459133028984,1.5702715488150716,17851.793853759766,0.0,26.0,0.0,2.0,0.050000000000000044,1.2049715537577868,1.2049715537577868,0.0
double_dqn,800,422,86.53149720579385,83.39347676180303,29.459485188126564,57.072012077271935,1.5195092232897878,16688.673797607422,0.0,26.0,0.0,2.0,0.050000000000000044,1.0132279619574547,1.0132279619574547,0.0
double_dqn,800,423,91.52188898921013,85.12711716972292,30.064066268503666,61.45782269835472,1.5296385250985622,16764.286655426025,0.0,28.0,0.0,2.0,0.050000000000000044,1.3628913387656212,1.3628913387656212,0.0
double_dqn,800,424,81.88984513282776,84.43181383647024,30.37219987809658,51.51764531433582,1.5502372113987803,17619.60147857666,0.0,25.0,0.0,1.0,0.050000000000000044,0.8961326330900192,0.8961326330900192,0.0
double_dqn,800,425,80.09626257419586,84.79020231954753,29.554041974246502,50.542220667004585,1.5180638832971454,16533.561519622803,0.0,26.0,0.0,2.0,0.050000000000000044,0.9067036043852568,0.9067036043852568,0.0
double_dqn,800,426,86.24089413136244,85.05616685256362,29.86130591481924,56.379588067531586,1.5348421353846788,17327.017162322998,0.0,26.0,0.0,1.0,0.050000000000000044,1.05028675775975,1.05028675775975,0.0
double_dqn,800,427,80.8939222022891,84.49534134708344,27.697380267083645,53.196541860699654,1.4564375216141343,15826.608757019043,0.0,24.0,0.0,0.0,0.050000000000000044,1.021792333573103,1.021792333573103,0.0
double_dqn,800,428,71.22894272953272,82.70904816493392,27.13007330149412,44.09886971116066,1.4391803722828627,15293.968437194824,0.0,21.0,0.0,0.0,0.050000000000000044,1.1131233964115381,1.1131233964115381,0.0
double_dqn,800,429,97.02271042168141,83.74683491244913,33.957327261567116,63.06538244485855,1.599295043386519,19196.636421203613,0.0,28.0,0.0,1.0,0.050000000000000044,1.480400862172246,1.480400862172246,0.0
double_dqn,800,430,88.69638173282146,84.08855829268694,28.55861844867468,60.13776367902756,1.5054420614615083,16586.248985290527,0.0,27.0,0.0,0.0,0.050000000000000044,1.265050821006298,1.265050821006298,0.0
double_dqn,800,431,67.14721196889877,82.37832940995693,26.420350283384323,40.726861760020256,1.4509244672954082,15445.612377166748,0.0,20.0,0.0,1.0,0.050000000000000044,1.0888714641332626,1.0888714641332626,0.0
double_dqn,800,432,82.53729614764453,82.65414698079229,30.830115787684917,51.70717997252941,1.5334874484688044,17135.89031791687,0.0,25.0,0.0,1.0,0.050000000000000044,1.3736719908192754,1.3736719908192754,0.0
double_dqn,800,433,81.05013455450535,81.85108443006874,29.467337235808372,51.58279751241207,1.5098215583711863,16655.02986907959,0.0,24.0,0.0,1.0,0.050000000000000044,1.3975443728268147,1.3975443728268147,0.0
double_dqn,800,434,79.25974036455155,82.8540191974491,27.498855084180832,51.760885280370715,1.4471236458048224,15769.515468597412,0.0,24.0,0.0,4.0,0.050000000000000044,1.0503024086356163,1.0503024086356163,0.0
double_dqn,800,435,59.131883905828,82.08544731363655,23.431336037814617,35.70054777860641,1.390618396922946,14054.783447265625,0.0,19.0,0.0,2.0,0.050000000000000044,1.0537187829613686,1.0537187829613686,0.0
double_dqn,800,436,72.67852132022381,80.88932792186738,27.63055657595396,45.04796487092972,1.4736499767750502,15526.1403465271,0.0,23.0,0.0,0.0,0.050000000000000044,1.077393762767315,1.077393762767315,0.0
double_dqn,800,437,58.51342834830284,79.28725525580347,23.354672372341156,35.15875584185123,1.357213256880641,13699.37209701538,0.0,20.0,0.0,3.0,0.050000000000000044,1.1232610745355487,1.1232610745355487,0.0
double_dqn,800,438,70.74022848159075,79.00194617688656,27.044437028467655,43.69579166173935,1.4979074262082577,15945.790588378906,0.0,21.0,0.0,2.0,0.050000000000000044,1.0551981832832098,1.0551981832832098,0.0
double_dqn,800,439,69.88928397893906,78.98905984595419,27.50221724435687,42.3870665371418,1.4039480248466134,14578.67416381836,0.0,21.0,0.0,1.0,0.050000000000000044,1.4007461741566658,1.4007461741566658,0.0
double_dqn,800,440,59.238004229962826,77.4712908013165,23.867250114679337,35.37075424194336,1.3577880943194032,13300.453977584839,0.0,19.0,0.0,0.0,0.050000000000000044,1.07905407063663,1.07905407063663,0.0
double_dqn,800,441,71.87753577530384,76.8092807097733,28.9384758323431,42.93905982375145,1.4925281824544072,16499.25896835327,0.0,22.0,0.0,1.0,0.050000000000000044,1.042165221646428,1.042165221646428,0.0
double_dqn,800,442,87.81237760931253,76.87332472994925,32.209493950009346,55.6028843075037,1.5823484072461724,18408.305011749268,0.0,27.0,0.0,1.0,0.050000000000000044,1.3337504137307405,1.3337504137307405,0.0
double_dqn,800,443,65.5032868385315,75.5723946224153,25.89590233564377,39.60738483071327,1.4294123090803623,14911.619716644287,0.0,21.0,0.0,0.0,0.050000000000000044,1.47132658213377,1.47132658213377,0.0
double_dqn,800,444,77.01299002766609,75.32855186715722,26.61273293197155,50.40025696158409,1.4500064365565777,15481.008987426758,0.0,24.0,0.0,0.0,0.050000000000000044,1.339099569246173,1.339099569246173,0.0
double_dqn,800,445,77.64818129092455,75.20614780299366,28.552646972239017,49.09553411006927,1.478437401354313,16423.7431640625,0.0,23.0,0.0,1.0,0.050000000000000044,0.9344713557511568,0.9344713557511568,0.0
double_dqn,800,446,72.68318775296211,74.52826248407364,27.291014283895493,45.39217337965965,1.4532801546156406,15655.46017074585,0.0,22.0,0.0,0.0,0.050000000000000044,0.96793257817626,0.96793257817626,0.0
double_dqn,800,447,76.80857224911452,74.32399498641492,29.58700968325138,47.22156204432249,1.5197863848879933,16904.5865650177,0.0,22.0,0.0,3.0,0.050000000000000044,1.3208967186510563,1.3208967186510563,0.0
double_dqn,800,448,72.67498062700034,74.3962968812883,26.025524653494358,46.649456137418746,1.411904132924974,14651.707744598389,0.0,23.0,0.0,1.0,0.050000000000000044,1.0337277697399259,1.0337277697399259,0.0
double_dqn,800,449,82.7952351719141,73.68492311879993,31.06517879664898,51.730056285858154,1.5599820911884308,17663.47145843506,0.0,23.0,0.0,1.0,0.050000000000000044,1.113356452435255,1.113356452435255,0.0
double_dqn,800,450,89.07974303662778,73.70409118399024,30.321806758642197,58.75793663561344,1.525340442545712,17756.880180358887,0.0,26.0,0.0,2.0,0.050000000000000044,1.236247718334198,1.236247718334198,0.0
double_dqn,800,451,78.26647097617388,74.26005413435401,27.031326048076153,51.23514513671398,1.4937504287809134,16441.183345794678,0.0,25.0,0.0,1.0,0.050000000000000044,1.3611340783536434,1.3611340783536434,0.0
double_dqn,800,452,74.0327976346016,73.83482920870185,28.077565915882587,45.95523153245449,1.4805190861225128,16226.047142028809,0.0,22.0,0.0,0.0,0.050000000000000044,1.0934476144611835,1.0934476144611835,0.0
double_dqn,800,453,91.58071208000183,74.36135808497667,30.639227733016014,60.94148451089859,1.545557958073914,17520.982067108154,0.0,28.0,0.0,1.0,0.050000000000000044,1.2844095043838024,1.2844095043838024,0.0
double_dqn,800,454,85.66905336976052,74.68182373523712,28.27663541585207,57.392417991161345,1.495842333883047,16629.977210998535,0.0,26.0,0.0,1.0,0.050000000000000044,1.2015125518664718,1.2015125518664718,0.0
double_dqn,800,455,85.29443869739771,75.98995147481561,29.809529431164265,55.484909757971764,1.5266671692952514,17163.26349258423,0.0,26.0,0.0,0.0,0.050000000000000044,1.1522978218272328,1.1522978218272328,0.0
double_dqn,800,456,89.92180028557777,76.85211542308332,31.840171173214912,58.08162893354893,1.5853305226191878,18277.813499450684,0.0,27.0,0.0,0.0,0.050000000000000044,1.2408486008644104,1.2408486008644104,0.0
double_dqn,800,457,76.38069759607315,77.74547888547183,28.77385476231575,47.606842923164365,1.495943403802812,16526.256381988525,0.0,25.0,0.0,2.0,0.050000000000000044,0.8349528843536973,0.8349528843536973,0.0
double_dqn,800,458,76.32471813410521,78.02470336809755,29.393551416695118,46.93116641938686,1.4902340229600668,16898.1953125,0.0,23.0,0.0,3.0,0.050000000000000044,1.3002132959663868,1.3002132959663868,0.0
double_dqn,800,459,82.18683216273784,78.63958077728748,29.36078441888094,52.82604833245277,1.5042763212695718,16143.609344482422,0.0,25.0,0.0,2.0,0.050000000000000044,1.0126681607216597,1.0126681607216597,0.0
double_dqn,800,460,65.6294674873352,78.9591539401561,27.471656009554863,38.1578114926815,1.4539554584771395,16018.464477539062,0.0,19.0,0.0,1.0,0.050000000000000044,1.1498572807759047,1.1498572807759047,0.0
double_dqn,800,461,85.0649831622839,79.6185263095051,31.394426554441452,53.670556652545926,1.550157074816525,17593.567028045654,0.0,26.0,0.0,3.0,0.050000000000000044,1.2382354456931353,1.2382354456931353,0.0
double_dqn,800,462,72.39150981903076,78.84748291999101,27.660164795815945,44.73134470283985,1.4641905995085835,15895.136150360107,0.0,23.0,0.0,3.0,0.050000000000000044,1.0790300369262695,1.0790300369262695,0.0
double_dqn,800,463,83.73655888438225,79.75914652228354,27.88597996532917,55.850579008460045,1.5246795639395714,16553.057876586914,0.0,28.0,0.0,0.0,0.050000000000000044,1.012874343432486,1.012874343432486,0.0
double_dqn,800,464,71.505038022995,79.48374892205,28.42572322487831,43.07931509613991,1.4735718602314591,16215.766399383545,0.0,23.0,0.0,0.0,0.050000000000000044,0.8934895303100348,0.8934895303100348,0.0
double_dqn,800,465,91.47914002239705,80.17529685862362,31.092191010713577,60.38694914579391,1.5550816897302866,17773.26748275757,0.0,26.0,0.0,3.0,0.050000000000000044,1.339206576347351,1.339206576347351,0.0
double_dqn,800,466,78.59150021523237,80.47071248173714,28.967129848897457,49.62437030673027,1.500317637808621,16705.54818725586,0.0,25.0,0.0,0.0,0.050000000000000044,1.2198605528101325,1.2198605528101325,0.0
double_dqn,800,467,95.30189718604088,81.39537872858347,33.00447601824999,62.29742043018341,1.5631933053955436,18233.147481918335,0.0,28.0,0.0,2.0,0.050000000000000044,1.2756425021216273,1.2756425021216273,0.0
double_dqn,800,468,82.57840107530356,81.89054975099863,31.5970204398036,50.98138045668602,1.5669249631464481,17783.70896911621,0.0,23.0,0.0,3.0,0.050000000000000044,0.7843406116589904,0.7843406116589904,0.0
double_dqn,800,469,84.59853009879589,81.98071449734272,29.365487039089203,55.23304310441017,1.5168951246887445,17039.734008789062,0.0,27.0,0.0,0.0,0.050000000000000044,0.8649529311805964,0.8649529311805964,0.0
double_dqn,800,470,86.76983751356602,81.86521922118962,29.401000916957855,57.36883693933487,1.544860520400107,17333.184467315674,0.0,27.0,0.0,1.0,0.050000000000000044,1.2533424012362957,1.2533424012362957,0.0
double_dqn,800,471,71.24099636077881,81.51394549041987,26.95758844912052,44.283407896757126,1.4252210212871432,15200.072208404541,0.0,22.0,0.0,0.0,0.050000000000000044,1.2018318120390177,1.2018318120390177,0.0
double_dqn,800,472,80.3458548501134,81.82959835119546,28.171466037631035,52.174388819932936,1.4863952901214361,16198.534896850586,0.0,24.0,0.0,2.0,0.050000000000000044,1.0211365623399615,1.0211365623399615,0.0
double_dqn,800,473,86.19148773849011,81.56013713411987,30.98937238752842,55.20211566388607,1.5732252951711416,17912.593299865723,0.0,26.0,0.0,1.0,0.050000000000000044,1.388569832779467,1.388569832779467,0.0
double_dqn,800,474,79.38297326862812,81.24583312906326,28.59970462322235,50.78326916694641,1.469542189501226,16067.33316040039,0.0,24.0,0.0,2.0,0.050000000000000044,1.095721003599465,1.095721003599465,0.0
double_dqn,800,475,77.49339921027422,80.85578115470709,28.350415132939816,49.142984107136726,1.5046282177791,16649.60327720642,0.0,23.0,0.0,2.0,0.050000000000000044,1.1885755602270365,1.1885755602270365,0.0
double_dqn,800,476,85.79188944399357,80.64928561262786,30.033812806010246,55.75807726383209,1.5266853142529726,17196.047870635986,0.0,26.0,0.0,2.0,0.050000000000000044,1.2508729696273804,1.2508729696273804,0.0
double_dqn,800,477,82.5367011666298,80.9570857911557,29.724040046334267,52.81266086697578,1.5248706452548504,16888.705055236816,0.0,26.0,0.0,2.0,0.050000000000000044,1.1688122591003776,1.1688122591003776,0.0
double_dqn,800,478,89.17155018597842,81.59942739374938,30.789874903857708,58.38167526721954,1.5912286899983883,18056.542594909668,0.0,26.0,0.0,1.0,0.050000000000000044,1.133153971284628,1.133153971284628,0.0
double_dqn,800,479,93.19548013210297,82.14985979221763,30.90025842934847,62.295221799612044,1.5701397210359573,17434.2095413208,0.0,28.0,0.0,1.0,0.050000000000000044,1.0207862351089716,1.0207862351089716,0.0
double_dqn,800,480,76.81913284212351,82.70934305995704,28.5189341083169,48.30019852519035,1.487911424599588,16506.597400665283,0.0,23.0,0.0,0.0,0.050000000000000044,0.9618847351521254,0.9618847351521254,0.0
double_dqn,800,481,98.8446003228426,83.39832391798497,31.55246029794216,67.29213995039463,1.5838711326941848,17944.935472488403,0.0,29.0,0.0,2.0,0.050000000000000044,0.8547395635396242,0.8547395635396242,0.0
double_dqn,800,482,93.44004382193089,84.45075061812997,31.4127616584301,62.02728199958801,1.5793475396931171,18052.426872253418,0.0,27.0,0.0,1.0,0.050000000000000044,1.065230866894126,1.065230866894126,0.0
double_dqn,800,483,90.37287577986717,84.78256646290421,32.65874560177326,57.714130356907845,1.6135602034628391,18962.59471130371,0.0,26.0,0.0,0.0,0.050000000000000044,1.060060421936214,1.060060421936214,0.0
double_dqn,800,484,78.79281585812569,85.14695535466075,28.307251296937466,50.4855641067028,1.4802747834473848,16371.31061553955,0.0,23.0,0.0,3.0,0.050000000000000044,1.137638809159398,1.137638809159398,0.0
double_dqn,800,485,88.33852247297764,84.98992447718979,29.16659463942051,59.17192787826061,1.4976124176755548,16409.40293121338,0.0,27.0,0.0,2.0,0.050000000000000044,0.8101404281333089,0.8101404281333089,0.0
double_dqn,800,486,71.42798772007227,84.63174885243178,26.57741890102625,44.85056843161583,1.4899803744629025,16025.652130126953,0.0,20.0,0.0,2.0,0.050000000000000044,1.1651439387351274,1.1651439387351274,0.0
double_dqn,800,487,89.11617187410593,84.32246258683503,30.714542873203754,58.40162906050682,1.5590318804606795,17932.63893508911,0.0,26.0,0.0,1.0,0.050000000000000044,1.052429473027587,1.052429473027587,0.0
double_dqn,800,488,84.2164775967598,84.40436641290783,31.228359952569008,52.98811783790588,1.6185855949297547,18865.502471923828,0.0,24.0,0.0,2.0,0.050000000000000044,1.0937764840200543,1.0937764840200543,0.0
double_dqn,800,489,81.4149156987667,84.24518569290639,28.237984389066696,53.17693147361278,1.4808805463835597,16132.93724822998,0.0,24.0,0.0,3.0,0.050000000000000044,1.3459700718522072,1.3459700718522072,0.0
double_dqn,800,490,98.44302019625903,84.82884482704104,33.009899489581585,65.4331208407879,1.6361853880807757,19273.616088867188,0.0,29.0,0.0,2.0,0.050000000000000044,1.3054557405412197,1.3054557405412197,0.0
double_dqn,800,491,90.86936698108912,85.81026335805656,32.10830768942833,58.76105897128582,1.5646171383559704,17932.684547424316,0.0,26.0,0.0,2.0,0.050000000000000044,0.9901737356558442,0.9901737356558442,0.0
double_dqn,800,492,82.06469886004925,85.89620555855333,29.85874244570732,52.205956906080246,1.5065999468788505,16924.406326293945,0.0,24.0,0.0,1.0,0.050000000000000044,1.4024264132604003,1.4024264132604003,0.0
double_dqn,800,493,69.50082888603211,85.06167261593046,26.554828464984894,42.94599995911121,1.4485810790210962,15175.256084442139,0.0,23.0,0.0,1.0,0.050000000000000044,1.0154403038322926,1.0154403038322926,0.0
double_dqn,800,494,81.48927050232888,85.16698747761548,27.65257529914379,53.836695501208304,1.4703574953600764,15936.939603805542,0.0,25.0,0.0,2.0,0.050000000000000044,0.9452601112425327,0.9452601112425327,0.0
double_dqn,800,495,98.52610634416342,86.21862283430995,32.332936339080334,66.19316960275174,1.5874791759997606,18289.48260498047,0.0,29.0,0.0,3.0,0.050000000000000044,0.9875383749604225,0.9875383749604225,0.0
double_dqn,800,496,81.8717602878809,86.02261637650432,28.885975182056427,52.98578458428383,1.494198159314692,16569.64587020874,0.0,24.0,0.0,1.0,0.050000000000000044,1.4031718112528324,1.4031718112528324,0.0
double_dqn,800,497,72.32499352991582,85.51203099466862,26.641108840703964,45.68388547897339,1.4468464748933911,15364.064533233643,0.0,22.0,0.0,1.0,0.050000000000000044,1.211729509755969,1.211729509755969,0.0
double_dqn,800,498,77.82614420503378,84.94476069562138,28.52608022093773,49.30006436407566,1.4917516196146607,16588.05149459839,0.0,22.0,0.0,1.0,0.050000000000000044,1.0916331615298986,1.0916331615298986,0.0
double_dqn,800,499,75.69693224430084,84.06983330123128,28.14677020907402,47.55016230344772,1.4672935539856553,16205.550884246826,0.0,23.0,0.0,2.0,0.050000000000000044,1.0319567797705531,1.0319567797705531,0.0
double_dqn,800,500,87.63603818416595,84.61067856833338,32.6872381195426,54.948800802230835,1.5801256410777569,18558.012447357178,0.0,25.0,0.0,1.0,0.050000000000000044,1.265585295855999,1.265585295855999,0.0
double_dqn,800,501,79.30441375821829,83.63366924010218,29.057761162519455,50.24665239453316,1.5108338706195354,16848.87434387207,0.0,23.0,0.0,2.0,0.050000000000000044,0.7689255336299539,0.7689255336299539,0.0
double_dqn,800,502,89.58062391728163,83.44069824486971,30.684145905077457,58.896478205919266,1.5359588591381907,17464.477542877197,0.0,27.0,0.0,0.0,0.050000000000000044,1.2749503031373024,1.2749503031373024,0.0
double_dqn,800,503,73.72931379824877,82.60852014578879,27.143056206405163,46.58625744283199,1.4525251956656575,15343.378807067871,0.0,23.0,0.0,1.0,0.050000000000000044,1.3071254212409258,1.3071254212409258,0.0
double_dqn,800,504,86.77165177613497,83.00746194168926,30.855341099202633,55.91631109416485,1.546973847784102,17729.77025604248,0.0,25.0,0.0,1.0,0.050000000000000044,1.2243862338364124,1.2243862338364124,0.0
double_dqn,800,505,69.06322165578604,82.04369690082967,25.975877851247787,43.08734403550625,1.4176113521680236,14664.196781158447,0.0,22.0,0.0,1.0,0.050000000000000044,1.259121736511588,1.259121736511588,0.0
double_dqn,800,506,86.66493137180805,82.80554408341648,28.601211175322533,58.06372012197971,1.5093899434432387,16855.344604492188,0.0,26.0,0.0,1.0,0.050000000000000044,1.2851394228637218,1.2851394228637218,0.0
double_dqn,800,507,82.67509032785892,82.48349000610412,31.516666129231453,51.15842390060425,1.5746806608512998,18106.366653442383,0.0,24.0,0.0,2.0,0.050000000000000044,1.0000444911420345,1.0000444911420345,0.0
double_dqn,800,508,89.07487864196301,82.72641005836428,31.339700907468796,57.73517776429653,1.5632554637268186,17972.33219909668,0.0,26.0,0.0,1.0,0.050000000000000044,1.1155059058219194,1.1155059058219194,0.0
double_dqn,800,509,84.33780992031097,82.87255476944149,31.891258656978607,52.44655106961727,1.5623022615909576,18005.699211120605,0.0,25.0,0.0,0.0,0.050000000000000044,1.3479331834241748,1.3479331834241748,0.0
double_dqn,800,510,91.4123625099659,82.52102188512683,32.77763867378235,58.634723806381224,1.6091628670692444,18845.784410476685,0.0,28.0,0.0,2.0,0.050000000000000044,0.9518195753917098,0.9518195753917098,0.0
double_dqn,800,511,77.81829033941031,81.8684680530429,26.53236771374941,51.28592210412025,1.4709754921495914,15351.4873046875,0.0,24.0,0.0,1.0,0.050000000000000044,1.1271781455725431,1.1271781455725431,0.0
double_dqn,800,512,86.30805319547653,82.08063576981426,30.463238939642906,55.8448141515255,1.5818619849160314,17714.34194946289,0.0,26.0,0.0,1.0,0.050000000000000044,1.0772627610713243,1.0772627610713243,0.0
double_dqn,800,513,85.73968534171581,82.89257859259844,28.174143120646477,57.56554248929024,1.4568317346274853,15995.83243560791,0.0,26.0,0.0,0.0,0.050000000000000044,1.1757141165435314,1.1757141165435314,0.0
double_dqn,800,514,66.28084142506123,82.13215713873505,25.907095916569233,40.37374544143677,1.3937647240236402,14266.90227508545,0.0,21.0,0.0,0.0,0.050000000000000044,0.9400289766490459,0.9400289766490459,0.0
double_dqn,800,515,82.24931050240994,81.31831734664739,29.15520666539669,53.094103360176085,1.5157762225717306,16970.43430709839,0.0,26.0,0.0,4.0,0.050000000000000044,1.0917131192982197,1.0917131192982197,0.0
double_dqn,800,516,83.67072159051895,81.4082654117793,28.814101949334145,54.85661992430687,1.4764880174770951,16271.978076934814,0.0,25.0,0.0,0.0,0.050000000000000044,0.8771091382950544,0.8771091382950544,0.0
double_dqn,800,517,89.71969317793847,82.27800039418044,29.229838252067566,60.48985488116741,1.5646976111456752,17764.993244171143,0.0,26.0,0.0,2.0,0.050000000000000044,1.1890419144183397,1.1890419144183397,0.0
double_dqn,800,518,85.89539316296577,82.68146284207702,28.58885160088539,57.30654153227806,1.5232152258977294,16932.33576965332,0.0,27.0,0.0,0.0,0.050000000000000044,0.9777366071939468,0.9777366071939468,0.0
double_dqn,800,519,74.93349760174752,82.64329110994936,28.543130785226822,46.39036674201488,1.4693967904895544,16687.63331222534,0.0,23.0,0.0,1.0,0.050000000000000044,1.0582374650985003,1.0582374650985003,0.0
double_dqn,800,520,85.10834389925003,82.51690639570356,28.598580703139305,56.50976312160492,1.519932646304369,16454.64471054077,0.0,26.0,0.0,0.0,0.050000000000000044,1.1800602125003934,1.1800602125003934,0.0
double_dqn,800,521,83.91023177802563,82.74719729669394,29.4938800111413,54.41635158061981,1.5138879520818591,17307.213417053223,0.0,24.0,0.0,1.0,0.050000000000000044,1.0926028899848461,1.0926028899848461,0.0
double_dqn,800,522,76.28136722743511,82.08223446220161,28.47305816411972,47.8083091378212,1.496554178185761,16712.102767944336,0.0,22.0,0.0,2.0,0.050000000000000044,1.1323559936136007,1.1323559936136007,0.0
double_dqn,800,523,99.11622829735279,83.3515801871568,32.676568165421486,66.43965926766396,1.6282778773456812,19090.63320159912,0.0,28.0,0.0,0.0,0.050000000000000044,1.2519559264183044,1.2519559264183044,0.0
double_dqn,800,524,81.16761252582073,83.0713782246411,28.35187791287899,52.81573477685451,1.4921875884756446,16367.886825561523,0.0,24.0,0.0,6.0,0.050000000000000044,1.4775208309292793,1.4775208309292793,0.0
double_dqn,800,525,84.94964503645897,83.86569939367475,29.46860447525978,55.48104056119919,1.5224867993965745,17071.65107345581,0.0,25.0,0.0,1.0,0.050000000000000044,1.3112208880484104,1.3112208880484104,0.0
double_dqn,800,526,77.27912692725658,83.39640917144717,28.96467225253582,48.3144548535347,1.5164830032736063,16240.797889709473,0.0,23.0,0.0,0.0,0.050000000000000044,1.1805557515472174,1.1805557515472174,0.0
double_dqn,800,527,78.48239771425725,83.18677454076708,28.75857139378786,49.723826164007185,1.4709884906187654,16206.3921585083,0.0,22.0,0.0,2.0,0.050000000000000044,1.1555335633456707,1.1555335633456707,0.0
double_dqn,800,528,80.56775155812502,82.76141818657518,29.52934407442808,51.03840743899345,1.502228818833828,16517.117740631104,0.0,24.0,0.0,1.0,0.050000000000000044,0.9698456386104226,0.9698456386104226,0.0
double_dqn,800,529,83.32420930415392,82.71073815576733,27.33331773430109,55.99089136123657,1.4651061184704304,15728.56324005127,0.0,24.0,0.0,2.0,0.050000000000000044,1.3525638626888394,1.3525638626888394,0.0
double_dqn,800,530,72.67346913516522,81.7737934870273,27.90348096191883,44.769988575577734,1.4921484990045428,16096.55555343628,0.0,23.0,0.0,1.0,0.050000000000000044,0.9829321168363094,0.9829321168363094,0.0
double_dqn,800,531,80.39519954621792,81.90263894736769,26.937256015837193,53.457943791151045,1.4945624088868499,16329.602149963379,0.0,23.0,0.0,4.0,0.050000000000000044,1.0519986106082797,1.0519986106082797,0.0
double_dqn,800,532,67.20186512172222,80.94732954367996,24.38657133281231,42.8152936398983,1.4061495689675212,14101.992755889893,0.0,22.0,0.0,0.0,0.050000000000000044,0.9958008145913482,0.9958008145913482,0.0
double_dqn,800,533,85.53502805531025,80.93709667935968,30.85760959982872,54.67741850018501,1.5562824215739965,17630.52593231201,0.0,27.0,0.0,1.0,0.050000000000000044,0.9861486116424203,0.9861486116424203,0.0
double_dqn,800,534,100.7013655334711,82.65812288478017,34.85911902785301,65.8422463864088,1.639400914311409,19647.21884918213,0.0,29.0,0.0,3.0,0.050000000000000044,1.2264649346470833,1.2264649346470833,0.0
double_dqn,800,535,73.39547171592713,82.21543094545603,26.904313780367374,46.49115844964981,1.4346963660791516,15429.060304641724,0.0,22.0,0.0,1.0,0.050000000000000044,1.3082740381360054,1.3082740381360054,0.0
double_dqn,800,536,87.35706115663052,82.39974792376162,29.41669813543558,57.94036325216293,1.5163799431174994,16642.77645111084,0.0,27.0,0.0,2.0,0.050000000000000044,1.175873588770628,1.175873588770628,0.0
double_dqn,800,537,70.55425278842449,81.44147590428591,26.155755653977394,44.39849776029587,1.4128421805799007,15356.514957427979,0.0,21.0,0.0,0.0,0.050000000000000044,1.094161942601204,1.094161942601204,0.0
double_dqn,800,538,95.62217606008053,81.92781504914167,32.95396913588047,62.668207162618636,1.5928452676162124,18552.577632904053,0.0,28.0,0.0,1.0,0.050000000000000044,0.8955393433570862,0.8955393433570862,0.0
double_dqn,800,539,76.62891808301211,82.0125860732049,28.294017985463142,48.334900522232054,1.4974165419116616,16287.759506225586,0.0,23.0,0.0,1.0,0.050000000000000044,1.0298700788989663,1.0298700788989663,0.0
double_dqn,800,540,95.30506359934807,82.5224220582098,33.032550662755966,62.272513115406035,1.5986347701400518,19047.570110321045,0.0,28.0,0.0,2.0,0.050000000000000044,1.1407370045781136,1.1407370045781136,0.0
double_dqn,800,541,76.05460953116417,82.12964094586673,27.17430780827999,48.880301707983016,1.4703178508207202,15772.125564575195,0.0,23.0,0.0,2.0,0.050000000000000044,1.1173819471150637,1.1173819471150637,0.0
double_dqn,800,542,81.17039711773396,82.37409244038167,30.6263627409935,50.54403460025787,1.5464342627674341,17494.98745727539,0.0,24.0,0.0,0.0,0.050000000000000044,1.2508187051862478,1.2508187051862478,0.0
double_dqn,800,543,88.77321854382754,81.8569419527054,29.7694605961442,59.00375790297985,1.551712698303163,17402.89193725586,0.0,27.0,0.0,2.0,0.050000000000000044,1.0731040611863136,1.0731040611863136,0.0
double_dqn,800,544,79.57655733823776,81.77738919332626,26.93226271867752,52.64429432153702,1.5066518727689981,16296.1615524292,0.0,22.0,0.0,2.0,0.050000000000000044,1.1158914901316166,1.1158914901316166,0.0
double_dqn,800,545,82.3518093764782,81.64749741032722,28.16416621208191,54.187643283605574,1.4837338803336024,16127.799308776855,0.0,25.0,0.0,2.0,0.050000000000000044,1.2075018882751465,1.2075018882751465,0.0
double_dqn,800,546,75.71173823773861,81.56912797585133,27.9997503682971,47.71198863685131,1.5277169942855835,16787.13134765625,0.0,21.0,0.0,1.0,0.050000000000000044,1.3607547879219055,1.3607547879219055,0.0
double_dqn,800,547,87.41361908912658,82.01568904459478,30.75203424692154,56.66158466339111,1.5666072191670537,18071.658435821533,0.0,27.0,0.0,3.0,0.050000000000000044,1.0412576999515295,1.0412576999515295,0.0
double_dqn,800,548,73.23409232497215,81.64900608293713,27.064554005861282,46.16953818500042,1.4976807218044996,15891.716472625732,0.0,22.0,0.0,3.0,0.050000000000000044,0.9551806012168527,0.9551806012168527,0.0
double_dqn,800,549,68.50085632055998,80.90783843375743,25.76539944857359,42.73545731902122,1.4153756434097886,14747.646085739136,0.0,21.0,0.0,2.0,0.050000000000000044,1.2352463342249393,1.2352463342249393,0.0
double_dqn,800,550,80.41773392260075,81.29505167312921,28.973676897585392,51.444057300686836,1.5286916783079505,16783.02394104004,0.0,24.0,0.0,0.0,0.050000000000000044,1.3255788860842586,1.3255788860842586,0.0
double_dqn,800,551,67.30587715655565,80.64058555364609,26.882382713258266,40.42349457740784,1.439005590043962,15324.340278625488,0.0,19.0,0.0,1.0,0.050000000000000044,1.2158363796770573,1.2158363796770573,0.0
double_dqn,800,552,96.95909585356712,82.12844709023834,30.77433368563652,66.18476204872131,1.577482271939516,17453.53957748413,0.0,29.0,0.0,2.0,0.050000000000000044,1.1130677666515112,1.1130677666515112,0.0
double_dqn,800,553,79.26513642817736,81.81495250888169,27.851551197469234,51.41358536481857,1.4809214677661657,16107.311511993408,0.0,25.0,0.0,2.0,0.050000000000000044,1.2891572639346123,1.2891572639346123,0.0
double_dqn,800,554,71.99156937897206,80.37946270115674,24.876029670238495,47.11553941071033,1.3960064416751266,14810.867527008057,0.0,22.0,0.0,1.0,0.050000000000000044,1.3494004104286432,1.3494004104286432,0.0
double_dqn,800,555,77.90359890460968,80.60486906059086,27.98293735086918,49.92066153883934,1.5256199426949024,16852.714595794678,0.0,22.0,0.0,2.0,0.050000000000000044,0.8299249764531851,0.8299249764531851,0.0
double_dqn,800,556,66.48466568440199,79.56124928697946,26.205476962029934,40.279189229011536,1.4375198781490326,15243.618389129639,0.0,21.0,0.0,1.0,0.050000000000000044,1.4328196281567216,1.4328196281567216,0.0
double_dqn,800,557,91.65314617753029,80.61619395643473,31.65248641371727,60.00065951049328,1.5625397320836782,18466.781644821167,0.0,27.0,0.0,1.0,0.050000000000000044,1.1066640261560678,1.1066640261560678,0.0
double_dqn,800,558,99.99286183863879,80.83472824536264,32.41676472872496,67.57609699815512,1.576112729497254,18391.525035858154,0.0,29.0,0.0,2.0,0.050000000000000044,1.3522875048220158,1.3522875048220158,0.0
double_dqn,800,559,64.0774125918746,80.20715297080578,24.64212378114462,39.43528885543346,1.3713133549317718,14142.302389144897,0.0,20.0,0.0,1.0,0.050000000000000044,1.224888388067484,1.224888388067484,0.0
double_dqn,800,560,73.73288244903088,79.12854391328992,25.307620257139206,48.425262251496314,1.4168800795450807,15039.766777038574,0.0,24.0,0.0,1.0,0.050000000000000044,1.3113185912370682,1.3113185912370682,0.0
double_dqn,800,561,81.25974189639092,79.38880053155125,27.295748457312584,53.963993766903876,1.507253061980009,16073.54008102417,0.0,25.0,0.0,2.0,0.050000000000000044,1.1066730599850416,1.1066730599850416,0.0
double_dqn,800,562,80.56977727413178,79.35876953937115,28.052178986370564,52.51759838461876,1.4643281139433384,15845.775623321533,0.0,25.0,0.0,1.0,0.050000000000000044,1.244099510833621,1.244099510833621,0.0
double_dqn,800,563,90.68674852252006,79.45444603830578,30.306674778461456,60.38007381856441,1.5777626261115074,17754.601333618164,0.0,26.0,0.0,5.0,0.050000000000000044,1.184852410107851,1.184852410107851,0.0
double_dqn,800,564,79.18034579753876,79.43463546127083,29.534575700759888,49.645769932866095,1.5190597027540207,16925.12593650818,0.0,24.0,0.0,1.0,0.050000000000000044,1.0107443779706955,1.0107443779706955,0.0
double_dqn,800,565,84.7584163337946,79.55496580913665,29.31548348069191,55.44293298721313,1.589712998829782,17632.179735183716,0.0,26.0,0.0,1.0,0.050000000000000044,0.9250610172748566,0.9250610172748566,0.0
double_dqn,800,566,89.68900472819806,80.25382913365962,30.530234798789024,59.158769914507864,1.5850734217092395,17668.436603546143,0.0,26.0,0.0,1.0,0.050000000000000044,1.1813378538936377,1.1813378538936377,0.0
double_dqn,800,567,98.37451057136059,80.80187370777132,31.948653429746628,66.42585742473602,1.5889613162726164,18327.67771911621,0.0,29.0,0.0,2.0,0.050000000000000044,1.3824368752539158,1.3824368752539158,0.0
double_dqn,800,568,87.85853409767151,81.53309579640629,29.63385860621929,58.22467577457428,1.5839463649317622,17753.4552192688,0.0,26.0,0.0,0.0,0.050000000000000044,1.1692260466516018,1.1692260466516018,0.0
double_dqn,800,569,76.27649187296629,81.9218775740266,27.934386931359768,48.34210495650768,1.4354766644537449,15342.935947418213,0.0,24.0,0.0,2.0,0.050000000000000044,1.0736607536673546,1.0736607536673546,0.0
double_dqn,800,570,85.11923789232969,82.15695277251305,29.09366535395384,56.025573432445526,1.5123172402381897,16862.363172531128,0.0,26.0,0.0,0.0,0.050000000000000044,1.1768812630325556,1.1768812630325556,0.0
double_dqn,800,571,93.56906707584858,83.47011226847768,30.522676691412926,63.04638999700546,1.5762364100664854,17683.40227508545,0.0,29.0,0.0,1.0,0.050000000000000044,1.2115813195705414,1.2115813195705414,0.0
double_dqn,800,572,70.71560837328434,82.15793789446354,27.657016530632973,43.05859166383743,1.4942922070622444,15884.388381958008,0.0,22.0,0.0,0.0,0.050000000000000044,1.1819332614541054,1.1819332614541054,0.0
double_dqn,800,573,68.1738628089428,81.60337421350182,25.264875829219818,42.90898715853691,1.4450516812503338,15082.026268005371,0.0,22.0,0.0,1.0,0.050000000000000044,1.1879159808158875,1.1879159808158875,0.0
double_dqn,800,574,94.98299700319767,82.7529455947131,31.14632198214531,63.836674991250035,1.5630985330790281,17812.66844177246,0.0,29.0,0.0,2.0,0.050000000000000044,1.128822235390544,1.128822235390544,0.0
double_dqn,800,575,67.27340271472931,82.22143578521909,25.26805879175663,42.005344131588934,1.404649643227458,14250.733283996582,0.0,21.0,0.0,1.0,0.050000000000000044,0.8963808296248317,0.8963808296248317,0.0
double_dqn,800,576,85.23528230190277,83.15896661609412,27.99424172192812,57.24104082584381,1.4877506392076612,16508.26557159424,0.0,28.0,0.0,0.0,0.050000000000000044,0.9473420977592468,0.9473420977592468,0.0
double_dqn,800,577,88.76354168355465,83.01448639139534,30.47498617321253,58.28855547308922,1.5764587642624974,17803.349658966064,0.0,25.0,0.0,0.0,0.050000000000000044,1.0833185575902462,1.0833185575902462,0.0
double_dqn,800,578,75.36432539820672,81.78305956937375,26.35668919980526,49.00763597488403,1.4415367553010583,15171.024826049805,0.0,22.0,0.0,1.0,0.050000000000000044,1.0581689309328794,1.0581689309328794,0.0
double_dqn,800,579,84.22269534617662,82.79032370708885,29.028741531074047,55.19395304024219,1.5234422544017434,16723.25394821167,0.0,26.0,0.0,2.0,0.050000000000000044,1.0500196926295757,1.0500196926295757,0.0
double_dqn,800,580,91.04311449825764,83.65583530955017,28.79933676123619,62.2437781393528,1.548685229383409,17161.89613342285,0.0,27.0,0.0,0.0,0.050000000000000044,0.9816338317468762,0.9816338317468762,0.0
double_dqn,800,581,75.70390243977309,83.37804333671929,27.929752625524998,47.77414956092834,1.4454889502376318,16003.067821502686,0.0,22.0,0.0,1.0,0.050000000000000044,0.9991543423384428,0.9991543423384428,0.0
double_dqn,800,582,66.83374629318715,82.69124178767206,25.55060811340809,41.28313806056976,1.4377492377534509,15098.639331817627,0.0,20.0,0.0,2.0,0.050000000000000044,1.2028963537886739,1.2028963537886739,0.0
double_dqn,800,583,95.78021952062845,82.94591533757747,34.98583345860243,60.794386345148084,1.6687375018373132,20030.089099884033,0.0,28.0,0.0,3.0,0.050000000000000044,1.0108226537704468,1.0108226537704468,0.0
double_dqn,800,584,79.84053209424019,82.97892465241253,28.08795741200447,51.75257462263107,1.4978290032595396,16281.208045959473,0.0,23.0,0.0,1.0,0.050000000000000044,0.9992942065000534,0.9992942065000534,0.0
double_dqn,800,585,73.99982678294182,82.4409951748699,26.931468948721886,47.068357267975806,1.4658121624961495,15695.52437210083,0.0,24.0,0.0,1.0,0.050000000000000044,1.0208636354655027,1.0208636354655027,0.0
double_dqn,800,586,69.53261722773314,81.43317579984665,26.0480020865798,43.48461537957191,1.4544814359396696,15591.707759857178,0.0,20.0,0.0,1.0,0.050000000000000044,1.1067420523613691,1.1067420523613691,0.0
double_dqn,800,587,90.38850499093533,81.0338755208254,29.486388631165028,60.902116590738295,1.525613822042942,16799.114784240723,0.0,27.0,0.0,2.0,0.050000000000000044,1.2581371292471886,1.2581371292471886,0.0
double_dqn,800,588,79.08693308532239,80.59529547020796,27.91342644393444,51.17350695431232,1.5048845298588276,16102.418487548828,0.0,25.0,0.0,4.0,0.050000000000000044,0.9100174643099308,0.9100174643099308,0.0
double_dqn,800,589,83.82197143882513,80.97256944850088,27.993968293070793,55.82800316810608,1.5050036674365401,16065.502670288086,0.0,26.0,0.0,1.0,0.050000000000000044,1.0031539257615805,1.0031539257615805,0.0
double_dqn,800,590,75.25137535482645,80.47917632162572,27.351817570626736,47.89955744147301,1.4984967708587646,16206.521263122559,0.0,24.0,0.0,1.0,0.050000000000000044,1.0921402256935835,1.0921402256935835,0.0
double_dqn,800,591,109.74607765823603,81.28802685074508,34.67022339999676,75.07585420608521,1.6584701305255294,19507.188858032227,0.0,31.0,0.0,2.0,0.050000000000000044,1.2102786973118782,1.2102786973118782,0.0
double_dqn,800,592,81.3905155748129,81.82177221082152,28.549767784774303,52.840747439861296,1.4893823061138391,16417.71143722534,0.0,24.0,0.0,2.0,0.050000000000000044,1.1234720051288605,1.1234720051288605,0.0
double_dqn,800,593,68.0072742253542,81.81344278164208,26.00276942551136,42.0045046210289,1.4441853435710073,15021.031242370605,0.0,19.0,0.0,0.0,0.050000000000000044,1.1134725380688906,1.1134725380688906,0.0
double_dqn,800,594,69.57789839953185,80.54318785145881,26.196429632604122,43.38146837949753,1.4444671487435699,15362.358581542969,0.0,21.0,0.0,3.0,0.050000000000000044,0.943228654563427,0.943228654563427,0.0
double_dqn,800,595,79.70101523548365,81.16456847749653,29.753597982227802,49.94741722345352,1.4947554748505354,16918.37805557251,0.0,23.0,0.0,1.0,0.050000000000000044,1.4265110045671463,1.4265110045671463,0.0
double_dqn,800,596,69.03449309617281,80.35452901721003,27.188356168568134,41.84613662958145,1.4261039225384593,15142.94151687622,0.0,20.0,0.0,0.0,0.050000000000000044,0.781257277354598,0.781257277354598,0.0
double_dqn,800,597,69.44417356103659,79.38856061108412,26.444294027984142,42.999879667162894,1.443254929035902,15211.565906524658,0.0,22.0,0.0,3.0,0.050000000000000044,1.1091092862188816,1.1091092862188816,0.0
double_dqn,800,598,79.86708115041256,79.61369839869442,27.782529547810555,52.08455166220665,1.510584550909698,16393.560974121094,0.0,24.0,0.0,1.0,0.050000000000000044,1.1438576355576515,1.1438576355576515,0.0
double_dqn,800,599,67.24515024721623,78.76482114374639,27.39456258714199,39.85058795809746,1.4297120738774538,15719.966567993164,0.0,20.0,0.0,1.0,0.050000000000000044,0.9661173252388835,0.9661173252388835,0.0
