variant,model_seed,episode,cost,rolling_cost,immediate_cost,penalty,energy_use,latency_ms,thermal_violation,energy_violation,queue_violation,contact_violation,epsilon,loss,td_loss,auxiliary_loss
double_dqn,802,0,117.51771372198749,117.51771372198749,35.83170376718044,81.68600983559776,1.7264740923419595,21663.689514160156,0.0,32.0,7.0,2.0,0.9954761904761905,,,
double_dqn,802,1,217.26381774633722,167.39076573416236,46.59637212753296,170.66744561880427,1.965910098515451,27926.671543121338,0.0,37.0,38.0,2.0,0.9909523809523809,2.1500167846679688,2.1500167846679688,0.0
double_dqn,802,2,167.96579406192458,167.58244184341643,44.84817211329937,123.11762145688688,1.9080088920891285,26724.202533721924,0.0,33.0,25.0,1.0,0.9864285714285714,1.9091441556811333,1.9091441556811333,0.0
double_dqn,802,3,185.8722271900132,172.15488818006563,44.56601031124592,141.30621683406383,1.971857650205493,27561.36661529541,0.0,34.0,23.0,2.0,0.981904761904762,1.9536148831248283,1.9536148831248283,0.0
double_dqn,802,4,105.0955648869276,158.74302352143803,34.67276065796614,70.42280392348766,1.6484686452895403,20800.173027038574,0.0,31.0,0.0,0.0,0.9773809523809524,1.7960972264409065,1.7960972264409065,0.0
double_dqn,802,5,121.25159154217462,152.49445152489412,45.118638068437576,76.1329526839755,1.876912558451295,26471.745491027832,0.0,32.0,2.0,1.0,0.9728571428571429,1.455353207886219,1.455353207886219,0.0
double_dqn,802,6,122.85825012686472,148.2607084680328,38.2819249778986,84.5763247317336,1.7716882629320025,23022.338722229004,0.0,33.0,7.0,0.0,0.9683333333333334,1.1502763479948044,1.1502763479948044,0.0
double_dqn,802,7,108.72086971521378,143.3182286239304,41.84923408180475,66.87163504481316,1.8256328478455544,25060.586265563965,0.0,30.0,1.0,0.0,0.9638095238095238,1.0620678178966045,1.0620678178966045,0.0
double_dqn,802,8,117.04620985620294,140.39911542751622,37.60219042003155,79.4440185868052,1.7451585214585066,22707.178966522217,0.0,33.0,4.0,0.0,0.9592857142857143,1.0029341205954552,1.0029341205954552,0.0
double_dqn,802,9,122.356859408319,138.5948898255965,42.490374974906445,79.86648543179035,1.7772317240014672,24609.068981170654,0.0,33.0,0.0,0.0,0.9547619047619048,0.7117141857743263,0.7117141857743263,0.0
double_dqn,802,10,103.09040859341621,135.3672097135801,37.06218063831329,66.02822786569595,1.7078590150922537,22158.42297744751,0.0,27.0,0.0,1.0,0.9502380952380952,0.5315994080156088,0.5315994080156088,0.0
double_dqn,802,11,107.60138615352062,133.05339108357518,36.223332569003105,71.37805383783726,1.7489724084734917,22491.074993133545,0.0,31.0,1.0,1.0,0.9457142857142857,0.3821953870356083,0.3821953870356083,0.0
double_dqn,802,12,152.51493122881567,134.55043263320906,39.72238165140152,112.79254965191998,1.9144757073372602,25089.462036132812,0.0,34.0,25.0,2.0,0.9411904761904761,0.3187905289232731,0.3187905289232731,0.0
double_dqn,802,13,146.87152745727062,135.43051083492773,38.989351227879524,107.88217594626903,1.8467323603108525,24342.10313796997,0.0,34.0,16.0,0.0,0.9366666666666666,0.2887183576822281,0.2887183576822281,0.0
double_dqn,802,14,125.9621618628502,134.79928757012257,46.10702668130398,79.85513463020325,1.8166704820469022,26217.81187438965,0.0,34.0,0.0,1.0,0.9321428571428572,0.2641598116606474,0.2641598116606474,0.0
double_dqn,802,15,179.23250852351572,137.57636387970965,45.08443607389927,134.1480725092211,1.9753298768773675,27391.112258911133,0.0,36.0,23.0,2.0,0.9276190476190476,0.6048122420907021,0.6048122420907021,0.0
double_dqn,802,16,92.16381612420082,134.9050375411503,35.777636371552944,56.38617965579033,1.6475335266441107,21505.030227661133,0.0,26.0,0.0,0.0,0.9230952380952381,0.642812367528677,0.642812367528677,0.0
double_dqn,802,17,108.56077241301537,133.44146725625393,35.198452070355415,73.36232035756112,1.6501768361777067,20470.34893798828,0.0,32.0,0.0,1.0,0.9185714285714286,0.43472205102443695,0.43472205102443695,0.0
double_dqn,802,18,124.10319322788663,132.94997914949775,40.89127776026726,83.21191566133447,1.836080969311297,24762.778076171875,0.0,33.0,13.0,0.0,0.914047619047619,0.331991377286613,0.331991377286613,0.0
double_dqn,802,19,126.35029131097603,132.61999475757165,41.70135375112295,84.64893772376585,1.8015258572995663,24739.976585388184,0.0,32.0,13.0,1.0,0.9095238095238095,0.2982866559177637,0.2982866559177637,0.0
double_dqn,802,20,180.9682489229242,135.79252151761847,45.039379477500916,135.92886944542332,2.0370727330446243,28374.715307235718,0.0,33.0,25.0,0.0,0.905,0.26792292669415474,0.26792292669415474,0.0
double_dqn,802,21,142.3329507384891,132.0459781672261,43.22895482927561,99.10399599862043,1.8651907872408628,25600.675708770752,0.0,33.0,27.0,2.0,0.9004761904761904,0.28317540045827627,0.28317540045827627,0.0
double_dqn,802,22,156.46036237881822,131.4707065830708,46.34791315346956,110.11244932220622,1.9068127209320664,27508.49813079834,0.0,35.0,21.0,0.0,0.895952380952381,0.2525501027703285,0.2525501027703285,0.0
double_dqn,802,23,127.91927152342039,128.57305879974115,39.76470889151096,88.15456324285704,1.7580940062180161,23623.49568939209,0.0,35.0,10.0,0.0,0.8914285714285715,0.6398983504623175,0.6398983504623175,0.0
double_dqn,802,24,108.12740862369537,128.7246509865795,36.8589653223753,71.26844325661659,1.6722834836691618,21253.10585784912,0.0,31.0,0.0,0.0,0.8869047619047619,0.6497430950403214,0.6497430950403214,0.0
double_dqn,802,25,124.01260554790497,128.86270168686602,42.85197673738003,81.16062879562378,1.811284651979804,24420.311630249023,0.0,35.0,0.0,0.0,0.8823809523809524,0.43929937668144703,0.43929937668144703,0.0
double_dqn,802,26,191.7076478918422,132.30517157511488,42.713393434882164,148.9942545314658,2.033428686670959,27160.051361083984,0.0,37.0,19.0,2.0,0.8778571428571429,0.36883997824043036,0.36883997824043036,0.0
double_dqn,802,27,108.67043285220862,132.30264973196464,38.16706634312868,70.50336697101594,1.6480175936594605,21403.91307449341,0.0,31.0,0.0,2.0,0.8733333333333333,0.3794465232640505,0.3794465232640505,0.0
double_dqn,802,28,111.92491689324379,132.04658508381667,39.733144856989384,72.19177186489105,1.722038770094514,23085.15126800537,0.0,31.0,0.0,0.0,0.8688095238095238,0.3190842382609844,0.3190842382609844,0.0
double_dqn,802,29,119.32729865923562,131.8951070463625,38.252938866615295,81.07435968831217,1.7253774711862206,22472.013801574707,0.0,33.0,9.0,1.0,0.8642857142857143,0.2943309536203742,0.2943309536203742,0.0
double_dqn,802,30,108.61247257888317,132.17121024563588,41.00174652040005,67.61072619259357,1.7681763833388686,24001.53126525879,0.0,30.0,0.0,2.0,0.8597619047619047,0.3863746551796794,0.3863746551796794,0.0
double_dqn,802,31,104.05436560976403,131.99385921844802,36.47253801673651,67.58182807731527,1.6816355902701616,21651.98601913452,0.0,32.0,2.0,0.0,0.8552380952380952,0.827312221750617,0.827312221750617,0.0
double_dqn,802,32,121.12777974605561,130.42450164431003,37.15946585685015,83.9683142989874,1.7554494021460414,22732.545448303223,0.0,37.0,0.0,2.0,0.8507142857142858,0.6294403206557035,0.6294403206557035,0.0
double_dqn,802,33,119.38128500986721,129.04998952193984,41.28022786974907,78.10105725932743,1.8309031398966908,24929.222049713135,0.0,32.0,5.0,1.0,0.8461904761904762,0.46499806083738804,0.46499806083738804,0.0
double_dqn,802,34,202.77005632827996,132.89038424521135,40.82867433130741,161.94138214598416,1.9172614207491279,25525.05491256714,0.0,34.0,31.0,1.0,0.8416666666666667,0.471789195202291,0.471789195202291,0.0
double_dqn,802,35,113.48124136924744,129.60282088749796,40.421624064445496,73.05961852669716,1.7673174478113651,23655.19492340088,0.0,31.0,0.0,1.0,0.8371428571428572,0.37299531046301126,0.37299531046301126,0.0
double_dqn,802,36,85.37290664762259,129.26327541366905,31.45556800812483,53.917338877916336,1.571925668977201,18830.715950012207,0.0,25.0,0.0,1.0,0.8326190476190476,0.49107883032411337,0.49107883032411337,0.0
double_dqn,802,37,132.8248421075947,130.476478898398,38.65337432920933,94.17146751761504,1.840985406190157,23459.417778015137,0.0,33.0,11.0,3.0,0.8280952380952381,0.4125100439414382,0.4125100439414382,0.0
double_dqn,802,38,94.05160505324602,128.97389948966597,32.4300065562129,61.6215982735157,1.6480654049664736,19956.627101898193,0.0,27.0,0.0,1.0,0.8235714285714286,0.3792202565819025,0.3792202565819025,0.0
double_dqn,802,39,111.24014295637608,128.21839207193597,40.986351653933525,70.25379066169262,1.7649085614830256,23792.922397613525,0.0,29.0,0.0,2.0,0.819047619047619,0.9417227189987898,0.9417227189987898,0.0
double_dqn,802,40,111.13442784547806,124.72670101806366,39.1718592941761,71.9625680744648,1.7068544775247574,22743.217361450195,0.0,31.0,0.0,0.0,0.8145238095238095,0.6636369209736586,0.6636369209736586,0.0
double_dqn,802,41,109.61887208372355,123.09099708532537,37.618329145014286,72.00054293870926,1.7116367518901825,21852.34937095642,0.0,32.0,0.0,0.0,0.81,0.5473670391365886,0.5473670391365886,0.0
double_dqn,802,42,130.32679753363132,121.78431884306603,42.23289433121681,88.09390341103077,1.8470115121454,24499.641941070557,0.0,37.0,1.0,1.0,0.8054761904761905,0.5460107224062085,0.5460107224062085,0.0
double_dqn,802,43,98.46740032136441,120.31172528296324,38.44401873648167,60.02338136136532,1.6427972931414843,21626.20849609375,0.0,26.0,0.0,1.0,0.800952380952381,0.5013219909742475,0.5013219909742475,0.0
double_dqn,802,44,102.72168813049794,120.04143925830336,35.5734341442585,67.14825429916382,1.6325325639918447,20602.340421676636,0.0,29.0,0.0,2.0,0.7964285714285715,0.4634913522750139,0.4634913522750139,0.0
double_dqn,802,45,125.17430587034538,120.0995242744254,44.90136955678463,80.27293634336307,1.861330484971404,25871.474952697754,0.0,32.0,4.0,2.0,0.7919047619047619,0.45348589308559895,0.45348589308559895,0.0
double_dqn,802,46,106.36748839318753,115.83251629949268,37.34797120094299,69.01951780319214,1.69845646712929,22156.15199279785,0.0,30.0,0.0,2.0,0.7873809523809524,0.682526140473783,0.682526140473783,0.0
double_dqn,802,47,101.26842705905437,115.46241600983494,36.37546609342098,64.89296051859856,1.6217574942857027,20631.60163116455,0.0,29.0,0.0,0.0,0.7828571428571429,0.8310637604445219,0.8310637604445219,0.0
double_dqn,802,48,109.2674102857709,115.3295406794613,36.605335392057896,72.66207474470139,1.7571844281628728,22174.422256469727,0.0,29.0,0.0,2.0,0.7783333333333333,0.6716436110436916,0.6716436110436916,0.0
double_dqn,802,49,114.5714503750205,115.09174826525054,38.11996551603079,76.45148485898972,1.7787276161834598,22928.149963378906,0.0,31.0,0.0,2.0,0.7738095238095238,0.6066910549998283,0.6066910549998283,0.0
double_dqn,802,50,111.98152143508196,115.26020070806048,42.54273334890604,69.43878844380379,1.762011363171041,24377.02986907959,0.0,30.0,0.0,0.0,0.7692857142857144,0.5872232709079981,0.5872232709079981,0.0
double_dqn,802,51,121.82942773696652,116.1489538144206,39.28789610415697,82.54153154340258,1.8379632672294974,24282.935863494873,0.0,33.0,3.0,1.0,0.7647619047619048,0.4584827208891511,0.4584827208891511,0.0
double_dqn,802,52,113.34223991632462,115.75967682293405,38.279761619865894,75.06247852742672,1.6881123688071966,21969.946964263916,0.0,33.0,0.0,1.0,0.7602380952380953,0.5605904776602983,0.5605904776602983,0.0
double_dqn,802,53,127.53280550526044,116.16725284770371,38.119913190603256,89.4128923146572,1.8394361697137356,23402.172397613525,0.0,33.0,24.0,1.0,0.7557142857142858,0.5371023174375296,0.5371023174375296,0.0
double_dqn,802,54,105.52502376735211,111.30500121965733,34.85598246753216,70.66904159784318,1.6869218237698078,20502.04354095459,0.0,30.0,0.0,1.0,0.7511904761904762,0.8955660406500101,0.8955660406500101,0.0
double_dqn,802,55,104.26019957661629,110.84394913002578,38.636685237288475,65.62351527810097,1.6818287260830402,22311.253635406494,0.0,27.0,0.0,0.0,0.7466666666666667,0.8047495260834694,0.8047495260834694,0.0
double_dqn,802,56,95.32411329597235,111.34150946244327,34.82439421862364,60.49971983730793,1.6120195416733623,20138.429805755615,0.0,27.0,0.0,1.0,0.7421428571428572,0.6181246638298035,0.6181246638298035,0.0
double_dqn,802,57,100.35065902024508,109.71780030807577,34.76812519133091,65.58253392577171,1.647030895575881,20131.205974578857,0.0,29.0,0.0,0.0,0.7376190476190476,0.7514785453677177,0.7514785453677177,0.0
double_dqn,802,58,117.69641125500202,110.90004061816357,37.04078257083893,80.65562819242477,1.7463546954095364,21840.069213867188,0.0,33.0,0.0,2.0,0.7330952380952381,0.5638472335413098,0.5638472335413098,0.0
double_dqn,802,59,121.08319653570652,111.39219329713009,36.91805803775787,84.165137976408,1.7378257252275944,22069.5094871521,0.0,36.0,0.0,0.0,0.7285714285714286,0.7279302291572094,0.7279302291572094,0.0
double_dqn,802,60,146.3488225833059,113.15291303402148,42.473949670791626,103.87487268899683,1.9598911423236132,25992.474487304688,0.0,35.0,14.0,1.0,0.724047619047619,0.5897557782009244,0.5897557782009244,0.0
double_dqn,802,61,115.20410803705454,113.43217483168803,37.18692193180323,78.01718610525131,1.7354685720056295,21730.286224365234,0.0,32.0,0.0,1.0,0.7195238095238095,0.7277611885219812,0.7277611885219812,0.0
double_dqn,802,62,107.35428166389465,112.2835490382012,36.993805184960365,70.36047640442848,1.6659690774977207,21110.71417617798,0.0,29.0,0.0,1.0,0.7150000000000001,0.9306494705379009,0.9306494705379009,0.0
double_dqn,802,63,112.21088868379593,112.97072345632277,39.94112405180931,72.26976402103901,1.7120208460837603,23073.77049636841,0.0,31.0,0.0,0.0,0.7104761904761905,0.8822679631412029,0.8822679631412029,0.0
double_dqn,802,64,120.52308639883995,113.86079336973987,41.61755779385567,78.90552805364132,1.7760523688048124,23952.53363418579,0.0,33.0,0.0,0.0,0.7059523809523809,0.7154294103384018,0.7154294103384018,0.0
double_dqn,802,65,113.09064123034477,113.25661013773984,36.941048696637154,76.14959226548672,1.764608602039516,21822.81865310669,0.0,33.0,0.0,0.0,0.7014285714285715,0.7943150512874126,0.7943150512874126,0.0
double_dqn,802,66,111.47212383151054,113.511841909656,36.93221653997898,74.5399070084095,1.7331192689016461,21746.16647720337,0.0,31.0,0.0,0.0,0.6969047619047619,0.733388390392065,0.733388390392065,0.0
double_dqn,802,67,108.95274616032839,113.89605786471971,37.09297091513872,71.85977545380592,1.6457393961027265,21169.399452209473,0.0,31.0,0.0,0.0,0.6923809523809523,0.6826997641474009,0.6826997641474009,0.0
double_dqn,802,68,104.71584268808365,113.66847948483534,37.27741873264313,67.43842346370221,1.616381331346929,20791.83436203003,0.0,31.0,0.0,1.0,0.687857142857143,0.767601266503334,0.767601266503334,0.0
double_dqn,802,69,99.35230745077133,112.90752233862288,35.953540086746216,63.3987674087286,1.6498821265995502,20337.215602874756,0.0,27.0,0.0,3.0,0.6833333333333333,0.6701872013509274,0.6701872013509274,0.0
double_dqn,802,70,100.56429684460163,112.33666110909887,38.15073575079441,62.413561183214185,1.6503697112202644,21290.92631149292,0.0,27.0,0.0,3.0,0.6788095238095238,1.0661947317421436,1.0661947317421436,0.0
double_dqn,802,71,249.62578748407776,118.72647909645443,41.38235127925873,208.2434362048191,1.98854124173522,25834.762691497803,0.0,38.0,38.0,1.0,0.6742857142857144,0.8560803923755884,0.8560803923755884,0.0
double_dqn,802,72,125.26839612424374,119.32278690685038,40.981103390455246,84.28729298710823,1.8212213488295674,24090.532943725586,0.0,34.0,0.0,0.0,0.6697619047619048,0.7713503707200289,0.7713503707200289,0.0
double_dqn,802,73,88.575320109725,117.37491263707359,30.53278623521328,58.04253450036049,1.560351675376296,17715.752305984497,0.0,26.0,0.0,1.0,0.6652380952380952,0.823327474296093,0.823327474296093,0.0
double_dqn,802,74,116.02564406394958,117.8999436519035,38.62567576766014,77.3999682366848,1.7031615795567632,21813.21128463745,0.0,33.0,0.0,2.0,0.6607142857142857,0.869107324630022,0.869107324630022,0.0
double_dqn,802,75,122.15669006109238,118.79476817612729,43.71189123392105,78.44479915499687,1.7824849598109722,24251.72882080078,0.0,34.0,0.0,0.0,0.6561904761904762,0.8353796824812889,0.8353796824812889,0.0
double_dqn,802,76,109.74065437912941,119.51559523028513,39.789708241820335,69.9509465098381,1.7235394166782498,22292.668128967285,0.0,33.0,0.0,0.0,0.6516666666666667,0.8368333224207163,0.8368333224207163,0.0
double_dqn,802,77,105.35346541702748,119.76573555012426,35.083434119820595,70.2700314462185,1.6390638640150428,19909.889450073242,0.0,31.0,0.0,1.0,0.6471428571428571,0.7859646715223789,0.7859646715223789,0.0
double_dqn,802,78,131.5213000959498,120.45697999217165,37.40507200360298,94.11622789863175,1.8182251350954175,22604.16058731079,0.0,37.0,16.0,1.0,0.6426190476190476,1.294810799881816,1.294810799881816,0.0
double_dqn,802,79,116.4441187620163,120.22502610348712,38.851554334163666,77.59256442785264,1.724103620275855,22149.48846435547,0.0,33.0,0.0,1.0,0.6380952380952382,0.9634239301085472,0.9634239301085472,0.0
double_dqn,802,80,116.59922655820847,118.73754630223227,38.03491820394993,78.56430844366551,1.7429639641195536,22166.82733154297,0.0,33.0,0.0,1.0,0.6335714285714286,0.9048125799745321,0.9048125799745321,0.0
double_dqn,802,81,99.64432660639287,117.95955723069919,34.90662783384323,64.73769869804383,1.7096935911104083,20969.035652160645,0.0,28.0,0.0,1.0,0.6290476190476191,0.8011311627924442,0.8011311627924442,0.0
double_dqn,802,82,101.93817415237427,117.68875185512317,35.522131100296974,66.41604329049588,1.611062215641141,19590.430797576904,0.0,30.0,0.0,3.0,0.6245238095238095,0.9648253992199898,0.9648253992199898,0.0
double_dqn,802,83,96.64019474387169,116.91021715812697,33.80197846889496,62.838216334581375,1.6073682019487023,19468.163272857666,0.0,27.0,0.0,0.0,0.62,0.8461545836180449,0.8461545836180449,0.0
double_dqn,802,84,114.34325749725103,116.60122571304753,37.679072603583336,76.6641847744584,1.7242617029696703,21939.563983917236,0.0,32.0,0.0,2.0,0.6154761904761905,0.8809817209839821,0.8809817209839821,0.0
double_dqn,802,85,114.29511960744858,116.6614496319027,39.63103476166725,74.66408490538598,1.8077669786289334,23453.752773284912,0.0,31.0,0.0,1.0,0.6109523809523809,0.9862786903977394,0.9862786903977394,0.0
double_dqn,802,86,93.44322642982006,115.76000476181818,36.04472890496254,57.39849770367145,1.6445473171770573,20665.053855895996,0.0,27.0,0.0,2.0,0.6064285714285714,1.2277042381465435,1.2277042381465435,0.0
double_dqn,802,87,123.441259765625,116.48443044208302,40.02511286735535,83.41614616811276,1.8316234443336725,23324.760944366455,0.0,36.0,0.0,2.0,0.6019047619047619,0.984737541526556,0.984737541526556,0.0
double_dqn,802,88,105.76749894917012,116.53701325513734,36.292673006653786,69.47482536137105,1.6771397683769464,20823.355125427246,0.0,31.0,0.0,1.0,0.5973809523809523,0.8495945148169994,0.8495945148169994,0.0
double_dqn,802,89,109.5143046528101,117.04511311523927,36.91415908932686,72.60014593601227,1.7223063074052334,21808.69776916504,0.0,31.0,0.0,1.0,0.592857142857143,0.9422785099595785,0.9422785099595785,0.0
double_dqn,802,90,119.91488154232502,118.01264235012543,41.52886435389519,78.38601675629616,1.7564013181254268,23293.94733428955,0.0,33.0,0.0,3.0,0.5883333333333334,0.87015182338655,0.87015182338655,0.0
double_dqn,802,91,106.55057801306248,110.85888187657467,36.63215255737305,69.91842575371265,1.6792925335466862,21132.356071472168,0.0,30.0,0.0,0.0,0.5838095238095238,1.1367085222154856,1.1367085222154856,0.0
double_dqn,802,92,119.39554713666439,110.5652394271957,37.785039864480495,81.61050713062286,1.777138652279973,22009.715953826904,0.0,34.0,0.0,0.0,0.5792857142857144,1.0394171811640263,1.0394171811640263,0.0
double_dqn,802,93,114.68000446408988,111.87047364491396,38.511185713112354,76.16881912350655,1.7755114864557981,22433.174505233765,0.0,30.0,0.0,2.0,0.5747619047619048,1.0765705294907093,1.0765705294907093,0.0
double_dqn,802,94,120.43794506788254,112.0910886951106,40.45608139783144,79.98186379671097,1.7358857207000256,22559.208168029785,0.0,34.0,0.0,1.0,0.5702380952380952,1.1292395051568747,1.1292395051568747,0.0
double_dqn,802,95,93.38032818436622,110.6522706012743,33.0898504704237,60.2904778778553,1.6384688513353467,19203.18703842163,0.0,26.0,0.0,4.0,0.5657142857142857,0.8424340765923262,0.8424340765923262,0.0
double_dqn,802,96,111.71228625774384,110.75085219520501,35.927778854966164,75.78450749218464,1.6889982195571065,20802.240852355957,0.0,34.0,0.0,1.0,0.5611904761904762,0.9332916159182787,0.9332916159182787,0.0
double_dqn,802,97,109.83086244761944,110.97472204673461,37.27041670680046,72.56044562160969,1.6990575660020113,20990.602787017822,0.0,31.0,0.0,1.0,0.5566666666666666,0.923552731052041,0.923552731052041,0.0
double_dqn,802,98,90.73284512758255,108.93529929831625,34.04436953365803,56.688475236296654,1.6128339925780892,19680.893062591553,0.0,27.0,0.0,1.0,0.5521428571428572,0.9328385926783085,0.9328385926783085,0.0
double_dqn,802,99,99.69981700181961,108.09808421030641,34.593504786491394,65.10631208121777,1.6206068573519588,19321.490970611572,0.0,29.0,0.0,1.0,0.5476190476190477,0.9014507438987494,0.9014507438987494,0.0
double_dqn,802,100,102.58687903285026,107.39746683403851,36.443668976426125,66.14321036934852,1.6290193106979132,20551.61901473999,0.0,28.0,0.0,2.0,0.5430952380952381,0.8853209409862757,0.8853209409862757,0.0
double_dqn,802,101,119.92426198720932,108.41146360307933,43.2258173674345,76.69844460487366,1.75215286295861,23795.410396575928,0.0,32.0,0.0,0.0,0.5385714285714286,1.1664304751902819,1.1664304751902819,0.0
double_dqn,802,102,112.23585052788258,108.92634742185473,35.386014848947525,76.84983563423157,1.6139973876997828,20030.700122833252,0.0,33.0,0.0,0.0,0.5340476190476191,1.2408951669931412,1.2408951669931412,0.0
double_dqn,802,103,115.22068632543088,109.8553720009327,37.999385088682175,77.22130019366742,1.816640255972743,22696.070907592773,0.0,32.0,0.0,1.0,0.5295238095238095,0.9224219601601362,0.9224219601601362,0.0
double_dqn,802,104,91.49398422539234,108.71290833733977,32.02078960835934,59.47319473624229,1.5963127566501498,18696.93690109253,0.0,26.0,0.0,2.0,0.525,0.8838916141539812,0.8838916141539812,0.0
double_dqn,802,105,107.53046864271164,108.37467578910294,41.48817028850317,66.0422979593277,1.7495926143601537,23868.620513916016,0.0,29.0,0.0,0.0,0.5204761904761905,0.9880651161074638,0.9880651161074638,0.0
double_dqn,802,106,90.33684525638819,108.21935673043131,32.54217717796564,57.794668316841125,1.5537142595276237,18707.117530822754,0.0,25.0,0.0,0.0,0.5159523809523809,1.1038355976343155,1.1038355976343155,0.0
double_dqn,802,107,99.78702008128167,107.03664474621414,34.28953763842583,65.4974829941988,1.5629469072446227,18931.263298034668,0.0,29.0,0.0,2.0,0.5114285714285716,1.0142510998994112,1.0142510998994112,0.0
double_dqn,802,108,116.84016474485398,107.59027803599834,41.06842140853405,75.77174278497696,1.7873105583712459,23738.15446472168,0.0,31.0,0.0,1.0,0.506904761904762,0.9522291123867035,0.9522291123867035,0.0
double_dqn,802,109,116.73652711510658,107.95138915911318,39.89434266090393,76.84218417108059,1.7305819662287831,22466.200805664062,0.0,33.0,0.0,0.0,0.5023809523809524,1.5368246659636497,1.5368246659636497,0.0
double_dqn,802,110,112.65533795952797,107.58841197997333,36.58215069025755,76.07318757474422,1.739552441984415,21441.739540100098,0.0,32.0,0.0,1.0,0.4978571428571429,1.2134400140494108,1.2134400140494108,0.0
double_dqn,802,111,111.41469166576863,107.83161766260862,37.775849267840385,73.63884211480618,1.725545920431614,21759.266262054443,0.0,31.0,0.0,3.0,0.4933333333333334,0.960747629404068,0.960747629404068,0.0
double_dqn,802,112,110.61448609232903,107.39256461039186,38.77867594361305,71.83581014871598,1.7152288723737001,21848.78142929077,0.0,32.0,0.0,1.0,0.4888095238095238,1.0109619218856096,1.0109619218856096,0.0
double_dqn,802,113,97.87944249808788,106.55253651209178,35.415704905986786,62.463737308979034,1.6606157645583153,20277.879665374756,0.0,27.0,0.0,0.0,0.4842857142857143,1.0618035160005093,1.0618035160005093,0.0
double_dqn,802,114,109.28618775308132,105.99494864635172,39.25986064970493,70.02632701396942,1.6984657607972622,21920.014961242676,0.0,31.0,0.0,0.0,0.4797619047619047,1.1838562712073326,1.1838562712073326,0.0
double_dqn,802,115,87.58784469366074,105.70532447181643,31.23557186871767,56.352272847294806,1.5496171675622463,17994.27170944214,0.0,26.0,0.0,2.0,0.47523809523809524,1.0829332657158375,1.0829332657158375,0.0
double_dqn,802,116,90.44414483904839,104.64191740088165,33.10312235355377,57.341022753715514,1.5674570435658097,18584.363542556763,0.0,25.0,0.0,1.0,0.47071428571428575,1.2692270018160343,1.2692270018160343,0.0
double_dqn,802,117,94.261699077487,103.86345923237502,36.44011313468218,57.82158636748791,1.6646602842956781,21010.39319229126,0.0,27.0,0.0,3.0,0.46619047619047627,1.5933112762868404,1.5933112762868404,0.0
double_dqn,802,118,89.0918071269989,103.78140733234586,29.513452917337418,59.57835426926613,1.5433207573369145,16583.50789642334,0.0,28.0,0.0,0.0,0.46166666666666667,1.4545032121241093,1.4545032121241093,0.0
double_dqn,802,119,130.32143733799458,105.31248834915459,46.305620819330215,84.01581724882126,1.7959549650549889,25336.50693511963,0.0,35.0,0.0,1.0,0.4571428571428572,1.16619941778481,1.16619941778481,0.0
double_dqn,802,120,85.28641225397587,104.44746501021086,31.95641976594925,53.32999235391617,1.5633230423554778,18355.206310272217,0.0,23.0,0.0,2.0,0.4526190476190477,1.2704675793647766,1.2704675793647766,0.0
double_dqn,802,121,113.24638010561466,104.11357091613112,39.061072900891304,74.1853078007698,1.762974824756384,22623.154865264893,0.0,31.0,0.0,0.0,0.4480952380952381,1.0354212671518326,1.0354212671518326,0.0
double_dqn,802,122,89.68454556912184,102.98600566819309,32.72883474826813,56.95571056008339,1.5756569765508175,18718.79001235962,0.0,26.0,0.0,1.0,0.4435714285714286,1.1129824854433537,1.1129824854433537,0.0
double_dqn,802,123,117.38023174107074,103.09398293897509,42.19358818233013,75.18664381206035,1.7794676991179585,23418.233238220215,0.0,34.0,0.0,2.0,0.439047619047619,1.1936300713568926,1.1936300713568926,0.0
double_dqn,802,124,105.980951705575,103.81833131298421,36.63800968229771,69.34294211268426,1.7028669323772192,21100.909698486328,0.0,30.0,0.0,3.0,0.43452380952380953,1.0934561267495155,1.0934561267495155,0.0
double_dqn,802,125,111.01226440221072,103.99242110095918,41.44790581613779,69.56435892879963,1.7518218057230115,23125.866424560547,0.0,30.0,0.0,1.0,0.43000000000000005,1.4520650319755077,1.4520650319755077,0.0
double_dqn,802,126,83.79035122841597,103.66509639956057,31.8522771820426,51.93807359933853,1.5344069078564644,17808.352058410645,0.0,25.0,0.0,2.0,0.42547619047619056,1.3706650845706463,1.3706650845706463,0.0
double_dqn,802,127,93.22556901872159,103.33702384643257,33.350223645567894,59.87534516453743,1.629619930870831,19008.55019378662,0.0,26.0,0.0,1.0,0.42095238095238097,1.108657892793417,1.108657892793417,0.0
double_dqn,802,128,95.20056931823493,102.25504407510164,33.42040791362524,61.780161225795744,1.608841652981937,18880.343173980713,0.0,26.0,0.0,1.0,0.41642857142857137,1.0420583561062813,1.0420583561062813,0.0
double_dqn,802,129,97.84744544476271,101.31058999158445,34.706518568098545,63.14092608690262,1.6173113454133272,19605.37174987793,0.0,27.0,0.0,1.0,0.4119047619047619,1.224677825346589,1.224677825346589,0.0
double_dqn,802,130,97.47292482852936,100.55146933503451,31.89274536073208,65.58017981052399,1.5974361319094896,18323.11225128174,0.0,29.0,0.0,1.0,0.4073809523809524,1.086689094081521,1.086689094081521,0.0
double_dqn,802,131,108.59428219497204,100.41044886149467,36.65042135119438,71.94386069476604,1.6874129762873054,21162.290992736816,0.0,30.0,0.0,1.0,0.4028571428571429,1.0331147443503141,1.0331147443503141,0.0
double_dqn,802,132,85.06566186994314,99.13300765037538,31.681108318269253,53.38455334305763,1.5835786880925298,18217.4676361084,0.0,24.0,0.0,1.0,0.39833333333333343,1.148084707558155,1.148084707558155,0.0
double_dqn,802,133,107.51472772657871,99.6147719117999,36.12400822341442,71.39071920514107,1.6993885654956102,20518.91875076294,0.0,32.0,0.0,0.0,0.39380952380952383,1.3877774812281132,1.3877774812281132,0.0
double_dqn,802,134,100.29441621899605,99.16518333509563,33.5707825422287,66.72363355755806,1.6521504521369934,19563.6969871521,0.0,31.0,0.0,1.0,0.38928571428571423,1.1318435799330473,1.1318435799330473,0.0
double_dqn,802,135,97.53689346462488,99.66263577364387,34.08472763746977,63.45216588675976,1.607550780288875,19467.383905410767,0.0,28.0,0.0,0.0,0.38476190476190475,1.5070229694247246,1.5070229694247246,0.0
double_dqn,802,136,93.07327009141446,99.79409203626217,33.837658539414406,59.23561214804649,1.6186482831835747,18987.778079986572,0.0,26.0,0.0,1.0,0.38023809523809526,1.2901739366352558,1.2901739366352558,0.0
double_dqn,802,137,98.72350896149874,100.01718253046275,33.219125509262085,65.50438350439072,1.566922390833497,18777.86993408203,0.0,29.0,0.0,0.0,0.3757142857142858,1.0340292863547802,1.0340292863547802,0.0
double_dqn,802,138,92.776858510077,100.20143509961665,32.058906361460686,60.71795263290405,1.5804832261055708,18081.276710510254,0.0,27.0,0.0,1.0,0.3711904761904763,1.2663549799472094,1.2663549799472094,0.0
double_dqn,802,139,99.88839749395848,98.67978310741486,32.96442091464996,66.92397646009923,1.6057463344186544,18839.294708251953,0.0,28.0,0.0,2.0,0.3666666666666667,1.5543863475322723,1.5543863475322723,0.0
double_dqn,802,140,96.06694001108409,99.21880949527026,32.23227334022522,63.834666752815245,1.5875617358833551,18391.10195541382,0.0,28.0,0.0,2.0,0.3621428571428572,1.3451622910797596,1.3451622910797596,0.0
double_dqn,802,141,99.52905279397964,98.5329431296885,35.10821317881346,64.42083992063999,1.6090903403237462,19624.342029571533,0.0,28.0,0.0,0.0,0.3576190476190476,1.7006789110600948,1.7006789110600948,0.0
double_dqn,802,142,114.74483051896095,99.78595737718047,38.21917849779129,76.52565199136734,1.6956346305087209,21582.03539276123,0.0,33.0,0.0,1.0,0.35309523809523813,1.5558182187378407,1.5558182187378407,0.0
double_dqn,802,143,96.67654784023762,98.7507731821388,35.59411160647869,61.08243651688099,1.682066754437983,20216.301822662354,0.0,28.0,0.0,0.0,0.34857142857142864,1.2157973926514387,1.2157973926514387,0.0
double_dqn,802,144,93.06909190118313,98.1051801919192,34.53948751091957,58.5296044498682,1.6026788093149662,19180.063621520996,0.0,27.0,0.0,0.0,0.34404761904761905,1.1434062402695417,1.1434062402695417,0.0
double_dqn,802,145,96.83915203809738,97.39652457371355,32.78897947818041,64.05017271637917,1.6099185347557068,18852.2953414917,0.0,30.0,0.0,1.0,0.33952380952380956,1.2833176162093878,1.2833176162093878,0.0
double_dqn,802,146,102.15891492366791,98.31495275847614,36.17109031975269,65.98782430589199,1.628377397544682,19994.86288833618,0.0,29.0,0.0,0.0,0.3350000000000001,1.196114333346486,1.196114333346486,0.0
double_dqn,802,147,68.689523473382,97.08815048120917,27.95892697572708,40.73059631884098,1.4322600197046995,15168.066959381104,0.0,20.0,0.0,1.0,0.3304761904761905,1.094146627932787,1.094146627932787,0.0
double_dqn,802,148,88.74255168437958,96.7652495995164,30.923542827367783,57.81900902092457,1.5913020512089133,17686.78475189209,0.0,28.0,0.0,1.0,0.325952380952381,1.4788965731859207,1.4788965731859207,0.0
double_dqn,802,149,96.91119036078453,96.71843684531748,34.1495485752821,62.76164175570011,1.6095853140577674,19226.662525177002,0.0,30.0,0.0,0.0,0.3214285714285714,1.5220245197415352,1.5220245197415352,0.0
double_dqn,802,150,90.24674690067768,96.3571279489249,33.05293983221054,57.193806800246236,1.5856871018186212,18525.743701934814,0.0,24.0,0.0,3.0,0.3169047619047619,1.4224270023405552,1.4224270023405552,0.0
double_dqn,802,151,102.81199280917645,96.06801347963511,36.813478104770184,65.99851469695568,1.6597473341971636,20564.53281402588,0.0,30.0,0.0,1.0,0.3123809523809524,1.298227433115244,1.298227433115244,0.0
double_dqn,802,152,99.54214198887348,96.79183748558162,34.33422173559666,65.2079202234745,1.5673078149557114,18978.699592590332,0.0,30.0,0.0,0.0,0.30785714285714294,1.3826435431838036,1.3826435431838036,0.0
double_dqn,802,153,96.89104122817517,96.26065316066146,35.98969155550003,60.90134988129139,1.6278750011697412,19606.844680786133,0.0,27.0,0.0,1.0,0.30333333333333345,1.4960765410214663,1.4960765410214663,0.0
double_dqn,802,154,114.67230981588364,96.97954784050584,35.765368059277534,78.90694180130959,1.6659822426736355,20378.45578765869,0.0,35.0,0.0,0.0,0.29880952380952375,1.2941418401896954,1.2941418401896954,0.0
double_dqn,802,155,93.0729875355959,96.75635254405441,31.542989253997803,61.52999802827835,1.5943851582705975,18080.062782287598,0.0,27.0,0.0,2.0,0.29428571428571426,1.237705321982503,1.237705321982503,0.0
double_dqn,802,156,93.69245010614395,96.78731154479087,32.91048385202885,60.78196606040001,1.5842787250876427,18694.56118774414,0.0,27.0,0.0,0.0,0.2897619047619048,1.521377358585596,1.521377358585596,0.0
double_dqn,802,157,106.27010733783246,97.16464146360757,36.861626625061035,69.40848081707955,1.6264809537678957,19941.78095626831,0.0,30.0,0.0,1.0,0.2852380952380953,1.7502420246601105,1.7502420246601105,0.0
double_dqn,802,158,105.94684320688248,97.82314069844783,39.263003155589104,66.68383973836899,1.6890910910442472,21530.775421142578,0.0,29.0,0.0,0.0,0.2807142857142858,1.6112319491803646,1.6112319491803646,0.0
double_dqn,802,159,90.08739257603884,97.33309045255184,33.3372612670064,56.75013144314289,1.5818450534716249,18271.5313911438,0.0,27.0,0.0,0.0,0.2761904761904763,1.2445157188922167,1.2445157188922167,0.0
double_dqn,802,160,97.58510697633028,97.40899880081415,34.22810810059309,63.3569982200861,1.614501953125,18987.985736846924,0.0,28.0,0.0,0.0,0.2716666666666666,1.563785132020712,1.563785132020712,0.0
double_dqn,802,161,95.91775970160961,97.22843414619565,35.14429235458374,60.773467391729355,1.6307086553424597,19791.2731590271,0.0,27.0,0.0,0.0,0.2671428571428571,1.4813364371657372,1.4813364371657372,0.0
double_dqn,802,162,94.06918139755726,96.19465169012547,32.22171688079834,61.84746487438679,1.5772737311199307,18097.90249633789,0.0,27.0,0.0,1.0,0.26261904761904764,1.2429770231246948,1.2429770231246948,0.0
double_dqn,802,163,94.12619049102068,96.06713382266462,33.077345974743366,61.04884438216686,1.5757756987586617,18592.132007598877,0.0,28.0,0.0,0.0,0.25809523809523816,1.774097878485918,1.774097878485918,0.0
double_dqn,802,164,97.91480390131474,96.3094194226712,33.16582931578159,64.74897473454476,1.5902089672163129,18518.08701324463,0.0,28.0,0.0,1.0,0.25357142857142867,1.917298462241888,1.917298462241888,0.0
double_dqn,802,165,88.84880403578282,95.90990202255549,32.5224633961916,56.32634102702141,1.5763046834617853,18410.15125656128,0.0,25.0,0.0,1.0,0.24904761904761907,1.3278829492628574,1.3278829492628574,0.0
double_dqn,802,166,69.11719673275948,94.25781611301007,28.992673814296722,40.12452275454998,1.469314127229154,15973.443607330322,0.0,20.0,0.0,2.0,0.2445238095238096,1.3931177239865065,1.3931177239865065,0.0
double_dqn,802,167,86.91996758729219,95.16933831870557,30.704546190798283,56.215421336889264,1.518267727456987,17282.23462677002,0.0,26.0,0.0,2.0,0.24,1.2649770975112915,1.2649770975112915,0.0
double_dqn,802,168,97.3957004621625,95.60199575759472,33.09235509485006,64.30334490537643,1.5843084240332246,18163.159912109375,0.0,29.0,0.0,0.0,0.2354761904761905,1.5176968183368444,1.5176968183368444,0.0
double_dqn,802,169,102.61475493013859,95.88717398606242,34.86351440101862,67.75124144554138,1.6632674792781472,19794.669771194458,0.0,29.0,0.0,2.0,0.23095238095238102,1.5680505447089672,1.5680505447089672,0.0
double_dqn,802,170,94.41316117346287,96.09549469970167,34.70856849849224,59.70459268987179,1.5950316665694118,18946.463233947754,0.0,28.0,0.0,0.0,0.22642857142857142,1.6956511661410332,1.6956511661410332,0.0
double_dqn,802,171,96.03555338084698,95.7566727282852,34.79479218274355,61.240761399269104,1.6291139284148812,19778.006855010986,0.0,27.0,0.0,1.0,0.22190476190476194,1.621905293315649,1.621905293315649,0.0
double_dqn,802,172,108.63948755711317,96.21154000669718,36.8883096203208,71.75117775797844,1.712472502142191,21173.721420288086,0.0,31.0,0.0,0.0,0.21738095238095245,1.5501112900674343,1.5501112900674343,0.0
double_dqn,802,173,78.85604485273362,95.30979018792512,31.184023767709732,47.67202063798904,1.4937772396951914,16980.69523048401,0.0,23.0,0.0,1.0,0.21285714285714286,1.4307998828589916,1.4307998828589916,0.0
double_dqn,802,174,95.74752578139305,94.36355098620058,34.25029743462801,61.497227877378464,1.5647005252540112,19010.569496154785,0.0,27.0,0.0,1.0,0.20833333333333337,1.2622862327843904,1.2622862327843904,0.0
double_dqn,802,175,74.39511527121067,93.42965737298132,29.067312940955162,45.32780185341835,1.4777121543884277,15971.384214401245,0.0,22.0,0.0,1.0,0.20380952380952377,1.6565847806632519,1.6565847806632519,0.0
double_dqn,802,176,92.55382463335991,93.37272609934212,32.39087437093258,60.16294991970062,1.5462880013510585,17884.263927459717,0.0,28.0,0.0,0.0,0.1992857142857143,1.4063666462898254,1.4063666462898254,0.0
double_dqn,802,177,88.7710558027029,92.49777352258563,33.71324561536312,55.057810232043266,1.5843703653663397,18743.398651123047,0.0,26.0,0.0,0.0,0.1947619047619048,1.4832297079265118,1.4832297079265118,0.0
double_dqn,802,178,95.7957086429,91.99021679438651,32.72871316969395,63.06699536144733,1.5772967841476202,18347.02646636963,0.0,29.0,0.0,1.0,0.19023809523809532,1.436319187283516,1.436319187283516,0.0
double_dqn,802,179,100.2312125504017,92.49740779310466,34.63140822947025,65.59980451464654,1.6546800266951323,19455.029136657715,0.0,28.0,0.0,2.0,0.18571428571428583,1.7384092137217522,1.7384092137217522,0.0
double_dqn,802,180,90.58568920195103,92.1474369043857,32.04032426327467,58.54536393284798,1.5403279475867748,17677.18634033203,0.0,27.0,0.0,0.0,0.18119047619047624,1.6698612608015537,1.6698612608015537,0.0
double_dqn,802,181,84.11620970964432,91.55735940478743,32.02462957799435,52.091580206155776,1.543933386914432,17644.578763961792,0.0,24.0,0.0,1.0,0.17666666666666664,1.4657750204205513,1.4657750204205513,0.0
double_dqn,802,182,66.80561161786318,90.19418091580273,28.18578127026558,38.61983013153076,1.4508819775655866,15780.263286590576,0.0,18.0,0.0,0.0,0.17214285714285715,1.4864557720720768,1.4864557720720768,0.0
double_dqn,802,183,66.56204890459776,88.81597383648158,27.010746955871582,39.55130207538605,1.4198869429528713,14687.093971252441,0.0,19.0,0.0,0.0,0.16761904761904767,1.4393692165613174,1.4393692165613174,0.0
double_dqn,802,184,101.63232249766588,89.00184976629913,35.278888553380966,66.35343365371227,1.6524679502472281,19795.42840194702,0.0,29.0,0.0,0.0,0.16309523809523818,1.364962175488472,1.364962175488472,0.0
double_dqn,802,185,89.60172326266766,89.03949572764338,30.42420544475317,59.17751804888248,1.5281282123178244,16849.782474517822,0.0,27.0,0.0,2.0,0.1585714285714287,1.5951984357088804,1.5951984357088804,0.0
double_dqn,802,186,108.0967680066824,90.98847429133953,35.31883154809475,72.77793665230274,1.6374179739505053,19587.855323791504,0.0,32.0,0.0,1.0,0.1540476190476191,1.5308846905827522,1.5308846905827522,0.0
double_dqn,802,187,90.15114989280701,91.15003340661526,32.96835757791996,57.18279273211956,1.5761005179956555,18075.62673187256,0.0,25.0,0.0,1.0,0.1495238095238095,1.7632083743810654,1.7632083743810654,0.0
double_dqn,802,188,96.95278002470732,91.12788738474251,33.388864018023014,63.56391596198082,1.6091185016557574,18489.158626556396,0.0,29.0,0.0,1.0,0.14500000000000002,1.7044443935155869,1.7044443935155869,0.0
double_dqn,802,189,82.65585122406483,90.12994219943883,32.441826581954956,50.21402510404587,1.5151056814938784,17362.33524131775,0.0,22.0,0.0,1.0,0.14047619047619053,2.114828158169985,2.114828158169985,0.0
double_dqn,802,190,99.81266913563013,90.39991759754719,34.31665901839733,65.49601024389267,1.6531612481921911,19566.05848121643,0.0,29.0,0.0,0.0,0.13595238095238105,1.4823860079050064,1.4823860079050064,0.0
double_dqn,802,191,89.62074149549008,90.07917700327934,33.04860219359398,56.57213958501816,1.5916132861748338,18254.12154006958,0.0,25.0,0.0,1.0,0.13142857142857145,1.6539563611149788,1.6539563611149788,0.0
double_dqn,802,192,98.15779823064804,89.55509253695608,35.36422338336706,62.793575286865234,1.650199151597917,19901.01696586609,0.0,28.0,0.0,0.0,0.12690476190476196,1.5451455526053905,1.5451455526053905,0.0
double_dqn,802,193,98.51702450960875,90.53814151979984,32.05896033346653,66.4580649137497,1.5892809489741921,17699.824409484863,0.0,28.0,0.0,1.0,0.12238095238095237,1.5849125273525715,1.5849125273525715,0.0
double_dqn,802,194,80.17949146777391,89.75973980411888,30.13697838038206,50.04251313209534,1.5112255066633224,16660.696392059326,0.0,23.0,0.0,1.0,0.11785714285714288,1.430709432810545,1.430709432810545,0.0
double_dqn,802,195,87.60304547250271,90.42013631418348,31.127270936965942,56.47577447593212,1.5186977479606867,16927.388465881348,0.0,27.0,0.0,1.0,0.1133333333333334,1.7563957870006561,1.7563957870006561,0.0
double_dqn,802,196,79.74877951294184,89.77988405816258,28.664267972111702,51.084511280059814,1.4583531245589256,15845.29080581665,0.0,23.0,0.0,1.0,0.1088095238095238,1.4527633339166641,1.4527633339166641,0.0
double_dqn,802,197,93.49010114371777,90.01583632521331,32.00008921325207,61.49001155793667,1.5313006332144141,17531.182872772217,0.0,28.0,0.0,1.0,0.10428571428571431,1.0106485355645418,1.0106485355645418,0.0
double_dqn,802,198,88.6000652462244,89.65605415537954,33.02898610383272,55.57107964158058,1.573985293507576,18297.90559387207,0.0,26.0,0.0,0.0,0.09976190476190483,1.4001386109739542,1.4001386109739542,0.0
double_dqn,802,199,79.55505648255348,88.62224635198713,28.648623645305634,50.906432539224625,1.4930365784093738,15574.1051902771,0.0,24.0,0.0,0.0,0.09523809523809534,1.5816706661134958,1.5816706661134958,0.0
double_dqn,802,200,79.65327213704586,88.07562549874187,29.525542125105858,50.127729907631874,1.500209791585803,16317.86731338501,0.0,25.0,0.0,0.0,0.09071428571428575,1.4775128345936537,1.4775128345936537,0.0
double_dqn,802,201,74.58926428109407,87.59927822731436,29.748833775520325,44.84043072164059,1.4868902117013931,16034.264221191406,0.0,21.0,0.0,0.0,0.08619047619047626,1.6457483246922493,1.6457483246922493,0.0
double_dqn,802,202,90.28162042796612,88.7730786678195,31.491512283682823,58.79010792076588,1.545576754026115,17153.57181930542,0.0,26.0,0.0,0.0,0.08166666666666667,1.4906022418290377,1.4906022418290377,0.0
double_dqn,802,203,83.60765223950148,89.6253588345647,30.732582189142704,52.87507043778896,1.5205887472257018,16745.138746261597,0.0,24.0,0.0,1.0,0.07714285714285718,1.9267124496400356,1.9267124496400356,0.0
double_dqn,802,204,98.13565938174725,89.45052567876876,32.62165920436382,65.5140001475811,1.5812316769734025,17977.825172424316,0.0,29.0,0.0,0.0,0.0726190476190477,1.6845749281346798,1.6845749281346798,0.0
double_dqn,802,205,92.24467730671168,89.58267338097096,33.03056774288416,59.21410990655422,1.5773130469024181,18237.50421524048,0.0,27.0,0.0,2.0,0.06809523809523821,1.5667253527790308,1.5667253527790308,0.0
double_dqn,802,206,93.82807359844446,88.86923866055906,32.368110440671444,61.45996354520321,1.5680179316550493,17619.05263900757,0.0,27.0,0.0,1.0,0.06357142857142861,1.413693092763424,1.413693092763424,0.0
double_dqn,802,207,78.50263837724924,88.28681308478117,30.50250193476677,48.00013676285744,1.5293007921427488,17000.7518119812,0.0,22.0,0.0,0.0,0.059047619047619015,1.42069960385561,1.42069960385561,0.0
double_dqn,802,208,75.17466647326947,87.19790740720927,29.543817907571793,45.63084884881973,1.480202897451818,16107.343196868896,0.0,21.0,0.0,1.0,0.05452380952380953,1.6754927970468998,1.6754927970468998,0.0
double_dqn,802,209,91.35312706232071,87.63277119912206,32.56811425834894,58.78501272201538,1.5871829679235816,18188.58364868164,0.0,27.0,0.0,0.0,0.050000000000000044,1.8732685782015324,1.8732685782015324,0.0
double_dqn,802,210,87.58533423393965,87.02140445403754,30.973959058523178,56.61137557029724,1.5391614846885204,16929.881748199463,0.0,25.0,0.0,0.0,0.050000000000000044,1.5561720207333565,1.5561720207333565,0.0
double_dqn,802,211,81.23390370607376,86.60206256456674,28.805301040410995,52.42860305309296,1.50463130697608,16119.786464691162,0.0,24.0,0.0,1.0,0.050000000000000044,1.9189094007015228,1.9189094007015228,0.0
double_dqn,802,212,76.80801859050989,85.53457358255982,29.274347715079784,47.5336705327034,1.4796583261340857,15801.417877197266,0.0,23.0,0.0,2.0,0.050000000000000044,1.4708318673074245,1.4708318673074245,0.0
double_dqn,802,213,63.38748302310705,83.77809650823473,26.130887545645237,37.25659494102001,1.4252486191689968,14335.739873886108,0.0,20.0,0.0,0.0,0.050000000000000044,1.6194898709654808,1.6194898709654808,0.0
double_dqn,802,214,88.66229099035263,84.20223648436367,31.13938082009554,57.522909745574,1.5595591701567173,17536.765518188477,0.0,25.0,0.0,0.0,0.050000000000000044,1.7348809260874987,1.7348809260874987,0.0
double_dqn,802,215,87.71605555862189,84.20788698866963,29.860065817832947,57.85598980784416,1.5113171245902777,16267.105945587158,0.0,26.0,0.0,1.0,0.050000000000000044,1.413123095408082,1.413123095408082,0.0
double_dqn,802,216,83.38922890275717,84.3899094581604,29.89346355199814,53.49576589465141,1.4978927010670304,16209.764595031738,0.0,25.0,0.0,0.0,0.050000000000000044,1.737044546753168,1.737044546753168,0.0
double_dqn,802,217,69.05957716107369,83.1683832590282,29.281651459634304,39.777925395965575,1.4586227918043733,15952.892107009888,0.0,19.0,0.0,1.0,0.050000000000000044,2.0497452802956104,2.0497452802956104,0.0
double_dqn,802,218,82.02424855679274,82.83959242455663,30.125490315258503,51.89875821173191,1.4979761997237802,16457.437198638916,0.0,23.0,0.0,1.0,0.050000000000000044,2.190731108188629,2.190731108188629,0.0
double_dqn,802,219,69.6450867369771,82.3440939372778,26.69876231253147,42.94632420837879,1.4403441911563277,14845.845252990723,0.0,22.0,0.0,1.0,0.050000000000000044,1.8035251684486866,1.8035251684486866,0.0
double_dqn,802,220,77.92157261818647,82.25750896133484,30.699322663247585,47.22225022315979,1.5189591981470585,16901.49583053589,0.0,22.0,0.0,1.0,0.050000000000000044,1.4101268723607063,1.4101268723607063,0.0
double_dqn,802,221,78.03689487427474,82.42989049099387,28.38688550889492,49.65000913441181,1.4587898133322597,15317.015703201294,0.0,24.0,0.0,1.0,0.050000000000000044,1.978803439065814,1.978803439065814,0.0
double_dqn,802,222,77.20357048660517,81.77598799392584,29.542352832853794,47.66121735572815,1.4993022130802274,16303.549365997314,0.0,21.0,0.0,1.0,0.050000000000000044,1.4247822109609842,1.4247822109609842,0.0
double_dqn,802,223,89.09997756928206,82.05060426041486,32.20979365706444,56.89018473923206,1.5626636920496821,18038.447647094727,0.0,24.0,0.0,1.0,0.050000000000000044,1.8467755187302828,1.8467755187302828,0.0
double_dqn,802,224,108.50872468352318,82.56925752550366,36.636814549565315,71.87191017866135,1.713697380386293,20443.700469970703,0.0,32.0,0.0,3.0,0.050000000000000044,1.6455405876040459,1.6455405876040459,0.0
double_dqn,802,225,74.76103042066097,81.69507518120112,27.169066302478313,47.59196397662163,1.453125011175871,14765.183506011963,0.0,24.0,0.0,0.0,0.050000000000000044,1.537031089887023,1.537031089887023,0.0
double_dqn,802,226,80.06346888244153,81.00684494540096,29.123335942626,50.94013305902481,1.491638159379363,15895.645217895508,0.0,24.0,0.0,1.0,0.050000000000000044,1.8633834943175316,1.8633834943175316,0.0
double_dqn,802,227,91.13652198016644,81.63853912554683,33.7333529740572,57.403169333934784,1.6031376831233501,18902.194675445557,0.0,25.0,0.0,0.0,0.050000000000000044,1.7789938747882843,1.7789938747882843,0.0
double_dqn,802,228,83.23341294527054,82.04147644914687,30.055753871798515,53.177659371495245,1.503734971396625,16377.259033203125,0.0,24.0,0.0,1.0,0.050000000000000044,1.9098469093441963,1.9098469093441963,0.0
double_dqn,802,229,83.3801062554121,81.64282540880144,29.476340368390083,53.90376567840576,1.5006997529417276,16071.462265014648,0.0,25.0,0.0,2.0,0.050000000000000044,1.8379678949713707,1.8379678949713707,0.0
double_dqn,802,230,78.49827511906624,81.18847245305777,30.387035056948662,48.111239689588544,1.489674742333591,16341.402225494385,0.0,23.0,0.0,3.0,0.050000000000000044,1.5563461147248745,1.5563461147248745,0.0
double_dqn,802,231,72.05019245296717,80.72928689040245,28.355007134377956,43.695185616612434,1.4554663253948092,15259.757190704346,0.0,20.0,0.0,0.0,0.050000000000000044,1.695665966719389,1.695665966719389,0.0
double_dqn,802,232,105.12136392444373,82.14495415709914,35.82581911236048,69.2955440223217,1.6670924415811896,19818.47583770752,0.0,30.0,0.0,2.0,0.050000000000000044,1.4891965724527836,1.4891965724527836,0.0
double_dqn,802,233,97.25562259107828,83.83836113549769,31.572018839418888,65.68360337913036,1.5581890065222979,17380.8296585083,0.0,29.0,0.0,2.0,0.050000000000000044,1.6799440905451775,1.6799440905451775,0.0
double_dqn,802,234,98.36461102366448,84.3234771371633,35.85729220509529,62.50731852054596,1.6913966927677393,20441.849822998047,0.0,27.0,0.0,2.0,0.050000000000000044,1.9113688841462135,1.9113688841462135,0.0
double_dqn,802,235,90.52868187725544,84.46410845309497,32.33594315499067,58.1927389383316,1.564571838825941,17644.276542663574,0.0,26.0,0.0,2.0,0.050000000000000044,2.0636975578963757,2.0636975578963757,0.0
double_dqn,802,236,71.21715421378613,83.85550471864642,27.84324273467064,43.37391138970852,1.4493830166757107,15192.157915115356,0.0,21.0,0.0,1.0,0.050000000000000044,1.7823168486356735,1.7823168486356735,0.0
double_dqn,802,237,83.78440422713757,84.59174607194961,29.89053203165531,53.89387280642986,1.4990509180352092,16303.593910217285,0.0,25.0,0.0,1.0,0.050000000000000044,1.6008813492953777,1.6008813492953777,0.0
double_dqn,802,238,75.06272132694721,84.24366971045734,29.79463082551956,45.26809038221836,1.4961080411449075,16548.218906402588,0.0,22.0,0.0,0.0,0.050000000000000044,1.8082706779241562,1.8082706779241562,0.0
double_dqn,802,239,98.49590000659228,85.68621037393811,34.50316982716322,63.992730313539504,1.6352997114881873,19266.63059234619,0.0,29.0,0.0,2.0,0.050000000000000044,1.8954021967947483,1.8954021967947483,0.0
double_dqn,802,240,102.13839943706989,86.89705171488227,33.08742938935757,69.05097010731697,1.637809238396585,18687.285270690918,0.0,30.0,0.0,0.0,0.050000000000000044,1.6936379857361317,1.6936379857361317,0.0
double_dqn,802,241,91.76709533631802,87.58356173798443,29.955795615911484,61.811299914121626,1.5320542994886637,16619.145999908447,0.0,27.0,0.0,1.0,0.050000000000000044,1.681461077183485,1.681461077183485,0.0
double_dqn,802,242,97.33688093870879,88.59022726058961,33.76325160264969,63.57362920939922,1.6053217640146613,18454.17812728882,0.0,28.0,0.0,1.0,0.050000000000000044,2.486450970172882,2.486450970172882,0.0
double_dqn,802,243,87.4397040605545,88.50721358515324,30.179472729563713,57.260231614112854,1.5167905213311315,16470.93605041504,0.0,27.0,0.0,0.0,0.050000000000000044,1.6985483467578888,1.6985483467578888,0.0
double_dqn,802,244,90.92310081422329,87.62793239168823,32.00479418039322,58.918306201696396,1.5566617837175727,18051.457960128784,0.0,26.0,0.0,0.0,0.050000000000000044,1.3473462220281363,1.3473462220281363,0.0
double_dqn,802,245,84.36088902503252,88.10792532190682,29.62585586309433,54.73503252863884,1.5276916828006506,16568.488357543945,0.0,25.0,0.0,0.0,0.050000000000000044,1.6941552981734276,1.6941552981734276,0.0
double_dqn,802,246,81.00600895434619,88.15505232550204,28.625310018658638,52.3806986451149,1.4538397919386625,15342.940441131592,0.0,25.0,0.0,1.0,0.050000000000000044,1.813041366636753,1.813041366636753,0.0
double_dqn,802,247,97.67208238840104,88.48183034591378,34.14076367020607,63.53131920993328,1.6046278132125735,18787.957386016846,0.0,27.0,0.0,1.0,0.050000000000000044,2.432049000635743,2.432049000635743,0.0
double_dqn,802,248,78.4218078032136,88.24125008881093,27.86503966897726,50.556768238544464,1.4545316928997636,15161.134077072144,0.0,25.0,0.0,1.0,0.050000000000000044,1.80148284137249,1.80148284137249,0.0
double_dqn,802,249,93.40300084650517,88.7423948183656,31.47912324219942,61.92387783527374,1.5671378560364246,17528.574573516846,0.0,28.0,0.0,0.0,0.050000000000000044,1.5536258071660995,1.5536258071660995,0.0
double_dqn,802,250,86.88278155177832,89.16162014000119,32.97676495462656,53.90601667165756,1.5789061039686203,17943.80809020996,0.0,26.0,0.0,2.0,0.050000000000000044,2.2508844435214996,2.2508844435214996,0.0
double_dqn,802,251,93.35104190558195,90.22666261263193,32.33662532269955,61.01441644132137,1.5806178357452154,17766.226161956787,0.0,28.0,0.0,0.0,0.050000000000000044,1.863339763134718,1.863339763134718,0.0
double_dqn,802,252,74.1101119890809,88.6761000158638,29.304501943290234,44.80561028420925,1.4834596877917647,15805.125743865967,0.0,23.0,0.0,1.0,0.050000000000000044,2.367532543838024,2.367532543838024,0.0
double_dqn,802,253,84.83319500237704,88.05497863642873,30.466212145984173,54.366983318328856,1.5077568423002958,16330.624164581299,0.0,24.0,0.0,1.0,0.050000000000000044,2.0344255715608597,2.0344255715608597,0.0
double_dqn,802,254,98.27250789999962,88.05037348024548,35.357315346598625,62.91519250869751,1.6203623218461871,19348.55323410034,0.0,28.0,0.0,1.0,0.050000000000000044,2.1640259996056557,2.1640259996056557,0.0
double_dqn,802,255,100.6151123046875,88.55469500161709,33.57519403845072,67.03991794586182,1.6068074041977525,18830.6287651062,0.0,30.0,0.0,2.0,0.050000000000000044,2.415254034101963,2.415254034101963,0.0
double_dqn,802,256,74.10627876967192,88.69915122941138,28.804054468870163,45.30222450196743,1.4773582331836224,15806.02292251587,0.0,22.0,0.0,0.0,0.050000000000000044,2.4372887052595615,2.4372887052595615,0.0
double_dqn,802,257,110.64926421046258,90.04239422857763,36.39540380984545,74.25386042296887,1.675273916684091,19953.34617614746,0.0,31.0,0.0,1.0,0.050000000000000044,2.2131501510739326,2.2131501510739326,0.0
double_dqn,802,258,88.6514008268714,90.72182820357384,32.14857570081949,56.50282509624958,1.553275728598237,17450.43041229248,0.0,27.0,0.0,0.0,0.050000000000000044,1.8797391206026077,1.8797391206026077,0.0
double_dqn,802,259,77.32512700557709,89.66328955352307,28.92179526388645,48.40333169698715,1.4544748840853572,15457.820377349854,0.0,23.0,0.0,0.0,0.050000000000000044,2.1292576268315315,2.1292576268315315,0.0
double_dqn,802,260,82.69324786961079,88.69103197515012,32.3077073469758,50.38553994894028,1.5418882491067052,17725.915214538574,0.0,24.0,0.0,0.0,0.050000000000000044,1.8838271759450436,1.8838271759450436,0.0
double_dqn,802,261,97.94019369781017,88.99968689322472,32.84995399415493,65.09023997187614,1.5951512791216373,18077.403366088867,0.0,29.0,0.0,0.0,0.050000000000000044,2.402301896363497,2.402301896363497,0.0
double_dqn,802,262,81.2581859767437,88.19575214512648,30.932132460176945,50.32605364322662,1.5299163181334734,16794.5341796875,0.0,24.0,0.0,1.0,0.050000000000000044,2.2684695441275835,2.2684695441275835,0.0
double_dqn,802,263,69.50670230686664,87.29910205744207,27.982863023877144,41.52383958101272,1.4418232655152678,15311.46206665039,0.0,20.0,0.0,2.0,0.050000000000000044,1.598011001944542,1.598011001944542,0.0
double_dqn,802,264,87.84515819847584,87.14520492665471,30.317151345312595,57.52800598144531,1.5205624187365174,16498.4715423584,0.0,26.0,0.0,1.0,0.050000000000000044,1.54023302718997,1.54023302718997,0.0
double_dqn,802,265,85.67387074232101,87.21085401251914,31.478127010166645,54.195743918418884,1.536168455146253,17606.69225502014,0.0,25.0,0.0,0.0,0.050000000000000044,1.8599353171885014,1.8599353171885014,0.0
double_dqn,802,266,75.16235914081335,86.91867152184248,28.91341668367386,46.24894246459007,1.474784609861672,15803.774602890015,0.0,23.0,0.0,1.0,0.050000000000000044,2.1964502781629562,2.1964502781629562,0.0
double_dqn,802,267,105.40370592474937,87.3052526986599,35.46844670176506,69.93525923788548,1.6333484407514334,19319.15217590332,0.0,30.0,0.0,0.0,0.050000000000000044,1.8200206942856312,1.8200206942856312,0.0
double_dqn,802,268,92.85795823484659,88.02706022024155,33.4154803827405,59.44247789680958,1.619602071121335,18708.62810897827,0.0,27.0,0.0,1.0,0.050000000000000044,1.620509084314108,1.620509084314108,0.0
double_dqn,802,269,79.07980998009444,87.31090067692102,28.37552909553051,50.70428101122379,1.4557803040370345,15524.212272644043,0.0,24.0,0.0,1.0,0.050000000000000044,1.9105679765343666,1.9105679765343666,0.0
double_dqn,802,270,92.12775713205338,87.57314945593478,31.8378184735775,60.28993867337704,1.555091904476285,17429.177925109863,0.0,28.0,0.0,0.0,0.050000000000000044,2.245817020535469,2.245817020535469,0.0
double_dqn,802,271,89.74626963585615,87.39291084244847,32.399606980383396,57.34666272997856,1.5706630209460855,17668.339973449707,0.0,27.0,0.0,0.0,0.050000000000000044,1.9158548079431057,1.9158548079431057,0.0
double_dqn,802,272,76.63235937803984,87.51902321189644,27.376422248780727,49.25593680143356,1.4608097095042467,14825.631763458252,0.0,24.0,0.0,1.0,0.050000000000000044,2.4352613165974617,2.4352613165974617,0.0
double_dqn,802,273,89.48487287163735,87.75160710535945,32.19032762944698,57.294545301795004,1.5343690579757094,17470.208339691162,0.0,25.0,0.0,1.0,0.050000000000000044,2.1744618713855743,2.1744618713855743,0.0
double_dqn,802,274,76.69459524154664,86.6727114724368,30.70730485022068,45.98729049563408,1.5029097329825163,16504.056774139404,0.0,22.0,0.0,1.0,0.050000000000000044,2.9225770756602287,2.9225770756602287,0.0
double_dqn,802,275,87.54000866413116,86.01895629040898,30.8053597509861,56.734648793935776,1.5515017118304968,17213.424633026123,0.0,26.0,0.0,1.0,0.050000000000000044,2.3087491542100906,2.3087491542100906,0.0
double_dqn,802,276,82.47324085384608,86.4373043946177,31.78750581294298,50.68573504090309,1.5854514949023724,17861.831130981445,0.0,24.0,0.0,1.0,0.050000000000000044,2.2378583885729313,2.2378583885729313,0.0
double_dqn,802,277,74.13699788600206,84.61169107839467,29.52980960160494,44.60718856751919,1.4717797376215458,16359.707832336426,0.0,22.0,0.0,0.0,0.050000000000000044,1.8028940707445145,1.8028940707445145,0.0
double_dqn,802,278,109.10660298168659,85.63445118613541,36.24757960438728,72.85902290046215,1.689499981701374,20319.57963180542,0.0,31.0,0.0,0.0,0.050000000000000044,1.7461946941912174,1.7461946941912174,0.0
double_dqn,802,279,80.8127973690629,85.80883470430972,28.99079240858555,51.8220045953989,1.496878007426858,15968.495727539062,0.0,24.0,0.0,1.0,0.050000000000000044,1.634073292836547,1.634073292836547,0.0
double_dqn,802,280,81.38753455132246,85.74354903839529,30.76504284143448,50.62249183654785,1.5206455448642373,16814.98797607422,0.0,24.0,0.0,0.0,0.050000000000000044,1.650548666715622,1.650548666715622,0.0
double_dqn,802,281,80.9374428987503,84.8934114984423,30.3811342343688,50.55630826950073,1.504465983249247,16310.17481803894,0.0,24.0,0.0,0.0,0.050000000000000044,2.3094198033213615,2.3094198033213615,0.0
double_dqn,802,282,89.76273700371385,85.3186390497908,31.294829715043306,58.46790745258331,1.5525014931336045,17225.0207157135,0.0,26.0,0.0,2.0,0.050000000000000044,1.8316568285226822,1.8316568285226822,0.0
double_dqn,802,283,102.21295496225358,86.95395168256016,34.018205031752586,68.19475022852421,1.6199784595519304,18846.779567718506,0.0,30.0,0.0,2.0,0.050000000000000044,1.9343190155923367,1.9343190155923367,0.0
double_dqn,802,284,95.68645589053631,87.34601656716318,32.168199360370636,63.51825612783432,1.5790040120482445,17710.842124938965,0.0,29.0,0.0,0.0,0.050000000000000044,2.246370390057564,2.246370390057564,0.0
double_dqn,802,285,78.79921335279941,87.00228369768709,29.486686289310455,49.312527421116826,1.494005924090743,16621.718557357788,0.0,22.0,0.0,4.0,0.050000000000000044,2.290861515328288,2.290861515328288,0.0
double_dqn,802,286,76.26630465686321,87.05748097348959,29.23785511404276,47.028449699282646,1.4748022723942995,15665.297374725342,0.0,22.0,0.0,1.0,0.050000000000000044,2.0741007700562477,2.0741007700562477,0.0
double_dqn,802,287,57.367080472409725,84.6556497008726,25.976611770689487,31.39046873152256,1.3929515313357115,13816.029481887817,0.0,18.0,0.0,1.0,0.050000000000000044,2.121541604399681,2.121541604399681,0.0
double_dqn,802,288,63.992016427218914,83.21235261049121,26.051210440695286,37.94080638885498,1.401626599021256,13795.66943359375,0.0,20.0,0.0,0.0,0.050000000000000044,1.7976309806108475,1.7976309806108475,0.0
double_dqn,802,289,96.37005235999823,84.0768647294864,32.46083849668503,63.90921288728714,1.5930768568068743,18217.432529449463,0.0,28.0,0.0,1.0,0.050000000000000044,3.1068096198141575,3.1068096198141575,0.0
double_dqn,802,290,90.09018445014954,83.97498609539122,32.95855391025543,57.13163033127785,1.5693021211773157,18130.364671707153,0.0,25.0,0.0,0.0,0.050000000000000044,2.1843874529004097,2.1843874529004097,0.0
double_dqn,802,291,81.4781142026186,83.56157832372934,29.886825621128082,51.59128901362419,1.5112310480326414,16701.921417236328,0.0,25.0,0.0,0.0,0.050000000000000044,1.7178357727825642,1.7178357727825642,0.0
double_dqn,802,292,92.3890206888318,84.34941138926894,33.09944876283407,59.289571940898895,1.58311328291893,18190.44337272644,0.0,28.0,0.0,1.0,0.050000000000000044,1.9990336634218693,1.9990336634218693,0.0
double_dqn,802,293,92.30765376389027,84.4905504338816,32.62502336502075,59.682630160450934,1.6194878499954939,18550.776054382324,0.0,26.0,0.0,2.0,0.050000000000000044,1.8940686360001564,1.8940686360001564,0.0
double_dqn,802,294,87.13127437233925,85.01238439042122,30.85871012508869,56.27256399393082,1.5375703582540154,16753.056591033936,0.0,26.0,0.0,0.0,0.050000000000000044,2.4359339587390423,2.4359339587390423,0.0
double_dqn,802,295,85.16150389611721,84.89345915202053,31.408155605196953,53.753348246216774,1.547344483435154,17156.5164604187,0.0,26.0,0.0,0.0,0.050000000000000044,2.378006801009178,2.378006801009178,0.0
double_dqn,802,296,94.48661483824253,85.49412785124034,31.7096558958292,62.7769583016634,1.5253068460151553,17199.149868011475,0.0,29.0,0.0,1.0,0.050000000000000044,1.992962647229433,1.992962647229433,0.0
double_dqn,802,297,72.7545317798853,85.42500454593451,28.03432474285364,44.720207670331,1.4293657457455993,15067.498106002808,0.0,22.0,0.0,1.0,0.050000000000000044,1.9368900768458843,1.9368900768458843,0.0
double_dqn,802,298,86.81484653055668,84.310416723378,31.321658201515675,55.49318799376488,1.5389667944982648,16779.658962249756,0.0,25.0,0.0,1.0,0.050000000000000044,2.1479910612106323,2.1479910612106323,0.0
double_dqn,802,299,74.61539766192436,84.00054673802109,29.886744245886803,44.728653371334076,1.4854422016069293,16283.214895248413,0.0,22.0,0.0,0.0,0.050000000000000044,1.9430522285401821,1.9430522285401821,0.0
double_dqn,802,300,92.99246357381344,84.58079318914562,33.26397713273764,59.728486120700836,1.5869274623692036,18458.856693267822,0.0,27.0,0.0,1.0,0.050000000000000044,1.9757591038942337,1.9757591038942337,0.0
double_dqn,802,301,103.99354490637779,85.73359828952701,35.131860837340355,68.86168429255486,1.6770176980644464,19818.017684936523,0.0,30.0,0.0,1.0,0.050000000000000044,2.463701505213976,2.463701505213976,0.0
double_dqn,802,302,80.33097170293331,85.26201002448798,29.783077359199524,50.54789437353611,1.515159803442657,16499.887130737305,0.0,23.0,0.0,0.0,0.050000000000000044,1.800619926303625,1.800619926303625,0.0
double_dqn,802,303,73.80058996677398,83.84139177471398,26.131179690361023,47.66940976977348,1.4011873817071319,14360.976123809814,0.0,23.0,0.0,2.0,0.050000000000000044,2.077046386897564,2.077046386897564,0.0
double_dqn,802,304,95.506512388587,83.83239459961652,32.23995702713728,63.26655602455139,1.5671763783320785,17819.14497756958,0.0,29.0,0.0,0.0,0.050000000000000044,1.9445022568106651,1.9445022568106651,0.0
double_dqn,802,305,93.46182758510113,84.56552531123161,32.86949476599693,60.59233267009258,1.5658526457846165,17940.95101928711,0.0,28.0,0.0,1.0,0.050000000000000044,2.7435395419597626,2.7435395419597626,0.0
double_dqn,802,306,71.07581003010273,84.30600057989359,29.188211679458618,41.887598380446434,1.4742644699290395,15739.012981414795,0.0,21.0,0.0,1.0,0.050000000000000044,2.4400898925960064,2.4400898925960064,0.0
double_dqn,802,307,92.55663950741291,86.06547853164375,32.274766996502876,60.281872391700745,1.5748105654492974,17851.193046569824,0.0,27.0,0.0,0.0,0.050000000000000044,2.4292530454695225,2.4292530454695225,0.0
double_dqn,802,308,87.35342428982258,87.23354892477394,31.020555317401886,56.33286837637424,1.52862614300102,17148.066215515137,0.0,25.0,0.0,1.0,0.050000000000000044,2.3833790719509125,2.3833790719509125,0.0
double_dqn,802,309,73.93532478362322,86.11181254595519,29.00452035665512,44.93080437481403,1.4485030611976981,15653.529514312744,0.0,21.0,0.0,2.0,0.050000000000000044,2.1649058386683464,2.1649058386683464,0.0
double_dqn,802,310,86.00823883712292,85.90771526530385,30.39026040583849,55.61797899007797,1.507723885588348,16590.923511505127,0.0,27.0,0.0,0.0,0.050000000000000044,2.205411523580551,2.205411523580551,0.0
double_dqn,802,311,85.21865046024323,86.09474207818508,31.639188036322594,53.579462230205536,1.5365581614896655,17508.951845169067,0.0,25.0,0.0,1.0,0.050000000000000044,2.34889093413949,2.34889093413949,0.0
double_dqn,802,312,79.6311592310667,85.45684900529683,29.904244765639305,49.72691398859024,1.514506190083921,16380.800350189209,0.0,22.0,0.0,0.0,0.050000000000000044,2.312085021287203,2.312085021287203,0.0
double_dqn,802,313,91.06577804684639,85.39475521944465,31.007762998342514,60.05801519751549,1.5340262074023485,16941.48578262329,0.0,27.0,0.0,0.0,0.050000000000000044,2.4192095659673214,2.4192095659673214,0.0
double_dqn,802,314,88.60649606734515,85.46851630419494,30.974511794745922,57.63198418319225,1.5396934747695923,17129.755142211914,0.0,26.0,0.0,1.0,0.050000000000000044,2.4531768187880516,2.4531768187880516,0.0
double_dqn,802,315,87.48459434509277,85.5846708266437,31.75276416540146,55.731829926371574,1.5695233792066574,18140.06329345703,0.0,25.0,0.0,1.0,0.050000000000000044,2.5312711894512177,2.5312711894512177,0.0
double_dqn,802,316,78.86974322199822,84.80382724583151,30.066869750618935,48.80287333726883,1.4755394831299782,16079.785873413086,0.0,22.0,0.0,1.0,0.050000000000000044,2.712968274950981,2.712968274950981,0.0
double_dqn,802,317,74.53354965299368,84.89277813948692,29.156119011342525,45.377430671453475,1.474546067416668,15693.983375549316,0.0,21.0,0.0,2.0,0.050000000000000044,2.582066811621189,2.582066811621189,0.0
double_dqn,802,318,78.05567588657141,84.45481960728766,29.502665482461452,48.55300983786583,1.4846130330115557,16172.19779586792,0.0,23.0,0.0,0.0,0.050000000000000044,2.055491082370281,2.055491082370281,0.0
double_dqn,802,319,80.85750629007816,84.76692503869535,30.032461032271385,50.82504539191723,1.4972442602738738,16454.744289398193,0.0,24.0,0.0,0.0,0.050000000000000044,1.714444788172841,1.714444788172841,0.0
double_dqn,802,320,91.2666699513793,84.68063535757364,31.938328333199024,59.32834157347679,1.5668614031746984,17817.84659576416,0.0,26.0,0.0,2.0,0.050000000000000044,2.039656847715378,2.039656847715378,0.0
double_dqn,802,321,75.43134967386723,83.2525255959481,27.18416379392147,48.24718580543995,1.426970612257719,14938.228889465332,0.0,24.0,0.0,1.0,0.050000000000000044,2.674560546875,2.674560546875,0.0
double_dqn,802,322,96.22468263655901,84.04721114262938,34.01848252862692,62.206200152635574,1.6160139320418239,18760.38098335266,0.0,28.0,0.0,1.0,0.050000000000000044,2.7373591288924217,2.7373591288924217,0.0
double_dqn,802,323,83.04037763327361,84.50920052595437,29.816765196621418,53.2236121237278,1.58623166102916,17658.141136169434,0.0,23.0,0.0,2.0,0.050000000000000044,2.1879743039608,2.1879743039608,0.0
double_dqn,802,324,86.72053657472134,84.0699017352611,31.108467169106007,55.61206918954849,1.5320744030177593,16973.609588623047,0.0,25.0,0.0,0.0,0.050000000000000044,2.5685140788555145,2.5685140788555145,0.0
double_dqn,802,325,80.59585373103619,83.42660304255784,28.827563606202602,51.76829005777836,1.479924250394106,15900.0905418396,0.0,25.0,0.0,0.0,0.050000000000000044,1.9329589419066906,1.9329589419066906,0.0
double_dqn,802,326,77.94736129790545,83.77018060594797,30.207324750721455,47.74003657698631,1.5192080801352859,16743.901615142822,0.0,23.0,0.0,0.0,0.050000000000000044,2.291908174753189,2.291908174753189,0.0
double_dqn,802,327,97.48042490482331,84.0163698758185,31.94855945557356,65.53186506927014,1.5623254124075174,17484.80552482605,0.0,29.0,0.0,1.0,0.050000000000000044,2.1325148567557335,2.1325148567557335,0.0
double_dqn,802,328,90.73039292544127,84.18521830759944,31.565231800079346,59.16516101360321,1.55865697003901,17629.118320465088,0.0,28.0,0.0,0.0,0.050000000000000044,2.835782777518034,2.835782777518034,0.0
double_dqn,802,329,88.04663952440023,84.89078404463828,31.467246271669865,56.579392954707146,1.5746749490499496,18092.539598464966,0.0,28.0,0.0,0.0,0.050000000000000044,2.448434915393591,2.448434915393591,0.0
double_dqn,802,330,66.50393808782101,83.91556900717319,25.64781381189823,40.85612445473671,1.3726954711601138,14037.715812683105,0.0,19.0,0.0,1.0,0.050000000000000044,2.523919939994812,2.523919939994812,0.0
double_dqn,802,331,94.59778387844563,84.3845256780833,31.163136519491673,63.43464770913124,1.554855978116393,17219.85426712036,0.0,27.0,0.0,0.0,0.050000000000000044,2.1103319115936756,2.1103319115936756,0.0
double_dqn,802,332,91.25104861706495,84.96552014738322,32.54841738939285,58.70263147354126,1.5795889319851995,17976.702350616455,0.0,27.0,0.0,0.0,0.050000000000000044,2.019404996186495,2.019404996186495,0.0
double_dqn,802,333,81.53178397864103,84.48882044397295,30.629208005964756,50.90257601737976,1.531403516419232,16844.601490020752,0.0,22.0,0.0,2.0,0.050000000000000044,2.3119306825101376,2.3119306825101376,0.0
double_dqn,802,334,80.32865463197231,84.07492837220431,30.861665204167366,49.46698975563049,1.513123088516295,17252.056232452393,0.0,23.0,0.0,0.0,0.050000000000000044,1.9747997671365738,1.9747997671365738,0.0
double_dqn,802,335,85.97669123858213,83.99953321687877,30.630638487637043,55.34605270624161,1.5103247659280896,16657.103424072266,0.0,25.0,0.0,0.0,0.050000000000000044,2.495533749461174,2.495533749461174,0.0
double_dqn,802,336,91.00822681933641,84.60645739674568,31.76086624711752,59.24736036360264,1.5764617212116718,17861.158432006836,0.0,27.0,0.0,0.0,0.050000000000000044,2.1837131083011627,2.1837131083011627,0.0
double_dqn,802,337,77.16175189614296,84.73786750890315,27.365415200591087,49.7963365316391,1.4396936381235719,15371.080585479736,0.0,24.0,0.0,0.0,0.050000000000000044,2.654954969882965,2.654954969882965,0.0
double_dqn,802,338,71.40313409268856,84.40524041920901,27.74527232348919,43.65786200761795,1.4478877987712622,15447.797477722168,0.0,19.0,0.0,0.0,0.050000000000000044,2.584156919270754,2.584156919270754,0.0
double_dqn,802,339,85.42458125948906,84.63359416767955,30.983115017414093,54.44146692752838,1.5479361759498715,17559.03312110901,0.0,24.0,0.0,2.0,0.050000000000000044,2.265856761485338,2.265856761485338,0.0
double_dqn,802,340,83.22779347747564,84.23165034398437,28.190400667488575,55.03739285469055,1.4928129278123379,15880.425979614258,0.0,24.0,0.0,1.0,0.050000000000000044,2.212755300104618,2.212755300104618,0.0
double_dqn,802,341,75.03620661944151,84.21189319126309,28.597229965031147,46.43897628188133,1.457331608980894,15658.490280151367,0.0,22.0,0.0,1.0,0.050000000000000044,2.679642353206873,2.679642353206873,0.0
double_dqn,802,342,88.71941561996937,83.8366298404336,31.68957804888487,57.02983766794205,1.5903825713321567,17901.87802505493,0.0,25.0,0.0,0.0,0.050000000000000044,2.1224300246685743,2.1224300246685743,0.0
double_dqn,802,343,76.87016083300114,83.52811900041998,29.313771210610867,47.55638936161995,1.486840346828103,16142.685039520264,0.0,25.0,0.0,1.0,0.050000000000000044,2.4954755790531635,2.4954755790531635,0.0
double_dqn,802,344,76.19051043689251,83.00161769352853,29.84113784134388,46.34937208890915,1.497364548034966,16313.574203491211,0.0,21.0,0.0,1.0,0.050000000000000044,2.368347864598036,2.368347864598036,0.0
double_dqn,802,345,90.18694099187852,83.48117205657066,30.373392686247826,59.8135485291481,1.5653628027066588,17485.337028503418,0.0,25.0,0.0,2.0,0.050000000000000044,2.657800182700157,2.657800182700157,0.0
double_dqn,802,346,86.16576558351517,83.89209227085114,29.41496554762125,56.75079980492592,1.4690019516274333,16233.09005355835,0.0,27.0,0.0,1.0,0.050000000000000044,2.2567487321794033,2.2567487321794033,0.0
double_dqn,802,347,80.5177221596241,83.04395713359118,28.50494686514139,52.01277494430542,1.470736206509173,15766.515808105469,0.0,25.0,0.0,1.0,0.050000000000000044,1.9607743732631207,1.9607743732631207,0.0
double_dqn,802,348,69.8461344242096,81.99974420852959,28.159483544528484,41.68665088713169,1.4212863892316818,15239.305030822754,0.0,21.0,0.0,0.0,0.050000000000000044,1.7199182212352753,1.7199182212352753,0.0
double_dqn,802,349,82.11731604486704,81.70327803455294,30.425068639218807,51.69224774837494,1.5228367634117603,16937.491313934326,0.0,23.0,0.0,0.0,0.050000000000000044,2.5463200509548187,2.5463200509548187,0.0
double_dqn,802,350,85.7381524682045,82.6649887535721,30.891377612948418,54.84677552580833,1.5298089934512973,16992.80295944214,0.0,26.0,0.0,2.0,0.050000000000000044,2.405894961208105,2.405894961208105,0.0
double_dqn,802,351,89.14163134247065,82.39218112677335,31.171582341194153,57.970048412680626,1.543423967435956,17319.921211242676,0.0,26.0,0.0,0.0,0.050000000000000044,2.41421390324831,2.41421390324831,0.0
double_dqn,802,352,89.41266533136368,82.30026196248829,32.401311457157135,57.01135384440422,1.564881662838161,18237.92484664917,0.0,26.0,0.0,1.0,0.050000000000000044,2.8091403916478157,2.8091403916478157,0.0
double_dqn,802,353,57.27529510110617,81.08743751861155,25.622293151915073,31.65300191938877,1.4040793618187308,14056.498538970947,0.0,18.0,0.0,0.0,0.050000000000000044,2.3694928139448166,2.3694928139448166,0.0
double_dqn,802,354,88.95623205602169,81.51881638981402,30.680159986019135,58.27607253193855,1.5114462682977319,16838.44825553894,0.0,25.0,0.0,1.0,0.050000000000000044,2.2952172495424747,2.2952172495424747,0.0
double_dqn,802,355,78.9205571487546,81.16600968532263,29.183967903256416,49.736588537693024,1.4982737256214023,15920.663028717041,0.0,25.0,0.0,0.0,0.050000000000000044,2.53964950889349,2.53964950889349,0.0
double_dqn,802,356,75.70896589010954,80.40104663886129,28.274426847696304,47.43453897535801,1.4528286652639508,15254.005935668945,0.0,23.0,0.0,1.0,0.050000000000000044,2.605057582259178,2.605057582259178,0.0
double_dqn,802,357,76.1376141756773,80.34983975283801,28.830911047756672,47.30670277774334,1.4765786370262504,15908.40707397461,0.0,23.0,0.0,1.0,0.050000000000000044,2.225253328680992,2.225253328680992,0.0
double_dqn,802,358,90.84678647816182,81.32202237211168,32.19699804484844,58.64978822469711,1.559224414639175,18160.92225265503,0.0,26.0,0.0,2.0,0.050000000000000044,3.244106836616993,3.244106836616993,0.0
double_dqn,802,359,92.71530109792948,81.6865583640337,33.790582694113255,58.92471867203712,1.611810271628201,18757.01514816284,0.0,27.0,0.0,1.0,0.050000000000000044,2.068349551409483,2.068349551409483,0.0
double_dqn,802,360,69.5715210467577,81.0037447424978,27.509979270398617,42.061541873216626,1.4414366241544485,15158.259050369263,0.0,20.0,0.0,2.0,0.050000000000000044,2.791232917457819,2.791232917457819,0.0
double_dqn,802,361,89.84000840783119,81.7439348319173,32.36880249530077,57.47120642662048,1.546586693264544,17562.498722076416,0.0,27.0,0.0,0.0,0.050000000000000044,2.7253826446831226,2.7253826446831226,0.0
double_dqn,802,362,73.9148171544075,81.0037049086392,27.528428718447685,46.38638810813427,1.4704987425357103,15369.056854248047,0.0,22.0,0.0,1.0,0.050000000000000044,2.495783742517233,2.495783742517233,0.0
double_dqn,802,363,71.2389209792018,80.72214291594922,28.848118484020233,42.390802294015884,1.4749036971479654,16174.348844528198,0.0,21.0,0.0,0.0,0.050000000000000044,1.9663766250014305,1.9663766250014305,0.0
double_dqn,802,364,91.15419265627861,81.47032702691854,33.334162816405296,57.82002982497215,1.5822570733726025,18791.692848205566,0.0,25.0,0.0,0.0,0.050000000000000044,2.638370458036661,2.638370458036661,0.0
double_dqn,802,365,87.1278090402484,81.31737042933703,30.19742976874113,56.93037939071655,1.538964838720858,17242.410934448242,0.0,27.0,0.0,0.0,0.050000000000000044,2.7772659920156,2.7772659920156,0.0
double_dqn,802,366,80.71630197912455,81.0448972491175,29.942519284784794,50.773782619833945,1.5155468424782157,16543.11533355713,0.0,24.0,0.0,1.0,0.050000000000000044,2.191735800355673,2.191735800355673,0.0
double_dqn,802,367,80.6786089092493,81.05294158659876,31.057809121906757,49.62080006301403,1.5327220782637596,17102.583686828613,0.0,24.0,0.0,0.0,0.050000000000000044,3.459787018597126,3.459787018597126,0.0
double_dqn,802,368,91.3692379027605,82.12909676052631,32.1787361651659,59.19050063490867,1.5387287493795156,18145.445304870605,0.0,26.0,0.0,2.0,0.050000000000000044,2.7083953954279423,2.7083953954279423,0.0
double_dqn,802,369,92.82654292136431,82.66455810435117,31.254148721694946,61.572394385933876,1.555664036422968,17670.17281150818,0.0,27.0,0.0,1.0,0.050000000000000044,2.5832422096282244,2.5832422096282244,0.0
double_dqn,802,370,68.51039307564497,81.80317013472319,26.51077264547348,41.999620512127876,1.4115713108330965,14818.137231826782,0.0,21.0,0.0,0.0,0.050000000000000044,2.5214260034263134,2.5214260034263134,0.0
double_dqn,802,371,90.20564033836126,81.85637058451772,29.899978190660477,60.30566215515137,1.5181883936747909,16647.135932922363,0.0,28.0,0.0,0.0,0.050000000000000044,2.746980831027031,2.746980831027031,0.0
double_dqn,802,372,66.38037572205067,80.70475610405207,26.69675076007843,39.68362473845482,1.427317176014185,15152.772777557373,0.0,21.0,0.0,2.0,0.050000000000000044,2.461694035679102,2.461694035679102,0.0
double_dqn,802,373,75.97408425062895,81.63969556152821,27.74305622279644,48.2310279160738,1.4297143053263426,15390.2396774292,0.0,24.0,0.0,1.0,0.050000000000000044,2.615718360990286,2.615718360990286,0.0
double_dqn,802,374,80.699022577703,81.22683508761227,28.24729895591736,52.45172346532345,1.5009402139112353,16336.989070892334,0.0,23.0,0.0,2.0,0.050000000000000044,2.5491210892796516,2.5491210892796516,0.0
double_dqn,802,375,85.60879029333591,81.56124674484136,29.47734758257866,56.13144299387932,1.5059013348072767,16966.166915893555,0.0,24.0,0.0,0.0,0.050000000000000044,3.1814342215657234,3.1814342215657234,0.0
double_dqn,802,376,85.21405905485153,82.03650140307843,29.23725763708353,55.97680066525936,1.4883578345179558,16421.81436920166,0.0,27.0,0.0,1.0,0.050000000000000044,2.0927918553352356,2.0927918553352356,0.0
double_dqn,802,377,95.37013657391071,82.99812752299012,33.414887115359306,61.9552498459816,1.5900978418067098,18347.472911834717,0.0,27.0,0.0,0.0,0.050000000000000044,2.6911571249365807,2.6911571249365807,0.0
double_dqn,802,378,72.64415291249752,82.0879958447069,28.525043204426765,44.11910917162895,1.4635913809761405,16134.005617141724,0.0,21.0,0.0,4.0,0.050000000000000044,2.2658831514418125,2.2658831514418125,0.0
double_dqn,802,379,91.80132323205471,82.04229695141316,33.06307226419449,58.73825049102307,1.5804781205952168,17947.22166824341,0.0,26.0,0.0,4.0,0.050000000000000044,2.654416248202324,2.654416248202324,0.0
double_dqn,802,380,81.40656249374152,82.63404902376234,29.732394441962242,51.674167999625205,1.4817919563502073,16303.483100891113,0.0,24.0,0.0,1.0,0.050000000000000044,1.9754177369177341,1.9754177369177341,0.0
double_dqn,802,381,76.56396900862455,81.97024705380201,28.718829102814198,47.845140144228935,1.4612770034000278,15508.186588287354,0.0,23.0,0.0,2.0,0.050000000000000044,2.1827975884079933,2.1827975884079933,0.0
double_dqn,802,382,83.11231339871884,82.4301218660176,30.098393626511097,53.01391967535019,1.491950510069728,16439.592113494873,0.0,24.0,0.0,1.0,0.050000000000000044,2.842575490474701,2.842575490474701,0.0
double_dqn,802,383,84.7993417993188,83.10814290702345,31.61306618899107,53.18627526760101,1.5053334878757596,17136.316303253174,0.0,24.0,0.0,1.0,0.050000000000000044,2.5379557088017464,2.5379557088017464,0.0
double_dqn,802,384,92.80056228637696,83.19046138852836,32.57859344780445,60.22196846604347,1.6009281296283007,18310.86618423462,0.0,26.0,0.0,1.0,0.050000000000000044,2.2168655656278133,2.2168655656278133,0.0
double_dqn,802,385,73.08574883043767,82.48835837803783,25.481275036931038,47.6044734954834,1.377214596606791,14172.357967376709,0.0,23.0,0.0,1.0,0.050000000000000044,2.590409643948078,2.590409643948078,0.0
double_dqn,802,386,88.67384947836399,82.8862357529998,32.33577285706997,56.338076665997505,1.5581649458035827,17710.60453414917,0.0,26.0,0.0,0.0,0.050000000000000044,2.208249732851982,2.208249732851982,0.0
double_dqn,802,387,65.79958021342753,82.14228431820871,25.50046508014202,40.29911467134953,1.3749942360445857,14318.661121368408,0.0,21.0,0.0,3.0,0.050000000000000044,2.4135505445301533,2.4135505445301533,0.0
double_dqn,802,388,90.46311225891114,82.09697803601624,31.121676951646805,59.34143585860729,1.5485646473243833,17366.715717315674,0.0,27.0,0.0,2.0,0.050000000000000044,3.1118660513311625,3.1118660513311625,0.0
double_dqn,802,389,69.26823153346777,80.9190624666214,27.67582270503044,41.59240880608559,1.418523708358407,15133.644073486328,0.0,22.0,0.0,0.0,0.050000000000000044,2.849804822355509,2.849804822355509,0.0
double_dqn,802,390,94.57654728740454,82.22237017720938,33.25894138216972,61.317605555057526,1.5750329373404384,18589.079860687256,0.0,27.0,0.0,0.0,0.050000000000000044,2.730998743325472,2.730998743325472,0.0
double_dqn,802,391,69.83822103738785,81.20399921216071,26.37570383399725,43.46251701712608,1.4036900661885738,14554.787940979004,0.0,21.0,0.0,1.0,0.050000000000000044,2.786540489643812,2.786540489643812,0.0
double_dqn,802,392,80.81085163354874,81.92552300773562,30.345524922013283,50.46532607078552,1.5341855054721236,17362.673789978027,0.0,24.0,0.0,0.0,0.050000000000000044,3.5476203858852386,3.5476203858852386,0.0
double_dqn,802,393,72.79339219629765,81.76648840501905,28.238859474658966,44.55453246831894,1.4627845361828804,16006.711475372314,0.0,23.0,0.0,2.0,0.050000000000000044,2.3013599663972855,2.3013599663972855,0.0
double_dqn,802,394,82.33097471296787,81.84808601178229,29.320818409323692,53.01015603542328,1.4860733207315207,15790.429275512695,0.0,24.0,0.0,0.0,0.050000000000000044,2.8295135125517845,2.8295135125517845,0.0
double_dqn,802,395,76.4643280595541,81.3908629000932,28.681554690003395,47.78277320563793,1.4817171739414334,16039.677801132202,0.0,22.0,0.0,1.0,0.050000000000000044,2.189348451793194,2.189348451793194,0.0
double_dqn,802,396,80.0560534030199,81.13296261750162,29.621182665228844,50.434870946407315,1.491234446875751,16878.533611297607,0.0,22.0,0.0,3.0,0.050000000000000044,2.6220599189400673,2.6220599189400673,0.0
double_dqn,802,397,48.93345548212528,78.81112856291234,23.751691475510597,25.18176420032978,1.3027809597551823,12649.796003341675,0.0,16.0,0.0,0.0,0.050000000000000044,2.779653400182724,2.779653400182724,0.0
double_dqn,802,398,74.11168586611748,78.88450521059335,27.1997948884964,46.91189078390598,1.43261678237468,15149.328605651855,0.0,22.0,0.0,1.0,0.050000000000000044,2.791091900318861,2.791091900318861,0.0
double_dqn,802,399,80.99650079011917,78.34426408849657,30.332199722528458,50.664301201701164,1.515934563241899,16981.74306869507,0.0,24.0,0.0,0.0,0.050000000000000044,2.6990780644118786,2.6990780644118786,0.0
double_dqn,802,400,82.71317069232464,78.40959449842572,29.526014499366283,53.187156945466995,1.533127092756331,16570.51777267456,0.0,24.0,0.0,0.0,0.050000000000000044,3.230254754424095,3.230254754424095,0.0
double_dqn,802,401,78.0510014012456,78.48394611805678,27.77835912257433,50.27264201045036,1.4545469023287296,15008.934768676758,0.0,25.0,0.0,1.0,0.050000000000000044,2.6216498985886574,2.6216498985886574,0.0
double_dqn,802,402,78.9022780880332,78.27344435252249,28.515919618308544,50.38635776937008,1.5132382353767753,16670.310516357422,0.0,22.0,0.0,0.0,0.050000000000000044,2.621791061013937,2.621791061013937,0.0
double_dqn,802,403,83.26867536604405,78.19691103085877,29.780056826770306,53.488618129491805,1.4896449567750096,16683.956092834473,0.0,25.0,0.0,2.0,0.050000000000000044,2.5682408437132835,2.5682408437132835,0.0
double_dqn,802,404,81.79279219508172,77.646522526294,28.970924489200115,52.82186775803566,1.4725960474461317,16073.975440979004,0.0,25.0,0.0,3.0,0.050000000000000044,3.0207970067858696,3.0207970067858696,0.0
double_dqn,802,405,77.5591630935669,77.87019323945046,28.345353968441486,49.21380887925625,1.4798656981438398,16235.732162475586,0.0,23.0,0.0,0.0,0.050000000000000044,2.785945098847151,2.785945098847151,0.0
double_dqn,802,406,88.12938181459904,77.84296985626221,33.436193749308586,54.69318830370903,1.5209735287353396,18309.164306640625,0.0,26.0,0.0,1.0,0.050000000000000044,2.728007346391678,2.728007346391678,0.0
double_dqn,802,407,83.75732486099005,78.74085708864035,30.81693408638239,52.94039067029953,1.5234350226819515,16876.79712677002,0.0,25.0,0.0,1.0,0.050000000000000044,2.281095527112484,2.281095527112484,0.0
double_dqn,802,408,106.84951014220715,79.56017698280513,35.07422684878111,71.77528294324875,1.6408056514337659,19642.90139389038,0.0,31.0,0.0,2.0,0.050000000000000044,2.9648788310587406,2.9648788310587406,0.0
double_dqn,802,409,69.55340469628572,79.57443564094605,25.442904703319073,44.11050018668175,1.3927484089508653,14259.267570495605,0.0,21.0,0.0,0.0,0.050000000000000044,3.132710061967373,3.132710061967373,0.0
double_dqn,802,410,90.9301972180605,79.39211813747883,29.9213210567832,61.008875572681426,1.5017235400155187,16710.89435195923,0.0,27.0,0.0,2.0,0.050000000000000044,2.3308431655168533,2.3308431655168533,0.0
double_dqn,802,411,94.51209949851037,80.62581206053497,32.230532705783844,62.28156701624393,1.5764718381687999,18043.65657043457,0.0,28.0,0.0,2.0,0.050000000000000044,2.7876143902540207,2.7876143902540207,0.0
double_dqn,802,412,80.80161841213703,80.62535039946438,28.21524492651224,52.5863738656044,1.4529460864141583,15790.07553100586,0.0,25.0,0.0,0.0,0.050000000000000044,2.665170945227146,2.665170945227146,0.0
double_dqn,802,413,79.16318066418171,80.94383982285858,29.69326874613762,49.46991208195686,1.4954234110191464,16501.69208908081,0.0,23.0,0.0,0.0,0.050000000000000044,2.727823957800865,2.727823957800865,0.0
double_dqn,802,414,102.85738504827023,81.9701603396237,34.554989114403725,68.30239645540715,1.6643699007108808,19827.4909324646,0.0,30.0,0.0,2.0,0.050000000000000044,2.7537828162312508,2.7537828162312508,0.0
double_dqn,802,415,88.21080335378647,82.55748410433532,30.578317120671272,57.63248580098152,1.5305477529764175,16993.414436340332,0.0,27.0,0.0,1.0,0.050000000000000044,2.7320145666599274,2.7320145666599274,0.0
double_dqn,802,416,88.27969621866941,82.96866624511779,31.422573246061802,56.85712307691574,1.5277678119018674,17376.216384887695,0.0,26.0,0.0,0.0,0.050000000000000044,1.7410612851381302,1.7410612851381302,0.0
double_dqn,802,417,57.818963535130024,83.41294164776802,25.04976462572813,32.76919922232628,1.3571835812181234,13764.104663848877,0.0,18.0,0.0,0.0,0.050000000000000044,2.8657959513366222,2.8657959513366222,0.0
double_dqn,802,418,80.75026367604733,83.74487053826451,29.289436519145966,51.46082700788975,1.4607234066352248,16102.26551437378,0.0,24.0,0.0,0.0,0.050000000000000044,3.1108911894261837,3.1108911894261837,0.0
double_dqn,802,419,69.958142529428,83.19295262522995,26.436189271509647,43.52195328772068,1.4307315666228533,15339.415378570557,0.0,21.0,0.0,3.0,0.050000000000000044,2.206093642860651,2.206093642860651,0.0
double_dqn,802,420,88.16117469519376,83.4653528253734,31.623220540583134,56.53795466125011,1.5530951330438256,17492.660736083984,0.0,26.0,0.0,3.0,0.050000000000000044,2.308182891458273,2.308182891458273,0.0
double_dqn,802,421,83.0247535198927,83.71404043130576,30.677862241864204,52.34689172506332,1.5321459118276834,17079.745628356934,0.0,24.0,0.0,3.0,0.050000000000000044,3.0271029509603977,3.0271029509603977,0.0
double_dqn,802,422,77.0466397702694,83.62125851541757,29.445201888680458,47.601437747478485,1.4672195306047797,16311.323663711548,0.0,21.0,0.0,0.0,0.050000000000000044,2.245982188731432,2.245982188731432,0.0
double_dqn,802,423,88.44762765169143,83.88020612969994,30.033224195241928,58.414403828978536,1.532744336873293,17383.102447509766,0.0,27.0,0.0,3.0,0.050000000000000044,2.343556422740221,2.343556422740221,0.0
double_dqn,802,424,86.0082148551941,84.09097726270558,31.636908054351807,54.37130697965622,1.5365462005138397,17572.70919418335,0.0,25.0,0.0,2.0,0.050000000000000044,2.8111340776085854,2.8111340776085854,0.0
double_dqn,802,425,68.31982700526714,83.6290104582906,26.86317154765129,41.45665526390076,1.4062641514465213,14903.253353118896,0.0,21.0,0.0,0.0,0.050000000000000044,2.7348673939704895,2.7348673939704895,0.0
double_dqn,802,426,94.95270701795816,83.97017671845853,33.78198408335447,61.17072303891182,1.604312153533101,19104.148860931396,0.0,27.0,0.0,2.0,0.050000000000000044,2.8420140594244003,2.8420140594244003,0.0
double_dqn,802,427,84.1977389767766,83.99219742424788,32.06589546054602,52.131843292713164,1.5647039543837309,17971.201835632324,0.0,24.0,0.0,1.0,0.050000000000000044,2.9589286632835865,2.9589286632835865,0.0
double_dqn,802,428,81.09680918902158,82.7045623765886,31.406743921339512,49.69006486535072,1.485962343402207,17289.92412185669,0.0,24.0,0.0,2.0,0.050000000000000044,2.311225712299347,2.311225712299347,0.0
double_dqn,802,429,86.82306261360645,83.56804527245463,30.121187210083008,56.701874762773514,1.5296919476240873,17200.048721313477,0.0,25.0,0.0,3.0,0.050000000000000044,2.3417736813426018,2.3417736813426018,0.0
double_dqn,802,430,91.63418781757355,83.60324480243028,29.662144318223,61.97204288840294,1.5269842129200697,16720.47721862793,0.0,30.0,0.0,0.0,0.050000000000000044,2.7310902811586857,2.7310902811586857,0.0
double_dqn,802,431,74.64570055902004,82.60992485545576,28.60355830192566,46.042142406105995,1.476602996699512,16419.044967651367,0.0,23.0,0.0,2.0,0.050000000000000044,2.272764142602682,2.272764142602682,0.0
double_dqn,802,432,96.18899665772915,83.37929376773536,34.15451240539551,62.034483909606934,1.6148705054074526,19140.06895828247,0.0,28.0,0.0,1.0,0.050000000000000044,2.9706678725779057,2.9706678725779057,0.0
double_dqn,802,433,80.82457259595394,83.46236336432398,31.06294034421444,49.76163284778595,1.534796578809619,17314.496768951416,0.0,24.0,0.0,3.0,0.050000000000000044,2.929136388003826,2.929136388003826,0.0
double_dqn,802,434,91.46696643680335,82.89284243375063,31.851193599402905,59.61577313542366,1.5639116372913122,17943.81052017212,0.0,28.0,0.0,1.0,0.050000000000000044,3.0849542133510113,3.0849542133510113,0.0
double_dqn,802,435,88.05255446583033,82.88492998935281,30.89887198060751,57.15368303656578,1.5591205218806863,18214.14004135132,0.0,28.0,0.0,1.0,0.050000000000000044,3.081783179193735,3.081783179193735,0.0
double_dqn,802,436,79.9551613137126,82.46870324410497,30.59772301465273,49.3574384778738,1.5442088907584548,17824.221153259277,0.0,22.0,0.0,2.0,0.050000000000000044,3.4900361746549606,3.4900361746549606,0.0
double_dqn,802,437,78.78271178901196,83.51689065679908,28.914365589618683,49.868345856666565,1.4742320170626044,16171.407287597656,0.0,22.0,0.0,1.0,0.050000000000000044,3.219412323087454,3.219412323087454,0.0
double_dqn,802,438,77.90330545008183,83.3745427455008,29.10838133096695,48.794924268126486,1.4805681612342596,16607.708221435547,0.0,22.0,0.0,2.0,0.050000000000000044,3.7641482017934322,3.7641482017934322,0.0
double_dqn,802,439,90.72813497632742,84.41304236784578,32.17268035560846,58.55545466542244,1.5725816804915667,18064.080253601074,0.0,26.0,0.0,1.0,0.050000000000000044,3.0167548805475235,3.0167548805475235,0.0
double_dqn,802,440,66.87798639535904,83.34888295285404,25.665510773658752,41.212475860118865,1.3909311592578888,14321.86697769165,0.0,20.0,0.0,1.0,0.050000000000000044,2.9713304862380028,2.9713304862380028,0.0
double_dqn,802,441,98.92104570567608,84.14369756214322,33.90559874475002,65.01544691622257,1.6175695955753326,18825.367332458496,0.0,28.0,0.0,0.0,0.050000000000000044,2.840426702052355,2.840426702052355,0.0
double_dqn,802,442,83.30700846016407,84.45671599663794,29.719711385667324,53.58729687333107,1.510374086908996,16364.452884674072,0.0,25.0,0.0,1.0,0.050000000000000044,2.7923424057662487,2.7923424057662487,0.0
double_dqn,802,443,66.8444942086935,83.37655932448806,25.77331731468439,41.071176424622536,1.3996018031612039,14289.3190574646,0.0,21.0,0.0,0.0,0.050000000000000044,2.9911786131560802,2.9911786131560802,0.0
double_dqn,802,444,90.60519039034844,83.60640810124576,31.67419621348381,58.930993580818175,1.574409807100892,18080.74115753174,0.0,24.0,0.0,2.0,0.050000000000000044,2.352970886975527,2.352970886975527,0.0
double_dqn,802,445,77.12579526156188,84.0467065140605,28.96009313315153,48.16570217311382,1.4845150588080287,16034.942180633545,0.0,24.0,0.0,1.0,0.050000000000000044,3.0463704764842987,3.0463704764842987,0.0
double_dqn,802,446,75.34116297960281,83.06612931214275,29.3862626850605,45.95489990711212,1.4836210869252682,16581.028324127197,0.0,22.0,0.0,0.0,0.050000000000000044,2.8809449449181557,2.8809449449181557,0.0
double_dqn,802,447,76.62111281603575,82.6872980041057,26.66423712670803,49.956875801086426,1.4103690925985575,15227.45883178711,0.0,23.0,0.0,1.0,0.050000000000000044,2.878391992300749,2.878391992300749,0.0
double_dqn,802,448,70.73194822818041,82.16905495606365,27.7370041385293,42.9949440151453,1.451659932732582,15498.069356918335,0.0,22.0,0.0,1.0,0.050000000000000044,2.401746716350317,2.401746716350317,0.0
double_dqn,802,449,87.52070081979036,82.20393686637283,31.50333597511053,56.01736503839493,1.5487605314701796,17392.914207458496,0.0,25.0,0.0,1.0,0.050000000000000044,2.3769384622573853,2.3769384622573853,0.0
double_dqn,802,450,86.59647613912821,81.95205128245057,31.304879263043404,55.29159733057022,1.531601868569851,17563.088806152344,0.0,26.0,0.0,1.0,0.050000000000000044,2.601087462157011,2.601087462157011,0.0
double_dqn,802,451,93.09429706633091,82.87448110781611,32.60836236178875,60.48593455553055,1.5707080503925681,18231.22420501709,0.0,27.0,0.0,0.0,0.050000000000000044,3.57273356243968,3.57273356243968,0.0
double_dqn,802,452,87.28065586090088,82.42906406797469,30.572421088814735,56.70823493599892,1.5419808477163315,17405.96495628357,0.0,26.0,0.0,0.0,0.050000000000000044,2.9463336281478405,2.9463336281478405,0.0
double_dqn,802,453,77.84591514617205,82.2801311954856,28.086746491491795,49.75916849076748,1.46868768427521,16477.324703216553,0.0,23.0,0.0,1.0,0.050000000000000044,3.776070162653923,3.776070162653923,0.0
double_dqn,802,454,86.34746449440718,82.02415609836578,32.712487399578094,53.63497704267502,1.5743082454428077,18086.419441223145,0.0,24.0,0.0,2.0,0.050000000000000044,3.3661426454782486,3.3661426454782486,0.0
double_dqn,802,455,87.46979460418224,81.99501810528338,30.22683095932007,57.24296351075172,1.5327301556244493,17446.04810333252,0.0,27.0,0.0,2.0,0.050000000000000044,3.2595118284225464,3.2595118284225464,0.0
double_dqn,802,456,61.41090469062328,81.06780527412892,25.885742850601673,35.52516174316406,1.3903094874694943,14707.376028060913,0.0,19.0,0.0,0.0,0.050000000000000044,3.7691152170300484,3.7691152170300484,0.0
double_dqn,802,457,92.36637590825558,81.7469884800911,35.6551423817873,56.711233392357826,1.5872158063575625,19457.22780609131,0.0,26.0,0.0,0.0,0.050000000000000044,2.7227982357144356,2.7227982357144356,0.0
double_dqn,802,458,75.3825917840004,81.62095279678702,28.144337460398674,47.23825377225876,1.4513695370405912,15543.192657470703,0.0,22.0,0.0,1.0,0.050000000000000044,3.460510201752186,3.460510201752186,0.0
double_dqn,802,459,84.73669459670782,81.32138077780606,31.110221065580845,53.62647391855717,1.5181679129600525,17920.280937194824,0.0,25.0,0.0,1.0,0.050000000000000044,2.4300206415355206,2.4300206415355206,0.0
double_dqn,802,460,89.12587025016546,82.43377497054637,32.62262608855963,56.50324389338493,1.5953873842954636,18604.14158821106,0.0,25.0,0.0,0.0,0.050000000000000044,2.2324707321822643,2.2324707321822643,0.0
double_dqn,802,461,85.9204952210188,81.78374744631351,31.901925697922707,54.01856958270073,1.5581783559173346,17641.905725479126,0.0,27.0,0.0,1.0,0.050000000000000044,3.577753968536854,3.577753968536854,0.0
double_dqn,802,462,96.36943386495113,82.43686871655287,33.30977366119623,63.05965971946716,1.580017696134746,18525.699069976807,0.0,27.0,0.0,1.0,0.050000000000000044,2.9785966128110886,2.9785966128110886,0.0
double_dqn,802,463,78.97620581835508,83.04345429703594,29.02351589500904,49.95268991589546,1.5027511082589626,16339.726680755615,0.0,23.0,0.0,3.0,0.050000000000000044,3.0745696127414703,3.0745696127414703,0.0
double_dqn,802,464,75.59064151495696,82.29272685326637,27.838640980422497,47.75200047492981,1.4497880525887012,15756.4868850708,0.0,24.0,0.0,2.0,0.050000000000000044,3.152442917227745,3.152442917227745,0.0
double_dqn,802,465,89.72656373232603,82.92276527680457,33.106818191707134,56.61974565982818,1.5804475201293826,18324.505779266357,0.0,26.0,0.0,2.0,0.050000000000000044,2.5359375178813934,2.5359375178813934,0.0
double_dqn,802,466,81.24934454262257,83.21817435495555,28.399123534560204,52.85022088885307,1.471538825891912,16305.25203704834,0.0,24.0,0.0,1.0,0.050000000000000044,3.769555039703846,3.769555039703846,0.0
double_dqn,802,467,81.16516001671553,83.44537671498955,29.8106102719903,51.35454970002174,1.5011091018095613,16359.029029846191,0.0,23.0,0.0,1.0,0.050000000000000044,2.433682758361101,2.433682758361101,0.0
double_dqn,802,468,72.50717302709818,83.53413795493543,25.566031247377396,46.941141697764394,1.4141828045248985,14672.118179321289,0.0,22.0,0.0,3.0,0.050000000000000044,3.804663933813572,3.804663933813572,0.0
double_dqn,802,469,87.01181907206774,83.5086938675493,29.96789687871933,57.04392249882221,1.4928114246577024,17043.808269500732,0.0,27.0,0.0,0.0,0.050000000000000044,2.705399215221405,2.705399215221405,0.0
double_dqn,802,470,79.88365449905396,83.1730527855456,28.286599040031433,51.59705536961555,1.4424924850463867,15413.529670715332,0.0,24.0,0.0,1.0,0.050000000000000044,3.100552663207054,3.100552663207054,0.0
double_dqn,802,471,81.50204201340675,82.5934400328994,29.870254047214985,51.63178798854351,1.508137658238411,17008.1238822937,0.0,22.0,0.0,2.0,0.050000000000000044,3.0400914773344994,3.0400914773344994,0.0
double_dqn,802,472,72.92657782286406,81.87573613099754,28.642519734799862,44.28405807316303,1.4915992701426148,16234.902662277222,0.0,23.0,0.0,1.0,0.050000000000000044,2.866970468312502,2.866970468312502,0.0
double_dqn,802,473,65.84296900928021,81.27558882415295,25.74604931473732,40.09691967964172,1.3963215202093124,14343.764301300049,0.0,20.0,0.0,1.0,0.050000000000000044,2.819881111383438,2.819881111383438,0.0
double_dqn,802,474,89.72683310508728,81.44455725468696,30.9233565479517,58.80347613990307,1.5296848872676492,17416.337825775146,0.0,26.0,0.0,0.0,0.050000000000000044,3.079745627939701,3.079745627939701,0.0
double_dqn,802,475,71.88965256512165,80.66555015273393,26.87825484573841,45.011397659778595,1.4183245711028576,14580.085201263428,0.0,24.0,0.0,0.0,0.050000000000000044,3.335443552583456,3.335443552583456,0.0
double_dqn,802,476,100.34441308677197,82.61222557254136,34.62697696685791,65.71743552386761,1.650350308045745,19446.619583129883,0.0,30.0,0.0,1.0,0.050000000000000044,3.1511257253587246,3.1511257253587246,0.0
double_dqn,802,477,72.80076164752245,81.63394485950471,26.60610543191433,46.19465593993664,1.4193356158211827,14787.590072631836,0.0,23.0,0.0,0.0,0.050000000000000044,2.9974202550947666,2.9974202550947666,0.0
double_dqn,802,478,72.74110386520624,81.50187046356498,28.327616050839424,44.41348788142204,1.4373084558174014,16021.598323822021,0.0,21.0,0.0,1.0,0.050000000000000044,3.2648947462439537,3.2648947462439537,0.0
double_dqn,802,479,96.07159967124463,82.06861571729185,30.64536052942276,65.4262390524149,1.5274528078734875,17089.9568901062,0.0,29.0,0.0,1.0,0.050000000000000044,3.7189827263355255,3.7189827263355255,0.0
double_dqn,802,480,75.94051483273506,81.40934794642033,28.55114820599556,47.389366775751114,1.5098160272464156,16420.615264892578,0.0,22.0,0.0,0.0,0.050000000000000044,2.4474183656275272,2.4474183656275272,0.0
double_dqn,802,481,81.08456904441118,81.16755163758994,30.123983435332775,50.96058531105518,1.534435166977346,16721.55930709839,0.0,25.0,0.0,1.0,0.050000000000000044,2.807836413383484,2.807836413383484,0.0
double_dqn,802,482,93.69265243411064,81.03371256604791,32.63722870498896,61.05542412400246,1.597572854720056,18817.524520874023,0.0,28.0,0.0,0.0,0.050000000000000044,2.908871717751026,2.908871717751026,0.0
double_dqn,802,483,95.84339231997728,81.87707189112902,31.420444428920746,64.42294758558273,1.5720878187566996,17847.99511909485,0.0,28.0,0.0,1.0,0.050000000000000044,3.6645389795303345,3.6645389795303345,0.0
double_dqn,802,484,91.62673623263836,82.6788766270131,31.660239785909653,59.96649640202522,1.5399583177641034,17567.66062927246,0.0,28.0,0.0,1.0,0.050000000000000044,3.793265901505947,3.793265901505947,0.0
double_dqn,802,485,56.24754808843136,81.00492584481836,24.818783596158028,31.428764283657074,1.3640591902658343,14123.58867263794,0.0,17.0,0.0,0.0,0.050000000000000044,2.8478889912366867,2.8478889912366867,0.0
double_dqn,802,486,103.12694417089224,82.09880582623184,33.35876057296991,69.76818386614323,1.5988204879686236,19059.729110717773,0.0,31.0,0.0,2.0,0.050000000000000044,3.217837780714035,3.217837780714035,0.0
double_dqn,802,487,104.09482456743717,83.24528905376793,34.32725512981415,69.7675698697567,1.59908707998693,19204.907890319824,0.0,31.0,0.0,0.0,0.050000000000000044,2.7773959822952747,2.7773959822952747,0.0
double_dqn,802,488,93.40196496248245,84.29002865053714,30.756008230149746,62.645957082509995,1.5550025617703795,17585.70453262329,0.0,29.0,0.0,0.0,0.050000000000000044,3.1799727380275726,3.1799727380275726,0.0
double_dqn,802,489,71.09757531434298,83.49431646265091,28.018755055963993,43.078820168972015,1.4209711654111743,15245.21229171753,0.0,21.0,0.0,0.0,0.050000000000000044,3.155655972659588,3.155655972659588,0.0
double_dqn,802,490,78.68449830412865,83.43435865290463,29.77023456990719,48.914263466000556,1.5114375967532396,16554.200271606445,0.0,25.0,0.0,2.0,0.050000000000000044,2.8793322555720806,2.8793322555720806,0.0
double_dqn,802,491,87.80725751817226,83.7496194281429,31.16935507953167,56.637901812791824,1.5159441139549017,16929.464990615845,0.0,26.0,0.0,0.0,0.050000000000000044,3.167537771165371,3.167537771165371,0.0
double_dqn,802,492,77.2019334435463,83.96338720917701,30.216948002576828,46.98498512804508,1.5324749499559402,17022.901165008545,0.0,22.0,0.0,0.0,0.050000000000000044,2.9451282247900963,2.9451282247900963,0.0
double_dqn,802,493,71.65179485976697,84.25382850170135,28.71626826375723,42.93552708029747,1.4596114056184888,16085.34485244751,0.0,22.0,0.0,1.0,0.050000000000000044,3.107569195330143,3.107569195330143,0.0
double_dqn,802,494,96.5199531763792,84.59348450526595,34.35426965355873,62.16568326950073,1.619892599992454,19605.34059524536,0.0,28.0,0.0,2.0,0.050000000000000044,2.4278892651200294,2.4278892651200294,0.0
double_dqn,802,495,89.05940995365381,85.45197237469256,32.04402279853821,57.01538725197315,1.5586908692494035,17844.65225982666,0.0,27.0,0.0,1.0,0.050000000000000044,3.2925911247730255,3.2925911247730255,0.0
double_dqn,802,496,71.50833495855332,84.01016846828163,29.075166270136833,42.4331689864397,1.5105265118181705,16398.18120574951,0.0,22.0,0.0,2.0,0.050000000000000044,2.886172328144312,2.886172328144312,0.0
double_dqn,802,497,87.80571112036705,84.76041594192387,29.573472030460835,58.23223887383938,1.4888347489759326,16473.40376472473,0.0,27.0,0.0,1.0,0.050000000000000044,3.159390665590763,3.159390665590763,0.0
double_dqn,802,498,82.4211586266756,85.24441867999732,29.26529210805893,53.1558662801981,1.468496473506093,16067.755443572998,0.0,24.0,0.0,0.0,0.050000000000000044,3.1075541377067566,3.1075541377067566,0.0
double_dqn,802,499,83.26469577997923,84.60407348543406,29.048613287508488,54.21608283519745,1.5023031402379274,16871.638359069824,0.0,26.0,0.0,1.0,0.050000000000000044,3.3484799191355705,3.3484799191355705,0.0
double_dqn,802,500,87.60667525231838,85.18738150641323,29.40071775019169,58.20595760643482,1.5223644878715277,16693.348289489746,0.0,28.0,0.0,1.0,0.050000000000000044,3.8865473717451096,3.8865473717451096,0.0
double_dqn,802,501,85.30109783262014,85.39820794582367,31.00613907724619,54.294958755373955,1.5157254729419947,17159.041080474854,0.0,25.0,0.0,0.0,0.050000000000000044,2.31765853241086,2.31765853241086,0.0
double_dqn,802,502,96.28140342980623,85.52764549560845,31.809730902314186,64.47167283296585,1.5663848239928484,17987.89799118042,0.0,29.0,0.0,1.0,0.050000000000000044,2.6947170421481133,2.6947170421481133,0.0
double_dqn,802,503,90.4825809597969,85.25960492759944,33.155300095677376,57.327280789613724,1.5836653281003237,18585.01678085327,0.0,26.0,0.0,0.0,0.050000000000000044,2.6466569676995277,2.6466569676995277,0.0
double_dqn,802,504,83.07154704630375,84.8318454682827,28.49688295274973,54.57466433942318,1.495686650276184,16506.254711151123,0.0,26.0,0.0,0.0,0.050000000000000044,2.023985892534256,2.023985892534256,0.0
double_dqn,802,505,88.22345839440823,86.43064098358154,31.358111709356308,56.865346640348434,1.5009613977745175,17433.78249359131,0.0,26.0,0.0,0.0,0.050000000000000044,3.2540296651422977,3.2540296651422977,0.0
double_dqn,802,506,77.65750411301852,85.15716898068786,28.28066222369671,49.376841926574706,1.4528902675956488,16015.889953613281,0.0,24.0,0.0,1.0,0.050000000000000044,3.921296562999487,3.921296562999487,0.0
double_dqn,802,507,73.43703045845032,83.62427927523852,28.2445300668478,45.19250036180019,1.4564257767051458,15742.409294128418,0.0,21.0,0.0,1.0,0.050000000000000044,3.2490081414580345,3.2490081414580345,0.0
double_dqn,802,508,83.45786754190922,83.12707440420986,29.368893906474113,54.08897368013859,1.5013820342719555,17211.00527572632,0.0,25.0,0.0,3.0,0.050000000000000044,3.3344869315624237,3.3344869315624237,0.0
double_dqn,802,509,92.04377366602421,84.17438432179392,32.39069049805403,59.6530826985836,1.541016231290996,17965.60640335083,0.0,26.0,0.0,0.0,0.050000000000000044,2.266710512340069,2.266710512340069,0.0
double_dqn,802,510,78.05579715967178,84.14294926457107,30.221458196640015,47.83433908224106,1.4707075459882617,16403.881439208984,0.0,21.0,0.0,1.0,0.050000000000000044,3.503309778869152,3.503309778869152,0.0
double_dqn,802,511,77.02376931905746,83.60377485461534,26.45762326568365,50.56614610552788,1.4053993476554751,14594.788501739502,0.0,26.0,0.0,0.0,0.050000000000000044,2.891531638801098,2.891531638801098,0.0
double_dqn,802,512,97.2834867015481,84.60785251751543,34.26744655519724,63.01603987812996,1.6065715625882149,19145.887176513672,0.0,28.0,0.0,1.0,0.050000000000000044,2.669931683689356,2.669931683689356,0.0
double_dqn,802,513,71.67723668515683,84.60912460878492,27.177165374159813,44.50007166862488,1.430565900169313,15086.617561340332,0.0,22.0,0.0,1.0,0.050000000000000044,2.3971562646329403,2.3971562646329403,0.0
double_dqn,802,514,79.28730467706919,83.74749218381942,29.33637125045061,49.95093323290348,1.4843062441796064,16362.8796043396,0.0,26.0,0.0,1.0,0.050000000000000044,3.0640817880630493,3.0640817880630493,0.0
double_dqn,802,515,79.50237026810646,83.26964019954205,28.73396833240986,50.768402099609375,1.4829156287014484,15908.532958984375,0.0,24.0,0.0,0.0,0.050000000000000044,2.83706721290946,2.83706721290946,0.0
double_dqn,802,516,81.84461175650358,83.78645403943956,30.235405147075653,51.6092070043087,1.4942976282909513,16428.692413330078,0.0,24.0,0.0,0.0,0.050000000000000044,3.0958298221230507,3.0958298221230507,0.0
double_dqn,802,517,74.35998450964689,83.11416770890355,27.536866016685963,46.823118567466736,1.4569544363766909,15589.012294769287,0.0,23.0,0.0,0.0,0.050000000000000044,3.0261689759790897,3.0261689759790897,0.0
double_dqn,802,518,91.46531385481357,83.56637547031045,31.815909162163734,59.649405139684674,1.5800855942070484,17875.47557449341,0.0,26.0,0.0,3.0,0.050000000000000044,3.113377697765827,3.113377697765827,0.0
double_dqn,802,519,78.6981438934803,83.3380478759855,30.016226038336754,48.68191766142845,1.4940157467499375,16486.05988883972,0.0,22.0,0.0,2.0,0.050000000000000044,3.2131305001676083,3.2131305001676083,0.0
double_dqn,802,520,90.1940036803484,83.46741429738701,29.77310112118721,60.420901948213576,1.5201322119683027,16779.362968444824,0.0,28.0,0.0,1.0,0.050000000000000044,3.0720342323184013,3.0720342323184013,0.0
double_dqn,802,521,79.70377452075482,83.18754813179375,27.40899747610092,52.29477731287479,1.4718034910038114,15987.86072921753,0.0,23.0,0.0,2.0,0.050000000000000044,3.805333398282528,3.805333398282528,0.0
double_dqn,802,522,93.59821333289146,83.05338862694802,33.560296446084976,60.03791646957397,1.6013225317001343,18504.397521972656,0.0,26.0,0.0,2.0,0.050000000000000044,3.187299445271492,3.187299445271492,0.0
double_dqn,802,523,85.81851946562529,82.82018555223944,32.72112675756216,53.09739293158054,1.5284892357885838,18120.949981689453,0.0,24.0,0.0,0.0,0.050000000000000044,4.081830069422722,4.081830069422722,0.0
double_dqn,802,524,70.58946424126626,82.19608141198755,26.42622732371092,44.163236731290816,1.4088413938879967,14606.904262542725,0.0,20.0,0.0,1.0,0.050000000000000044,2.895042821764946,2.895042821764946,0.0
double_dqn,802,525,68.90150737166405,81.22998386085035,28.25855791568756,40.64294893443584,1.4690972222015262,15856.273063659668,0.0,22.0,0.0,2.0,0.050000000000000044,2.552040923386812,2.552040923386812,0.0
double_dqn,802,526,69.03573545366525,80.79889542788268,26.890904083848,42.14483091533184,1.4248123215511441,14899.033615112305,0.0,20.0,0.0,2.0,0.050000000000000044,2.6227449625730515,2.6227449625730515,0.0
double_dqn,802,527,85.39466516673565,81.39677716329695,30.566820740699768,54.82784457504749,1.5131656397134066,17028.64410018921,0.0,24.0,0.0,0.0,0.050000000000000044,3.568292811512947,3.568292811512947,0.0
double_dqn,802,528,80.00335739850998,81.22405165612697,29.19882382452488,50.80453308224678,1.4942385088652372,16801.608428955078,0.0,24.0,0.0,3.0,0.050000000000000044,3.503754060715437,3.503754060715437,0.0
double_dqn,802,529,80.02130524963141,80.62292823530734,28.929883778095245,51.09142135977745,1.5240233670920134,16553.608963012695,0.0,25.0,0.0,1.0,0.050000000000000044,3.6008134111762047,3.6008134111762047,0.0
double_dqn,802,530,85.73532618582249,81.00690468661489,30.155001416802406,55.58032454550266,1.5075475443154573,16809.391441345215,0.0,26.0,0.0,1.0,0.050000000000000044,3.1434995904564857,3.1434995904564857,0.0
double_dqn,802,531,79.54078818261624,81.13275562979281,29.801149144768715,49.73963871002197,1.5152354249730706,17184.98017501831,0.0,23.0,0.0,3.0,0.050000000000000044,3.380224883556366,3.380224883556366,0.0
double_dqn,802,532,91.35113031566144,80.83613781049849,31.778017699718475,59.57311260104179,1.542051744647324,18081.32790374756,0.0,26.0,0.0,1.0,0.050000000000000044,2.6742683723568916,2.6742683723568916,0.0
double_dqn,802,533,83.038308390975,81.4041913957894,31.34038269519806,51.697925800085066,1.5388729395344853,17634.577709197998,0.0,22.0,0.0,3.0,0.050000000000000044,2.8687399178743362,2.8687399178743362,0.0
double_dqn,802,534,81.22322859615088,81.50098759174348,29.94280058890581,51.280428141355515,1.5001258254051208,16494.575969696045,0.0,25.0,0.0,0.0,0.050000000000000044,3.41007512062788,3.41007512062788,0.0
double_dqn,802,535,77.0638851672411,81.37906333670021,28.165399715304375,48.89848540723324,1.4653636310249567,15539.13780784607,0.0,24.0,0.0,0.0,0.050000000000000044,2.847273677587509,2.847273677587509,0.0
double_dqn,802,536,80.06337530910969,81.29000151433051,29.44857208430767,50.61480350792408,1.4848173893988132,16252.60329246521,0.0,24.0,0.0,0.0,0.050000000000000044,2.4356908798217773,2.4356908798217773,0.0
double_dqn,802,537,81.73835160583258,81.6589198691398,28.70705772936344,53.03129406273365,1.472214668057859,15724.528728485107,0.0,25.0,0.0,0.0,0.050000000000000044,2.9665979593992233,2.9665979593992233,0.0
double_dqn,802,538,88.97588651776314,81.53444850228728,32.07743676006794,56.89844940006733,1.5692424196749926,18216.067279815674,0.0,26.0,0.0,1.0,0.050000000000000044,3.276848655194044,3.276848655194044,0.0
double_dqn,802,539,91.08953358978033,82.15401798710228,33.19876981526613,57.8907635807991,1.58795652911067,18693.657779693604,0.0,26.0,0.0,0.0,0.050000000000000044,2.8865471929311752,2.8865471929311752,0.0
double_dqn,802,540,99.91876936852933,82.64025627151133,32.621757209300995,67.2970122486353,1.5904074972495437,18552.56460571289,0.0,29.0,0.0,1.0,0.050000000000000044,3.650738248601556,3.650738248601556,0.0
double_dqn,802,541,94.15973929464818,83.36305451020601,31.13308048248291,63.026659125089644,1.5342142535373569,17635.808113098145,0.0,27.0,0.0,1.0,0.050000000000000044,3.515313971787691,3.515313971787691,0.0
double_dqn,802,542,76.28997792452574,82.49764273978772,29.265492282807827,47.02448550760746,1.5042475424706936,16745.954887390137,0.0,24.0,0.0,1.0,0.050000000000000044,3.0857896730303764,3.0857896730303764,0.0
double_dqn,802,543,88.29463918656111,82.62144872583451,30.847325578331947,57.44731315374374,1.523326083086431,17170.988821029663,0.0,26.0,0.0,1.0,0.050000000000000044,2.422291435301304,2.422291435301304,0.0
double_dqn,802,544,64.2746681496501,82.3057089212537,25.71737741678953,38.55729052424431,1.3953078025951982,14438.281028747559,0.0,20.0,0.0,0.0,0.050000000000000044,3.3447353653609753,3.3447353653609753,0.0
double_dqn,802,545,85.46706853210927,83.13398697927596,29.58352729678154,55.883541041612624,1.5347302723675966,17300.56217765808,0.0,25.0,0.0,3.0,0.050000000000000044,3.1594443693757057,3.1594443693757057,0.0
double_dqn,802,546,67.85739014446736,83.07506971381606,27.161646783351898,40.69574328660965,1.4265711614862084,15145.96464920044,0.0,22.0,0.0,2.0,0.050000000000000044,3.111351728439331,3.111351728439331,0.0
double_dqn,802,547,69.36102663129569,82.27338778704407,26.049425065517426,43.311601319909094,1.3868278274312615,14442.993909835815,0.0,22.0,0.0,1.0,0.050000000000000044,3.429394908249378,3.429394908249378,0.0
double_dqn,802,548,83.90196892619133,82.46831836342812,29.685262143611908,54.21670725941658,1.5276038888841867,16698.98860168457,0.0,26.0,0.0,1.0,0.050000000000000044,2.7706483900547028,2.7706483900547028,0.0
double_dqn,802,549,87.75198562443256,82.85485238216819,32.13452264666557,55.6174638569355,1.532811751589179,17766.985305786133,0.0,25.0,0.0,0.0,0.050000000000000044,3.533266805112362,3.533266805112362,0.0
double_dqn,802,550,77.41113652437926,82.43864289909602,29.375288240611553,48.03584832847118,1.4568434040993452,16321.285736083984,0.0,22.0,0.0,1.0,0.050000000000000044,3.9857053086161613,3.9857053086161613,0.0
double_dqn,802,551,82.70289525389671,82.59674825266003,29.446624040603638,53.25627081096172,1.5195025457069278,16839.016925811768,0.0,24.0,0.0,0.0,0.050000000000000044,2.787701018154621,2.787701018154621,0.0
double_dqn,802,552,62.195076532661915,81.13894556351006,25.43376148492098,36.76131457090378,1.3957574618980289,14211.308650970459,0.0,19.0,0.0,0.0,0.050000000000000044,3.4000095278024673,3.4000095278024673,0.0
double_dqn,802,553,92.0849227681756,81.5912762823701,31.325816430151463,60.759105771780014,1.5787817416712642,18027.075256347656,0.0,28.0,0.0,2.0,0.050000000000000044,2.2116357013583183,2.2116357013583183,0.0
double_dqn,802,554,67.70320428907871,80.91527506701648,28.16491337120533,39.538290590047836,1.4759041517972946,16149.328636169434,0.0,20.0,0.0,0.0,0.050000000000000044,3.346783112734556,3.346783112734556,0.0
double_dqn,802,555,79.82679670453072,81.05342064388097,30.384117767214775,49.44267865419388,1.5196407502517104,16950.09161758423,0.0,22.0,0.0,2.0,0.050000000000000044,4.216534182429314,4.216534182429314,0.0
double_dqn,802,556,70.7355015873909,80.58702695779502,27.403683856129646,43.33181731402874,1.465045927092433,15965.446090698242,0.0,24.0,0.0,0.0,0.050000000000000044,3.9716580770909786,3.9716580770909786,0.0
double_dqn,802,557,84.66926170140505,80.73357246257365,28.816806718707085,55.85245522856712,1.4837573356926441,16161.332733154297,0.0,25.0,0.0,1.0,0.050000000000000044,3.149192553013563,3.149192553013563,0.0
double_dqn,802,558,72.93469859063626,79.93151306621732,27.931701719760895,45.00299678146839,1.4427005918696523,15563.317287445068,0.0,22.0,0.0,1.0,0.050000000000000044,2.5544449910521507,2.5544449910521507,0.0
double_dqn,802,559,94.34381825774908,80.09422729961574,31.079442903399467,63.26437534689903,1.5651461873203516,17998.079914093018,0.0,29.0,0.0,2.0,0.050000000000000044,3.0391252897679806,3.0391252897679806,0.0
double_dqn,802,560,65.40282268822193,78.36842996560037,25.489080153405666,39.91374258697033,1.3937955889850855,14369.291948318481,0.0,19.0,0.0,0.0,0.050000000000000044,2.9386808276176453,2.9386808276176453,0.0
double_dqn,802,561,78.9978796184063,77.6103369817883,28.302135288715363,50.69574432969093,1.4845258947461843,15981.719499588013,0.0,24.0,0.0,1.0,0.050000000000000044,3.0307757668197155,3.0307757668197155,0.0
double_dqn,802,562,79.19022762775421,77.75534946694971,29.487539783120155,49.70268791913986,1.5188589515164495,16858.409965515137,0.0,23.0,0.0,1.0,0.050000000000000044,2.7866047471761703,2.7866047471761703,0.0
double_dqn,802,563,75.53842282444239,77.11753864884378,30.630566246807575,44.90785666704178,1.5200159875676036,17230.738079071045,0.0,23.0,0.0,1.0,0.050000000000000044,2.6806752756237984,2.6806752756237984,0.0
double_dqn,802,564,78.08510033786297,77.80806025825441,29.04953157901764,49.03556804358959,1.4934900216758251,16284.979236602783,0.0,24.0,0.0,0.0,0.050000000000000044,3.3882430121302605,3.3882430121302605,0.0
double_dqn,802,565,67.77751465886831,76.92358256459237,28.215998120605946,39.561516523361206,1.445488030090928,15960.872257232666,0.0,19.0,0.0,0.0,0.050000000000000044,3.6538668498396873,3.6538668498396873,0.0
double_dqn,802,566,91.72893648594618,78.11715988166631,33.634284026920795,58.09465265274048,1.5940659046173096,18638.407459259033,0.0,26.0,0.0,0.0,0.050000000000000044,3.3396989926695824,3.3396989926695824,0.0
double_dqn,802,567,96.67588056623936,79.4829025784135,33.78041550517082,62.89546474814415,1.584804305806756,18812.77462387085,0.0,28.0,0.0,1.0,0.050000000000000044,3.1375072449445724,3.1375072449445724,0.0
double_dqn,802,568,86.90423148870468,79.63301570653917,31.161847233772278,55.7423844486475,1.5591953238472342,17422.636917114258,0.0,25.0,0.0,0.0,0.050000000000000044,2.8736813440918922,2.8736813440918922,0.0
double_dqn,802,569,89.49669273942709,79.72025106228888,32.690966226160526,56.80572648346424,1.5333409998565912,18083.757766723633,0.0,26.0,0.0,0.0,0.050000000000000044,2.9229157716035843,2.9229157716035843,0.0
double_dqn,802,570,62.81205647587776,78.99029705986382,27.04678800702095,35.76526837944984,1.413996028713882,15010.601272583008,0.0,18.0,0.0,4.0,0.050000000000000044,3.248714029788971,3.248714029788971,0.0
double_dqn,802,571,98.20392622798681,79.76534860856832,33.62592425197363,64.57800154387951,1.6114664617925882,18813.801971435547,0.0,29.0,0.0,0.0,0.050000000000000044,3.5519347861409187,3.5519347861409187,0.0
double_dqn,802,572,86.72135159373283,80.99166236162186,31.3444344997406,55.376917630434036,1.559881281107664,17767.611433029175,0.0,26.0,0.0,0.0,0.050000000000000044,2.509414315223694,2.509414315223694,0.0
double_dqn,802,573,86.02439183145762,80.68863581478597,32.416135258972645,53.608256646990775,1.5536920605227351,17963.95241546631,0.0,24.0,0.0,1.0,0.050000000000000044,3.771892726421356,3.771892726421356,0.0
double_dqn,802,574,84.2789406940341,81.51742263503374,30.68351636826992,53.59542460143566,1.5564134838059545,17661.344787597656,0.0,25.0,0.0,2.0,0.050000000000000044,3.4628466479480267,3.4628466479480267,0.0
double_dqn,802,575,68.59676879197359,80.95592123940588,27.925391770899296,40.67137712538242,1.4409696189686656,15719.708656311035,0.0,21.0,0.0,2.0,0.050000000000000044,2.8903531469404697,2.8903531469404697,0.0
double_dqn,802,576,85.63312067985535,81.70080219402911,31.86740718781948,53.7657139390707,1.5052019068971276,17610.935424804688,0.0,25.0,0.0,1.0,0.050000000000000044,2.854211412370205,2.854211412370205,0.0
double_dqn,802,577,86.26669242233038,81.78067373007538,30.103681467473507,56.163010627031326,1.5279650446027517,17123.018604278564,0.0,24.0,0.0,2.0,0.050000000000000044,3.535234749317169,3.535234749317169,0.0
double_dqn,802,578,89.21519345790148,82.59469847343863,31.73879834264517,57.47639489173889,1.5541101917624474,17662.73737335205,0.0,24.0,0.0,0.0,0.050000000000000044,3.4346480891108513,3.4346480891108513,0.0
double_dqn,802,579,73.6105572372675,81.55803542241456,27.8086621388793,45.80189541876316,1.4601093297824264,15664.351818084717,0.0,22.0,0.0,1.0,0.050000000000000044,3.1917650401592255,3.1917650401592255,0.0
double_dqn,802,580,75.88646565824747,82.08221757091583,30.81791915744543,45.06854662001133,1.5009800074622035,16987.159664154053,0.0,21.0,0.0,3.0,0.050000000000000044,2.4514991268515587,2.4514991268515587,0.0
double_dqn,802,581,77.96537871062756,82.0305925255269,27.678237088024616,50.28714125752449,1.4714458677917719,15834.51576423645,0.0,25.0,0.0,2.0,0.050000000000000044,2.864704806357622,2.864704806357622,0.0
double_dqn,802,582,82.92564179003239,82.21736323364081,27.89323441684246,55.03240716457367,1.4352177130058408,15333.183128356934,0.0,25.0,0.0,0.0,0.050000000000000044,2.976213324815035,2.976213324815035,0.0
double_dqn,802,583,88.34193444997072,82.85753881491722,30.995398961007595,57.346535325050354,1.5593164237216115,17913.104181289673,0.0,25.0,0.0,0.0,0.050000000000000044,2.988424863666296,2.988424863666296,0.0
double_dqn,802,584,80.77304547429085,82.9919360717386,30.205380365252495,50.567665153741835,1.4723028559237719,16677.31859588623,0.0,23.0,0.0,1.0,0.050000000000000044,2.6192750222980976,2.6192750222980976,0.0
double_dqn,802,585,79.72883800566197,83.5895022390783,29.00641893595457,50.72241892814636,1.4727744106203318,15986.352890014648,0.0,23.0,0.0,1.0,0.050000000000000044,2.6160469725728035,2.6160469725728035,0.0
double_dqn,802,586,71.4950076431036,82.57780579693618,28.91611959785223,42.578887769579886,1.4859976405277848,16446.41300201416,0.0,22.0,0.0,1.0,0.050000000000000044,3.2709286585450172,3.2709286585450172,0.0
double_dqn,802,587,101.63601947277785,82.8258127422631,32.400252006947994,69.23576803207398,1.5924319010227919,18420.43987083435,0.0,30.0,0.0,6.0,0.050000000000000044,2.9275872111320496,2.9275872111320496,0.0
double_dqn,802,588,75.2841832190752,82.24481032878163,29.1139612570405,46.170222103595734,1.4648703020066023,15998.190124511719,0.0,22.0,0.0,2.0,0.050000000000000044,2.9531740695238113,2.9531740695238113,0.0
double_dqn,802,589,95.7317820072174,82.55656479217113,33.225548416376114,62.506233531236646,1.6281609889119864,18933.132514953613,0.0,27.0,0.0,3.0,0.050000000000000044,4.0712375566363335,4.0712375566363335,0.0
double_dqn,802,590,76.0452159717679,83.21822276696564,30.23348893970251,45.811726436018944,1.4969868464395404,16946.209157943726,0.0,23.0,0.0,0.0,0.050000000000000044,2.7589321173727512,2.7589321173727512,0.0
double_dqn,802,591,80.13266010582447,82.31465946085751,28.64881418645382,51.483846083283424,1.4814762622117996,16053.051086425781,0.0,25.0,0.0,0.0,0.050000000000000044,2.985294930636883,2.985294930636883,0.0
double_dqn,802,592,81.47279651612044,82.0522317069769,29.464304603636265,52.008491867780684,1.4873590962961316,16733.083862304688,0.0,24.0,0.0,1.0,0.050000000000000044,2.6704398207366467,2.6704398207366467,0.0
double_dqn,802,593,74.02542869150639,81.45228354997934,26.60637991130352,47.419048288464545,1.464422032237053,15491.2138671875,0.0,23.0,0.0,1.0,0.050000000000000044,2.4930068105459213,2.4930068105459213,0.0
double_dqn,802,594,76.54689680784941,81.06568135567011,27.62665244191885,48.920244336128235,1.4538009939715266,15759.66403579712,0.0,23.0,0.0,1.0,0.050000000000000044,2.589792374521494,2.589792374521494,0.0
double_dqn,802,595,96.39655345082284,82.45567058861256,33.61866565793753,62.77788751721382,1.6011835495010018,18585.988723754883,0.0,26.0,0.0,2.0,0.050000000000000044,3.511326715350151,3.511326715350151,0.0
double_dqn,802,596,98.0561895608902,83.0768240326643,33.88735593110323,64.16883420348168,1.6129586417227983,19203.433849334717,0.0,27.0,0.0,2.0,0.050000000000000044,3.2098457515239716,3.2098457515239716,0.0
double_dqn,802,597,60.30169252604246,81.7785740378499,26.396882943809032,33.90480988025665,1.4255932867527008,15350.779647827148,0.0,18.0,0.0,4.0,0.050000000000000044,3.833554320037365,3.833554320037365,0.0
double_dqn,802,598,83.75941652059555,81.50578519098461,28.41412376612425,55.34529297053814,1.477595985867083,16098.646076202393,0.0,25.0,0.0,1.0,0.050000000000000044,2.896388180553913,2.896388180553913,0.0
double_dqn,802,599,83.26188659071923,81.9883516586572,31.525356501340866,51.73653031289577,1.5388101171702147,17744.527462005615,0.0,24.0,0.0,1.0,0.050000000000000044,2.6355514600872993,2.6355514600872993,0.0
