variant,model_seed,episode,cost,rolling_cost,immediate_cost,penalty,energy_use,latency_ms,thermal_violation,energy_violation,queue_violation,contact_violation,epsilon,loss,td_loss,auxiliary_loss
double_centered_full_action_dqn,802,0,117.51771372198749,117.51771372198749,35.83170376718044,81.68600983559776,1.7264740923419595,21663.689514160156,0.0,32.0,7.0,2.0,0.9954761904761905,,,
double_centered_full_action_dqn,802,1,217.26381774633722,167.39076573416236,46.59637212753296,170.66744561880427,1.965910098515451,27926.671543121338,0.0,37.0,38.0,2.0,0.9909523809523809,2.169067621231079,2.1567633152008057,0.041014209389686584
double_centered_full_action_dqn,802,2,167.96579406192458,167.58244184341643,44.84817211329937,123.11762145688688,1.9080088920891285,26724.202533721924,0.0,33.0,25.0,1.0,0.9864285714285714,1.9311151057481766,1.918552689254284,0.04187474166974425
double_centered_full_action_dqn,802,3,185.8722271900132,172.15488818006563,44.56601031124592,141.30621683406383,1.971857650205493,27561.36661529541,0.0,34.0,23.0,2.0,0.981904761904762,1.9709279388189316,1.9593540355563164,0.03857959480956197
double_centered_full_action_dqn,802,4,105.0955648869276,158.74302352143803,34.67276065796614,70.42280392348766,1.6484686452895403,20800.173027038574,0.0,31.0,0.0,0.0,0.9773809523809524,1.804956279695034,1.7968449965119362,0.027037618681788445
double_centered_full_action_dqn,802,5,121.25159154217462,152.49445152489412,45.118638068437576,76.1329526839755,1.876912558451295,26471.745491027832,0.0,32.0,2.0,1.0,0.9728571428571429,1.4599156230688095,1.453247107565403,0.02222836925648153
double_centered_full_action_dqn,802,6,122.85825012686472,148.2607084680328,38.2819249778986,84.5763247317336,1.7716882629320025,23022.338722229004,0.0,33.0,7.0,0.0,0.9683333333333334,1.155538983643055,1.1480114571750164,0.025091778836213052
double_centered_full_action_dqn,802,7,108.72086971521378,143.3182286239304,41.84923408180475,66.87163504481316,1.8256328478455544,25060.586265563965,0.0,30.0,1.0,0.0,0.9638095238095238,1.0583227761089802,1.0533855333924294,0.016457481775432825
double_centered_full_action_dqn,802,8,117.04620985620294,140.39911542751622,37.60219042003155,79.4440185868052,1.7451585214585066,22707.178966522217,0.0,33.0,4.0,0.0,0.9592857142857143,0.9885321706533432,0.9813534282147884,0.023929148504976183
double_centered_full_action_dqn,802,9,122.356859408319,138.5948898255965,42.490374974906445,79.86648543179035,1.7772317240014672,24609.068981170654,0.0,33.0,0.0,0.0,0.9547619047619048,0.6976736821234226,0.6925220489501953,0.01717210724018514
double_centered_full_action_dqn,802,10,103.09040859341621,135.3672097135801,37.06218063831329,66.02822786569595,1.7078590150922537,22158.42297744751,0.0,27.0,0.0,1.0,0.9502380952380952,0.5241797082126141,0.5192967392504215,0.016276550595648587
double_centered_full_action_dqn,802,11,107.60138615352062,133.05339108357518,36.223332569003105,71.37805383783726,1.7489724084734917,22491.074993133545,0.0,31.0,1.0,1.0,0.9457142857142857,0.3769274167716503,0.3714727144688368,0.018182339030317962
double_centered_full_action_dqn,802,12,152.51493122881567,134.55043263320906,39.72238165140152,112.79254965191998,1.9144757073372602,25089.462036132812,0.0,34.0,25.0,2.0,0.9411904761904761,0.31795779429376125,0.3117538597434759,0.02067974943201989
double_centered_full_action_dqn,802,13,146.87152745727062,135.43051083492773,38.989351227879524,107.88217594626903,1.8467323603108525,24342.10313796997,0.0,34.0,16.0,0.0,0.9366666666666666,0.28693495504558086,0.28179479390382767,0.017133867368102074
double_centered_full_action_dqn,802,14,125.9621618628502,134.79928757012257,46.10702668130398,79.85513463020325,1.8166704820469022,26217.81187438965,0.0,34.0,0.0,1.0,0.9321428571428572,0.2622612314298749,0.25778793077915907,0.014910998695995659
double_centered_full_action_dqn,802,15,179.23250852351572,137.57636387970965,45.08443607389927,134.1480725092211,1.9753298768773675,27391.112258911133,0.0,36.0,23.0,2.0,0.9276190476190476,0.537982352077961,0.5327747575938702,0.01735864201327786
double_centered_full_action_dqn,802,16,92.09805789589882,134.90116941007372,35.78817055374384,56.30988737940788,1.6272419057786465,21236.373374938965,0.0,26.0,0.0,0.0,0.9230952380952381,0.5940541476011276,0.5880029946565628,0.020170486357528716
double_centered_full_action_dqn,802,17,108.56077241301537,133.43781402134826,35.198452070355415,73.36232035756112,1.6501768361777067,20470.34893798828,0.0,32.0,0.0,1.0,0.9185714285714286,0.3729287004098296,0.3680217508226633,0.016356486012227833
double_centered_full_action_dqn,802,18,124.10319322788663,132.94651819011344,40.89127776026726,83.21191566133447,1.836080969311297,24762.778076171875,0.0,33.0,13.0,0.0,0.914047619047619,0.2973084384575486,0.29251324012875557,0.015983988589141518
double_centered_full_action_dqn,802,19,126.35029131097603,132.61670684615655,41.70135375112295,84.64893772376585,1.8015258572995663,24739.976585388184,0.0,32.0,13.0,1.0,0.9095238095238095,0.27531679812818766,0.2711452692747116,0.013905092375352979
double_centered_full_action_dqn,802,20,180.9682489229242,135.78923360620337,45.039379477500916,135.92886944542332,2.0370727330446243,28374.715307235718,0.0,33.0,25.0,0.0,0.905,0.24551646411418915,0.2414293559268117,0.01362369634443894
double_centered_full_action_dqn,802,21,129.08546763741916,131.3803161007575,42.99411327391863,86.09135424429124,1.8470835015177727,25315.91872024536,0.0,33.0,19.0,2.0,0.9004761904761904,0.25625150091946125,0.2526146089658141,0.01212297665188089
double_centered_full_action_dqn,802,22,156.46036237881822,130.80504451660218,46.34791315346956,110.11244932220622,1.9068127209320664,27508.49813079834,0.0,35.0,21.0,0.0,0.895952380952381,0.2302484316751361,0.2265697242692113,0.012262349831871688
double_centered_full_action_dqn,802,23,127.91927152342039,127.90739673327252,39.76470889151096,88.15456324285704,1.7580940062180161,23623.49568939209,0.0,35.0,10.0,0.0,0.8914285714285715,0.4950838275253773,0.490935493260622,0.013827762159053236
double_centered_full_action_dqn,802,24,108.12740862369537,128.05898892011092,36.8589653223753,71.26844325661659,1.6722834836691618,21253.10585784912,0.0,31.0,0.0,0.0,0.8869047619047619,0.4894965812563896,0.4845245536416769,0.016573424567468464
double_centered_full_action_dqn,802,25,129.8772929018842,128.4902739880964,42.95184375345707,86.92544844807257,1.8497956786304712,24849.375,0.0,36.0,5.0,0.0,0.8823809523809524,0.36570391058921814,0.36062111891806126,0.016942632501013577
double_centered_full_action_dqn,802,26,191.7076478918422,131.93274387634526,42.713393434882164,148.9942545314658,2.033428686670959,27160.051361083984,0.0,37.0,19.0,2.0,0.8778571428571429,0.3179462030529976,0.3135812394320965,0.01454987277975306
double_centered_full_action_dqn,802,27,108.67043285220862,131.93022203319498,38.16706634312868,70.50336697101594,1.6480175936594605,21403.91307449341,0.0,31.0,0.0,2.0,0.8733333333333333,0.32558697322383523,0.3210303857922554,0.015188618504907936
double_centered_full_action_dqn,802,28,111.92491689324379,131.67415738504707,39.733144856989384,72.19177186489105,1.722038770094514,23085.15126800537,0.0,31.0,0.0,0.0,0.8688095238095238,0.2841203501448035,0.2790601830929518,0.016867217724211514
double_centered_full_action_dqn,802,29,119.32729865923562,131.52267934759288,38.252938866615295,81.07435968831217,1.7253774711862206,22472.013801574707,0.0,33.0,9.0,1.0,0.8642857142857143,0.26203900668770075,0.25755503959953785,0.014946558803785592
double_centered_full_action_dqn,802,30,109.66357719600201,131.85133777772216,41.093985214829445,68.56959138512612,1.7736726542934775,24124.235221862793,0.0,30.0,1.0,2.0,0.8597619047619047,0.34341425355523825,0.33890670351684093,0.01502515998436138
double_centered_full_action_dqn,802,31,100.36332023143768,131.48943448161802,36.06719044595957,64.2961297929287,1.6630673538893461,21302.37536239624,0.0,31.0,0.0,0.0,0.8552380952380952,0.5749912429600954,0.5687038693577051,0.02095793030457571
double_centered_full_action_dqn,802,32,116.59539824128152,129.69345783224134,36.77835363894701,79.81704452037812,1.7308061933144927,22372.50626373291,0.0,35.0,0.0,2.0,0.8507142857142858,0.45241376012563705,0.44645317643880844,0.01986858603777364
double_centered_full_action_dqn,802,33,121.95331535529095,128.44754722714237,41.29984176158905,80.65347363840539,1.8319628769531846,25035.07434463501,0.0,32.0,8.0,1.0,0.8461904761904762,0.36127728037536144,0.35530191846191883,0.019917884666938335
double_centered_full_action_dqn,802,34,202.77005632827996,132.28794195041385,40.82867433130741,161.94138214598416,1.9172614207491279,25525.05491256714,0.0,34.0,31.0,1.0,0.8416666666666667,0.3785865381360054,0.3732405696064234,0.01781988312723115
double_centered_full_action_dqn,802,35,115.37334361076356,129.09498370477624,40.72323463857174,74.65010906159878,1.7790311463177204,23821.331916809082,0.0,32.0,0.0,1.0,0.8371428571428572,0.30891863256692886,0.30309978779405355,0.01939614803995937
double_centered_full_action_dqn,802,36,87.1429778560996,128.84722970278628,31.213637597858906,55.92933988571167,1.585246798582375,18976.252433776855,0.0,26.0,0.0,1.0,0.8326190476190476,0.40743717085570097,0.4015085678547621,0.01976200332865119
double_centered_full_action_dqn,802,37,132.8248421075947,130.06043318751523,38.65337432920933,94.17146751761504,1.840985406190157,23459.417778015137,0.0,33.0,11.0,3.0,0.8280952380952381,0.3456756295636296,0.33990525733679533,0.01923456124495715
double_centered_full_action_dqn,802,38,92.77910599857569,128.49422882604966,32.140819780528545,60.63828665018082,1.6391989886760712,19891.726543426514,0.0,26.0,0.0,1.0,0.8235714285714286,0.3184676766395569,0.3130019512027502,0.01821907178964466
double_centered_full_action_dqn,802,39,111.56975919008255,127.75520222000497,40.72994086146355,70.83981835842133,1.7714200615882874,23861.27597427368,0.0,29.0,0.0,2.0,0.819047619047619,0.6270654480904341,0.6195399798452854,0.02508487389422953
double_centered_full_action_dqn,802,40,114.1296817958355,124.41327386365056,39.231347501277924,74.8983343988657,1.7292977962642908,23017.949905395508,0.0,32.0,0.0,0.0,0.8145238095238095,0.5116779021918774,0.5052655357867479,0.021374544710852206
double_centered_full_action_dqn,802,41,109.0062749683857,123.40931423019887,37.93580563366413,71.0704694390297,1.7060001119971275,21868.088033676147,0.0,32.0,0.0,0.0,0.81,0.43292186316102743,0.4263691445812583,0.02184241043869406
double_centered_full_action_dqn,802,42,130.32679753363132,122.10263598793954,42.23289433121681,88.09390341103077,1.8470115121454,24499.641941070557,0.0,37.0,1.0,1.0,0.8054761904761905,0.4335997821763158,0.42689459677785635,0.02235059638042003
double_centered_full_action_dqn,802,43,98.71367427110673,120.64235612532386,38.34774288535118,60.36593163907528,1.6456518061459064,21686.434295654297,0.0,26.0,0.0,1.0,0.800952380952381,0.39996537566185,0.39342470467090607,0.02180222945753485
double_centered_full_action_dqn,802,44,103.20177076905966,120.39607423259208,35.696016915142536,67.50575354099274,1.635511732660234,20683.78288078308,0.0,29.0,0.0,2.0,0.7964285714285715,0.37643181439489126,0.36948766466230154,0.023147161351516843
double_centered_full_action_dqn,802,45,159.13065050530852,121.8587421127633,46.93960094451904,112.19104982901041,1.965881367214024,27547.330806732178,0.0,37.0,20.0,2.0,0.7919047619047619,0.3659050138667226,0.35917128156870604,0.022445779643021524
double_centered_full_action_dqn,802,46,105.76180959641934,117.56145019799217,37.282962039113045,68.47884722948075,1.694851971231401,22187.359992980957,0.0,30.0,0.0,2.0,0.7873809523809524,0.49621072225272655,0.4890212453901768,0.023964920081198215
double_centered_full_action_dqn,802,47,101.28103619813919,117.19198036528869,36.316514268517494,64.96452206373215,1.6222210824489594,20726.750789642334,0.0,30.0,0.0,0.0,0.7828571428571429,0.5601164419203997,0.5525221060961485,0.025314449449069798
double_centered_full_action_dqn,802,48,109.04085574299097,117.04777730777603,36.58247650414705,72.45837962627411,1.7552444702014327,22197.961380004883,0.0,29.0,0.0,2.0,0.7783333333333333,0.5123451026156545,0.5050239823758602,0.024403733084909618
double_centered_full_action_dqn,802,49,120.8241168861575,117.12261821912213,38.735430493950844,82.08868622829388,1.8118118280544877,23410.47186279297,0.0,31.0,9.0,2.0,0.7738095238095238,0.47334957867860794,0.46561357844620943,0.025786664569750428
double_centered_full_action_dqn,802,50,112.94852332025766,117.2868655253349,42.488804541528225,70.45971915125847,1.770519164390862,24447.603630065918,0.0,30.0,0.0,0.0,0.7692857142857144,0.4562688581645489,0.4486322682350874,0.02545531466603279
double_centered_full_action_dqn,802,51,127.5228880135171,118.6448439144389,39.77720685303211,87.74568178633376,1.8604744849726558,24670.612117767334,0.0,34.0,5.0,1.0,0.7647619047619048,0.3550969287753105,0.34749333281069994,0.025345326750539243
double_centered_full_action_dqn,802,52,115.82553997635841,118.60635100119275,38.76362603902817,77.06191396713257,1.7039918825030327,22235.903018951416,0.0,33.0,0.0,1.0,0.7602380952380953,0.4337057201191783,0.42596101481467485,0.02581569692119956
double_centered_full_action_dqn,802,53,127.53280550526044,118.88532550869122,38.119913190603256,89.4128923146572,1.8394361697137356,23402.172397613525,0.0,33.0,24.0,1.0,0.7557142857142858,0.41636557690799236,0.40849484503269196,0.026235777069814503
double_centered_full_action_dqn,802,54,108.3859971255064,114.16612254855252,34.961824491620064,73.4241720378399,1.7062951596453786,20724.72829437256,0.0,32.0,0.0,1.0,0.7511904761904762,0.5744887068867683,0.566801393404603,0.02562436426524073
double_centered_full_action_dqn,802,55,104.26019957661629,113.61046534684517,38.636685237288475,65.62351527810097,1.6818287260830402,22311.253635406494,0.0,27.0,0.0,0.0,0.7466666666666667,0.5500942692160606,0.541828066110611,0.02755402005277574
double_centered_full_action_dqn,802,56,95.22770501077176,114.01470170457878,34.88494752347469,60.342756965756415,1.6109731337055564,20165.02268600464,0.0,27.0,0.0,1.0,0.7421428571428572,0.4565246840938926,0.4478949112817645,0.028765915893018246
double_centered_full_action_dqn,802,57,109.8210626617074,112.86451273228442,35.82283163815737,73.99823114275932,1.7030328586697578,20937.007106781006,0.0,32.0,0.0,0.0,0.7376190476190476,0.5509806228801608,0.542433850467205,0.028489240678027272
double_centered_full_action_dqn,802,58,118.01782986819744,114.1264489257655,37.12754091620445,80.8902892947197,1.7483101850375533,21914.4715423584,0.0,33.0,0.0,2.0,0.7330952380952381,0.4179867282509804,0.40985448472201824,0.027107462054118514
double_centered_full_action_dqn,802,59,121.23904938995838,114.6099134357593,37.00448663532734,84.2345624268055,1.7382885459810495,22125.02712249756,0.0,36.0,0.0,0.0,0.7285714285714286,0.5382798882201314,0.5295847356319427,0.028983832919038832
double_centered_full_action_dqn,802,60,162.26709659548877,117.01678417574196,42.60274037718773,119.66435621830102,1.9838819708675146,26284.588874816895,0.0,35.0,24.0,1.0,0.724047619047619,0.4371648347005248,0.428742160089314,0.028075578971765935
double_centered_full_action_dqn,802,61,115.20410803705454,117.3266758291754,37.18692193180323,78.01718610525131,1.7354685720056295,21730.286224365234,0.0,32.0,0.0,1.0,0.7195238095238095,0.5352553091943264,0.5264834705740213,0.02923946629744023
double_centered_full_action_dqn,802,62,109.23661616444588,116.27216676071612,37.43834966421127,71.79826664924622,1.6809442266821861,21408.371784210205,0.0,30.0,0.0,1.0,0.7150000000000001,0.582270578481257,0.573786212131381,0.028281218488700688
double_centered_full_action_dqn,802,63,112.21088868379593,116.9470274813506,39.94112405180931,72.26976402103901,1.7120208460837603,23073.77049636841,0.0,31.0,0.0,0.0,0.7104761904761905,0.553291205316782,0.5442876080051064,0.030011987080797553
double_centered_full_action_dqn,802,64,120.52308639883995,117.81309326283959,41.61755779385567,78.90552805364132,1.7760523688048124,23952.53363418579,0.0,33.0,0.0,0.0,0.7059523809523809,0.48315303679555655,0.4737362787127495,0.03138918976765126
double_centered_full_action_dqn,802,65,113.09064123034477,115.51109279909141,36.941048696637154,76.14959226548672,1.764608602039516,21822.81865310669,0.0,33.0,0.0,0.0,0.7014285714285715,0.5524711851030588,0.5428326800465584,0.03212835465092212
double_centered_full_action_dqn,802,66,111.7294337451458,115.80947400652772,36.89385758340359,74.83557617664337,1.7355831610038877,21832.94203186035,0.0,31.0,0.0,0.0,0.6969047619047619,0.5150244990363717,0.5060664815828204,0.029860062757506967
double_centered_full_action_dqn,802,67,108.95274616032839,116.1930595046372,37.09297091513872,71.85977545380592,1.6457393961027265,21169.399452209473,0.0,31.0,0.0,0.0,0.6923809523809523,0.4809620436280966,0.47242486011236906,0.02845727268140763
double_centered_full_action_dqn,802,68,104.71584268808365,115.97680885189182,37.27741873264313,67.43842346370221,1.616381331346929,20791.83436203003,0.0,31.0,0.0,1.0,0.687857142857143,0.5389189831912518,0.5299640614539385,0.02984975534491241
double_centered_full_action_dqn,802,69,99.35230745077133,114.90321838012251,35.953540086746216,63.3987674087286,1.6498821265995502,20337.215602874756,0.0,27.0,0.0,3.0,0.6833333333333333,0.47732656821608543,0.4692691881209612,0.026857924414798617
double_centered_full_action_dqn,802,70,103.16174544692039,114.41387948645566,38.22570204734802,64.93604378700256,1.6690573245286942,21568.413219451904,0.0,28.0,0.0,3.0,0.6788095238095238,0.5936520425602794,0.5836219787597656,0.03343354375101626
double_centered_full_action_dqn,802,71,234.74979538791746,119.77522485517568,41.2596602588892,193.49013512902826,1.980268644168973,25683.92597579956,0.0,38.0,37.0,1.0,0.6742857142857144,0.5625176411122084,0.5528890080749989,0.032095453003421426
double_centered_full_action_dqn,802,72,125.73418518900871,120.27065711580819,40.83654725551605,84.89763858914375,1.8293592603877187,24076.948989868164,0.0,34.0,0.0,0.0,0.6697619047619048,0.523166112601757,0.5134008005261421,0.03255102888215333
double_centered_full_action_dqn,802,73,88.64163269102573,118.32609847509646,30.312445536255836,58.32918754220009,1.5624749902635813,17647.60407447815,0.0,26.0,0.0,1.0,0.6652380952380952,0.5605860333889723,0.5517911957576871,0.029316114261746407
double_centered_full_action_dqn,802,74,115.37885105609894,118.67574117162607,38.349402979016304,77.02944800257683,1.7006914541125298,21656.091091156006,0.0,33.0,0.0,2.0,0.6607142857142857,0.5942215751856565,0.5843531098216772,0.03289488947484642
double_centered_full_action_dqn,802,75,123.12518987059593,119.61899068632506,43.65760411322117,79.46758565306664,1.7886836808174849,24289.87895965576,0.0,34.0,0.0,0.0,0.6561904761904762,0.5718323094770312,0.5606488892808557,0.03727805207017809
double_centered_full_action_dqn,802,76,112.5621946156025,120.48571516656659,39.99448601901531,72.56770968437195,1.7380769299343228,22510.920249938965,0.0,33.0,0.0,0.0,0.6516666666666667,0.5658149151131511,0.5559633644297719,0.032838502316735685
double_centered_full_action_dqn,802,77,104.92439586818219,120.24088182689033,34.956700414419174,69.96769528985024,1.6368243293836713,19838.666458129883,0.0,31.0,0.0,1.0,0.6471428571428571,0.5326901990920305,0.5233499798923731,0.0311340648913756
double_centered_full_action_dqn,802,78,140.1900662307768,121.34949364501931,37.45150339603424,102.73856280494023,1.8234002841636539,22695.078311920166,0.0,37.0,25.0,1.0,0.6426190476190476,0.7128625866025686,0.7037586979568005,0.030346301500685513
double_centered_full_action_dqn,802,79,116.4441187620163,121.1097471136222,38.851554334163666,77.59256442785264,1.724103620275855,22149.48846435547,0.0,33.0,0.0,1.0,0.6380952380952382,0.6026318091899157,0.5916812475770712,0.03650184767320752
double_centered_full_action_dqn,802,80,115.16994226127863,118.7548893969117,37.18876488506794,77.98117761462927,1.7317831441760063,21796.364212036133,0.0,32.0,0.0,1.0,0.6335714285714286,0.5899514136835933,0.5812132358551025,0.02912729058880359
double_centered_full_action_dqn,802,81,101.6396903783083,118.0766685139744,35.019124895334244,66.62056521475316,1.7229024665430188,21148.91645050049,0.0,29.0,0.0,1.0,0.6290476190476191,0.5249408297240734,0.5168432807549834,0.026991812512278557
double_centered_full_action_dqn,802,82,104.19973368346692,117.82482438992545,35.8121469989419,68.38758709430695,1.6243294309824705,19812.513668060303,0.0,30.0,0.0,3.0,0.6245238095238095,0.6263350686058402,0.6167291877791286,0.032019625534303486
double_centered_full_action_dqn,802,83,96.21123591065407,117.02484175126835,33.63410013914108,62.57713535428047,1.605434280820191,19344.691745758057,0.0,27.0,0.0,0.0,0.62,0.5528130112215877,0.5430945577099919,0.03239483118522912
double_centered_full_action_dqn,802,84,116.62982427626848,116.8301786451398,37.74865186214447,78.88117266744375,1.7398371491581202,22112.17055130005,0.0,33.0,0.0,2.0,0.6154761904761905,0.5756445825099945,0.5661930497735739,0.0315050866920501
double_centered_full_action_dqn,802,85,116.63986349999905,117.00763975862249,39.793725326657295,76.84613790512086,1.8296345798298717,23656.81777572632,0.0,32.0,0.0,1.0,0.6109523809523809,0.6162596438080072,0.6072679944336414,0.02997219143435359
double_centered_full_action_dqn,802,86,94.66556607484817,116.15444637510761,36.002408385276794,58.66315768957138,1.6529784686863422,20752.746253967285,0.0,27.0,0.0,2.0,0.6064285714285714,0.6487739253789186,0.6386002153158188,0.033912371029146016
double_centered_full_action_dqn,802,87,123.441259765625,116.87887205537245,40.02511286735535,83.41614616811276,1.8316234443336725,23324.760944366455,0.0,36.0,0.0,2.0,0.6019047619047619,0.6147403139621019,0.6053182724863291,0.03140680806245655
double_centered_full_action_dqn,802,88,108.95493342876435,117.09082659240649,36.62040528655052,72.3345283061266,1.6983227394521236,21066.75006866455,0.0,31.0,0.0,1.0,0.5973809523809523,0.5309010306373239,0.5216863295063376,0.03071566578000784
double_centered_full_action_dqn,802,89,108.62514348328114,117.55446839403196,36.57622171938419,72.0489221662283,1.7185941487550735,21734.226043701172,0.0,31.0,0.0,1.0,0.592857142857143,0.591601325199008,0.58230403624475,0.030990950181148946
double_centered_full_action_dqn,802,90,121.0310735553503,118.44793479945345,41.39204776287079,79.63902553915977,1.765682915225625,23404.945671081543,0.0,33.0,0.0,3.0,0.5883333333333334,0.545740838162601,0.535653380677104,0.03362485207617283
double_centered_full_action_dqn,802,91,105.27509225904942,111.97419964301005,36.05898752808571,69.21610540151596,1.6740047838538885,20854.893104553223,0.0,29.0,0.0,0.0,0.5838095238095238,0.7191102681681514,0.7106545008718967,0.028185881325043738
double_centered_full_action_dqn,802,92,119.39554713666439,111.65726774039283,37.785039864480495,81.61050713062286,1.777138652279973,22009.715953826904,0.0,34.0,0.0,0.0,0.5792857142857144,0.6499140607193112,0.6406775116920471,0.03078850742895156
double_centered_full_action_dqn,802,93,116.33153715133668,113.04176296340839,38.565858498215675,77.76567968130112,1.7947112545371056,22603.481595993042,0.0,31.0,0.0,2.0,0.5747619047619048,0.5792060513049364,0.56845822930336,0.03582607256248593
double_centered_full_action_dqn,802,94,123.80339616537094,113.46299021887198,40.540187917649746,83.263208091259,1.7612862847745419,22763.319591522217,0.0,36.0,0.0,1.0,0.5702380952380952,0.5919750388711691,0.5819116374477744,0.03354466857854277
double_centered_full_action_dqn,802,95,93.2532759219408,111.96939452143923,32.53386256098747,60.719413375854494,1.6419586576521397,18986.434642791748,0.0,27.0,0.0,4.0,0.5657142857142857,0.49459588155150414,0.48475554771721363,0.03280112042557448
double_centered_full_action_dqn,802,96,113.01846268922091,111.99220792512014,35.73351637274027,77.28494677841664,1.6975189130753279,20770.11602783203,0.0,34.0,0.0,1.0,0.5611904761904762,0.575711808167398,0.5648296372964978,0.03627389844041318
double_centered_full_action_dqn,802,97,109.27563852071762,112.20977005774691,37.252593129873276,72.02304537594318,1.6945792511105537,20974.177753448486,0.0,31.0,0.0,1.0,0.5566666666666666,0.5560539038851857,0.5461894599720836,0.032881467253901064
double_centered_full_action_dqn,802,98,92.76908655464649,109.8387210739404,33.840798765420914,58.928287386894226,1.625820280984044,19732.85757446289,0.0,28.0,0.0,1.0,0.5521428571428572,0.5657025817781687,0.5555456383153796,0.033856490859761834
double_centered_full_action_dqn,802,99,104.06937904655933,109.21998408816755,34.778463423252106,69.29091572761536,1.6518330154940486,19632.179454803467,0.0,30.0,0.0,1.0,0.5476190476190477,0.5502790780737996,0.5399815263226628,0.034325161832384765
double_centered_full_action_dqn,802,100,100.45075474977493,108.48402471259237,35.835874915122986,64.6148797005415,1.6151661509647965,20288.464946746826,0.0,28.0,0.0,2.0,0.5430952380952381,0.5311851222068071,0.5217345152050257,0.03150202217511833
double_centered_full_action_dqn,802,101,123.20859453082085,109.56246992021799,43.18559454381466,80.02299958467484,1.7813828261569142,23997.14288330078,0.0,33.0,0.0,0.0,0.5385714285714286,0.5694969464093447,0.5597602045163512,0.032455805223435163
double_centered_full_action_dqn,802,102,111.73436020314693,109.93920124620199,35.100556045770645,76.63380387425423,1.6123971408233047,19912.4640083313,0.0,33.0,0.0,0.0,0.5340476190476191,0.6441213423386216,0.634313290938735,0.03269349271431565
double_centered_full_action_dqn,802,103,123.2211090195925,111.28969490164891,38.24427555501461,84.9768333453686,1.8376651741564274,23005.15692138672,0.0,33.0,11.0,2.0,0.5295238095238095,0.534548981115222,0.5247307736426592,0.03272736235521734
double_centered_full_action_dqn,802,104,92.06443961262703,110.06142566846685,31.927453130483627,60.13698663115501,1.601736326701939,18777.98603439331,0.0,26.0,0.0,2.0,0.525,0.5200227675959468,0.5098719447851181,0.03383605903945863
double_centered_full_action_dqn,802,105,109.7003126963973,109.71444812828676,41.792938098311424,67.90737436711788,1.7631297577172518,24190.051177978516,0.0,30.0,0.0,0.0,0.5204761904761905,0.5792687740176916,0.5696529513224959,0.032052734633907676
double_centered_full_action_dqn,802,106,89.58182758837938,109.46026120396331,32.364573650062084,57.21725396811962,1.5482150316238403,18579.56372833252,0.0,25.0,0.0,0.0,0.5159523809523809,0.6409756783396006,0.6306056641042233,0.03456673154141754
double_centered_full_action_dqn,802,107,105.55808111429215,108.56610227139667,34.633328795433044,70.92475206553937,1.600059694610536,19376.564796447754,0.0,30.0,0.0,2.0,0.5114285714285716,0.5945879947394133,0.5846976228058338,0.03296788898296654
double_centered_full_action_dqn,802,108,117.34843372106552,108.98577728601174,40.670357912778854,76.67807558476925,1.7966040363535285,23833.077743530273,0.0,32.0,0.0,2.0,0.506904761904762,0.5579453455284238,0.5477079106494784,0.0341247838223353
double_centered_full_action_dqn,802,109,117.09803557395935,109.40942189054564,39.57623717188835,77.52179829776287,1.7356161689385772,22426.943382263184,0.0,33.0,0.0,0.0,0.5023809523809524,0.7785858660936356,0.7684136666357517,0.033907351666130126
double_centered_full_action_dqn,802,110,111.31500319540501,108.92361837254836,36.006043426692486,75.30895952284337,1.733457681722939,21240.458740234375,0.0,32.0,0.0,2.0,0.4978571428571429,0.6410120278596878,0.6312023987993598,0.032698755618184805
double_centered_full_action_dqn,802,111,112.28926129937172,109.2743268245645,37.72931928932667,74.55994190573692,1.732232602313161,21757.30109024048,0.0,31.0,0.0,4.0,0.4933333333333334,0.5288847237825394,0.5191257335245609,0.032529997173696756
double_centered_full_action_dqn,802,112,111.60722098648549,108.88491051705554,38.467320546507835,73.13990041017533,1.7239226987585425,21848.882427215576,0.0,32.0,0.0,1.0,0.4888095238095238,0.5541773932054639,0.5439294455572963,0.03415982925798744
double_centered_full_action_dqn,802,113,97.94733075797558,107.96570019738749,35.44881787896156,62.49851304292679,1.6609055567532778,20315.21995162964,0.0,27.0,0.0,0.0,0.4842857142857143,0.5902776243165135,0.5799467526376247,0.03443621774204075
double_centered_full_action_dqn,802,114,107.10181246697903,107.1306210124679,38.859976537525654,68.24183669686317,1.6879035010933876,21678.935932159424,0.0,31.0,0.0,0.0,0.4797619047619047,0.6562061700969934,0.6470740400254726,0.030440447968430817
double_centered_full_action_dqn,802,115,90.08703325837851,106.97230887928978,31.31931647658348,58.76771664023399,1.5608816966414452,18076.058826446533,0.0,26.0,0.0,2.0,0.47523809523809524,0.6005531968548894,0.5908237230032682,0.03243156406097114
double_centered_full_action_dqn,802,116,95.92034188807011,106.11740283923226,33.79639093577862,62.12395044565201,1.60692935064435,19192.800226211548,0.0,26.0,0.0,1.0,0.47071428571428575,0.6941985441371799,0.6846089465543628,0.03196532616857439
double_centered_full_action_dqn,802,117,93.41302188932896,105.32427200766281,36.14032710343599,57.27269483804703,1.660672353580594,20946.86452102661,0.0,26.0,0.0,3.0,0.46619047619047627,0.7275332678109407,0.7182860877364874,0.030823913752101362
double_centered_full_action_dqn,802,118,84.62792591005564,104.91721397543328,28.934572778642178,55.69335278868675,1.5187510047107935,16263.06379699707,0.0,26.0,0.0,0.0,0.46166666666666667,0.7664219848811626,0.7562855370342731,0.03378814656753093
double_centered_full_action_dqn,802,119,128.31572673618794,106.1295313599147,45.48903851211071,82.82668806016446,1.7867324873805046,24982.72846221924,0.0,34.0,0.0,1.0,0.4571428571428572,0.6379398014396429,0.6289702653884888,0.029898438951931894
double_centered_full_action_dqn,802,120,87.16331750154495,105.4651594975032,31.68886226415634,55.47445456683636,1.5816884320229292,18446.8148727417,0.0,24.0,0.0,2.0,0.4526190476190477,0.6860322467982769,0.6756588518619537,0.03457798121962696
double_centered_full_action_dqn,802,121,111.57961555719376,104.88371054882184,38.65115623176098,72.92845922112465,1.7537227384746075,22418.54002761841,0.0,31.0,0.0,1.0,0.4480952380952381,0.5597783615812659,0.5501615256071091,0.0320561146363616
double_centered_full_action_dqn,802,122,90.94951099902391,103.84446808861571,32.521885097026825,58.42762604355812,1.585469663143158,18795.108295440674,0.0,26.0,0.0,1.0,0.4435714285714286,0.5940346354618669,0.5858699409291148,0.02721564471721649
double_centered_full_action_dqn,802,123,116.37793395221233,103.5023093352467,42.00936906039715,74.36856514513492,1.7743217376992106,23372.212043762207,0.0,33.0,0.0,2.0,0.439047619047619,0.6475409157574177,0.6384628787636757,0.030260100378654897
double_centered_full_action_dqn,802,124,107.60507025122642,104.27934086717667,36.71938222646713,70.88568803966045,1.7131933672353625,21215.205223083496,0.0,31.0,0.0,4.0,0.43452380952380953,0.5942512564361095,0.5857121329754591,0.02846371941268444
double_centered_full_action_dqn,802,125,114.54941695332528,104.52179608002305,41.26453924924135,73.28487699627877,1.7823459887877107,23321.59309387207,0.0,33.0,0.0,1.0,0.43000000000000005,0.6132850861176848,0.602099347859621,0.03728579881135374
double_centered_full_action_dqn,802,126,92.30951968729497,104.65818068496883,31.80160041153431,60.50791891813278,1.5837572170421481,18284.797454833984,0.0,27.0,0.0,2.0,0.42547619047619056,0.6970782820135355,0.687378291040659,0.03233331174124032
double_centered_full_action_dqn,802,127,92.5222514808178,104.00638920329511,33.03312961757183,59.48912137150764,1.6259415755048394,18939.38117980957,0.0,26.0,0.0,1.0,0.42095238095238097,0.5737856514751911,0.5641600890085101,0.032085189362987876
double_centered_full_action_dqn,802,128,93.4655966103077,102.81224734775724,33.0895471572876,60.37604936361313,1.598440708592534,18716.84175491333,0.0,26.0,0.0,1.0,0.41642857142857137,0.5381231037899852,0.528286449611187,0.032788828830234706
double_centered_full_action_dqn,802,129,98.23570003509522,101.86913057081404,34.380338460206985,63.85536187291145,1.6226172549650073,19528.045654296875,0.0,28.0,0.0,1.0,0.4119047619047619,0.6353446170687675,0.6262397048994899,0.030349712818861008
double_centered_full_action_dqn,802,130,93.46238594055175,100.97649970807137,30.405215695500374,63.0571702003479,1.580226918682456,17773.071975708008,0.0,28.0,0.0,3.0,0.4073809523809524,0.5587267940863967,0.549959690310061,0.029223664780147374
double_centered_full_action_dqn,802,131,120.05272288620472,101.36467278741301,37.69696427881718,82.35575836896896,1.7846875125542283,22242.57919692993,0.0,34.0,0.0,1.0,0.4028571428571429,0.5423863064497709,0.5332228662446141,0.030544797657057643
double_centered_full_action_dqn,802,132,84.7428846359253,100.021455969885,30.283995628356934,54.45888909697533,1.593491560779512,17999.310913085938,0.0,24.0,0.0,1.0,0.39833333333333343,0.5201131133362651,0.5112158386036754,0.02965759439393878
double_centered_full_action_dqn,802,133,109.66958801448345,100.60756883271038,36.38702480494976,73.28256356716156,1.7110878890380263,20701.459133148193,0.0,32.0,0.0,0.0,0.39380952380952383,0.6690839063376188,0.658946767449379,0.0337904654443264
double_centered_full_action_dqn,802,134,100.4929767549038,100.27712704710663,32.87630957365036,67.61666750907898,1.6454015597701073,19238.79153060913,0.0,31.0,0.0,1.0,0.38928571428571423,0.569260991178453,0.5610586730763316,0.027341025415807962
double_centered_full_action_dqn,802,135,101.1808932647109,100.83182004742325,34.43714281916618,66.74374988675117,1.635205578058958,19810.527631759644,0.0,29.0,0.0,0.0,0.38476190476190475,0.7537561291828752,0.7456182986497879,0.027126050204969943
double_centered_full_action_dqn,802,136,91.04925864338875,100.58826588518919,32.51847431063652,58.530785197019576,1.5956635093316436,18393.12145614624,0.0,26.0,0.0,2.0,0.38023809523809526,0.640208289027214,0.6313941804692149,0.029380369232967496
double_centered_full_action_dqn,802,137,103.02490510046482,101.06886004574599,33.20382632315159,69.82107898592949,1.599373035132885,19148.02488708496,0.0,30.0,0.0,0.0,0.3757142857142858,0.5235775848850608,0.5153163466602564,0.027537455898709595
double_centered_full_action_dqn,802,138,96.52391498684884,101.66365949958565,31.442707307636738,65.08120782822371,1.6065980987623334,17936.13600540161,0.0,29.0,0.0,1.0,0.3711904761904763,0.6402998771518469,0.6313563138246536,0.029811889748089015
double_centered_full_action_dqn,802,139,102.0811251193285,100.35192941874269,32.51200360059738,69.56912135481835,1.621826563961804,18667.37205505371,0.0,30.0,0.0,2.0,0.3666666666666667,0.7866838742047548,0.778454964980483,0.027429678477346897
double_centered_full_action_dqn,802,140,92.92389542758465,100.63995831504465,31.462940841913223,61.46095457077026,1.5731114950031042,17995.33823776245,0.0,28.0,0.0,2.0,0.3621428571428572,0.5897873044013977,0.5820760354399681,0.025704233441501856
double_centered_full_action_dqn,802,141,101.35026590526104,100.12849083244802,34.55583485215902,66.79443047940731,1.6282500373199582,19681.04944229126,0.0,29.0,0.0,0.0,0.3576190476190476,0.7806817144155502,0.7717336565256119,0.02982684038579464
double_centered_full_action_dqn,802,142,116.83262594044209,101.42264657951894,38.01452985405922,78.81809556484222,1.709603862836957,21640.979347229004,0.0,34.0,0.0,1.0,0.35309523809523813,0.764868849888444,0.7570006623864174,0.026227276655845344
double_centered_full_action_dqn,802,143,96.86191632747651,100.44684569828215,35.19139540195465,61.67052080631256,1.6842107875272632,20169.19437789917,0.0,28.0,0.0,1.0,0.34857142857142864,0.5892350617796183,0.5805367808789015,0.028994272812269628
double_centered_full_action_dqn,802,144,94.07321408390999,99.7702528899163,33.494765281677246,60.57844877243042,1.6157162599265575,18949.41298675537,0.0,27.0,0.0,0.0,0.34404761904761905,0.5424790140241385,0.533982208929956,0.028322678874246776
double_centered_full_action_dqn,802,145,94.49775278568268,98.76766968153417,32.285504296422005,62.212248265743256,1.6007771082222462,18647.729900360107,0.0,30.0,0.0,1.0,0.33952380952380956,0.6230263337492943,0.6143269129097462,0.028998090885579586
double_centered_full_action_dqn,802,146,102.16639393717051,99.26051339402795,35.66594818979502,66.50044616460801,1.6266557751223445,19774.071994781494,0.0,29.0,0.0,1.0,0.3350000000000001,0.5814718278124928,0.5735987015068531,0.026243751985020936
double_centered_full_action_dqn,802,147,69.22091586142778,98.09544661305844,26.976680614054203,42.24423509836197,1.4425019221380353,15060.331161499023,0.0,20.0,0.0,1.0,0.3304761904761905,0.5214498518034816,0.5137463132850826,0.02567846595775336
double_centered_full_action_dqn,802,148,89.15077391266823,97.87970547817648,29.377436414361,59.77333737909794,1.5833481466397643,17254.682682037354,0.0,29.0,0.0,2.0,0.325952380952381,0.618370408192277,0.6109617138281465,0.024695628439076245
double_centered_full_action_dqn,802,149,94.5611035168171,97.69597565226258,33.48384224623442,61.07726136744022,1.5999521231278777,19060.137550354004,0.0,29.0,0.0,1.0,0.3214285714285714,0.6854218440130353,0.6786780832335353,0.022479185834527016
double_centered_full_action_dqn,802,150,86.64214097261429,97.3549634038657,31.92351956665516,54.71862182319164,1.5631617978215218,18010.238033294678,0.0,24.0,0.0,3.0,0.3169047619047619,0.6565544866025448,0.6483682543039322,0.02728741313330829
double_centered_full_action_dqn,802,151,102.03123751282692,96.45388913519682,35.98104585707188,66.05019192397594,1.640049890615046,20186.790550231934,0.0,30.0,0.0,1.0,0.3123809523809524,0.593024124391377,0.5851333327591419,0.02630264073377475
double_centered_full_action_dqn,802,152,100.76527553200722,97.25500868000091,33.41783666610718,67.34743886590005,1.5765364589169621,18846.821174621582,0.0,31.0,0.0,2.0,0.30785714285714294,0.6380946496501565,0.6312615759670734,0.02277691662311554
double_centered_full_action_dqn,802,153,96.47884372770787,96.59547146566213,35.14553438127041,61.33330869078636,1.6205084146931767,19470.0640335083,0.0,28.0,0.0,1.0,0.30333333333333345,0.6842625206336379,0.6763718770816922,0.026302134501747787
double_centered_full_action_dqn,802,154,116.67171163856983,97.40440820984543,35.4016989916563,81.27001355588436,1.680416863411665,20270.810035705566,0.0,36.0,0.0,0.0,0.29880952380952375,0.6078891037032008,0.6002334132790565,0.025518949725665152
double_centered_full_action_dqn,802,155,90.49854895621539,96.87029099442066,29.891354136168957,60.607194454967974,1.576225047931075,17529.859867095947,0.0,26.0,0.0,2.0,0.29428571428571426,0.5586432553827763,0.5512190405279398,0.024747381219640374
double_centered_full_action_dqn,802,156,96.43952630460262,97.13980437748134,32.84692710638046,63.59259958565235,1.604859528131783,18913.424171447754,0.0,28.0,0.0,0.0,0.2897619047619048,0.5929516348987818,0.585116246715188,0.026117944857105613
double_centered_full_action_dqn,802,157,103.72921582460404,97.17501991368832,35.927330538630486,67.8018856137991,1.6131765712052584,19612.46569442749,0.0,30.0,0.0,1.0,0.2852380952380953,0.7646613568067551,0.757054534740746,0.025356066995300353
double_centered_full_action_dqn,802,158,103.48703511059284,97.52317591987551,37.59866124391556,65.8883740901947,1.6573835797607899,20900.704544067383,0.0,29.0,0.0,0.0,0.2807142857142858,0.7244980111718178,0.7175199994817376,0.023260046495124698
double_centered_full_action_dqn,802,159,87.54789111018181,96.79651421941817,32.27710177004337,55.27078963816166,1.5671990513801575,17907.745693206787,0.0,27.0,0.0,0.0,0.2761904761904763,0.5597498863935471,0.5521302781999111,0.025398682337254286
double_centered_full_action_dqn,802,160,94.6450946033001,96.88257417820395,32.55204054713249,62.093054354190826,1.5941867921501398,18534.765998840332,0.0,27.0,0.0,1.0,0.2716666666666666,0.6962835509330034,0.6889985138550401,0.02428345719818026
double_centered_full_action_dqn,802,161,93.04151512682438,96.4671366392821,34.40728861093521,58.634226620197296,1.6171858962625265,19427.75654220581,0.0,27.0,0.0,0.0,0.2671428571428571,0.6627350058406591,0.6555443191900849,0.02396895969286561
double_centered_full_action_dqn,802,162,96.26535675823689,95.43877318017185,32.09830319881439,64.16705339550973,1.5726533308625221,18174.29750061035,0.0,29.0,0.0,2.0,0.26261904761904764,0.5569102466106415,0.5493635470047593,0.02515566273359582
double_centered_full_action_dqn,802,163,96.70959602296352,95.4311571649462,32.337200567126274,64.37239509820938,1.5833334410563111,18405.602558135986,0.0,29.0,0.0,0.0,0.25809523809523816,0.7950237859040499,0.7878959700465202,0.02375940536148846
double_centered_full_action_dqn,802,164,100.20859471857548,95.73792619667948,32.148328088223934,68.06026674211026,1.6105396365746856,18339.379653930664,0.0,30.0,0.0,1.0,0.25357142857142867,0.7239067042246461,0.7167641166597605,0.023808645782992244
double_centered_full_action_dqn,802,165,86.78292410969735,95.35218476288023,31.93860111385584,54.8443224966526,1.5664247255772352,18441.724445343018,0.0,25.0,0.0,1.0,0.24904761904761907,0.5527452789247036,0.5452546142041683,0.02496889280155301
double_centered_full_action_dqn,802,166,59.85060130357742,93.23639513120057,25.981547564268112,33.86905350089073,1.4121352061629295,14670.876167297363,0.0,17.0,0.0,2.0,0.2445238095238096,0.5973290856927633,0.5907618263736367,0.02189085865393281
double_centered_full_action_dqn,802,167,83.12329579442739,93.93151412785053,29.08536282926798,54.03793357610702,1.500877907499671,16785.12348175049,0.0,26.0,0.0,2.0,0.24,0.5415653148666024,0.5347761623561382,0.022630510851740837
double_centered_full_action_dqn,802,168,95.46846199929715,94.24739853218198,31.269375570118427,64.19908676445485,1.5721739819273353,17572.972244262695,0.0,28.0,0.0,1.0,0.2354761904761905,0.6512802811339498,0.6445380551740527,0.02247408893890679
double_centered_full_action_dqn,802,169,107.52471305429935,94.89557900905609,35.29853534698486,72.22617749869823,1.697354412637651,20203.097749710083,0.0,30.0,0.0,2.0,0.23095238095238102,0.6781811201944947,0.6702016582712531,0.026598174823448062
double_centered_full_action_dqn,802,170,90.44962060451508,95.08595299065114,31.599906608462334,58.84971387684345,1.5922579457983375,18456.879470825195,0.0,28.0,0.0,0.0,0.22642857142857142,0.7292049694806337,0.7213212735950947,0.026279013138264418
double_centered_full_action_dqn,802,171,92.37406900525093,94.60309456527234,33.165245816111565,59.20882350206375,1.600697636604309,19145.59662246704,0.0,26.0,0.0,1.0,0.22190476190476194,0.6520131761208177,0.6438194746151567,0.02731233322992921
double_centered_full_action_dqn,802,172,105.32510210722685,94.83108589403332,35.76193777471781,69.56316433250905,1.6860758671537042,20677.084575653076,0.0,30.0,0.0,1.0,0.21738095238095245,0.609966536052525,0.60189438611269,0.026907179795671254
double_centered_full_action_dqn,802,173,76.10308235287667,93.81229782529176,30.34665670990944,45.756426179409026,1.4712229371070862,16578.071184158325,0.0,23.0,0.0,1.0,0.21285714285714286,0.5974488100036979,0.5904922299087048,0.023188588791526854
double_centered_full_action_dqn,802,174,94.31445623934269,92.6944350553304,33.75742477923632,60.557031363248825,1.5509241772815585,19042.14591217041,0.0,27.0,0.0,1.0,0.20833333333333337,0.5105667393654585,0.5042595490813255,0.021023953973781317
double_centered_full_action_dqn,802,175,74.49193390458822,91.89410430274904,27.946989066898823,46.54494482278824,1.4756409609690309,15934.141620635986,0.0,22.0,0.0,1.0,0.20380952380952377,0.6903653964400291,0.6836699414998293,0.0223181830951944
double_centered_full_action_dqn,802,176,92.06555452346802,91.67540571369231,31.078541830182076,60.98701215684414,1.533432761207223,17449.15172958374,0.0,28.0,0.0,1.0,0.1992857142857143,0.5815853020176291,0.5748429363593459,0.02247454773169011
double_centered_full_action_dqn,802,177,90.34067729115486,91.00597878701986,32.21487361192703,58.125803634524345,1.5922154719009995,18521.237689971924,0.0,27.0,0.0,0.0,0.1947619047619048,0.6211128374561667,0.6151129379868507,0.019999641925096512
double_centered_full_action_dqn,802,178,92.99305045902729,90.48127955444157,31.695693969726562,61.29735617637634,1.5591895254328847,17991.52256011963,0.0,29.0,0.0,2.0,0.19023809523809532,0.6019047712907195,0.5951666478067636,0.02246042585466057
double_centered_full_action_dqn,802,179,97.81667507588864,90.99471875272693,32.07277573645115,65.74389959275723,1.6272601885721087,18465.464065551758,0.0,30.0,0.0,2.0,0.18571428571428583,0.6422847807407379,0.6356217470020056,0.022210106952115893
double_centered_full_action_dqn,802,180,95.78287313878536,91.05160767950119,30.5209431797266,65.2619296759367,1.5623423783108592,17738.770500183105,0.0,29.0,0.0,0.0,0.18119047619047624,0.6433502081781626,0.6375241205096245,0.019420284719672054
double_centered_full_action_dqn,802,181,75.91967166513204,90.19551550641657,29.099328063428402,46.82034337818622,1.482630729675293,16709.83198738098,0.0,21.0,0.0,3.0,0.17666666666666664,0.593238621018827,0.5867535611614585,0.02161684015300125
double_centered_full_action_dqn,802,182,58.195905610919,88.29204294905068,25.314335875213146,32.88156972825527,1.4010664485394955,14754.164772033691,0.0,17.0,0.0,0.0,0.17214285714285715,0.6116822166368365,0.6047636857256293,0.023061789746861905
double_centered_full_action_dqn,802,183,60.83357989192009,86.4982421424985,24.032598562538624,36.80098148584366,1.3908117692917585,13785.948169708252,0.0,18.0,0.0,1.0,0.16761904761904767,0.574828608892858,0.5682255439460278,0.0220101960003376
double_centered_full_action_dqn,802,184,99.50963274389505,86.46329404376448,33.474674858152866,66.034957036376,1.6396135995164514,19160.48907470703,0.0,29.0,0.0,0.0,0.16309523809523818,0.5572991166263819,0.5511996606364846,0.020331526116933674
double_centered_full_action_dqn,802,185,81.02408248484134,86.17535196252169,27.428254507482052,53.595827880501744,1.4612695453688502,15661.835651397705,0.0,24.0,0.0,3.0,0.1585714285714287,0.651706145144999,0.6458261637017131,0.019599928811658174
double_centered_full_action_dqn,802,186,104.13310421258211,88.38947710797191,33.271386958658695,70.86171701550484,1.6099651921540499,18739.682765960693,0.0,31.0,0.0,2.0,0.1540476190476191,0.632974830456078,0.6264787409454584,0.021653650037478656
double_centered_full_action_dqn,802,187,90.51696530282497,88.75916058339178,31.463551744818687,59.053413319587705,1.5723126530647278,17714.689708709717,0.0,26.0,0.0,2.0,0.1495238095238095,0.6226967638358474,0.6166517212986946,0.02015011728508398
double_centered_full_action_dqn,802,188,93.49764397889376,88.66061968237162,30.907572843134403,62.590071657299994,1.5884287161752582,17648.911083221436,0.0,29.0,0.0,2.0,0.14500000000000002,0.6406269315630198,0.6345294136554003,0.02032504411181435
double_centered_full_action_dqn,802,189,78.60450129359961,87.21460909433664,29.33000109344721,49.27449948489666,1.4736945927143097,16512.841875076294,0.0,22.0,0.0,2.0,0.14047619047619053,0.8388017322868109,0.8326149359345436,0.020622652082238346
double_centered_full_action_dqn,802,190,98.9321024864912,87.63873318843545,32.3821270018816,66.54997533559799,1.629174635745585,18831.621995925903,0.0,29.0,0.0,0.0,0.13595238095238105,0.5918891541659832,0.5860784454271197,0.019369041780009866
double_centered_full_action_dqn,802,191,83.57581048607827,87.19882026247681,30.821703925728798,52.754106828570364,1.5657153874635696,17580.278156280518,0.0,25.0,0.0,1.0,0.13142857142857145,0.6524644950404763,0.6460753651335835,0.021297096856869757
double_centered_full_action_dqn,802,192,100.2048883587122,86.94280957505109,33.868738904595375,66.33614914119244,1.688284270465374,20023.17374610901,0.0,31.0,0.0,0.0,0.12690476190476196,0.6000664616003633,0.5935470508411527,0.02173138048965484
double_centered_full_action_dqn,802,193,92.27791836112738,87.7515513754636,29.737241826951504,62.54067635536194,1.5236673317849636,16914.700424194336,0.0,28.0,0.0,1.0,0.12238095238095237,0.6188789820298553,0.6129273204132915,0.01983884774381295
double_centered_full_action_dqn,802,194,73.50249822437763,86.71095347471535,27.018221214413643,46.48427650332451,1.4614147432148457,15936.264835357666,0.0,22.0,0.0,2.0,0.11785714285714288,0.564480708912015,0.5579765252768993,0.021680608857423067
double_centered_full_action_dqn,802,195,85.76255400627852,87.27448447979988,29.55088049173355,56.21167344748974,1.5125934686511755,16648.203506469727,0.0,27.0,0.0,1.0,0.1133333333333334,0.5861763246357441,0.5800841962918639,0.020307120343204588
double_centered_full_action_dqn,802,196,80.49665521234274,86.69603951424361,27.555315323174,52.94134014248848,1.4604671485722065,15840.90941619873,0.0,23.0,0.0,2.0,0.1088095238095238,0.5387887703254819,0.5331085836514831,0.01893394929356873
double_centered_full_action_dqn,802,197,86.51131031811238,86.5045711655915,28.994615212082863,57.51669525504112,1.4979513445869088,16561.764862060547,0.0,27.0,0.0,2.0,0.10428571428571431,0.386672112159431,0.3808141378685832,0.019526552699971944
double_centered_full_action_dqn,802,198,80.48456680774689,85.87914698302748,28.06887449324131,52.41569262742996,1.5504305325448513,16885.961597442627,0.0,24.0,0.0,1.0,0.09976190476190483,0.5354739865288138,0.5302383434027433,0.017452139465603977
double_centered_full_action_dqn,802,199,79.31141532957554,84.95388399571182,26.865316338837147,52.44609872996807,1.4893334601074457,15611.546451568604,0.0,25.0,0.0,0.0,0.09523809523809534,0.600476061925292,0.5943078547716141,0.020560680888593197
double_centered_full_action_dqn,802,200,75.89639859050513,83.95956026829779,27.723475448787212,48.172923097014426,1.483532141894102,15818.655284881592,0.0,24.0,0.0,2.0,0.09071428571428575,0.5647202301770449,0.5595905762165785,0.017098854295909405
double_centered_full_action_dqn,802,201,70.28027209639549,83.67759028986097,26.721542485058308,43.55872927606106,1.4633978540077806,15305.087181091309,0.0,21.0,0.0,0.0,0.08619047619047626,0.6217119246721268,0.6164737455546856,0.017460590635892004
double_centered_full_action_dqn,802,202,84.81982769817114,85.00878639422358,28.55340500921011,56.26642298698425,1.521224052645266,16251.014434814453,0.0,26.0,0.0,2.0,0.08166666666666667,0.5713515151292086,0.5662148650735617,0.017122149176429957
double_centered_full_action_dqn,802,203,78.29637574404478,85.88192618682982,27.665195867419243,50.63118004798889,1.479672148823738,16023.235404968262,0.0,23.0,0.0,1.0,0.07714285714285718,0.6643060958012938,0.6578370537608862,0.02156348980497569
double_centered_full_action_dqn,802,204,90.49127645194531,85.43100837223233,30.079629108309746,60.41164701581001,1.5535864550620317,17176.901586532593,0.0,28.0,0.0,1.0,0.0726190476190477,0.6049844203516841,0.599801030009985,0.017277952254517004
double_centered_full_action_dqn,802,205,93.58432141393423,86.05902031868696,31.64969389885664,61.93462730646134,1.5600465508177876,17875.280925750732,0.0,28.0,0.0,4.0,0.06809523809523821,0.5925107952207327,0.586708564311266,0.019340780505444854
double_centered_full_action_dqn,802,206,96.11631272733212,85.65818074442447,30.019501730799675,66.09681072831154,1.5956438016146421,17425.443767547607,0.0,29.0,0.0,1.0,0.06357142857142861,0.5303941899910569,0.5252756252884865,0.017061875958461314
double_centered_full_action_dqn,802,207,74.68686550855637,84.86667575471104,29.287262298166752,45.39960336685181,1.5080762542784214,16888.549781799316,0.0,22.0,0.0,0.0,0.059047619047619015,0.5301202116534114,0.5245273252949119,0.01864295988343656
double_centered_full_action_dqn,802,208,67.26090497672558,83.55483880460264,25.15051707625389,42.1103878557682,1.4213706459850073,14879.33744430542,0.0,20.0,0.0,1.0,0.05452380952380953,0.6242509800940752,0.6187399430200458,0.01837013044860214
double_centered_full_action_dqn,802,209,92.69365571439266,84.25929652564227,30.414788365364075,62.27886724472046,1.5916894990950823,17611.74017715454,0.0,28.0,0.0,3.0,0.050000000000000044,0.6995336320251226,0.6938267312943935,0.01902300224173814
double_centered_full_action_dqn,802,210,79.68682740777732,83.29703277170658,27.575216494500637,52.11161043643951,1.4856655662879348,15840.38554763794,0.0,23.0,0.0,2.0,0.050000000000000044,0.557781015522778,0.552566958591342,0.017380191246047616
double_centered_full_action_dqn,802,211,78.12898291647434,83.02469139322639,27.19830696284771,50.93067541718483,1.4877468096092343,15692.064254760742,0.0,24.0,0.0,1.0,0.050000000000000044,0.5613125655800104,0.5562703954055905,0.016807221341878176
double_centered_full_action_dqn,802,212,72.93414806127548,81.66115437835455,26.05288652330637,46.88126175403595,1.4620514996349812,15057.171566009521,0.0,23.0,0.0,2.0,0.050000000000000044,0.49943892005831003,0.493681812658906,0.019190355436876416
double_centered_full_action_dqn,802,213,57.61713618189096,79.92811526939273,24.579202599823475,33.03793356716633,1.3929502619430423,14037.175022125244,0.0,19.0,0.0,1.0,0.050000000000000044,0.5848631858825684,0.5794992819428444,0.017879712919238955
double_centered_full_action_dqn,802,214,89.10459066927433,80.70821989163757,29.819713696837425,59.284876972436905,1.5553289456292987,17231.907863616943,0.0,26.0,0.0,0.0,0.050000000000000044,0.6251153061166406,0.6192257469519973,0.01963185501517728
double_centered_full_action_dqn,802,215,82.59521985948086,80.54985318429769,28.2309387922287,54.36428123116493,1.4753209119662642,15832.270809173584,0.0,26.0,0.0,1.0,0.050000000000000044,0.5023743091151118,0.4971451861783862,0.017430412059184164
double_centered_full_action_dqn,802,216,78.01643889695406,80.42584236852825,27.55374363809824,50.46269508004188,1.4602679228410125,15545.733333587646,0.0,24.0,0.0,2.0,0.050000000000000044,0.6200795518234372,0.6140051633119583,0.020247985201422125
double_centered_full_action_dqn,802,217,57.25356017202139,78.96295486122371,25.036575317382812,32.21698481738567,1.389976104721427,14444.03254699707,0.0,16.0,0.0,1.0,0.050000000000000044,0.7279234668239951,0.722439881414175,0.018278623872902244
double_centered_full_action_dqn,802,218,76.52967790663243,78.76521041616799,27.21402434259653,49.31565288603306,1.4662556918337941,15557.136875152588,0.0,22.0,0.0,1.0,0.050000000000000044,0.7112912219017744,0.7059576595202088,0.017778510053176433
double_centered_full_action_dqn,802,219,65.49864274412394,78.0745717868954,25.27983248233795,40.21881006062031,1.4199048625305295,14511.850360870361,0.0,21.0,0.0,1.0,0.050000000000000044,0.6158000528812408,0.6099369516596198,0.01954366988502443
double_centered_full_action_dqn,802,220,71.67655078470708,77.8635793966055,28.324899464845657,43.35165134966373,1.4713303120806813,16066.711715698242,0.0,20.0,0.0,5.0,0.050000000000000044,0.5084570264443755,0.5034188143908978,0.016794046270661056
double_centered_full_action_dqn,802,221,74.11211206167937,78.05517139486969,26.41616264730692,47.69594910144806,1.4279326004907489,14873.877851486206,0.0,23.0,0.0,1.0,0.050000000000000044,0.6941151488572359,0.6881186934188008,0.019988188752904534
double_centered_full_action_dqn,802,222,70.28515627384186,77.32843782365323,24.687179043889046,45.59797706604004,1.462967530824244,15416.495162963867,0.0,20.0,0.0,1.0,0.050000000000000044,0.5176922297105193,0.5120163606479764,0.018919579917564988
double_centered_full_action_dqn,802,223,83.49693568944932,77.58846582092346,29.69544005393982,53.801495844125746,1.5189668601378798,17216.28688812256,0.0,23.0,0.0,1.0,0.050000000000000044,0.6640038043260574,0.6586329154670238,0.01790296583203599
double_centered_full_action_dqn,802,224,110.29502872526646,78.57865343458953,36.07595095038414,74.219078207016,1.7141818860545754,20206.49066925049,0.0,33.0,0.0,4.0,0.050000000000000044,0.5880562905222178,0.5825174693018198,0.01846274425042793
double_centered_full_action_dqn,802,225,71.87772835791111,77.49332378178836,25.161091051995754,46.71663656830788,1.443661275319755,14531.163158416748,0.0,24.0,0.0,1.0,0.050000000000000044,0.547400588169694,0.5422310121357441,0.01723192463396117
double_centered_full_action_dqn,802,226,80.29123501777649,76.70206989631058,27.16113967448473,53.13009614050388,1.4858158128336072,15752.429992675781,0.0,25.0,0.0,2.0,0.050000000000000044,0.5945767844095826,0.5896911285817623,0.016285514808259904
double_centered_full_action_dqn,802,227,88.01999206095934,77.36872622393072,31.738960467278957,56.28103210031986,1.5780205763876438,18341.942302703857,0.0,25.0,0.0,0.0,0.050000000000000044,0.5549462679773569,0.5495250504463911,0.018070720077957958
double_centered_full_action_dqn,802,228,80.38378019034863,78.02486998461187,26.903507843613625,53.48027264475822,1.4839971465989947,15462.746704101562,0.0,24.0,0.0,1.0,0.050000000000000044,0.6456199763342738,0.6397655429318547,0.019514771760441363
double_centered_full_action_dqn,802,229,78.49467100203037,77.31492074899376,25.729486167430878,52.76518550515175,1.4615136189386249,15180.164077758789,0.0,25.0,0.0,2.0,0.050000000000000044,0.6316341599449515,0.6261984501034021,0.018119016604032367
double_centered_full_action_dqn,802,230,75.82916307002306,77.12203753210605,27.998798310756683,47.83036418557167,1.4590250812470913,15980.464820861816,0.0,23.0,0.0,4.0,0.050000000000000044,0.510033858474344,0.5053866277448833,0.01549077033996582
double_centered_full_action_dqn,802,231,70.10653799772263,76.72091528616846,25.934603966772556,44.17193394899368,1.4536214703693986,15342.961570739746,0.0,19.0,0.0,0.0,0.050000000000000044,0.5828961720690131,0.5776026649400592,0.01764502888545394
double_centered_full_action_dqn,802,232,103.14106848239899,78.23126130722463,34.39522784948349,68.74584066271782,1.6416873103007674,19406.266883850098,0.0,30.0,0.0,2.0,0.050000000000000044,0.48683047760277987,0.4812519643455744,0.018595065746922046
double_centered_full_action_dqn,802,233,91.9539738997817,79.94810319311918,28.947825245559216,63.006148758530614,1.5307286055758595,16628.977615356445,0.0,29.0,0.0,2.0,0.050000000000000044,0.5678155962377787,0.5626414977014065,0.017246966890525073
double_centered_full_action_dqn,802,234,95.63249966800213,80.27449864305557,34.935719817876816,60.6967795073986,1.6438903035596013,19517.024116516113,0.0,27.0,0.0,3.0,0.050000000000000044,0.5439492799341679,0.5389490369707346,0.01666748011484742
double_centered_full_action_dqn,802,235,90.70882308781147,80.68017880447209,29.76303270459175,60.94579081535339,1.5586043717339635,17485.795322418213,0.0,27.0,0.0,2.0,0.050000000000000044,0.6694439332932234,0.6638288414105773,0.018716969527304173
double_centered_full_action_dqn,802,236,56.08647240847349,79.58368048004806,22.830823063850403,33.255649307370184,1.391882167197764,13840.70030593872,0.0,18.0,0.0,1.0,0.050000000000000044,0.5860812263563275,0.5811601402238011,0.016403607558459044
double_centered_full_action_dqn,802,237,73.6193660363555,80.40197077326476,27.150587655603886,46.468778350949286,1.4463538425043225,15167.572132110596,0.0,22.0,0.0,2.0,0.050000000000000044,0.5250841258093715,0.5198561903089285,0.017426436417736113
double_centered_full_action_dqn,802,238,68.1140215933323,79.98118795759977,26.84547719359398,41.268544578552245,1.4585874052718282,15680.257999420166,0.0,21.0,0.0,2.0,0.050000000000000044,0.5966610927134752,0.5913174189627171,0.01781222497811541
double_centered_full_action_dqn,802,239,93.20963186323642,81.3667374135554,32.92721848189831,60.282412979006764,1.6035913350060582,18674.551193237305,0.0,28.0,0.0,4.0,0.050000000000000044,0.6259309239685535,0.6210207268595695,0.01636732876067981
double_centered_full_action_dqn,802,240,94.37895707041025,82.50185772784056,30.833990640938282,63.544966608285904,1.594490610063076,18047.038192749023,0.0,28.0,0.0,1.0,0.050000000000000044,0.5611156448721886,0.5565945506095886,0.015070300665684044
double_centered_full_action_dqn,802,241,86.75127620398999,83.13381593495609,27.35072459280491,59.40055143237114,1.4767974447458982,15629.045154571533,0.0,27.0,0.0,1.0,0.050000000000000044,0.555805467069149,0.5501401033252478,0.018884540942963213
double_centered_full_action_dqn,802,242,90.05055480003357,84.12208586126567,31.251689836382866,58.79886447191238,1.5775078339502215,17788.174352645874,0.0,27.0,0.0,2.0,0.050000000000000044,0.7183213159441948,0.7139962892979383,0.014416759426239878
double_centered_full_action_dqn,802,243,84.36485760807992,84.1654819571972,27.9074025452137,56.45745466053486,1.4832773627713323,15730.935585021973,0.0,26.0,0.0,1.0,0.050000000000000044,0.5426563592627645,0.5378495985642076,0.016022516880184412
double_centered_full_action_dqn,802,244,88.67463647723199,83.08446234479548,30.153627045452595,58.52100929021835,1.5410944512113929,17610.052906036377,0.0,26.0,0.0,1.0,0.050000000000000044,0.43358862306922674,0.4287439063191414,0.016149061964824796
double_centered_full_action_dqn,802,245,77.67155529558659,83.37415369167925,27.77280080318451,49.898754328489304,1.5222339741885662,16573.841579437256,0.0,24.0,0.0,0.0,0.050000000000000044,0.5502683157101274,0.5448316195979714,0.018122342124115676
double_centered_full_action_dqn,802,246,73.54937581121922,83.03706073135139,26.336185723543167,47.21318974494934,1.4139419021084905,14480.006969451904,0.0,24.0,0.0,1.0,0.050000000000000044,0.591466037556529,0.5870556086301804,0.014701416424941272
double_centered_full_action_dqn,802,247,93.62222923487425,83.31717259004714,32.01558669656515,61.606642016768454,1.5759512223303318,18143.834442138672,0.0,26.0,0.0,3.0,0.050000000000000044,0.7870732191950083,0.7816287074238062,0.018148372822906822
double_centered_full_action_dqn,802,248,71.28269129246473,82.86211814515293,25.91672582179308,45.36596590280533,1.4161594538018107,14574.527349472046,0.0,23.0,0.0,2.0,0.050000000000000044,0.581933168694377,0.5764768542721868,0.018187692505307496
double_centered_full_action_dqn,802,249,87.13023053109646,83.29389612160624,28.801883213222027,58.328346997499466,1.5223029889166355,16749.85048675537,0.0,28.0,0.0,0.0,0.050000000000000044,0.4996544709429145,0.4943636618554592,0.017636050411965698
double_centered_full_action_dqn,802,250,90.9624031752348,84.05055812686683,31.920916751027107,59.041486111283305,1.5839410545304418,17983.401363372803,0.0,28.0,0.0,6.0,0.050000000000000044,0.6351401759311557,0.6301718186587095,0.016561197582632303
double_centered_full_action_dqn,802,251,84.74894641339779,84.78267854765058,28.842453435063362,55.90649239718914,1.5247251642867923,16756.592109680176,0.0,27.0,0.0,0.0,0.050000000000000044,0.5856245066970587,0.5800982005894184,0.018421008018776774
double_centered_full_action_dqn,802,252,66.71158758550882,82.96120450280607,26.83055091649294,39.88103674352169,1.4367702938616276,15100.70673751831,0.0,20.0,0.0,2.0,0.050000000000000044,0.7547811362892389,0.7497028689831495,0.016927565506193787
double_centered_full_action_dqn,802,253,82.23231525868178,82.47512157075109,28.469513408839703,53.762802147865294,1.5007296418771148,16154.3532371521,0.0,24.0,0.0,1.0,0.050000000000000044,0.6301556453108788,0.6256873877719045,0.014894167776219547
double_centered_full_action_dqn,802,254,94.97063418626786,82.44202829666436,32.87867324054241,62.09196043908596,1.6067024506628513,19038.27724838257,0.0,28.0,0.0,1.0,0.050000000000000044,0.6749812662601471,0.6700122291222215,0.01656346389790997
double_centered_full_action_dqn,802,255,100.24332520365715,82.91875340245664,31.300824366509914,68.94250065088272,1.60106002073735,18281.648483276367,0.0,30.0,0.0,2.0,0.050000000000000044,0.7457507895305753,0.7408034931868315,0.016491003276314586
double_centered_full_action_dqn,802,256,71.31251832097769,83.68005569808187,27.069153405725956,44.24336493015289,1.4584156200289726,15629.309844970703,0.0,23.0,0.0,1.0,0.050000000000000044,0.767086973413825,0.7619469175115228,0.017133503686636686
double_centered_full_action_dqn,802,257,108.76418231725692,85.43729651212692,35.071507431566715,73.69267519116401,1.6560209915041924,19631.031772613525,0.0,31.0,0.0,2.0,0.050000000000000044,0.6282373825088143,0.6237557698041201,0.014938715088646859
double_centered_full_action_dqn,802,258,79.92031978964806,86.02761142194271,28.51582771539688,51.40449192523956,1.502360362559557,16488.965133666992,0.0,25.0,0.0,1.0,0.050000000000000044,0.5395492240786552,0.535120552405715,0.014762228674953803
double_centered_full_action_dqn,802,259,72.61220377087594,84.99774001732469,25.967916265130043,46.644287863373755,1.4190140990540385,14647.186832427979,0.0,23.0,0.0,1.0,0.050000000000000044,0.6384898535907269,0.6343052927404642,0.013948527164757252
double_centered_full_action_dqn,802,260,74.2834673076868,83.99296552918852,29.291445083916187,44.99202165007591,1.4941131323575974,16816.57593536377,0.0,23.0,0.0,1.0,0.050000000000000044,0.575197116471827,0.5701988833025098,0.016660767432767898
double_centered_full_action_dqn,802,261,88.29824719578028,84.07031407877804,30.01858627051115,58.27966111898422,1.5414963094517589,17084.24062728882,0.0,28.0,0.0,0.0,0.050000000000000044,0.7229917654767632,0.7180309686809778,0.01653599922428839
double_centered_full_action_dqn,802,262,76.5281322479248,83.39419295117258,27.850809156894684,48.67732297182083,1.5135400872677565,16125.79769897461,0.0,23.0,0.0,3.0,0.050000000000000044,0.6879176460206509,0.6832828409969807,0.015449326718226075
double_centered_full_action_dqn,802,263,63.113454137742515,82.33162277765572,25.14036525040865,37.97308873832226,1.3997506592422724,14610.93932723999,0.0,18.0,0.0,3.0,0.050000000000000044,0.49177436251193285,0.4869576711207628,0.01605565322097391
double_centered_full_action_dqn,802,264,86.0852139621973,82.20215165190399,28.318226240575314,57.76698814630508,1.5246546240523458,16246.707530975342,0.0,26.0,0.0,2.0,0.050000000000000044,0.4573611025698483,0.4531042957678437,0.014189362293109298
double_centered_full_action_dqn,802,265,83.29975578337908,82.48356167629362,28.8690752312541,54.43068035840988,1.5443334765732288,17460.29655456543,0.0,25.0,0.0,1.0,0.050000000000000044,0.49363803397864103,0.48803539341315627,0.01867547066649422
double_centered_full_action_dqn,802,266,72.79981159418821,82.44608346544206,27.116702049970627,45.68310958147049,1.4540312690660357,15325.988431930542,0.0,22.0,0.0,2.0,0.050000000000000044,0.6239847973920405,0.6195934750139713,0.014637752377893776
double_centered_full_action_dqn,802,267,106.83919969201088,83.1069319882989,33.525493428111076,73.31370589137077,1.6390429269522429,18853.719284057617,0.0,31.0,0.0,0.0,0.050000000000000044,0.5441265944391489,0.538668786175549,0.018192705931141973
double_centered_full_action_dqn,802,268,89.2537357673049,84.00548421204091,31.63085613399744,57.62287921607494,1.6003077598288655,18112.13938140869,0.0,26.0,0.0,2.0,0.050000000000000044,0.4710332443937659,0.4661806281656027,0.016175382013898343
double_centered_full_action_dqn,802,269,75.4927557811141,83.42361047454179,26.468680314719677,49.02407554090023,1.4405013713985682,15283.88313293457,0.0,23.0,0.0,3.0,0.050000000000000044,0.5703405756503344,0.5650915009900928,0.01749691375880502
double_centered_full_action_dqn,802,270,87.9697654336691,83.2739785874635,29.52218110859394,58.44758389294147,1.5097133126109838,16844.502311706543,0.0,27.0,0.0,1.0,0.050000000000000044,0.6617883713915944,0.6569726020097733,0.016052565129939467
double_centered_full_action_dqn,802,271,86.5353284418583,83.36329768888653,29.802417263388634,56.73291101455688,1.5584469493478537,17108.960536956787,0.0,27.0,0.0,1.0,0.050000000000000044,0.5674668289721012,0.5630936156958342,0.014577375957742333
double_centered_full_action_dqn,802,272,70.07916160821915,83.53167639002206,25.042212948203087,45.03694897294044,1.4339334713295102,14403.438087463379,0.0,21.0,0.0,2.0,0.050000000000000044,0.7287318035960197,0.7238829042762518,0.016162985877599567
double_centered_full_action_dqn,802,273,84.73542758971453,83.6568320065737,27.57709974050522,57.158328311145304,1.5068055931478739,15899.813568115234,0.0,25.0,0.0,2.0,0.050000000000000044,0.5971606131643057,0.5927548985928297,0.014685716188978404
double_centered_full_action_dqn,802,274,68.8033876657486,82.34846968054774,26.6587111055851,42.14467670917511,1.4438606407493353,15089.735080718994,0.0,20.0,0.0,1.0,0.050000000000000044,0.859154867939651,0.8546150159090757,0.015132881759200245
double_centered_full_action_dqn,802,275,86.08042982965708,81.64032491184773,29.57701801508665,56.50341187417507,1.5469938972964883,17155.87410736084,0.0,27.0,0.0,1.0,0.050000000000000044,0.6995124947279692,0.6947853956371546,0.015756992273963988
double_centered_full_action_dqn,802,276,74.31780309379101,81.79058915048839,29.161457546055317,45.15634533166885,1.5312768667936325,17041.72314453125,0.0,21.0,0.0,1.0,0.050000000000000044,0.6744317850098014,0.6695885099470615,0.016144260938744992
double_centered_full_action_dqn,802,277,67.41406235843897,79.72308315254749,25.65026669949293,41.763794988393784,1.4204097529873252,15257.625366210938,0.0,20.0,0.0,1.0,0.050000000000000044,0.543754649348557,0.5384759688749909,0.017595599114429206
double_centered_full_action_dqn,802,278,102.48529160022736,80.85133174307644,33.4071966484189,69.07809560000896,1.6234085969626904,19044.851978302002,0.0,30.0,0.0,0.0,0.050000000000000044,0.5244946628808975,0.5201251553371549,0.01456500357016921
double_centered_full_action_dqn,802,279,75.49500297307968,80.99547170318664,27.460278257727623,48.03472525179386,1.4728850796818733,15559.004417419434,0.0,24.0,0.0,2.0,0.050000000000000044,0.49849303904920816,0.49383671302348375,0.015521079418249428
double_centered_full_action_dqn,802,280,77.2519884929061,81.1438977624476,28.643939025700092,48.608049511909485,1.5102537693455815,16553.67255783081,0.0,24.0,0.0,1.0,0.050000000000000044,0.49871609080582857,0.49393802881240845,0.01592687569791451
double_centered_full_action_dqn,802,281,77.18982383608818,80.58847659446299,27.817881137132645,49.371942579746246,1.493823871947825,16185.293216705322,0.0,23.0,0.0,2.0,0.050000000000000044,0.5641113361343741,0.5587062146514654,0.018017052381765097
double_centered_full_action_dqn,802,282,84.46591256856918,80.98536561049521,29.89279306679964,54.57311915159225,1.5198407880961895,16983.203538894653,0.0,26.0,0.0,3.0,0.050000000000000044,0.5029347399249673,0.4985408913344145,0.014646157389506698
double_centered_full_action_dqn,802,283,94.75516809821129,82.56745130851864,30.956948950886726,63.798219579458234,1.5858404943719506,17639.495361328125,0.0,28.0,0.0,3.0,0.050000000000000044,0.566408546641469,0.562176345847547,0.014107335708104074
double_centered_full_action_dqn,802,284,87.51119487881661,82.63875035434963,29.826316744089127,57.68487813472748,1.5456938538700342,17193.878883361816,0.0,26.0,0.0,1.0,0.050000000000000044,0.6538225682452321,0.6496263425797224,0.01398742024321109
double_centered_full_action_dqn,802,285,77.45295259654522,82.34641019500792,27.03401166945696,50.418941180408,1.480621850118041,16023.292049407959,0.0,22.0,0.0,4.0,0.050000000000000044,0.6626954404637218,0.6580134774558246,0.015606530476361513
double_centered_full_action_dqn,802,286,68.12695025056601,82.11276712782681,25.575493179261684,42.55145686268806,1.4403010122478008,14803.900360107422,0.0,21.0,0.0,2.0,0.050000000000000044,0.601083692163229,0.5966970063745975,0.014622287300880998
double_centered_full_action_dqn,802,287,52.05449681729078,79.37353198409082,23.34927137196064,28.705225259065628,1.3724305629730225,13469.50849723816,0.0,18.0,0.0,1.0,0.050000000000000044,0.6054903361946344,0.6006801817566156,0.01603386501665227
double_centered_full_action_dqn,802,288,57.983367235958575,77.81001355752349,24.220000423491,33.76336666345596,1.3676446983590722,13558.548076629639,0.0,18.0,0.0,1.0,0.050000000000000044,0.5163030438125134,0.5120053626596928,0.014325626485515386
double_centered_full_action_dqn,802,289,89.7618703469634,78.52346928581596,29.224146954715252,60.537724018096924,1.5399123197421432,17167.828094482422,0.0,27.0,0.0,1.0,0.050000000000000044,0.7865880513563752,0.7820375273004174,0.0151684113079682
double_centered_full_action_dqn,802,290,87.59785355627537,78.50487369194627,30.72367224097252,56.87418153882027,1.557530970312655,17657.138961791992,0.0,25.0,0.0,1.0,0.050000000000000044,0.5989411696791649,0.5948162376880646,0.013749773730523884
double_centered_full_action_dqn,802,291,69.68620492517948,77.66241751611233,26.48598149418831,43.200223073363304,1.4693230958655477,15906.683616638184,0.0,23.0,0.0,0.0,0.050000000000000044,0.4783333130180836,0.47345569636672735,0.01625871693249792
double_centered_full_action_dqn,802,292,86.17919811010361,78.46741934120656,31.18521023541689,54.9939881503582,1.5480041801929474,17733.7007522583,0.0,27.0,0.0,3.0,0.050000000000000044,0.5553726386278868,0.5507922377437353,0.015267996292095631
double_centered_full_action_dqn,802,293,90.52978272885085,78.75713709816337,30.695435740053654,59.834346854686736,1.6113582449033856,18404.31432723999,0.0,26.0,0.0,2.0,0.050000000000000044,0.5215335637331009,0.5176271982491016,0.01302121119806543
double_centered_full_action_dqn,802,294,80.00995592027903,79.3174655108899,28.931507356464863,51.07844811677933,1.5059401877224445,16570.590476989746,0.0,25.0,0.0,1.0,0.050000000000000044,0.6832020347937942,0.6788331931456923,0.014562772295903414
double_centered_full_action_dqn,802,295,82.69867640137673,79.14837783947588,28.7476437240839,53.9510329157114,1.5259705791249871,16419.52862930298,0.0,26.0,0.0,1.0,0.050000000000000044,0.6671864064410329,0.6627346049062908,0.014839369570836425
double_centered_full_action_dqn,802,296,96.05597134828568,80.23528625220062,30.257120579481125,65.79885041117669,1.5396224651485682,17162.708404541016,0.0,30.0,0.0,2.0,0.050000000000000044,0.5233880048617721,0.518956202082336,0.01477266987785697
double_centered_full_action_dqn,802,297,64.91274752914906,80.11022051073611,24.65467619895935,40.258072045445445,1.3847545720636845,14316.44485092163,0.0,21.0,0.0,3.0,0.050000000000000044,0.4740779297426343,0.4693241771310568,0.015845829766476527
double_centered_full_action_dqn,802,298,83.42838599830866,79.15737523064018,29.310496263206005,54.11789000332355,1.516004430130124,16478.85054397583,0.0,25.0,0.0,5.0,0.050000000000000044,0.5901197018101811,0.5855127107352018,0.01535664516268298
double_centered_full_action_dqn,802,299,69.42527365684509,78.85388876482844,26.099444679915905,43.325828701257706,1.4697220083326101,15421.383724212646,0.0,22.0,0.0,0.0,0.050000000000000044,0.5494508128613234,0.5448108464479446,0.015466536686290056
double_centered_full_action_dqn,802,300,84.7434752881527,79.22846310459079,30.409026585519314,54.33444844186306,1.5421986812725663,17611.004512786865,0.0,25.0,0.0,1.0,0.050000000000000044,0.5510226879268885,0.5464732330292463,0.015164839453063905
double_centered_full_action_dqn,802,301,98.94836382567883,80.31639010407031,32.93888023495674,66.00948393344879,1.6505279717966914,19319.101444244385,0.0,29.0,0.0,1.0,0.050000000000000044,0.6742325481027365,0.6696228142827749,0.015365764033049345
double_centered_full_action_dqn,802,302,78.3299503698945,80.00959199413657,27.655194081366062,50.67475585639477,1.5096220588311553,16216.610618591309,0.0,23.0,0.0,0.0,0.050000000000000044,0.49972540605813265,0.4953731670975685,0.014507473330013454
double_centered_full_action_dqn,802,303,72.0821437716484,78.87594077780842,25.256732627749443,46.825410950183866,1.3886122861877084,14476.995307922363,0.0,23.0,0.0,5.0,0.050000000000000044,0.5890148254111409,0.5849298574030399,0.013616542564705014
double_centered_full_action_dqn,802,304,90.84323385357857,79.04254272654653,29.683546379208565,61.15968742966652,1.5320571875199676,17150.294681549072,0.0,28.0,0.0,1.0,0.050000000000000044,0.47090759593993425,0.4668896961957216,0.013392992783337831
double_centered_full_action_dqn,802,305,92.24677428007126,79.78223381072283,31.286350905895233,60.96042329967022,1.5588494008406997,17461.16090774536,0.0,28.0,0.0,1.0,0.050000000000000044,0.7060596514493227,0.701648473739624,0.014703905733767897
double_centered_full_action_dqn,802,306,67.97234281301499,79.77450343884529,26.409023225307465,41.56331957280636,1.4704867396503687,15411.048431396484,0.0,21.0,0.0,3.0,0.050000000000000044,0.6493871323764324,0.644561318680644,0.016086066636489704
double_centered_full_action_dqn,802,307,88.69588135927916,81.6065726659447,29.432720728218555,59.26316064596176,1.561033490113914,17278.0631980896,0.0,28.0,0.0,0.0,0.050000000000000044,0.6508944109082222,0.646781736984849,0.013708918122574687
double_centered_full_action_dqn,802,308,80.57579337358474,82.73619397282602,27.58351220190525,52.99228139519691,1.4921023016795516,16160.772956848145,0.0,24.0,0.0,2.0,0.050000000000000044,0.6332669490948319,0.6286587882786989,0.015360545832663774
double_centered_full_action_dqn,802,309,72.16415395140648,81.85630815304816,26.509773403406143,45.6543809056282,1.4285723399370909,14902.662715911865,0.0,21.0,0.0,2.0,0.050000000000000044,0.5742713836953044,0.5698739159852266,0.014658232044894248
double_centered_full_action_dqn,802,310,85.68369596600533,81.76060027353466,27.308921433985233,58.37477442026138,1.5081587275490165,16229.08869934082,0.0,27.0,0.0,1.0,0.050000000000000044,0.5823814016766846,0.5784378540702164,0.013145175180397928
double_centered_full_action_dqn,802,311,81.86446283012629,82.36951316878199,28.917139180004597,52.94732320308685,1.5257511800155044,16740.119598388672,0.0,24.0,0.0,1.0,0.050000000000000044,0.6173291010782123,0.6130487844347954,0.014267733902670443
double_centered_full_action_dqn,802,312,79.22243171185255,82.02167484886944,28.29560624808073,50.926825523376465,1.514996312558651,16345.472957611084,0.0,23.0,0.0,1.0,0.050000000000000044,0.5538121899589896,0.5489713288843632,0.01613620511488989
double_centered_full_action_dqn,802,313,89.08346081078052,81.94935875296594,28.682806819677353,60.40065384209156,1.5248480318114161,16456.73048400879,0.0,28.0,0.0,2.0,0.050000000000000044,0.5959719307720661,0.592536368407309,0.011451863159891218
double_centered_full_action_dqn,802,314,90.4804579705,82.47288385547698,29.03613805770874,61.44431986808777,1.54852363653481,16937.998096466064,0.0,28.0,0.0,3.0,0.050000000000000044,0.6250875745899975,0.6206657765433192,0.014739317441126332
double_centered_full_action_dqn,802,315,85.66441090404987,82.62117058061064,29.75788003206253,55.906531646847725,1.5617438973858953,17621.666160583496,0.0,25.0,0.0,1.0,0.050000000000000044,0.6394992307759821,0.6354484930634499,0.013502431276720017
double_centered_full_action_dqn,802,316,76.21170590221882,81.62895730830729,27.53521853685379,48.67648764848709,1.4585437187924981,15855.481163024902,0.0,22.0,0.0,1.0,0.050000000000000044,0.7001089686527848,0.6956113670021296,0.014992018725024536
double_centered_full_action_dqn,802,317,70.86043624132871,81.92634174391628,26.526637114584446,44.3337987691164,1.45120885130018,15179.635410308838,0.0,21.0,0.0,3.0,0.050000000000000044,0.6549510727636516,0.6508703897707164,0.013602292718132958
double_centered_full_action_dqn,802,318,75.1030398607254,81.5100744370371,26.653041660785675,48.44999760389328,1.4828010806813836,15874.929103851318,0.0,23.0,0.0,0.0,0.050000000000000044,0.5301870526745915,0.5259796474128962,0.014024688134668395
double_centered_full_action_dqn,802,319,74.64102284610271,81.77086189650001,26.680843457579613,47.96017888188362,1.4560680454596877,15438.937824249268,0.0,22.0,0.0,0.0,0.050000000000000044,0.42987832706421614,0.425361514557153,0.015056029544211924
double_centered_full_action_dqn,802,320,87.53433049470186,81.91040465682745,29.18158643692732,58.352743059396744,1.5415760101750493,16991.910537719727,0.0,26.0,0.0,2.0,0.050000000000000044,0.4579423861578107,0.4535499927587807,0.014641315210610628
double_centered_full_action_dqn,802,321,71.73393706381322,80.54968331873417,25.321799486875534,46.412137979269026,1.4195687947794795,14687.62973022461,0.0,23.0,0.0,1.0,0.050000000000000044,0.6823718994855881,0.6782665178179741,0.013684594887308776
double_centered_full_action_dqn,802,322,90.09311157464981,81.13784137897194,31.507125169038773,58.58598633110523,1.5748620154336095,17987.168619155884,0.0,27.0,0.0,1.0,0.050000000000000044,0.7070097895339131,0.7020356524735689,0.01658046606462449
double_centered_full_action_dqn,802,323,79.07179062217475,81.48732372149826,28.19584258645773,50.87594805061817,1.508840749040246,16726.760959625244,0.0,23.0,0.0,1.0,0.050000000000000044,0.5458732647821307,0.5416721943765879,0.014003567979671061
double_centered_full_action_dqn,802,324,80.96969756484032,80.99364690706135,29.149711534380913,51.81998597085476,1.5063904775306582,16569.660469055176,0.0,25.0,0.0,0.0,0.050000000000000044,0.6579566765576601,0.6540732122957706,0.012944865855388343
double_centered_full_action_dqn,802,325,79.72478678822517,80.36754753246903,27.490072906017303,52.23471349477768,1.4920319067314267,15971.931205749512,0.0,26.0,0.0,1.0,0.050000000000000044,0.48700504284352064,0.48223545914515853,0.015898617159109563
double_centered_full_action_dqn,802,326,75.36757760494947,80.73730927206577,27.48102156072855,47.88655585050583,1.4894695868715644,16003.570110321045,0.0,23.0,0.0,2.0,0.050000000000000044,0.5716234566643834,0.5677356785163283,0.012959257641341537
double_centered_full_action_dqn,802,327,94.85600128173829,81.04531526818872,30.287916235625744,64.56808457672597,1.5524225383996964,17182.091999053955,0.0,29.0,0.0,2.0,0.050000000000000044,0.5494818352162838,0.5449696499854326,0.015040612139273435
double_centered_full_action_dqn,802,328,87.79418360441923,81.40623477973045,29.753180652856827,58.041002690792084,1.5321734119206667,17315.37130355835,0.0,28.0,0.0,0.0,0.050000000000000044,0.6436325535178185,0.639437235891819,0.013984398858156055
double_centered_full_action_dqn,802,329,84.8035573899746,82.03820495165886,30.589071050286293,54.21448648869991,1.5610855920240283,18027.75213241577,0.0,26.0,0.0,1.0,0.050000000000000044,0.5898177921772003,0.5855104923248291,0.014357670093886554
double_centered_full_action_dqn,802,330,68.47782695442439,81.17791150107982,24.98816128075123,43.48966542780399,1.392173600383103,14414.479396820068,0.0,20.0,0.0,1.0,0.050000000000000044,0.6140556889586151,0.6102585382759571,0.012657201150432229
double_centered_full_action_dqn,802,331,92.84367337822914,81.72687202848495,29.04510599374771,63.798567682504654,1.5406680488958955,17038.816745758057,0.0,27.0,0.0,0.0,0.050000000000000044,0.512785792350769,0.5079797673970461,0.016020077338907868
double_centered_full_action_dqn,802,332,88.65964731574059,82.19873280867935,30.138968877494335,58.52067905664444,1.5736438864842057,17581.464389801025,0.0,27.0,0.0,0.0,0.050000000000000044,0.48989212280139327,0.4861568841151893,0.012450809183064848
double_centered_full_action_dqn,802,333,81.46797146946192,81.81795834161342,28.01101139932871,53.456959563493726,1.5305952057242393,16361.27820968628,0.0,24.0,0.0,2.0,0.050000000000000044,0.5796386962756515,0.5747479638084769,0.01630242180544883
double_centered_full_action_dqn,802,334,80.34760128706694,81.31131550744176,29.22121874243021,51.126382648944855,1.511290262453258,16908.182056427002,0.0,24.0,0.0,0.0,0.050000000000000044,0.49144038930535316,0.4870547689497471,0.014618742221500725
double_centered_full_action_dqn,802,335,84.26138257980347,81.24116409122944,28.648563131690025,55.61281916499138,1.492904313839972,16263.900901794434,0.0,26.0,0.0,0.0,0.050000000000000044,0.6051213946193457,0.6012444514781237,0.012923137604957446
double_centered_full_action_dqn,802,336,89.36942020058632,81.89904980614781,29.49119783937931,59.878222301602364,1.5686753643676639,17634.794078826904,0.0,27.0,0.0,0.0,0.050000000000000044,0.45486150309443474,0.45050417026504874,0.014524457976222038
double_centered_full_action_dqn,802,337,78.281185567379,82.27008727245034,26.546339869499207,51.734845250844955,1.4511244539171457,15345.828910827637,0.0,24.0,0.0,0.0,0.050000000000000044,0.6322194021195173,0.6281019281595945,0.013724887918215245
double_centered_full_action_dqn,802,338,69.76225303858519,82.00304793134333,26.013310723006725,43.74894204735756,1.4639562126249075,15381.333675384521,0.0,19.0,0.0,0.0,0.050000000000000044,0.6268310341984034,0.6222181636840105,0.015376244555227458
double_centered_full_action_dqn,802,339,84.22704748213292,82.48234916314485,29.666573017835617,54.56047479212284,1.5527605004608631,17357.003999710083,0.0,24.0,0.0,3.0,0.050000000000000044,0.539990215562284,0.5357448444701731,0.014151250070426613
double_centered_full_action_dqn,802,340,84.03428585231305,82.3073469310254,28.209805101156235,55.824480855464934,1.490933895111084,15923.302871704102,0.0,25.0,0.0,2.0,0.050000000000000044,0.5301297260448337,0.5257955873385072,0.014447139023104683
double_centered_full_action_dqn,802,341,76.69191248863936,82.55524570226672,26.81820773333311,49.87370524704456,1.474234321154654,15570.893157958984,0.0,24.0,0.0,1.0,0.050000000000000044,0.6301524182781577,0.6263004541397095,0.012839898001402617
double_centered_full_action_dqn,802,342,89.70738656818867,82.53595945194365,29.972998648881912,59.734387904405594,1.6302412478253245,18021.949687957764,0.0,27.0,0.0,0.0,0.050000000000000044,0.5050637433305383,0.5002470780164003,0.0160555571783334
double_centered_full_action_dqn,802,343,77.11986903846264,82.43836337275805,28.269776687026024,48.85009282827377,1.4883356560021639,16377.715381622314,0.0,26.0,0.0,1.0,0.050000000000000044,0.5390608049929142,0.5351337464526296,0.013090202759485692
double_centered_full_action_dqn,802,344,72.64268856495619,82.02201292276384,26.29056204110384,46.35212633013725,1.4935852596536279,16174.932842254639,0.0,21.0,0.0,3.0,0.050000000000000044,0.5201951311901212,0.5161997536197305,0.013317939476110041
double_centered_full_action_dqn,802,345,88.57818274348975,82.46468272052707,28.818241350352764,59.75994157195091,1.5605054637417197,17149.198490142822,0.0,25.0,0.0,2.0,0.050000000000000044,0.6364947087131441,0.6317195938900113,0.01591706124600023
double_centered_full_action_dqn,802,346,91.42089519798756,83.26734860017896,28.461724266409874,62.959170871973036,1.5046842768788338,16510.098735809326,0.0,29.0,0.0,2.0,0.050000000000000044,0.5441523464396596,0.539889276959002,0.01421023125294596
double_centered_full_action_dqn,802,347,79.71949464082718,82.51052326813343,26.686320953071117,53.033173739910126,1.4761013351380825,15837.248275756836,0.0,25.0,0.0,1.0,0.050000000000000044,0.4681078912690282,0.46348197292536497,0.015419726580148563
double_centered_full_action_dqn,802,348,70.2780055180192,81.63471436381342,26.72651420533657,43.55149123072624,1.4333154186606407,15077.685285568237,0.0,23.0,0.0,0.0,0.050000000000000044,0.421609902754426,0.4167796354740858,0.016100878245197237
double_centered_full_action_dqn,802,349,81.27461685240269,81.45826733693482,28.49947679042816,52.77514001727104,1.5150426775217056,16566.819187164307,0.0,23.0,0.0,2.0,0.050000000000000044,0.6038386877626181,0.6002108193933964,0.012092864664737135
double_centered_full_action_dqn,802,350,82.3555848389864,82.15215523116291,28.821652427315712,53.533932694792746,1.5347789153456688,16827.683155059814,0.0,25.0,0.0,3.0,0.050000000000000044,0.5695019685663283,0.5651886123232543,0.014377850689925253
double_centered_full_action_dqn,802,351,89.40008085221052,81.97997560486199,29.388251967728138,60.0118295699358,1.5402140794321895,17008.93755722046,0.0,27.0,0.0,0.0,0.050000000000000044,0.5261032809503376,0.5212209108285606,0.016274573630653322
double_centered_full_action_dqn,802,352,86.96530915200711,81.89525869667531,30.381797268986702,56.583511316776274,1.5667552929371595,17720.66881942749,0.0,26.0,0.0,1.0,0.050000000000000044,0.5911876363679767,0.5873073069378734,0.012934438302181661
double_centered_full_action_dqn,802,353,54.704854191839694,80.5571028327942,24.619724355638027,30.085129940509795,1.3949616746976972,14075.963174819946,0.0,18.0,0.0,1.0,0.050000000000000044,0.5496643614023924,0.5450316295027733,0.015442442148923874
double_centered_full_action_dqn,802,354,82.67458035051823,80.67345178596676,28.223431825637817,54.45114850997925,1.4761154800653458,16190.532833099365,0.0,24.0,0.0,1.0,0.050000000000000044,0.5404805387370288,0.536305284127593,0.013917531003244221
double_centered_full_action_dqn,802,355,78.24921263754368,80.37284328885377,26.912836395204067,51.336376667022705,1.4964106222614646,15694.123058319092,0.0,26.0,0.0,0.0,0.050000000000000044,0.5939488708972931,0.5899876076728106,0.01320420199772343
double_centered_full_action_dqn,802,356,78.4466064274311,79.82670260019601,26.02498769760132,52.42161904275417,1.4768313588574529,15091.929145812988,0.0,24.0,0.0,2.0,0.050000000000000044,0.5942994887009263,0.5900081302970648,0.014304532203823328
double_centered_full_action_dqn,802,357,69.7473746240139,79.40001205302775,26.196770921349525,43.55060379207134,1.4665681831538677,15755.025062561035,0.0,21.0,0.0,2.0,0.050000000000000044,0.5189316021278501,0.514503498096019,0.014760348305571824
double_centered_full_action_dqn,802,358,90.4754190146923,80.43567035183311,30.37139156460762,60.10402734577656,1.5670907264575362,17577.630451202393,0.0,27.0,0.0,2.0,0.050000000000000044,0.7450833432376385,0.7402052786201239,0.016260221716947854
double_centered_full_action_dqn,802,359,91.03476796597242,80.77605637602508,31.994207821786404,59.040560241043565,1.640558554790914,18876.895336151123,0.0,27.0,0.0,3.0,0.050000000000000044,0.4287813501432538,0.4240087131038308,0.015908781642792746
double_centered_full_action_dqn,802,360,65.3472617894411,79.84170517288149,26.141257971525192,39.20600425004959,1.4199961116537452,15064.512882232666,0.0,20.0,0.0,3.0,0.050000000000000044,0.6298626083880663,0.6260986491106451,0.012546535290312022
double_centered_full_action_dqn,802,361,82.02991041839122,80.10860506936908,28.44089837372303,53.58901232779026,1.4971207370981574,16427.194187164307,0.0,25.0,0.0,2.0,0.050000000000000044,0.6378971068188548,0.632891109213233,0.01668665377655998
double_centered_full_action_dqn,802,362,69.29159927368164,79.08781570464372,25.733829617500305,43.5577696710825,1.448529101908207,15050.360832214355,0.0,21.0,0.0,1.0,0.050000000000000044,0.5900080832652748,0.5855343984439969,0.014912270533386618
double_centered_full_action_dqn,802,363,69.87766493111849,78.72570549927653,26.490570597350597,43.38709455728531,1.4793396005406976,16069.988164901733,0.0,21.0,0.0,0.0,0.050000000000000044,0.46275307796895504,0.45793942362070084,0.016045499010942876
double_centered_full_action_dqn,802,364,92.91488712430001,79.73931542724371,31.970093920826912,60.94479274153709,1.6127889063209295,18833.066482543945,0.0,27.0,0.0,1.0,0.050000000000000044,0.610306213144213,0.6054490352980793,0.016190580325201154
double_centered_full_action_dqn,802,365,86.70627120137215,79.64571985013784,29.318689793348312,57.387581288814545,1.551377055235207,17358.258110046387,0.0,27.0,0.0,0.0,0.050000000000000044,0.6517012948170304,0.647439444437623,0.014206166262738407
double_centered_full_action_dqn,802,366,82.86573791652918,79.21796198606492,29.12948203831911,53.736255252361296,1.5289060762152076,16507.009922027588,0.0,25.0,0.0,1.0,0.050000000000000044,0.5010838136076927,0.4970396142452955,0.013480677094776183
double_centered_full_action_dqn,802,367,78.97608448863029,79.18079147845506,28.59533816576004,50.38074656128883,1.5429487954825163,16964.591800689697,0.0,24.0,0.0,2.0,0.050000000000000044,0.7313875649124384,0.7274005357176065,0.013290090602822602
double_centered_full_action_dqn,802,368,91.21905625313521,80.22784401521088,29.965206526219845,61.25385027825833,1.5470016039907932,17679.345151901245,0.0,27.0,0.0,3.0,0.050000000000000044,0.5803824244067073,0.5764044700190425,0.013259848114103079
double_centered_full_action_dqn,802,369,93.26885490119457,80.82755591765047,29.82856084406376,63.44029372930527,1.5621872171759605,17328.699068069458,0.0,27.0,0.0,1.0,0.050000000000000044,0.5749705312773585,0.5712238466367126,0.012488952896092087
double_centered_full_action_dqn,802,370,72.99497240781784,80.35952529609203,25.30930545926094,47.68566669523716,1.4527595713734627,15035.771305084229,0.0,23.0,0.0,0.0,0.050000000000000044,0.5633503664284945,0.5587900215759873,0.01520116237225011
double_centered_full_action_dqn,802,371,84.66057375967503,80.12254994146527,27.173293009400368,57.4872805416584,1.5241804607212543,16411.053661346436,0.0,27.0,0.0,1.0,0.050000000000000044,0.6156636844389141,0.6115675559267402,0.013653768837684765
double_centered_full_action_dqn,802,372,68.78727817833423,79.21364839278161,25.72052751481533,43.066750440001485,1.443895211443305,15242.098728179932,0.0,22.0,0.0,3.0,0.050000000000000044,0.5634003290906549,0.5586717166006565,0.01576203398872167
double_centered_full_action_dqn,802,373,76.03747003525496,80.28027918495238,25.714215271174908,50.32325464487076,1.4401125060394406,15339.726398468018,0.0,24.0,0.0,1.0,0.050000000000000044,0.6014314480125904,0.5974048906937242,0.013421847426798195
double_centered_full_action_dqn,802,374,81.48706352859736,80.22090334385635,27.615114644169807,53.871948325634,1.5183541318401694,16493.735012054443,0.0,24.0,0.0,2.0,0.050000000000000044,0.5827455380931497,0.5785231087356806,0.014074765611439943
double_centered_full_action_dqn,802,375,84.04506328701973,80.51069587633013,28.27645905315876,55.76860409975052,1.5021184142678976,16447.072875976562,0.0,24.0,0.0,0.0,0.050000000000000044,0.6286537358537316,0.6244337051175535,0.014066799136344343
double_centered_full_action_dqn,802,376,82.67883608639241,80.72230735927822,27.993932269513607,54.684903436899184,1.4775326577946544,16007.399116516113,0.0,26.0,0.0,2.0,0.050000000000000044,0.4547533616423607,0.4503326350823045,0.014735751261468977
double_centered_full_action_dqn,802,377,94.99287520349026,81.98458238825202,31.603328965604305,63.38954649865627,1.5877460446208715,18156.87589263916,0.0,28.0,0.0,1.0,0.050000000000000044,0.5916681606322527,0.586519293487072,0.01716289162868634
double_centered_full_action_dqn,802,378,74.6235922306776,81.1919910490513,27.421693459153175,47.20189883112907,1.484105239622295,16081.035594940186,0.0,21.0,0.0,4.0,0.050000000000000044,0.5070528625510633,0.5031401328742504,0.01304244640050456
double_centered_full_action_dqn,802,379,91.99190739989281,81.2398480207473,30.44738656282425,61.54452123939991,1.567128075286746,17455.520278930664,0.0,26.0,0.0,4.0,0.050000000000000044,0.5781143130734563,0.5736138671636581,0.01500149624189362
double_centered_full_action_dqn,802,380,77.54410813897849,81.84969033822418,27.988257445394993,49.55585070848465,1.4640522692352533,16001.426734924316,0.0,23.0,0.0,1.0,0.050000000000000044,0.4168934002518654,0.4129823944531381,0.013036691292654723
double_centered_full_action_dqn,802,381,76.74349983036518,81.58536980882288,25.885941304266453,50.85755906999111,1.4578555840998888,15018.684379577637,0.0,24.0,0.0,2.0,0.050000000000000044,0.48436816269531846,0.4792165318503976,0.017172106949146837
double_centered_full_action_dqn,802,382,83.13219722509385,82.2773997063935,28.235412068665028,54.896785059571265,1.5066060842946172,16323.700275421143,0.0,26.0,0.0,1.0,0.050000000000000044,0.5748456493020058,0.5704029332846403,0.014809038664679974
double_centered_full_action_dqn,802,383,76.55986863523722,82.61150989159943,27.285051867365837,49.27481717765331,1.4799902774393559,16062.235481262207,0.0,23.0,0.0,2.0,0.050000000000000044,0.5161822461523116,0.5119836768135428,0.013995239569339901
double_centered_full_action_dqn,802,384,93.96514601409436,82.66402283608916,32.1145189255476,61.850627759099005,1.6076770089566708,18272.370357513428,0.0,27.0,0.0,1.0,0.050000000000000044,0.47209494560956955,0.46769589791074395,0.014663503505289555
double_centered_full_action_dqn,802,385,72.28288593292237,81.94285357266668,24.03723756968975,48.245648646354674,1.3847317872568965,14063.206188201904,0.0,23.0,0.0,1.0,0.050000000000000044,0.5705781206488609,0.5665037054568529,0.013581366511061788
double_centered_full_action_dqn,802,386,86.00303836166859,82.09971859492364,30.984275966882706,55.01876164972782,1.5525477938354015,17504.35665512085,0.0,26.0,0.0,0.0,0.050000000000000044,0.475667473860085,0.47107706731185317,0.015301342587918043
double_centered_full_action_dqn,802,387,74.3638245433569,81.86910559765997,25.083451002836227,49.28037331700325,1.417585744522512,14555.694332122803,0.0,23.0,0.0,3.0,0.050000000000000044,0.5237440965138376,0.5186542123556137,0.016966290888376534
double_centered_full_action_dqn,802,388,87.12067038118839,81.66418630406261,28.632843792438507,58.48782719969749,1.5395737420767546,16853.068698883057,0.0,26.0,0.0,4.0,0.050000000000000044,0.6755508445203304,0.6709691900759935,0.015272180462488905
double_centered_full_action_dqn,802,389,72.25175577402115,80.61333134770393,25.390540532767773,46.86121562123299,1.4487808253616095,14886.639331817627,0.0,23.0,0.0,0.0,0.050000000000000044,0.6169217191636562,0.6130754426121712,0.012820914329495281
double_centered_full_action_dqn,802,390,95.14581112712622,81.72087328366936,32.60144568234682,62.5443655192852,1.5812162747606635,18585.518627166748,0.0,28.0,0.0,1.0,0.050000000000000044,0.5568487094715238,0.5523775350302458,0.014903917151968926
double_centered_full_action_dqn,802,391,66.57437102645636,80.81656314700844,24.556836031377316,42.01753503978252,1.396654020063579,14291.924011230469,0.0,20.0,0.0,1.0,0.050000000000000044,0.5659250076860189,0.5611491315066814,0.015919593337457627
double_centered_full_action_dqn,802,392,80.14394353330135,81.3843964147568,29.095968157052994,51.04797500371933,1.5335816964507103,17165.407684326172,0.0,24.0,0.0,1.0,0.050000000000000044,0.748350266367197,0.7443355787545443,0.013382277742493898
double_centered_full_action_dqn,802,393,79.40222802162171,81.55263431407514,27.872706472873688,51.529521906375884,1.4983231946825981,16609.17407989502,0.0,24.0,0.0,3.0,0.050000000000000044,0.482068644836545,0.4772704830393195,0.01599387248279527
double_centered_full_action_dqn,802,394,77.43060173094273,81.3498112241924,27.17677791416645,50.25382378697395,1.4629130139946938,15431.944454193115,0.0,23.0,0.0,3.0,0.050000000000000044,0.6055435491725802,0.6005990691483021,0.016481578699313104
double_centered_full_action_dqn,802,395,78.09326941668988,81.0522215306759,27.727380827069283,50.365888425707816,1.500500458292663,16071.856748580933,0.0,24.0,0.0,1.0,0.050000000000000044,0.4713876508176327,0.46684777177870274,0.015132925764191896
double_centered_full_action_dqn,802,396,78.5587993144989,80.84621969208123,28.058434039354324,50.50036524534225,1.4919789833948016,16744.163707733154,0.0,22.0,0.0,3.0,0.050000000000000044,0.5550963692367077,0.5516899032518268,0.01135489292209968
double_centered_full_action_dqn,802,397,42.91557648032904,78.24235475592317,20.955495238304138,21.960081040859222,1.2871408853679895,12266.565156936646,0.0,15.0,0.0,0.0,0.050000000000000044,0.5925724003463984,0.5883891731500626,0.013944075675681233
double_centered_full_action_dqn,802,398,72.98565675467253,78.1604579821229,25.786848433315754,47.198808500170706,1.4448358500376344,15219.680686950684,0.0,22.0,0.0,1.0,0.050000000000000044,0.5321975434198976,0.5275447545573115,0.015509313088841736
double_centered_full_action_dqn,802,399,83.16711811125279,77.7192185176909,29.333577051758766,53.83354034423828,1.537280104123056,16735.764669418335,0.0,24.0,0.0,1.0,0.050000000000000044,0.5680169574916363,0.5633211564272642,0.01565268519334495
double_centered_full_action_dqn,802,400,80.16380583494902,77.85020340248943,27.185123957693577,52.97868213057518,1.5430394234135747,16495.896408081055,0.0,24.0,0.0,0.0,0.050000000000000044,0.6922405604273081,0.6876414008438587,0.01533052377635613
double_centered_full_action_dqn,802,401,80.96572943925858,78.06131488293411,26.85093267261982,54.11479675173759,1.4639073945581913,15205.633567810059,0.0,26.0,0.0,1.0,0.050000000000000044,0.5358016537502408,0.5314136724919081,0.014626592572312802
double_centered_full_action_dqn,802,402,75.17147128283978,77.6632785858214,26.722113326191902,48.44935768842697,1.4974493840709329,16254.765041351318,0.0,21.0,0.0,0.0,0.050000000000000044,0.5474429652094841,0.5435796473175287,0.012877741537522525
double_centered_full_action_dqn,802,403,85.12284378111363,78.09142734311521,29.2255147844553,55.89732890725136,1.5158788850530982,17036.823932647705,0.0,26.0,0.0,2.0,0.050000000000000044,0.5539979748427868,0.5496974922716618,0.0143349269637838
double_centered_full_action_dqn,802,404,80.02996814399958,77.39466844961048,26.251658007502556,53.77831017374992,1.4870617017149925,15502.533554077148,0.0,25.0,0.0,5.0,0.050000000000000044,0.6574318539351225,0.6530813798308372,0.014501553028821945
double_centered_full_action_dqn,802,405,80.95125225186348,77.82808676555754,27.375180818140507,53.57607124745846,1.5076265316456556,16002.43134689331,0.0,26.0,0.0,0.0,0.050000000000000044,0.5829500965774059,0.5780240399762988,0.016420173866208643
double_centered_full_action_dqn,802,406,67.6784047946334,76.91185508720578,24.701990343630314,42.976414719223975,1.4287628764286637,14840.139873504639,0.0,22.0,0.0,1.0,0.050000000000000044,0.5066634933464229,0.5022605308331549,0.014676532882731408
double_centered_full_action_dqn,802,407,83.02741126865149,77.34503442347052,29.244408763945103,53.78300234079361,1.5330653935670853,16687.795333862305,0.0,25.0,0.0,1.0,0.050000000000000044,0.448479525744915,0.44466150365769863,0.01272673747735098
double_centered_full_action_dqn,802,408,110.45282121300697,78.51164196506144,34.976843267679214,75.47597803473472,1.6674027927219868,19895.95277786255,0.0,32.0,0.0,3.0,0.050000000000000044,0.5962001667357981,0.5917892674915493,0.014702991407830268
double_centered_full_action_dqn,802,409,72.65688083320856,78.53189821802081,24.31582521647215,48.341055661439896,1.4238346004858613,14484.8637008667,0.0,22.0,0.0,0.0,0.050000000000000044,0.6286518210545182,0.6238795607350767,0.01590753806522116
double_centered_full_action_dqn,802,410,92.87969244420529,78.41859228387476,29.4091993868351,63.47049275934696,1.514571487903595,16734.662483215332,0.0,29.0,0.0,2.0,0.050000000000000044,0.46351373102515936,0.4588411026634276,0.0155754130682908
double_centered_full_action_dqn,802,411,91.94083783328533,79.6869156242162,29.893157348036766,62.04768011271953,1.556204056367278,17502.708576202393,0.0,28.0,0.0,3.0,0.050000000000000044,0.5744447940960526,0.569844463840127,0.015334455063566566
double_centered_full_action_dqn,802,412,80.2608889490366,79.69276289500297,26.863553032279015,53.39733624458313,1.4754270017147064,15782.159942626953,0.0,25.0,0.0,0.0,0.050000000000000044,0.5394333284348249,0.5345377679914236,0.01631854218430817
double_centered_full_action_dqn,802,413,80.31792256236076,79.73854762203993,27.501332387328148,52.81659033894539,1.4870140738785267,16190.137519836426,0.0,25.0,0.0,0.0,0.050000000000000044,0.5426137717440724,0.5380956260487437,0.015060498786624521
double_centered_full_action_dqn,802,414,102.37045533359051,80.98554030217231,33.84071956574917,68.52973605096341,1.6622363971546292,19618.260974884033,0.0,30.0,0.0,2.0,0.050000000000000044,0.5167781431227922,0.512702839449048,0.013584365078713745
double_centered_full_action_dqn,802,415,91.77693442404271,81.66972355253995,29.89189714193344,61.88503702878952,1.5547923389822245,16993.10249710083,0.0,27.0,0.0,1.0,0.050000000000000044,0.5570017406716943,0.5523750488646328,0.015422297641634941
double_centered_full_action_dqn,802,416,82.94219132512808,81.88889315307142,28.12763074785471,54.81455998122692,1.5172185031697154,16409.721252441406,0.0,25.0,0.0,0.0,0.050000000000000044,0.36287343595176935,0.3576147463172674,0.017528956581372768
double_centered_full_action_dqn,802,417,60.49693735986948,82.76796119704844,24.210761353373528,36.286176460981366,1.3746201815083623,13989.940477371216,0.0,20.0,0.0,2.0,0.050000000000000044,0.5801359382458031,0.5765278190374374,0.012027072545606643
double_centered_full_action_dqn,802,418,81.34589618444443,83.18597316853703,27.49249019473791,53.8534060716629,1.4546615853905678,15851.676486968994,0.0,27.0,0.0,0.0,0.050000000000000044,0.6345063555054367,0.6303745303303003,0.013772754813544452
double_centered_full_action_dqn,802,419,70.91739409565926,82.57348696775736,24.830217480659485,46.087176808714865,1.4259313847869635,14612.538524627686,0.0,22.0,0.0,3.0,0.050000000000000044,0.4476069090887904,0.44352655950933695,0.01360115798888728
double_centered_full_action_dqn,802,420,92.30091144442558,83.18034224823118,30.951577946543694,61.34933357238769,1.5832383576780558,17799.379791259766,0.0,28.0,0.0,3.0,0.050000000000000044,0.46058252453804016,0.4564789505675435,0.013678611896466464
double_centered_full_action_dqn,802,421,83.48767586946488,83.3064395697415,29.971214190125465,53.516462275385855,1.5392987998202443,17015.245391845703,0.0,25.0,0.0,3.0,0.050000000000000044,0.59228804288432,0.5883426270447671,0.01315138052450493
double_centered_full_action_dqn,802,422,76.84335663169622,83.39003383718433,27.43014558404684,49.41321086883545,1.5082204416394234,16397.656457901,0.0,21.0,0.0,0.0,0.050000000000000044,0.43430199241265655,0.4300001263618469,0.01433952950173989
double_centered_full_action_dqn,802,423,87.33983421623707,83.50088335894048,28.747133247554302,58.59270133376121,1.523476437665522,16896.125534057617,0.0,27.0,0.0,3.0,0.050000000000000044,0.48596635926514864,0.4823007145896554,0.012218813586514443
double_centered_full_action_dqn,802,424,85.51110877394676,83.77494039043785,29.808006778359413,55.70310163795948,1.5501685244962573,17157.354667663574,0.0,25.0,0.0,3.0,0.050000000000000044,0.5766595518216491,0.5725243594497442,0.013783957692794502
double_centered_full_action_dqn,802,425,61.36203743517399,82.79547964960337,23.95493185520172,37.40710547566414,1.3886160114780068,14497.14172744751,0.0,20.0,0.0,1.0,0.050000000000000044,0.5502890348434448,0.546313377097249,0.013252203061711043
double_centered_full_action_dqn,802,426,94.47515286803245,84.13531705327331,32.9631854146719,61.511967095732686,1.6154136462137103,19105.54039001465,0.0,26.0,0.0,2.0,0.050000000000000044,0.5916248997673392,0.5876258574426174,0.013330138579476625
double_centered_full_action_dqn,802,427,80.77843929976225,84.02286845482885,30.69217460602522,50.086264514923094,1.5490971310064197,17618.680751800537,0.0,23.0,0.0,1.0,0.050000000000000044,0.6048412164673209,0.6007531937211752,0.013626729778479785
double_centered_full_action_dqn,802,428,77.42659437209367,82.3715571127832,28.065779350697994,49.36081511080265,1.4749355241656303,16490.433067321777,0.0,23.0,0.0,2.0,0.050000000000000044,0.478487157728523,0.47450989205390215,0.013257537444587797
double_centered_full_action_dqn,802,429,88.04829210042953,83.14112767614424,28.930784299969673,59.117507576942444,1.5442501427605748,17165.070304870605,0.0,27.0,0.0,3.0,0.050000000000000044,0.45026792865246534,0.4456947837024927,0.015243825735524297
double_centered_full_action_dqn,802,430,89.93702265620232,82.9939941867441,28.397596672177315,61.53942580521107,1.5204802425578237,16667.306018829346,0.0,30.0,0.0,0.0,0.050000000000000044,0.501700830180198,0.4978092652745545,0.012971889809705317
double_centered_full_action_dqn,802,431,72.01056239008904,81.99748041458427,27.03430637717247,44.976256147027016,1.480703474022448,16206.621131896973,0.0,22.0,0.0,2.0,0.050000000000000044,0.43032119097188115,0.42657614406198263,0.012483482889365405
double_centered_full_action_dqn,802,432,95.8125621676445,82.77506407551468,33.294928669929504,62.51763379573822,1.6113689988851547,19147.57566833496,0.0,28.0,0.0,1.0,0.050000000000000044,0.5588771016336977,0.554912316147238,0.013215931423474103
double_centered_full_action_dqn,802,433,82.74187884032726,82.89626188941301,30.487209409475327,52.25466950535774,1.5524330418556929,17507.980434417725,0.0,26.0,0.0,3.0,0.050000000000000044,0.5637145172804594,0.5598269538022578,0.01295852882321924
double_centered_full_action_dqn,802,434,97.30630579143762,82.64305441230536,31.606514625251293,65.69979127049446,1.5914500774815679,18209.8674659729,0.0,29.0,0.0,2.0,0.050000000000000044,0.5957186436280608,0.5910412864759564,0.01559118164004758
double_centered_full_action_dqn,802,435,86.47260521352291,82.37783795177936,30.790144622325897,55.68246039748192,1.525102388113737,17900.375984191895,0.0,27.0,0.0,1.0,0.050000000000000044,0.5944521678611636,0.5895422706380486,0.016366293421015143
double_centered_full_action_dqn,802,436,81.8957603096962,82.32551640100777,29.75094912201166,52.14481109082699,1.5697715254500508,18053.64545440674,0.0,23.0,0.0,3.0,0.050000000000000044,0.6748927030712366,0.6703341552056372,0.01519517187261954
double_centered_full_action_dqn,802,437,83.17596964538097,83.45946801528335,27.62102708220482,55.554942205548286,1.528643662109971,16536.215404510498,0.0,24.0,0.0,1.0,0.050000000000000044,0.5858797216787934,0.5808750805445015,0.0166821206221357
double_centered_full_action_dqn,802,438,72.1901680096984,83.00168160654604,26.71933438628912,45.470833802223204,1.4509701980277896,16121.267959594727,0.0,20.0,0.0,2.0,0.050000000000000044,0.7234424287453294,0.7191688218154013,0.014245358062908053
double_centered_full_action_dqn,802,439,91.09098040461541,84.01036092199386,30.834637358784676,60.25634297132492,1.5831664893776178,17871.533393859863,0.0,27.0,0.0,2.0,0.050000000000000044,0.5881434259936213,0.5831935820169747,0.016499496472533792
double_centered_full_action_dqn,802,440,69.31194114685059,82.86091240711511,24.51608097553253,44.795860171318054,1.4090045308694243,14345.606712341309,0.0,21.0,0.0,1.0,0.050000000000000044,0.5865271231159568,0.5821052016690373,0.014739766367711127
double_centered_full_action_dqn,802,441,98.69012041389942,83.62103463433684,32.945982336997986,65.74413764476776,1.616657524369657,18705.84885406494,0.0,28.0,0.0,0.0,0.050000000000000044,0.5575024704448879,0.5532379071228206,0.014215214701835066
double_centered_full_action_dqn,802,442,80.84531599283218,83.82113260239363,27.88178813457489,52.96352744102478,1.507104485295713,16092.383575439453,0.0,25.0,0.0,1.0,0.050000000000000044,0.5617879498749971,0.5574663248844445,0.014405439054826275
double_centered_full_action_dqn,802,443,69.8790140748024,82.9480915953219,24.162162326276302,45.71685200929642,1.4277582224458456,14296.454433441162,0.0,22.0,0.0,0.0,0.050000000000000044,0.5882740598171949,0.5837814724072814,0.014975267578847706
double_centered_full_action_dqn,802,444,89.84454297423363,83.16476330533624,30.210327595472336,59.63421490192413,1.575772468931973,17977.6958694458,0.0,24.0,0.0,2.0,0.050000000000000044,0.46129727363586426,0.457279147580266,0.013393735571298748
double_centered_full_action_dqn,802,445,74.6303961828351,83.8281812427193,27.367499642074108,47.26289606392383,1.4883237378671765,16038.932147979736,0.0,24.0,0.0,2.0,0.050000000000000044,0.554708362556994,0.550612373277545,0.013653300527948886
double_centered_full_action_dqn,802,446,73.81226859390736,82.79503702901305,27.20159613341093,46.61067240834236,1.4770031962543726,16151.351333618164,0.0,22.0,0.0,2.0,0.050000000000000044,0.5725058792158961,0.5680513205006719,0.01484851079294458
double_centered_full_action_dqn,802,447,80.02393388897181,82.75731175847353,25.33839748799801,54.685536274313925,1.4418469201773405,15190.629594802856,0.0,25.0,0.0,2.0,0.050000000000000044,0.5833373945206404,0.5787654984742403,0.01523965661181137
double_centered_full_action_dqn,802,448,69.21197287887335,82.3465806838125,26.31235720962286,42.89961556494236,1.4599809208884835,15547.27313041687,0.0,22.0,0.0,1.0,0.050000000000000044,0.5004692329093814,0.4958281936123967,0.01547012833179906
double_centered_full_action_dqn,802,449,86.34920387715101,82.2616262726486,29.430253721773624,56.91895042359829,1.546135931275785,16950.999626159668,0.0,26.0,0.0,1.0,0.050000000000000044,0.47651473712176085,0.47208029590547085,0.014781479665543884
double_centered_full_action_dqn,802,450,87.92420787513257,82.1609855335951,30.445887446403503,57.478320294618605,1.5432195188477635,17720.706104278564,0.0,26.0,0.0,1.0,0.050000000000000044,0.5177345518022776,0.5127037018537521,0.016769495327025652
double_centered_full_action_dqn,802,451,93.62072737514973,83.24149378284812,31.526204839348793,62.09452295303345,1.5806680405512452,18109.55665588379,0.0,28.0,0.0,0.0,0.050000000000000044,0.7145341886207461,0.7103652358055115,0.013896529155317694
double_centered_full_action_dqn,802,452,89.93152464181185,82.94744190655649,29.57772709429264,60.35379704833031,1.5655590305104852,17302.51297569275,0.0,26.0,0.0,0.0,0.050000000000000044,0.5915810437873006,0.5865325313061476,0.016828375053592026
double_centered_full_action_dqn,802,453,81.45776396244764,82.88323616266251,27.50950788706541,53.9482557028532,1.4931895639747381,16401.966495513916,0.0,24.0,0.0,1.0,0.050000000000000044,0.6652174089103937,0.6610120190307498,0.014017939218319952
double_centered_full_action_dqn,802,454,85.84159079939127,82.3100004130602,30.4313989803195,55.41019147634506,1.5960161481052637,17651.891441345215,0.0,25.0,0.0,3.0,0.050000000000000044,0.5994377247989178,0.5948203690350056,0.015391181164886802
double_centered_full_action_dqn,802,455,90.86580047309398,82.52966017603873,29.848402939736843,61.01739730238914,1.5614596344530582,17674.010055541992,0.0,27.0,0.0,2.0,0.050000000000000044,0.5752396211028099,0.5708485934883356,0.01463678281288594
double_centered_full_action_dqn,802,456,67.04831360280514,81.78728784069418,24.63590395450592,42.41240957379341,1.4426742307841778,15003.818719863892,0.0,22.0,0.0,0.0,0.050000000000000044,0.6888707587495446,0.6841028896160424,0.015892913739662617
double_centered_full_action_dqn,802,457,89.28948550820351,82.09296363383531,30.06263306736946,59.22685190439224,1.5682606315240264,17655.024787902832,0.0,27.0,0.0,1.0,0.050000000000000044,0.49267868092283607,0.48806399293243885,0.015382294775918126
double_centered_full_action_dqn,802,458,77.16208293437958,82.34155938006938,26.39883877336979,50.76324410140514,1.483828255906701,15406.660530090332,0.0,22.0,0.0,2.0,0.050000000000000044,0.6558331586420536,0.6510699074715376,0.015877514611929655
double_centered_full_action_dqn,802,459,84.96508726477623,82.03526472307742,29.94236971437931,55.02271790802479,1.5305435620248318,17661.47250366211,0.0,25.0,0.0,1.0,0.050000000000000044,0.4533270560204983,0.44926302460953593,0.013546776375733316
double_centered_full_action_dqn,802,460,91.64092919230461,83.15171412535013,31.378210455179214,60.26271878182888,1.6024045646190643,18503.633975982666,0.0,26.0,0.0,2.0,0.050000000000000044,0.4049775851890445,0.4002242535352707,0.01584444649051875
double_centered_full_action_dqn,802,461,76.68127256780863,82.05127173304558,29.284808792173862,47.39646371603012,1.5160072622820735,16916.012447357178,0.0,24.0,0.0,1.0,0.050000000000000044,0.6384347593411803,0.6338075129315257,0.015424161159899086
double_centered_full_action_dqn,802,462,98.00547550618649,82.9092797087133,32.05192083865404,65.95355427265167,1.6027757721021771,18305.940715789795,0.0,28.0,0.0,1.0,0.050000000000000044,0.5656382599845529,0.56095160683617,0.015622152190189809
double_centered_full_action_dqn,802,463,79.13770238459111,83.37221412420274,27.75287663936615,51.38482556641102,1.5248309969902039,16303.163761138916,0.0,23.0,0.0,4.0,0.050000000000000044,0.5924185840412974,0.588503579609096,0.013050015375483781
double_centered_full_action_dqn,802,464,81.95825959891081,82.9778999554366,26.60281879454851,55.3554408788681,1.4884335407987237,16040.683052062988,0.0,27.0,0.0,2.0,0.050000000000000044,0.6084859427064657,0.604112409055233,0.014578444708604366
double_centered_full_action_dqn,802,465,88.05030714273452,83.64889550343158,31.26608568429947,56.78422172665596,1.6056255465373397,18252.449100494385,0.0,26.0,0.0,2.0,0.050000000000000044,0.5010420326143503,0.4962945384904742,0.0158249833912123
double_centered_full_action_dqn,802,466,81.45491562783718,84.03102785512806,27.177439600229263,54.277475759387016,1.4882889352738857,16295.976112365723,0.0,24.0,0.0,1.0,0.050000000000000044,0.7102653058245778,0.7057609939947724,0.01501435664249584
double_centered_full_action_dqn,802,467,80.15545328855515,84.03760382510721,27.063568472862244,53.09188478589058,1.504474655725062,15924.615776062012,0.0,24.0,0.0,1.0,0.050000000000000044,0.46369694359600544,0.45928519032895565,0.014705851441249251
double_centered_full_action_dqn,802,468,71.62795568555593,84.15840296544135,24.317450433969498,47.31050479710102,1.4214799543842673,14750.919452667236,0.0,22.0,0.0,3.0,0.050000000000000044,0.6853025704622269,0.6807912290096283,0.015037817938718945
double_centered_full_action_dqn,802,469,88.53304603248834,84.26759507320821,28.130797892808914,60.402248206734654,1.5202134465798736,16612.500186920166,0.0,28.0,0.0,2.0,0.050000000000000044,0.4589457754045725,0.4550094334408641,0.013121122086886317
double_centered_full_action_dqn,802,470,79.94453476667404,83.86861141778527,25.409798309206963,54.53473671078682,1.466082059778273,15197.93656539917,0.0,25.0,0.0,3.0,0.050000000000000044,0.5512135261669755,0.5460905455984175,0.01707660494139418
double_centered_full_action_dqn,802,471,87.39153843522072,83.55715197078884,28.96957326680422,58.4219649374485,1.5582662178203464,17292.152755737305,0.0,26.0,0.0,2.0,0.050000000000000044,0.5341409202665091,0.5292066987603903,0.016447400441393256
double_centered_full_action_dqn,802,472,70.8573596417904,82.60344372078778,27.220736414194107,43.63662304878235,1.494944043457508,16247.198768615723,0.0,22.0,0.0,1.0,0.050000000000000044,0.5210547856986523,0.5167481377720833,0.014355487481225282
double_centered_full_action_dqn,802,473,69.06512373834849,81.98381170958281,25.2272976487875,43.83782603740692,1.415329659357667,14378.099933624268,0.0,21.0,0.0,1.0,0.050000000000000044,0.501493327319622,0.4970115264877677,0.014939324639271945
double_centered_full_action_dqn,802,474,88.98535165190697,82.14099975220861,29.126508712768555,59.85884213447571,1.5587495500221848,17446.47647857666,0.0,26.0,0.0,0.0,0.050000000000000044,0.5602223942987621,0.555387370288372,0.016116747225169092
double_centered_full_action_dqn,802,475,70.0885397285223,81.10213671498002,25.101223558187485,44.98731634914875,1.4175930237397552,14538.135444641113,0.0,24.0,0.0,1.0,0.050000000000000044,0.605021663941443,0.6009696838445961,0.013506584102287889
double_centered_full_action_dqn,802,476,100.28199928998947,82.76382099933923,32.176901176571846,68.10509815812111,1.6527914432808757,18806.980361938477,0.0,31.0,0.0,1.0,0.050000000000000044,0.5466392058879137,0.5425731325522065,0.013553578057326376
double_centered_full_action_dqn,802,477,76.10946670919657,82.10482005938889,25.15310473740101,50.95636160671711,1.4479282964020967,14921.273460388184,0.0,24.0,0.0,0.0,0.050000000000000044,0.5316322296857834,0.5269349114969373,0.01565773517359048
double_centered_full_action_dqn,802,478,75.26579985022545,82.01000590518117,26.612600564956665,48.65319934487343,1.4714947240427136,16061.310367584229,0.0,23.0,0.0,2.0,0.050000000000000044,0.5979259517043829,0.5933881308883429,0.015126063313800842
double_centered_full_action_dqn,802,479,97.67157049179077,82.6453300665319,29.078287959098816,68.59328244328499,1.551141057163477,17038.99502182007,0.0,30.0,0.0,3.0,0.050000000000000044,0.6841984689235687,0.679156593978405,0.01680622692219913
double_centered_full_action_dqn,802,480,74.47226357609034,81.7868967857212,27.90555438399315,46.56670903563499,1.4906184952706099,16317.430171966553,0.0,22.0,0.0,1.0,0.050000000000000044,0.4583825785666704,0.4540937878191471,0.014295965316705406
double_centered_full_action_dqn,802,481,73.28395622968674,81.6170309688151,27.2815500497818,46.00240629911423,1.5272822696715593,16451.66062927246,0.0,23.0,0.0,1.0,0.050000000000000044,0.534573151730001,0.5293400073423982,0.01744383276673034
double_centered_full_action_dqn,802,482,95.29197473824024,81.48135593041778,31.137672051787376,64.15430307388306,1.624750778079033,18568.921031951904,0.0,29.0,0.0,0.0,0.050000000000000044,0.5147017175331712,0.5097750471904874,0.016422243148554116
double_centered_full_action_dqn,802,483,98.13390282541513,82.43116595245898,29.644981764256954,68.48892119526863,1.6073789298534393,18046.584831237793,0.0,30.0,0.0,2.0,0.050000000000000044,0.6647254712879658,0.6601214976981282,0.0153465784387663
double_centered_full_action_dqn,802,484,90.18434374928475,82.84247015997768,29.2224233597517,60.961920166015624,1.561589372344315,17227.218719482422,0.0,28.0,0.0,2.0,0.050000000000000044,0.6583267524838448,0.6536632115021348,0.015545138157904148
double_centered_full_action_dqn,802,485,63.80393772125244,81.63015168890358,23.308527812361717,40.49540999829769,1.4378066658973694,14652.560897827148,0.0,18.0,0.0,2.0,0.050000000000000044,0.5243326425552368,0.5200515831820667,0.014270196377765387
double_centered_full_action_dqn,802,486,107.80366932153701,82.94758937358856,32.5870755314827,75.21659373044967,1.6400378281250596,19198.6109085083,0.0,32.0,0.0,3.0,0.050000000000000044,0.6094111856073141,0.6049198638647795,0.014971081749536097
double_centered_full_action_dqn,802,487,106.02351933121682,84.24099267572164,31.121876090765,74.90164297223092,1.6167540838941932,18286.84275817871,0.0,32.0,0.0,1.0,0.050000000000000044,0.5100817019119859,0.5049541098996997,0.01709195994772017
double_centered_full_action_dqn,802,488,90.74196940660477,85.1966933617741,29.86179181933403,60.8801766037941,1.5436366852372885,17236.641368865967,0.0,29.0,0.0,0.0,0.050000000000000044,0.5864464156329632,0.5817927792668343,0.01551212219055742
double_centered_full_action_dqn,802,489,75.79157320559025,84.5596197204292,27.18981784582138,48.60175504684448,1.4756354531273246,15883.854663848877,0.0,22.0,0.0,1.0,0.050000000000000044,0.5775374304503202,0.572872256860137,0.015550567011814564
double_centered_full_action_dqn,802,490,77.71145300716162,84.44796563245357,28.293854169547558,49.41759858429432,1.5240184906870127,16453.19097137451,0.0,25.0,0.0,2.0,0.050000000000000044,0.5187053852714598,0.5146890757605433,0.01338767827837728
double_centered_full_action_dqn,802,491,87.34175623953342,84.44547652266922,29.986179515719414,57.35557642579079,1.539059373550117,17088.358097076416,0.0,26.0,0.0,0.0,0.050000000000000044,0.5744919176213443,0.5701404633000493,0.01450482988730073
double_centered_full_action_dqn,802,492,77.08172971904278,84.75669502653184,28.92474263906479,48.15698712468147,1.5663687540218234,17222.912536621094,0.0,22.0,0.0,2.0,0.050000000000000044,0.4939843788743019,0.4895214969292283,0.014876269560772926
double_centered_full_action_dqn,802,493,73.8254642277956,84.9947120510042,27.7187702357769,46.10669439435005,1.4792301077395678,16276.964454650879,0.0,22.0,0.0,2.0,0.050000000000000044,0.5352600356563926,0.5311812218278646,0.013596055214293301
double_centered_full_action_dqn,802,494,96.94668457806111,85.3927786973119,31.88329340517521,65.0633907109499,1.6445627585053444,19105.16574859619,0.0,29.0,0.0,3.0,0.050000000000000044,0.42331265611574054,0.4185849083587527,0.015759147761855274
double_centered_full_action_dqn,802,495,88.94598736017943,86.33565107889476,31.093750454485416,57.852236652374266,1.561475709080696,17997.37529373169,0.0,27.0,0.0,2.0,0.050000000000000044,0.578801903873682,0.5742790419608355,0.015076204377692193
double_centered_full_action_dqn,802,496,73.66142896711827,85.0046225627512,28.258384212851524,45.403044724464415,1.5483690910041332,17033.58087539673,0.0,22.0,0.0,3.0,0.050000000000000044,0.516818979755044,0.5120961098000407,0.015742908872198313
double_centered_full_action_dqn,802,497,87.5044179648161,85.57437012553217,28.105124585330486,59.3992935359478,1.5081217093393207,16428.805276870728,0.0,27.0,0.0,2.0,0.050000000000000044,0.5559839680790901,0.5520303836092353,0.0131786011334043
double_centered_full_action_dqn,802,498,81.32791278660298,85.87747577235105,26.83983227610588,54.488080540299414,1.4889044230803847,16249.543933868408,0.0,24.0,0.0,1.0,0.050000000000000044,0.5563171473331749,0.551816392224282,0.015002536703832448
double_centered_full_action_dqn,802,499,88.10765753090382,85.3992801243067,28.57867957651615,59.52897829711437,1.5348116755485535,16969.429332733154,0.0,28.0,0.0,1.0,0.050000000000000044,0.586307411082089,0.5820032679475844,0.014347122341860086
double_centered_full_action_dqn,802,500,84.33447024226189,85.89239045761528,27.89013607800007,56.44433431327343,1.5189648512750864,16154.667789459229,0.0,28.0,0.0,0.0,0.050000000000000044,0.6308126896619797,0.6258827215060592,0.01643324177712202
double_centered_full_action_dqn,802,501,89.50609211623669,86.70349725194276,30.37027770280838,59.13581442832947,1.5541788879781961,17243.548877716064,0.0,26.0,0.0,2.0,0.050000000000000044,0.40723071806132793,0.40296567510813475,0.014216810697689652
double_centered_full_action_dqn,802,502,96.87891380488873,86.78284420527518,31.146964989602566,65.73194921016693,1.5856618704274297,18226.750198364258,0.0,29.0,0.0,2.0,0.050000000000000044,0.4966266294941306,0.49145158752799034,0.017250154924113303
double_centered_full_action_dqn,802,503,91.50481773912907,86.45138995096087,31.904822275042534,59.599995255470276,1.599587220698595,18273.740741729736,0.0,27.0,0.0,0.0,0.050000000000000044,0.4737555654719472,0.4690480185672641,0.01569180632941425
double_centered_full_action_dqn,802,504,85.39407001435757,86.21187626421451,28.107794545590878,57.2862758487463,1.5140188671648502,16558.45746612549,0.0,28.0,0.0,0.0,0.050000000000000044,0.37962401704862714,0.3754111835733056,0.014042789640370756
double_centered_full_action_dqn,802,505,100.96883431077003,88.0701210936904,30.50106008350849,70.46777456998825,1.5920205283910036,17674.300121307373,0.0,31.0,0.0,0.0,0.050000000000000044,0.5806630235165358,0.5758905969560146,0.015908089582808316
double_centered_full_action_dqn,802,506,79.17373254448175,86.63862425483764,26.30079460889101,52.872938740253446,1.480783998966217,15651.233745574951,0.0,25.0,0.0,2.0,0.050000000000000044,0.7118865810334682,0.7072636727243662,0.01540968136396259
double_centered_full_action_dqn,802,507,72.34038954377175,84.95446776546538,26.17334144562483,46.167047971487044,1.4711163798347116,15675.19418334961,0.0,21.0,0.0,1.0,0.050000000000000044,0.5602563442662358,0.5564225912094116,0.012779171345755458
double_centered_full_action_dqn,802,508,89.47045274972916,84.8908919326216,28.17345380783081,61.29699876308441,1.5291192792356014,16959.691900253296,0.0,29.0,0.0,3.0,0.050000000000000044,0.572775976266712,0.5688393153250217,0.01312220242107287
double_centered_full_action_dqn,802,509,90.78028559088708,85.64032755188644,30.537447467446327,60.24283825755119,1.5517926448956132,17852.755542755127,0.0,26.0,0.0,1.0,0.050000000000000044,0.3937963848002255,0.3893533661030233,0.014810067252255976
double_centered_full_action_dqn,802,510,79.97068956494331,85.75328937977554,28.911613553762436,51.05907569825649,1.499721840955317,16637.90769958496,0.0,23.0,0.0,1.0,0.050000000000000044,0.6016753297299147,0.5971567593514919,0.015061889193020761
double_centered_full_action_dqn,802,511,74.98366151750088,85.13538464367392,24.543214946985245,50.44044589996338,1.4276619758456945,14545.626419067383,0.0,25.0,0.0,1.0,0.050000000000000044,0.4913506065495312,0.48665931867435575,0.015637632401194423
double_centered_full_action_dqn,802,512,97.50048628598452,86.156322472021,33.35475491732359,64.14573105573655,1.61153959389776,18956.189849853516,0.0,29.0,0.0,2.0,0.050000000000000044,0.47939830739051104,0.47323607048019767,0.020540778641588986
double_centered_full_action_dqn,802,513,71.94820032566786,86.06245927691461,25.889261670410633,46.05893890857696,1.4435784462839365,15029.083414077759,0.0,22.0,0.0,2.0,0.050000000000000044,0.42644388042390347,0.42125756200402975,0.01728771679336205
double_centered_full_action_dqn,802,514,78.3679868131876,85.13352438867092,27.440125070512295,50.927861377596855,1.5071721514686942,16360.052772521973,0.0,26.0,0.0,1.0,0.050000000000000044,0.5388167249038815,0.534620214253664,0.013988376536872238
double_centered_full_action_dqn,802,515,77.46359944343567,84.55940499283373,27.635394990444183,49.82820366322994,1.4973663873970509,15984.478965759277,0.0,24.0,0.0,0.0,0.050000000000000044,0.4716551941819489,0.46680666180327535,0.01616177271353081
double_centered_full_action_dqn,802,516,84.59088397026062,85.10587774299084,28.162374772131443,56.42850913107395,1.539823055267334,16695.030792236328,0.0,26.0,0.0,0.0,0.050000000000000044,0.500640532001853,0.4964251024648547,0.014051424455828965
double_centered_full_action_dqn,802,517,75.52510625869036,84.50691215768457,25.318524785339832,50.20658141374588,1.495265744626522,15888.14228439331,0.0,23.0,0.0,1.0,0.050000000000000044,0.5029830895364285,0.498334844596684,0.015494144929107279
double_centered_full_action_dqn,802,518,90.75633812993765,84.97833342485129,30.155071794986725,60.60126648396253,1.5933148320764303,17691.434818267822,0.0,26.0,0.0,3.0,0.050000000000000044,0.5230298209935427,0.5183311896398664,0.015662086836528033
double_centered_full_action_dqn,802,519,79.13832055330276,84.52986657597124,27.87017671763897,51.26814377605915,1.5195951350033283,16615.545122146606,0.0,23.0,0.0,3.0,0.050000000000000044,0.5398011701181531,0.5359852220863104,0.012719822872895747
double_centered_full_action_dqn,802,520,90.8158368036151,84.85393490403891,28.267163455486298,62.548673981428145,1.5236734757199883,16576.901317596436,0.0,28.0,0.0,2.0,0.050000000000000044,0.5180879216641188,0.5133672333322465,0.015735621855128556
double_centered_full_action_dqn,802,521,81.20437043309212,84.43884881988168,26.307661056518555,54.896709436178206,1.493543116375804,15953.219161987305,0.0,24.0,0.0,3.0,0.050000000000000044,0.6482329964637756,0.6438359208405018,0.01465694821672514
double_centered_full_action_dqn,802,522,93.07026697993278,84.24841647863389,30.71487544476986,62.35539152026176,1.6363413203507662,18090.571445465088,0.0,27.0,0.0,2.0,0.050000000000000044,0.5385261103510857,0.533736377954483,0.015965800499543548
double_centered_full_action_dqn,802,523,81.13331873118878,83.72984152823689,27.572846218943596,53.56047240793705,1.5352736478671432,16592.50659942627,0.0,24.0,0.0,1.0,0.050000000000000044,0.6561144082807004,0.6505228555761278,0.01863852859241888
double_centered_full_action_dqn,802,524,74.6208556085825,83.19118080794814,25.729768075048923,48.891087436676024,1.4482806706801057,15130.787994384766,0.0,22.0,0.0,1.0,0.050000000000000044,0.503119770437479,0.4982191761955619,0.016335308726411313
double_centered_full_action_dqn,802,525,74.14546007215976,81.8500120960176,27.450554057955742,46.694906058907506,1.5000624218955636,16370.449077606201,0.0,23.0,0.0,3.0,0.050000000000000044,0.4549676300957799,0.45028988644480705,0.015592484967783093
double_centered_full_action_dqn,802,526,67.958705689013,81.28926075324416,25.200977750122547,42.757728087902066,1.4324922654777765,14832.763763427734,0.0,20.0,0.0,2.0,0.050000000000000044,0.44995048316195607,0.44539459981024265,0.015186285483650863
double_centered_full_action_dqn,802,527,82.94584903120995,81.81953372761608,27.60585954785347,55.33998976647854,1.532257611863315,17143.174633026123,0.0,24.0,0.0,1.0,0.050000000000000044,0.6061697760596871,0.6018828353844583,0.014289799495600164
double_centered_full_action_dqn,802,528,83.2362050294876,81.50782134160399,28.560902521014214,54.67530174851417,1.524718671105802,16882.171615600586,0.0,25.0,0.0,3.0,0.050000000000000044,0.5858544297516346,0.5812437115237117,0.015369053988251835
double_centered_full_action_dqn,802,529,86.03222165405751,81.27041814476252,28.865919165313244,57.16630248129368,1.5501672504469752,16745.702770233154,0.0,28.0,0.0,1.0,0.050000000000000044,0.6176600041799247,0.612095071002841,0.018549776810687035
double_centered_full_action_dqn,802,530,82.35906173288822,81.38983675315977,28.299116298556328,54.0599452406168,1.493579363450408,16439.808628082275,0.0,26.0,0.0,1.0,0.050000000000000044,0.5453599309548736,0.5408919644542038,0.014893228537403047
double_centered_full_action_dqn,802,531,76.93811576962472,81.48755946576597,28.182562440633774,48.75555343329906,1.5192702868953347,16699.293811798096,0.0,23.0,0.0,3.0,0.050000000000000044,0.5419158670119941,0.537313187494874,0.01534227014053613
double_centered_full_action_dqn,802,532,95.67608114480973,81.39633920870722,30.60532920062542,65.07075155675412,1.5946399150416255,18290.493530273438,0.0,28.0,0.0,2.0,0.050000000000000044,0.44302308466285467,0.43800673726946115,0.01672115729888901
double_centered_full_action_dqn,802,533,82.97671201229096,81.94776479303839,28.495753034949303,54.48095888793468,1.5511254658922553,17466.15430831909,0.0,24.0,0.0,3.0,0.050000000000000044,0.46728520328179,0.4629489155486226,0.014454307034611702
double_centered_full_action_dqn,802,534,79.958835247159,82.02730721473696,27.66173619031906,52.29709902703762,1.5120822498574853,16351.572952270508,0.0,25.0,0.0,2.0,0.050000000000000044,0.5750892064534128,0.5704990080557764,0.015300674305763096
double_centered_full_action_dqn,802,535,78.22621710598469,82.0654380978644,27.035535618662834,51.19068156182766,1.4979647742584348,15933.976804733276,0.0,25.0,0.0,1.0,0.050000000000000044,0.4781476780772209,0.4738075863569975,0.014466965920291841
double_centered_full_action_dqn,802,536,82.48070582151414,81.95992919042706,28.222718879580498,54.25798715054989,1.5192437106743455,16551.496955871582,0.0,25.0,0.0,1.0,0.050000000000000044,0.413001561537385,0.40858669951558113,0.014716196048539132
double_centered_full_action_dqn,802,537,80.77393621355296,82.2223706881702,26.90821785479784,53.865718403458594,1.4623430455103517,15583.65188217163,0.0,25.0,0.0,2.0,0.050000000000000044,0.49177731573581696,0.48816239228472114,0.012049739190842956
double_centered_full_action_dqn,802,538,91.65569824278354,82.26733869381249,30.46539620310068,61.19030228555202,1.6060318434610963,18161.20347213745,0.0,28.0,0.0,2.0,0.050000000000000044,0.5401562447659671,0.5356622724793851,0.014979905157815665
double_centered_full_action_dqn,802,539,94.68012826144695,83.04442907921971,31.731648087501526,62.948479771614075,1.6376859182491899,19099.989582061768,0.0,27.0,0.0,0.0,0.050000000000000044,0.46346949599683285,0.4585386039689183,0.016436319798231125
double_centered_full_action_dqn,802,540,102.29381989836693,83.6183282339573,31.663749746978283,70.6300705164671,1.6262227008119226,18525.17096710205,0.0,30.0,0.0,1.0,0.050000000000000044,0.6064197854138911,0.6022712648846209,0.013828424853272736
double_centered_full_action_dqn,802,541,96.11440344154835,84.36382988438011,29.610446408391,66.50395715236664,1.5597065454348922,17544.013011932373,0.0,28.0,0.0,0.0,0.050000000000000044,0.5910246530547738,0.5864805402234197,0.015147057885769755
double_centered_full_action_dqn,802,542,76.2366469591856,83.52214888334274,28.027820348739624,48.208826610445975,1.5155888125300407,16728.534606933594,0.0,24.0,0.0,1.0,0.050000000000000044,0.5200899410992861,0.5156807410530746,0.014697346952743828
double_centered_full_action_dqn,802,543,94.26158392578364,84.17856214307251,29.30032018572092,64.96126342713833,1.5908489935100079,17411.405643463135,0.0,28.0,0.0,2.0,0.050000000000000044,0.4172341669909656,0.41274299938231707,0.014970578020438552
double_centered_full_action_dqn,802,544,65.88501078039408,83.74176990166309,24.01733837276697,41.8676720649004,1.428250196389854,14479.902782440186,0.0,21.0,0.0,1.0,0.050000000000000044,0.5547257526777685,0.5509094344452024,0.012721053150016814
double_centered_full_action_dqn,802,545,96.26307978630066,84.84765088737012,30.20428077876568,66.05879951417447,1.5903320778161287,17822.232315063477,0.0,30.0,0.0,3.0,0.050000000000000044,0.527650834992528,0.5228590862825513,0.01597248431062326
double_centered_full_action_dqn,802,546,66.09294022023678,84.7543626139313,24.853480711579323,41.23945980668068,1.4513478334993124,15287.676559448242,0.0,20.0,0.0,2.0,0.050000000000000044,0.5086144870147109,0.5042573870159686,0.014523685968015343
double_centered_full_action_dqn,802,547,69.80503961741924,84.09732214324177,24.694749534130096,45.11029061973095,1.3968886584043503,14488.872121810913,0.0,22.0,0.0,2.0,0.050000000000000044,0.5503933802247047,0.5455573555082083,0.016120063373818994
double_centered_full_action_dqn,802,548,85.41498552262783,84.20626116789879,29.480975449085236,55.93400967121124,1.5393862780183554,16987.80922317505,0.0,26.0,0.0,1.0,0.050000000000000044,0.4572391966357827,0.4526638137176633,0.015251285105478019
double_centered_full_action_dqn,802,549,83.95116749405861,84.10220845989883,27.657420679926872,56.29374720156193,1.54560128133744,16646.87350845337,0.0,26.0,0.0,0.0,0.050000000000000044,0.5829821620136499,0.5783202489838004,0.015539735439233482
double_centered_full_action_dqn,802,550,81.81326834261418,84.07491879038513,27.477406203746796,54.33586204946041,1.4944820310920477,16391.658039093018,0.0,25.0,0.0,2.0,0.050000000000000044,0.6468120953068137,0.6422749506309628,0.01512383489171043
double_centered_full_action_dqn,802,551,84.2700160831213,84.44151380605997,27.963849261403084,56.30616688132286,1.5730751110240817,17025.42395401001,0.0,26.0,0.0,1.0,0.050000000000000044,0.460074701346457,0.4559162398800254,0.01386155467480421
double_centered_full_action_dqn,802,552,64.23018082976341,82.86921879030766,24.278997719287872,39.95118282735348,1.4241738207638264,14856.956481933594,0.0,20.0,0.0,0.0,0.050000000000000044,0.5686391834169626,0.5642642937600613,0.014582969364710152
double_centered_full_action_dqn,802,553,92.74755154550076,83.35776076696814,30.555910781025887,62.19164063036442,1.5983023960143328,18059.253273010254,0.0,29.0,0.0,1.0,0.050000000000000044,0.3876079088076949,0.38283492252230644,0.015909952926449478
double_centered_full_action_dqn,802,554,69.88767304420472,82.85420265682043,27.22083254158497,42.66684074103832,1.4905784567818046,16161.088874816895,0.0,21.0,0.0,2.0,0.050000000000000044,0.5298849819228053,0.5240796403959394,0.0193511419929564
double_centered_full_action_dqn,802,555,88.64706035256386,83.37524481914937,29.30657324194908,59.34048633575439,1.5885166823863983,17240.79664993286,0.0,26.0,0.0,4.0,0.050000000000000044,0.6766906660050154,0.6720767803490162,0.015379600517917424
double_centered_full_action_dqn,802,556,79.31013783812523,83.21671641997993,27.162751778960228,52.14738582074642,1.511021756567061,16436.51554107666,0.0,26.0,0.0,0.0,0.050000000000000044,0.6599182402715087,0.6551562007516623,0.015873454394750297
double_centered_full_action_dqn,802,557,82.95537392795086,83.32578830569983,26.626799196004868,56.32857497036457,1.4857343351468444,16011.615245819092,0.0,26.0,0.0,2.0,0.050000000000000044,0.5441212090663612,0.5393082574009895,0.01604316890006885
double_centered_full_action_dqn,802,558,75.25487724840642,82.50574725598098,25.787336766719818,49.467540645599364,1.4624685794115067,15357.544746398926,0.0,23.0,0.0,1.0,0.050000000000000044,0.4432754833251238,0.43826696928590536,0.016695044352672994
double_centered_full_action_dqn,802,559,98.19119863659144,82.6813007747382,30.552976921200752,67.63822198361159,1.5942373611032963,18325.57809829712,0.0,30.0,0.0,3.0,0.050000000000000044,0.5105182947590947,0.506028464064002,0.014966112619731575
double_centered_full_action_dqn,802,560,69.07388280332088,81.0203039199859,23.8797098249197,45.19417318701744,1.4406028231605887,14831.269233703613,0.0,20.0,0.0,0.0,0.050000000000000044,0.5026038535870612,0.4985357914119959,0.01356018555816263
double_centered_full_action_dqn,802,561,84.84506740570069,80.45683711819353,27.067754551768303,57.77731298804283,1.5350144794210792,16507.489696502686,0.0,26.0,0.0,1.0,0.050000000000000044,0.5244868267327547,0.5202025659382343,0.014280849660281092
double_centered_full_action_dqn,802,562,79.24916613101959,80.60746307678522,28.556778326630592,50.69238752126694,1.555342567153275,17424.66986846924,0.0,23.0,0.0,1.0,0.050000000000000044,0.454048833809793,0.44968703715130687,0.014539334923028946
double_centered_full_action_dqn,802,563,75.00283968150616,79.64452586457135,29.621605589985847,45.3812339425087,1.5394462142139673,17421.99367904663,0.0,23.0,0.0,3.0,0.050000000000000044,0.4541574688628316,0.44906088802963495,0.016988589777611196
double_centered_full_action_dqn,802,564,82.36815594136715,80.46868312262,28.064932465553284,54.30322329699993,1.5335528319701552,16343.426319122314,0.0,25.0,0.0,0.0,0.050000000000000044,0.5629841461777687,0.5583518743515015,0.01544091891264543
double_centered_full_action_dqn,802,565,68.48355605453253,79.07970693603157,26.099896408617496,42.38365972042084,1.4776076059788465,16087.014728546143,0.0,19.0,0.0,2.0,0.050000000000000044,0.592659953981638,0.5878969263285398,0.015876751276664436
double_centered_full_action_dqn,802,566,89.51890695095062,80.25100527256728,29.910032644867897,59.608873307704926,1.615710824728012,18212.31390762329,0.0,26.0,0.0,0.0,0.050000000000000044,0.5511436881497502,0.5467661470174789,0.014591804298106581
double_centered_full_action_dqn,802,567,94.10862350463867,81.46618446692824,32.32044392824173,61.78817933797836,1.6118236826732755,18848.65737915039,0.0,27.0,0.0,1.0,0.050000000000000044,0.5149917397648096,0.5102545591071248,0.015790613659191877
double_centered_full_action_dqn,802,568,85.01203298568726,81.44603684008122,29.257218837738037,55.75481466948986,1.5533438073471189,17044.43617248535,0.0,25.0,0.0,0.0,0.050000000000000044,0.4806652865372598,0.47572853323072195,0.016455824312288314
double_centered_full_action_dqn,802,569,85.26359734833241,81.5116583327949,28.653390109539032,56.61020713448524,1.5257681719958782,17159.114780426025,0.0,26.0,0.0,1.0,0.050000000000000044,0.48807897977530956,0.48339320719242096,0.015619233134202659
double_centered_full_action_dqn,802,570,64.76183051764966,80.65908644154669,25.703985020518303,39.05784527361393,1.5016666539013386,15939.88878250122,0.0,20.0,0.0,4.0,0.050000000000000044,0.49417105223983526,0.48996635619550943,0.014015658816788346
double_centered_full_action_dqn,802,571,99.28201770335436,81.40968652255835,31.648108057677746,67.63390916883945,1.6182787148281932,18433.92502975464,0.0,30.0,0.0,4.0,0.050000000000000044,0.566311321221292,0.561328929848969,0.01660796836949885
double_centered_full_action_dqn,802,572,89.13104578852654,82.65472977049649,30.806636050343513,58.324409916996956,1.578656910918653,17918.835107803345,0.0,28.0,0.0,0.0,0.050000000000000044,0.4119893778115511,0.40761709259822965,0.014574284083209932
double_centered_full_action_dqn,802,573,83.86170403063298,82.21043739475311,29.125518679618835,54.73618530631065,1.5476378602907062,17146.11553955078,0.0,25.0,0.0,3.0,0.050000000000000044,0.6080162432044744,0.6040239706635475,0.013307570479810238
double_centered_full_action_dqn,802,574,88.05390735119582,83.11874911010267,30.67323049157858,57.380677157640456,1.5915202721953392,18005.30980682373,0.0,26.0,0.0,2.0,0.050000000000000044,0.5542939538136125,0.5495826518163085,0.015704349847510457
double_centered_full_action_dqn,802,575,72.18027174174786,82.29540967956187,27.27939273416996,44.90087938010693,1.4959347611293197,16443.31200027466,0.0,22.0,0.0,3.0,0.050000000000000044,0.46655551670119166,0.46185727044939995,0.01566082041244954
double_centered_full_action_dqn,802,576,79.59222010672093,82.30951379299165,25.835046499967575,53.757173427939414,1.4832204766571522,15782.78275680542,0.0,26.0,0.0,1.0,0.050000000000000044,0.4636308178305626,0.4593415129929781,0.014297697198344395
double_centered_full_action_dqn,802,577,91.09246128946543,82.71636816106738,29.229688577353954,61.862772250175475,1.5719975158572197,17307.45941543579,0.0,27.0,0.0,3.0,0.050000000000000044,0.5521177412010729,0.5478482972830534,0.014231480046873912
double_centered_full_action_dqn,802,578,87.61727695167065,83.3344881462306,28.81947810947895,58.79779866337776,1.59770015347749,17764.196395874023,0.0,26.0,0.0,0.0,0.050000000000000044,0.5430357400327921,0.5388985518366098,0.013790624565444887
double_centered_full_action_dqn,802,579,70.43963548690081,81.94690998874606,25.634158320724964,44.8054769128561,1.471259966492653,15816.70885848999,0.0,22.0,0.0,1.0,0.050000000000000044,0.5328356842510402,0.5286798877641559,0.013852667645551264
double_centered_full_action_dqn,802,580,78.48679485023021,82.41755559109153,29.042147755622864,49.44464731812477,1.5428725108504295,16996.216484069824,0.0,23.0,0.0,4.0,0.050000000000000044,0.41209796350449324,0.40683295391499996,0.017550039512570947
double_centered_full_action_dqn,802,581,84.2806700348854,82.38933572255074,27.180954471230507,57.09971545934677,1.5116779915988445,16204.887338638306,0.0,26.0,0.0,3.0,0.050000000000000044,0.4791723508387804,0.47510518971830606,0.013557195197790861
double_centered_full_action_dqn,802,582,82.59050505012274,82.55640266850591,26.347456999123096,56.24304814040661,1.4447046453133225,14985.187900543213,0.0,26.0,0.0,1.0,0.050000000000000044,0.49356846790760756,0.48957268707454205,0.013319272256921977
double_centered_full_action_dqn,802,583,87.57315026372672,83.18491819761695,29.813003681600094,57.76014597117901,1.5661817286163568,17612.71297645569,0.0,26.0,0.0,1.0,0.050000000000000044,0.5017843181267381,0.49724360927939415,0.015135695750359446
double_centered_full_action_dqn,802,584,83.17922855317593,83.22547182820739,25.69168971478939,57.48753868937492,1.5078587364405394,15792.176551818848,0.0,24.0,0.0,1.0,0.050000000000000044,0.4431429021060467,0.4385903561487794,0.015175174514297396
double_centered_full_action_dqn,802,585,77.47597875595093,83.67509296327832,26.362710997462273,51.11326771378517,1.4853107575327158,15954.329605102539,0.0,23.0,0.0,1.0,0.050000000000000044,0.4335074285045266,0.42817890737205744,0.017761752766091377
double_centered_full_action_dqn,802,586,72.57324101924897,82.82780966669323,27.442111253738403,45.13112908005714,1.4988988479599357,16339.622444152832,0.0,23.0,0.0,1.0,0.050000000000000044,0.5048728222027421,0.500334900803864,0.01512640668079257
double_centered_full_action_dqn,802,587,106.42776585817337,83.44376678436996,32.27776841074228,74.14999730587006,1.6379303587600589,18963.047832489014,0.0,31.0,0.0,6.0,0.050000000000000044,0.46992249693721533,0.4653042294085026,0.015394209884107113
double_centered_full_action_dqn,802,588,72.7263221591711,82.82948124304416,26.461914345622063,46.26440787315369,1.5104663334786892,16326.876308441162,0.0,22.0,0.0,2.0,0.050000000000000044,0.46077884174883366,0.45602048747241497,0.015861190331634134
double_centered_full_action_dqn,802,589,101.13679657429456,83.62314120434226,32.54863605648279,68.58816016763448,1.6826887587085366,19359.429050445557,0.0,29.0,0.0,3.0,0.050000000000000044,0.6293106591328979,0.6244169948622584,0.016312201973050833
double_centered_full_action_dqn,802,590,73.79474507421256,84.0747869321704,27.660879887640476,46.13386524617672,1.4914799304679036,16455.715574264526,0.0,23.0,0.0,1.0,0.050000000000000044,0.44540076702833176,0.44110636366531253,0.014314657193608582
double_centered_full_action_dqn,802,591,78.44792754352093,83.03308242417873,26.463780760765076,51.98414681255817,1.4836622150614858,15969.543643951416,0.0,25.0,0.0,2.0,0.050000000000000044,0.4778007911518216,0.47292618453502655,0.016248688159976155
double_centered_full_action_dqn,802,592,86.24857033342123,82.88895865142347,28.73567347973585,57.51289654076099,1.5325880339369178,16956.339096069336,0.0,25.0,0.0,2.0,0.050000000000000044,0.4356303191743791,0.4312984296120703,0.014439633523579687
double_centered_full_action_dqn,802,593,77.23107597380877,82.55742724858226,26.71462918072939,50.51644670367241,1.488905674777925,15910.001838684082,0.0,25.0,0.0,1.0,0.050000000000000044,0.4004272297024727,0.39560286421328783,0.016081213194411248
double_centered_full_action_dqn,802,594,79.83703556656837,82.1465836593509,26.70368082821369,53.133354872465134,1.4844780368730426,15703.183731079102,0.0,25.0,0.0,2.0,0.050000000000000044,0.3959240773692727,0.3915098886936903,0.014713973738253117
double_centered_full_action_dqn,802,595,94.15296147167683,83.24521814584733,30.87596870958805,63.276993268728255,1.6126692350953817,18182.093955993652,0.0,27.0,0.0,2.0,0.050000000000000044,0.5479174572974443,0.5430282186716795,0.016297439055051655
double_centered_full_action_dqn,802,596,98.45252484381199,84.1882333827019,33.37785702943802,65.07466805279255,1.614671845920384,19086.62260055542,0.0,27.0,0.0,3.0,0.050000000000000044,0.5221795830875635,0.5167864868417382,0.01797697989968583
double_centered_full_action_dqn,802,597,63.69664790779352,82.81844271361828,26.009345807135105,37.687302115559575,1.4672031551599503,15981.42788696289,0.0,19.0,0.0,4.0,0.050000000000000044,0.6037090811878443,0.5984363928437233,0.017575626610778272
double_centered_full_action_dqn,802,598,85.39491946399212,82.70732483923436,27.83205694705248,57.562862464785574,1.497564034536481,16491.860343933105,0.0,26.0,0.0,3.0,0.050000000000000044,0.44733516685664654,0.4427831685170531,0.015173316118307412
double_centered_full_action_dqn,802,599,85.02538097798825,83.43661211378873,29.731099411845207,55.29428165555,1.5406360002234578,17677.46060180664,0.0,26.0,0.0,2.0,0.050000000000000044,0.4201423693448305,0.4156963531859219,0.014820053707808256
