variant,model_seed,episode,cost,rolling_cost,immediate_cost,penalty,energy_use,latency_ms,thermal_violation,energy_violation,queue_violation,contact_violation,epsilon,loss,td_loss,auxiliary_loss
full_action_q_dqn,815,0,97.89726804196835,97.89726804196835,38.623650565743446,59.273617550730705,1.6570925740525126,21633.136432647705,0.0,26.0,0.0,0.0,0.9954761904761905,,,
full_action_q_dqn,815,1,180.83951796843448,139.36839300520143,48.004052981734276,132.83546489729326,1.9187739277258515,28396.246101379395,0.0,35.0,26.0,0.0,0.9909523809523809,2.2196788787841797,1.7161142826080322,1.6785483360290527
full_action_q_dqn,815,2,144.20558595387678,140.9807906547599,41.07882444560528,103.12676155297497,1.90252386033535,25147.86978149414,0.0,34.0,14.0,1.0,0.9864285714285714,1.9043912664055824,1.4688421487808228,1.4518302381038666
full_action_q_dqn,815,3,178.93643416507376,150.46970153233835,45.67025639116764,133.26617792291776,1.9289379669353366,27032.298278808594,0.0,38.0,23.0,0.0,0.981904761904762,1.9966737851500511,1.5400254651904106,1.5221609994769096
full_action_q_dqn,815,4,108.93245854377747,142.16225293462617,37.43957242369652,71.49288686513901,1.6963322022929788,21844.231384277344,0.0,30.0,0.0,1.0,0.9773809523809524,1.7930645644664764,1.3821228593587875,1.3698055446147919
full_action_q_dqn,815,5,175.79445438942832,147.76761984375986,42.31410575658083,133.48034863284752,1.8538210624828935,25682.207916259766,0.0,36.0,39.0,0.0,0.9728571428571429,1.5575320720672607,1.1995814815163612,1.193168617784977
full_action_q_dqn,815,6,125.89650476103441,144.64317483194193,39.19268549978733,86.70381945496219,1.7413451140746474,22938.423122406006,0.0,35.0,19.0,1.0,0.9683333333333334,1.325612686574459,1.0164278373122215,1.030616134405136
full_action_q_dqn,815,7,120.4359770566225,141.617275110027,41.94283889234066,78.49313834309578,1.7785807522013783,24245.12921142578,0.0,33.0,0.0,0.0,0.9638095238095238,1.253464214503765,0.9562687091529369,0.9906516261398792
full_action_q_dqn,815,8,143.1723670146643,141.79006309943117,44.111973732709885,99.0603936246811,1.8806585110723972,26279.127590179443,0.0,36.0,11.0,0.0,0.9592857142857143,1.1720984801650047,0.8954993337392807,0.9219971299171448
full_action_q_dqn,815,9,104.40521721541882,138.05157851102993,35.52539053559303,68.8798269033432,1.6811566920951009,21434.626983642578,0.0,29.0,0.0,1.0,0.9547619047619048,0.8966970779001713,0.6854868270456791,0.7040341533720493
full_action_q_dqn,815,10,197.17778599961335,143.42668828271934,40.29364676773548,156.88413924677903,1.9088046420365572,25205.490837097168,0.0,34.0,31.0,1.0,0.9502380952380952,0.7574705481529236,0.5811922885477543,0.587594173848629
full_action_q_dqn,815,11,146.0887601835236,143.64852760778635,40.9097003787756,105.17905976004452,1.8810673048719764,25437.520477294922,0.0,34.0,14.0,0.0,0.9457142857142857,0.6426213663071394,0.491531016305089,0.5036344695836306
full_action_q_dqn,815,12,121.00602053044148,141.90679629414444,41.713072061538696,79.29294867751904,1.7960822936147451,24168.287483215332,0.0,35.0,3.0,2.0,0.9411904761904761,0.48325187526643276,0.3696676418185234,0.37861409969627857
full_action_q_dqn,815,13,123.46815026582873,140.58975014926475,42.845527306199074,80.62262319804822,1.8199081532657146,24516.89315032959,0.0,34.0,7.0,1.0,0.9366666666666666,0.3959213122725487,0.3045750679448247,0.30448747891932726
full_action_q_dqn,815,14,154.1489604864029,141.49369750507395,43.62099119275808,110.52796883170882,1.9213632820174098,26514.370838165283,0.0,35.0,22.0,1.0,0.9321428571428572,0.3508974350988865,0.26938346214592457,0.2717132391408086
full_action_q_dqn,815,15,127.94883262338749,140.64714344996855,41.228566125035286,86.72026648345104,1.8037520125508308,23940.68483352661,0.0,35.0,9.0,0.0,0.9276190476190476,0.6711039394140244,0.5142819564789534,0.5227399216964841
full_action_q_dqn,815,16,158.79621913611334,141.71473613738885,37.96523459255695,120.8309844988529,1.7982755601406097,23437.656131744385,0.0,34.0,31.0,4.0,0.9230952380952381,0.7358823120594025,0.5662500206381083,0.5654409062117338
full_action_q_dqn,815,17,121.6596739679575,140.6005660168649,43.80246843397617,77.85720444619656,1.794590617530048,25166.30827331543,0.0,33.0,0.0,2.0,0.9185714285714286,0.4966602213680744,0.38207055255770683,0.38196556828916073
full_action_q_dqn,815,18,87.24827364087105,137.79255062865468,32.18434131145477,55.06393286585808,1.649252592585981,20073.96314239502,0.0,25.0,0.0,0.0,0.914047619047619,0.3993414659053087,0.3061608150601387,0.31060217693448067
full_action_q_dqn,815,19,119.6721460968256,136.88653040206322,37.951268404722214,81.72087824344635,1.7179138623178005,21978.539543151855,0.0,34.0,0.0,1.0,0.9095238095238095,0.34991634357720613,0.2682950710877776,0.27207090612500906
full_action_q_dqn,815,20,114.36755889058114,137.71004494449386,40.31292796880007,74.05463066101075,1.7059768196195364,22822.97260093689,0.0,32.0,0.0,1.0,0.905,0.31207494251430035,0.24014780204743147,0.2397571299225092
full_action_q_dqn,815,21,107.51977736651898,134.04405791439808,39.61208091676235,67.90769676268101,1.7199481204152107,22336.955730438232,0.0,30.0,0.0,3.0,0.9004761904761904,0.31133210845291615,0.23924344405531883,0.2402955312281847
full_action_q_dqn,815,22,105.9618426412344,132.13187074876595,35.170214995741844,70.79162764549255,1.6460470790043473,21027.88410949707,0.0,30.0,0.0,0.0,0.895952380952381,0.28249059338122606,0.21672634221613407,0.21921416465193033
full_action_q_dqn,815,23,124.05064096696198,129.38758108886037,42.308422803878784,81.74221846110642,1.7641119379550219,24550.571508407593,0.0,30.0,16.0,0.0,0.8914285714285715,0.7025522068142891,0.5393424527719617,0.5440324814990163
full_action_q_dqn,815,24,100.24836126863957,128.95337622510348,35.8694177120924,64.37894403338433,1.7058611325919628,21334.49877357483,0.0,28.0,0.0,1.0,0.8869047619047619,0.6134365275502205,0.47144863568246365,0.47329294867813587
full_action_q_dqn,815,25,120.02299942076206,126.16480347667016,39.03097562491894,80.99202410876751,1.6851011104881763,21749.812034606934,0.0,35.0,0.0,1.0,0.8823809523809524,0.4132972452789545,0.31838749162852764,0.3163658492267132
full_action_q_dqn,815,26,103.50260923802853,125.04510870051986,34.092369586229324,69.41023944318295,1.720052502118051,20788.673137664795,0.0,31.0,0.0,0.0,0.8778571428571429,0.39787182211875916,0.3059408664703369,0.3064365116879344
full_action_q_dqn,815,27,116.40846057236195,124.84373287630683,39.41645024716854,76.99201053380966,1.7228771466761827,22570.18980407715,0.0,32.0,0.0,0.0,0.8733333333333333,0.38395802211016417,0.29449235182255507,0.298218896612525
full_action_q_dqn,815,28,114.90927056968212,123.43057805405772,40.46664883196354,74.44262135028839,1.7630922179669142,23693.478759765625,0.0,32.0,0.0,1.0,0.8688095238095238,0.37646598368883133,0.29001844953745604,0.2881584484130144
full_action_q_dqn,815,29,115.32397272586823,123.9765158295802,43.46732723712921,71.8566458016634,1.7738595195114613,24673.655086517334,0.0,29.0,0.0,2.0,0.8642857142857143,0.4221928808838129,0.3250161102041602,0.32392256148159504
full_action_q_dqn,815,30,135.51089081168175,120.89317107018363,46.03429372608662,89.47659648954868,1.857962479814887,25726.93994140625,0.0,37.0,0.0,0.0,0.8597619047619047,0.3520483300089836,0.2701535727828741,0.27298252610489726
full_action_q_dqn,815,31,120.85207314789295,119.63133671840208,40.695381850004196,80.1566910147667,1.7365998476743698,23250.294116973877,0.0,33.0,0.0,0.0,0.8552380952380952,0.7295434568077326,0.5612822724506259,0.5608706194907427
full_action_q_dqn,815,32,118.59220745954525,119.51064606485727,38.04134067893028,80.5508671829463,1.770585902966559,22556.69477081299,0.0,32.0,12.0,0.0,0.8507142857142858,0.5955141317099333,0.45770917646586895,0.45934983156621456
full_action_q_dqn,815,33,115.44399392604828,119.10943824786825,37.307789757847786,78.13620400428772,1.8047312051057816,22727.298217773438,0.0,32.0,0.0,1.0,0.8461904761904762,0.4861384965479374,0.3724480550736189,0.37896810937672853
full_action_q_dqn,815,34,108.52114146947861,116.82804729702202,36.33170568943024,72.18943530321121,1.7154616201296449,21559.54613494873,0.0,29.0,0.0,2.0,0.8416666666666667,0.3782398458570242,0.29028772190213203,0.2931737331673503
full_action_q_dqn,815,35,130.67238459101384,116.96422489540336,36.16095891594887,94.51142527273362,1.790831715799868,22921.151649475098,0.0,32.0,22.0,0.0,0.8371428571428572,0.4854291547089815,0.37246614694595337,0.37654335983097553
full_action_q_dqn,815,36,116.85858961577493,114.86734341938643,38.26097817718983,78.59761139388162,1.8692296538501978,23767.044666290283,0.0,30.0,6.0,0.0,0.8326190476190476,0.4292934015393257,0.32806443702429533,0.33742986619472504
full_action_q_dqn,815,37,136.99582730161026,115.6341510860691,45.59206485748291,91.40376256333661,1.8748027300462127,25963.973609924316,0.0,37.0,10.0,0.0,0.8280952380952381,0.4004501476883888,0.3064211579039693,0.3134299600496888
full_action_q_dqn,815,38,120.7934598942044,117.31141039873576,41.727703392505646,79.06575639739063,1.801658152602613,24071.5262966156,0.0,34.0,2.0,1.0,0.8235714285714286,0.3567413641139865,0.27342716697603464,0.2777139777317643
full_action_q_dqn,815,39,123.36580729082779,117.49609345843585,42.55741663277149,80.80839022592262,1.81850282009691,24494.7067527771,0.0,34.0,7.0,1.0,0.819047619047619,0.6975038070231676,0.5364706702530384,0.5367771126329899
full_action_q_dqn,815,40,112.37021994590759,117.39622651120219,44.02370421588421,68.34651508927345,1.7570870704948902,24622.64764022827,0.0,29.0,0.0,0.0,0.8145238095238095,0.5363934673368931,0.4112258581444621,0.417225344106555
full_action_q_dqn,815,41,132.04448555385503,118.62246192056895,49.72377626597881,82.3207090941611,1.8742950772866607,28416.399620056152,0.0,33.0,7.0,1.0,0.81,0.5112081244587898,0.39127855794504285,0.39976522512733936
full_action_q_dqn,815,42,114.45697882771492,119.047218729893,37.113509222865105,77.34346893429756,1.7864012895151973,22562.88948059082,0.0,32.0,0.0,1.0,0.8054761904761905,0.42895381804555655,0.3284532530233264,0.33500187657773495
full_action_q_dqn,815,43,92.3758559525013,117.46347947916998,35.40657551586628,56.96928106248379,1.5434160130098462,19566.38346862793,0.0,26.0,0.0,0.0,0.800952380952381,0.4660624610260129,0.35614719334989786,0.3663842184469104
full_action_q_dqn,815,44,94.96705935299397,117.19941438338769,35.09940034151077,59.86765877306461,1.63542893063277,20524.111293792725,0.0,27.0,0.0,1.0,0.7964285714285715,0.44996174052357674,0.34489957243204117,0.35020720958709717
full_action_q_dqn,815,45,182.06026607027047,120.30127771586312,48.437005273997784,133.62326091548204,1.9386287266388535,27739.4029006958,0.0,37.0,26.0,1.0,0.7919047619047619,0.48849937692284584,0.3744089901447296,0.38030129112303257
full_action_q_dqn,815,46,118.09538900256157,121.03091670408978,42.59918446093798,75.49620478749276,1.8182543506845832,24960.034996032715,0.0,33.0,0.0,1.0,0.7873809523809524,0.5383604532107711,0.41324657294899225,0.4170462405309081
full_action_q_dqn,815,47,104.56286726295949,120.43863703861966,34.43762809038162,70.12523939609528,1.6615477921441197,20247.66920852661,0.0,31.0,0.0,1.0,0.7828571428571429,0.7110057044774294,0.545761177316308,0.55081507563591
full_action_q_dqn,815,48,111.39857918918133,120.26310246959463,39.5549782961607,71.84360134005547,1.677223957143724,22361.071800231934,0.0,32.0,0.0,1.0,0.7783333333333333,0.6307259164750576,0.48347217962145805,0.4908457566052675
full_action_q_dqn,815,49,112.53011964781062,120.12340981569173,37.886891797184944,74.64322737378852,1.768394255079329,22905.732566833496,0.0,32.0,2.0,1.0,0.7738095238095238,0.4965735152363777,0.379720157943666,0.38951115868985653
full_action_q_dqn,815,50,108.38961865018564,118.76734620761692,33.153437837958336,75.23618140827375,1.7826973926275969,21155.254035949707,0.0,31.0,2.0,1.0,0.7692857142857144,0.48075324669480324,0.3684376422315836,0.3743853298947215
full_action_q_dqn,815,51,122.63023647665977,118.85625437405527,40.82977904379368,81.80045792460442,1.725409034639597,23228.273288726807,0.0,35.0,0.0,0.0,0.7647619047619048,0.5122790904715657,0.3929949225857854,0.3976138858124614
full_action_q_dqn,815,52,128.86028552800417,119.3696582774782,44.67358296364546,84.18670324981213,1.8438792284578085,25356.94730758667,0.0,36.0,0.0,0.0,0.7602380952380953,0.507079160772264,0.3897856352850795,0.39097841270267963
full_action_q_dqn,815,53,118.59903088510036,119.5274101254308,39.80430616438389,78.79472412467003,1.7903790604323149,23188.553619384766,0.0,34.0,0.0,3.0,0.7557142857142858,0.47823131270706654,0.3662757482379675,0.37318522203713655
full_action_q_dqn,815,54,151.1644784844889,121.65957697618133,42.24971131235361,108.9147671721353,1.895502369850874,24977.692039489746,0.0,38.0,23.0,0.0,0.7511904761904762,0.6047282312065363,0.46444743126630783,0.46760266460478306
full_action_q_dqn,815,55,131.69776583524146,121.71084603839272,38.05046632885933,93.64729953618443,1.7633277317509055,22058.63712310791,0.0,38.0,18.0,1.0,0.7466666666666667,0.6184252146631479,0.4743700921535492,0.4801837354898453
full_action_q_dqn,815,56,113.33512756973505,121.53467293609071,38.64630275219679,74.68882477283478,1.7822283888235688,22719.03155517578,0.0,32.0,0.0,0.0,0.7421428571428572,0.5899645937606692,0.45293398573994637,0.45676868595182896
full_action_q_dqn,815,57,100.46528918445111,119.70814603023277,36.68647304177284,63.778816962242125,1.7298543453216553,21827.631143569946,0.0,28.0,0.0,1.0,0.7376190476190476,0.4869043668732047,0.3733949977904558,0.37836453691124916
full_action_q_dqn,815,58,120.64754360742491,119.70085021589378,42.65309565514326,77.99444771386307,1.8215822968631983,25435.136276245117,0.0,31.0,4.0,1.0,0.7330952380952381,0.666374284774065,0.5113632241263986,0.5167035162448883
full_action_q_dqn,815,59,113.43793608248234,119.20445665547649,34.416203916072845,79.02173200249672,1.7088367203250527,20541.01131439209,0.0,34.0,0.0,1.0,0.7285714285714286,0.6438309233635664,0.49385903030633926,0.4999063089489937
full_action_q_dqn,815,60,104.6833330988884,118.82011231312553,34.92483703792095,69.75849568843842,1.6317449109628797,20213.422868728638,0.0,32.0,0.0,2.0,0.724047619047619,0.5816258825361729,0.4460882879793644,0.45179193280637264
full_action_q_dqn,815,61,112.05190006792546,117.82048303882907,38.34592425823212,73.7059759438038,1.7335542012006044,22262.010341644287,0.0,31.0,0.0,1.0,0.7195238095238095,0.5613667564466596,0.43099051620811224,0.43458745535463095
full_action_q_dqn,815,62,118.35077125728131,118.0151726603074,40.10681314766407,78.24395779669285,1.7608682494610548,23467.730209350586,0.0,32.0,0.0,1.0,0.7150000000000001,0.6351371500641108,0.48769369814544916,0.49147816002368927
full_action_q_dqn,815,63,138.463311742239,120.31954544979426,42.295484989881516,96.16782547085758,1.9145301170647144,24729.201866149902,0.0,37.0,14.0,1.0,0.7104761904761905,0.6352150924503803,0.4877054737880826,0.49169871490448713
full_action_q_dqn,815,64,103.78377474799406,120.76038121954427,36.753883220255375,67.02989204927933,1.7196415606886148,22061.19054031372,0.0,30.0,9.0,1.0,0.7059523809523809,0.537580095231533,0.4121009260416031,0.41826387867331505
full_action_q_dqn,815,65,207.30515148355926,122.0226254902087,42.14315165579319,165.16199982776604,1.9673565598204732,25630.016109466553,0.0,41.0,45.0,1.0,0.7014285714285715,0.7484752610325813,0.574391670525074,0.5802786014974117
full_action_q_dqn,815,66,137.3646955596636,122.9860908180638,40.35303318500519,97.01166228525145,1.8093118015676737,23750.47097015381,0.0,34.0,16.0,1.0,0.6969047619047619,0.4149813558906317,0.3165419138967991,0.32813146337866783
full_action_q_dqn,815,67,126.81370270252228,124.09863259004196,45.27729785442352,81.5364046394825,1.8036770429462194,25668.37361907959,0.0,35.0,0.0,0.0,0.6923809523809523,0.6528175910934806,0.5021738298237324,0.5021458631381392
full_action_q_dqn,815,68,133.61239133402688,125.20932319728425,37.82270194590092,95.78968962654457,1.841943958774209,22775.831537246704,0.0,37.0,22.0,0.0,0.687857142857143,0.7246307171881199,0.5565965753048658,0.5601137652993202
full_action_q_dqn,815,69,116.22239204496145,125.39393681714178,37.93593276292086,78.28645975887775,1.7318807747215033,21912.727905273438,0.0,34.0,0.0,2.0,0.6833333333333333,0.6144099729135633,0.4714171476662159,0.4766427278518677
full_action_q_dqn,815,70,111.60645787417889,125.55477877834144,39.83020722866058,71.77625101804733,1.712498121894896,22380.668506622314,0.0,30.0,0.0,0.0,0.6788095238095238,0.715355072170496,0.5494577875360847,0.5529909348115325
full_action_q_dqn,815,71,101.95126234889031,124.52083007195297,35.941722601652145,66.00954016447068,1.6785208648070693,20708.20608139038,0.0,29.0,0.0,1.0,0.6742857142857144,0.7460742108523846,0.5719627412036061,0.5803715428337455
full_action_q_dqn,815,72,90.71399217098951,122.61351540410222,31.20433271676302,59.50965924561024,1.6438360353931785,19055.89497756958,0.0,26.0,0.0,0.0,0.6697619047619048,0.6977008320391178,0.5359241180121899,0.5392557010054588
full_action_q_dqn,815,73,119.05185674130917,122.63615669691266,39.76469984650612,79.28715716302395,1.7346828104928136,22545.853343963623,0.0,34.0,0.0,1.0,0.6652380952380952,0.8160831909626722,0.6261938959360123,0.6329642981290817
full_action_q_dqn,815,74,116.83411133289337,120.91963833933289,39.53116875886917,77.30294305086136,1.8260128255933523,23584.863019943237,0.0,31.0,0.0,0.0,0.6607142857142857,0.8537383805960417,0.6544424314051867,0.6643198039382696
full_action_q_dqn,815,75,119.11693932116032,120.29059701362883,40.32282876968384,78.79411044716835,1.7837789431214333,23291.673568725586,0.0,33.0,0.0,0.0,0.6561904761904762,0.7555427737534046,0.5808761287480593,0.5822221394628286
full_action_q_dqn,815,76,113.21521616876126,120.28460144358014,35.84446735680103,77.3707490503788,1.7074117474257946,20821.155181884766,0.0,33.0,0.0,1.0,0.6516666666666667,0.608077535405755,0.466787314042449,0.4709673775359988
full_action_q_dqn,815,77,114.09689892232419,120.96618193047382,39.22141405940056,74.87548493742943,1.7173322942107916,22084.92017364502,0.0,32.0,0.0,1.0,0.6471428571428571,0.639050567522645,0.4893253669142723,0.4990839585661888
full_action_q_dqn,815,78,109.6332835406065,120.41546892713288,38.48959229886532,71.14369142055511,1.7489092573523521,22669.62289428711,0.0,29.0,0.0,0.0,0.6426190476190476,0.578181117773056,0.4433382237330079,0.44947629421949387
full_action_q_dqn,815,79,121.07052686214448,120.797098466116,41.6542793661356,79.41624682545662,1.8168391454964876,24459.99446105957,0.0,33.0,0.0,4.0,0.6380952380952382,0.6538188513368368,0.5013069771230221,0.5083729028701782
full_action_q_dqn,815,80,88.85483531653881,120.00567357699849,28.61952444911003,60.23531022667885,1.4956892123445868,17004.198490142822,0.0,26.0,0.0,0.0,0.6335714285714286,0.7944763181731105,0.6098207961767912,0.6155183715745807
full_action_q_dqn,815,81,97.78235528618097,119.29219633791129,35.73045802861452,62.05189684033394,1.6806267062202096,20700.644464492798,0.0,26.0,0.0,0.0,0.6290476190476191,0.7360631516203284,0.56609598826617,0.5665571531280875
full_action_q_dqn,815,82,130.11210992204485,119.88026327114946,41.05079007148743,89.0613195525342,1.8276559552177787,24549.83498764038,0.0,37.0,10.0,1.0,0.6245238095238095,0.6666931491345167,0.5110094612464309,0.5189456027001143
full_action_q_dqn,815,83,88.25715539753438,117.36995545391423,32.82961742579937,55.42753844857216,1.554782722145319,18361.78960800171,0.0,26.0,0.0,1.0,0.62,0.6186210922896862,0.47393772285431623,0.4822778971865773
full_action_q_dqn,815,84,86.23848720639944,116.49269107683449,32.529900781810284,53.70858679711819,1.5805835267528892,19170.83257675171,0.0,24.0,0.0,0.0,0.6154761904761905,0.7479740846902132,0.573938325047493,0.5801191674545407
full_action_q_dqn,815,85,127.27696259319782,112.49128163231642,39.93767963349819,87.33928264677525,1.7861008187755942,22438.53476715088,0.0,36.0,0.0,0.0,0.6109523809523809,0.6273316852748394,0.47984965424984694,0.49160676449537277
full_action_q_dqn,815,86,109.25907890796661,111.0860007997316,38.296830505132675,70.96224843263626,1.693387315608561,21767.700645446777,0.0,32.0,0.0,2.0,0.6064285714285714,0.7429966256022453,0.5715158972889185,0.5716024115681648
full_action_q_dqn,815,87,114.33550504744053,110.46209091697749,38.40274849534035,75.93275665640832,1.686781344935298,21483.613967895508,0.0,34.0,0.0,1.0,0.6019047619047619,0.7363154357299209,0.5641920901834965,0.5737444562837481
full_action_q_dqn,815,88,93.89312470853329,108.47612758570281,31.191960886120796,62.70116407573223,1.5543033555150032,18062.105937957764,0.0,28.0,0.0,1.0,0.5973809523809523,0.6752841547131538,0.517536805011332,0.5258244937285781
full_action_q_dqn,815,89,101.19905630648137,107.72496079877881,37.98581163585186,63.21324464082718,1.7054824512451887,21503.50210571289,0.0,27.0,0.0,1.0,0.592857142857143,0.7045118995010853,0.5395082142204046,0.5500122364610434
full_action_q_dqn,815,90,107.94387659430504,107.54183173478513,35.15022002905607,72.7936560511589,1.6949236365035176,20260.41889190674,0.0,32.0,0.0,0.0,0.5883333333333334,0.7707584165036678,0.5911420546472073,0.5987211801111698
full_action_q_dqn,815,91,108.60086143016815,107.874311688849,38.1129397675395,70.48792232573032,1.7124643726274371,21757.253829956055,0.0,31.0,0.0,0.0,0.5838095238095238,0.7098883613944054,0.5450513372197747,0.5494567072018981
full_action_q_dqn,815,92,123.14959243834019,109.49609170221655,37.71630936861038,85.43328320384026,1.7795339720323682,21995.54221343994,0.0,36.0,0.0,2.0,0.5792857142857144,0.645408134907484,0.4954522242769599,0.49985303450375795
full_action_q_dqn,815,93,95.77324317395687,108.33216102384893,31.80402299761772,63.9692200422287,1.6646103719249368,19256.949333190918,0.0,28.0,0.0,0.0,0.5747619047619048,0.7705706562846899,0.5916648590937257,0.5963526461273432
full_action_q_dqn,815,94,125.06265423446894,108.7435881689277,41.686515621840954,83.37613882124424,1.7673967331647873,23282.13501739502,0.0,36.0,0.0,1.0,0.5702380952380952,0.6521472781896591,0.49939580261707306,0.5091715781018138
full_action_q_dqn,815,95,115.10352639853954,108.54291752279667,39.577018573880196,75.52650821208954,1.6846475508064032,22187.81202697754,0.0,32.0,0.0,0.0,0.5657142857142857,0.7525992058217525,0.5750750806182623,0.591747073456645
full_action_q_dqn,815,96,114.62707092016936,108.61351026036706,37.32290979474783,77.30416105091572,1.7341099418699741,21776.861003875732,0.0,31.0,0.0,1.0,0.5611904761904762,0.7730051418766379,0.5921046119183302,0.6030017342418432
full_action_q_dqn,815,97,123.55674170255661,109.0865023993787,39.676862731575966,83.87987895607948,1.8003048906102777,23100.888080596924,0.0,35.0,0.0,2.0,0.5566666666666666,0.6690826155245304,0.51277862675488,0.5210132589563727
full_action_q_dqn,815,98,105.15255705416203,108.86246607505647,35.22540332376957,69.92715377509595,1.6868846826255322,20269.483127593994,0.0,30.0,0.0,1.0,0.5521428571428572,0.7369824359193444,0.5644786404445767,0.5750126205384731
full_action_q_dqn,815,99,110.46485673636198,108.33218256876732,37.683042615652084,72.78181391954422,1.711275258101523,21153.045234680176,0.0,32.0,0.0,0.0,0.5476190476190477,0.614445854909718,0.47223178297281265,0.47404689714312553
full_action_q_dqn,815,100,126.71658939421177,110.225270272651,37.386351972818375,89.33023725748062,1.7666849065572023,21477.81818008423,0.0,37.0,0.0,3.0,0.5430952380952381,0.7676687575876713,0.5885201171040535,0.5971621032804251
full_action_q_dqn,815,101,117.30268606692553,111.20128681168823,39.096633933484554,78.20605190992356,1.7640766939148307,22429.64566040039,0.0,33.0,0.0,1.0,0.5385714285714286,0.7277549607679248,0.5580599177628756,0.565650125965476
full_action_q_dqn,815,102,102.3267353773117,109.81201808445155,36.08565454185009,66.24108062684536,1.6652238294482231,20494.220291137695,0.0,29.0,0.0,0.0,0.5340476190476191,0.7701613809913397,0.5901957880705595,0.5998852662742138
full_action_q_dqn,815,103,116.05195839703083,111.20175823442636,41.90537476539612,74.14658400416374,1.771996815688908,23721.783611297607,0.0,33.0,0.0,0.0,0.5295238095238095,0.6696481378749013,0.5136049259454012,0.5201440313830972
full_action_q_dqn,815,104,97.89312935769559,111.78449034199119,34.44957186281681,63.443557226657866,1.6432397617027164,19828.68529510498,0.0,27.0,0.0,1.0,0.525,0.5618567252531648,0.4290755223482847,0.4426040109246969
full_action_q_dqn,815,105,106.01019280552865,110.72115185260773,38.27787272632122,67.73232061564923,1.680248892866075,21697.296615600586,0.0,30.0,0.0,2.0,0.5204761904761905,0.7339446358382702,0.5625780476257205,0.5712219681590796
full_action_q_dqn,815,106,116.21233263015748,111.06881453871729,38.70270557701588,77.50962735116482,1.7636058181524277,22674.016174316406,0.0,32.0,0.0,1.0,0.5159523809523809,0.7583969160914421,0.5811012871563435,0.590985412709415
full_action_q_dqn,815,107,121.75835330188275,111.4399569514394,38.96233280003071,82.7960199058056,1.7913775816559792,22829.818746566772,0.0,34.0,0.0,1.0,0.5114285714285716,0.636910630390048,0.4879367146641016,0.4965797122567892
full_action_q_dqn,815,108,95.6103298008442,111.52581720605494,31.925731763243675,63.684597620368,1.5700129671022296,18333.349235534668,0.0,30.0,0.0,1.0,0.506904761904762,0.553890130482614,0.42380932345986366,0.43360269255936146
full_action_q_dqn,815,109,111.68290987610817,112.05000988453628,38.97444422543049,72.70846557617188,1.7283121198415756,22587.473892211914,0.0,31.0,0.0,2.0,0.5023809523809524,0.8216043952852488,0.6312698870897293,0.6344483215361834
full_action_q_dqn,815,110,80.0372213870287,110.65467712417244,30.291996620595455,49.745224714279175,1.4786151787266135,17042.230491638184,0.0,22.0,0.0,0.0,0.4978571428571429,0.8179869502782822,0.6275780294090509,0.6346963820978999
full_action_q_dqn,815,111,116.83048852682114,111.06615847900511,37.427598744630814,79.40288924574853,1.7521569868549705,21973.08150100708,0.0,34.0,0.0,2.0,0.4933333333333334,0.7588020525872707,0.5820372952148318,0.5892158625647426
full_action_q_dqn,815,112,117.66837464272976,110.7920975892246,39.417568035423756,78.25080752372742,1.7208509463816881,22163.873992919922,0.0,33.0,0.0,1.0,0.4888095238095238,0.7192026078701019,0.5517533645033836,0.5581641253083944
full_action_q_dqn,815,113,114.76156015694141,111.74151343837381,39.84375797212124,74.91780298948288,1.732646026648581,22252.025024414062,0.0,32.0,0.0,0.0,0.4842857142857143,0.6852312572300434,0.5252270866185427,0.5333472527563572
full_action_q_dqn,815,114,96.5211240798235,110.31443693064152,34.862370654940605,61.658753991127014,1.644210253842175,20115.038066864014,0.0,27.0,0.0,0.0,0.4797619047619047,0.7884062100201845,0.6039339024573565,0.614907686598599
full_action_q_dqn,815,115,111.44667924940586,110.13159457318484,36.323427483439445,75.12325158715248,1.733725999481976,21357.708993911743,0.0,32.0,0.0,0.0,0.47523809523809524,0.7900335732847452,0.6056225504726171,0.614703357219696
full_action_q_dqn,815,116,115.4264627546072,110.17156416490675,36.77710920572281,78.64935338497162,1.7543753255158663,21460.89023208618,0.0,34.0,0.0,0.0,0.47071428571428575,0.7595059871673584,0.5813012076541781,0.5940159214660525
full_action_q_dqn,815,117,103.52829335033894,109.17014174729586,35.12855702638626,68.39973620474339,1.5803535915911198,19153.351306915283,0.0,29.0,0.0,1.0,0.46619047619047627,0.899606866762042,0.6893407311290503,0.7008870597928762
full_action_q_dqn,815,118,93.60716336369515,108.59287206277251,35.088748678565025,58.51841449141502,1.6332718469202518,20385.393363952637,0.0,26.0,0.0,1.0,0.46166666666666667,0.736213999800384,0.5647389236837626,0.5715835588052869
full_action_q_dqn,815,119,87.19717852920294,107.42948815241456,27.8464350476861,59.350742974877356,1.5185624789446592,16260.069780349731,0.0,29.0,0.0,2.0,0.4571428571428572,0.7499983171001077,0.5754785677418113,0.5817324798554182
full_action_q_dqn,815,120,89.561842225492,105.5717507939786,31.16279276460409,58.39904923737049,1.5924901273101568,18730.259790420532,0.0,25.0,0.0,0.0,0.4526190476190477,0.8750402648001909,0.6696751778945327,0.6845502825453877
full_action_q_dqn,815,121,105.11211476624013,104.96222222894433,36.50515626370907,68.60695826411248,1.71855756547302,20710.835514068604,0.0,31.0,0.0,1.0,0.4480952380952381,0.7203425224870443,0.5531195253133774,0.5574099635705352
full_action_q_dqn,815,122,103.86909465491772,105.0393401928246,35.373093850910664,68.49600064754486,1.6767710195854306,20496.1089553833,0.0,32.0,0.0,0.0,0.4435714285714286,0.5813188990578055,0.44625908229500055,0.45019937958568335
full_action_q_dqn,815,123,104.56021666526794,104.46475310623646,34.25771898031235,70.3024977594614,1.6715258825570345,19258.12200164795,0.0,32.0,0.0,0.0,0.439047619047619,0.674489863216877,0.5171945905312896,0.5243175309151411
full_action_q_dqn,815,124,97.46977714002132,104.44358549535275,33.61709749698639,63.85267909169197,1.601973949931562,19269.993713378906,0.0,28.0,0.0,2.0,0.43452380952380953,0.6935315281152725,0.5317738680168986,0.5391921941190958
full_action_q_dqn,815,125,98.40137922167779,104.0631448161602,33.71884110569954,64.68253857791424,1.6036435402929783,19204.25030517578,0.0,28.0,0.0,1.0,0.43000000000000005,0.7441577520221472,0.5714374836534262,0.5757342167198658
full_action_q_dqn,815,126,119.49588040411473,104.22732220485807,38.19727045297623,81.29861029386521,1.7687390642240644,22279.383377075195,0.0,34.0,0.0,2.0,0.42547619047619056,0.8399988850578666,0.6443759212270379,0.6520764762535691
full_action_q_dqn,815,127,132.23622412383557,104.7512157459557,39.318601086735725,92.91762282848359,1.883534176275134,23113.878231048584,0.0,38.0,0.0,3.0,0.42095238095238097,0.7068275101482868,0.5408700415864587,0.553191527724266
full_action_q_dqn,815,128,113.03034546971321,105.62221652939918,35.53967101871967,77.49067416787148,1.6745548537001014,20375.614875793457,0.0,33.0,0.0,0.0,0.41642857142857137,0.6693309545516968,0.5130532523617148,0.5209256252273917
full_action_q_dqn,815,129,112.01823717355728,105.6389828942716,36.32430574297905,75.69393147528172,1.7258052956312895,20701.98377609253,0.0,33.0,0.0,0.0,0.4119047619047619,0.732013669796288,0.5610619699582458,0.5698389690369368
full_action_q_dqn,815,130,92.88246832042933,106.28124524094164,33.72372756153345,59.15873992443085,1.6415322413668036,19742.021697998047,0.0,27.0,0.0,0.0,0.4073809523809524,0.9290690999478102,0.712280148640275,0.7226298339664936
full_action_q_dqn,815,131,108.59850023686886,105.86964582644403,37.03820659220219,71.56029295921326,1.6642506932839751,20434.10302734375,0.0,29.0,0.0,0.0,0.4028571428571429,0.7337959464639425,0.5630205608904362,0.5692512514069676
full_action_q_dqn,815,132,100.17595261335373,104.99502472497525,34.75433173030615,65.42162138223648,1.6394704962149262,19692.970064163208,0.0,29.0,0.0,1.0,0.39833333333333343,0.6793718906119466,0.5200366824865341,0.5311173154041171
full_action_q_dqn,815,133,108.78089001774788,104.69599121801555,34.762914940714836,74.01797491312027,1.6425664694979787,19851.447143554688,0.0,32.0,0.0,0.0,0.39380952380952383,0.7900636903941631,0.6049659950658679,0.6169922966510057
full_action_q_dqn,815,134,102.5876087397337,104.99931545101109,33.8446823656559,68.74292704463005,1.638513257727027,19243.981510162354,0.0,32.0,0.0,1.0,0.38928571428571423,0.7799555398523808,0.5985351884737611,0.6047344505786896
full_action_q_dqn,815,135,103.1074395865202,104.58235346786678,36.26753830909729,66.83990135192872,1.681350665166974,20503.41738510132,0.0,30.0,0.0,2.0,0.38476190476190475,0.8131111580878496,0.6229755999520421,0.6337851267307997
full_action_q_dqn,815,136,102.17573364078999,103.91981701217591,35.784630969166756,66.391102835536,1.637573310174048,20482.583198547363,0.0,29.0,0.0,0.0,0.38023809523809526,0.7693089116364717,0.5900995582342148,0.5973644843325019
full_action_q_dqn,815,137,124.50485117137433,104.96864490322768,40.84935373067856,83.65549729168416,1.8524083010852337,23658.5316696167,0.0,34.0,0.0,2.0,0.3757142857142858,0.8547481000423431,0.6551062874495983,0.6654726881533861
full_action_q_dqn,815,138,96.28039164245129,105.10230631716551,35.393439032137394,60.88695269227028,1.6165734166279435,19916.640628814697,0.0,27.0,0.0,1.0,0.3711904761904763,0.843624372035265,0.6480554547160864,0.651896352879703
full_action_q_dqn,815,139,85.00826622545719,104.99286070197823,30.533233791589737,54.475032314658165,1.5352107724174857,17331.70023727417,0.0,25.0,0.0,0.0,0.3666666666666667,0.7678684620186687,0.5888494234532118,0.5967301176860929
full_action_q_dqn,815,140,89.32343581467867,104.98094038143756,30.780219681560993,58.54321582019329,1.535184197127819,16888.38352203369,0.0,26.0,0.0,2.0,0.3621428571428572,0.6846399707719684,0.5252185873687267,0.5314046060666442
full_action_q_dqn,815,141,94.20310103297234,104.43548969477418,33.88594031333923,60.31716021299362,1.5735927810892463,19388.38977432251,0.0,28.0,0.0,1.0,0.3576190476190476,0.846043617464602,0.6478908229619265,0.6605092994868755
full_action_q_dqn,815,142,99.4177555963397,104.21292274184525,34.060004003345966,65.3577518761158,1.6548842713236809,19554.49090194702,0.0,29.0,0.0,0.0,0.35309523809523813,0.9049669839441776,0.6933182002976537,0.7054959209635854
full_action_q_dqn,815,143,96.21302197873592,103.79556300751865,33.803128093481064,62.40989375114441,1.6066024182364345,19312.10865020752,0.0,27.0,0.0,2.0,0.34857142857142864,0.7772334078326821,0.5952894976362586,0.6064796736463904
full_action_q_dqn,815,144,102.5310481876135,104.04862655989828,35.303321465849876,67.22772625982762,1.6960334489122033,20302.046237945557,0.0,29.0,0.0,1.0,0.34404761904761905,0.9584741778671741,0.73342389985919,0.7501675449311733
full_action_q_dqn,815,145,108.71744561195374,104.56442987941207,36.928154438734055,71.78929069638252,1.655398047529161,20508.024082183838,0.0,32.0,0.0,0.0,0.33952380952380956,0.92844501696527,0.7105982676148415,0.7261558026075363
full_action_q_dqn,815,146,96.55843500196934,103.4175576093048,34.52627740800381,62.03215726613998,1.6191085167229176,19473.844394683838,0.0,28.0,0.0,1.0,0.3350000000000001,0.799417638219893,0.6133200777694583,0.6203251527622342
full_action_q_dqn,815,147,120.5435649305582,102.83292464964093,39.406220480799675,81.13734409213066,1.7332648821175098,21775.63112258911,0.0,33.0,0.0,0.0,0.3304761904761905,0.7284565037116408,0.55786173325032,0.5686492379754782
full_action_q_dqn,815,148,99.55456388294697,102.15913557030261,35.788613602519035,63.76594962477684,1.6455038888379931,19927.07367706299,0.0,27.0,0.0,2.0,0.325952380952381,0.7045296085998416,0.5392597569152713,0.5508994925767183
full_action_q_dqn,815,149,107.16804032027721,101.9166257276386,38.28240407258272,68.88563634455204,1.68991925008595,21455.42426300049,0.0,29.0,0.0,0.0,0.3214285714285714,0.7832448948174715,0.598858805373311,0.6146202813833952
full_action_q_dqn,815,150,107.65880866348743,102.6554427447915,35.9874954149127,71.67131325602531,1.659619852900505,20133.354343414307,0.0,31.0,0.0,0.0,0.3169047619047619,0.7025174321606755,0.5372839840129018,0.5507781328633428
full_action_q_dqn,815,151,114.84470565617085,102.96775301575663,41.543061420321465,73.30164384841919,1.7956168102100492,23177.990741729736,0.0,32.0,0.0,1.0,0.3123809523809524,0.713074772618711,0.546779340133071,0.5543180936947465
full_action_q_dqn,815,152,111.87248586118221,103.55257967814805,37.445065036416054,74.42742095887661,1.7052371837198734,21034.20810699463,0.0,32.0,0.0,0.0,0.30785714285714294,0.6955184983089566,0.5323045644909143,0.5440463973209262
full_action_q_dqn,815,153,82.93673786520958,102.26037207052113,32.866938829422,50.06979939341545,1.563660467043519,18505.29298400879,0.0,24.0,0.0,0.0,0.30333333333333345,0.8148969328030944,0.6252384623512626,0.6321948645636439
full_action_q_dqn,815,154,111.9261831343174,102.7273007902503,35.471898168325424,76.45428489148617,1.6559249581769109,19793.614826202393,0.0,33.0,0.0,0.0,0.29880952380952375,0.7819218328222632,0.5986796282231808,0.6108073517680168
full_action_q_dqn,815,155,107.00909411907196,102.92238351687789,36.31626407802105,70.69282937049866,1.7162963263690472,20747.75651550293,0.0,31.0,0.0,0.0,0.29428571428571426,0.8478878699243069,0.6497550280764699,0.6604427620768547
full_action_q_dqn,815,156,85.9957375600934,102.11338371284306,30.470029912889004,55.525708094239235,1.5639711590483785,17394.451934814453,0.0,26.0,0.0,1.0,0.2897619047619048,0.8718264913186431,0.6682000467553735,0.6787547850981355
full_action_q_dqn,815,157,97.35118734240532,100.75570052139463,32.84865874052048,64.50252869129181,1.581178244203329,18273.22975921631,0.0,29.0,0.0,3.0,0.2852380952380953,0.7261441256850958,0.5562953799962997,0.5661624521017075
full_action_q_dqn,815,158,98.25273740291595,100.85431780941784,34.67047553509474,63.58226189017296,1.627383484505117,19635.50813293457,0.0,29.0,0.0,0.0,0.2807142857142858,0.7185939382761717,0.5497719123959541,0.5627400558441877
full_action_q_dqn,815,159,113.32635086774826,102.2702220415324,36.962874218821526,76.36347644031048,1.779693379998207,21937.076347351074,0.0,31.0,0.0,0.0,0.2761904761904763,1.0012209378182888,0.7689134338870645,0.7743583172559738
full_action_q_dqn,815,160,121.10074535012245,103.85908751830459,36.04257445782423,85.05817008018494,1.7719789491966367,20659.139762878418,0.0,35.0,0.0,1.0,0.2716666666666666,0.9391584936529398,0.7189992414787412,0.7338641658425331
full_action_q_dqn,815,161,90.80888533890247,103.68937673360111,33.405377849936485,57.40350739955902,1.69800962228328,19675.247367858887,0.0,26.0,0.0,2.0,0.2671428571428571,0.7909800074994564,0.6058992752805352,0.616935733705759
full_action_q_dqn,815,162,86.71175311654807,103.0540766096115,31.005104072391987,55.706649178266524,1.5681307818740606,17864.19322013855,0.0,25.0,0.0,1.0,0.26261904761904764,0.7530215252190828,0.5773156527429819,0.5856861853972077
full_action_q_dqn,815,163,87.90725194811822,102.63878810808062,33.20737613737583,54.69987612366676,1.6344249388203025,19220.50305557251,0.0,25.0,0.0,2.0,0.25809523809523816,0.8874854827299714,0.6810278985649347,0.6881919093430042
full_action_q_dqn,815,164,79.70917901396751,101.49769464939833,28.063775971531868,51.64540268480778,1.4803606029599905,16210.300899505615,0.0,24.0,0.0,1.0,0.25357142857142867,0.7598275523632765,0.5820954125374556,0.5924404338002205
full_action_q_dqn,815,165,120.29100266098976,102.07637250185014,39.72106732428074,80.56993559002876,1.7843912858515978,22691.61053466797,0.0,33.0,0.0,0.0,0.24904761904761907,0.9072322687134147,0.6955385692417622,0.7056456040591002
full_action_q_dqn,815,166,95.0774444282055,102.00232297316195,34.32190418243408,60.75554008185863,1.6104241563007236,19470.393627166748,0.0,27.0,0.0,1.0,0.2445238095238096,0.6424701316282153,0.4936204645782709,0.4961655307561159
full_action_q_dqn,815,167,97.96663261204958,100.87347635723651,32.31577478349209,65.65085756778717,1.6388710914179683,18530.173374176025,0.0,30.0,0.0,0.0,0.24,0.8785718809813261,0.6729854941368103,0.6852879356592894
full_action_q_dqn,815,168,118.8498771429062,101.83824202023447,39.594935178756714,79.25494145751,1.7440426414832473,22340.665084838867,0.0,33.0,0.0,1.0,0.2354761904761905,0.9309880957007408,0.713841269724071,0.7238227520138025
full_action_q_dqn,815,169,96.94043100774289,101.32686155460776,32.958911284804344,63.981519082188605,1.6478700013831258,18790.62345123291,0.0,29.0,0.0,3.0,0.23095238095238102,0.7582787647843361,0.5803430713713169,0.5931189665570855
full_action_q_dqn,815,170,97.73687418103218,100.830764830485,32.25239557027817,65.48447782099247,1.675569886341691,19039.70390701294,0.0,30.0,0.0,3.0,0.22642857142857142,0.9025075733661652,0.6919606868177652,0.7018229775130749
full_action_q_dqn,815,171,97.89077563881874,99.9830683296174,32.476665914058685,65.41411061882972,1.5941541753709316,18551.298191070557,0.0,29.0,0.0,2.0,0.22190476190476194,0.9941918216645718,0.7632124135270715,0.7699313433840871
full_action_q_dqn,815,172,94.31155689805746,99.10502188146116,32.25487609952688,62.056680560112,1.6184596829116344,18774.746717453003,0.0,27.0,0.0,0.0,0.21738095238095245,0.7745132651180029,0.5925690224394202,0.6064807483926415
full_action_q_dqn,815,173,92.77176223695278,99.5967731000483,29.3525285795331,63.41923391819,1.549014151096344,16626.634189605713,0.0,29.0,0.0,1.0,0.21285714285714286,0.7335596838966012,0.5620136773213744,0.5718200020492077
full_action_q_dqn,815,174,102.14604299515486,99.10776609309018,32.93965845555067,69.20638491213322,1.6509386878460646,18726.58230781555,0.0,31.0,0.0,1.0,0.20833333333333337,0.834641769528389,0.639644899405539,0.649989539757371
full_action_q_dqn,815,175,88.40496189892292,98.17755948208273,31.228389769792557,57.1765718460083,1.5650798128917813,17654.47643661499,0.0,26.0,0.0,0.0,0.20380952380952377,0.6695107081905007,0.5125488275662065,0.5232062507420778
full_action_q_dqn,815,176,105.36690161377192,99.14611768476665,36.75155348330736,68.61534833908081,1.712170772254467,20819.481143951416,0.0,29.0,0.0,0.0,0.1992857142857143,0.708678581751883,0.5434312047436833,0.5508245602250099
full_action_q_dqn,815,177,87.56379481554032,98.6567480584234,30.791990973055363,56.771804162859915,1.4879452483728528,16586.553022384644,0.0,27.0,0.0,1.0,0.1947619047619048,0.6807021182030439,0.5215269308537245,0.5305839432403445
full_action_q_dqn,815,178,87.21855365633965,98.10503887109459,29.79400524497032,57.42454786002636,1.5668479595333338,17540.935272216797,0.0,26.0,0.0,1.0,0.19023809523809532,1.0194152956828475,0.7816652907058597,0.7924999771639705
full_action_q_dqn,815,179,90.74663111120462,96.97605288326741,33.62076088041067,57.12587100565433,1.5814455933868885,18710.842948913574,0.0,27.0,0.0,2.0,0.18571428571428583,0.794839539565146,0.609826510772109,0.6167100965976715
full_action_q_dqn,815,180,87.16437893360853,95.2792345624417,31.028246350586414,56.1361328959465,1.574026444926858,17605.035835266113,0.0,25.0,0.0,1.0,0.18119047619047624,0.891487249173224,0.6829615440219641,0.6950856363400817
full_action_q_dqn,815,181,78.2739884108305,94.6524897160381,28.914101257920265,49.359887048602104,1.4685522699728608,15937.592094421387,0.0,24.0,0.0,1.0,0.17666666666666664,0.8129669930785894,0.6218814682215452,0.6369517249986529
full_action_q_dqn,815,182,90.17130324393511,94.82546722240747,30.286534138023853,59.88476904630661,1.580434499308467,17639.86773300171,0.0,28.0,0.0,2.0,0.17214285714285715,0.8266367958858609,0.633791702799499,0.6428169403225183
full_action_q_dqn,815,183,110.63531468808651,95.96187035940588,33.011259123682976,77.62405502796173,1.6499457396566868,18726.128021240234,0.0,34.0,0.0,0.0,0.16761904761904767,0.8220328949391842,0.6301200976595283,0.6397093525156379
full_action_q_dqn,815,184,93.19803057014943,96.63631293721498,30.80640099942684,62.39162968993187,1.5697135794907808,17589.726985931396,0.0,29.0,0.0,1.0,0.16309523809523818,0.731576094403863,0.5613006558269262,0.5675847735255957
full_action_q_dqn,815,185,99.10658253729343,95.57709193103017,33.37649213522673,65.73009054362774,1.6451813811436296,18838.520011901855,0.0,30.0,0.0,0.0,0.1585714285714287,0.8353706914931536,0.641343018040061,0.6467589307576418
full_action_q_dqn,815,186,86.1347287222743,95.1299561457336,29.38472706824541,56.75000147521496,1.5506049394607544,17040.07657623291,0.0,25.0,0.0,0.0,0.1540476190476191,0.726404283195734,0.5564427515491843,0.5665384093299508
full_action_q_dqn,815,187,93.67941507995128,94.91559526912869,31.503444612026215,62.17597046792507,1.593553070910275,17982.161464691162,0.0,27.0,0.0,3.0,0.1495238095238095,0.9167061671614647,0.7017762307077646,0.7164330761879683
full_action_q_dqn,815,188,82.67980898171663,93.10709186106921,30.91702777892351,51.76278135180473,1.5250638332217932,17433.670742034912,0.0,23.0,0.0,0.0,0.14500000000000002,0.8366419319063425,0.6404032111167908,0.6541290301829576
full_action_q_dqn,815,189,103.83118200302124,93.45162941083312,34.901494197547436,68.92968764901161,1.6107405601069331,19449.139471054077,0.0,30.0,0.0,1.0,0.14047619047619053,0.7902510352432728,0.6056056590750813,0.6154845710843801
full_action_q_dqn,815,190,82.05719205737114,92.66764530465007,28.127021342515945,53.93017101287842,1.5090818163007498,16228.777194976807,0.0,25.0,0.0,0.0,0.13595238095238105,0.8936560088768601,0.6849230695515871,0.6957764253020287
full_action_q_dqn,815,191,78.77490495443344,91.7118517704308,28.804342851042747,49.97056235671043,1.4992987308651209,16605.77843093872,0.0,23.0,0.0,2.0,0.13142857142857145,0.9058888452127576,0.6953973826020956,0.7016381667926908
full_action_q_dqn,815,192,96.30241162478924,91.8113945067674,30.867061883211136,65.43535000979901,1.5669063348323107,17293.251174926758,0.0,30.0,0.0,1.0,0.12690476190476196,1.0376650784164667,0.7949240989983082,0.8091365825384855
full_action_q_dqn,815,193,99.02526287138463,92.124069538489,35.25639419257641,63.76886882781982,1.6317187566310167,19491.346351623535,0.0,29.0,0.0,1.0,0.12238095238095237,0.9565675295889378,0.7343263821676373,0.7408037912100554
full_action_q_dqn,815,194,71.12481796741486,90.573008287102,26.493789806962013,44.631028428673744,1.474980884231627,15458.388614654541,0.0,21.0,0.0,0.0,0.11785714285714288,0.7877876712009311,0.6041099056601524,0.6122591514140368
full_action_q_dqn,815,195,68.16202392429113,89.5608613883704,25.380526050925255,42.78149771690369,1.3849129546433687,14081.49238204956,0.0,21.0,0.0,0.0,0.1133333333333334,0.6280761305242777,0.4808151163160801,0.49087002128362656
full_action_q_dqn,815,196,76.00469169318676,88.09275089234114,30.035086452960968,45.969605195522306,1.500698532909155,16390.588535308838,0.0,22.0,0.0,2.0,0.1088095238095238,0.6664487225934863,0.5092851929366589,0.5238784179091454
full_action_q_dqn,815,197,92.71242156028748,88.35018222957851,28.079315423965454,64.63310595750809,1.5445081666111946,16243.30417251587,0.0,28.0,0.0,1.0,0.10428571428571431,0.5858909301459789,0.4488438842818141,0.4568234598264098
full_action_q_dqn,815,198,87.2740049213171,88.35295479282738,29.45049177110195,57.823513105511665,1.5261080991476774,16589.627841949463,0.0,27.0,0.0,3.0,0.09976190476190483,0.8074284428730607,0.6182880932465196,0.6304678032174706
full_action_q_dqn,815,199,87.59727676212788,88.19548707537353,29.867750212550163,57.72952662408352,1.5353767266497016,16975.93527984619,0.0,27.0,0.0,1.0,0.09523809523809534,0.8451316589489579,0.6465747142210603,0.661856441758573
full_action_q_dqn,815,200,103.83078315854073,89.02880728662015,33.86909398436546,69.96168957650661,1.6366298953071237,18736.35710144043,0.0,30.0,0.0,1.0,0.09071428571428575,0.8301654439419508,0.6368818553164601,0.6442786082625389
full_action_q_dqn,815,201,77.96320999860764,89.013268366009,26.145791113376617,51.81741890013218,1.4315185733139515,14747.331741333008,0.0,24.0,0.0,3.0,0.08619047619047626,0.7591257831081748,0.581259529106319,0.5928874686360359
full_action_q_dqn,815,202,88.75235299170018,88.94232085339726,28.96924090385437,59.78311219215393,1.51452178042382,16145.788516998291,0.0,28.0,0.0,2.0,0.08166666666666667,0.7493471261113882,0.5735907088965178,0.5858547454699874
full_action_q_dqn,815,203,83.90227845311165,87.60566904164851,31.165513813495636,52.73676456511021,1.5523684741929173,17479.51156616211,0.0,25.0,0.0,0.0,0.07714285714285718,0.6624574428424239,0.5069002946838737,0.5185237955302
full_action_q_dqn,815,204,94.02261917293072,87.64689847178758,30.83805313706398,63.184566617012024,1.5778430439531803,17610.610763549805,0.0,29.0,0.0,0.0,0.0726190476190477,0.7953529115766287,0.6092849159613252,0.6202266402542591
full_action_q_dqn,815,205,80.69794169217349,86.72646642953158,28.27767165750265,52.42027007937431,1.549801567569375,16540.50205230713,0.0,24.0,0.0,2.0,0.06809523809523821,0.7558806277811527,0.5792879182845354,0.5886423280462623
full_action_q_dqn,815,206,83.42681407630444,86.59107069723309,26.262676924467087,57.164137673377994,1.4705191813409328,14961.905614852905,0.0,26.0,0.0,3.0,0.06357142857142861,0.8060960844159126,0.6170957125723362,0.630001182667911
full_action_q_dqn,815,207,75.94496551156044,85.70434821881355,26.688442692160606,49.2565226405859,1.473618051968515,15381.669326782227,0.0,24.0,0.0,0.0,0.059047619047619015,0.6941666742786765,0.5317314034327865,0.5414508953690529
full_action_q_dqn,815,208,80.61177903711796,85.60094672158361,29.897063560783863,50.71471508145332,1.5277806418016553,17205.612058639526,0.0,25.0,0.0,3.0,0.05452380952380953,0.8769470620900393,0.6719985865056515,0.6831615706905723
full_action_q_dqn,815,209,95.5400020197034,85.18638772241772,33.28700705617666,62.25299475491047,1.6398777598515153,19209.484573364258,0.0,27.0,0.0,1.0,0.050000000000000044,0.7420725552365184,0.5686877714470029,0.5779492594301701
full_action_q_dqn,815,210,96.85627991855145,85.92634211547673,32.3023649007082,64.55391486883164,1.5710889343172312,17770.871417999268,0.0,29.0,0.0,1.0,0.050000000000000044,0.7293144855648279,0.5586928408592939,0.5687388060614467
full_action_q_dqn,815,211,85.55728637576104,86.2654611865431,29.07454790920019,56.48273860067129,1.5331272399052978,16904.137001037598,0.0,25.0,0.0,2.0,0.050000000000000044,0.7594110947102308,0.5816168254241347,0.5926475403830409
full_action_q_dqn,815,212,89.00587149262428,85.90063417993487,30.202071756124496,58.803799647092816,1.5443418929353356,17268.268795013428,0.0,27.0,0.0,2.0,0.050000000000000044,0.674821799620986,0.5158466249704361,0.5299172224476933
full_action_q_dqn,815,213,84.99848785996437,85.19929542936384,27.61748729646206,57.38100054860115,1.4868080532178283,16085.905382156372,0.0,27.0,0.0,0.0,0.050000000000000044,0.6722989408299327,0.5149081367999315,0.5246359929442406
full_action_q_dqn,815,214,95.59468473494053,86.42278876774013,33.3550711274147,62.23961400985718,1.6175428042188287,18632.62321472168,0.0,28.0,0.0,0.0,0.050000000000000044,0.7744092466309667,0.5920762084424496,0.6077767936512828
full_action_q_dqn,815,215,89.85305676609278,87.50734040983022,31.796250261366367,58.05680704116821,1.587750531733036,18066.751182556152,0.0,25.0,0.0,0.0,0.050000000000000044,0.7466299682855606,0.5713737811893225,0.5841872608289123
full_action_q_dqn,815,216,79.5854317933321,87.6863774148375,26.835656121373177,52.74977553784847,1.5099672488868237,15661.060405731201,0.0,25.0,0.0,2.0,0.050000000000000044,0.9970161020755768,0.7649003341794014,0.7737191673368216
full_action_q_dqn,815,217,93.8692501783371,87.74421884573997,30.810239747166634,63.05901023745537,1.5846248334273696,17390.869495391846,0.0,28.0,0.0,0.0,0.050000000000000044,0.9049822883680463,0.6926116878166795,0.7079019919037819
full_action_q_dqn,815,218,88.59208320975304,87.81012276016176,30.60386637598276,57.98821675181389,1.5453463969752192,17359.9464263916,0.0,25.0,0.0,1.0,0.050000000000000044,0.4856247045099735,0.3707142984494567,0.38303465861827135
full_action_q_dqn,815,219,89.81891668587923,87.92120475634934,30.558243341743946,59.26067318022251,1.5669215843081474,17952.873649597168,0.0,27.0,0.0,0.0,0.050000000000000044,0.7486126506701112,0.5725936759263277,0.5867298869416118
full_action_q_dqn,815,220,88.30285825580359,87.14480851121247,31.56036528199911,56.74249252676964,1.5868622194975615,18167.857872009277,0.0,26.0,0.0,0.0,0.050000000000000044,0.8839216371998191,0.6778480457141995,0.6869119061157107
full_action_q_dqn,815,221,96.40643118023873,88.06696957029403,29.97409040480852,66.43234045505524,1.537489707581699,16812.522663116455,0.0,29.0,0.0,3.0,0.050000000000000044,0.9079664312303066,0.6957851778715849,0.7072707936167717
full_action_q_dqn,815,222,73.08208014816046,87.28345592811705,26.941333182156086,46.14074756205082,1.458925743587315,15525.74309539795,0.0,23.0,0.0,0.0,0.050000000000000044,0.859782150015235,0.6595148807391524,0.6675575422123075
full_action_q_dqn,815,223,71.2481397241354,86.65074899166824,26.027562633156776,45.2205765247345,1.457642400637269,15119.289455413818,0.0,23.0,0.0,0.0,0.050000000000000044,0.7998048597946763,0.6143603781238198,0.618148229084909
full_action_q_dqn,815,224,98.527841719985,86.87601011902095,31.665912494063377,66.8619293153286,1.5982647007331252,17867.016668319702,0.0,29.0,0.0,3.0,0.050000000000000044,0.748504295013845,0.5731681729666889,0.5844536740332842
full_action_q_dqn,815,225,92.18190403282642,87.45020823605358,30.001784846186638,62.18011935055256,1.5648358101025224,17491.939250946045,0.0,29.0,0.0,1.0,0.050000000000000044,0.9161311089992523,0.7019434217363596,0.7139589358121157
full_action_q_dqn,815,226,86.7869534611702,87.61821520529688,28.54884086549282,58.23811283409596,1.5085198860615492,16595.248781204224,0.0,26.0,0.0,4.0,0.050000000000000044,0.8491239668801427,0.649470554664731,0.665511341765523
full_action_q_dqn,815,227,78.63635145127773,87.75278450228275,27.02072736620903,51.615624248981476,1.4670957569032907,15488.091861724854,0.0,24.0,0.0,0.0,0.050000000000000044,0.8004109226167202,0.6138610653579235,0.6218328373506665
full_action_q_dqn,815,228,89.28401657342911,88.18639637909831,29.189637541770935,60.09437888264656,1.5188959538936615,16461.370964050293,0.0,28.0,0.0,1.0,0.050000000000000044,0.8748271614313126,0.6702383682131767,0.6819626148790121
full_action_q_dqn,815,229,97.83321181088687,88.30105686865748,30.92927547544241,66.90393638014794,1.576000114902854,17505.506664276123,0.0,30.0,0.0,1.0,0.050000000000000044,0.7747833831235766,0.592978535220027,0.6060161720961332
full_action_q_dqn,815,230,102.47022131085396,88.58175393827261,30.53512953221798,71.93509252369404,1.608546992763877,17879.42364501953,0.0,31.0,0.0,1.0,0.050000000000000044,0.8603064119815826,0.6601512767374516,0.6671837884932756
full_action_q_dqn,815,231,90.97115731239319,88.85244748510421,30.810912132263184,60.16024446487427,1.595461806282401,17673.878547668457,0.0,28.0,0.0,1.0,0.050000000000000044,0.7591518498957157,0.5815623914822936,0.5919648017734289
full_action_q_dqn,815,232,88.38126638829708,88.82121722988785,28.698440074920654,59.682826685905454,1.54355076700449,16610.86834716797,0.0,27.0,0.0,2.0,0.050000000000000044,0.8355199545621872,0.6401509549468756,0.6512299738824368
full_action_q_dqn,815,233,91.08835099339485,89.12571038655938,30.253777526319027,60.83457345962525,1.5626920890063047,17614.118202209473,0.0,26.0,0.0,5.0,0.050000000000000044,0.7236348092556,0.5538756679743528,0.5658637695014477
full_action_q_dqn,815,234,95.41924419403077,89.11693835951388,31.904601827263832,63.514642694592474,1.6409790590405464,18892.36443710327,0.0,29.0,0.0,3.0,0.050000000000000044,0.9439854864031076,0.7231116378679872,0.7362461127340794
full_action_q_dqn,815,235,85.55680087506771,88.90212556496263,29.230304405093193,56.32649615705013,1.5385827161371708,16668.725173950195,0.0,25.0,0.0,3.0,0.050000000000000044,0.8943961188197136,0.6855484638363123,0.6961588319391012
full_action_q_dqn,815,236,83.8868722036481,89.11719758547844,29.92798027396202,53.958891892433165,1.5014340989291668,17233.822723388672,0.0,26.0,0.0,2.0,0.050000000000000044,0.8554691895842552,0.6550409272313118,0.6680941805243492
full_action_q_dqn,815,237,78.24413874149323,88.33594201363624,28.35309049487114,49.89104869365692,1.531423239968717,16594.80527496338,0.0,26.0,0.0,1.0,0.050000000000000044,0.9013800397515297,0.6903875023126602,0.7033083951100707
full_action_q_dqn,815,238,72.77146877497435,87.54491129189731,28.34140830487013,44.43006030619144,1.4941614177078009,16211.188095092773,0.0,22.0,0.0,1.0,0.050000000000000044,0.7309825094416738,0.5600206553936005,0.569872809574008
full_action_q_dqn,815,239,83.63766713440418,87.23584881432356,28.863781921565533,54.77388493716717,1.4959112713113427,16280.37064743042,0.0,26.0,0.0,0.0,0.050000000000000044,0.7853643940761685,0.6019265837967396,0.6114593297243118
full_action_q_dqn,815,240,66.86454177051783,86.16393299005928,24.637016661465168,42.22752554118633,1.4059693720191717,13859.709678649902,0.0,22.0,0.0,2.0,0.050000000000000044,1.009893473237753,0.7748037092387676,0.7836325485259295
full_action_q_dqn,815,241,89.12526361048222,85.79987461157144,29.83174952119589,59.293513590097426,1.5504993395879865,17068.3115234375,0.0,28.0,0.0,2.0,0.050000000000000044,0.7768348697572947,0.5956959808245301,0.6037962697446346
full_action_q_dqn,815,242,77.80924108028412,86.03623265817764,27.51486173272133,50.29437919855118,1.4990556733682752,16203.031982421875,0.0,25.0,0.0,1.0,0.050000000000000044,0.8120067436248064,0.6221491601318121,0.6328585911542177
full_action_q_dqn,815,243,73.90051256269217,86.16885130010547,26.5719106271863,47.32860183119774,1.4653391959145665,15384.918472290039,0.0,23.0,0.0,2.0,0.050000000000000044,0.8226394467055798,0.6304813055321574,0.6405270854011178
full_action_q_dqn,815,244,98.27713201344014,86.15631581477824,32.27433007955551,66.00280239582062,1.6152967726811767,18656.10767364502,0.0,28.0,0.0,1.0,0.050000000000000044,0.66966462880373,0.5128501951694489,0.5227147596888244
full_action_q_dqn,815,245,94.94480983912945,86.29446110509338,30.58409693837166,64.36071321368217,1.5481334859505296,17277.264305114746,0.0,29.0,0.0,0.0,0.050000000000000044,0.7871641237288713,0.6033880859613419,0.6125867515802383
full_action_q_dqn,815,246,93.40663312524558,86.62544508829714,31.73217012733221,61.674462804198264,1.620023749768734,18550.72553253174,0.0,28.0,0.0,2.0,0.050000000000000044,0.5672969846054912,0.4340542182326317,0.44414257258176804
full_action_q_dqn,815,247,86.00811905562878,86.99403346851469,28.713710591197014,57.29440833032131,1.5241524716839194,16509.14043045044,0.0,26.0,0.0,1.0,0.050000000000000044,0.6551294960081577,0.5021373154595494,0.5099738938733935
full_action_q_dqn,815,248,101.22832753062248,87.59124901637436,32.51997126638889,68.70835642814636,1.6070221019908786,18324.111499786377,0.0,29.0,0.0,4.0,0.050000000000000044,0.6959057003259659,0.5332239484414458,0.542272468097508
full_action_q_dqn,815,249,81.65079397112132,86.78212812438609,27.879963092505932,53.77083150446415,1.5045724725350738,16140.12954711914,0.0,25.0,0.0,2.0,0.050000000000000044,0.6590169006958604,0.5042882580310106,0.5157621297985315
full_action_q_dqn,815,250,72.42236691117287,85.27973540440203,26.710800543427467,45.71156677007675,1.4652597634121776,15718.047286987305,0.0,20.0,0.0,2.0,0.050000000000000044,0.7970941066741943,0.6108045568689704,0.6209651287645102
full_action_q_dqn,815,251,86.07996876239777,85.03517597690225,27.694998495280743,58.38497033417225,1.5047906879335642,15748.147899627686,0.0,28.0,0.0,3.0,0.050000000000000044,0.7547438582405448,0.5780197028070688,0.5890805134549737
full_action_q_dqn,815,252,93.28120276629924,85.28017279580237,30.599707752466202,62.681494805216786,1.5882851155474782,17690.57915496826,0.0,27.0,0.0,2.0,0.050000000000000044,0.9257474206387997,0.7099705021828413,0.7192563358694315
full_action_q_dqn,815,253,92.286381149292,85.34007430359722,31.488429367542267,60.797951677441596,1.576922775246203,17933.53184890747,0.0,28.0,0.0,1.0,0.050000000000000044,0.7325140191242099,0.5607407093048096,0.5725777009502053
full_action_q_dqn,815,254,71.85770151019096,84.16199716940523,26.592029437422752,45.26567201316357,1.4593926165252924,15563.252170562744,0.0,22.0,0.0,1.0,0.050000000000000044,1.0197063386440277,0.7822302207350731,0.7915870528668165
full_action_q_dqn,815,255,92.3992916867137,84.50412170998753,31.152479521930218,61.246812269091606,1.5732163488864899,17763.32390975952,0.0,27.0,0.0,1.0,0.050000000000000044,0.9706625416874886,0.7449905006214976,0.7522400887683034
full_action_q_dqn,815,256,80.38512653112411,84.32903442636135,27.133432745933533,53.251694202423096,1.475488162599504,15312.935317993164,0.0,24.0,0.0,0.0,0.050000000000000044,0.8507717484608293,0.6529202684760094,0.6595049165189266
full_action_q_dqn,815,257,88.56445323824883,84.8450501511991,29.674773707985878,58.88967923223972,1.509124451316893,16846.507976531982,0.0,26.0,0.0,1.0,0.050000000000000044,0.9343144604936242,0.7160298712551594,0.7276152651757002
full_action_q_dqn,815,258,68.85444276332855,84.64919885061683,24.38223471492529,44.47220789194107,1.388681186363101,14048.805627822876,0.0,21.0,0.0,2.0,0.050000000000000044,0.7354641240090132,0.5626726932823658,0.5759714432060719
full_action_q_dqn,815,259,62.40371477901935,83.58750123284759,24.06353361904621,38.340180936455724,1.374497494660318,13870.395191192627,0.0,20.0,0.0,2.0,0.050000000000000044,0.6068154610693455,0.4651261465623975,0.4722977066412568
full_action_q_dqn,815,260,94.29155160486698,84.95885172456504,30.652671709656715,63.638880133628845,1.5706388466060162,17495.664894104004,0.0,30.0,0.0,0.0,0.050000000000000044,0.7118851514533162,0.5455866931006312,0.5543281631544232
full_action_q_dqn,815,261,90.77269218266011,85.04122315317393,31.383052691817284,59.3896398037672,1.5750260166823864,18311.15923309326,0.0,28.0,0.0,1.0,0.050000000000000044,0.9257288603112102,0.7089140703901649,0.7227159198373556
full_action_q_dqn,815,262,88.34259571433067,85.56789088487626,28.841728202998638,59.50086799561977,1.5177866341546178,16516.354248046875,0.0,27.0,0.0,2.0,0.050000000000000044,0.7409222275018692,0.5674024280160666,0.5783992856740952
full_action_q_dqn,815,263,86.339874792099,86.1898589963466,30.532978653907776,55.80689578056335,1.5677120834589005,17918.116428375244,0.0,25.0,0.0,3.0,0.050000000000000044,0.8292830483987927,0.6357071413658559,0.6452529728412628
full_action_q_dqn,815,264,97.8490345403552,86.16845412269234,31.280961267650127,66.56807294487953,1.6100171776488423,18164.741985321045,0.0,29.0,0.0,1.0,0.050000000000000044,0.8478000164031982,0.6499028522521257,0.6596572110429406
full_action_q_dqn,815,265,77.04175115525723,85.27330118849873,26.814877033233643,50.22687401771545,1.5047189891338348,15975.112550735474,0.0,24.0,0.0,1.0,0.050000000000000044,0.7231914969161153,0.553396369330585,0.5659837182611227
full_action_q_dqn,815,266,83.54440898746252,84.7801899816096,27.339140966534615,56.20526786446571,1.493770020082593,15715.953914642334,0.0,25.0,0.0,2.0,0.050000000000000044,0.6957909371703863,0.5320745846256614,0.5457211658358574
full_action_q_dqn,815,267,83.68964389264583,84.66426622346043,28.754202350974083,54.93544188439846,1.5189074203372002,16670.490188598633,0.0,26.0,0.0,3.0,0.050000000000000044,0.8127099927514791,0.6220032870769501,0.6356889959424734
full_action_q_dqn,815,268,88.95184282958508,84.05044198840856,29.132035866379738,59.81980739533901,1.5346906883642077,16848.368202209473,0.0,27.0,0.0,1.0,0.050000000000000044,0.8125275913625956,0.6226221052929759,0.6330182533711195
full_action_q_dqn,815,269,77.55478244423867,83.84564141206444,26.68624261021614,50.86853967010975,1.4703040206804872,15633.98327255249,0.0,24.0,0.0,1.0,0.050000000000000044,0.68293128721416,0.5229708012193441,0.5332015920430422
full_action_q_dqn,815,270,82.46286671757699,84.34766640238465,27.54967439174652,54.91319172978401,1.496331357397139,15883.646389007568,0.0,25.0,0.0,2.0,0.050000000000000044,0.9147469894960523,0.7012395234778523,0.7116915378719568
full_action_q_dqn,815,271,71.0891386806965,83.59812489829959,27.09655486047268,43.99258386492729,1.435951435007155,15591.743350982666,0.0,23.0,0.0,1.0,0.050000000000000044,0.6963386312127113,0.533854778856039,0.5416128104552627
full_action_q_dqn,815,272,92.44190351963043,83.55615993596615,29.57042958587408,62.87147419452667,1.5294916601851583,16792.336624145508,0.0,27.0,0.0,3.0,0.050000000000000044,0.758414613083005,0.5809586644172668,0.5915197711437941
full_action_q_dqn,815,273,94.08467451035976,83.64607460401953,30.242448017001152,63.84222689568996,1.5993419624865055,17598.226905822754,0.0,28.0,0.0,4.0,0.050000000000000044,0.7154309945181012,0.5474191093817353,0.5600396003574133
full_action_q_dqn,815,274,86.64711922705173,84.38554548986257,28.880140632390976,57.76697813272476,1.5368956523016095,17238.919075012207,0.0,26.0,0.0,3.0,0.050000000000000044,0.7016911394894123,0.5365537032485008,0.5504581285640597
full_action_q_dqn,815,275,80.54316067099572,83.79273893907666,28.249616965651512,52.293543675541876,1.5335455853492022,16663.20270729065,0.0,24.0,0.0,3.0,0.050000000000000044,0.9936175644397736,0.7611174937337637,0.7750001903623343
full_action_q_dqn,815,276,79.45114418268204,83.74603982165456,29.30399250984192,50.14715197086334,1.539877912029624,16889.196083068848,0.0,23.0,0.0,3.0,0.050000000000000044,0.8340665837749839,0.6391376899555326,0.6497629433870316
full_action_q_dqn,815,277,83.32725443691015,83.48417988158764,28.825844176113605,54.501410245895386,1.5238727694377303,16502.020708084106,0.0,27.0,0.0,0.0,0.050000000000000044,0.6815633028745651,0.5217938255518675,0.5325649362057447
full_action_q_dqn,815,278,75.42523313760758,83.81271940030159,27.18474655598402,48.2404866039753,1.4403992192819715,15025.22109413147,0.0,23.0,0.0,3.0,0.050000000000000044,1.009066741913557,0.7745286878198385,0.7817935170605779
full_action_q_dqn,815,279,100.48415033817291,85.71674117825926,32.161652117967606,68.32249839901924,1.5885383924469352,18241.519905090332,0.0,30.0,0.0,2.0,0.050000000000000044,0.7647744007408619,0.5856316015124321,0.5971426526084542
full_action_q_dqn,815,280,87.98752187490463,85.40153969176114,30.478945955634117,57.508575949072835,1.5334618091583252,17530.879890441895,0.0,26.0,0.0,3.0,0.050000000000000044,0.5912722116336226,0.4531245743855834,0.4604921191930771
full_action_q_dqn,815,281,89.48895005881786,85.33735258556902,30.11912962794304,59.36982046067715,1.5534504083916545,17719.99252319336,0.0,28.0,0.0,0.0,0.050000000000000044,0.81114552449435,0.6218292666599154,0.6310541974380612
full_action_q_dqn,815,282,80.10282667577266,84.92536413364112,25.99656093120575,54.106265461444856,1.4788448344916105,15483.026376724243,0.0,24.0,0.0,6.0,0.050000000000000044,0.8309812480583787,0.6361660864204168,0.6493838457390666
full_action_q_dqn,815,283,82.75629835575819,84.74618531182408,27.154445439577103,55.60185223817825,1.4660167694091797,15461.817953109741,0.0,26.0,0.0,1.0,0.050000000000000044,0.6554629746824503,0.5014018942601979,0.5135369091294706
full_action_q_dqn,815,284,87.05498227477074,84.20648269854485,29.483025684952736,57.57195699214935,1.53682254627347,17122.924865722656,0.0,28.0,0.0,1.0,0.050000000000000044,0.8217182941734791,0.6293479474261403,0.6412344658747315
full_action_q_dqn,815,285,59.085814931988715,83.30868588738143,24.251969069242477,34.83384575843811,1.3523566760122776,13905.947914123535,0.0,18.0,0.0,1.0,0.050000000000000044,0.6439505377784371,0.49294068571180105,0.5033661611378193
full_action_q_dqn,815,286,91.4233445763588,83.70263266682625,31.773554891347885,59.64978892505169,1.5712927402928472,18712.879138946533,0.0,27.0,0.0,3.0,0.050000000000000044,0.7152710417285562,0.5474161682650447,0.5595162091776729
full_action_q_dqn,815,287,118.52571158409118,85.44443605139853,36.82799778878689,81.6977136015892,1.7313608452677727,20820.024726867676,0.0,35.0,0.0,4.0,0.050000000000000044,0.7916642595082521,0.6056380094960332,0.6200874727219343
full_action_q_dqn,815,288,79.48416233956814,84.97105202689768,27.69682978838682,51.78733237981796,1.4813748635351658,16310.363765716553,0.0,25.0,0.0,2.0,0.050000000000000044,0.7544810241088271,0.5778329586610198,0.5888268807902932
full_action_q_dqn,815,289,85.86706421971321,85.3866661156714,27.301918119192123,58.565146398544314,1.5046470826491714,15591.57398223877,0.0,26.0,0.0,4.0,0.050000000000000044,1.2036616653203964,0.9230794366449118,0.9352741166949272
full_action_q_dqn,815,290,100.08689599633217,86.26786757960916,31.41932912170887,68.66756668090821,1.5790162859484553,17859.681701660156,0.0,29.0,0.0,2.0,0.050000000000000044,0.7093399725854397,0.5422861333936453,0.5568461129441857
full_action_q_dqn,815,291,80.5438093394041,86.74060111254454,29.033042177557945,51.510767102241516,1.534335883334279,16847.268573760986,0.0,25.0,0.0,1.0,0.050000000000000044,0.9012343315407634,0.6908096605911851,0.7014155052602291
full_action_q_dqn,815,292,70.50148763805628,85.64358031846584,26.52855061739683,43.9729374974966,1.4297822872176766,15090.668703079224,0.0,22.0,0.0,3.0,0.050000000000000044,0.7651984849944711,0.5866367733106017,0.5952056767418981
full_action_q_dqn,815,293,89.92661367356777,85.43567727662622,30.274388700723648,59.65222506225109,1.5484206499531865,17245.65241241455,0.0,28.0,0.0,0.0,0.050000000000000044,0.8296714629977942,0.6355936583131552,0.6469260137528181
full_action_q_dqn,815,294,79.45134455114604,85.07588854283094,26.782601036131382,52.668742978572844,1.4683360327035189,15630.59062576294,0.0,24.0,0.0,1.0,0.050000000000000044,0.9490603022277355,0.7265581395477057,0.7416738523170352
full_action_q_dqn,815,295,89.61144303530455,85.52930266104639,31.289196141064167,58.32224667072296,1.545552495867014,17405.55739212036,0.0,25.0,0.0,0.0,0.050000000000000044,0.7692823791876435,0.5895930081605911,0.5989645589143038
full_action_q_dqn,815,296,71.11830446869135,85.11266067534686,27.485930360853672,43.63237378001213,1.4576314138248563,15847.515186309814,0.0,21.0,0.0,0.0,0.050000000000000044,0.6979248225688934,0.5347716733813286,0.5438438262790442
full_action_q_dqn,815,297,89.16107632219791,85.40435176961125,27.334509506821632,61.82656693458557,1.5502785062417388,16192.871936798096,0.0,28.0,0.0,0.0,0.050000000000000044,0.6664152201265097,0.5096460608765483,0.5225638588890433
full_action_q_dqn,815,298,80.59212259948254,85.66269624270498,30.152982234954834,50.43914061784744,1.5228029945865273,17377.12380218506,0.0,22.0,0.0,1.0,0.050000000000000044,0.5915053188800812,0.45114583102986217,0.4678649455308914
full_action_q_dqn,815,299,92.34847888350487,85.2559126699716,28.903357461094856,63.44512128829956,1.5297176809981465,16597.13874053955,0.0,29.0,0.0,1.0,0.050000000000000044,0.6938002007082105,0.5309257581830025,0.5429148003458977
full_action_q_dqn,815,300,71.11954954564571,84.41251405350864,26.823262229561806,44.29628727138042,1.457995749078691,15702.899141311646,0.0,21.0,0.0,4.0,0.050000000000000044,0.9147352278232574,0.6993713108822703,0.7178797200322151
full_action_q_dqn,815,301,65.16124711185694,83.1961289061606,24.397233426570892,40.764013677835464,1.4197901347652078,14508.391832351685,0.0,20.0,0.0,1.0,0.050000000000000044,0.807392350398004,0.6179192801937461,0.6315769301727414
full_action_q_dqn,815,302,74.85715889930725,82.93384551733733,27.23823544383049,47.618922993540764,1.4776987517252564,15802.268236160278,0.0,22.0,0.0,0.0,0.050000000000000044,0.7099190726876259,0.5425887126475573,0.5577678335830569
full_action_q_dqn,815,303,79.99184073507786,82.7956226363033,27.770317740738392,52.22152306139469,1.5043198969215155,16300.728061676025,0.0,27.0,0.0,0.0,0.050000000000000044,0.6712895855307579,0.5142062855884433,0.5236109551042318
full_action_q_dqn,815,304,60.73068877309561,81.47940796121955,25.90654232352972,34.82414636015892,1.3956215400248766,14775.374462127686,0.0,19.0,0.0,1.0,0.050000000000000044,0.7158205583691597,0.5480770859867334,0.5591448526829481
full_action_q_dqn,815,305,72.49955125898123,82.15009477756918,28.299792140722275,44.19975917041302,1.4667110238224268,16167.670501708984,0.0,22.0,0.0,1.0,0.050000000000000044,0.879930529743433,0.6743706036359072,0.6851997040212154
full_action_q_dqn,815,306,92.10652149021625,82.18425362326205,32.29938270151615,59.80713843107223,1.6066938051953912,18586.02466583252,0.0,27.0,0.0,2.0,0.050000000000000044,0.6888256361708045,0.5274038650095463,0.5380725432187319
full_action_q_dqn,815,307,91.75113868117333,80.84552497811616,33.007156148552895,58.74398251771927,1.6455725533887744,19237.508819580078,0.0,27.0,0.0,1.0,0.050000000000000044,0.8289686068892479,0.6343865799717605,0.6486066998913884
full_action_q_dqn,815,308,97.99059689044952,81.77084670566022,31.636602252721786,66.35399439930916,1.6106317918747663,18201.26463699341,0.0,29.0,0.0,0.0,0.050000000000000044,0.9581911135464907,0.7342711733654141,0.7463998114690185
full_action_q_dqn,815,309,74.55768172442913,81.20537758089603,26.141214318573475,48.41646733880043,1.4511088468134403,15307.109893798828,0.0,24.0,0.0,0.0,0.050000000000000044,1.056401027366519,0.8100071661174297,0.8213128205388784
full_action_q_dqn,815,310,94.25638254880906,80.91385190851987,30.442803636193275,63.81357922554016,1.6105917179957032,17877.03497695923,0.0,30.0,0.0,1.0,0.050000000000000044,0.8781893085688353,0.6731793489307165,0.6833664802834392
full_action_q_dqn,815,311,84.0593277066946,81.0896278268844,29.817341685295105,54.24198621511459,1.506236582994461,17105.02082824707,0.0,25.0,0.0,0.0,0.050000000000000044,0.6958113927394152,0.5327411107718945,0.5435675615444779
full_action_q_dqn,815,312,99.22523821294308,82.52581535562874,31.758453518152237,67.4667842924595,1.5818669591099024,18102.461376190186,0.0,29.0,0.0,1.0,0.050000000000000044,0.7516963593661785,0.5752759128808975,0.5880681397393346
full_action_q_dqn,815,313,86.42012906968594,82.35049112543466,29.011524751782417,57.40860357284546,1.525991995818913,16599.76699066162,0.0,27.0,0.0,3.0,0.050000000000000044,0.5550238694995642,0.42378777265548706,0.43745364621281624
full_action_q_dqn,815,314,99.6968682706356,83.36276731140913,31.55855394899845,68.13831427693367,1.5796643598005176,18438.41138458252,0.0,30.0,0.0,2.0,0.050000000000000044,0.7533877436071634,0.5766205857507885,0.5892238053493202
full_action_q_dqn,815,315,64.16670267283916,82.09053029328587,23.821889743208885,40.34481278061867,1.4247275879606605,14708.50143814087,0.0,21.0,0.0,0.0,0.050000000000000044,0.7086095884442329,0.5432748990133405,0.5511155775748193
full_action_q_dqn,815,316,78.58416254222394,82.46382319696248,28.687463626265526,49.89669912457466,1.5381082221865654,16850.570220947266,0.0,24.0,0.0,2.0,0.050000000000000044,0.6486600767821074,0.4955656277015805,0.5103148017078638
full_action_q_dqn,815,317,91.45798444151879,82.57866860292853,29.695494443178177,61.76248964071274,1.5898163001984358,17639.538536071777,0.0,28.0,0.0,1.0,0.050000000000000044,0.853450670838356,0.6537482533603907,0.6656747031956911
full_action_q_dqn,815,318,90.3171132594347,83.06491813592615,31.06910739839077,59.24800586104393,1.5448022726923227,17878.16621017456,0.0,26.0,0.0,3.0,0.050000000000000044,0.7692999374121428,0.5888554099947214,0.6014817208051682
full_action_q_dqn,815,319,91.34530108571053,83.01475924603643,30.690470285713673,60.65483154505491,1.588932010345161,18015.29408454895,0.0,26.0,0.0,1.0,0.050000000000000044,0.6414060955867171,0.4908882565796375,0.5017261086031795
full_action_q_dqn,815,320,86.15621730089188,83.76659263379874,29.929587095975876,56.2266299366951,1.547717853449285,17330.655479431152,0.0,26.0,0.0,1.0,0.050000000000000044,0.706165068782866,0.5407669972628355,0.551326896995306
full_action_q_dqn,815,321,79.09603503644466,84.46333203002811,29.028054922819138,50.06797996461391,1.5038977107033134,16631.745685577393,0.0,24.0,0.0,3.0,0.050000000000000044,0.7366707473993301,0.5627365382388234,0.5797806829214096
full_action_q_dqn,815,322,78.34837429225445,84.63789279967547,27.854455530643463,50.49391841888428,1.5239758109673858,16542.89453125,0.0,25.0,0.0,0.0,0.050000000000000044,0.7779542915523052,0.5948896752670407,0.6102153677493334
full_action_q_dqn,815,323,88.77720172852278,85.07716084934772,30.0511709228158,58.72603095471859,1.52815249748528,17353.015758514404,0.0,26.0,0.0,1.0,0.050000000000000044,0.6447133095934987,0.4930353704839945,0.5055931080132723
full_action_q_dqn,815,324,103.9339517980814,87.237324000597,33.29978655278683,70.63416552841663,1.6516826190054417,19360.898403167725,0.0,30.0,0.0,4.0,0.050000000000000044,0.7817211030051112,0.597593329846859,0.6137592410668731
full_action_q_dqn,815,325,91.61882026046514,88.19328745067119,30.61999274790287,60.998828533291814,1.5895918011665344,17690.394802093506,0.0,26.0,0.0,2.0,0.050000000000000044,0.8230913076549768,0.6305292006582022,0.6418736446648836
full_action_q_dqn,815,326,75.61884853541851,87.36890380293131,25.572628989815712,50.04621911346912,1.4686778271570802,15199.751899719238,0.0,23.0,0.0,2.0,0.050000000000000044,0.8115587309002876,0.6212739842012525,0.6342824599705637
full_action_q_dqn,815,327,93.71448597311974,87.46707116752863,29.571560829877853,64.1429253667593,1.579361580312252,17560.763835906982,0.0,29.0,0.0,1.0,0.050000000000000044,0.9502006322145462,0.7283935472369194,0.7393569126725197
full_action_q_dqn,815,328,106.78696862757207,87.90688975438476,34.164835691452026,72.62213330864907,1.6522867865860462,19416.592845916748,0.0,31.0,0.0,3.0,0.050000000000000044,0.646022024564445,0.4935784386470914,0.5081452801823616
full_action_q_dqn,815,329,80.80081842839718,88.21904658958316,27.942381486296654,52.85843688249588,1.553547733463347,17000.95677947998,0.0,24.0,0.0,1.0,0.050000000000000044,0.8143605152145028,0.6237787753343582,0.6352724535390735
full_action_q_dqn,815,330,101.66416157782078,88.58943554103375,32.132985696196556,69.53117553889751,1.5979283628985286,18686.122051239014,0.0,30.0,0.0,1.0,0.050000000000000044,0.7922997931018472,0.607222001068294,0.6169259510934353
full_action_q_dqn,815,331,72.0723673582077,87.9900875236094,26.531004458665848,45.54136261641979,1.4662697883322835,15715.950275421143,0.0,21.0,0.0,2.0,0.050000000000000044,0.7579826135188341,0.5802396591752768,0.5924764629453421
full_action_q_dqn,815,332,79.92332518398761,87.02499187216162,27.89727832376957,52.02604714334011,1.5244082547724247,16600.201137542725,0.0,26.0,0.0,3.0,0.050000000000000044,0.7298968425020576,0.5580577403306961,0.5727969957515597
full_action_q_dqn,815,333,82.6128467798233,86.83462775766849,28.56289868056774,54.04994772672653,1.5240787966176867,16540.50177383423,0.0,26.0,0.0,2.0,0.050000000000000044,0.6671743849292397,0.5104020768776536,0.52257433347404
full_action_q_dqn,815,334,86.59548790156842,86.17955873921514,28.489930287003517,58.10555767416954,1.5324945161119103,16815.03187942505,0.0,27.0,0.0,1.0,0.050000000000000044,0.7071423139423132,0.5411036992445588,0.5534620014950633
full_action_q_dqn,815,335,80.74008449912071,87.00822783052921,29.125608757138252,51.61447565257549,1.5129489116370678,16836.78899383545,0.0,25.0,0.0,1.0,0.050000000000000044,0.6322371503338218,0.48292563669383526,0.4977050283923745
full_action_q_dqn,815,336,79.6594648361206,87.06199294522403,27.671904876828194,51.98756018280983,1.4894599365070462,16079.08875465393,0.0,23.0,0.0,0.0,0.050000000000000044,0.8037879401817918,0.6149296835064888,0.6295275073498487
full_action_q_dqn,815,337,98.19146488010884,87.39866696715356,31.804048985242844,66.38741553723813,1.5949388034641743,18173.407711029053,0.0,30.0,0.0,1.0,0.050000000000000044,0.7594253895804286,0.5822682734578848,0.5905237086117268
full_action_q_dqn,815,338,93.35878117382526,87.55075036287307,32.716982901096344,60.64179863035679,1.5780569147318602,18679.886459350586,0.0,27.0,0.0,0.0,0.050000000000000044,0.7555195335298777,0.5787367764860392,0.5892758127301931
full_action_q_dqn,815,339,91.74355846941471,87.57066323205828,30.689714178442955,61.05384414196014,1.5742033859714866,17622.324911117554,0.0,28.0,0.0,2.0,0.050000000000000044,0.8004079665988684,0.6125133568421006,0.6263153403997421
full_action_q_dqn,815,340,74.45820118486881,86.98576242625712,26.821966633200645,47.63623425364494,1.4877664102241397,15848.53401184082,0.0,23.0,0.0,0.0,0.050000000000000044,0.9651403352618217,0.7398775536566973,0.7508759461343288
full_action_q_dqn,815,341,66.53528924286366,86.35772513657808,25.397466123104095,41.137823432683945,1.4636145951226354,15297.84952545166,0.0,20.0,0.0,1.0,0.050000000000000044,0.687365310266614,0.5258291652426124,0.5384537931531668
full_action_q_dqn,815,342,91.91056672483683,87.03583475820719,31.386064119637012,60.524502009153366,1.547932755202055,17836.487911224365,0.0,28.0,0.0,1.0,0.050000000000000044,0.5688400687649846,0.4351293072104454,0.44570252392441034
full_action_q_dqn,815,343,83.21634440124035,86.75779189184308,26.062248095870018,57.154096722602844,1.4795536026358604,15476.530750274658,0.0,26.0,0.0,0.0,0.050000000000000044,0.8612638097256422,0.6592501401901245,0.6733788559213281
full_action_q_dqn,815,344,88.32227853089572,85.9772082284838,29.36900470405817,58.953273677825926,1.5089523727074265,17045.350555419922,0.0,25.0,0.0,3.0,0.050000000000000044,0.8111491203308105,0.6212213523685932,0.6330925030633807
full_action_q_dqn,815,345,88.56924092918635,85.82472926191987,27.847602888941765,60.721638017892836,1.4859742131084204,16034.05239868164,0.0,29.0,0.0,1.0,0.050000000000000044,0.6482477551326156,0.49552672263234854,0.5090701039880514
full_action_q_dqn,815,346,87.06931269168854,86.39725246973337,28.627482175827026,58.441830068826675,1.5859039314091206,17569.502349853516,0.0,26.0,0.0,2.0,0.050000000000000044,0.6704120663926005,0.5133349858224392,0.5235902396962047
full_action_q_dqn,815,347,81.07219135016203,85.76513773858548,28.826873011887074,52.24531804025173,1.492636477574706,16498.82628250122,0.0,25.0,0.0,2.0,0.050000000000000044,0.7819299791008234,0.5981596801429987,0.6125676408410072
full_action_q_dqn,815,348,70.47196202278137,83.94938740834594,25.95481449365616,44.51714763343334,1.4632816649973392,15267.349365234375,0.0,23.0,0.0,2.0,0.050000000000000044,0.630159086547792,0.4820995694026351,0.49353169184178114
full_action_q_dqn,815,349,98.90306797623634,84.85449988573791,31.766321688890457,67.13674625754356,1.5776833975687623,18341.30633163452,0.0,30.0,0.0,1.0,0.050000000000000044,0.5888946978375316,0.4498413340188563,0.4635111801326275
full_action_q_dqn,815,350,81.57806483209133,83.85019504845143,27.803866624832153,53.77419825196266,1.5009524449706078,16165.8284034729,0.0,26.0,0.0,2.0,0.050000000000000044,0.7541476674377918,0.5773151619359851,0.5894416868686676
full_action_q_dqn,815,351,84.08638809174299,84.45089608512818,28.892979241907597,55.19340877532959,1.5029496690258384,16700.113243103027,0.0,26.0,0.0,4.0,0.050000000000000044,0.6239626575261354,0.47646755585446954,0.49165034433826804
full_action_q_dqn,815,352,95.32388105243444,85.22092387855052,31.249182529747486,64.07469861209393,1.5893842494115233,17795.74217605591,0.0,29.0,0.0,0.0,0.050000000000000044,0.883273059502244,0.6765549015253782,0.6890605352818966
full_action_q_dqn,815,353,72.40699467360973,84.71063127323984,26.818958029150963,45.58803676366806,1.5018035527318716,16156.120052337646,0.0,21.0,0.0,3.0,0.050000000000000044,0.8109456188976765,0.6205611675977707,0.6346147917211056
full_action_q_dqn,815,354,84.83855485916138,84.62278462111951,28.059163101017475,56.779392182826996,1.4936196394264698,16383.998640060425,0.0,25.0,0.0,1.0,0.050000000000000044,0.6971640028059483,0.5339766745455563,0.5439577111974359
full_action_q_dqn,815,355,82.53020548969508,84.71229067064823,28.32428042590618,54.205925026535986,1.524523675441742,16879.60699081421,0.0,25.0,0.0,1.0,0.050000000000000044,0.850272816605866,0.6513254009187222,0.6631580349057913
full_action_q_dqn,815,356,89.70380845069886,85.21450785137714,30.88796791434288,58.81584043204784,1.5885636806488037,18035.484035491943,0.0,27.0,0.0,2.0,0.050000000000000044,0.6425359724089503,0.4910850799642503,0.5048362836241722
full_action_q_dqn,815,357,76.83363817632198,84.1466165161878,26.101908706128597,50.7317296564579,1.4685619799420238,15429.07190322876,0.0,24.0,0.0,0.0,0.050000000000000044,0.7813219334930182,0.5977627597749233,0.611863873898983
full_action_q_dqn,815,358,90.45750551074744,84.00155273303392,31.393383912742138,59.064121255278586,1.5706443199887872,17795.953903198242,0.0,28.0,0.0,3.0,0.050000000000000044,0.8402478760108352,0.643565651960671,0.6556073799729347
full_action_q_dqn,815,359,91.960338139534,84.01239171653988,31.949227079749107,60.01111019551754,1.560419692657888,17985.04970932007,0.0,27.0,0.0,1.0,0.050000000000000044,0.8401328939944506,0.6431633718311787,0.65656503662467
full_action_q_dqn,815,360,84.90269308686257,84.53461631163955,30.84493039548397,54.05776275098324,1.523189309053123,17548.69704437256,0.0,25.0,0.0,1.0,0.050000000000000044,0.905995225533843,0.693454853259027,0.7084678867831826
full_action_q_dqn,815,361,75.95030865967274,85.00536728248002,25.837957367300987,50.112350860238074,1.4509825678542256,15120.533994674683,0.0,24.0,0.0,1.0,0.050000000000000044,0.7974417340010405,0.6099285492673516,0.6250438895076513
full_action_q_dqn,815,362,103.78624669611455,85.5991512810439,34.453177988529205,69.33306857347489,1.6479460299015045,19788.26495361328,0.0,29.0,0.0,1.0,0.050000000000000044,0.8198563056066632,0.6276988377794623,0.6405248548835516
full_action_q_dqn,815,363,94.00330175459385,86.13849914871157,30.73831169307232,63.26498985290527,1.5784275569021702,17698.245082855225,0.0,27.0,0.0,2.0,0.050000000000000044,0.8767358465120196,0.6709233205765486,0.6860416885465384
full_action_q_dqn,815,364,79.84821863472462,85.71479615390301,28.87914702296257,50.96907162666321,1.504450073465705,16469.727210998535,0.0,25.0,0.0,1.0,0.050000000000000044,0.6507831402122974,0.49845298659056425,0.5077671557664871
full_action_q_dqn,815,365,78.24993195533753,85.19883070521057,27.392734803259373,50.85719706267118,1.475376228801906,15592.647789001465,0.0,23.0,0.0,1.0,0.050000000000000044,0.9340058704838157,0.7151080435141921,0.7296593729406595
full_action_q_dqn,815,366,80.55897581577301,84.8733138614148,29.049102872610092,51.509873777627945,1.6018459424376488,17878.526502609253,0.0,23.0,0.0,0.0,0.050000000000000044,0.7043848428875208,0.5399807915091515,0.5480135129764676
full_action_q_dqn,815,367,91.86022062599659,85.41271532520652,30.29598441720009,61.56423655152321,1.5444652810692787,16972.087482452393,0.0,28.0,0.0,1.0,0.050000000000000044,0.7465731222182512,0.5713366232812405,0.5841216407716274
full_action_q_dqn,815,368,98.27204776704312,86.80271961241962,31.26066067814827,67.01138674616814,1.58978171646595,17840.5864944458,0.0,29.0,0.0,1.0,0.050000000000000044,0.9182757046073675,0.7026888714171946,0.7186227329075336
full_action_q_dqn,815,369,78.53786364197731,85.78445939570665,27.77302247285843,50.764840707182884,1.4818618930876255,15708.560802459717,0.0,24.0,0.0,0.0,0.050000000000000044,0.7778878742828965,0.5951883038505912,0.6089985463768244
full_action_q_dqn,815,370,64.54320450276137,84.93271637924018,24.883372373878956,39.659831979870795,1.409136421047151,14743.420459747314,0.0,20.0,0.0,2.0,0.050000000000000044,0.9444251405075192,0.7231370462104678,0.7376269474625587
full_action_q_dqn,815,371,82.11497149765492,84.83414554953576,30.13192294538021,51.98304798603058,1.5228849267587066,17204.106924057007,0.0,25.0,0.0,2.0,0.050000000000000044,0.7083500307053328,0.541746636852622,0.5553445965051651
full_action_q_dqn,815,372,102.82958906888962,85.20943095035852,32.88574010133743,69.94384856522083,1.653173791244626,18856.397888183594,0.0,31.0,0.0,1.0,0.050000000000000044,0.871515991166234,0.667722693644464,0.6793109904974699
full_action_q_dqn,815,373,75.11903138011694,85.34503278568387,27.145286664366722,47.97374487966299,1.4791332883760333,15849.90182876587,0.0,24.0,0.0,3.0,0.050000000000000044,0.6396343596279621,0.4892187574878335,0.5013853115960956
full_action_q_dqn,815,374,77.93934898972512,85.00007249221207,28.333031550049782,49.606317737698554,1.4986404906958342,16168.016723632812,0.0,24.0,0.0,2.0,0.050000000000000044,0.7800019765272737,0.5960469953715801,0.6131832180544734
full_action_q_dqn,815,375,77.37808269262314,84.74246635235846,26.89623811841011,50.4818440079689,1.4637571955099702,15533.396327972412,0.0,23.0,0.0,2.0,0.050000000000000044,0.8261091280728579,0.6320658624172211,0.6468108613044024
full_action_q_dqn,815,376,80.6035781532526,84.28745483748614,28.003576904535294,52.60000130832195,1.497799351811409,16416.204528808594,0.0,24.0,0.0,3.0,0.050000000000000044,1.0082540847361088,0.7728422805666924,0.7847060216590762
full_action_q_dqn,815,377,84.31648191809654,84.66159702457489,25.708664514124393,58.60781751573086,1.4488024786114693,14730.189693450928,0.0,27.0,0.0,1.0,0.050000000000000044,0.7132399333640933,0.5455589052289724,0.5589367467910051
full_action_q_dqn,815,378,79.98040335476398,84.1377419167757,29.302160248160362,50.67824355363846,1.5250672399997711,17065.06472015381,0.0,22.0,0.0,5.0,0.050000000000000044,0.8641133522614837,0.6610467741265893,0.6768885683268309
full_action_q_dqn,815,379,91.07634255439044,84.09354213751853,29.913850836455822,61.16249179244041,1.5589077826589346,17315.503818511963,0.0,27.0,0.0,1.0,0.050000000000000044,0.7012451617047191,0.5367605970241129,0.5482818242162466
full_action_q_dqn,815,380,90.795694693923,84.38819221787155,31.69967445731163,59.09602037072182,1.591358463279903,18293.749866485596,0.0,27.0,0.0,0.0,0.050000000000000044,0.6854075752198696,0.5242076525464654,0.5373330526053905
full_action_q_dqn,815,381,86.64929164350033,84.92314136706293,28.272094309329987,58.37719743847847,1.514337600208819,16130.425987243652,0.0,27.0,0.0,1.0,0.050000000000000044,0.7696257531642914,0.5894624423235655,0.6005443232133985
full_action_q_dqn,815,382,98.41180648803712,84.65441935665908,31.050203442573547,67.3616029560566,1.5754674961790442,17819.87424850464,0.0,30.0,0.0,1.0,0.050000000000000044,0.7844847338274121,0.6005375105887651,0.6131574185565114
full_action_q_dqn,815,383,70.23593800067901,83.46605116896332,25.689695112407207,44.5462427765131,1.408427156507969,14661.34732055664,0.0,23.0,0.0,2.0,0.050000000000000044,0.747091906145215,0.5712901717051864,0.5860057733952999
full_action_q_dqn,815,384,80.46506948918105,83.49689371168614,27.322857536375523,53.14221235513687,1.5088828541338444,16286.146514892578,0.0,25.0,0.0,2.0,0.050000000000000044,0.6420823112130165,0.49117019306868315,0.5030403658747673
full_action_q_dqn,815,385,85.99980693757534,83.88438746079802,29.86895451694727,56.13085241317749,1.5394136169925332,16874.677032470703,0.0,24.0,0.0,5.0,0.050000000000000044,0.7126514837145805,0.5464647826738656,0.5539556541480124
full_action_q_dqn,815,386,91.83220268785954,84.44804880440236,32.40904846787453,59.42315439879894,1.5676741832867265,18557.307098388672,0.0,27.0,0.0,1.0,0.050000000000000044,0.7783647133037448,0.5950636249035597,0.6110036177560687
full_action_q_dqn,815,387,84.32540978491306,84.07130826234818,28.57667315751314,55.74873632192612,1.469267375767231,16204.247253417969,0.0,27.0,0.0,0.0,0.050000000000000044,0.943841427564621,0.7232992458157241,0.7351405611261725
full_action_q_dqn,815,388,90.1458127886057,83.6649965134263,31.355537682771683,58.79027556777,1.5571991074830294,17756.24984741211,0.0,26.0,0.0,2.0,0.050000000000000044,0.6891559977084398,0.5269029838964343,0.5408433573320508
full_action_q_dqn,815,389,58.80412870645523,82.6783097666502,24.94829313457012,33.855835899710655,1.4175108075141907,14469.211608886719,0.0,19.0,0.0,1.0,0.050000000000000044,0.6400192566215992,0.48994261818006635,0.500255461782217
full_action_q_dqn,815,390,83.25111144930125,83.6137051139772,28.334819860756397,54.9162910670042,1.49861063901335,16285.916549682617,0.0,27.0,0.0,1.0,0.050000000000000044,0.8679488385096192,0.664349926635623,0.6786629902198911
full_action_q_dqn,815,391,88.8025369644165,83.94808338731528,29.590689927339554,59.211847335100174,1.5508099673315883,17080.604665756226,0.0,27.0,0.0,0.0,0.050000000000000044,0.8255630526691675,0.6316360346972942,0.6464233696460724
full_action_q_dqn,815,392,87.07656235396863,83.16043205156923,29.677436277270317,57.39912565946579,1.5391504764556885,17133.212965011597,0.0,26.0,0.0,2.0,0.050000000000000044,0.7409453019499779,0.5660088192671537,0.5831215651705861
full_action_q_dqn,815,393,75.35457993298769,83.17220947921277,27.446381874382496,47.90819899737835,1.4801568165421486,16237.441871643066,0.0,24.0,0.0,2.0,0.050000000000000044,0.6452701324597001,0.4928728314116597,0.5079909926280379
full_action_q_dqn,815,394,94.5589987307787,84.00319196626545,28.231753669679165,66.3272448450327,1.5348742678761482,16551.312187194824,0.0,30.0,0.0,4.0,0.050000000000000044,0.740493293851614,0.5663255713880062,0.5805590571835637
full_action_q_dqn,815,395,81.15058411061764,84.19181703716518,27.28520295023918,53.865381175279616,1.5188744477927685,16362.508281707764,0.0,25.0,0.0,1.0,0.050000000000000044,0.7295929165557027,0.5590969920158386,0.5683197202160954
full_action_q_dqn,815,396,87.23962601572275,84.52361943028868,28.29200928658247,58.9476170271635,1.5398545311763883,16657.021602630615,0.0,27.0,0.0,2.0,0.050000000000000044,0.8700503036379814,0.6659631729125977,0.6802903991192579
full_action_q_dqn,815,397,73.95136915147305,84.0053637919575,28.847584828734398,45.10378460586071,1.465415663085878,15884.666694641113,0.0,23.0,0.0,1.0,0.050000000000000044,0.7772945184260607,0.5960728339850903,0.6040722541511059
full_action_q_dqn,815,398,83.91575951129198,84.2021315997839,27.188968263566494,56.72679081559181,1.5090000908821821,15979.893775939941,0.0,26.0,0.0,0.0,0.050000000000000044,0.7341906391084194,0.5616986826062202,0.5749731389805675
full_action_q_dqn,815,399,87.47802581638098,84.02221576288342,29.453843884170055,58.024182349443436,1.5535786049440503,17442.554502487183,0.0,24.0,0.0,2.0,0.050000000000000044,0.869389571249485,0.665478827431798,0.6797024458646774
full_action_q_dqn,815,400,78.07327627539635,83.3860948419571,28.552151702344418,49.52112432718277,1.470045861788094,16241.24242401123,0.0,24.0,0.0,2.0,0.050000000000000044,0.6357642393559217,0.4863259559497237,0.4981275871396065
full_action_q_dqn,815,401,84.90926703214646,83.29909361138941,27.73276050388813,57.17650614082813,1.5128091061487794,16115.445068359375,0.0,27.0,0.0,1.0,0.050000000000000044,0.8262790599837899,0.6318774251267314,0.6480054324492812
full_action_q_dqn,815,402,73.20340511351824,82.03867354266347,25.848059445619583,47.35534552633762,1.4322944087907672,15174.927257537842,0.0,22.0,0.0,1.0,0.050000000000000044,0.6174083203077316,0.4725066740065813,0.48300547432154417
full_action_q_dqn,815,403,81.43098168075085,82.59842572666705,27.443111293017864,53.98787051439285,1.4796560360118747,15857.257080078125,0.0,25.0,0.0,0.0,0.050000000000000044,0.8513317927718163,0.6517131179571152,0.6653955485671759
full_action_q_dqn,815,404,76.62997144758701,82.40667082458735,27.240375518798828,49.38959566056728,1.4690670659765601,15951.79499053955,0.0,24.0,0.0,2.0,0.050000000000000044,0.7140738144516945,0.5459194760769606,0.5605144463479519
full_action_q_dqn,815,405,83.21119658052922,82.26724030673505,26.559762254357338,56.65143444538116,1.4682004386559129,15239.268592834473,0.0,26.0,0.0,2.0,0.050000000000000044,0.7122324341908097,0.5450655864551663,0.557222786359489
full_action_q_dqn,815,406,77.81002411544323,81.56613137811422,29.025789342820644,48.7842350333929,1.4981585433706641,16409.102745056152,0.0,24.0,0.0,2.0,0.050000000000000044,0.7171221515163779,0.5483596976846457,0.5625414876267314
full_action_q_dqn,815,407,93.00467899590731,82.00009483866394,28.478381730616093,64.52629725039006,1.5485539762303233,16666.945457458496,0.0,29.0,0.0,1.0,0.050000000000000044,0.9797196090221405,0.7511371783912182,0.7619414068758488
full_action_q_dqn,815,408,78.2764412328601,81.40662626087666,28.085336036980152,50.19110522568226,1.5186638440936804,16957.438514709473,0.0,24.0,0.0,2.0,0.050000000000000044,0.7016121232882142,0.5364389549940825,0.550577241461724
full_action_q_dqn,815,409,82.81404295861721,82.60712197348475,27.5831566080451,55.23088617920875,1.49637739546597,16538.50302886963,0.0,24.0,0.0,2.0,0.050000000000000044,0.6629625642672181,0.5068557094782591,0.5203561456874013
full_action_q_dqn,815,410,86.23707358837127,82.75642008043826,28.73967795073986,57.497395920753476,1.5003754096105695,16191.43809890747,0.0,25.0,0.0,4.0,0.050000000000000044,0.8040341287851334,0.616065064445138,0.6265635136514902
full_action_q_dqn,815,411,95.09964634627104,83.071275549531,31.795088328421116,63.304557436704634,1.587172388099134,18480.879524230957,0.0,28.0,0.0,2.0,0.050000000000000044,0.7590634226799011,0.5814205706119537,0.5921428417786956
full_action_q_dqn,815,412,72.33364190161228,82.33412952691317,25.728446826338768,46.6051949262619,1.4376483196392655,15262.01400756836,0.0,22.0,0.0,1.0,0.050000000000000044,0.8035762896761298,0.6153739374130964,0.6273411773145199
full_action_q_dqn,815,413,104.38057312369347,83.78542918644845,34.491415441036224,69.88915827870369,1.624657640233636,19528.635803222656,0.0,30.0,0.0,0.0,0.050000000000000044,0.6732878889888525,0.5151233281940222,0.527215151116252
full_action_q_dqn,815,414,60.11058591455221,82.06300854563715,24.00481552630663,36.105769941210745,1.3970423275604844,14334.188552856445,0.0,19.0,0.0,1.0,0.050000000000000044,0.7023988831788301,0.5373588651418686,0.5501333810389042
full_action_q_dqn,815,415,95.51135777831078,82.78104722902181,33.2863542586565,62.22500365376472,1.642797122709453,19372.49348449707,0.0,27.0,0.0,1.0,0.050000000000000044,0.8205228359438479,0.6283096754923463,0.64071049913764
full_action_q_dqn,815,416,85.77684439122677,82.707908147797,29.901366338133812,55.875477933883666,1.5081464359536767,16840.75456237793,0.0,28.0,0.0,1.0,0.050000000000000044,0.6913984008133411,0.5288557470776141,0.5418088245205581
full_action_q_dqn,815,417,90.24406156241893,83.5225427683443,30.143056459724903,60.10100467801094,1.5708698919042945,17409.157360076904,0.0,29.0,0.0,2.0,0.050000000000000044,0.575685509480536,0.44138956535607576,0.4476531147956848
full_action_q_dqn,815,418,72.68249007314444,82.96087929643691,28.855434216558933,43.82705622911453,1.5008982885628939,17185.364753723145,0.0,20.0,0.0,1.0,0.050000000000000044,0.6499431133270264,0.4977871370501816,0.5071865515783429
full_action_q_dqn,815,419,70.13923591375351,82.09393980130554,26.176615342497826,43.96262027323246,1.4877609247341752,15502.431694030762,0.0,22.0,0.0,1.0,0.050000000000000044,0.5856556668877602,0.4474457576870918,0.46069969795644283
full_action_q_dqn,815,420,70.06683720648289,81.69361784785987,25.779436573386192,44.28740073740482,1.427095907740295,15150.084251403809,0.0,22.0,0.0,0.0,0.050000000000000044,0.66110925283283,0.5054710684344172,0.5187939293682575
full_action_q_dqn,815,421,96.347341927886,82.26552159264683,29.740335285663605,66.60700677633285,1.5586247257888317,17020.818927764893,0.0,30.0,0.0,3.0,0.050000000000000044,0.6392005039379001,0.48807219648733735,0.5037610186263919
full_action_q_dqn,815,422,101.23052200973034,83.66687743745744,32.34320092946291,68.88732113242149,1.6015207171440125,18279.621864318848,0.0,30.0,0.0,2.0,0.050000000000000044,0.7908864673227072,0.6040506055578589,0.6227862145751715
full_action_q_dqn,815,423,90.54796354472637,84.12272653065622,29.053779244422913,61.494184374809265,1.5334937628358603,16928.972896575928,0.0,29.0,0.0,0.0,0.050000000000000044,0.6543587055057287,0.4996662586927414,0.5156414918601513
full_action_q_dqn,815,424,88.37943495213986,84.71019970588387,30.368440344929695,58.01099463701248,1.5980429230257869,17975.436668395996,0.0,25.0,0.0,1.0,0.050000000000000044,0.7967077251523733,0.610173124819994,0.6217819415032864
full_action_q_dqn,815,425,97.46253735721112,85.42276674471796,32.050847724080086,65.41168969273568,1.590281181037426,18385.27398300171,0.0,29.0,0.0,1.0,0.050000000000000044,0.7443743711337447,0.5695462515577674,0.5827603777870536
full_action_q_dqn,815,426,75.53420960307122,85.30897601909938,25.6431936994195,49.89101583659649,1.463552757166326,15351.79690361023,0.0,23.0,0.0,2.0,0.050000000000000044,0.7112471219152212,0.5443688482046127,0.5562608689069748
full_action_q_dqn,815,427,81.37546641528607,84.7275153900683,27.087734811007977,54.28773162662983,1.5037149973213673,15835.73942565918,0.0,25.0,0.0,1.0,0.050000000000000044,0.7251494247466326,0.5543520655483007,0.5693244813010097
full_action_q_dqn,815,428,68.07121749371291,84.21725420311095,26.608239881694317,41.462977388501166,1.4443991677835584,15863.827152252197,0.0,21.0,0.0,1.0,0.050000000000000044,0.7594546899199486,0.5814061798155308,0.5934950057417154
full_action_q_dqn,815,429,91.84977743923665,84.66904092714192,30.880585804581642,60.96919181346893,1.5753500554710627,18054.822776794434,0.0,27.0,0.0,1.0,0.050000000000000044,0.7669178359210491,0.5873963087797165,0.5984050519764423
full_action_q_dqn,815,430,86.00525627434254,84.65745006144049,29.105773627758026,56.899482601881026,1.5325172683224082,16537.668197631836,0.0,26.0,0.0,1.0,0.050000000000000044,0.6377235557883978,0.48827310651540756,0.4981681490316987
full_action_q_dqn,815,431,88.14156783521176,84.30954613588753,30.249040812253952,57.89252679944038,1.524923230521381,16938.135772705078,0.0,27.0,0.0,1.0,0.050000000000000044,0.8034109892323613,0.6142209749668837,0.6306333104148507
full_action_q_dqn,815,432,81.21699389219285,84.75371373541655,28.109309762716293,53.10768383145332,1.505273623391986,16340.597732543945,0.0,25.0,0.0,1.0,0.050000000000000044,0.7399270320311189,0.5661195926368237,0.5793580980971456
full_action_q_dqn,815,433,85.06942279040814,83.78815621875228,30.53303723037243,54.53638538122177,1.5436490159481764,17217.839893341064,0.0,25.0,0.0,1.0,0.050000000000000044,0.846939998678863,0.6482018232345581,0.662460564635694
full_action_q_dqn,815,434,90.33844270855188,85.29954905845226,32.02176446467638,58.31667815446853,1.6160266250371933,18579.32762145996,0.0,25.0,0.0,3.0,0.050000000000000044,0.7967523392289877,0.6102616582065821,0.621635602787137
full_action_q_dqn,815,435,79.63862114548684,84.50591222681106,27.33537694811821,52.30324355661869,1.4812442706897855,15499.689123153687,0.0,24.0,0.0,2.0,0.050000000000000044,0.5465540625154972,0.4169924706220627,0.43187198229134083
full_action_q_dqn,815,436,88.66826900988818,84.65048345774413,30.32291553169489,58.34535310566425,1.5661207791417837,17934.643829345703,0.0,27.0,0.0,1.0,0.050000000000000044,0.8314965665340424,0.6354320887476206,0.6535482667386532
full_action_q_dqn,815,437,72.55502421557904,83.76603159040215,27.529502242803574,45.02552198767662,1.4640607284381986,15768.290672302246,0.0,22.0,0.0,1.0,0.050000000000000044,0.6301006628200412,0.48165262257680297,0.4948267973959446
full_action_q_dqn,815,438,86.9491381496191,84.47936399422588,32.582011714577675,54.367126896977425,1.623881577514112,18924.271816253662,0.0,26.0,0.0,1.0,0.050000000000000044,0.7151236711069942,0.5465335426852107,0.5619670962914824
full_action_q_dqn,815,439,74.8964218735695,84.71722329221669,26.410919845104218,48.48550265431404,1.4475058186799288,15417.41561126709,0.0,22.0,0.0,2.0,0.050000000000000044,0.7705271607264876,0.5890900129452348,0.604790504090488
full_action_q_dqn,815,440,80.78405138105154,85.25308400094511,29.98050642758608,50.80354568362236,1.5474678268656135,17874.149627685547,0.0,23.0,0.0,0.0,0.050000000000000044,0.7085524769499898,0.5425583533942699,0.5533137526363134
full_action_q_dqn,815,441,99.19774043560028,85.39560392633082,33.083093747496605,66.11464665830135,1.6127382451668382,18753.11558532715,0.0,31.0,0.0,0.0,0.050000000000000044,0.9186755614355206,0.7038889192044735,0.7159554455429316
full_action_q_dqn,815,442,107.93124113976955,85.73063988283278,33.471279948949814,74.45996062457561,1.6427542828023434,19097.187480926514,0.0,33.0,0.0,1.0,0.050000000000000044,0.6873798696324229,0.5255698161199689,0.5393668171018362
full_action_q_dqn,815,443,97.33066030740738,86.06977472096682,30.358845189213753,66.9718145519495,1.5881380755454302,18034.4303855896,0.0,31.0,0.0,2.0,0.050000000000000044,0.8048906475305557,0.615634897723794,0.6308524515479803
full_action_q_dqn,815,444,70.56551785767078,85.17907886624337,26.27149596810341,44.294022500514984,1.4629928153008223,15163.521617889404,0.0,21.0,0.0,0.0,0.050000000000000044,0.6796813439577818,0.5201931810006499,0.5316272061318159
full_action_q_dqn,815,445,96.71526877582073,85.14171543717384,31.718802973628044,64.99646615982056,1.5725742476060987,18069.03491973877,0.0,29.0,0.0,0.0,0.050000000000000044,0.6378837935626507,0.48827839735895395,0.49868463119491935
full_action_q_dqn,815,446,67.99542716294528,84.76477631516757,24.147888742387295,43.84753834605217,1.420766999013722,14287.499698638916,0.0,22.0,0.0,1.0,0.050000000000000044,0.833442572504282,0.6372765847481787,0.6538866311311722
full_action_q_dqn,815,447,105.72172743976117,85.98208936639132,33.854728147387505,71.86699929237366,1.654775914736092,19251.990715026855,0.0,31.0,0.0,1.0,0.050000000000000044,0.6576048331335187,0.5029917797073722,0.5153768472373486
full_action_q_dqn,815,448,95.4365092664957,87.35035395503046,31.467998549342155,63.96851076185703,1.6100861253216863,18489.239097595215,0.0,29.0,0.0,1.0,0.050000000000000044,0.5361460782587528,0.4095074599608779,0.422128738835454
full_action_q_dqn,815,449,81.32481807470322,86.82410598680379,28.880769811570644,52.44404873251915,1.5269751260057092,16840.128826141357,0.0,24.0,0.0,1.0,0.050000000000000044,0.831400572322309,0.6363688432611525,0.6501057296991348
full_action_q_dqn,815,450,91.96969025731087,87.1223276859522,31.93262740969658,60.03706311583519,1.5812756922096014,18328.469467163086,0.0,27.0,0.0,2.0,0.050000000000000044,0.642318656668067,0.49190443148836493,0.5013807350769639
full_action_q_dqn,815,451,94.05033753812313,87.41776617109777,31.69521090388298,62.35512638092041,1.6396834859624505,18544.07103729248,0.0,28.0,0.0,1.0,0.050000000000000044,0.7220373824238777,0.5524501521140337,0.5652907202020288
full_action_q_dqn,815,452,75.24856645762921,87.11934479936959,27.36914151906967,47.8794250279665,1.4744660407304764,15839.815711975098,0.0,24.0,0.0,1.0,0.050000000000000044,0.7574401441961527,0.579645968042314,0.592647222802043
full_action_q_dqn,815,453,87.21688649952412,87.2267179848254,30.16502656042576,57.05186020731926,1.5866457456722856,17765.7335395813,0.0,27.0,0.0,1.0,0.050000000000000044,0.7904973700642586,0.6052712490782142,0.6174203744158149
full_action_q_dqn,815,454,81.48457900583745,86.78402479968966,28.579611212015152,52.904967764019965,1.5150712756440043,16637.351055145264,0.0,25.0,0.0,1.0,0.050000000000000044,0.6615072302520275,0.5061962977051735,0.5177030935883522
full_action_q_dqn,815,455,93.42951818555593,87.47356965169311,31.92067728191614,61.50884120166302,1.5394945703446865,18091.392868041992,0.0,28.0,0.0,0.0,0.050000000000000044,0.7520961482077837,0.5762642398476601,0.5861063320189714
full_action_q_dqn,815,456,88.18180501610041,87.44924645200373,30.766411118209362,57.415393912792204,1.578422567807138,17961.615772247314,0.0,27.0,0.0,1.0,0.050000000000000044,0.5800703698769212,0.44303801469504833,0.4567745076492429
full_action_q_dqn,815,457,87.67984710931778,88.20548759669067,30.639933489263058,57.03991376161575,1.5524067049846053,17334.77886581421,0.0,26.0,0.0,2.0,0.050000000000000044,0.6392386620864272,0.48777532018721104,0.5048777954652905
full_action_q_dqn,815,458,65.29828040599823,87.12294470950961,24.397340059280396,40.900940257310864,1.3931707292795181,14277.226173400879,0.0,21.0,0.0,3.0,0.050000000000000044,0.6685873297974467,0.5120095815509558,0.5219258051365614
full_action_q_dqn,815,459,87.92264776229858,87.77425600394606,28.544014543294907,59.3786335170269,1.5154268397018313,16894.529930114746,0.0,27.0,0.0,3.0,0.050000000000000044,0.6462191632017493,0.49445187114179134,0.505890947766602
full_action_q_dqn,815,460,88.01721290498972,88.13591408014297,30.168499566614628,57.84871304035187,1.5633969204500318,17646.385131835938,0.0,27.0,0.0,1.0,0.050000000000000044,0.6828033486381173,0.5229199538007379,0.5329446159303188
full_action_q_dqn,815,461,74.18136328607798,86.88509522266686,28.18493603914976,45.99642711281776,1.5211741952225566,16791.975204467773,0.0,23.0,0.0,1.0,0.050000000000000044,0.6946189366281033,0.5311802364885807,0.5447956351563334
full_action_q_dqn,815,462,89.2418275564909,85.95062454350293,31.500844463706017,57.74098343551159,1.5842954721301794,18085.484310150146,0.0,27.0,0.0,1.0,0.050000000000000044,0.7226052395999432,0.5536622051149607,0.56314342841506
full_action_q_dqn,815,463,80.5511155217886,85.111647304222,27.799291402101517,52.75182425379753,1.5192958135157824,16536.091800689697,0.0,25.0,0.0,3.0,0.050000000000000044,0.7650343030691147,0.5853946916759014,0.5987986624240875
full_action_q_dqn,815,464,94.87938773036004,86.32734079785646,32.224871806800365,62.65451602041721,1.5769339157268405,18536.782875061035,0.0,28.0,0.0,2.0,0.050000000000000044,0.778729135170579,0.5945809185504913,0.6138273682445288
full_action_q_dqn,815,465,93.53264905512333,86.1682098118216,29.99070344865322,63.54194623231888,1.5482337763532996,17438.031177520752,0.0,29.0,0.0,2.0,0.050000000000000044,0.6676727160811424,0.511325373314321,0.5211577778682113
full_action_q_dqn,815,466,83.97209890186787,86.96704339876771,30.16503517329693,53.80706362426281,1.5065986178815365,17214.49160385132,0.0,25.0,0.0,0.0,0.050000000000000044,0.7709821499884129,0.5902253156527877,0.6025227513164282
full_action_q_dqn,815,467,87.23088187724352,86.04250112064184,28.314154259860516,58.91672848165035,1.5197057342156768,16797.886184692383,0.0,26.0,0.0,0.0,0.050000000000000044,0.6534571005031466,0.4990941258147359,0.5145432325080037
full_action_q_dqn,815,468,86.70113830268383,85.60573257245123,28.686250865459442,58.01488734781742,1.519805452786386,17009.936100006104,0.0,26.0,0.0,1.0,0.050000000000000044,0.6589716132730246,0.5034398036077619,0.5184393543750048
full_action_q_dqn,815,469,86.5309973359108,85.86604153551161,29.477277606725693,57.05371975898743,1.5383916553109884,17314.25693511963,0.0,25.0,0.0,0.0,0.050000000000000044,0.7764776647090912,0.59460792504251,0.606232451274991
full_action_q_dqn,815,470,73.15953775495291,84.92553391039372,27.898583598434925,45.26095436513424,1.498676891438663,16300.731014251709,0.0,22.0,0.0,0.0,0.050000000000000044,0.7630301546305418,0.5839021475985646,0.5970933465287089
full_action_q_dqn,815,471,95.49117686152458,84.99757587656379,31.03654669970274,64.45463034808635,1.5516609577462077,17409.250030517578,0.0,29.0,0.0,2.0,0.050000000000000044,0.6310544721782207,0.48289187299087644,0.49387530144304037
full_action_q_dqn,815,472,91.12724987864495,85.7915100476146,29.790354147553444,61.33689516484738,1.5387977305799723,17124.04446029663,0.0,27.0,0.0,3.0,0.050000000000000044,0.6734838327392936,0.5151714230887592,0.5277079991064966
full_action_q_dqn,815,473,90.75453455746174,85.96839245051146,29.83166778087616,60.9228662699461,1.5796742988750339,17705.22287750244,0.0,28.0,0.0,0.0,0.050000000000000044,0.6986663229763508,0.5348175028339028,0.5461627319455147
full_action_q_dqn,815,474,92.34180321693421,86.5112536610663,30.20963741838932,62.13216634988785,1.5464141890406609,17251.71653366089,0.0,28.0,0.0,1.0,0.050000000000000044,0.7556319087743759,0.5784103088080883,0.5907386299222708
full_action_q_dqn,815,475,77.84918044060468,85.73223677381874,26.442350201308727,51.40683007538318,1.4553255876526237,15602.80725479126,0.0,26.0,0.0,2.0,0.050000000000000044,0.7593607837334275,0.5821315282955766,0.5907641556113958
full_action_q_dqn,815,476,98.55074738264084,86.25068389214576,32.82957266271114,65.72117397487163,1.6305061476305127,18856.116905212402,0.0,29.0,0.0,3.0,0.050000000000000044,0.6969042271375656,0.5335842240601778,0.5444000288844109
full_action_q_dqn,815,477,87.35035621523858,86.2342093474418,29.035556957125664,58.31479878127575,1.5411122469231486,16766.468955993652,0.0,26.0,0.0,2.0,0.050000000000000044,0.8225393127650023,0.629234055057168,0.6443508379161358
full_action_q_dqn,815,478,80.94760882407427,87.0166757683456,29.726932302117348,51.22067593336105,1.5664110509678721,17786.909004211426,0.0,24.0,0.0,3.0,0.050000000000000044,0.6882169414311647,0.5266430918127298,0.5385794593021274
full_action_q_dqn,815,479,76.89536160230637,86.46531146034599,26.79436030983925,50.101001262664795,1.490119787864387,16080.319915771484,0.0,24.0,0.0,0.0,0.050000000000000044,0.7855747286230326,0.6012803884223104,0.6143144574016333
full_action_q_dqn,815,480,85.51758505403996,86.34033006779849,30.38726855069399,55.13031677901745,1.5474208844825625,17771.355659484863,0.0,25.0,0.0,0.0,0.050000000000000044,0.6827355902642012,0.5230151601135731,0.532401405274868
full_action_q_dqn,815,481,89.95892983078957,87.12920839503408,29.98925058543682,59.96967966258526,1.529218696989119,17108.020587921143,0.0,27.0,0.0,1.0,0.050000000000000044,0.6331379879266024,0.4841898698359728,0.49649370554834604
full_action_q_dqn,815,482,91.09297646135091,87.22176584027707,30.944765724241734,60.14821094572544,1.563357463106513,17539.531505584717,0.0,28.0,0.0,3.0,0.050000000000000044,0.788125635124743,0.6033311188220978,0.6159816728904843
full_action_q_dqn,815,483,83.42395139485598,87.36540763393046,28.17632284015417,55.24762849509716,1.540418727323413,16737.22315597534,0.0,25.0,0.0,0.0,0.050000000000000044,0.6745545510202646,0.5169500345364213,0.5253483643755317
full_action_q_dqn,815,484,73.31504237651825,86.28719036623836,26.00746761262417,47.307574704289436,1.4779860731214285,15555.523029327393,0.0,24.0,0.0,0.0,0.050000000000000044,0.8247891711071134,0.6318361647427082,0.6431766217574477
full_action_q_dqn,815,485,75.52610749304294,85.38686328813434,26.7937363833189,48.73237118422985,1.4540019100531936,15872.696716308594,0.0,24.0,0.0,3.0,0.050000000000000044,0.704217997379601,0.5379467364400625,0.554237512871623
full_action_q_dqn,815,486,77.24750449657441,85.05063356786967,28.038081780076027,49.209422731399535,1.5037442538887262,16596.14651107788,0.0,23.0,0.0,4.0,0.050000000000000044,0.7570333471521735,0.5795604195445776,0.5915763918310404
full_action_q_dqn,815,487,87.08569860458374,85.04337440423669,29.354768060147762,57.73093028366566,1.5251938132569194,16750.361541748047,0.0,28.0,0.0,2.0,0.050000000000000044,0.6417836602777243,0.49120302265509963,0.501935439184308
full_action_q_dqn,815,488,88.34719921052456,85.12567744962872,30.57928542792797,57.76791431903839,1.6024570874869823,17953.520622253418,0.0,26.0,0.0,1.0,0.050000000000000044,0.6691053416579962,0.5113557334989309,0.5258320197463036
full_action_q_dqn,815,489,79.30537493824959,84.76439632974567,27.293795213103294,52.01157972514629,1.4988682623952627,16212.999935150146,0.0,25.0,0.0,2.0,0.050000000000000044,0.6710074627771974,0.5132480654865503,0.5258646318688989
full_action_q_dqn,815,490,93.74529828131199,85.79368435606361,32.645602196455,61.099696055054665,1.628362376242876,18793.432132720947,0.0,27.0,0.0,0.0,0.050000000000000044,0.6406545164063573,0.48977480735629797,0.5029323529452085
full_action_q_dqn,815,491,79.82812582701445,85.01053180433811,26.704351671040058,53.12377451360226,1.501623778603971,16050.832439422607,0.0,25.0,0.0,1.0,0.050000000000000044,0.6589632257819176,0.5041120834648609,0.5161704532802105
full_action_q_dqn,815,492,82.56114561259747,84.58222659103572,27.556380197405815,55.0047645509243,1.5058969305828214,15828.4359664917,0.0,24.0,0.0,3.0,0.050000000000000044,0.8254790920764208,0.6311591845005751,0.6477329982444644
full_action_q_dqn,815,493,68.82180019021034,83.48558987267316,24.971267879009247,43.85053240060806,1.439643282443285,15088.941612243652,0.0,21.0,0.0,2.0,0.050000000000000044,0.6831095051020384,0.5232724491506815,0.5327901681885123
full_action_q_dqn,815,494,80.67314065992832,82.90215674482286,25.966859251260757,54.706281304359436,1.469730026088655,15633.16707611084,0.0,25.0,0.0,1.0,0.050000000000000044,0.6958213457837701,0.5323974033817649,0.5447464762255549
full_action_q_dqn,815,495,74.91077979803086,82.75523671269418,26.675606459379196,48.2351738601923,1.5079361768439412,15915.163902282715,0.0,23.0,0.0,3.0,0.050000000000000044,0.7031858842819929,0.5378440991044044,0.5511392587795854
full_action_q_dqn,815,496,82.42370501309634,81.94888459421693,27.24367716163397,55.18002816438675,1.4845266109332442,15533.135564804077,0.0,25.0,0.0,1.0,0.050000000000000044,0.752407880499959,0.576617194339633,0.5859688883647323
full_action_q_dqn,815,497,69.67256284654141,81.06499492578209,25.54181097447872,44.1307516336441,1.4320174707099795,14731.744850158691,0.0,22.0,0.0,1.0,0.050000000000000044,0.7846505530178547,0.601973544806242,0.6089233476668596
full_action_q_dqn,815,498,84.96302850842476,81.26576590999962,30.19966532289982,54.76336348354816,1.5612889947369695,17722.330951690674,0.0,24.0,0.0,2.0,0.050000000000000044,0.6722537307068706,0.5139614711515605,0.5276408400386572
full_action_q_dqn,815,499,69.97497813403606,80.9197467365861,24.955525279045105,45.01945312321186,1.4172219838947058,14792.836151123047,0.0,21.0,0.0,0.0,0.050000000000000044,0.7535985903814435,0.5770043339580297,0.58864751085639
full_action_q_dqn,815,500,87.02887490391731,80.99531122907996,31.08906328678131,55.93981157243252,1.5861246613785625,18401.423767089844,0.0,25.0,0.0,1.0,0.050000000000000044,0.7023080587387085,0.5381985064595938,0.5470317862927914
full_action_q_dqn,815,501,74.38118302971125,80.21642388902605,27.837218925356865,46.54396362751722,1.480053849518299,16009.372150421143,0.0,22.0,0.0,1.0,0.050000000000000044,0.8087978204712272,0.6196846598759294,0.6303771622478962
full_action_q_dqn,815,502,102.13816530406476,80.76868333116174,32.474794179201126,69.66337078213692,1.6357118412852287,18814.76717376709,0.0,30.0,0.0,1.0,0.050000000000000044,0.5882622562348843,0.4484631773084402,0.4659968875348568
full_action_q_dqn,815,503,84.65843301415444,80.83040741212668,26.93325427174568,57.72517884671688,1.4737823270261288,15439.86544418335,0.0,27.0,0.0,1.0,0.050000000000000044,0.5987681383267045,0.457894513849169,0.4695787229575217
full_action_q_dqn,815,504,85.40135323554277,81.43472295507789,28.77476642280817,56.6265862762928,1.5357780540362,16645.80881690979,0.0,25.0,0.0,2.0,0.050000000000000044,0.6400051852688193,0.48900535330176353,0.5033327722921968
full_action_q_dqn,815,505,94.94429682195187,82.40563242152334,30.833296820521355,64.1109997779131,1.5968743655830622,17872.79656600952,0.0,29.0,0.0,0.0,0.050000000000000044,0.7316054282709956,0.5613131951540709,0.567640776745975
full_action_q_dqn,815,506,78.39016989022494,82.46276569120587,29.548925139009953,48.841244184970854,1.53475512098521,17332.49764251709,0.0,23.0,0.0,1.0,0.050000000000000044,0.768837402574718,0.5882792714983225,0.6018604235723615
full_action_q_dqn,815,507,90.95572667568922,82.65626709476113,30.355386085808277,60.600340098142624,1.5682192780077457,18117.06946182251,0.0,27.0,0.0,1.0,0.050000000000000044,0.548406814225018,0.4193662814795971,0.4301350926980376
full_action_q_dqn,815,508,84.0368771776557,82.44075099311769,28.32913514971733,55.707742273807526,1.5259939031675458,16837.82579421997,0.0,26.0,0.0,0.0,0.050000000000000044,0.7557558547705412,0.5787362456321716,0.5900653069838881
full_action_q_dqn,815,509,82.53723669052124,82.60234408073129,29.696514576673508,52.84072211384773,1.5338771920651197,17250.241411209106,0.0,26.0,0.0,0.0,0.050000000000000044,0.7806608472019434,0.5982202757149935,0.6081351991742849
full_action_q_dqn,815,510,78.46135357022285,81.83814684517681,28.193505972623825,50.26784731447697,1.476478423923254,16222.180080413818,0.0,24.0,0.0,2.0,0.050000000000000044,0.6563635338097811,0.5018964102491736,0.5148903839290142
full_action_q_dqn,815,511,73.28951823711395,81.51121646568178,26.308176413178444,46.981341794133186,1.4332436956465244,15171.881589889526,0.0,23.0,0.0,1.0,0.050000000000000044,0.7043278617784381,0.5389472926035523,0.551268539391458
full_action_q_dqn,815,512,94.2376055419445,82.09503946214915,31.618050262331963,62.619555577635765,1.6446310579776764,18726.236728668213,0.0,29.0,0.0,1.0,0.050000000000000044,0.5765895415097475,0.439781894441694,0.4560254570096731
full_action_q_dqn,815,513,68.62050391435623,82.08497464835645,24.68312855064869,43.937374752759936,1.4129537558183074,14221.234386444092,0.0,22.0,0.0,4.0,0.050000000000000044,0.7130544669926167,0.5450065694749355,0.5601596515625715
full_action_q_dqn,815,514,89.82569227516652,82.54260222911836,29.864691123366356,59.96100097298622,1.5651309341192245,17551.471210479736,0.0,27.0,0.0,4.0,0.050000000000000044,0.777883630245924,0.5951311029493809,0.6091750394552946
full_action_q_dqn,815,515,83.82102599143983,82.9881145387888,28.19272278994322,55.62830355167389,1.5223327623680234,16909.1167678833,0.0,25.0,0.0,3.0,0.050000000000000044,0.6846059998497367,0.5244386652484536,0.53389111161232
full_action_q_dqn,815,516,72.5249105334282,82.4931748148054,25.592377245426178,46.932533198595046,1.453185616992414,15194.569524765015,0.0,22.0,0.0,1.0,0.050000000000000044,0.7624379778280854,0.5841489154845476,0.5942968307062984
full_action_q_dqn,815,517,93.21410059332848,83.67025170214475,31.2159853130579,61.9981151163578,1.575622201897204,17982.95615386963,0.0,29.0,0.0,1.0,0.050000000000000044,0.6657833009958267,0.5088898409157991,0.5229781679809093
full_action_q_dqn,815,518,68.49131615459919,82.84666608445347,24.984434336423874,43.50688134133816,1.4233755907043815,14712.394355773926,0.0,21.0,0.0,0.0,0.050000000000000044,0.8331141863018274,0.6381102465093136,0.6500131208449602
full_action_q_dqn,815,519,91.44610242843628,83.92022229917349,29.94360437989235,61.50249810814857,1.5737950103357434,17484.217460632324,0.0,26.0,0.0,3.0,0.050000000000000044,0.7432493874803185,0.5692084692418575,0.5801363661885262
full_action_q_dqn,815,520,82.96260007619858,83.71690855778755,27.367566116154194,55.59503366947174,1.4893721621483564,16076.807907104492,0.0,26.0,0.0,2.0,0.050000000000000044,0.6899709813296795,0.5282111801207066,0.5391993401572108
full_action_q_dqn,815,521,88.54019738733768,84.42485927566887,29.424745842814445,59.115451753139496,1.5489378040656447,17203.998695373535,0.0,27.0,0.0,2.0,0.050000000000000044,0.8616471588611603,0.6606072671711445,0.6701329611241817
full_action_q_dqn,815,522,92.20387960374356,83.92814499065281,29.912752956151962,62.2911257982254,1.5730820279568434,17868.331645965576,0.0,27.0,0.0,1.0,0.050000000000000044,0.7574107991531491,0.5793051403015852,0.5936855236068368
full_action_q_dqn,815,523,69.70906068384647,83.18067637413742,24.446273401379585,45.26278755068779,1.4146591201424599,14429.300952911377,0.0,22.0,0.0,0.0,0.050000000000000044,0.726923756301403,0.5563941542059183,0.5684319939464331
full_action_q_dqn,815,524,88.67285316586495,83.34425137065352,28.74176634848118,59.93108635544777,1.5241604708135128,16844.203742980957,0.0,27.0,0.0,3.0,0.050000000000000044,0.5695632547140121,0.43572861328721046,0.4461154416203499
full_action_q_dqn,815,525,90.37887717783451,83.11598038844765,27.42405939102173,62.9548177421093,1.5173921408131719,16025.218505859375,0.0,29.0,0.0,1.0,0.050000000000000044,0.6376264574937522,0.4874328803271055,0.5006452184170485
full_action_q_dqn,815,526,93.39129863083363,83.86603682547809,29.988259628415108,63.403039613366126,1.5708358362317085,17471.37905883789,0.0,28.0,0.0,1.0,0.050000000000000044,0.6440150802955031,0.49232340324670076,0.5056388881057501
full_action_q_dqn,815,527,78.76558738946915,83.25652986116708,30.217968240380287,48.54761926829815,1.5456933556124568,17977.0622882843,0.0,25.0,0.0,1.0,0.050000000000000044,0.6521762274205685,0.49842113023623824,0.5125169805251062
full_action_q_dqn,815,528,93.84480288624763,83.74692614659668,30.939907282590866,62.90489560365677,1.5870306752622128,18037.125701904297,0.0,30.0,0.0,0.0,0.050000000000000044,0.7624263167381287,0.5839258255437016,0.5950015895068645
full_action_q_dqn,815,529,72.42636829018593,83.24138272657993,27.100951567292213,45.32541646957397,1.4759941967204213,16091.040493011475,0.0,22.0,0.0,2.0,0.050000000000000044,0.6145931072533131,0.47115297289565206,0.47813380137085915
full_action_q_dqn,815,530,99.2288080021739,84.27975544817747,30.398344591259956,68.83046405911446,1.5870286216959357,17834.86394882202,0.0,31.0,0.0,1.0,0.050000000000000044,0.8084180215373635,0.6183566665276885,0.6335378233343363
full_action_q_dqn,815,531,81.35913602411748,84.68323633752766,27.99351891875267,53.36561728417873,1.5116045083850622,16330.351734161377,0.0,24.0,0.0,1.0,0.050000000000000044,0.7238494101911783,0.5545433387160301,0.5643535368144512
full_action_q_dqn,815,532,78.67353765815497,83.90503294333817,26.974189199507236,51.69934874176979,1.4690538318827748,15815.447093963623,0.0,24.0,0.0,1.0,0.050000000000000044,0.6469317404553294,0.4956132178194821,0.5043950593098998
full_action_q_dqn,815,533,73.83054518252611,84.16553500674667,27.422236144542694,46.40830901563167,1.4791101487353444,16215.990940093994,0.0,25.0,0.0,2.0,0.050000000000000044,0.7651544846594334,0.5852569951675832,0.5996582563966513
full_action_q_dqn,815,534,76.438871152699,83.49619395062328,28.21324323862791,48.22562721371651,1.5141006736084819,16815.410179138184,0.0,24.0,0.0,2.0,0.050000000000000044,0.7148061031475663,0.5469499593600631,0.559520460665226
full_action_q_dqn,815,535,66.81000992059708,82.64564314708115,25.64547823369503,41.16453211903572,1.4538992140442133,14974.476123809814,0.0,20.0,0.0,2.0,0.050000000000000044,0.7286634258925915,0.5582554065622389,0.5680267000570893
full_action_q_dqn,815,536,85.00246168673038,83.26952070474626,27.263578981161118,57.738883063197136,1.5022121164947748,16246.266426086426,0.0,27.0,0.0,0.0,0.050000000000000044,0.7804508525878191,0.5980976903811097,0.6078437971882522
full_action_q_dqn,815,537,91.35391044616699,83.17651119738818,33.01135218143463,58.34255848824978,1.6215173322707415,18566.026779174805,0.0,26.0,0.0,2.0,0.050000000000000044,0.6233849348500371,0.4770538341253996,0.4877703320235014
full_action_q_dqn,815,538,81.01627428233624,83.80275910377505,28.717161506414413,52.29911291003227,1.5584791116416454,17239.18390274048,0.0,24.0,0.0,2.0,0.050000000000000044,0.727559489198029,0.5575825180858374,0.56658985465765
full_action_q_dqn,815,539,90.30480167418719,83.74569406606258,29.505004316568375,60.79979752898216,1.5213907659053802,16882.37922668457,0.0,27.0,0.0,2.0,0.050000000000000044,0.7212566453963518,0.5518428403884172,0.5647126622498035
full_action_q_dqn,815,540,75.8961833268404,83.39237322859466,27.450458236038685,48.445725321769714,1.4734653364866972,16265.239471435547,0.0,22.0,0.0,1.0,0.050000000000000044,0.7261447124183178,0.555586657486856,0.5685268081724644
full_action_q_dqn,815,541,94.09155310690403,83.66994101457298,30.136613085865974,63.9549400806427,1.5842915726825595,17747.874794006348,0.0,29.0,0.0,1.0,0.050000000000000044,0.7252940349280834,0.5556376557797194,0.5655212327837944
full_action_q_dqn,815,542,79.44649721235037,83.03207189500333,29.12558040767908,50.32091699838638,1.5422667982056737,16846.105377197266,0.0,23.0,0.0,2.0,0.050000000000000044,0.7390973512083292,0.5662475097924471,0.5761661189608276
full_action_q_dqn,815,543,73.63263527303934,83.22825062446296,25.48279196768999,48.149843126535416,1.422043283469975,14727.64245223999,0.0,24.0,0.0,0.0,0.050000000000000044,0.7440650369971991,0.5691963881254196,0.5828954740427434
full_action_q_dqn,815,544,96.4472051203251,83.61696822218597,33.60119913518429,62.84600588083267,1.625992969609797,19194.536834716797,0.0,28.0,0.0,1.0,0.050000000000000044,0.6337413694709539,0.4847581898793578,0.4966106070205569
full_action_q_dqn,815,545,85.99582244753837,83.39781548567116,29.242462798953056,56.753359007835385,1.5490592075511813,17026.439640045166,0.0,24.0,0.0,2.0,0.050000000000000044,0.8995902705937624,0.6881152596324682,0.7049166858196259
full_action_q_dqn,815,546,84.84646198302508,82.97057365328075,28.537041403353214,56.30941999852657,1.5375869870185852,17007.31089782715,0.0,26.0,0.0,1.0,0.050000000000000044,0.7652041185647249,0.586333803832531,0.5962344221770763
full_action_q_dqn,815,547,100.38116940259934,84.05135275393727,31.51267781853676,68.86849156916142,1.6024490278214216,18159.704124450684,0.0,29.0,0.0,1.0,0.050000000000000044,0.6466759759932756,0.4951212201267481,0.5051824757829309
full_action_q_dqn,815,548,77.6126458376646,83.2397449015081,27.265753597021103,50.34689267277717,1.4538265774026513,16151.173927307129,0.0,23.0,0.0,2.0,0.050000000000000044,0.6134905843064189,0.4694133512675762,0.48025741055607796
full_action_q_dqn,815,549,86.004699036479,83.91866143882277,28.79730549454689,57.207393646240234,1.5174964051693678,16836.053855895996,0.0,27.0,0.0,1.0,0.050000000000000044,0.6378702716901898,0.48815137427300215,0.499062979593873
full_action_q_dqn,815,550,99.4340769648552,83.92892488695682,31.11714018881321,68.31693655252457,1.6351833688095212,18513.649894714355,0.0,29.0,0.0,2.0,0.050000000000000044,0.5806543426588178,0.44431988149881363,0.4544481923803687
full_action_q_dqn,815,551,63.42012182623148,83.03197417706252,24.742459885776043,38.67766198515892,1.4106951411813498,14670.127067565918,0.0,19.0,0.0,0.0,0.050000000000000044,0.700517144985497,0.5362539673224092,0.5475439457222819
full_action_q_dqn,815,552,78.39279540777207,83.01793706454337,25.85601906478405,52.53677655160427,1.469454231671989,15671.525115966797,0.0,24.0,0.0,3.0,0.050000000000000044,0.6374209681525826,0.4873809036798775,0.5001335451379418
full_action_q_dqn,815,553,97.41624787449837,84.19722219914199,33.16135377436876,64.2548947930336,1.6023798352107406,19105.20425415039,0.0,30.0,0.0,1.0,0.050000000000000044,0.697045573964715,0.5334327481687069,0.5453760866075754
full_action_q_dqn,815,554,107.00966523885727,85.72576190344991,34.98472926020622,72.02493614256382,1.6772701581940055,19765.78992843628,0.0,31.0,0.0,4.0,0.050000000000000044,0.7816968243569136,0.5988571336492896,0.6094656018540263
full_action_q_dqn,815,555,87.78029185533524,86.7742760001868,30.26152041554451,57.518771559000015,1.5471564326435328,17389.202655792236,0.0,26.0,0.0,1.0,0.050000000000000044,0.6334400558844209,0.48488300293684006,0.4951901603490114
full_action_q_dqn,815,556,77.58597634881735,86.40345173329116,26.06807065755129,51.51790554225445,1.4483292670920491,15095.815181732178,0.0,24.0,0.0,2.0,0.050000000000000044,0.6451510060578585,0.49341390701010823,0.5057903062552214
full_action_q_dqn,815,557,90.65276430547237,86.36839442625643,29.744780749082565,60.90798345208168,1.5260808058083057,16800.701972961426,0.0,27.0,0.0,1.0,0.050000000000000044,0.575964794959873,0.44053096882998943,0.4514460628852248
full_action_q_dqn,815,558,67.72788348197938,85.70397488623858,25.70140016078949,42.0264835447073,1.4518607445061207,15136.728275299072,0.0,21.0,0.0,1.0,0.050000000000000044,0.7609625486657023,0.5819830112159252,0.5965984221547842
full_action_q_dqn,815,559,100.66719929873943,86.2220947674662,32.73389898240566,67.93330073356628,1.6254343511536717,18970.615043640137,0.0,31.0,0.0,0.0,0.050000000000000044,0.5477533619850874,0.4192173080518842,0.4284534929320216
full_action_q_dqn,815,560,85.66206462234258,86.7103888322413,28.77890533953905,56.88315958082676,1.543260813690722,17001.128425598145,0.0,26.0,0.0,2.0,0.050000000000000044,0.6989240068942308,0.5346187260001898,0.5476842503994703
full_action_q_dqn,815,561,93.80017457008361,86.69581990540027,29.666317731142044,64.13385679423808,1.5715544875711203,17168.12074279785,0.0,28.0,0.0,5.0,0.050000000000000044,0.6838996410369873,0.5242521576583385,0.5321582481265068
full_action_q_dqn,815,562,84.83283023834228,86.96513655669986,27.218193419277668,57.61463652849197,1.4635615842416883,15502.093158721924,0.0,27.0,0.0,5.0,0.050000000000000044,0.5417697969824076,0.413688650354743,0.42693713400512934
full_action_q_dqn,815,563,74.07466096580029,86.98723784133792,28.17153809964657,45.90312232971191,1.5358091574162245,16990.991901397705,0.0,21.0,0.0,1.0,0.050000000000000044,0.677597913891077,0.5188545696437359,0.5291444789618254
full_action_q_dqn,815,564,102.27511774003506,87.2786334723234,33.95903068780899,68.3160871565342,1.6561531005427241,19674.38916015625,0.0,30.0,0.0,2.0,0.050000000000000044,0.7851626686751842,0.6015633530914783,0.6119977310299873
full_action_q_dqn,815,565,87.76297491192818,87.36699109554291,30.05286568403244,57.710109227895735,1.560901335440576,17670.948890686035,0.0,27.0,0.0,3.0,0.050000000000000044,0.6097229737788439,0.4665852691978216,0.47712566796690226
full_action_q_dqn,815,566,72.30637628734112,86.73998681075872,25.700052000582218,46.60632421970367,1.4275095276534557,14609.99568939209,0.0,22.0,0.0,1.0,0.050000000000000044,0.7387922201305628,0.5664323344826698,0.574532950296998
full_action_q_dqn,815,567,86.46303732693195,86.04408020697534,28.883360117673874,57.5796777009964,1.5298159355297685,16977.0811958313,0.0,26.0,0.0,1.0,0.050000000000000044,0.7343912236392498,0.5620361119508743,0.5745170209556818
full_action_q_dqn,815,568,89.50681266486644,86.63878854833544,29.712780088186264,59.79403229355812,1.545180568471551,16928.21576309204,0.0,27.0,0.0,2.0,0.050000000000000044,0.8189675305038691,0.6266994401812553,0.64089360460639
full_action_q_dqn,815,569,75.1016025096178,86.09363372199238,25.586220160126686,49.515382409095764,1.4475550996139646,15386.151424407959,0.0,23.0,0.0,1.0,0.050000000000000044,0.6341545237228274,0.48569895699620247,0.4948518704622984
full_action_q_dqn,815,570,94.08879652917385,85.8263697002083,30.544881522655487,63.543914946913716,1.5624240953475237,17534.35517501831,0.0,27.0,0.0,2.0,0.050000000000000044,0.6464707115665078,0.4949402520433068,0.5051015252247453
full_action_q_dqn,815,571,88.87854252904654,87.09929073534906,28.875349454581738,60.00319301486015,1.5253265667706728,16611.783180236816,0.0,28.0,0.0,3.0,0.050000000000000044,0.5897515504620969,0.45142644038423896,0.46108368365094066
full_action_q_dqn,815,572,88.38020528256894,87.59866122908892,31.01696018129587,57.36324545145035,1.591256103478372,17977.494693756104,0.0,29.0,0.0,2.0,0.050000000000000044,0.6015908718109131,0.4601383740082383,0.4715082682669163
full_action_q_dqn,815,573,77.06997045874596,86.58134735830129,27.838247314095497,49.231722965836525,1.489800083450973,16558.83034515381,0.0,24.0,0.0,1.0,0.050000000000000044,0.6692230217158794,0.5120101338252425,0.5240429220721126
full_action_q_dqn,815,574,78.87857283353806,85.17479273803534,27.17451173067093,51.704060804843905,1.459002654068172,15853.831386566162,0.0,25.0,0.0,4.0,0.050000000000000044,0.6701846569776535,0.5122184129431844,0.5265541132539511
full_action_q_dqn,815,575,71.24170317947865,84.3478633042425,25.41887302696705,45.82283039093018,1.4020497715100646,14472.76565170288,0.0,23.0,0.0,3.0,0.050000000000000044,0.675544566474855,0.5173290581442416,0.5273850071243942
full_action_q_dqn,815,576,83.1391095995903,84.62551996678116,29.11765345931053,54.02145602107048,1.5248158937320113,17155.96269607544,0.0,25.0,0.0,2.0,0.050000000000000044,0.6861965120770037,0.5251848502084613,0.5367055172100663
full_action_q_dqn,815,577,77.19815730452538,83.9527896167338,27.552269116044044,49.645888143777846,1.4740818971768022,15784.08922958374,0.0,25.0,0.0,1.0,0.050000000000000044,0.5420246692374349,0.4144240263849497,0.4253354496322572
full_action_q_dqn,815,578,97.22635305225849,85.42771309524775,31.930469825863838,65.29588339030742,1.6136806420981884,18560.11183166504,0.0,28.0,0.0,2.0,0.050000000000000044,0.5343282036483288,0.40791830560192466,0.421366308350116
full_action_q_dqn,815,579,89.4634240269661,84.86752433165907,28.65747334063053,60.805950820446014,1.5181844653561711,16171.49600982666,0.0,29.0,0.0,0.0,0.050000000000000044,0.5850274758413434,0.4473704043775797,0.45885692350566387
full_action_q_dqn,815,580,81.89127905666828,84.67898505337537,28.502140253782272,53.38913930952549,1.5236991178244352,16802.337043762207,0.0,25.0,0.0,1.0,0.050000000000000044,0.5481470329686999,0.419682496227324,0.42821510694921017
full_action_q_dqn,815,581,77.6343166410923,83.8706921569258,27.38755302131176,50.24676414132118,1.5200761798769236,16277.685203552246,0.0,22.0,0.0,3.0,0.050000000000000044,0.6785137038677931,0.5186114651151001,0.5330074178054929
full_action_q_dqn,815,582,84.79088976979256,83.8685951334983,28.643732845783234,56.1471571624279,1.5555194523185492,17066.134119033813,0.0,26.0,0.0,0.0,0.050000000000000044,0.6438902392983437,0.4930719919502735,0.5027274498715997
full_action_q_dqn,815,583,62.88370452225208,83.3090473113209,24.502758525311947,38.380946376919745,1.3977875420823693,14134.335790634155,0.0,19.0,0.0,1.0,0.050000000000000044,0.5744416024535894,0.4386240802705288,0.45272508449852467
full_action_q_dqn,815,584,84.35331853628159,82.41295735113323,28.346225932240486,56.007092440128325,1.5469421185553074,16832.607194900513,0.0,27.0,0.0,1.0,0.050000000000000044,0.7788048218935728,0.5969141628593206,0.6063021770678461
full_action_q_dqn,815,585,68.3885134011507,81.44423427559437,26.084691539406776,42.303821474313736,1.43035255279392,15399.711288452148,0.0,23.0,0.0,0.0,0.050000000000000044,0.5284119183197618,0.40433955332264304,0.4135745302774012
full_action_q_dqn,815,586,68.27910217940807,81.24287057019771,25.235665425658226,43.04343660473823,1.4481881223618984,15597.504249572754,0.0,20.0,0.0,4.0,0.050000000000000044,0.6021203519776464,0.4604746578261256,0.4721522834151983
full_action_q_dqn,815,587,96.89390776455403,81.76441409207881,31.355388537049294,65.5385187059641,1.6238476848229766,18406.08055496216,0.0,28.0,0.0,3.0,0.050000000000000044,0.5812286790460348,0.44478380959481,0.4548162193968892
full_action_q_dqn,815,588,69.10129492729902,80.74413820520043,24.819799475371838,44.28149554133415,1.4305084021762013,15050.320392608643,0.0,24.0,0.0,0.0,0.050000000000000044,0.6498510409146547,0.4979371437802911,0.5063796415925026
full_action_q_dqn,815,589,74.22177313417197,80.70014673642814,26.848224706947803,47.37354817390442,1.4991167588159442,16324.388034820557,0.0,23.0,0.0,2.0,0.050000000000000044,0.7850738000124693,0.6013667527586222,0.612356785684824
full_action_q_dqn,815,590,97.53166117668152,80.87228996880353,34.03553829342127,63.496122577786444,1.6574688907712698,19795.400386810303,0.0,29.0,0.0,1.0,0.050000000000000044,0.6724142543971539,0.5142135047353804,0.527335814666003
full_action_q_dqn,815,591,84.10201418548823,80.63346355162562,28.695366829633713,55.40664731860161,1.5450400151312351,17144.611328125,0.0,25.0,0.0,3.0,0.050000000000000044,0.5383106088265777,0.4105821237899363,0.4257615967653692
full_action_q_dqn,815,592,82.68793422877789,80.34884999893606,28.59694604575634,54.09098871946335,1.5331008853390813,16749.095081329346,0.0,26.0,0.0,1.0,0.050000000000000044,0.6314324606209993,0.48378530889749527,0.49215716030448675
full_action_q_dqn,815,593,86.80760981291533,80.83573196664454,27.88219065219164,58.925419533252715,1.5113188158720732,16632.15687942505,0.0,27.0,0.0,1.0,0.050000000000000044,0.6188059169799089,0.4727300629019737,0.4869195129722357
full_action_q_dqn,815,594,99.04891906678677,81.84424927830698,33.292119935154915,65.75679931044579,1.5968799861148,18358.174072265625,0.0,29.0,0.0,1.0,0.050000000000000044,0.8484737137332559,0.6501188008114696,0.6611830601468682
full_action_q_dqn,815,595,97.18731380403042,83.14152980953456,30.299987249076366,66.88732627928258,1.570443862117827,17596.908031463623,0.0,30.0,0.0,2.0,0.050000000000000044,0.7848908929154277,0.6015495918691158,0.6111376378685236
full_action_q_dqn,815,596,72.76337018311024,82.62274283871055,27.10265727341175,45.66071280539036,1.4708132930099964,15749.762916564941,0.0,22.0,0.0,3.0,0.050000000000000044,0.6617056652903557,0.5065893922001123,0.5170542150735855
full_action_q_dqn,815,597,77.96291293352843,82.66098062016071,28.54189132899046,49.421021649241446,1.5110150584951043,16434.53540802002,0.0,22.0,0.0,1.0,0.050000000000000044,0.496180416084826,0.3791750315576792,0.3900179164484143
full_action_q_dqn,815,598,87.96686508655549,82.19800622187557,29.654762119054794,58.31210302710533,1.5296834334731102,17259.446645736694,0.0,26.0,0.0,1.0,0.050000000000000044,0.6180101623758674,0.47298047691583633,0.4834322608076036
full_action_q_dqn,815,599,79.33854369968176,81.69176220551137,27.21818894892931,52.120354825258254,1.4754717126488686,15930.268371582031,0.0,24.0,0.0,2.0,0.050000000000000044,0.7288296669721603,0.5582983866333961,0.5684375800192356
