variant,model_seed,episode,cost,rolling_cost,immediate_cost,penalty,energy_use,latency_ms,thermal_violation,energy_violation,queue_violation,contact_violation,epsilon,loss,td_loss,auxiliary_loss
immediate_advantage_dqn,807,0,141.5614713352323,141.5614713352323,47.09886854887009,94.4626031290889,1.8704627184197307,26825.96270751953,0.0,34.0,15.0,1.0,0.9954761904761905,,,
immediate_advantage_dqn,807,1,128.66246250569822,135.11196692046525,45.458392947912216,83.20406927466392,1.767869614996016,25512.859615325928,0.0,34.0,0.0,3.0,0.9909523809523809,1.6244127750396729,1.6117724180221558,0.04213453084230423
immediate_advantage_dqn,807,2,127.8750349908834,132.69965627727132,43.69775006920099,84.17728466091208,1.781608147546649,25159.47531890869,0.0,34.0,10.0,2.0,0.9864285714285714,1.4453265815973282,1.4341998919844627,0.037088959594257176
immediate_advantage_dqn,807,3,139.32596560938785,134.35623361030045,44.62565968930721,94.700305860476,1.8407939970493317,25527.788654327393,0.0,35.0,16.0,1.0,0.981904761904762,1.3527830764651299,1.3448425829410553,0.026468268013559282
immediate_advantage_dqn,807,4,135.91691345628837,134.66836957949803,39.069900155067444,96.84701346513373,1.8659340497106314,24181.292694091797,0.0,32.0,24.0,3.0,0.9773809523809524,1.1612700521945953,1.1567480638623238,0.015073245798703283
immediate_advantage_dqn,807,5,108.93461109697819,130.3794098324114,38.08034332096577,70.8542672097683,1.6969222892075777,22505.910152435303,0.0,30.0,0.0,1.0,0.9728571428571429,0.9428826868534088,0.9389429911971092,0.013132300635334104
immediate_advantage_dqn,807,6,173.05538752929522,136.47597807482336,43.303993716835976,129.75139384226154,1.9048315500840545,25998.472778320312,0.0,37.0,34.0,2.0,0.9683333333333334,0.7873133756220341,0.7814542315900326,0.019530493242200464
immediate_advantage_dqn,807,7,167.09987188242008,140.30396480077295,40.86014226078987,126.2397300537639,1.8680084608495235,25394.56472015381,0.0,36.0,21.0,2.0,0.9638095238095238,0.8600146844983101,0.8524872735142708,0.025091382674872875
immediate_advantage_dqn,807,8,169.16476363920756,143.5107202272657,47.52078312635422,121.64398106419635,1.9198836646974087,27520.015926361084,0.0,36.0,27.0,0.0,0.9592857142857143,0.9209760427474976,0.9124240763485432,0.028506522066891193
immediate_advantage_dqn,807,9,125.21978286539024,141.68162649107813,41.55854173749685,83.6612405169458,1.7732515670359135,24277.1556930542,0.0,34.0,6.0,0.0,0.9547619047619048,0.7016806751489639,0.6954124793410301,0.020893982611596584
immediate_advantage_dqn,807,10,125.28242504698498,140.1907899961606,41.77881942689419,83.50360556048612,1.8172805132344365,24432.943546295166,0.0,34.0,11.0,2.0,0.9502380952380952,0.551023256033659,0.545523265376687,0.01833331200759858
immediate_advantage_dqn,807,11,128.965819054842,139.2553757510507,44.64158368110657,84.32423519492149,1.8368540666997433,25531.30227279663,0.0,35.0,1.0,2.0,0.9457142857142857,0.38768971897661686,0.382268775254488,0.018069816345814615
immediate_advantage_dqn,807,12,124.16594065925912,138.09464997475905,41.156579837203026,83.00936047932937,1.8151698559522629,24708.876987457275,0.0,33.0,9.0,0.0,0.9411904761904761,0.28508517891168594,0.28021856117993593,0.016222056292463094
immediate_advantage_dqn,807,13,153.97386641038676,139.22887972016105,44.189223408699036,109.78464297188539,1.8876752192154527,26703.57674407959,0.0,33.0,18.0,2.0,0.9366666666666666,0.25358465779572725,0.24920017644762993,0.014614942949265242
immediate_advantage_dqn,807,14,126.5452621787261,138.3833052173987,39.21218132972717,87.33308058077803,1.806681609712541,24264.55655670166,0.0,36.0,10.0,1.0,0.9321428571428572,0.22977997176349163,0.22577233333140612,0.01335879770340398
immediate_advantage_dqn,807,15,192.24680537622152,141.7497739773251,43.98813854157925,148.25866704325855,2.000160936266184,27010.736499786377,0.0,35.0,30.0,1.0,0.9276190476190476,0.5793909402564168,0.5763282626867294,0.010208924300968647
immediate_advantage_dqn,807,16,173.91760246171205,143.64199918228906,43.94223830103874,129.97536433948721,1.930974692106247,26467.90668106079,0.0,33.0,26.0,4.0,0.9230952380952381,0.6397108007222414,0.6365350112318993,0.010585959767922759
immediate_advantage_dqn,807,17,149.82977026133685,143.98576424223614,40.103590458631516,109.72617990701343,1.835261938162148,24721.122077941895,0.0,31.0,18.0,0.0,0.9185714285714286,0.40571349672973156,0.4027755428105593,0.009793180215638131
immediate_advantage_dqn,807,18,135.2628288381397,143.52666237886265,38.90186822414398,96.36096040537949,1.8771760193631053,24767.178703308105,0.0,31.0,14.0,0.0,0.914047619047619,0.3262335043400526,0.32333013974130154,0.009677878231741488
immediate_advantage_dqn,807,19,167.95261767348677,144.74796014359384,46.64835102856159,121.30426661512284,1.9337298618629575,27329.211627960205,0.0,37.0,19.0,0.0,0.9095238095238095,0.2511678021401167,0.24836625158786774,0.009338503237813711
immediate_advantage_dqn,807,20,116.12943284213543,143.476358218939,39.310356095433235,76.81907597184181,1.7439847122877836,22836.95163345337,0.0,33.0,0.0,0.0,0.905,0.256292168982327,0.2537213331088424,0.008569435332901776
immediate_advantage_dqn,807,21,114.04873835192353,142.7456720112503,37.75226737558842,76.29647043989331,1.7862916821613908,22919.957233428955,0.0,31.0,6.0,0.0,0.9004761904761904,0.23137424513697624,0.22868905402719975,0.008950632880441844
immediate_advantage_dqn,807,22,125.72599672984637,142.63822009819845,43.129377745091915,82.59661868673123,1.789374167099595,25228.859580993652,0.0,33.0,12.0,0.0,0.895952380952381,0.19586828257888556,0.19344592560082674,0.008074523066170514
immediate_advantage_dqn,807,23,161.98884428464837,143.77136403196147,39.79528245329857,122.19356174194287,1.8239876898005605,24600.72622680664,0.0,35.0,27.0,2.0,0.8914285714285715,0.6923428997397423,0.6892758505418897,0.010223493300145492
immediate_advantage_dqn,807,24,109.1941287877049,142.43522479853226,35.55575095117092,73.63837835807462,1.7451095888391137,21645.834743499756,0.0,30.0,5.0,2.0,0.8869047619047619,0.6164681324735284,0.6129266824573278,0.011804808338638395
immediate_advantage_dqn,807,25,108.63278089165688,142.4201332882662,37.72608909010887,70.90669151842594,1.7184396274387836,21701.854278564453,0.0,31.0,0.0,4.0,0.8823809523809524,0.38191769644618034,0.3793329317122698,0.008615877566626295
immediate_advantage_dqn,807,26,153.3838464255265,141.43655623307774,41.69555689394474,111.68828948687835,1.8479496305808425,25110.515659332275,0.0,34.0,26.0,1.0,0.8778571428571429,0.3218914298340678,0.31905164662748575,0.009465950424782932
immediate_advantage_dqn,807,27,120.76433698013966,139.11977948796374,36.22298140823841,84.54135633186047,1.7409238573163748,21685.991214752197,0.0,36.0,7.0,1.0,0.8733333333333333,0.2866637473925948,0.28411681670695543,0.008489769999869168
immediate_advantage_dqn,807,28,134.5360825744511,137.3883454347259,45.10723525285721,89.42884761961712,1.8471281891688704,26656.07815361023,0.0,34.0,7.0,0.0,0.8688095238095238,0.246110828127712,0.24343518912792206,0.008918787381844595
immediate_advantage_dqn,807,29,114.78048163461511,136.86638037318716,37.977529004216194,76.80295283901519,1.8363398034125566,23978.051055908203,0.0,30.0,5.0,2.0,0.8642857142857143,0.2799233430996537,0.2776251928880811,0.007660507137188688
immediate_advantage_dqn,807,30,188.28169054712978,140.01634364819444,45.258664950728416,143.02302561130253,1.9679037733003497,27852.57608795166,0.0,35.0,31.0,1.0,0.8597619047619047,0.2420970187522471,0.23968401039019227,0.008043356414418668
immediate_advantage_dqn,807,31,180.12641670161352,142.57437353053302,42.78926184773445,137.33715485387907,1.8846053574234247,26225.711151123047,0.0,37.0,34.0,0.0,0.8552380952380952,0.7812980068847537,0.77869494818151,0.00867688120342791
immediate_advantage_dqn,807,32,128.92387689519975,142.81227034233004,39.34707807004452,89.57679863144013,1.8262029942125082,24210.5210647583,0.0,32.0,12.0,2.0,0.8507142857142858,0.5023379530757666,0.4998401664197445,0.008325930539285764
immediate_advantage_dqn,807,33,109.60705475509167,140.59392975956527,38.87201678752899,70.73503816127777,1.7622601510956883,22860.21558380127,0.0,30.0,0.0,1.0,0.8461904761904762,0.4320950610563159,0.4286595853045583,0.011451581551227719
immediate_advantage_dqn,807,34,111.63169743246365,139.84825152225216,37.360710710287094,74.27098688608932,1.7230230988934636,22798.550750732422,0.0,28.0,17.0,1.0,0.8416666666666667,0.44906456023454666,0.44635594077408314,0.009028719825437292
immediate_advantage_dqn,807,35,122.25682283937931,136.34875239541003,40.655127093195915,81.60169619321823,1.7926211897283792,23746.784580230713,0.0,34.0,0.0,0.0,0.8371428571428572,0.38690085988491774,0.3832397535443306,0.01220367953646928
immediate_advantage_dqn,807,36,123.58604098362623,133.83217432150576,41.49662286788225,82.08941759420334,1.8163188677281141,24298.084587097168,0.0,32.0,15.0,1.0,0.8326190476190476,0.3669674461707473,0.3641209099441767,0.009488434414379299
immediate_advantage_dqn,807,37,114.06283330917358,132.04382747389758,38.33783918619156,75.72499394416809,1.708746344782412,21899.77988433838,0.0,32.0,0.0,1.0,0.8280952380952381,0.3292366350069642,0.32624606043100357,0.009968578000552952
immediate_advantage_dqn,807,38,107.0331596583128,130.63234401490624,37.43110649287701,69.60205286741257,1.6645511714741588,21889.82933807373,0.0,31.0,0.0,0.0,0.8235714285714286,0.32166861183941364,0.31834213249385357,0.011088267114246264
immediate_advantage_dqn,807,39,130.60406936038433,128.76491659925117,41.748411163687706,88.85565794337688,1.883248444646597,25258.84186553955,0.0,33.0,10.0,0.0,0.819047619047619,0.9051350988447666,0.9026041775941849,0.008436423842795193
immediate_advantage_dqn,807,40,89.39745105206967,127.42831750974786,33.253368481993675,56.144082674384116,1.5922102136537433,19507.139739990234,0.0,25.0,0.0,1.0,0.8145238095238095,0.5270535852760077,0.5231252387166023,0.013094495225232095
immediate_advantage_dqn,807,41,112.45381045341492,127.3485711148224,39.002020105719566,73.45179072022438,1.7584751220420003,22847.81990814209,0.0,31.0,0.0,0.0,0.81,0.5175879076123238,0.5134576745331287,0.01376743841683492
immediate_advantage_dqn,807,42,158.8913410025616,129.00683832845817,40.08745789527893,118.80388298807343,1.8664489528164268,24284.996124267578,0.0,34.0,24.0,1.0,0.8054761904761905,0.4335638275370002,0.4305426348000765,0.010070638440083712
immediate_advantage_dqn,807,43,126.50202372074128,127.23249730026282,43.28183260560036,83.22019172608853,1.7791594145819545,24403.306785583496,0.0,36.0,0.0,1.0,0.800952380952381,0.44668649788945913,0.4440105678513646,0.008919769461499527
immediate_advantage_dqn,807,44,122.65748682058697,127.90566520190694,37.88828055560589,84.76920623517874,1.7794907130300999,22664.829933166504,0.0,34.0,18.0,0.0,0.7964285714285715,0.45395770482718945,0.45119223464280367,0.009218239923939109
immediate_advantage_dqn,807,45,116.03625294566154,128.2758388046072,40.29449152946472,75.74176141619682,1.7382600028067827,22999.964361190796,0.0,33.0,0.0,0.0,0.7919047619047619,0.4437355939298868,0.43884806148707867,0.01629177702125162
immediate_advantage_dqn,807,46,119.23822344839573,126.56855765575062,41.00538632273674,78.23283743858337,1.7277054768055677,22769.99723625183,0.0,32.0,0.0,0.0,0.7873809523809524,0.49292012583464384,0.48963718954473734,0.01094312415807508
immediate_advantage_dqn,807,47,119.6493337939569,126.51280749644147,41.920596063137054,77.72873782022681,1.8287244755774736,24367.241916656494,0.0,34.0,3.0,1.0,0.7828571428571429,0.7314732130616903,0.7281899005174637,0.010944363719318062
immediate_advantage_dqn,807,48,108.37811750173569,125.20490924280571,38.534044086933136,69.84407368302345,1.7241874216124415,22572.097080230713,0.0,29.0,0.0,3.0,0.7783333333333333,0.4873720249161124,0.48350738920271397,0.01288213487714529
immediate_advantage_dqn,807,49,114.92862358093262,125.21231634012159,38.25619042664766,76.6724337130785,1.7037960914894938,21635.676345825195,0.0,33.0,0.0,2.0,0.7738095238095238,0.46038133278489113,0.4568770360201597,0.011680993717163801
immediate_advantage_dqn,807,50,106.09575907886028,121.1030197667081,35.63366810977459,70.46209107339382,1.7093384796753526,21362.9026222229,0.0,30.0,0.0,0.0,0.7692857142857144,0.45430298149585724,0.4493763390928507,0.016422143031377345
immediate_advantage_dqn,807,51,153.29907446914584,119.76165265508473,47.37107668817043,105.9279976617661,1.946096726693213,27325.456760406494,0.0,38.0,28.0,1.0,0.7647619047619048,0.47978432197123766,0.4764316752552986,0.011175483174156398
immediate_advantage_dqn,807,52,115.43632442787286,119.0872750317184,38.04901850223541,77.38730656638737,1.8284902116283774,23192.665019989014,0.0,31.0,13.0,1.0,0.7602380952380953,0.47562599647790194,0.4715064261108637,0.013731918821576983
immediate_advantage_dqn,807,53,121.00766912102699,119.65730575001514,40.78314325213432,80.22452557086945,1.768240894190967,23654.08081817627,0.0,35.0,0.0,0.0,0.7557142857142858,0.4235502080991864,0.4198708925396204,0.01226440054597333
immediate_advantage_dqn,807,54,106.85154660940171,119.41829820886205,36.95167897641659,69.89986717104912,1.6694640209898353,21056.26742553711,0.0,29.0,0.0,1.0,0.7511904761904762,0.7058259714394808,0.7004566919058561,0.017897601530421525
immediate_advantage_dqn,807,55,111.13895861804485,118.86240499779532,36.17495518922806,74.96400386095047,1.687633198685944,20927.773540496826,0.0,31.0,0.0,1.0,0.7466666666666667,0.7417039126157761,0.7363217547535896,0.01794049795717001
immediate_advantage_dqn,807,56,113.99621802172393,118.3829138497002,39.5213965177536,74.4748218615982,1.7827988946810365,23504.565647125244,0.0,32.0,2.0,1.0,0.7421428571428572,0.677884891629219,0.6747790239751339,0.010352874000091106
immediate_advantage_dqn,807,57,116.1827887237072,118.48891162042689,41.7249353826046,74.45785387754441,1.7232281090691686,23284.754859924316,0.0,32.0,0.0,1.0,0.7376190476190476,0.6227632518857718,0.6182782026007771,0.014950161334127188
immediate_advantage_dqn,807,58,126.11790172307244,119.44314872366488,40.94897100329399,85.16893106250515,1.784037671983242,24000.556385040283,0.0,35.0,9.0,0.0,0.7330952380952381,0.6541541442275047,0.6498952861875296,0.014196193078532815
immediate_advantage_dqn,807,59,138.43804872771526,119.83484769203142,43.61823672056198,94.8198120667579,1.8858800511807203,25497.98012161255,0.0,36.0,13.0,1.0,0.7285714285714286,0.46413986664265394,0.4592102859169245,0.016431951837148517
immediate_advantage_dqn,807,60,116.32965918779374,121.18145809881761,39.656120002269745,76.67353930473328,1.7494158744812012,22704.62694168091,0.0,32.0,0.0,1.0,0.724047619047619,0.5235054101794958,0.5191537905484438,0.014505404280498624
immediate_advantage_dqn,807,61,108.14636177122593,120.96608566470817,38.4989233314991,69.64743812680244,1.7356486320495605,22606.868801116943,0.0,30.0,0.0,2.0,0.7195238095238095,0.534098407253623,0.5301161091774702,0.013274330762214959
immediate_advantage_dqn,807,62,131.440418519769,119.59353954056856,39.02912965416908,92.41128880599527,1.8321986412629485,23272.40761947632,0.0,36.0,11.0,1.0,0.7150000000000001,0.7480067135766149,0.7436934486031532,0.01437753438949585
immediate_advantage_dqn,807,63,125.27620806694031,119.5322487578785,41.39746245741844,83.87874535620213,1.8217940144240856,23886.738803863525,0.0,36.0,0.0,1.0,0.7104761904761905,0.7587698772549629,0.7549690250307322,0.012669510557316244
immediate_advantage_dqn,807,64,117.66573595404626,119.28266121455144,40.604644015431404,77.06109219193459,1.761587442830205,23680.96176147461,0.0,33.0,0.0,1.0,0.7059523809523809,0.6126801567152143,0.6090067187324166,0.012244786019437015
immediate_advantage_dqn,807,65,113.36875430583954,119.14928628256037,39.27359300851822,74.09516168475152,1.8196705970913172,23796.085777282715,0.0,32.0,1.0,2.0,0.7014285714285715,0.5916948840022087,0.5867499802261591,0.016483019397128373
immediate_advantage_dqn,807,66,145.50906469346066,120.4628283448136,43.63572646677494,101.87333816708109,1.899546000175178,25597.157512664795,0.0,35.0,24.0,0.0,0.6969047619047619,0.7237055581063032,0.7193173877894878,0.014627226220909506
immediate_advantage_dqn,807,67,106.75029917061329,119.81787661364642,36.07394014298916,70.67635844647884,1.6957717966288328,21365.377185821533,0.0,31.0,0.0,0.0,0.6923809523809523,0.653762424364686,0.6490347553044558,0.01575888693332672
immediate_advantage_dqn,807,68,109.73676671087742,119.88580907410349,38.540250822901726,71.19651633501053,1.7072684234008193,22007.56755256653,0.0,30.0,0.0,0.0,0.687857142857143,0.6390991136431694,0.6322129871696234,0.022953751147724688
immediate_advantage_dqn,807,69,144.3404814603301,121.35640196807337,42.60846897959709,101.73201280855857,1.853178083896637,24978.04573059082,0.0,37.0,20.0,0.0,0.6833333333333333,0.618203530088067,0.6137841530144215,0.014731234696228057
immediate_advantage_dqn,807,70,107.76978761851788,121.44010339505625,35.97224114090204,71.79754649996758,1.660340929403901,20795.232006072998,0.0,32.0,0.0,1.0,0.6788095238095238,1.0424305386841297,1.0359718911349773,0.021528809214942157
immediate_advantage_dqn,807,71,135.3102665279337,120.54066299799567,39.9635893702507,95.34667727689225,1.8344244686886668,23860.914192199707,0.0,33.0,20.0,2.0,0.6742857142857144,0.708212205208838,0.7037538504227996,0.014861163916066289
immediate_advantage_dqn,807,72,97.47318787276745,119.64250617024041,35.80747124552727,61.665716180205344,1.5841994741931558,20355.161502838135,0.0,27.0,0.0,2.0,0.6697619047619048,0.5945529546588659,0.5902050603181124,0.014492985676042736
immediate_advantage_dqn,807,73,119.80025984346867,119.5821357063625,40.64783129096031,79.15242850780487,1.740409187041223,22975.986991882324,0.0,33.0,0.0,2.0,0.6652380952380952,0.6672161314636469,0.66119235008955,0.020079251145944
immediate_advantage_dqn,807,74,110.66985982954502,119.77305136736966,37.58599707484245,73.08386244177818,1.7265413077548146,21693.154300689697,0.0,32.0,0.0,2.0,0.6607142857142857,0.5770340468734503,0.5731358239427209,0.012994090153370053
immediate_advantage_dqn,807,75,117.48229515254498,120.09021819409463,36.78185112774372,80.70044390559197,1.7828328497707844,22087.744380950928,0.0,33.0,0.0,3.0,0.6561904761904762,0.731778590939939,0.7269468093290925,0.01610592135693878
immediate_advantage_dqn,807,76,143.1164837648621,121.54623148125157,41.18650636076927,101.92997780642419,1.9074320569634438,25144.325325012207,0.0,36.0,15.0,1.0,0.6516666666666667,0.6423780936747789,0.6379973385483027,0.014602527662646025
immediate_advantage_dqn,807,77,110.1452086955309,121.24435247984272,36.93081599473953,73.21439208984376,1.688429736532271,21264.15880203247,0.0,33.0,0.0,1.0,0.6471428571428571,0.56438581738621,0.5575512675568461,0.02278182457666844
immediate_advantage_dqn,807,78,119.48153088986874,120.91253393818253,38.316137820482254,81.16539260745049,1.7171800583600998,21790.681930541992,0.0,35.0,0.0,0.0,0.6426190476190476,0.8829206973314285,0.8790523391216993,0.012894490850158036
immediate_advantage_dqn,807,79,117.4605484932661,119.8636589264601,36.532140120863914,80.9284075975418,1.6974292173981667,20993.105087280273,0.0,34.0,0.0,2.0,0.6380952380952382,0.6333115343004465,0.6271499246358871,0.020538705284707248
immediate_advantage_dqn,807,80,96.4488982707262,118.86962088060673,35.16756571829319,61.281333073973656,1.6351519022136927,20254.660053253174,0.0,28.0,0.0,0.0,0.6335714285714286,0.7572066243737936,0.7524709310382605,0.015785640745889395
immediate_advantage_dqn,807,81,105.88439420759678,118.75652250242527,39.962137669324875,65.92225607633591,1.7316398182883859,22984.8564453125,0.0,28.0,0.0,1.0,0.6290476190476191,0.6167132519185543,0.6109647527337074,0.019161684322170913
immediate_advantage_dqn,807,82,115.86845102310181,117.9779241275919,39.934641271829605,75.93380990028382,1.7683148551732302,22640.252712249756,0.0,32.0,0.0,1.0,0.6245238095238095,0.7321711741387844,0.7243880443274975,0.02594376145862043
immediate_advantage_dqn,807,83,94.31752333790064,116.42998989113991,34.66369891911745,59.65382431447506,1.5987581070512533,19688.574001312256,0.0,27.0,0.0,0.0,0.62,0.7910841340199113,0.7864089710637927,0.015583879547193646
immediate_advantage_dqn,807,84,115.0462572157383,116.29901595422453,36.263158932328224,78.78309837281704,1.6984696285799146,21125.50302886963,0.0,33.0,0.0,2.0,0.6154761904761905,0.7373218704015017,0.7328746691346169,0.014823997917119414
immediate_advantage_dqn,807,85,104.21193263828755,115.84117487084693,35.654116570949554,68.55781570971013,1.657659674063325,20596.14877319336,0.0,32.0,0.0,2.0,0.6109523809523809,0.8495984524488449,0.8408571183681488,0.029137766105122864
immediate_advantage_dqn,807,86,111.779633679986,114.15470332017318,36.3965667784214,75.3830675572157,1.6890724012628198,21215.941890716553,0.0,33.0,0.0,1.0,0.6064285714285714,0.8299351185560226,0.8244697265326977,0.018217985576484352
immediate_advantage_dqn,807,87,123.3577162027359,114.98507417177932,39.2429838180542,84.11473250389099,1.7468321695923805,22603.595092773438,0.0,35.0,0.0,0.0,0.6019047619047619,0.7338887955993414,0.7271359525620937,0.022509460104629397
immediate_advantage_dqn,807,88,98.06445434689522,114.40145855358021,36.98773838579655,61.07671685516834,1.657327731139958,21349.71295928955,0.0,28.0,0.0,0.0,0.5973809523809523,0.920258916914463,0.9143103919923306,0.01982843817677349
immediate_advantage_dqn,807,89,96.23558136224747,111.99621354867607,35.31372806429863,60.921852523088454,1.6063890513032675,20329.117057800293,0.0,28.0,0.0,1.0,0.592857142857143,0.7875904440879822,0.7829628018662333,0.015425445628352463
immediate_advantage_dqn,807,90,113.47950088977814,112.28169921223909,35.99979332834482,77.47970840334892,1.7321311263367534,21201.624824523926,0.0,34.0,0.0,0.0,0.5883333333333334,0.7332513350993395,0.7275411393493414,0.019034015072975308
immediate_advantage_dqn,807,91,119.88723204433919,111.51054748805936,39.34978114068508,80.53745124638081,1.7871997179463506,22859.189109802246,0.0,34.0,0.0,1.0,0.5838095238095238,0.7861738093197346,0.7814283333718777,0.015818231098819524
immediate_advantage_dqn,807,92,109.88472783565521,112.13112448620375,37.89658296108246,71.98814484477043,1.6729984851554036,21274.74363708496,0.0,31.0,0.0,0.0,0.5792857142857144,0.8146019242703915,0.8067144537344575,0.02629154920578003
immediate_advantage_dqn,807,93,108.03941371291876,111.54308217967625,36.94979026168585,71.08962321281433,1.7073277411982417,21103.061450958252,0.0,30.0,0.0,0.0,0.5747619047619048,0.960154514759779,0.9539641477167606,0.020634521264582872
immediate_advantage_dqn,807,94,115.26255408972501,111.77271689268528,39.04617880284786,76.21637494415045,1.7250938983634114,22216.26448059082,0.0,31.0,0.0,3.0,0.5702380952380952,0.8212141860276461,0.8177334144711494,0.01160255668219179
immediate_advantage_dqn,807,95,112.01476196944714,111.49934023353038,39.173163399100304,72.8415983915329,1.7834311109036207,23408.16949081421,0.0,31.0,0.0,0.0,0.5657142857142857,0.7701855897903442,0.7646718677133322,0.01837907958542928
immediate_advantage_dqn,807,96,105.32217426896095,109.6096247587353,34.48281021416187,70.8393640100956,1.6036559594795108,19596.56650161743,0.0,31.0,0.0,3.0,0.5611904761904762,0.6742021245881915,0.6684784442186356,0.019078925892245024
immediate_advantage_dqn,807,97,125.65472529828548,110.38510058887303,39.98934555053711,85.66537964344025,1.790937663987279,23069.993034362793,0.0,36.0,0.0,0.0,0.5566666666666666,0.8694393821060658,0.8644563741981983,0.016610012797173113
immediate_advantage_dqn,807,98,87.82053017616272,108.80205055318774,32.45820412784815,55.36232575774193,1.557673522271216,18511.130376815796,0.0,26.0,0.0,2.0,0.5521428571428572,0.7911160597577691,0.7828609067946672,0.027517141308635473
immediate_advantage_dqn,807,99,87.99066460132599,107.32855635859073,33.0659653916955,54.92469921708107,1.522356010042131,18240.193717956543,0.0,25.0,0.0,0.0,0.5476190476190477,0.8438929710537195,0.8378089871257544,0.02027994825039059
immediate_advantage_dqn,807,100,124.23325989544392,108.71777443982663,42.11549324542284,82.11776676177979,1.7589505473151803,23506.910484313965,0.0,35.0,0.0,1.0,0.5430952380952381,0.7332254769280553,0.7260508378967643,0.023915481520816684
immediate_advantage_dqn,807,101,122.00861077010632,109.5239852679521,38.401758924126625,83.60685229301453,1.8129118215292692,22590.523292541504,0.0,36.0,0.0,0.0,0.5385714285714286,0.8602819358929992,0.8557589035481215,0.015076787327416241
immediate_advantage_dqn,807,102,120.30272057652473,109.74569874562323,40.784464329481125,79.51825678348541,1.76939526386559,23473.723098754883,0.0,33.0,0.0,0.0,0.5340476190476191,0.9602837786078453,0.9541386496275663,0.02048374537844211
immediate_advantage_dqn,807,103,121.6255411952734,111.11109963849188,39.529497757554054,82.09604355692863,1.7514785202220082,22154.509159088135,0.0,34.0,0.0,2.0,0.5295238095238095,0.9162541814148426,0.907547477632761,0.02902235195506364
immediate_advantage_dqn,807,104,101.75227219909429,110.4464003876597,35.36474131047726,66.38753141015768,1.627357010729611,20142.944763183594,0.0,29.0,0.0,2.0,0.525,0.9280148409307003,0.9232733696699142,0.015804924652911723
immediate_advantage_dqn,807,105,94.32000178098679,109.95180384479463,31.639644794166088,62.68035738170147,1.5871889228001237,18194.142124176025,0.0,28.0,0.0,0.0,0.5204761904761905,0.8293081261217594,0.8227310497313738,0.02192358684260398
immediate_advantage_dqn,807,106,106.81064096391201,109.70335420899096,36.086718663573265,70.72392313480377,1.738280089572072,20920.684564590454,0.0,31.0,0.0,2.0,0.5159523809523809,0.7836464606225491,0.7754520140588284,0.027314837905578315
immediate_advantage_dqn,807,107,108.32161130160094,108.95154896393419,36.96807501465082,71.35353639125825,1.6893857698887587,20965.41091156006,0.0,31.0,0.0,2.0,0.5114285714285716,0.8575658556073904,0.85110904276371,0.021522686001844704
immediate_advantage_dqn,807,108,133.44674907624722,110.72066370040179,41.00868164002895,92.43806743621826,1.847413120791316,23757.73758506775,0.0,39.0,0.0,0.0,0.506904761904762,0.8410504627972841,0.8344007600098848,0.022165675880387425
immediate_advantage_dqn,807,109,98.98465837091207,110.85811755083503,35.393368028104305,63.59129040241241,1.6429042601957917,20312.057683944702,0.0,29.0,0.0,2.0,0.5023809523809524,1.0625470019876957,1.0571090877056122,0.01812640205025673
immediate_advantage_dqn,807,110,101.67751064300538,110.2680180384964,32.483758702874184,69.19375210404397,1.6383325112983584,19143.219650268555,0.0,29.0,0.0,1.0,0.4978571428571429,1.0480895601212978,1.0416622254997492,0.021424464066512883
immediate_advantage_dqn,807,111,109.4084487348795,109.74407887302338,37.81396108865738,71.59448763132096,1.7488075578585267,21947.933143615723,0.0,32.0,0.0,1.0,0.4933333333333334,0.8008467350155115,0.7954230923205614,0.01807879941770807
immediate_advantage_dqn,807,112,107.33189487457275,109.61643722496926,35.544568717479706,71.78732649981976,1.6770249595865607,20412.677589416504,0.0,30.0,0.0,0.0,0.4888095238095238,0.8584843538701534,0.8528215475380421,0.018875990936066955
immediate_advantage_dqn,807,113,108.38779067993164,109.63385607331993,37.5229407697916,70.86484995484352,1.7571039805188775,21793.160396575928,0.0,30.0,0.0,1.0,0.4842857142857143,1.0391771402209997,1.0306087657809258,0.02856121608056128
immediate_advantage_dqn,807,114,127.09228912889958,110.22534282527866,40.559199437499046,86.53309022784234,1.8564386302605271,23682.620277404785,0.0,34.0,0.0,2.0,0.4797619047619047,0.9088854193687439,0.9037172086536884,0.017227374017238617
immediate_advantage_dqn,807,115,115.63378919661045,110.40629418663681,37.20230793952942,78.43148112297058,1.6883339332416654,20976.978229522705,0.0,33.0,0.0,0.0,0.47523809523809524,0.7926441002637148,0.7866030149161816,0.020136936858762056
immediate_advantage_dqn,807,116,110.2466955497861,110.65252025067807,40.163461573421955,70.08323476612568,1.7459895545616746,22601.08383178711,0.0,29.0,0.0,3.0,0.47071428571428575,0.9683307949453592,0.9607721120119095,0.025195629510562867
immediate_advantage_dqn,807,117,105.045021378994,109.6220350547135,33.74626986682415,71.2987516462803,1.6702708434313536,19923.34023666382,0.0,30.0,0.0,1.0,0.46619047619047627,1.0054298508912325,1.0006158389151096,0.016046678996644914
immediate_advantage_dqn,807,118,108.64703637361526,110.66336036458613,36.927712850272655,71.71932329237461,1.7107868688181043,21169.28622817993,0.0,31.0,0.0,1.0,0.46166666666666667,0.8925499971956015,0.8872164767235518,0.01777838368434459
immediate_advantage_dqn,807,119,105.34873832762241,111.53126405090094,33.51579438149929,71.83294430375099,1.629224581643939,18986.06395339966,0.0,32.0,0.0,1.0,0.4571428571428572,0.8282786142081022,0.8232012819498777,0.0169244401040487
immediate_advantage_dqn,807,120,103.6916438639164,110.50418324932457,36.32043123245239,67.37121304869652,1.6587704960256815,21105.15208053589,0.0,29.0,0.0,0.0,0.4526190476190477,1.0753656756132841,1.0690539572387934,0.021039088489487767
immediate_advantage_dqn,807,121,115.49495716392994,110.17850056901575,38.48049220442772,77.0144652724266,1.7566340612247586,22174.92795944214,0.0,31.0,0.0,0.0,0.4480952380952381,0.6883245166391134,0.6785942129790783,0.03243433777242899
immediate_advantage_dqn,807,122,105.19411588013172,109.42307033419611,32.87148955464363,72.32262634038925,1.6230270257219672,19250.91832923889,0.0,29.0,0.0,2.0,0.4435714285714286,0.9581673759967089,0.9520780760794878,0.020297669863794
immediate_advantage_dqn,807,123,99.99109984785318,108.3413482668251,36.051058642566204,63.94004119038582,1.6213493989780545,19367.903972625732,0.0,28.0,0.0,4.0,0.439047619047619,1.3099338226020336,1.3032138384878635,0.022399923880584538
immediate_advantage_dqn,807,124,105.65080996155739,108.53627515494824,33.87502712011337,71.7757829606533,1.6698544584214687,19937.08270263672,0.0,30.0,0.0,2.0,0.43452380952380953,0.98146902769804,0.9764486867934465,0.01673445088090375
immediate_advantage_dqn,807,125,96.64928127229214,108.65273912951349,34.15936806797981,62.489913994073866,1.665715935640037,19900.93380355835,0.0,28.0,0.0,2.0,0.43000000000000005,1.0736583061516285,1.0669980831444263,0.022200754145160317
immediate_advantage_dqn,807,126,98.28307866305113,108.22636101447044,35.29661824554205,62.9864604473114,1.6341883167624474,20220.93626022339,0.0,28.0,0.0,0.0,0.42547619047619056,1.2150461189448833,1.2077351175248623,0.024370017577894032
immediate_advantage_dqn,807,127,114.42712564468384,108.5316367316246,37.144785314798355,77.28234080672264,1.730486056767404,21132.67847442627,0.0,32.0,0.0,5.0,0.42095238095238097,0.8676582928746939,0.8605550806969404,0.023677371616940945
immediate_advantage_dqn,807,128,102.02610167264939,106.96060436144471,35.00989776849747,67.0162040680647,1.690925719216466,20278.80255508423,0.0,30.0,0.0,2.0,0.41642857142857137,0.8110228236764669,0.8043320365250111,0.022302638099063188
immediate_advantage_dqn,807,129,94.51676580309868,106.73720973305403,33.91928851604462,60.59747728705406,1.6323006385937333,19282.36195755005,0.0,27.0,0.0,0.0,0.4119047619047619,0.9313404615968466,0.9248609263449907,0.021598461782559752
immediate_advantage_dqn,807,130,106.67036259174347,106.98685233049096,34.629403688013554,72.04095953702927,1.6802679179236293,20121.645627975464,0.0,31.0,0.0,0.0,0.4073809523809524,0.925165606662631,0.919217124581337,0.019828250748105347
immediate_advantage_dqn,807,131,84.12795234620572,105.72282751105726,29.43417977541685,54.69377245903015,1.534484245814383,16925.907775878906,0.0,25.0,0.0,1.0,0.4028571428571429,0.9987234361469746,0.9929771758615971,0.019154211739078164
immediate_advantage_dqn,807,132,135.22522574663162,107.11749405466021,43.16498085856438,92.06024472415447,1.8788575250655413,24797.586059570312,0.0,38.0,0.0,0.0,0.39833333333333343,1.001419990323484,0.9927824139595032,0.028791892691515386
immediate_advantage_dqn,807,133,83.84819509238005,105.89051427528261,29.664973862469196,54.18322107344866,1.5477544665336609,17091.88649749756,0.0,24.0,0.0,1.0,0.39380952380952383,0.99880844168365,0.9930994734168053,0.019029908755328506
immediate_advantage_dqn,807,134,110.02893210202456,105.03734642393889,35.692234210669994,74.33669778704643,1.7157880971208215,20658.709522247314,0.0,31.0,0.0,1.0,0.38928571428571423,0.979234216734767,0.9697174374014139,0.031722620769869536
immediate_advantage_dqn,807,135,117.8549634218216,105.14840513519944,37.34838119149208,80.50658169388771,1.721004044637084,21070.96460723877,0.0,35.0,0.0,0.0,0.38476190476190475,0.8492515087127686,0.8441064171493053,0.017150258354377
immediate_advantage_dqn,807,136,82.20437696576118,103.74628920599818,30.388641484081745,51.815735191106796,1.5347304521128535,17656.6617603302,0.0,25.0,0.0,0.0,0.38023809523809526,0.9185861572623253,0.9124101288616657,0.020586785045452416
immediate_advantage_dqn,807,137,87.93610605895519,102.89084343999625,31.382762521505356,56.553343284130094,1.601599896326661,18694.606468200684,0.0,26.0,0.0,2.0,0.3757142857142858,0.8794218190014362,0.8732183454558253,0.020678203261923045
immediate_advantage_dqn,807,138,111.46232625842094,103.03160793423653,35.53048329055309,75.93184338510036,1.6955406172201037,20731.499923706055,0.0,33.0,0.0,0.0,0.3711904761904763,0.7554141320288181,0.7496509160846472,0.019210753962397575
immediate_advantage_dqn,807,139,93.73267146348954,102.45080459102988,32.48479551076889,61.247875505685805,1.5874265991151333,18320.403644561768,0.0,28.0,0.0,1.0,0.3666666666666667,0.8974812105298042,0.8890939336270094,0.027957633370533586
immediate_advantage_dqn,807,140,87.81510123759509,101.65697745971383,33.05209959298372,54.76300227046013,1.6409127758815885,19302.046802520752,0.0,26.0,0.0,1.0,0.3621428571428572,1.1515275072306395,1.1451191119849682,0.021361273888032883
immediate_advantage_dqn,807,141,80.5161736831069,99.90803828567269,30.42476909607649,50.09140405058861,1.5144601445645094,16977.14100265503,0.0,24.0,0.0,0.0,0.3576190476190476,1.0983447451144457,1.0928986221551895,0.0181537315947935
immediate_advantage_dqn,807,142,111.31043556332588,100.21385426983238,36.927798703312874,74.38263687491417,1.70068827457726,20862.239070892334,0.0,32.0,0.0,0.0,0.35309523809523813,1.282613042742014,1.2774142175912857,0.01732938108034432
immediate_advantage_dqn,807,143,110.72939630746842,100.75076909281314,35.65380997955799,75.0755864173174,1.7341144271194935,20858.390663146973,0.0,32.0,0.0,1.0,0.34857142857142864,0.7099366802722216,0.7042991761118174,0.018791699723806232
immediate_advantage_dqn,807,144,95.79134395420552,100.25779579244555,34.294071078300476,61.497272562980655,1.638270415365696,19356.817050933838,0.0,27.0,0.0,3.0,0.34404761904761905,0.8652198109775782,0.8593820184469223,0.01945929363137111
immediate_advantage_dqn,807,145,100.44349912703038,100.44750668518246,32.08793776482344,68.35556139945984,1.6150160394608974,18353.905517578125,0.0,29.0,0.0,2.0,0.33952380952380956,0.7889276072382927,0.7825017869472504,0.021419399417936802
immediate_advantage_dqn,807,146,116.50172737240791,101.3584391206503,37.1332730948925,79.3684552013874,1.7342717740684748,21171.43077468872,0.0,34.0,0.0,0.0,0.3350000000000001,1.0912258476018906,1.0835929103195667,0.025443136575631797
immediate_advantage_dqn,807,147,101.69176983088255,100.72167132996023,35.814974792301655,65.87679474055767,1.6111481478437781,19940.857414245605,0.0,28.0,0.0,0.0,0.3304761904761905,1.1373306140303612,1.131847184151411,0.018278098199516535
immediate_advantage_dqn,807,148,109.37216643989086,101.0889745683223,35.73405034095049,73.63811622560024,1.6409368878230453,19719.710048675537,0.0,32.0,0.0,2.0,0.325952380952381,0.9607812240719795,0.9564988762140274,0.014274519809987396
immediate_advantage_dqn,807,149,100.16773723065853,101.3715231397003,35.430819161236286,64.73691862821579,1.6667175004258752,20301.121772766113,0.0,29.0,0.0,0.0,0.3214285714285714,0.950010359287262,0.944361450150609,0.01882970065344125
immediate_advantage_dqn,807,150,105.5628945618868,101.31614973820747,36.35749138891697,69.20540302395821,1.639677120372653,20327.370948791504,0.0,32.0,0.0,2.0,0.3169047619047619,0.981749789789319,0.9732513520866632,0.028328132582828403
immediate_advantage_dqn,807,151,102.86676341295242,102.2530902915448,32.77051694691181,70.09624642133713,1.6430973736569285,18726.142166137695,0.0,31.0,0.0,0.0,0.3123809523809524,1.125197784975171,1.1180226216092706,0.02391718083526939
immediate_advantage_dqn,807,152,98.15960107296705,100.39980905786157,34.027885027229786,64.13171558380127,1.633183722384274,19402.2453289032,0.0,28.0,0.0,2.0,0.30785714285714294,1.1004749797284603,1.0939103998243809,0.021881880122236907
immediate_advantage_dqn,807,153,87.42403788268567,100.57860119737686,30.256588116288185,57.16745061576366,1.5328816641122103,17376.758781433105,0.0,27.0,0.0,3.0,0.30333333333333345,0.7612971235066652,0.7547269891947508,0.02190044242888689
immediate_advantage_dqn,807,154,120.42691548168659,101.09850036635996,37.33865238726139,83.08826243877411,1.7225349098443985,21114.339321136475,0.0,34.0,0.0,0.0,0.29880952380952375,0.7161632217466831,0.7079210001975298,0.02747407043352723
immediate_advantage_dqn,807,155,111.8869897454977,100.80010168254375,34.4875445663929,77.39944514930248,1.6511222906410694,19379.1153755188,0.0,33.0,0.0,2.0,0.29428571428571426,0.8320808187127113,0.8262730427086353,0.019359259284101427
immediate_advantage_dqn,807,156,90.75530822128057,101.22764824531973,30.930077202618122,59.825230959057805,1.5623115077614784,17630.35754776001,0.0,27.0,0.0,2.0,0.2897619047619048,1.167946057394147,1.158288424834609,0.03219204780180007
immediate_advantage_dqn,807,157,97.17585542947054,101.68963571384549,31.82786413282156,65.34799108803273,1.5703918254002929,18105.204277038574,0.0,28.0,0.0,2.0,0.2852380952380953,0.9275063164532185,0.9233029149472713,0.014011332765221596
immediate_advantage_dqn,807,158,96.50540970265865,100.94178988605738,31.768574476242065,64.73683577775955,1.6026263423264027,18452.536777496338,0.0,28.0,0.0,0.0,0.2807142857142858,0.8782733865082264,0.870556153357029,0.025724101287778467
immediate_advantage_dqn,807,159,97.02172397077084,101.10624251142146,32.97323550283909,64.04848900437355,1.5948785096406937,18758.77938079834,0.0,29.0,0.0,0.0,0.2761904761904763,1.05006187222898,1.0442412737756968,0.019402020261622965
immediate_advantage_dqn,807,160,111.5467549264431,102.29282519586386,34.60505025088787,76.94170439243317,1.683350765146315,19556.12987136841,0.0,33.0,0.0,1.0,0.2716666666666666,1.0697952192276716,1.0647661872208118,0.016763455350883305
immediate_advantage_dqn,807,161,112.6773374080658,103.90088338211179,36.218740709125996,76.45859631896019,1.7006705729290843,20686.22282409668,0.0,33.0,0.0,0.0,0.2671428571428571,1.0066316034644842,1.0012205075472593,0.018036999565083534
immediate_advantage_dqn,807,162,93.08221799135208,102.98947250351311,32.44843386113644,60.63378435373306,1.5878235613927245,18661.875270843506,0.0,27.0,0.0,0.0,0.26261904761904764,1.1663299277424812,1.157453466206789,0.029588212608359754
immediate_advantage_dqn,807,163,116.60184154808522,103.28309476554394,36.64416439831257,79.95767700076104,1.6939922701567411,20389.5946559906,0.0,34.0,0.0,1.0,0.25809523809523816,0.9958242531865835,0.9911814630031586,0.015476001717615873
immediate_advantage_dqn,807,164,100.89619097858667,103.538337116763,37.50828389078379,63.387906938791275,1.7004414955154061,21308.319820404053,0.0,27.0,0.0,0.0,0.25357142857142867,1.0177536737173796,1.0121237561106682,0.018766423570923507
immediate_advantage_dqn,807,165,104.49851185083389,103.74108775295318,34.72359388321638,69.77491807937622,1.68361259624362,20269.207759857178,0.0,29.0,0.0,0.0,0.24904761904761907,1.1043092515319586,1.09696539118886,0.02447949454654008
immediate_advantage_dqn,807,166,84.68981013596058,102.15049189113083,31.726796306669712,52.96301389634609,1.5422582514584064,17660.32732772827,0.0,24.0,0.0,1.0,0.2445238095238096,1.0790393128991127,1.0721907652914524,0.022828540531918406
immediate_advantage_dqn,807,167,101.22277520596981,102.12704215988518,34.207638800144196,67.01513612270355,1.6966045871376991,20024.350120544434,0.0,30.0,0.0,0.0,0.24,1.0289861392229795,1.024242939427495,0.015810669981874526
immediate_advantage_dqn,807,168,94.89491064846516,101.4031793703139,32.69279162585735,62.202119290828705,1.5863443883135915,18269.75806427002,0.0,29.0,0.0,0.0,0.2354761904761905,1.1123753748834133,1.1051441803574562,0.02410396095365286
immediate_advantage_dqn,807,169,78.61597452610731,100.32559123508632,28.847497947514057,49.768476891517636,1.5076095024123788,16330.473936080933,0.0,22.0,0.0,2.0,0.23095238095238102,0.9644030258059502,0.9581399336457253,0.020876929920632392
immediate_advantage_dqn,807,170,96.9396880865097,99.89443091131747,31.820317074656487,65.11937136948109,1.6096994550898671,18387.99294281006,0.0,28.0,0.0,1.0,0.22642857142857142,0.9465895034372807,0.9399285335093737,0.022203281754627824
immediate_advantage_dqn,807,171,97.86878105998039,99.64453179366886,33.22247227281332,64.6463084667921,1.605850930325687,18964.195444107056,0.0,28.0,0.0,0.0,0.22190476190476194,1.033683268353343,1.027262907475233,0.02140120486728847
immediate_advantage_dqn,807,172,108.45056422948838,100.15907995149493,36.536774322390556,71.91378950476647,1.7551774140447378,20968.52756500244,0.0,31.0,0.0,1.0,0.21738095238095245,1.0551594644784927,1.0499982479959726,0.017204025527462363
immediate_advantage_dqn,807,173,92.98165256083011,100.43696068540217,34.13502351939678,58.846629086136815,1.6455554831773043,19437.794132232666,0.0,27.0,0.0,2.0,0.21285714285714286,1.125823512673378,1.1199447885155678,0.01959577458910644
immediate_advantage_dqn,807,174,95.28610848635435,99.17992033563554,30.373824886977673,64.9122837036848,1.566571330651641,17369.27439880371,0.0,29.0,0.0,0.0,0.20833333333333337,1.0118484664708376,1.007011789828539,0.016122234927024692
immediate_advantage_dqn,807,175,105.86226722896099,98.87868420980871,34.695164769887924,71.16710225045681,1.7088092230260372,20193.507457733154,0.0,30.0,0.0,2.0,0.20380952380952377,0.8860788606107235,0.8782279919832945,0.026169580582063645
immediate_advantage_dqn,807,176,98.48984065055848,99.2654108312726,34.23187527060509,64.25796582698823,1.6810339577496052,19797.687717437744,0.0,29.0,0.0,1.0,0.1992857142857143,0.9818577822297812,0.9772129356861115,0.015482795715797693
immediate_advantage_dqn,807,177,84.50807416439056,98.63202176801862,30.02536379545927,54.48271057009697,1.5078494735062122,16662.079315185547,0.0,25.0,0.0,0.0,0.1947619047619048,1.0561949647963047,1.0501082465052605,0.02028903237078339
immediate_advantage_dqn,807,178,99.72818841040134,98.79316070340573,33.84719344228506,65.88099512457848,1.6340589867904782,19157.70385169983,0.0,30.0,0.0,0.0,0.19023809523809532,1.1556632071733475,1.1496653947979212,0.019992701010778546
immediate_advantage_dqn,807,179,91.4252447038889,98.51333674006165,33.588076539337635,57.837168619036674,1.6018047332763672,18946.870597839355,0.0,28.0,0.0,0.0,0.18571428571428583,1.140159035101533,1.1326572559773922,0.02500591304851696
immediate_advantage_dqn,807,180,82.38273486495018,97.055135736987,28.261949755251408,54.12078534066677,1.4997444218024611,16020.4416847229,0.0,25.0,0.0,0.0,0.18119047619047624,1.2356454897671938,1.2308817766606808,0.015879056241828948
immediate_advantage_dqn,807,181,102.6560342103243,96.55407057709992,32.970537565648556,69.68549632430077,1.626371705904603,18650.183219909668,0.0,31.0,0.0,2.0,0.17666666666666664,1.0554088931530714,1.0501893367618322,0.017398537951521575
immediate_advantage_dqn,807,182,83.83776230365038,96.09184779271484,29.3466527312994,54.49110980331898,1.5204090904444456,16986.122924804688,0.0,25.0,0.0,0.0,0.17214285714285715,0.8507524561136961,0.8441651128232479,0.02195779635803774
immediate_advantage_dqn,807,183,76.09641421586275,94.06657642610372,28.370757572352886,47.72565729916096,1.4697077749297023,15640.20620727539,0.0,23.0,0.0,1.0,0.16761904761904767,1.2387056592851877,1.2326045464724302,0.020337017020210624
immediate_advantage_dqn,807,184,91.24418136775493,93.58397594556213,31.202354326844215,60.04182707071304,1.5685163028538227,17696.55090904236,0.0,27.0,0.0,3.0,0.16309523809523818,0.8803908228874207,0.8741916343569756,0.02066393941640854
immediate_advantage_dqn,807,185,83.3755428954959,92.52782749779523,29.143069341778755,54.23247385919094,1.5256343791261315,16472.14454269409,0.0,27.0,0.0,1.0,0.1585714285714287,1.1386326812207699,1.1313603911548853,0.024240964208729565
immediate_advantage_dqn,807,186,97.50960100591183,93.16881704129278,34.28427400439978,63.225326815247534,1.6286281570792198,19316.860809326172,0.0,29.0,0.0,1.0,0.1540476190476191,0.7759631089866161,0.7702380530536175,0.019083539838902652
immediate_advantage_dqn,807,187,90.50977405309678,92.63316698364915,31.26535201072693,59.24442174434662,1.608724064193666,18118.568000793457,0.0,26.0,0.0,2.0,0.1495238095238095,1.1746078543365002,1.170362912118435,0.014149824797641486
immediate_advantage_dqn,807,188,105.28063547611237,93.15245322503151,34.34913522005081,70.93150115013123,1.6613272484391928,19382.7371673584,0.0,31.0,0.0,2.0,0.14500000000000002,1.1696939244866371,1.1639153938740492,0.019261781708337367
immediate_advantage_dqn,807,189,79.37318816930056,93.19031390719117,27.77733037620783,51.595857763290404,1.488351710140705,15852.208375930786,0.0,24.0,0.0,1.0,0.14047619047619053,1.0259770303964615,1.0186455100774765,0.02443839650368318
immediate_advantage_dqn,807,190,94.73681001365185,93.08017000354826,33.04144012928009,61.69537019729614,1.588758634403348,18647.400939941406,0.0,27.0,0.0,0.0,0.13595238095238105,1.1953942403197289,1.1872022822499275,0.027306492207571864
immediate_advantage_dqn,807,191,91.98532697856426,92.78599729947747,30.461628027260303,61.52369872033596,1.5409679394215345,16851.50978088379,0.0,27.0,0.0,4.0,0.13142857142857145,1.0977269150316715,1.0911801904439926,0.021822366979904473
immediate_advantage_dqn,807,192,104.5383517086506,92.59038667343557,35.9893711283803,68.54898106455803,1.6564533095806837,20302.20086669922,0.0,31.0,0.0,2.0,0.12690476190476196,0.8366533126682043,0.8314338810741901,0.017398103373125196
immediate_advantage_dqn,807,193,101.74295898675919,93.02845199473202,35.82324431836605,65.91971532404423,1.691441211849451,20216.3462600708,0.0,30.0,0.0,2.0,0.12238095238095237,1.115499597042799,1.1086376905441284,0.022873040463309735
immediate_advantage_dqn,807,194,83.3411461442709,92.43120387762785,29.982093408703804,53.359052929282186,1.5407522330060601,16789.54062652588,0.0,24.0,0.0,2.0,0.11785714285714288,1.0198471266776323,1.0109979845583439,0.029497089446522295
immediate_advantage_dqn,807,195,96.82714397609234,91.97944771498443,32.43503690510988,64.392107629776,1.6030743140727282,18110.353706359863,0.0,29.0,0.0,1.0,0.1133333333333334,1.007990662008524,1.0028019957244396,0.017295546713285148
immediate_advantage_dqn,807,196,90.17318020015955,91.56361469246448,31.47291987389326,58.70025986433029,1.6171264229342341,18492.656253814697,0.0,27.0,0.0,0.0,0.1088095238095238,1.2456456329673529,1.240236572921276,0.018030167382676154
immediate_advantage_dqn,807,197,95.70626277476549,92.12352412298323,33.4570642337203,62.24919864535332,1.6379240127280354,19385.122173309326,0.0,27.0,0.0,1.0,0.10428571428571431,1.13088165409863,1.124047076329589,0.022781926090829074
immediate_advantage_dqn,807,198,82.37718373090028,91.25597388900817,29.876607313752174,52.500576588511464,1.5137682491913438,16860.62823867798,0.0,24.0,0.0,2.0,0.09976190476190483,0.9346436616033316,0.9295931793749332,0.016834930458571762
immediate_advantage_dqn,807,199,84.59862383455038,90.91464284554124,29.742226988077164,54.8563971221447,1.5325927678495646,16641.134838104248,0.0,25.0,0.0,0.0,0.09523809523809534,1.2055117301642895,1.1995793227106333,0.019774742424488068
immediate_advantage_dqn,807,200,83.40318708866835,90.96566545672714,29.677490003407,53.72569717466831,1.5181933483108878,16519.959674835205,0.0,25.0,0.0,0.0,0.09071428571428575,1.1379728708416224,1.1318542286753654,0.0203954940661788
immediate_advantage_dqn,807,201,84.22434342652559,90.0440809175372,30.35845359414816,53.865889489650726,1.568032524548471,17603.123138427734,0.0,24.0,0.0,0.0,0.08619047619047626,0.9928849004209042,0.9875603746622801,0.017748422047588974
immediate_advantage_dqn,807,202,80.36950069963932,89.87066783733665,29.388215109705925,50.98128544092178,1.5092824390158057,16349.32861328125,0.0,23.0,0.0,2.0,0.08166666666666667,1.156375166028738,1.150768043473363,0.018690409779082984
immediate_advantage_dqn,807,203,92.19917958974838,90.67580610603093,31.71318019926548,60.485999047756195,1.582524391822517,17832.667610168457,0.0,27.0,0.0,0.0,0.07714285714285718,1.2468503955751657,1.2396200820803642,0.024101087474264205
immediate_advantage_dqn,807,204,94.32077859342098,90.82963596731425,30.245480835437775,64.07529829442501,1.5344629865139723,16878.938749313354,0.0,29.0,0.0,2.0,0.0726190476190477,0.9710451606661081,0.965302737429738,0.019141432247124612
immediate_advantage_dqn,807,205,77.84900495409966,90.55330907024444,27.848264329135418,50.00074069201946,1.4903779635205865,15923.307594299316,0.0,24.0,0.0,0.0,0.06809523809523821,1.3310754373669624,1.3245701491832733,0.0216843017260544
immediate_advantage_dqn,807,206,83.66041401326656,89.86084972061217,29.842114970088005,53.81829884946346,1.5001751109957695,16405.35781478882,0.0,25.0,0.0,2.0,0.06357142857142861,0.8626571223139763,0.8561822585761547,0.021582899033091962
immediate_advantage_dqn,807,207,64.85414500534534,88.5780682682246,25.69675362110138,39.157391369342804,1.4176418706774712,14365.46478843689,0.0,19.0,0.0,0.0,0.059047619047619015,1.085134880617261,1.0787259601056576,0.02136307582259178
immediate_advantage_dqn,807,208,79.6330128788948,87.29568713836372,28.31398067623377,51.31903223991394,1.4836985608562827,15944.793880462646,0.0,24.0,0.0,3.0,0.05452380952380953,0.834299623966217,0.828988291323185,0.01770442450651899
immediate_advantage_dqn,807,209,101.95239344239235,88.42464740201831,32.17716446518898,69.77522948384285,1.6034300914034247,17994.13768386841,0.0,30.0,0.0,0.0,0.050000000000000044,1.0537871699780226,1.0485276021063328,0.017531913530547172
immediate_advantage_dqn,807,210,71.39172670394183,87.2573932365328,26.158556908369064,45.23316986262798,1.4552608001977205,15116.940742492676,0.0,22.0,0.0,1.0,0.050000000000000044,1.01923593506217,1.014277532696724,0.016528003790881485
immediate_advantage_dqn,807,211,98.07752499878407,87.56200313754381,31.180284328758717,66.897240960598,1.6061706384643912,17962.87281036377,0.0,28.0,0.0,2.0,0.050000000000000044,1.1693599931895733,1.1640882305800915,0.01757250598166138
immediate_advantage_dqn,807,212,82.28150909543038,86.4491610068828,28.278079323470592,54.00343027114868,1.457571272738278,15784.245391845703,0.0,26.0,0.0,2.0,0.050000000000000044,1.2814698871225119,1.2761711478233337,0.017662419355474412
immediate_advantage_dqn,807,213,86.68962863981724,85.69649448953571,28.80758161097765,57.88204696178436,1.548812142573297,16612.322265625,0.0,27.0,0.0,1.0,0.050000000000000044,1.043307401239872,1.0375325996428728,0.019249295990448445
immediate_advantage_dqn,807,214,72.32854001224041,85.14586418293418,25.317886263132095,47.01065404713154,1.4147430462762713,14368.167055130005,0.0,23.0,0.0,1.0,0.050000000000000044,0.9820609726011753,0.9762370884418488,0.01941291120601818
immediate_advantage_dqn,807,215,82.26866216957569,84.41794009260835,29.533709183335304,52.73495256900787,1.5301849795505404,16478.85926437378,0.0,24.0,0.0,1.0,0.050000000000000044,1.2032785303890705,1.1966800093650818,0.021995025221258402
immediate_advantage_dqn,807,216,93.17841675877571,84.56820192053915,28.451913960278034,64.72650274634361,1.5357659282162786,16494.15386199951,0.0,30.0,0.0,0.0,0.050000000000000044,0.9653800036758184,0.9592851437628269,0.020316149340942502
immediate_advantage_dqn,807,217,72.96013349443675,83.43089545652272,25.8276514261961,47.132481509447096,1.4354975447058678,14684.240758895874,0.0,23.0,0.0,2.0,0.050000000000000044,1.0588878951966763,1.0540931802242994,0.015982372453436255
immediate_advantage_dqn,807,218,85.68391691893339,83.59623211592437,30.48215413838625,55.20176291465759,1.56294103898108,17352.901481628418,0.0,26.0,0.0,0.0,0.050000000000000044,1.005417089909315,0.999618848785758,0.0193274260382168
immediate_advantage_dqn,807,219,65.2457816168666,82.62859000504018,26.092644087970257,39.15313717126846,1.4722707448527217,15256.652313232422,0.0,19.0,0.0,3.0,0.050000000000000044,1.149073163047433,1.1457205340266228,0.011175461811944842
immediate_advantage_dqn,807,220,70.54602182656527,81.98573174193503,26.11399132758379,44.4320307970047,1.4360025422647595,14514.406112670898,0.0,23.0,0.0,2.0,0.050000000000000044,1.2225170321762562,1.2173041198402643,0.01737634133314714
immediate_advantage_dqn,807,221,81.17918901145458,81.83347402118147,28.183574326336384,52.995614752173424,1.473005574196577,15736.919490814209,0.0,25.0,0.0,2.0,0.050000000000000044,1.2228738218545914,1.2159769013524055,0.022989713354036212
immediate_advantage_dqn,807,222,75.34489132463932,81.58224355243146,26.184066489338875,49.16082440316677,1.4486000202596188,15070.133312225342,0.0,24.0,0.0,0.0,0.050000000000000044,1.2416470646858215,1.2340231835842133,0.025412939896341413
immediate_advantage_dqn,807,223,84.46409292668105,81.1954892192781,31.140145130455494,53.32394797503948,1.5525037702172995,17188.50856781006,0.0,25.0,0.0,1.0,0.050000000000000044,1.210143992677331,1.2046573087573051,0.018288971565198153
immediate_advantage_dqn,807,224,79.1176146581769,80.4353310225159,26.622177243232727,52.49543779492378,1.4647293537855148,15140.585468292236,0.0,25.0,0.0,1.0,0.050000000000000044,1.0993424989283085,1.0922615360468626,0.02360323301400058
immediate_advantage_dqn,807,225,73.22299120724202,80.20403033517303,28.398329496383667,44.82466203868389,1.4771287254989147,15989.785335540771,0.0,20.0,0.0,1.0,0.050000000000000044,1.0608214084059,1.0550853908061981,0.019120033888611943
immediate_advantage_dqn,807,226,70.16659101098776,79.52933918505909,28.13449977338314,42.03209111094475,1.4766690852120519,16080.25486946106,0.0,21.0,0.0,0.0,0.050000000000000044,1.264358265325427,1.2555971425026655,0.029203740530647337
immediate_advantage_dqn,807,227,88.5973095446825,80.71649741202594,30.905678674578667,57.69163066148758,1.559466678649187,17721.153171539307,0.0,26.0,0.0,0.0,0.050000000000000044,1.1904463544487953,1.1861343011260033,0.014373535464983433
immediate_advantage_dqn,807,228,85.6255067512393,81.01612210564316,30.394938856363297,55.23056799173355,1.5575161827728152,17188.634716033936,0.0,25.0,0.0,0.0,0.050000000000000044,1.2151539605110884,1.2069818703457713,0.0272402711561881
immediate_advantage_dqn,807,229,75.26067268401384,79.68153606772422,27.90959081798792,47.351082268357274,1.4947790037840605,15771.239318847656,0.0,21.0,0.0,2.0,0.050000000000000044,0.7926375474780798,0.7870430909097195,0.01864818128524348
immediate_advantage_dqn,807,230,93.96634479165077,80.81026697210967,33.77781867980957,60.18852563500404,1.632930883206427,18811.15505218506,0.0,26.0,0.0,2.0,0.050000000000000044,1.0415893737226725,1.0339095201343298,0.02559952880255878
immediate_advantage_dqn,807,231,82.00464274883271,80.00662285961212,29.34691008925438,52.657732555270194,1.5304008862003684,16747.831958770752,0.0,25.0,0.0,3.0,0.050000000000000044,1.0054797995835543,1.0002929456532001,0.017289508890826255
immediate_advantage_dqn,807,232,76.57137648016214,79.7211162288487,27.248238258063793,49.32313795387745,1.4533539898693562,15295.355453491211,0.0,25.0,0.0,1.0,0.050000000000000044,1.071817398071289,1.066183414310217,0.018779908248689026
immediate_advantage_dqn,807,233,80.49655724465848,79.41146265909077,26.62269999086857,53.87385740280151,1.4757572710514069,14931.981204986572,0.0,25.0,0.0,1.0,0.050000000000000044,1.019870126619935,1.0155178308486938,0.014507602609228343
immediate_advantage_dqn,807,234,91.60062479376793,80.37506689816715,31.627554193139076,59.97307058572769,1.6160738989710808,18297.800132751465,0.0,27.0,0.0,2.0,0.050000000000000044,1.2571291774511337,1.2505738846957684,0.021850975463166833
immediate_advantage_dqn,807,235,99.74885982275009,81.24907678082586,31.538093477487564,68.21076641976833,1.5851612202823162,18050.237785339355,0.0,30.0,0.0,0.0,0.050000000000000044,0.942668292671442,0.9374601915478706,0.017360340163577348
immediate_advantage_dqn,807,236,87.51051788926125,80.96568183735015,29.786377869546413,57.724139580130576,1.5582780903205276,16983.51720046997,0.0,26.0,0.0,1.0,0.050000000000000044,1.2890858557075262,1.2831176295876503,0.0198940621339716
immediate_advantage_dqn,807,237,105.0130818873644,82.56832925699652,33.013486973941326,71.99959498047829,1.6558227706700563,19307.976219177246,0.0,31.0,0.0,1.0,0.050000000000000044,0.9107424998655915,0.9049237845465541,0.01939574198331684
immediate_advantage_dqn,807,238,82.52755927443505,82.41051137477162,29.07686786353588,53.450691217184065,1.5324217453598976,16277.045555114746,0.0,25.0,0.0,1.0,0.050000000000000044,1.2219251692295074,1.214475465938449,0.024832327500917017
immediate_advantage_dqn,807,239,70.00302869826555,82.64837372884156,26.04513130337,43.95789781212807,1.473210295662284,15292.420040130615,0.0,21.0,0.0,0.0,0.050000000000000044,1.402301987633109,1.396110363304615,0.02063874958548695
immediate_advantage_dqn,807,240,98.0067982390523,84.02141254946591,29.564810909330845,68.4419873893261,1.5549556575715542,17136.011741638184,0.0,30.0,0.0,2.0,0.050000000000000044,1.0747662894427776,1.069134496152401,0.018772615352645516
immediate_advantage_dqn,807,241,86.02322031706572,84.26361411474647,30.181400790810585,55.84181978702545,1.541398766450584,17153.486289978027,0.0,26.0,0.0,2.0,0.050000000000000044,1.265488963574171,1.260732974857092,0.01585327339125797
immediate_advantage_dqn,807,242,70.37295398265124,84.01501724764707,26.451533310115337,43.921420940756796,1.4311537388712168,14697.347732543945,0.0,21.0,0.0,1.0,0.050000000000000044,1.0648288950324059,1.058395430445671,0.02144489495549351
immediate_advantage_dqn,807,243,83.34520316123962,83.959072759375,29.574639350175858,53.770563662052155,1.5353457974269986,16660.29921722412,0.0,25.0,0.0,0.0,0.050000000000000044,1.0345572549849749,1.0287099219858646,0.019491079670842737
immediate_advantage_dqn,807,244,95.533321210742,84.77985808700325,31.085983134806156,64.44733839631081,1.5939209973439574,18257.964124679565,0.0,31.0,0.0,1.0,0.050000000000000044,0.7929755449295044,0.7887844163924456,0.013970414700452238
immediate_advantage_dqn,807,245,102.42931772768497,86.2401744130254,33.61019357293844,68.81912444531918,1.6446512090042233,19420.009786605835,0.0,29.0,0.0,1.0,0.050000000000000044,1.2468742243945599,1.2404467724263668,0.021424902544822544
immediate_advantage_dqn,807,246,79.62418375313283,86.71305405013264,29.199426487088203,50.424757519364356,1.5073422668501735,16665.203022003174,0.0,23.0,0.0,2.0,0.050000000000000044,1.0688022123649716,1.0604077316820621,0.02798157511278987
immediate_advantage_dqn,807,247,82.62731165736913,86.41455415576698,29.334026120603085,53.29328526854515,1.4979518121108413,16873.49761199951,0.0,25.0,0.0,2.0,0.050000000000000044,1.1406202539801598,1.1355594918131828,0.016869192360900342
immediate_advantage_dqn,807,248,75.38467334210873,85.90251248531044,29.453712545335293,45.93096101284027,1.5183674488216639,16466.954544067383,0.0,22.0,0.0,0.0,0.050000000000000044,1.1033537592738867,1.0944259315729141,0.029759411816485226
immediate_advantage_dqn,807,249,79.94840614497662,86.13689915835859,30.159126415848732,49.789280354976654,1.5117979180067778,16606.670440673828,0.0,22.0,0.0,0.0,0.050000000000000044,1.0076863933354616,1.0017560608685017,0.019767781312111765
immediate_advantage_dqn,807,250,100.82324893176556,86.47974436536433,32.49808704853058,68.32516195774079,1.6221434408798814,18502.136390686035,0.0,30.0,0.0,2.0,0.050000000000000044,1.1968661863356829,1.1936372481286526,0.010763093770947307
immediate_advantage_dqn,807,251,79.01444663107395,86.3302345594764,28.51632719486952,50.498119220137596,1.5096654566004872,16288.900215148926,0.0,23.0,0.0,0.0,0.050000000000000044,1.055710008367896,1.0487203858792782,0.023298713087569922
immediate_advantage_dqn,807,252,72.65905204415321,86.13461833767595,27.3601830676198,45.29886877536774,1.502726735547185,16201.843654632568,0.0,22.0,0.0,0.0,0.050000000000000044,0.9587244521826506,0.9545904286205769,0.013780084031168371
immediate_advantage_dqn,807,253,91.32669191807508,86.67612507134677,30.451683938503265,60.87500807642937,1.5347511610016227,16872.761344909668,0.0,27.0,0.0,0.0,0.050000000000000044,1.1875487212091684,1.1793412948027253,0.027358103427104652
immediate_advantage_dqn,807,254,91.05453018248082,86.64882034078241,31.781984016299248,59.27254638969898,1.5982779199257493,18200.3448638916,0.0,27.0,0.0,1.0,0.050000000000000044,1.0014201262965798,0.9961290694773197,0.01763683441095054
immediate_advantage_dqn,807,255,83.24102329909802,85.82342851459981,27.27289342880249,55.968130093812945,1.4689168194308877,15472.054931640625,0.0,25.0,0.0,3.0,0.050000000000000044,1.0697606820613146,1.0635606423020363,0.02066676877439022
immediate_advantage_dqn,807,256,75.71420159935951,85.23361270010471,28.14003613591194,47.57416495680809,1.5477211149409413,16665.23756790161,0.0,23.0,0.0,1.0,0.050000000000000044,0.9655115809291601,0.9597855191677809,0.019086888525635004
immediate_advantage_dqn,807,257,83.19013027250767,84.1424651193619,30.222097739577293,52.96803289055824,1.525138245895505,17151.17158126831,0.0,25.0,0.0,2.0,0.050000000000000044,0.9785240888595581,0.9734151512384415,0.017029787239152938
immediate_advantage_dqn,807,258,74.80936931073666,83.75655562117697,27.73930575698614,47.07006323337555,1.4587286384776235,15254.081413269043,0.0,23.0,0.0,0.0,0.050000000000000044,1.1268870010972023,1.1201046537607908,0.022607885126490146
immediate_advantage_dqn,807,259,64.6033426746726,83.48657131999732,26.012556470930576,38.590786799788475,1.4270533546805382,15290.206853866577,0.0,19.0,0.0,1.0,0.050000000000000044,1.3127056304365396,1.3059917315840721,0.022379668545909226
immediate_advantage_dqn,807,260,76.44952049851418,82.40870743297042,27.03975483775139,49.409765124320984,1.4632489029318094,15207.882007598877,0.0,23.0,0.0,1.0,0.050000000000000044,1.3797516003251076,1.3744497746229172,0.0176727338694036
immediate_advantage_dqn,807,261,74.16893167793751,81.815993001014,27.581427916884422,46.58750382065773,1.4846631865948439,15812.180294036865,0.0,24.0,0.0,2.0,0.050000000000000044,1.1020374167710543,1.0970246214419603,0.01670934841968119
immediate_advantage_dqn,807,262,75.73511316776276,82.08410096026958,27.253197990357876,48.48191567659378,1.492733009159565,15954.55103302002,0.0,22.0,0.0,1.0,0.050000000000000044,1.128297995775938,1.1227263119071722,0.018572332512121648
immediate_advantage_dqn,807,263,73.56007341742516,81.59484447307885,27.54492762684822,46.01514567136765,1.4751056050881743,15895.43851852417,0.0,21.0,0.0,3.0,0.050000000000000044,0.8283543810248375,0.8222622219473124,0.02030722127528861
immediate_advantage_dqn,807,264,78.76564140617847,80.75646048285067,27.22680999338627,51.53883194923401,1.4430396938696504,15194.937015533447,0.0,24.0,0.0,2.0,0.050000000000000044,1.0311950538307428,1.0252869818359613,0.019693529698997736
immediate_advantage_dqn,807,265,61.00720044374466,78.68535461865366,24.341056033968925,36.66614451408386,1.3988237520679832,13996.3815574646,0.0,19.0,0.0,1.0,0.050000000000000044,1.1420025490224361,1.136210586875677,0.019306528964079916
immediate_advantage_dqn,807,266,77.45321875214577,78.57680636860431,30.531978122889996,46.92124047279358,1.4868776872754097,16957.185371398926,0.0,22.0,0.0,1.0,0.050000000000000044,1.3576449528336525,1.3521330580115318,0.01837297569727525
immediate_advantage_dqn,807,267,95.20938798189164,79.20591018483044,29.94233699887991,65.26705099046231,1.5661239111796021,17381.966316223145,0.0,29.0,0.0,1.0,0.050000000000000044,1.1464171912521124,1.1414515729993582,0.016552046523429453
immediate_advantage_dqn,807,268,76.87381766736507,79.28036740109326,26.864795945584774,50.00902146100998,1.478941971436143,15273.905136108398,0.0,23.0,0.0,0.0,0.050000000000000044,0.9496189430356026,0.9449534323066473,0.015551647695247084
immediate_advantage_dqn,807,269,76.30724613666534,79.09830940067769,27.640926703810692,48.66631906032562,1.4855664670467377,15624.092273712158,0.0,24.0,0.0,2.0,0.050000000000000044,1.0783419646322727,1.0721961688250303,0.020486007386352867
immediate_advantage_dqn,807,270,77.92343449741603,77.95331867896022,28.199779264628887,49.72365533709526,1.4915492152795196,16154.080261230469,0.0,22.0,0.0,1.0,0.050000000000000044,1.0965981483459473,1.0913617853075266,0.01745456049684435
immediate_advantage_dqn,807,271,94.61790324747562,78.7334915097803,32.851035602390766,61.76686728000641,1.6107055535539985,18788.118648529053,0.0,28.0,0.0,0.0,0.050000000000000044,0.9998068325221539,0.9931401815265417,0.022222172119654715
immediate_advantage_dqn,807,272,78.58294709026814,79.02968626208605,28.448410540819168,50.13453643023968,1.48522768355906,15855.033527374268,0.0,24.0,0.0,0.0,0.050000000000000044,1.3063576351851225,1.299192225560546,0.023884676047600806
immediate_advantage_dqn,807,273,97.92285435795785,79.35949438408018,32.79928247630596,65.12357212007046,1.6218690471723676,18834.994743347168,0.0,29.0,0.0,2.0,0.050000000000000044,1.1569570694118738,1.1528551783412695,0.01367298566037789
immediate_advantage_dqn,807,274,90.21040777117014,79.31728826351464,30.2692057415843,59.941201850771904,1.5699318181723356,17631.003253936768,0.0,27.0,0.0,4.0,0.050000000000000044,1.146108977496624,1.1400053091347218,0.020345565251773223
immediate_advantage_dqn,807,275,81.08826620280743,79.20965040870013,29.224052518606186,51.86421359479427,1.5349818672984838,16708.48878479004,0.0,25.0,0.0,1.0,0.050000000000000044,0.9605812542140484,0.9549909774214029,0.018634241889230907
immediate_advantage_dqn,807,276,75.25554614812135,79.18671763613821,25.73704718053341,49.51849888563156,1.4390276800841093,14676.65444946289,0.0,22.0,0.0,2.0,0.050000000000000044,0.9391083410009742,0.9328945968300104,0.02071248402353376
immediate_advantage_dqn,807,277,89.11427072137595,79.48292465858162,27.637225337326527,61.47704519033432,1.5371578326448798,16705.075569152832,0.0,27.0,0.0,3.0,0.050000000000000044,0.8763463161885738,0.8720235107466578,0.01440938637824729
immediate_advantage_dqn,807,278,83.94277134537697,79.93959476031364,30.06066046655178,53.88211132586002,1.5388841414824128,17049.770931243896,0.0,26.0,0.0,1.0,0.050000000000000044,1.2331465296447277,1.2276749983429909,0.018238461343571544
immediate_advantage_dqn,807,279,79.27129220217466,80.67299223668873,29.30433326214552,49.9669588804245,1.5229091988876462,17054.338314056396,0.0,24.0,0.0,1.0,0.050000000000000044,1.0748276645317674,1.068584531545639,0.020810484886169434
immediate_advantage_dqn,807,280,68.16227920502425,80.25863017201424,26.918834447860718,41.24344475716352,1.4530188413336873,15362.413480758667,0.0,20.0,0.0,2.0,0.050000000000000044,1.1072286944836378,1.1014688611030579,0.019199424888938665
immediate_advantage_dqn,807,281,76.75003138184547,80.38768515720963,28.944534793496132,47.80549670755863,1.5073779402300715,16217.404293060303,0.0,22.0,0.0,0.0,0.050000000000000044,1.220931002870202,1.2152179554104805,0.01904351031407714
immediate_advantage_dqn,807,282,85.52417580783367,80.87713828921319,28.041560366749763,57.482615292072296,1.4899961184710264,15892.124202728271,0.0,28.0,0.0,0.0,0.050000000000000044,0.9816863313317299,0.976743433624506,0.016476319753564894
immediate_advantage_dqn,807,283,73.78234574943781,80.88825190581382,27.905139826238155,45.87720559537411,1.4686847301200032,15881.788181304932,0.0,23.0,0.0,2.0,0.050000000000000044,1.0806737691164017,1.0749634634703398,0.019034364784602076
immediate_advantage_dqn,807,284,95.60280765742064,81.73011021837593,32.94909133762121,62.6537162899971,1.6119869546964765,18931.56224822998,0.0,27.0,0.0,3.0,0.050000000000000044,1.2486560977995396,1.2417603991925716,0.022985702729783952
immediate_advantage_dqn,807,285,83.97319953143597,82.8784101727605,28.831395380198956,55.14180435240269,1.5116920815780759,16052.34750366211,0.0,26.0,0.0,0.0,0.050000000000000044,1.1149559952318668,1.1070684231817722,0.02629187668208033
immediate_advantage_dqn,807,286,80.07230560034513,83.00936451517046,29.28200986981392,50.790295864641664,1.5026615634560585,16525.244625091553,0.0,24.0,0.0,2.0,0.050000000000000044,1.032863107509911,1.0271798940375447,0.01894401799654588
immediate_advantage_dqn,807,287,91.98888351917267,82.84833929203452,30.099291428923607,61.88959225416183,1.5493859201669693,17037.01762008667,0.0,29.0,0.0,1.0,0.050000000000000044,1.3333994206041098,1.3276727870106697,0.01908877899404615
immediate_advantage_dqn,807,288,63.767789125442505,82.19303786493838,26.232696026563644,37.53509297966957,1.423239923082292,14710.379587173462,0.0,20.0,0.0,1.0,0.050000000000000044,1.1496390141546726,1.1438771858811378,0.019206096534617245
immediate_advantage_dqn,807,289,81.38296440541744,82.44682377837599,26.66263295710087,54.7203315526247,1.461411259137094,15270.549152374268,0.0,25.0,0.0,2.0,0.050000000000000044,1.2292934227734804,1.223097125068307,0.020654303138144314
immediate_advantage_dqn,807,290,93.12664023935795,83.2069840654731,30.710057109594345,62.416583293676375,1.5776235423982143,17638.445531845093,0.0,28.0,0.0,1.0,0.050000000000000044,1.2453988566994667,1.2400224637240171,0.017921316961292177
immediate_advantage_dqn,807,291,77.49471967220306,82.35082488670946,27.421965047717094,50.072755220532414,1.4551702691242099,15564.48371887207,0.0,22.0,0.0,2.0,0.050000000000000044,1.1276480201631784,1.1226677522063255,0.016600851085968316
immediate_advantage_dqn,807,292,84.77430847287178,82.66039295583963,29.09469446539879,55.67961384356022,1.5101327495649457,16544.095809936523,0.0,26.0,0.0,1.0,0.050000000000000044,1.2603119444102049,1.2538278922438622,0.021613492164760828
immediate_advantage_dqn,807,293,83.87138867080212,81.95781967148186,30.088057562708855,53.78333133161068,1.5523290177807212,17341.131284713745,0.0,24.0,0.0,4.0,0.050000000000000044,1.1310329660773277,1.125454779714346,0.018593944318126887
immediate_advantage_dqn,807,294,89.65769563019276,81.93018406443298,30.423054859042168,59.23464080095291,1.5464824987575412,17193.478202819824,0.0,26.0,0.0,1.0,0.050000000000000044,1.0753157623112202,1.0684626307338476,0.022843773709610105
immediate_advantage_dqn,807,295,88.41268129050732,82.29640481881799,31.7996164560318,56.613064074516295,1.5751205440610647,18174.027534484863,0.0,26.0,0.0,1.0,0.050000000000000044,1.4342814721167088,1.4271256607025862,0.02385266637429595
immediate_advantage_dqn,807,296,88.81700457036496,82.97447773993017,29.29426309466362,59.522741669416426,1.59543979447335,17471.164333343506,0.0,26.0,0.0,1.0,0.050000000000000044,1.214521136134863,1.2101622186601162,0.014529750682413578
immediate_advantage_dqn,807,297,85.61616966277361,82.79957268700007,28.110952593386173,57.505217307806014,1.4885095106437802,16190.3193359375,0.0,27.0,0.0,1.0,0.050000000000000044,0.8435198832303286,0.8383740335702896,0.01715283701196313
immediate_advantage_dqn,807,298,74.0134422570467,82.30310623258353,25.94431410729885,48.06912870109081,1.4410514496266842,14966.572109222412,0.0,25.0,0.0,1.0,0.050000000000000044,1.2386057432740927,1.2336555495858192,0.0165006248280406
immediate_advantage_dqn,807,299,88.45920730531216,82.76250198774042,28.822573140263557,59.636634239554404,1.5409376109018922,16455.657413482666,0.0,26.0,0.0,1.0,0.050000000000000044,0.9462710563093424,0.9402269953861833,0.020146866561844945
immediate_advantage_dqn,807,300,86.15475831180811,83.6621259430796,29.395803205668926,56.75895477831364,1.507702107541263,16840.557079315186,0.0,26.0,0.0,1.0,0.050000000000000044,0.886013082228601,0.8796560745686293,0.021190009079873562
immediate_advantage_dqn,807,301,81.72791238129139,83.9110199930519,28.161125518381596,53.56678666174412,1.4393469272181392,15891.849252700806,0.0,27.0,0.0,0.0,0.050000000000000044,1.1205192282795906,1.1161533650010824,0.014552875480148941
immediate_advantage_dqn,807,302,70.25425786674023,83.14752409599723,26.930375695228577,43.323882484436034,1.4453342836350203,15048.332744598389,0.0,22.0,0.0,1.0,0.050000000000000044,1.075357222929597,1.0682840384542942,0.023577203799504787
immediate_advantage_dqn,807,303,75.31132454574109,83.22397303581239,28.27054812759161,47.0407765597105,1.4864788223057985,15977.033107757568,0.0,24.0,0.0,1.0,0.050000000000000044,0.9542941562831402,0.949178060516715,0.017053643998224288
immediate_advantage_dqn,807,304,92.56071671843529,83.07186848886313,30.535117641091347,62.02559918165207,1.5511538814753294,17179.985843658447,0.0,28.0,0.0,0.0,0.050000000000000044,1.2539463313296437,1.2466420363634825,0.024347610771656036
immediate_advantage_dqn,807,305,93.34545851647854,83.54048143811526,31.16995717585087,62.175501549243926,1.5861804466694593,18323.295024871826,0.0,28.0,0.0,2.0,0.050000000000000044,1.2381382547318935,1.2330617867410183,0.016921607952099293
immediate_advantage_dqn,807,306,77.43266125917435,83.40849922105672,27.58423563838005,49.848425635695456,1.504862578585744,16372.440475463867,0.0,23.0,0.0,2.0,0.050000000000000044,1.0211645904928446,1.015975570306182,0.017296748294029385
immediate_advantage_dqn,807,307,55.85215667039156,81.60166287861766,23.832664161920547,32.019492560625075,1.3402962060645223,13495.410369873047,0.0,18.0,0.0,1.0,0.050000000000000044,1.292259082198143,1.2849031817167997,0.024519676459021866
immediate_advantage_dqn,807,308,63.37350708991289,81.58194877684119,23.947697341442108,39.42580969631672,1.370434665121138,13131.887243270874,0.0,21.0,0.0,0.0,0.050000000000000044,1.0611270070075989,1.05626767501235,0.01619774044957012
immediate_advantage_dqn,807,309,79.43351098895073,81.48447610601784,29.738239601254463,49.695271134376526,1.538216303102672,17042.413173675537,0.0,22.0,0.0,0.0,0.050000000000000044,1.2784651555120945,1.2708387710154057,0.025421258353162557
immediate_advantage_dqn,807,310,88.0066286623478,81.22847552716732,29.083121076226234,58.92350745201111,1.5227288119494915,16445.275257110596,0.0,27.0,0.0,1.0,0.050000000000000044,1.18369235470891,1.1781181879341602,0.018580576579552144
immediate_advantage_dqn,807,311,60.829873414337634,80.39523321427404,26.350021593272686,34.4798517614603,1.3997417418286204,14455.000221252441,0.0,20.0,0.0,1.0,0.050000000000000044,1.3274153154343367,1.321630159392953,0.019283830421045423
immediate_advantage_dqn,807,312,65.13204919695855,79.4131202504784,24.922656074166298,40.20939310789108,1.4153184052556753,14306.199630737305,0.0,18.0,0.0,1.0,0.050000000000000044,1.3487238474190235,1.3441120386123657,0.015372713445685804
immediate_advantage_dqn,807,313,80.66438696831464,79.25277016535402,29.27193033695221,51.39245645999908,1.4961570650339127,16733.190097808838,0.0,22.0,0.0,2.0,0.050000000000000044,1.2952420730143785,1.2895903419703245,0.01883910910692066
immediate_advantage_dqn,807,314,80.06259998679161,78.77301538318396,28.00904218107462,52.05355751514435,1.456064073368907,15622.678329467773,0.0,24.0,0.0,1.0,0.050000000000000044,0.9672719966620207,0.9609550405293703,0.02105656755156815
immediate_advantage_dqn,807,315,96.82620340585709,79.19369148895144,31.682956747710705,65.14324671030045,1.5903165396302938,17944.909492492676,0.0,31.0,0.0,0.0,0.050000000000000044,1.1646600179374218,1.1578969359397888,0.022543616592884064
immediate_advantage_dqn,807,316,82.70277962833643,78.88798024185002,29.38807574659586,53.314703956246376,1.5596286999061704,17271.414833068848,0.0,27.0,0.0,0.0,0.050000000000000044,1.1149947177618742,1.1100108847022057,0.016612799605354667
immediate_advantage_dqn,807,317,87.47920330613852,78.98113192401827,31.506662771105766,55.972539976239204,1.5566251520067453,17840.35181427002,0.0,26.0,0.0,0.0,0.050000000000000044,1.2897773887962103,1.283436955884099,0.021134768438059837
immediate_advantage_dqn,807,318,92.31227664649487,79.89607364349067,31.012200109660625,61.30007717013359,1.5594583489000797,17751.94574737549,0.0,29.0,0.0,0.0,0.050000000000000044,1.4590525720268488,1.4524357859045267,0.02205593400867656
immediate_advantage_dqn,807,319,85.05615059435368,79.72592080794276,28.69331358373165,56.362836652994154,1.5349941542372108,16598.295923233032,0.0,27.0,0.0,1.0,0.050000000000000044,1.273462938144803,1.2678590379655361,0.01867965271230787
immediate_advantage_dqn,807,320,76.13308888226747,79.22483733646571,25.73715515434742,50.395933616161344,1.4467371879145503,14909.947982788086,0.0,22.0,0.0,2.0,0.050000000000000044,1.1524677108973265,1.1445115115493536,0.02652070944895968
immediate_advantage_dqn,807,321,90.55646906793118,79.6662651707977,30.430943705141544,60.12552593648434,1.5477135963737965,17170.97396659851,0.0,26.0,0.0,0.0,0.050000000000000044,0.9011263614520431,0.8953978950157762,0.019094880030024797
immediate_advantage_dqn,807,322,86.86999018639327,80.49705178678036,29.198229275643826,57.671760940551756,1.5216215644031763,16817.24761581421,0.0,26.0,0.0,2.0,0.050000000000000044,1.1965326610952616,1.1889226362109184,0.0253667599754408
immediate_advantage_dqn,807,323,77.4212994903326,80.60255053400994,26.110051199793816,51.31124806702137,1.4633799036964774,15273.656509399414,0.0,23.0,0.0,2.0,0.050000000000000044,1.0468190051615238,1.0400189813226461,0.022666769800707698
immediate_advantage_dqn,807,324,72.42436599731445,79.59573299795389,25.56839008629322,46.855975940823555,1.4272381151095033,14687.291233062744,0.0,22.0,0.0,1.0,0.050000000000000044,1.0497390571981668,1.0429109763354063,0.022760256950277835
immediate_advantage_dqn,807,325,99.48718008548022,79.90281907640397,33.30712065845728,66.1800589799881,1.6012342888861895,18844.088397979736,0.0,30.0,0.0,1.0,0.050000000000000044,0.9215370891615748,0.9151351051405072,0.021339914354030043
immediate_advantage_dqn,807,326,88.08980142474175,80.43567608468234,29.456200249493122,58.63360098898411,1.5111593240872025,16856.320308685303,0.0,26.0,0.0,1.0,0.050000000000000044,1.2172870226204395,1.2100489754229784,0.024126797972712666
immediate_advantage_dqn,807,327,81.12277139723301,81.69920682102443,29.102218702435493,52.02055266499519,1.5184299480170012,16842.68991470337,0.0,23.0,0.0,0.0,0.050000000000000044,1.4960153475403786,1.490785215049982,0.017433821340091527
immediate_advantage_dqn,807,328,83.71279930472375,82.71617143176498,28.573540441691875,55.13925958573818,1.5037099895998836,16476.368240356445,0.0,25.0,0.0,2.0,0.050000000000000044,1.1790888793766499,1.1725225113332272,0.021887920680455863
immediate_advantage_dqn,807,329,75.93123953044415,82.54105785883965,27.952732548117638,47.978506699204445,1.4738541413098574,16268.630226135254,0.0,23.0,0.0,1.0,0.050000000000000044,1.3140396270900965,1.3094754312187433,0.015213992912322283
immediate_advantage_dqn,807,330,81.04037529975176,82.19274519070984,30.18722715228796,50.853147223591805,1.554117121733725,17589.06337738037,0.0,26.0,0.0,1.0,0.050000000000000044,1.4741905722767115,1.4665105640888214,0.025599985441658646
immediate_advantage_dqn,807,331,78.56150388717651,83.07932671435178,24.752030201256275,53.8094739317894,1.420136148110032,14453.122314453125,0.0,27.0,0.0,0.0,0.050000000000000044,1.118928188458085,1.1143645737320185,0.01521211676299572
immediate_advantage_dqn,807,332,70.11412653625011,83.32843058131635,26.71069633960724,43.40343052446842,1.4452851051464677,15212.742984771729,0.0,22.0,0.0,2.0,0.050000000000000044,1.3448118902742863,1.3398296646773815,0.016607415047474205
immediate_advantage_dqn,807,333,84.56624078005552,83.52352327190339,27.93071547150612,56.63552534580231,1.507029033266008,16261.460384368896,0.0,25.0,0.0,1.0,0.050000000000000044,1.1799495331943035,1.1754142921417952,0.015117443981580436
immediate_advantage_dqn,807,334,81.62123657912016,83.60145510151982,27.81634572148323,53.804890820384024,1.519367003813386,16360.8861618042,0.0,27.0,0.0,2.0,0.050000000000000044,1.3373586125671864,1.3322105277329683,0.017160215065814555
immediate_advantage_dqn,807,335,76.635631673038,82.59192651487888,28.24774358421564,48.38788804411888,1.486396531574428,15920.196544647217,0.0,23.0,0.0,0.0,0.050000000000000044,1.0538723412901163,1.046198882162571,0.02557817322667688
immediate_advantage_dqn,807,336,86.35924115777016,82.77474959135057,29.201118163764477,57.158122941851616,1.5077746082097292,16352.05897140503,0.0,27.0,0.0,0.0,0.050000000000000044,1.4040015581995249,1.3976798504590988,0.02107240166515112
immediate_advantage_dqn,807,337,79.60246560126544,82.38091270610691,28.493010438978672,51.10945556461811,1.4998604245483875,15981.75788116455,0.0,24.0,0.0,1.0,0.050000000000000044,1.080003034323454,1.0735580902546644,0.02148312731878832
immediate_advantage_dqn,807,338,102.39984384179115,82.88529106587173,34.54128710925579,67.85855621099472,1.631244114600122,19236.106899261475,0.0,30.0,0.0,1.0,0.050000000000000044,1.444172352552414,1.436718463897705,0.0248462698655203
immediate_advantage_dqn,807,339,73.68894024938345,82.31693054862322,28.26396034657955,45.42497938871384,1.4579569092020392,15544.781019210815,0.0,24.0,0.0,0.0,0.050000000000000044,1.1421133186668158,1.135142669081688,0.023235440137796104
immediate_advantage_dqn,807,340,85.74196354299784,82.79737428165973,30.765436597168446,54.97652727365494,1.5645025977864861,17521.877853393555,0.0,25.0,0.0,2.0,0.050000000000000044,0.9374136012047529,0.9308105017989874,0.022010321612469852
immediate_advantage_dqn,807,341,93.21291655302048,82.93019665591419,31.243205152451992,61.969711273908615,1.5502045983448625,17856.739776611328,0.0,27.0,0.0,0.0,0.050000000000000044,1.3065087795257568,1.3003005990758538,0.02069395303260535
immediate_advantage_dqn,807,342,80.08793920278549,82.59109410673379,29.34265137463808,50.745287984609604,1.5252337781712413,16892.590829849243,0.0,25.0,0.0,1.0,0.050000000000000044,1.2317324988543987,1.2250444702804089,0.022293446061667055
immediate_advantage_dqn,807,343,93.48289682865143,83.39417397364974,30.43785873055458,63.045037963986395,1.5566258914768696,17406.52279663086,0.0,28.0,0.0,2.0,0.050000000000000044,1.4025684595108032,1.395509660243988,0.023529344354756176
immediate_advantage_dqn,807,344,80.09929323345423,83.77792033545674,30.198412120342255,49.900880777835845,1.5508079025894403,17210.907382965088,0.0,23.0,0.0,1.0,0.050000000000000044,1.108748322352767,1.10266787186265,0.02026817901059985
immediate_advantage_dqn,807,345,62.16061542332172,81.91159210234882,24.509103655815125,37.651511871814726,1.399548918940127,14507.649005889893,0.0,18.0,0.0,1.0,0.050000000000000044,1.3707770854234695,1.3643373772501945,0.02146573388017714
immediate_advantage_dqn,807,346,77.61210523694754,81.3877072929591,28.648971937596798,48.963133507966994,1.4535656040534377,15602.937788009644,0.0,23.0,0.0,1.0,0.050000000000000044,1.3824983034282923,1.3770460821688175,0.018174129130784422
immediate_advantage_dqn,807,347,93.77122846245766,82.02013014622034,32.747927114367485,61.02330103516579,1.6372345173731446,18809.606620788574,0.0,27.0,0.0,0.0,0.050000000000000044,1.035763744264841,1.0280542895197868,0.0256981891579926
immediate_advantage_dqn,807,348,87.00849397480488,82.1849148797244,32.22440578043461,54.78408721089363,1.6019022017717361,18716.62168121338,0.0,26.0,0.0,0.0,0.050000000000000044,1.0234670657664537,1.0182196665555239,0.017491323233116418
immediate_advantage_dqn,807,349,93.01358677446842,83.0390322419256,31.38370455801487,61.62988218665123,1.569395288825035,17728.572452545166,0.0,28.0,0.0,1.0,0.050000000000000044,1.0256436951458454,1.0204420629888773,0.017338753619696945
immediate_advantage_dqn,807,350,68.75370600819588,82.4246987773478,27.310141570866108,41.44356428086758,1.4501523822546005,15382.54214668274,0.0,21.0,0.0,1.0,0.050000000000000044,1.1018550088629127,1.0956365084275603,0.02072833781130612
immediate_advantage_dqn,807,351,94.24433849155903,83.20884050756693,34.487030908465385,59.757307881116866,1.6322825187817216,19631.255767822266,0.0,26.0,0.0,1.0,0.050000000000000044,1.2605124488472939,1.2544166510924697,0.020319315255619586
immediate_advantage_dqn,807,352,82.16328620910645,83.81129849120975,29.794069044291973,52.369217336177826,1.5430988809093833,17356.254291534424,0.0,24.0,0.0,1.0,0.050000000000000044,1.1712119597941637,1.1653189789503813,0.019643267849460244
immediate_advantage_dqn,807,353,95.78921409845353,84.37244715712966,31.172710575163364,64.61650372445584,1.5818015718832612,17743.276557922363,0.0,30.0,0.0,3.0,0.050000000000000044,1.3414181414991617,1.3368567815050483,0.0152045454015024
immediate_advantage_dqn,807,354,89.92532241642475,84.78765144899488,31.2162367105484,58.70908539295196,1.57688301615417,17926.033157348633,0.0,26.0,0.0,4.0,0.050000000000000044,1.1947128288447857,1.1895060651004314,0.01735587592702359
immediate_advantage_dqn,807,355,79.36771520227194,84.92425562545658,27.23263280838728,52.13508290052414,1.4934920091181993,16125.80965423584,0.0,25.0,0.0,0.0,0.050000000000000044,1.4730357341468334,1.4668878763914108,0.020492882933467627
immediate_advantage_dqn,807,356,73.88487149477005,84.30053714230658,27.143619760870934,46.74125182330609,1.4572293730452657,15381.177795410156,0.0,21.0,0.0,3.0,0.050000000000000044,1.2680893056094646,1.260211417451501,0.026259604608640075
immediate_advantage_dqn,807,357,83.02666849046946,84.47174728676677,29.182727195322514,53.84394144415855,1.565250943414867,17171.94769668579,0.0,23.0,0.0,2.0,0.050000000000000044,1.0899080615490675,1.0841007102280855,0.01935784879606217
immediate_advantage_dqn,807,358,82.97218930721283,83.50036456003787,29.709372639656067,53.26281690597534,1.5162283228710294,16824.61946105957,0.0,23.0,0.0,0.0,0.050000000000000044,1.1997440364211798,1.1944405362010002,0.017678352596703917
immediate_advantage_dqn,807,359,74.35971876978874,83.53390348605812,28.40414124727249,45.95557725429535,1.4771096296608448,16370.693016052246,0.0,24.0,0.0,0.0,0.050000000000000044,1.1855219975113869,1.1790006160736084,0.021737904055044055
immediate_advantage_dqn,807,360,96.17714213132858,84.05566241547466,31.282820776104927,64.8943211466074,1.5716251730918884,17892.897354125977,0.0,31.0,0.0,2.0,0.050000000000000044,1.4330683946609497,1.4273716434836388,0.01898913667537272
immediate_advantage_dqn,807,361,88.79559844732285,83.83479651018976,31.85535591840744,56.940242409706116,1.5706955483183265,18536.291984558105,0.0,26.0,0.0,0.0,0.050000000000000044,1.2885987646877766,1.2818302484229207,0.02256174699869007
immediate_advantage_dqn,807,362,84.90826229006052,84.07581266455352,28.63741033524275,56.27085238695145,1.5025613866746426,16626.764247894287,0.0,25.0,0.0,2.0,0.050000000000000044,1.0899840164929628,1.0847404263913631,0.017478629830293357
immediate_advantage_dqn,807,363,86.93633961081505,83.74848480366171,29.73441656678915,57.201922529935835,1.5003149891272187,16518.857278823853,0.0,25.0,0.0,1.0,0.050000000000000044,0.9745869766920805,0.9662644825875759,0.027741623227484524
immediate_advantage_dqn,807,364,91.74114699810744,84.33057749189439,30.350695684552193,61.39045071005821,1.5537051344290376,17183.411697387695,0.0,27.0,0.0,1.0,0.050000000000000044,1.181059841066599,1.1735989330336452,0.02486968517769128
immediate_advantage_dqn,807,365,73.5393105685711,84.89951224915686,28.634551122784615,44.904759684205054,1.4790613017976284,16461.364463806152,0.0,23.0,0.0,1.0,0.050000000000000044,0.8407744616270065,0.836499473080039,0.014249971020035446
immediate_advantage_dqn,807,366,70.04037430882454,84.5209257027507,27.08728774636984,42.953086495399475,1.4291091365739703,15479.66590309143,0.0,23.0,0.0,1.0,0.050000000000000044,1.1020334083586931,1.0947044398635626,0.024429918848909438
immediate_advantage_dqn,807,367,71.10540893822909,83.38763472653928,27.311158291995525,43.79425095915794,1.4758607409894466,15596.722541809082,0.0,21.0,0.0,1.0,0.050000000000000044,1.3375002648681402,1.3307527210563421,0.022491804149467498
immediate_advantage_dqn,807,368,75.45316161364318,82.8098681084812,28.64647625386715,46.806685188412665,1.4687369232997298,15990.385807037354,0.0,23.0,0.0,2.0,0.050000000000000044,1.106055423617363,1.0986660979688168,0.02463111118413508
immediate_advantage_dqn,807,369,89.79016038775444,82.64869678914549,30.836425207555294,58.9537350833416,1.590130620636046,18152.784183502197,0.0,28.0,0.0,1.0,0.050000000000000044,1.0863808915019035,1.0796905346214771,0.022301144490484148
immediate_advantage_dqn,807,370,61.622778387367724,82.29215040810408,26.587809287011623,35.03496944308281,1.4255326455458999,14929.828504562378,0.0,17.0,0.0,1.0,0.050000000000000044,1.1254207752645016,1.1195340789854527,0.01962232473306358
immediate_advantage_dqn,807,371,97.48778489232063,82.45432272814216,32.952638030052185,64.53514641523361,1.623490821570158,18811.29962158203,0.0,28.0,0.0,0.0,0.050000000000000044,0.9655757248401642,0.9584784936159849,0.02365744486451149
immediate_advantage_dqn,807,372,96.89054625481367,83.19068573042752,33.157751120626926,63.732794895768166,1.6146989231929183,18912.473907470703,0.0,28.0,0.0,2.0,0.050000000000000044,1.0409947745501995,1.0352564714848995,0.019127708103042096
immediate_advantage_dqn,807,373,76.82948723435402,82.24269938722253,29.33214896172285,47.49733816087246,1.5020395629107952,16360.442115783691,0.0,23.0,0.0,2.0,0.050000000000000044,1.1395328510552645,1.130993751809001,0.02846369391772896
immediate_advantage_dqn,807,374,81.85221414268017,81.8390439735353,29.13619637489319,52.7160179913044,1.5211342507973313,16771.61067199707,0.0,26.0,0.0,0.0,0.050000000000000044,1.1186501691117883,1.112768728286028,0.019604829023592174
immediate_advantage_dqn,807,375,77.68893359005452,81.75510489292444,26.15556938946247,51.53336403667927,1.4570691399276257,15304.828002929688,0.0,24.0,0.0,2.0,0.050000000000000044,1.3926424719393253,1.3865564428269863,0.020286708255298436
immediate_advantage_dqn,807,376,77.55709180384875,81.93871590837838,28.683197364211082,48.87389404475689,1.4983572019264102,16062.203254699707,0.0,23.0,0.0,1.0,0.050000000000000044,1.4220112189650536,1.4141889857128263,0.02607412973884493
immediate_advantage_dqn,807,377,88.03777149468661,82.18927105858923,30.38587363809347,57.65189784169197,1.554607461206615,17404.730306625366,0.0,24.0,0.0,3.0,0.050000000000000044,1.4559358078986406,1.4492896888405085,0.02215376921230927
immediate_advantage_dqn,807,378,99.00510182380677,82.99091668441893,32.505217015743256,66.49988494217396,1.593242347240448,18495.621726989746,0.0,29.0,0.0,1.0,0.050000000000000044,1.2043408118188381,1.1967516392469406,0.025297315325587988
immediate_advantage_dqn,807,379,62.210929341614246,82.3834772130102,25.587769389152527,36.62316012382507,1.4113588836044073,14348.872436523438,0.0,19.0,0.0,0.0,0.050000000000000044,1.2591584995388985,1.2521775495260954,0.023269779921974987
immediate_advantage_dqn,807,380,77.28953786939383,81.43909699991346,27.658892288804054,49.63064578175545,1.4977298425510526,16129.726524353027,0.0,24.0,0.0,0.0,0.050000000000000044,1.3655005153268576,1.3590574525296688,0.02147685782983899
immediate_advantage_dqn,807,381,81.89526657760143,81.09408040642738,29.196529515087605,52.69873704016209,1.4941002829000354,16230.121280670166,0.0,26.0,0.0,0.0,0.050000000000000044,1.100082111544907,1.0935606751590967,0.021738101029768586
immediate_advantage_dqn,807,382,75.85697890222073,80.6415162370354,27.437747299671173,48.41923145353794,1.4537162482738495,15416.177953720093,0.0,25.0,0.0,1.0,0.050000000000000044,1.2499689161777496,1.2421714067459106,0.025991667178459466
immediate_advantage_dqn,807,383,99.65236782431603,81.27731764771045,33.3377480879426,66.31461974382401,1.6140648750588298,18823.150505065918,0.0,30.0,0.0,2.0,0.050000000000000044,1.1941635236144066,1.1883450876921415,0.0193947646766901
immediate_advantage_dqn,807,384,69.72799053788185,80.17665982469917,28.263110518455505,41.46487985551357,1.4604895999655128,15743.773918151855,0.0,21.0,0.0,0.0,0.050000000000000044,0.9172027334570885,0.909596037119627,0.025355647900141776
immediate_advantage_dqn,807,385,85.58034238219261,80.77871141538024,29.199689716100693,56.38065314292908,1.5134155917912722,16920.14884185791,0.0,25.0,0.0,0.0,0.050000000000000044,1.17316884547472,1.1678284890949726,0.017801223904825747
immediate_advantage_dqn,807,386,74.38903942704201,80.99614467129112,28.215937539935112,46.17310167849064,1.4652860639616847,16107.077087402344,0.0,23.0,0.0,0.0,0.050000000000000044,1.2245479309931397,1.2180581837892532,0.021632521878927946
immediate_advantage_dqn,807,387,94.34056116044522,82.15790228240192,30.874078817665577,63.46648215651512,1.5416058087721467,17327.71321296692,0.0,29.0,0.0,1.0,0.050000000000000044,1.0058525018393993,0.9985864087939262,0.02422031562309712
immediate_advantage_dqn,807,388,83.81572963446379,82.57603068344297,30.1822707131505,53.63345921933651,1.5473583601415157,17241.715934753418,0.0,25.0,0.0,3.0,0.050000000000000044,1.1950096562504768,1.187730174511671,0.02426488243509084
immediate_advantage_dqn,807,389,80.93946564942598,82.13349594652654,28.869008153676987,52.070457488298416,1.5092570818960667,16483.99481201172,0.0,24.0,0.0,1.0,0.050000000000000044,1.2296399027109146,1.2240770421922207,0.018542853416875005
immediate_advantage_dqn,807,390,75.39370357394219,82.82204220585527,27.399007186293602,47.99469677507877,1.472944607026875,15408.363780975342,0.0,23.0,0.0,2.0,0.050000000000000044,1.1442141681909561,1.1388640701770782,0.017833686841186136
immediate_advantage_dqn,807,391,84.48499088287353,82.17190250538292,27.683300986886024,56.80168938934803,1.4454253762960434,15636.298011779785,0.0,25.0,0.0,2.0,0.050000000000000044,1.144000243395567,1.137116376310587,0.022946240555029362
immediate_advantage_dqn,807,392,76.91092839837074,81.17292161256076,27.373672515153885,49.537255704402924,1.471670225262642,15657.157764434814,0.0,23.0,0.0,0.0,0.050000000000000044,1.2383119547739625,1.230513894930482,0.02599353843834251
immediate_advantage_dqn,807,393,85.36738589406013,81.59981654554606,29.29883761703968,56.06854857504368,1.5151561386883259,16546.97055053711,0.0,26.0,0.0,1.0,0.050000000000000044,1.4551146104931831,1.449283815920353,0.019435997179243714
immediate_advantage_dqn,807,394,79.1803497299552,81.4662233249098,27.568064145743847,51.61228546500206,1.4738131668418646,16139.110134124756,0.0,23.0,0.0,1.0,0.050000000000000044,0.9674920067191124,0.9623686829581857,0.017077782249543816
immediate_advantage_dqn,807,395,59.73737594485283,80.56864544264972,24.997553288936615,34.73982281982899,1.39063286408782,13942.717235565186,0.0,19.0,0.0,0.0,0.050000000000000044,0.9351949747651815,0.9270447874441743,0.02716730092652142
immediate_advantage_dqn,807,396,75.58370581418276,80.46997614316642,28.315075248479843,47.26863048374653,1.4829043317586184,16135.425062179565,0.0,23.0,0.0,1.0,0.050000000000000044,1.189889408648014,1.182060731574893,0.026095554465427995
immediate_advantage_dqn,807,397,68.9790409386158,79.51703961536289,26.710935920476913,42.26810536086559,1.432764864526689,15225.92156791687,0.0,23.0,0.0,2.0,0.050000000000000044,1.3398764124140143,1.3327332716435194,0.023810472222976387
immediate_advantage_dqn,807,398,83.04887608587742,78.71922832846643,30.258147977292538,52.790727937221526,1.5297663668170571,17368.630977630615,0.0,23.0,0.0,1.0,0.050000000000000044,1.361558048054576,1.3547092862427235,0.0228292066603899
immediate_advantage_dqn,807,399,90.15498444586993,80.1164310836792,30.872156493365765,59.28282802700996,1.5448660925030708,17776.155128479004,0.0,27.0,0.0,1.0,0.050000000000000044,1.4008715189993382,1.394269010052085,0.02200837223790586
immediate_advantage_dqn,807,400,62.69803367108106,79.38685587376357,25.41489914804697,37.283134433627126,1.3878091145306826,14078.084854125977,0.0,19.0,0.0,3.0,0.050000000000000044,1.5244430806487799,1.517503548413515,0.023131781141273677
immediate_advantage_dqn,807,401,69.50544871687889,78.76736498072744,24.60106234252453,44.90438625514507,1.3984062066301703,14664.051149368286,0.0,22.0,0.0,3.0,0.050000000000000044,1.0853467546403408,1.078851543366909,0.02165069163311273
immediate_advantage_dqn,807,402,86.96481477469206,79.322756774351,30.76505785435438,56.19975684583187,1.5469487141817808,17510.471420288086,0.0,27.0,0.0,0.0,0.050000000000000044,1.1573154479265213,1.1499137841165066,0.02467224735300988
immediate_advantage_dqn,807,403,80.3363896086812,78.35695786356925,27.572573587298393,52.76381599903107,1.4863646673038602,16139.495101928711,0.0,23.0,0.0,2.0,0.050000000000000044,1.3314621280878782,1.3252347949892282,0.0207577963010408
immediate_advantage_dqn,807,404,70.9870847851038,78.41991257593037,26.498843669891357,44.488240936398505,1.4590031895786524,15550.373100280762,0.0,21.0,0.0,3.0,0.050000000000000044,1.060055073350668,1.0539878737181425,0.020224038162268698
immediate_advantage_dqn,807,405,63.95415375381708,77.33860314451158,26.902265161275864,37.05188825726509,1.4237310541793704,15310.743427276611,0.0,20.0,0.0,1.0,0.050000000000000044,1.3460122905671597,1.3377040475606918,0.027694132877513766
immediate_advantage_dqn,807,406,94.82523503899574,78.36041292510927,31.500338457524776,63.32489676773548,1.5950220730155706,18416.219356536865,0.0,29.0,0.0,0.0,0.050000000000000044,1.3494215533137321,1.3440672419965267,0.01784767408389598
immediate_advantage_dqn,807,407,57.91425201594829,76.53909746788443,23.899242147803307,34.01501012146473,1.348346414975822,13417.93397140503,0.0,17.0,0.0,2.0,0.050000000000000044,1.1830908469855785,1.1769938208162785,0.020323408185504377
immediate_advantage_dqn,807,408,76.26717769354582,76.16166987083852,27.887014739215374,48.38016331195831,1.4975309669971466,16165.885997772217,0.0,24.0,0.0,0.0,0.050000000000000044,1.4219033997505903,1.4153893608599901,0.021713534253649414
immediate_advantage_dqn,807,409,89.39606182277203,76.58449967950583,31.249337807297707,58.14672413468361,1.5457033403217793,17656.653232574463,0.0,28.0,0.0,2.0,0.050000000000000044,1.1234018132090569,1.1166336499154568,0.022560569748748094
immediate_advantage_dqn,807,410,76.64274999797344,76.64695200070739,28.242209918797016,48.400540354847905,1.5263834185898304,16634.666118621826,0.0,21.0,0.0,2.0,0.050000000000000044,1.2739411480724812,1.2683783769607544,0.01854255486978218
immediate_advantage_dqn,807,411,91.63875445127488,77.00464017912746,31.21490116417408,60.423852974176405,1.5840971376746893,18247.08713912964,0.0,25.0,0.0,2.0,0.050000000000000044,1.065552854910493,1.0591274034231901,0.021418147953227162
immediate_advantage_dqn,807,412,88.3707579255104,77.57763165548445,30.771001517772675,57.59975607991218,1.5375514114275575,17303.043251037598,0.0,27.0,0.0,3.0,0.050000000000000044,1.211802827194333,1.2046903520822525,0.023708306369371712
immediate_advantage_dqn,807,413,79.37016350924969,77.27777053624393,27.77235996723175,51.59780348241329,1.5097219459712505,16240.509883880615,0.0,23.0,0.0,2.0,0.050000000000000044,1.3914857618510723,1.386005351319909,0.018267960869707167
immediate_advantage_dqn,807,414,92.18825270235538,77.92816568486393,30.21335419267416,61.97489884495735,1.5483509339392185,17597.07191848755,0.0,28.0,0.0,1.0,0.050000000000000044,1.295367456972599,1.288974329829216,0.02131041488610208
immediate_advantage_dqn,807,415,78.69010600447655,78.87580218784511,28.521901436150074,50.1682046353817,1.472507362253964,15933.707859039307,0.0,25.0,0.0,0.0,0.050000000000000044,1.232177386060357,1.2234092988073826,0.0292270042700693
immediate_advantage_dqn,807,416,80.95680867880583,79.14445733107627,28.324464567005634,52.63234417140484,1.4866780387237668,16067.022708892822,0.0,24.0,0.0,0.0,0.050000000000000044,1.29486483335495,1.2878074683248997,0.023524543910752982
immediate_advantage_dqn,807,417,81.97366373240948,79.79418847076595,30.619085669517517,51.35457792878151,1.545564154163003,17256.00200653076,0.0,25.0,0.0,0.0,0.050000000000000044,1.1084578223526478,1.1016313387081027,0.02275492320768535
immediate_advantage_dqn,807,418,67.77317680567504,79.03040350675583,27.268406122922897,40.50477094352245,1.4647403080016375,15607.185806274414,0.0,20.0,0.0,2.0,0.050000000000000044,1.0906657986342907,1.0845533832907677,0.020374683779664338
immediate_advantage_dqn,807,419,73.21446160376072,78.1833773646504,27.209765449166298,46.004696705937384,1.446367927826941,15816.570880889893,0.0,22.0,0.0,1.0,0.050000000000000044,0.9197799302637577,0.9138791058212519,0.019669416011311114
immediate_advantage_dqn,807,420,88.85720066726208,79.49133571445944,29.705792859196663,59.151408195495605,1.5040622968226671,16725.10110092163,0.0,27.0,0.0,0.0,0.050000000000000044,1.2472578454762697,1.2404151409864426,0.022808977868407965
immediate_advantage_dqn,807,421,61.9590485394001,79.11401570558549,26.007306091487408,35.95174257457256,1.3977629709988832,14080.075748443604,0.0,19.0,0.0,0.0,0.050000000000000044,1.2249994445592165,1.2164794318377972,0.02840007108170539
immediate_advantage_dqn,807,422,93.8213112950325,79.45684053160251,31.577209450304508,62.244101494550705,1.568558289669454,18000.849880218506,0.0,28.0,0.0,0.0,0.050000000000000044,1.0685383006930351,1.0630230493843555,0.01838414539815858
immediate_advantage_dqn,807,423,93.55514915436507,80.1177785088867,32.395663633942604,61.159485498070715,1.596128972247243,18888.09859085083,0.0,28.0,0.0,1.0,0.050000000000000044,1.002811192534864,0.9955917811021209,0.024064688594080508
immediate_advantage_dqn,807,424,79.0459610015154,80.52072231970729,27.505359277129173,51.54060182869434,1.4772245762869716,16144.260601043701,0.0,26.0,0.0,1.0,0.050000000000000044,1.3782197199761868,1.3714749403297901,0.02248257875908166
immediate_advantage_dqn,807,425,94.92732614576816,82.06938093930484,32.45667627453804,62.470649409294126,1.6072208657860756,18693.771892547607,0.0,27.0,0.0,2.0,0.050000000000000044,1.2779920753091574,1.2722794320434332,0.019042201922275126
immediate_advantage_dqn,807,426,81.62492947280407,81.40936566099525,28.19314706325531,53.43178232014179,1.5159664284437895,16263.708911895752,0.0,25.0,0.0,0.0,0.050000000000000044,1.204070683568716,1.1980593707412481,0.02003768680151552
immediate_advantage_dqn,807,427,88.27980288863182,82.92764320462942,29.61664415895939,58.66315880417824,1.5177857177332044,16789.263389587402,0.0,27.0,0.0,0.0,0.050000000000000044,1.176527876406908,1.1692282743752003,0.02433200308587402
immediate_advantage_dqn,807,428,75.41657163202763,82.88511290155351,25.83836466819048,49.578206926584244,1.4345497265458107,15083.470031738281,0.0,24.0,0.0,1.0,0.050000000000000044,1.2373935338109732,1.2314958944916725,0.019658795499708503
immediate_advantage_dqn,807,429,91.08739949762821,82.96967978529634,31.57017320394516,59.5172258913517,1.5950214471668005,18307.225257873535,0.0,27.0,0.0,1.0,0.050000000000000044,1.2313125655055046,1.2246456015855074,0.022223216365091503
immediate_advantage_dqn,807,430,90.7088670015335,83.67298563547432,29.920154243707657,60.78871225118637,1.5502554383128881,17443.508613586426,0.0,27.0,0.0,2.0,0.050000000000000044,1.1021672673523426,1.0952734649181366,0.022979354485869408
immediate_advantage_dqn,807,431,93.3101683780551,83.75655633181333,33.40429525822401,59.90587359666824,1.6264008563011885,19430.54050064087,0.0,26.0,0.0,3.0,0.050000000000000044,1.2384947296231985,1.2322356095537543,0.020863746874965727
immediate_advantage_dqn,807,432,82.29522727429867,83.45277979925275,28.148602232336998,54.1466249525547,1.4690416119992733,16114.094394683838,0.0,24.0,0.0,1.0,0.050000000000000044,1.355039592832327,1.3483520112931728,0.02229198394343257
immediate_advantage_dqn,807,433,83.03944941014052,83.6362440942973,29.92646435648203,53.11298497915268,1.543026956729591,17373.43904876709,0.0,23.0,0.0,1.0,0.050000000000000044,1.1211486514657736,1.1149102933704853,0.020794519339688122
immediate_advantage_dqn,807,434,79.75553758442402,83.01460833840073,25.926385551691055,53.82915210723877,1.5059198662638664,15656.351902008057,0.0,25.0,0.0,1.0,0.050000000000000044,1.2203145157545805,1.2144462708383799,0.019560808781534433
immediate_advantage_dqn,807,435,68.76500390470028,82.51835323341191,27.21085326373577,41.554150834679604,1.4443629942834377,15107.619817733765,0.0,22.0,0.0,0.0,0.050000000000000044,1.2060277238488197,1.1974150948226452,0.028708762605674565
immediate_advantage_dqn,807,436,78.4282967299223,82.39192763596773,27.52325089275837,50.90504574775696,1.4967543072998524,16098.305068969727,0.0,23.0,0.0,0.0,0.050000000000000044,1.2319043967872858,1.2250138074159622,0.022968650911934674
immediate_advantage_dqn,807,437,85.1315982490778,82.54982436180114,30.557447999715805,54.57415021955967,1.5460507702082396,17528.688591003418,0.0,26.0,0.0,0.0,0.050000000000000044,1.1396270915865898,1.1329214461147785,0.022352222120389342
immediate_advantage_dqn,807,438,108.50181412696838,84.58625622786582,34.54892407357693,73.95288997888565,1.67004104424268,19658.17320251465,0.0,32.0,0.0,0.0,0.050000000000000044,1.3165888153016567,1.3109189178794622,0.018899620627053082
immediate_advantage_dqn,807,439,90.72799028605223,85.4619326619804,28.89541556686163,61.83257489800453,1.520782875828445,16786.687938690186,0.0,27.0,0.0,2.0,0.050000000000000044,1.0140193719416857,1.0071221310645342,0.022990805679000914
immediate_advantage_dqn,807,440,80.76066893339157,85.05710607528688,25.962677285075188,54.79799146950245,1.450839813798666,15176.294612884521,0.0,27.0,0.0,0.0,0.050000000000000044,1.5035988753661513,1.4962418833747506,0.024523305299226195
immediate_advantage_dqn,807,441,90.24015970826149,86.47116163372995,32.207278698682785,58.0328812777996,1.562757813371718,18042.74633026123,0.0,27.0,0.0,2.0,0.050000000000000044,1.2364043444395065,1.2312051355838776,0.01733072620118037
immediate_advantage_dqn,807,442,83.42669361829758,85.95143074989319,28.87164554744959,54.5550487190485,1.4799856888130307,16157.971355438232,0.0,25.0,0.0,1.0,0.050000000000000044,1.1695817494764924,1.1635530507192016,0.02009560144506395
immediate_advantage_dqn,807,443,70.32338896393776,84.78984274037182,26.347536355257034,43.975852355360985,1.4130464028567076,14716.551401138306,0.0,22.0,0.0,1.0,0.050000000000000044,1.1054320354014635,1.0973692908883095,0.026875811396166682
immediate_advantage_dqn,807,444,72.37908068299294,84.45649872444571,27.231860175728798,45.147220239043236,1.4397127842530608,15395.190616607666,0.0,23.0,0.0,0.0,0.050000000000000044,1.3494164617732167,1.3435733262449503,0.019477130845189095
immediate_advantage_dqn,807,445,75.1289004534483,83.4665774398297,26.42807861045003,48.70082135498524,1.4290593536570668,15078.676250457764,0.0,26.0,0.0,1.0,0.050000000000000044,1.0346876252442598,1.0284966938197613,0.02063639077823609
immediate_advantage_dqn,807,446,82.55040602385998,83.5128512673825,31.223118230700493,51.32728756964207,1.5570606961846352,17471.249185562134,0.0,24.0,0.0,0.0,0.050000000000000044,1.7400781381875277,1.7336024902760983,0.021585526294074953
immediate_advantage_dqn,807,447,79.33136481046677,83.06542936347425,28.608946830034256,50.72241832315922,1.5128267221152782,17013.46298599243,0.0,23.0,0.0,0.0,0.050000000000000044,1.317610653117299,1.3088078927248716,0.02934250154066831
immediate_advantage_dqn,807,448,59.792903053760526,82.2842459345609,24.582685835659504,35.21021703183651,1.37257772218436,13936.50827217102,0.0,18.0,0.0,2.0,0.050000000000000044,1.123492126353085,1.1183302942663431,0.017206083401106298
immediate_advantage_dqn,807,449,88.09981136769056,82.13486652806401,29.947501726448536,58.1523098051548,1.5366837214678526,17691.563049316406,0.0,27.0,0.0,0.0,0.050000000000000044,1.1778267063200474,1.1717430809512734,0.020278744807001203
immediate_advantage_dqn,807,450,83.45023460239172,81.77193490810691,30.563238240778446,52.88699645102024,1.5277793947607279,17361.898252487183,0.0,24.0,0.0,2.0,0.050000000000000044,1.1487655024975538,1.14094477891922,0.02606909698806703
immediate_advantage_dqn,807,451,81.03673531115055,81.15826325476169,27.172149881720543,53.86458536982536,1.4635420329868793,15795.886142730713,0.0,25.0,0.0,1.0,0.050000000000000044,1.0884290235117078,1.0822256980463862,0.020677706110291183
immediate_advantage_dqn,807,452,59.66435344517231,80.02671956330538,24.447864927351475,35.21648849546909,1.357809585519135,14053.48378944397,0.0,20.0,0.0,0.0,0.050000000000000044,1.318324951454997,1.3120266161859035,0.020994497230276465
immediate_advantage_dqn,807,453,77.99499922394753,79.77449705399573,29.466421633958817,48.52857761979103,1.5056574139744043,16633.883457183838,0.0,24.0,0.0,2.0,0.050000000000000044,1.236729109659791,1.2313241194933653,0.018016605346929282
immediate_advantage_dqn,807,454,85.25310066640377,80.04937520809473,27.916996479034424,57.336103695631024,1.5004807757213712,16149.007946014404,0.0,26.0,0.0,2.0,0.050000000000000044,1.0632581626996398,1.0572349978610873,0.020077252062037587
immediate_advantage_dqn,807,455,74.30524033457041,80.32638702958823,27.505056641995907,46.800183632969855,1.47985949087888,16076.129657745361,0.0,23.0,0.0,1.0,0.050000000000000044,1.1570405028760433,1.1523862965404987,0.015514077851548791
immediate_advantage_dqn,807,456,83.80925465524197,80.59543492585422,29.899675369262695,53.90957944989204,1.5346963414922357,17203.551433563232,0.0,25.0,0.0,1.0,0.050000000000000044,1.380897268652916,1.3752317056059837,0.01888526772381738
immediate_advantage_dqn,807,457,68.52584014236928,79.7651470205188,25.859550923109055,42.666289219260214,1.4574587354436517,15498.310619354248,0.0,20.0,0.0,1.0,0.050000000000000044,1.2085454305633903,1.203748687170446,0.015989154169801623
immediate_advantage_dqn,807,458,89.32241354882717,78.80617699161174,33.6884952634573,55.63391888141632,1.5801547626033425,18877.905002593994,0.0,25.0,0.0,1.0,0.050000000000000044,1.1276565669104457,1.1209956649690866,0.022203000728040934
immediate_advantage_dqn,807,459,65.06458455473185,77.52300670504572,25.227452591061592,39.83713164329529,1.4447208978235722,15151.718830108643,0.0,20.0,0.0,2.0,0.050000000000000044,0.9443033868446946,0.9391985693946481,0.01701607572613284
immediate_advantage_dqn,807,460,62.570031496882436,76.61347483322025,25.36426681280136,37.205764549970624,1.3819139478728175,13935.43408203125,0.0,18.0,0.0,3.0,0.050000000000000044,1.0389250861480832,1.0315161179751158,0.0246966069098562
immediate_advantage_dqn,807,461,75.92822862565518,75.89787827908994,27.563023641705513,48.36520501375198,1.451503493823111,15500.29902458191,0.0,24.0,0.0,3.0,0.050000000000000044,1.0632969960570335,1.0565199023112655,0.022590303560718894
immediate_advantage_dqn,807,462,81.26196984946728,75.78964209064841,28.794995918869972,52.46697482466698,1.510703912936151,16852.85093688965,0.0,24.0,0.0,0.0,0.050000000000000044,1.1772454250603914,1.168697316199541,0.028493693913333118
immediate_advantage_dqn,807,463,81.26489356905222,76.33671732090414,28.872652977705002,52.39224050939083,1.479126620106399,16266.157802581787,0.0,26.0,0.0,0.0,0.050000000000000044,1.4017613902688026,1.3938649259507656,0.026321484823711216
immediate_advantage_dqn,807,464,96.07427404969931,77.52147698923947,32.779680624604225,63.294593492150305,1.5884042717516422,18655.08429336548,0.0,27.0,0.0,2.0,0.050000000000000044,1.1933269249275327,1.1862139906734228,0.023709836474154145
immediate_advantage_dqn,807,465,66.17866847217083,77.07396539017559,24.882239006459713,41.296429353952405,1.3772055665031075,14451.329460144043,0.0,22.0,0.0,3.0,0.050000000000000044,1.1717283260077238,1.1657768320292234,0.0198383055976592
immediate_advantage_dqn,807,466,82.32003602385521,77.06244689017534,31.004822492599487,51.315213203430176,1.5481965467333794,17852.155937194824,0.0,24.0,0.0,2.0,0.050000000000000044,1.2688244339078665,1.2617556117475033,0.02356275066267699
immediate_advantage_dqn,807,467,80.68770276010036,77.13026378765703,30.72768370807171,49.96001918613911,1.5485908091068268,17185.54295349121,0.0,23.0,0.0,2.0,0.050000000000000044,1.1213607229292393,1.112779326736927,0.02860469836741686
immediate_advantage_dqn,807,468,89.64806886017323,78.62302207797767,30.718719974160194,58.92934936285019,1.5567267639562488,17439.31875228882,0.0,27.0,0.0,1.0,0.050000000000000044,1.2486392948776484,1.2422550152987242,0.021280927874613553
immediate_advantage_dqn,807,469,63.296045027673244,77.3828337609768,25.27444789558649,38.02159705758095,1.4409504868090153,15000.948871612549,0.0,19.0,0.0,1.0,0.050000000000000044,1.3429662995040417,1.3372402489185333,0.01908688631374389
immediate_advantage_dqn,807,470,77.91623280346394,77.1061336710304,28.791303545236588,49.1249289304018,1.5139995878562331,17029.25011062622,0.0,24.0,0.0,3.0,0.050000000000000044,0.9030515681952238,0.8969281371682882,0.020411435049027205
immediate_advantage_dqn,807,471,72.85522788763046,76.6970582998544,27.731845386326313,45.12338230013847,1.4511654330417514,15969.502143859863,0.0,21.0,0.0,0.0,0.050000000000000044,1.009561293758452,1.0034074923023582,0.020512692048214376
immediate_advantage_dqn,807,472,75.41687846183777,77.48468455068769,27.09110951423645,48.32576861977577,1.4613017244264483,15517.320652008057,0.0,23.0,0.0,1.0,0.050000000000000044,1.1170218717306852,1.1092777661979198,0.025813710410147905
immediate_advantage_dqn,807,473,94.93767754733562,78.33181846685709,31.542957119643688,63.39472006261349,1.553543341346085,17881.957859039307,0.0,28.0,0.0,0.0,0.050000000000000044,1.3721882477402687,1.365465871989727,0.022407876851502806
immediate_advantage_dqn,807,474,68.61660685837269,77.49999377645553,26.836463078856468,41.78014361560345,1.4490219578146935,15249.35319519043,0.0,22.0,0.0,3.0,0.050000000000000044,1.1942496038973331,1.1881694421172142,0.020267220272216946
immediate_advantage_dqn,807,475,88.3336276859045,78.20141314402223,31.478044360876083,56.85558305680752,1.506650817580521,17395.16339111328,0.0,28.0,0.0,0.0,0.050000000000000044,1.0106928031891584,1.0027594082057476,0.02644459460861981
immediate_advantage_dqn,807,476,75.15892294943333,77.76889655873181,26.7254938185215,48.43342917561531,1.48107251804322,15815.083280563354,0.0,22.0,0.0,1.0,0.050000000000000044,1.394302261993289,1.3880644049495459,0.020792810420971364
immediate_advantage_dqn,807,477,69.78748306781054,77.83197870500388,26.80966453999281,42.977818542718886,1.4597529442980886,15685.35366821289,0.0,22.0,0.0,3.0,0.050000000000000044,1.127445887774229,1.1206041127443314,0.022805859334766865
immediate_advantage_dqn,807,478,76.91701971888543,77.21170901350679,28.540582537651062,48.37643658518791,1.4975688559934497,16325.163270950317,0.0,22.0,0.0,1.0,0.050000000000000044,1.5051698610186577,1.4979452826082706,0.024081927840597928
immediate_advantage_dqn,807,479,74.60487033873797,77.68872330270709,26.8737867847085,47.7310834646225,1.4774475721642375,16218.203777313232,0.0,21.0,0.0,3.0,0.050000000000000044,1.1758370120078325,1.170583114027977,0.01751302496995777
immediate_advantage_dqn,807,480,82.13312371373176,78.66687791354954,28.354939445853233,53.77818456590175,1.4977136263623834,16306.823768615723,0.0,24.0,0.0,2.0,0.050000000000000044,1.2118054116144776,1.2050685063004494,0.02245634573046118
immediate_advantage_dqn,807,481,68.35039044320584,78.28798600442708,25.733048141002655,42.61734184026718,1.4537368714809418,15430.022773742676,0.0,20.0,0.0,1.0,0.050000000000000044,1.1723289927467704,1.1655342411249876,0.022649124381132424
immediate_advantage_dqn,807,482,71.57992132157088,77.80388357803227,26.87321227788925,44.70670937895775,1.464635832235217,15472.167951583862,0.0,22.0,0.0,1.0,0.050000000000000044,1.158962707966566,1.1512618502601981,0.025669496855698526
immediate_advantage_dqn,807,483,77.8144999742508,77.6313638982922,26.181510247290134,51.632990062236786,1.44553910382092,15019.408588409424,0.0,25.0,0.0,1.0,0.050000000000000044,1.2251764526590705,1.2177882501855493,0.024627314356621355
immediate_advantage_dqn,807,484,71.74506882280112,76.41490363694729,26.724541135132313,45.020527568459514,1.4556787982583046,15396.270477294922,0.0,23.0,0.0,3.0,0.050000000000000044,1.0488164946436882,1.0430111987516284,0.01935096672968939
immediate_advantage_dqn,807,485,89.42330811619759,77.57713561914862,29.27170929312706,60.151598912477496,1.5152270318940282,17067.538105010986,0.0,26.0,0.0,3.0,0.050000000000000044,1.19438193179667,1.1878189165145159,0.021876680781133473
immediate_advantage_dqn,807,486,73.27652508318424,77.12496007211506,26.475874051451683,46.800650525093076,1.4397878348827362,15459.56383895874,0.0,22.0,0.0,2.0,0.050000000000000044,1.245149401947856,1.2397287357598543,0.018068828154355288
immediate_advantage_dqn,807,487,78.82535310089588,77.03184258915483,27.61997525393963,51.20537807047367,1.4640568755567074,15871.63890838623,0.0,25.0,0.0,0.0,0.050000000000000044,1.306825878098607,1.3001080974936485,0.02239260741043836
immediate_advantage_dqn,807,488,82.98740314692259,76.69880930349231,28.4178529009223,54.56955075263977,1.4755126284435391,16066.221607208252,0.0,25.0,0.0,1.0,0.050000000000000044,1.3797893151640892,1.3716246858239174,0.027215452399104834
immediate_advantage_dqn,807,489,81.79174391180277,77.62359424769878,29.247830867767334,52.543912932276726,1.5041805263608694,16473.5719165802,0.0,24.0,0.0,0.0,0.050000000000000044,0.909591980278492,0.9019630402326584,0.025429794448427856
immediate_advantage_dqn,807,490,80.14400054067373,77.73498263455927,27.584212318062782,52.55978854298591,1.442540499381721,15452.490390777588,0.0,24.0,0.0,2.0,0.050000000000000044,1.2519449908286333,1.244749080389738,0.023986355867236853
immediate_advantage_dqn,807,491,69.07821000367403,77.54613174036146,26.47132632136345,42.60688380897045,1.4341943208128214,15140.310398101807,0.0,22.0,0.0,0.0,0.050000000000000044,1.5113812815397978,1.5033960342407227,0.026617438765242696
immediate_advantage_dqn,807,492,72.09979914873838,77.38027777470649,26.87538133561611,45.22441816329956,1.4386793291196227,15281.979583740234,0.0,22.0,0.0,0.0,0.050000000000000044,1.0241672806441784,1.017329391092062,0.022792943636886775
immediate_advantage_dqn,807,493,76.0860453620553,76.43769616544247,26.03565290570259,50.050392389297485,1.4377776999026537,15095.850437164307,0.0,23.0,0.0,0.0,0.050000000000000044,1.2897926196455956,1.2835648246109486,0.02075927087571472
immediate_advantage_dqn,807,494,68.44109358936548,76.42892050199211,25.17712812870741,43.26396505832672,1.4207000257447362,14414.08744430542,0.0,21.0,0.0,3.0,0.050000000000000044,1.0118096750229597,1.0059455391019583,0.019547107280232012
immediate_advantage_dqn,807,495,84.54800112843513,76.23963917411864,29.268852047622204,55.279149043560025,1.522183415479958,16948.333694458008,0.0,25.0,0.0,2.0,0.050000000000000044,1.5254578031599522,1.5186606757342815,0.022657127876300365
immediate_advantage_dqn,807,496,77.1958332002163,76.34148468665778,27.25773034989834,49.93810280561447,1.4676824864000082,15542.138198852539,0.0,24.0,0.0,1.0,0.050000000000000044,1.2633948046714067,1.256190612912178,0.024013911141082644
immediate_advantage_dqn,807,497,87.0234009936452,77.20328058294952,28.197273425757885,58.82612753808498,1.523943118751049,16851.128936767578,0.0,26.0,0.0,2.0,0.050000000000000044,1.475133927538991,1.468226047232747,0.023026221606414765
immediate_advantage_dqn,807,498,79.18296770751476,77.31657798238099,26.84811034798622,52.3348573744297,1.4815862188115716,15846.318950653076,0.0,25.0,0.0,3.0,0.050000000000000044,1.0588366147130728,1.0506322011351585,0.027348045143298805
immediate_advantage_dqn,807,499,91.97234019041062,78.18495147496463,31.90703222155571,60.06530740261078,1.583898109383881,18045.629398345947,0.0,28.0,0.0,1.0,0.050000000000000044,1.3107021301984787,1.3030831385403872,0.02539656066801399
immediate_advantage_dqn,807,500,91.2381443694234,78.64020250774921,31.6098555251956,59.62828887403011,1.5761737553402781,18218.365783691406,0.0,27.0,0.0,1.0,0.050000000000000044,1.1884446684271097,1.181793401017785,0.022170902753714472
immediate_advantage_dqn,807,501,72.49480103105307,78.84742303714157,27.048960275948048,45.445840993523596,1.433274857699871,15714.578105926514,0.0,21.0,0.0,1.0,0.050000000000000044,1.1363728316500783,1.1296953707933426,0.022258238517679274
immediate_advantage_dqn,807,502,82.16353444755077,79.37660369344057,27.555248364806175,54.608285799622536,1.4848961737006903,16022.86042022705,0.0,26.0,0.0,2.0,0.050000000000000044,0.9852240467444062,0.9793353527784348,0.01962897158227861
immediate_advantage_dqn,807,503,77.80276986956596,79.37601718820632,28.27146591246128,49.53130431473255,1.4642994394525886,15858.817993164062,0.0,25.0,0.0,1.0,0.050000000000000044,1.274249728769064,1.2678418047726154,0.02135978837031871
immediate_advantage_dqn,807,504,89.27324865162373,80.25242617964746,30.443941295146942,58.829307281970976,1.574689045548439,18027.334980010986,0.0,27.0,0.0,1.0,0.050000000000000044,1.754002831876278,1.7468939758837223,0.023696239746641368
immediate_advantage_dqn,807,505,85.6734471321106,80.06493313044311,29.181904435157776,56.49154210090637,1.5151486322283745,16808.06781768799,0.0,26.0,0.0,2.0,0.050000000000000044,1.4930516351014376,1.4869887102395296,0.02020983217516914
immediate_advantage_dqn,807,506,98.21998509019613,81.3121061307937,33.188380770385265,65.03160411119461,1.6197514766827226,19022.657455444336,0.0,28.0,0.0,0.0,0.050000000000000044,1.0693473778665066,1.0620487201958895,0.024328858708031476
immediate_advantage_dqn,807,507,80.98662885278463,81.42016991838814,26.36043018847704,54.626198530197144,1.462770327925682,15627.2248878479,0.0,25.0,0.0,1.0,0.050000000000000044,1.1312295068055391,1.1238826448097825,0.0244895153446123
immediate_advantage_dqn,807,508,72.98606009036303,80.92010276556016,27.369278259575367,45.61678145825863,1.442568606697023,15169.239288330078,0.0,22.0,0.0,0.0,0.050000000000000044,1.334004707634449,1.327332153916359,0.022241853177547455
immediate_advantage_dqn,807,509,90.74325489997864,81.36767831496896,30.39714516699314,60.346110224723816,1.5495393732562661,17111.31227874756,0.0,27.0,0.0,0.0,0.050000000000000044,1.3322954028844833,1.3246706519275904,0.025415910524316132
immediate_advantage_dqn,807,510,72.91124475151301,81.00604052551091,26.875698380172253,46.0355466991663,1.448506117798388,15187.086994171143,0.0,22.0,0.0,2.0,0.050000000000000044,1.2087481897324324,1.2010576128959656,0.025635186582803726
immediate_advantage_dqn,807,511,81.74426298886537,81.63934317477047,28.857596643269062,52.88666683733463,1.489755067974329,16228.616497039795,0.0,24.0,0.0,3.0,0.050000000000000044,1.0874048378318548,1.0816364446654916,0.019228014105465263
immediate_advantage_dqn,807,512,91.1705948278308,82.5928829587251,31.92631307989359,59.24428136050701,1.582467157393694,18181.995761871338,0.0,27.0,0.0,1.0,0.050000000000000044,1.448045626282692,1.4402602910995483,0.025951177114620805
immediate_advantage_dqn,807,513,68.33662750720978,82.20541206598283,25.511572398245335,42.825055265426634,1.4098802329972386,14797.925563812256,0.0,21.0,0.0,1.0,0.050000000000000044,1.2607552465051413,1.254965789616108,0.019298239378258586
immediate_advantage_dqn,807,514,81.93681570887566,82.88019817195833,28.323394253849983,53.613421350717545,1.5311214486137033,16599.453826904297,0.0,23.0,0.0,0.0,0.050000000000000044,1.3056261576712132,1.2984443474560976,0.0239393679657951
immediate_advantage_dqn,807,515,64.94368293136358,81.89998226210476,23.91407899558544,41.02960446476936,1.399654434993863,14046.038349151611,0.0,20.0,0.0,1.0,0.050000000000000044,1.102557661011815,1.0963079929351807,0.020832198904827237
immediate_advantage_dqn,807,516,90.18644291311503,82.5495127477497,30.310060806572437,59.87638224065304,1.569265665486455,17757.54405593872,0.0,26.0,0.0,2.0,0.050000000000000044,1.3418322149664164,1.3364069238305092,0.01808427454670891
immediate_advantage_dqn,807,517,83.2537586182356,82.36103062897922,32.00765298306942,51.246105471253394,1.5523141883313656,17817.120121002197,0.0,26.0,0.0,1.0,0.050000000000000044,1.04884750302881,1.041703924536705,0.02381191519089043
immediate_advantage_dqn,807,518,86.80144681185485,82.74195458419622,32.21444992721081,54.586996445059775,1.5504637323319912,18121.909576416016,0.0,25.0,0.0,1.0,0.050000000000000044,1.34611177444458,1.3400629237294197,0.02016277424991131
immediate_advantage_dqn,807,519,81.51253473162652,82.21896431125703,28.771897345781326,52.740637147426604,1.490206771530211,16076.847591400146,0.0,26.0,0.0,1.0,0.050000000000000044,1.0028189830482006,0.9961848612874746,0.022113721701316535
immediate_advantage_dqn,807,520,81.2211631923914,81.71811525240543,28.76827998459339,52.45288304388523,1.4817295717075467,16231.675186157227,0.0,24.0,0.0,1.0,0.050000000000000044,1.278575660660863,1.2705736514180899,0.026673389598727226
immediate_advantage_dqn,807,521,69.7754814773798,81.58214927472176,26.913228660821915,42.862252712249756,1.4620943469926715,15454.838317871094,0.0,20.0,0.0,2.0,0.050000000000000044,0.9325491497293115,0.9261926598846912,0.021188270766288042
immediate_advantage_dqn,807,522,91.12731826603412,82.03033846564591,31.283559918403625,59.843758302927014,1.5817120466381311,17953.09804534912,0.0,27.0,0.0,2.0,0.050000000000000044,1.3669766448438168,1.3613597713410854,0.01872289855964482
immediate_advantage_dqn,807,523,77.67275211960077,82.02383757814765,26.729374922811985,50.94337725639343,1.4407431902363896,15386.273651123047,0.0,25.0,0.0,1.0,0.050000000000000044,0.9821603996679187,0.9769066441804171,0.017512528342194855
immediate_advantage_dqn,807,524,60.67677991837263,80.59401414148509,24.190039537847042,36.486740469932556,1.372911211103201,13541.138000488281,0.0,19.0,0.0,2.0,0.050000000000000044,1.169939212501049,1.16331347823143,0.022085749835241586
immediate_advantage_dqn,807,525,88.23276189118624,80.72197987943888,31.552802078425884,56.6799601405859,1.5793704790994525,18280.599544525146,0.0,27.0,0.0,1.0,0.050000000000000044,1.0932313296943903,1.087136097252369,0.020317419664934278
immediate_advantage_dqn,807,526,70.71988884359598,79.34697506710889,25.528688691556454,45.1912000477314,1.4274189928546548,14692.625574111938,0.0,23.0,0.0,0.0,0.050000000000000044,0.9548785667866468,0.9472586661577225,0.02539965824689716
immediate_advantage_dqn,807,527,76.78885089606047,79.13708616927266,27.678783036768436,49.1100684851408,1.4462846973910928,15310.97345161438,0.0,23.0,0.0,0.0,0.050000000000000044,1.1406943332403898,1.134455912746489,0.020794766780454665
immediate_advantage_dqn,807,528,78.29508648216725,79.40253748886289,27.46137234568596,50.83371421098709,1.5006409082561731,16225.370475769043,0.0,24.0,0.0,1.0,0.050000000000000044,1.3468737257644534,1.3411579970270395,0.01905245438683778
immediate_advantage_dqn,807,529,83.24237953871489,79.0274937207997,29.486333064734936,53.756046399474144,1.5226266337558627,17208.731157302856,0.0,24.0,0.0,1.0,0.050000000000000044,1.1731088757514954,1.1674507204443216,0.018860558047890663
immediate_advantage_dqn,807,530,87.91360934078693,79.77761195026339,29.680604360997677,58.233004465699196,1.5233387053012848,17235.355937957764,0.0,26.0,0.0,0.0,0.050000000000000044,1.1070620249956846,1.1007299115881324,0.021107044769451022
immediate_advantage_dqn,807,531,76.63194643855095,79.52199612274767,27.931393340229988,48.70055274069309,1.4664801023900509,16186.519660949707,0.0,22.0,0.0,1.0,0.050000000000000044,1.2755381651222706,1.2689701681956649,0.021893285040277988
immediate_advantage_dqn,807,532,82.5261538118124,79.08977407194675,29.86611618846655,52.6600372582674,1.526249473914504,17474.296100616455,0.0,25.0,0.0,3.0,0.050000000000000044,1.0250009810552,1.018306310288608,0.022315591690130532
immediate_advantage_dqn,807,533,53.91239715814591,78.36856255449355,23.039124816656113,30.87327207326889,1.365093057975173,13744.03260421753,0.0,16.0,0.0,3.0,0.050000000000000044,1.3586039543151855,1.3525767028331757,0.02009083010489121
immediate_advantage_dqn,807,534,61.78728421777487,77.36108597993851,26.381871424615383,35.40541271865368,1.4328892547637224,15048.692157745361,0.0,19.0,0.0,0.0,0.050000000000000044,1.1950884815305471,1.1891333255916834,0.01985052670352161
immediate_advantage_dqn,807,535,83.7892884850502,78.30336625762286,30.109591901302338,53.679696851968764,1.5153378266841173,17081.854541778564,0.0,24.0,0.0,2.0,0.050000000000000044,1.1548419650644064,1.1483748219907284,0.021557181957177818
immediate_advantage_dqn,807,536,82.73195368349552,77.93064179614187,29.89769534766674,52.834258410334584,1.5246216533705592,17035.661178588867,0.0,23.0,0.0,2.0,0.050000000000000044,1.1036278754472733,1.098166298121214,0.018205294793006033
immediate_advantage_dqn,807,537,72.67269373685122,77.40158855207265,25.746195062994957,46.926498770713806,1.419518076814711,14670.519172668457,0.0,22.0,0.0,2.0,0.050000000000000044,1.485654141753912,1.478459601290524,0.023981754202395678
immediate_advantage_dqn,807,538,84.54818120002747,77.28892527148129,28.29819545149803,56.249986031651495,1.5014618774875998,16495.218746185303,0.0,26.0,0.0,1.0,0.050000000000000044,1.2466068789362907,1.240499684587121,0.020357331028208137
immediate_advantage_dqn,807,539,86.88843828588725,77.55772044919432,29.821313820779324,57.06712473332882,1.5162410577759147,17182.484523773193,0.0,27.0,0.0,2.0,0.050000000000000044,1.6328269578516483,1.6274611800909042,0.017885961686260998
immediate_advantage_dqn,807,540,79.7303179204464,77.48317818559708,28.444538168609142,51.28577971458435,1.4724067011848092,16115.576473236084,0.0,25.0,0.0,2.0,0.050000000000000044,1.1738620977848768,1.1664316412061453,0.024768212984781712
immediate_advantage_dqn,807,541,82.76099937558175,78.13245408050717,27.552356347441673,55.208643370866774,1.5152217634022236,16388.46836090088,0.0,26.0,0.0,1.0,0.050000000000000044,1.1756478939205408,1.169740553945303,0.019691160297952592
immediate_advantage_dqn,807,542,78.31328891962767,77.49175261318685,29.479006752371788,48.834282249212265,1.5395905561745167,16952.050773620605,0.0,23.0,0.0,0.0,0.050000000000000044,1.4566709771752357,1.4512686803936958,0.018007644568569958
immediate_advantage_dqn,807,543,81.4266464933753,77.67944733187558,26.75340086966753,54.67324581742287,1.4852799102663994,15853.23861694336,0.0,24.0,0.0,0.0,0.050000000000000044,1.0814139330759645,1.0757944993674755,0.018731453747022897
immediate_advantage_dqn,807,544,88.08176393806934,79.04969653286041,28.873886846005917,59.20787641406059,1.4879714297130704,16487.79778289795,0.0,28.0,0.0,0.0,0.050000000000000044,1.2520108558237553,1.2464208155870438,0.01863348070764914
immediate_advantage_dqn,807,545,68.83165317028761,78.07964109681546,26.67198494821787,42.15966787934303,1.4149144999682903,14941.049663543701,0.0,21.0,0.0,0.0,0.050000000000000044,1.2313726674765348,1.2247058935463428,0.022222632658667862
immediate_advantage_dqn,807,546,84.28363917022943,78.75782861314715,29.154726289212704,55.12891273200512,1.5457218699157238,17096.831302642822,0.0,24.0,0.0,1.0,0.050000000000000044,1.0011379579082131,0.9957664422690868,0.017905073415022343
immediate_advantage_dqn,807,547,73.9704723969102,78.61690968818964,28.948365472257137,45.02210702896118,1.4957814747467637,16392.58532333374,0.0,21.0,0.0,1.0,0.050000000000000044,1.1155361384153366,1.108818863518536,0.022390916710719466
immediate_advantage_dqn,807,548,62.120138339698315,77.80816228106619,23.574113242328167,38.54602511227131,1.3629243252798915,13768.79638671875,0.0,20.0,0.0,0.0,0.050000000000000044,1.1423856345936656,1.1371691524982452,0.017388308595400304
immediate_advantage_dqn,807,549,99.15012876093388,78.60354974217714,32.74712712317705,66.40300140678883,1.5727100847288966,18444.240230560303,0.0,30.0,0.0,1.0,0.050000000000000044,1.107243100181222,1.100470202974975,0.022576280927751213
immediate_advantage_dqn,807,550,64.72798984795809,77.4442687675357,25.968551479279995,38.75943836867809,1.4634374296292663,15482.316806793213,0.0,19.0,0.0,2.0,0.050000000000000044,1.0779165048152208,1.0717864818871021,0.02043342578690499
immediate_advantage_dqn,807,551,83.11009631454945,77.76817626133563,28.374204754829407,54.73589091897011,1.49306970089674,15989.633224487305,0.0,25.0,0.0,1.0,0.050000000000000044,1.2224070085212588,1.2148899361491203,0.02505690325051546
immediate_advantage_dqn,807,552,88.46430274248124,78.06508370786906,31.159958258271217,57.30434430539608,1.5806071888655424,17694.063583374023,0.0,27.0,0.0,3.0,0.050000000000000044,1.2995204655453563,1.2940128622576594,0.01835864532040432
immediate_advantage_dqn,807,553,82.61672849357129,79.50030027464034,27.95356659591198,54.66316198706627,1.5113831274211407,16631.29691696167,0.0,24.0,0.0,2.0,0.050000000000000044,0.7550316629931331,0.7485590036958456,0.021575566614046693
immediate_advantage_dqn,807,554,94.9569031521678,81.15878122135999,31.028290070593357,63.928612768650055,1.5740413153544068,17764.17333984375,0.0,28.0,0.0,0.0,0.050000000000000044,1.194455442018807,1.1880985125899315,0.02118974959012121
immediate_advantage_dqn,807,555,84.39962747097016,81.18929817065597,28.8384340852499,55.56119320690632,1.4859080612659454,16335.172374725342,0.0,25.0,0.0,1.0,0.050000000000000044,1.0314248315989971,1.0253475923091173,0.020257524447515607
immediate_advantage_dqn,807,556,76.76589509993792,80.89099524147811,27.610140204429626,49.15575569272041,1.480492141097784,16369.708461761475,0.0,23.0,0.0,3.0,0.050000000000000044,1.461465872824192,1.455781765282154,0.01894701732089743
immediate_advantage_dqn,807,557,79.22926902025938,81.2188240056485,28.29642429947853,50.93284460902214,1.4969166805967689,16115.454849243164,0.0,24.0,0.0,0.0,0.050000000000000044,1.0978730283677578,1.0916658192873,0.020690661505796015
immediate_advantage_dqn,807,558,77.12141816616058,80.84748585395516,28.813557162880898,48.30786098837852,1.496379753574729,16171.156414031982,0.0,24.0,0.0,3.0,0.050000000000000044,1.4939827490597963,1.4889052547514439,0.016924959723837674
immediate_advantage_dqn,807,559,84.76109111309052,80.7411184953153,29.125554740428925,55.63553665578365,1.5293615674600005,16772.7823638916,0.0,26.0,0.0,0.0,0.050000000000000044,1.0704243313521147,1.064444474875927,0.01993285003118217
immediate_advantage_dqn,807,560,72.11468168646097,80.36033668361604,27.147766955196857,44.9669140458107,1.4720516065135598,15670.116161346436,0.0,22.0,0.0,3.0,0.050000000000000044,1.0891195544973016,1.0839368179440498,0.01727578998543322
immediate_advantage_dqn,807,561,68.56781643629074,79.65067753665149,26.745103776454926,41.82271257042885,1.449460756033659,15187.605606079102,0.0,21.0,0.0,0.0,0.050000000000000044,1.2758602015674114,1.268379608169198,0.02493531466461718
immediate_advantage_dqn,807,562,72.60255737602711,79.36514095947146,26.31172677874565,46.29083067178726,1.4486015597358346,15381.26111984253,0.0,21.0,0.0,1.0,0.050000000000000044,1.124837220646441,1.1182093508541584,0.022092866303864866
immediate_advantage_dqn,807,563,79.37622837126256,79.26262005336584,27.3035030066967,52.072726094722746,1.4793964233249426,15980.620880126953,0.0,25.0,0.0,2.0,0.050000000000000044,0.9174231914803386,0.9111793898046017,0.020812693051993847
immediate_advantage_dqn,807,564,85.83171081542969,79.15011739723386,29.58849310874939,56.24321731925011,1.5577151095494628,17568.825649261475,0.0,27.0,0.0,0.0,0.050000000000000044,1.035873118788004,1.0299380980432034,0.019783377123530954
immediate_advantage_dqn,807,565,71.48141350746155,79.28260541409256,28.250285789370537,43.23112755417824,1.5048756208270788,16510.849266052246,0.0,23.0,0.0,4.0,0.050000000000000044,1.0456994287669659,1.0392504446208477,0.021496604313142598
immediate_advantage_dqn,807,566,80.73131766319275,79.10498933874072,26.659008860588074,54.07230853438377,1.4651274727657437,15676.903823852539,0.0,24.0,0.0,1.0,0.050000000000000044,1.0550801362842321,1.0489094834774733,0.020568831590935588
immediate_advantage_dqn,807,567,81.57670389860868,79.48530091382564,30.823724165558815,50.752979040145874,1.5307044871151447,17178.764268875122,0.0,25.0,0.0,0.0,0.050000000000000044,1.3416152708232403,1.3348817452788353,0.02244507207069546
immediate_advantage_dqn,807,568,83.28604214638472,80.54359610415996,29.17660052329302,54.10944156348705,1.5033808089792728,16325.346519470215,0.0,25.0,0.0,0.0,0.050000000000000044,1.1053564473986626,1.0993441808968782,0.020040832459926605
immediate_advantage_dqn,807,569,59.8234270080924,78.5772610165179,23.756711713969707,36.06671527922153,1.4014717256650329,14243.420190811157,0.0,18.0,0.0,1.0,0.050000000000000044,0.9533951487392187,0.9472006633877754,0.020648251695092767
immediate_advantage_dqn,807,570,87.374949157238,79.70960898198189,31.911073088645935,55.46387627720833,1.558956247754395,18227.712341308594,0.0,26.0,0.0,0.0,0.050000000000000044,1.3161471709609032,1.3084149807691574,0.025773939676582813
immediate_advantage_dqn,807,571,81.57412807792426,79.63281057015062,28.63431938737631,52.93980869054794,1.4921539006754756,16620.09783554077,0.0,25.0,0.0,3.0,0.050000000000000044,1.2606304995715618,1.2557068727910519,0.016412013093940914
immediate_advantage_dqn,807,572,94.00290483236313,79.90974067464472,31.311148926615715,62.6917554885149,1.5811654776334763,18298.642471313477,0.0,28.0,0.0,2.0,0.050000000000000044,1.1556660672649741,1.1502932514995337,0.017909388232510537
immediate_advantage_dqn,807,573,82.31488349437714,79.89464842468502,28.086445406079292,54.22843805849552,1.4631905071437359,15426.959129333496,0.0,26.0,0.0,2.0,0.050000000000000044,1.1110922787338495,1.1035510934889317,0.025137312710285187
immediate_advantage_dqn,807,574,58.32917087674141,78.0632618109137,23.075822412967682,35.25334792733192,1.343177491798997,13466.932033538818,0.0,17.0,0.0,1.0,0.050000000000000044,1.1652605356648564,1.1591852810233831,0.020250828412827104
immediate_advantage_dqn,807,575,75.35989255607129,77.61127506516875,27.451955318450928,47.907937282323836,1.4657973302528262,15441.42170715332,0.0,21.0,0.0,3.0,0.050000000000000044,1.2864909153431654,1.2815183065831661,0.016575363639276475
immediate_advantage_dqn,807,576,90.59936648756266,78.30294863455,30.716166578233242,59.88319940268993,1.5782353645190597,17827.05673980713,0.0,26.0,0.0,3.0,0.050000000000000044,1.0264370776712894,1.0205398686230183,0.019657332566566765
immediate_advantage_dqn,807,577,74.22174467295409,78.05257241718473,27.44647005945444,46.775274538993834,1.4637983525171876,16089.3518409729,0.0,23.0,0.0,2.0,0.050000000000000044,1.1375695262104273,1.1323554497212172,0.017380241537466645
immediate_advantage_dqn,807,578,63.77820852547884,77.38541193515064,24.762491896748543,39.0157162040472,1.3870245981961489,14279.204414367676,0.0,21.0,0.0,1.0,0.050000000000000044,1.2106925509870052,1.2043760232627392,0.02105504658538848
immediate_advantage_dqn,807,579,84.88757680356503,77.39173621967436,31.44449307024479,53.44308330118656,1.5711890328675508,17913.811962127686,0.0,27.0,0.0,0.0,0.050000000000000044,1.186714492738247,1.1809899732470512,0.019081710430327803
immediate_advantage_dqn,807,580,83.07477136850358,77.9397407037765,26.684265352785587,56.39050578474998,1.4744542948901653,15557.5442237854,0.0,25.0,0.0,2.0,0.050000000000000044,1.0660988837480545,1.0599775174632668,0.020404584472998977
immediate_advantage_dqn,807,581,78.88512789458036,78.45560627669097,28.62115316838026,50.26397459208965,1.4915752783417702,16229.072174072266,0.0,24.0,0.0,0.0,0.050000000000000044,1.216912493109703,1.210596026852727,0.021054853103123605
immediate_advantage_dqn,807,582,83.97545245438815,79.02425103060902,29.872581489384174,54.102871084213255,1.5195841044187546,16851.902923583984,0.0,26.0,0.0,2.0,0.050000000000000044,0.7519956864416599,0.7456565937027335,0.02113032032502815
immediate_advantage_dqn,807,583,87.4910116493702,79.4299901945144,29.97773175686598,57.513280019164085,1.5583743583410978,17195.827911376953,0.0,27.0,0.0,1.0,0.050000000000000044,1.383186518214643,1.3774098940193653,0.01925548183498904
immediate_advantage_dqn,807,584,85.45891793072224,79.41135055027902,29.590525716543198,55.86839170753956,1.5477210897952318,17050.806964874268,0.0,26.0,0.0,1.0,0.050000000000000044,1.2332105543464422,1.2275708671659231,0.018799001001752913
immediate_advantage_dqn,807,585,98.54063727259636,80.76431173853577,31.33100889623165,67.20962791442871,1.550595753826201,17502.23012161255,0.0,30.0,0.0,3.0,0.050000000000000044,1.2165648639202118,1.211281169205904,0.017612336145248264
immediate_advantage_dqn,807,586,61.66805859804153,79.8111487852782,23.49550551176071,38.172553011775015,1.380847891792655,13703.78870010376,0.0,19.0,0.0,1.0,0.050000000000000044,1.078827598132193,1.0737158320844173,0.017039234924595803
immediate_advantage_dqn,807,587,85.68157804757357,80.01639249272645,27.636841766536236,58.04473662376404,1.4694846170023084,15568.994789123535,0.0,28.0,0.0,1.0,0.050000000000000044,1.1320527782663703,1.1262052608653903,0.019491709943395108
immediate_advantage_dqn,807,588,79.83017186075449,79.84359897844493,29.409350596368313,50.42082139849663,1.5190178966149688,17185.522174835205,0.0,23.0,0.0,0.0,0.050000000000000044,0.8423707615584135,0.8361562872305512,0.020714915881399065
immediate_advantage_dqn,807,589,90.04079353064299,81.35446730457247,29.240409277379513,60.80038470029831,1.5362319527193904,17264.177825927734,0.0,26.0,0.0,2.0,0.050000000000000044,0.932719849050045,0.9270849358290434,0.018783017352689058
immediate_advantage_dqn,807,590,88.52966099977493,81.41220289669931,30.887786619365215,57.64187487959862,1.5579528976231813,17607.843418121338,0.0,27.0,0.0,0.0,0.050000000000000044,0.9519169572740793,0.9455717764794827,0.021150619140826166
immediate_advantage_dqn,807,591,73.88855099827052,81.02792404271663,26.79521531611681,47.093335875868796,1.419848296791315,15125.458145141602,0.0,25.0,0.0,2.0,0.050000000000000044,1.1760116573423147,1.1708329627290368,0.01726232108194381
immediate_advantage_dqn,807,592,78.20324779301882,80.23794119074941,29.137821286916733,49.0654266923666,1.4824418760836124,16403.202129364014,0.0,24.0,0.0,0.0,0.050000000000000044,1.2070841006934643,1.2012271098792553,0.019523314316757023
immediate_advantage_dqn,807,593,91.38215208053589,80.69130462005735,31.29434661567211,60.087805807590485,1.54739819932729,17701.963550567627,0.0,28.0,0.0,2.0,0.050000000000000044,0.8017018986865878,0.7958948295563459,0.019356919277925044
immediate_advantage_dqn,807,594,78.77214038521052,81.7134530954808,27.57752188295126,51.19461812973022,1.507871293462813,16431.94983291626,0.0,24.0,0.0,2.0,0.050000000000000044,1.3795591667294502,1.3731624856591225,0.021322216605767608
immediate_advantage_dqn,807,595,70.52411409914494,81.47166417263449,24.832816645503044,45.69129712581635,1.4606125773862004,15151.13614654541,0.0,21.0,0.0,3.0,0.050000000000000044,0.7953658299520612,0.7898408016189933,0.018416772596538067
immediate_advantage_dqn,807,596,82.43417397141457,81.06340454682707,28.15865722298622,54.27551716566086,1.5114174354821444,16610.739574432373,0.0,25.0,0.0,1.0,0.050000000000000044,1.0484904451295733,1.0431943461298943,0.017653626098763198
immediate_advantage_dqn,807,597,72.84403567165137,80.99451909676196,26.588340021669865,46.25569530725479,1.4476194735616446,15487.934743881226,0.0,21.0,0.0,1.0,0.050000000000000044,1.2911937767639756,1.284937939606607,0.02085280721075833
immediate_advantage_dqn,807,598,83.7349116280675,81.99235425189138,30.18803583830595,53.546876430511475,1.5497271651402116,17380.20440673828,0.0,25.0,0.0,1.0,0.050000000000000044,1.1440134905278683,1.1384624503552914,0.018503503873944283
immediate_advantage_dqn,807,599,97.0703860461712,82.6014947140217,34.434130266308784,62.63625585436821,1.6415542466565967,19680.150463104248,0.0,27.0,0.0,3.0,0.050000000000000044,1.5271191000938416,1.52085966989398,0.02086473273811862
