variant,model_seed,episode,cost,rolling_cost,immediate_cost,penalty,energy_use,latency_ms,thermal_violation,energy_violation,queue_violation,contact_violation,epsilon,loss,td_loss,auxiliary_loss
immediate_advantage_dqn,816,0,107.90568296015263,107.90568296015263,38.159915909171104,69.74576717019082,1.7034717109054327,22651.65615081787,0.0,31.0,0.0,1.0,0.9954761904761905,,,
immediate_advantage_dqn,816,1,123.48881058041124,115.69724677028194,44.634856291115284,78.85395422969131,1.74454902485013,25368.00119781494,0.0,33.0,1.0,1.0,0.9909523809523809,1.329322099685669,1.3097237348556519,0.06532805413007736
immediate_advantage_dqn,816,2,119.25342530012131,116.88263961356172,41.880539149045944,77.3728865981102,1.8023162996396422,24638.896438598633,0.0,32.0,0.0,1.0,0.9864285714285714,1.1707615740597248,1.1536972969770432,0.05688091064803302
immediate_advantage_dqn,816,3,124.34898738419338,118.74922655621964,42.83472643047571,81.51426112508102,1.8628989020362496,25700.98861694336,0.0,34.0,2.0,1.0,0.981904761904762,1.1171443723142147,1.1046919338405132,0.04150810046121478
immediate_advantage_dqn,816,4,100.89800855517387,115.17898295601049,37.616696402430534,63.28131215274334,1.763281392864883,22890.14497566223,0.0,26.0,0.0,0.0,0.9773809523809524,0.9768902063369751,0.9698961675167084,0.023313473269809037
immediate_advantage_dqn,816,5,107.2160205245018,113.85182255075904,39.849977910518646,67.36604262888432,1.7863801876083016,23626.409435272217,0.0,31.0,0.0,0.0,0.9728571428571429,0.7698059789836407,0.7664294727146626,0.011255044722929597
immediate_advantage_dqn,816,6,168.212057699998,121.61757042922174,42.93295815587044,125.27909960373228,1.8375248815864325,25445.27409172058,0.0,37.0,31.0,0.0,0.9683333333333334,0.6884573772549629,0.6842916831374168,0.013885630236472934
immediate_advantage_dqn,816,7,309.30356872080813,145.07832021567003,41.52468290925026,267.7788858115579,1.9959246581420302,26767.767963409424,0.0,41.0,57.0,1.0,0.9638095238095238,0.8852868936955929,0.8819521889090538,0.01111568050691858
immediate_advantage_dqn,816,8,118.41117706894875,142.1153043104788,40.86380858719349,77.54736782610416,1.7913096100091934,24154.84270477295,0.0,32.0,0.0,2.0,0.9592857142857143,1.0495374575257301,1.0443102940917015,0.01742387725971639
immediate_advantage_dqn,816,9,112.76508817076683,139.1802826965076,38.08078622817993,74.68430230021477,1.6956556104123592,22159.850301742554,0.0,31.0,0.0,0.0,0.9547619047619048,0.8030195608735085,0.7986421100795269,0.014591481711249799
immediate_advantage_dqn,816,10,118.30943013131619,137.28293246330838,38.95576845109463,79.3536621272564,1.760083475150168,22420.668479919434,0.0,33.0,0.0,1.0,0.9502380952380952,0.6475129909813404,0.6427810937166214,0.015773008053656667
immediate_advantage_dqn,816,11,101.01580558717251,134.26067189029706,33.50816752016544,67.50763811171055,1.611597653478384,19706.33625793457,0.0,29.0,0.0,1.0,0.9457142857142857,0.5198185201734304,0.5149550586938858,0.016211529728025198
immediate_advantage_dqn,816,12,106.15839648620504,132.09895839767458,38.347787231206894,67.81060861424821,1.7543831206858158,23108.336280822754,0.0,30.0,6.0,1.0,0.9411904761904761,0.41425682604312897,0.4096748847514391,0.015273135562893003
immediate_advantage_dqn,816,13,108.19173676520586,130.39129970964112,37.28816995769739,70.90356731414795,1.7096986221149564,22151.43532562256,0.0,31.0,0.0,0.0,0.9366666666666666,0.3262085858732462,0.3208044469356537,0.01801378553500399
immediate_advantage_dqn,816,14,120.14521869270969,129.70822764184567,38.797925874590874,81.34729269890953,1.77713886462152,23725.151977539062,0.0,32.0,12.0,1.0,0.9321428571428572,0.2805398777127266,0.2758733397349715,0.015555127582047135
immediate_advantage_dqn,816,15,131.71186575680971,129.83345502403094,42.398121647536755,89.313744019866,1.8279542326927185,25121.929836273193,0.0,39.0,2.0,0.0,0.9276190476190476,0.5694939810782671,0.5654057236388326,0.013627510517835617
immediate_advantage_dqn,816,16,112.31901317834854,128.80319373899079,35.97610279917717,76.34291076660156,1.653920310549438,20886.938026428223,0.0,34.0,0.0,0.0,0.9230952380952381,0.6052222792059183,0.5988999418914318,0.021074448712170124
immediate_advantage_dqn,816,17,148.9611608563577,129.92308080106673,46.84689562022686,102.11426516162503,1.8989645652472973,27128.327087402344,0.0,34.0,20.0,0.0,0.9185714285714286,0.4270122591406107,0.4227281026542187,0.014280524104833603
immediate_advantage_dqn,816,18,121.5385989816191,129.48179228425371,39.24433906376362,82.29425890457652,1.7530255997553468,22988.82586669922,0.0,36.0,3.0,1.0,0.914047619047619,0.2912327814847231,0.287548023276031,0.012282518146093935
immediate_advantage_dqn,816,19,129.21261672981922,129.468333506532,43.98375375568867,85.22886303373521,1.8638508217409253,25928.068424224854,0.0,33.0,8.0,0.0,0.9095238095238095,0.26898580230772495,0.2657069265842438,0.010929585376288742
immediate_advantage_dqn,816,20,176.67105930322404,132.90660232368555,37.48422145843506,139.18683803850405,1.8443270232528448,23482.262649536133,0.0,37.0,31.0,0.0,0.905,0.2769961003214121,0.2739014634862542,0.010315452615031973
immediate_advantage_dqn,816,21,125.936792243507,133.02900140684034,40.57722432911396,85.35956776538144,1.828125374391675,24648.381381988525,0.0,33.0,17.0,0.0,0.9004761904761904,0.24337860476225615,0.24067090265452862,0.009025671955896541
immediate_advantage_dqn,816,22,102.87175492942333,132.20991788830545,39.51007100939751,63.361683279275894,1.7109509482979774,22968.00531768799,0.0,29.0,0.0,0.0,0.895952380952381,0.22964090015739202,0.22755450289696455,0.006954652810236439
immediate_advantage_dqn,816,23,130.54250251368185,132.51959364477986,40.308173790574074,90.23432872310781,1.7766803707927465,23973.6273727417,0.0,34.0,16.0,1.0,0.8914285714285715,0.5613814117386937,0.558930903673172,0.008168337139068171
immediate_advantage_dqn,816,24,105.76111109554768,132.76274877179856,36.703613102436066,69.05749751627445,1.6910339910537004,21385.748594284058,0.0,30.0,0.0,0.0,0.8869047619047619,0.5412304326891899,0.5383352320641279,0.009650666470406577
immediate_advantage_dqn,816,25,143.66524828191967,134.58521015966943,44.31231598556042,99.35293226655699,1.835576825775206,26016.564567565918,0.0,34.0,23.0,2.0,0.8823809523809524,0.3481742572039366,0.34511732682585716,0.010189756110776216
immediate_advantage_dqn,816,26,144.41313560145005,133.39526405474203,43.945059418678284,100.4680753632079,1.8556020138785243,25811.989822387695,0.0,35.0,14.0,0.0,0.8778571428571429,0.32668770384043455,0.32428982853889465,0.007992913975613192
immediate_advantage_dqn,816,27,151.83183810605118,125.52167752400419,41.22873520851135,110.60310286773749,1.8978029480203986,25039.157829284668,0.0,35.0,26.0,1.0,0.8733333333333333,0.3072491744533181,0.3046214682981372,0.008759027870837599
immediate_advantage_dqn,816,28,130.0613941203842,126.10418837657596,39.07873856276274,90.98265558742379,1.8574285991489887,24622.822200775146,0.0,29.0,9.0,1.0,0.8688095238095238,0.28774462547153234,0.28529082983732224,0.008179324708180502
immediate_advantage_dqn,816,29,104.05067610144616,125.66846777310995,35.29022817313671,68.76044822633267,1.635742312297225,20650.681640625,0.0,30.0,0.0,2.0,0.8642857142857143,0.3251111935824156,0.322923569008708,0.007292069756658748
immediate_advantage_dqn,816,30,109.7571726679802,125.24085489994313,37.21192576736212,72.54524677395821,1.6531953988596797,21351.43145751953,0.0,31.0,0.0,1.0,0.8597619047619047,0.3072787430137396,0.3049878515303135,0.007636304770130664
immediate_advantage_dqn,816,31,117.69332226936558,126.0747307340528,37.4415578097105,80.25176426593998,1.779447928071022,22997.576442718506,0.0,33.0,4.0,0.0,0.8552380952380952,0.6666441424749792,0.6642145537771285,0.008098644728306681
immediate_advantage_dqn,816,32,151.82779066798406,128.35820044314175,41.78488953411579,110.04290098485667,1.857244643382728,24971.22592163086,0.0,34.0,22.0,1.0,0.8507142857142858,0.4754018262028694,0.47295669093728065,0.008150460693286732
immediate_advantage_dqn,816,33,157.16294578465659,130.8067608941143,42.36985558271408,114.79309044036108,1.884796166792512,25941.929092407227,0.0,36.0,23.0,0.0,0.8461904761904762,0.4819369986653328,0.47880188655108213,0.010450382105773315
immediate_advantage_dqn,816,34,119.5432356393159,130.77666174144457,37.08796815574169,82.45526810942297,1.7994656804949045,23066.677179336548,0.0,33.0,4.0,0.0,0.8416666666666667,0.3963369922712445,0.39303017407655716,0.01102273931610398
immediate_advantage_dqn,816,35,122.73685144172046,130.32791102569013,39.170004934072495,83.56684671626422,1.8012872766703367,23599.99806213379,0.0,33.0,6.0,0.0,0.8371428571428572,0.3864131812006235,0.383301405236125,0.010372596443630755
immediate_advantage_dqn,816,36,89.91519131660462,129.20771993260294,32.15496826171875,57.7602227717638,1.6071382174268365,18921.482131958008,0.0,25.0,0.0,1.0,0.8326190476190476,0.3534591505303979,0.35035360883921385,0.010351812117733061
immediate_advantage_dqn,816,37,109.91131533682346,127.25522765662622,38.610054828226566,71.30126057565212,1.6961786728352308,22259.31818008423,0.0,31.0,0.0,2.0,0.8280952380952381,0.3418257022276521,0.3383860792964697,0.011465401796158403
immediate_advantage_dqn,816,38,119.39328439682723,127.14796192738663,36.28050075471401,83.11278320997954,1.714031083509326,21349.07423400879,0.0,35.0,0.0,1.0,0.8235714285714286,0.35329898726195097,0.3505550865083933,0.009146337572019547
immediate_advantage_dqn,816,39,128.01173246385545,127.08791771408843,44.67860873043537,83.3331241804549,1.8878262983635068,25867.48994064331,0.0,33.0,3.0,1.0,0.819047619047619,0.8597317263484001,0.8561862763017416,0.011818146624136716
immediate_advantage_dqn,816,40,103.62069538980722,123.4353995184176,37.01619607210159,66.60449901223183,1.6933284644037485,21207.12257385254,0.0,31.0,0.0,0.0,0.8145238095238095,0.5346378274261951,0.5316910315304995,0.009822652820730582
immediate_advantage_dqn,816,41,193.42334156657725,126.8097269845711,41.15275989472866,152.2705816569474,1.8892517294734716,24327.835739135742,0.0,40.0,38.0,2.0,0.81,0.5181865952908993,0.5138316722586751,0.01451641641324386
immediate_advantage_dqn,816,42,115.60823065042496,127.4465507706212,41.92276345193386,73.68546688556671,1.6934979958459735,23240.20057296753,0.0,32.0,0.0,0.0,0.8054761904761905,0.5090890862047672,0.5053189732134342,0.012567026074975729
immediate_advantage_dqn,816,43,119.33813946843148,126.88633261835867,41.94896982610226,77.38917016386986,1.8567303316667676,24854.82783126831,0.0,33.0,0.0,1.0,0.800952380952381,0.49126747343689203,0.4877196568995714,0.011826067930087447
immediate_advantage_dqn,816,44,106.57427924275399,126.926991025719,38.73244445025921,67.84183433055878,1.704567613080144,22175.455234527588,0.0,29.0,0.0,1.0,0.7964285714285715,0.4082851791754365,0.40493365935981274,0.011171751655638218
immediate_advantage_dqn,816,45,119.69701830202047,125.72857952672402,40.81416368484497,78.88285425954763,1.8174132583662868,23993.99398803711,0.0,32.0,1.0,1.0,0.7919047619047619,0.3722208132967353,0.36778427474200726,0.01478845055680722
immediate_advantage_dqn,816,46,114.06264306604862,124.21105489995395,36.49647098779678,77.56617134809494,1.7927218694239855,22072.04167175293,0.0,34.0,0.0,0.0,0.7873809523809524,0.5072554489597678,0.5038205878809094,0.011449549463577569
immediate_advantage_dqn,816,47,114.37014076868783,122.33797003308578,38.86802725493908,75.5021133796383,1.8603460425511003,24111.500022888184,0.0,31.0,6.0,0.0,0.7828571428571429,0.7365007977932692,0.7319807521998882,0.015066825551912189
immediate_advantage_dqn,816,48,113.0600810289383,121.48790437851349,37.549195632338524,75.51088491976262,1.7386952582746744,22233.86767578125,0.0,32.0,0.0,1.0,0.7783333333333333,0.5259489212185144,0.5217698328197002,0.013930302462540567
immediate_advantage_dqn,816,49,98.85303598046303,121.22802237246432,36.03876173496246,62.81427470743656,1.6933807684108615,20843.771545410156,0.0,27.0,0.0,2.0,0.7738095238095238,0.5428587598726153,0.5370946694165468,0.019213634077459574
immediate_advantage_dqn,816,50,104.32745031267405,120.95653625469905,38.43149460107088,65.89595511555672,1.6611432936042547,21978.32776069641,0.0,29.0,0.0,0.0,0.7692857142857144,0.41363460198044777,0.4095241632312536,0.01370146602857858
immediate_advantage_dqn,816,51,98.38315074145794,119.99102767830365,34.8193779066205,63.56377303600311,1.6499287653714418,20369.82949066162,0.0,28.0,0.0,1.0,0.7647619047619048,0.46569196227937937,0.46058044768869877,0.01703836629167199
immediate_advantage_dqn,816,52,112.15771295130253,118.00752379246956,37.2935501486063,74.86416299641132,1.6980575509369373,21601.56802368164,0.0,32.0,0.0,0.0,0.7602380952380953,0.4349125726148486,0.4316345416009426,0.010926784481853247
immediate_advantage_dqn,816,53,104.6805782109499,115.38340541378423,38.578348740935326,66.10222939550877,1.6569721847772598,21918.7857131958,0.0,29.0,0.0,1.0,0.7557142857142858,0.46666270308196545,0.46250209864228964,0.013868694368284196
immediate_advantage_dqn,816,54,137.06985884969183,116.25973657430302,41.147224590182304,95.92263367836424,1.869233289733529,24606.08378982544,0.0,38.0,8.0,3.0,0.7511904761904762,0.5765384575352073,0.5719054155051708,0.015443482669070363
immediate_advantage_dqn,816,55,109.19045896083117,115.58241695025856,37.50330977141857,71.68714965879917,1.7365889148786664,22294.507095336914,0.0,32.0,0.0,1.0,0.7466666666666667,0.6237520147114992,0.620014289394021,0.012459094461519271
immediate_advantage_dqn,816,56,117.91622217497569,116.98246849317711,40.37060657888651,77.54561580470542,1.8411186169832945,24117.77837753296,0.0,31.0,8.0,1.0,0.7421428571428572,0.5961410934105515,0.5917978920042515,0.014477337535936385
immediate_advantage_dqn,816,57,113.73348784446716,117.1735771185593,36.73682840168476,76.99665948748589,1.6719887079671025,20984.679039001465,0.0,32.0,0.0,0.0,0.7376190476190476,0.5870474483817816,0.5814558137208223,0.018638779176399112
immediate_advantage_dqn,816,58,130.87540352344513,117.74768307489019,42.82812720537186,88.0472764968872,1.8286172347143292,24701.142776489258,0.0,36.0,0.0,0.0,0.7330952380952381,0.5484153777360916,0.5444191489368677,0.013320759288035333
immediate_advantage_dqn,816,59,118.00710703581572,117.2474518034882,40.31875088065863,77.68835557401181,1.7683126339688897,23316.67162322998,0.0,32.0,0.0,1.0,0.7285714285714286,0.5870777247473598,0.5832654256373644,0.012707651767414063
immediate_advantage_dqn,816,60,205.5073843074947,122.34178624937257,47.44665469229221,158.06072970460946,1.9860712122172117,28199.462127685547,0.0,37.0,32.0,1.0,0.724047619047619,0.5646173497661948,0.5594232957810163,0.017313522228505462
immediate_advantage_dqn,816,61,110.31097193678103,118.18616776788278,36.639561131596565,73.67141068597518,1.7118854159489274,21788.316150665283,0.0,32.0,2.0,1.0,0.7195238095238095,0.5780472308397293,0.5741508593782783,0.012987906520720571
immediate_advantage_dqn,816,62,108.85276060551405,117.84839426563724,40.49616577476263,68.356594607234,1.7576161222532392,23143.256927490234,0.0,31.0,0.0,1.0,0.7150000000000001,0.7270610826089978,0.7226418927311897,0.014730663795489818
immediate_advantage_dqn,816,63,117.14389996402232,117.73868229041678,36.39309321343899,80.75080697410074,1.7574210399761796,21880.273654937744,0.0,33.0,10.0,0.0,0.7104761904761905,0.7009128276258707,0.6970903379842639,0.012741632293909788
immediate_advantage_dqn,816,64,108.67252181470394,117.84359441901427,38.4646028727293,70.20791940391064,1.7586334180086851,22795.212978363037,0.0,30.0,0.0,2.0,0.7059523809523809,0.5813432279974222,0.5763854645192623,0.016525880724657327
immediate_advantage_dqn,816,65,120.68395512379354,117.89294126010293,36.54292181134224,84.14103310383504,1.7825430445373058,21718.53059387207,0.0,35.0,19.0,0.0,0.7014285714285715,0.6700221179053187,0.6648900639265776,0.01710682426346466
immediate_advantage_dqn,816,66,144.53642498655637,119.41663035612831,47.77418413758278,96.76224110229333,1.9822263410314918,27730.780992507935,0.0,37.0,13.0,1.0,0.6969047619047619,0.5201921928673983,0.5167348831892014,0.011524371890118346
immediate_advantage_dqn,816,67,106.94179044961929,119.0452128401749,36.7456042021513,70.19618641138076,1.7387908669188619,21835.715732574463,0.0,31.0,0.0,2.0,0.6923809523809523,0.6914867237210274,0.686193710193038,0.0176433619344607
immediate_advantage_dqn,816,68,109.48609814196826,118.8665136958264,38.915469251573086,70.5706282645464,1.6588951218873262,21907.670093536377,0.0,30.0,0.0,1.0,0.687857142857143,0.5506932502612472,0.5465331431478262,0.013867029862012714
immediate_advantage_dqn,816,69,99.52648219168186,118.90018600638734,36.314365178346634,63.212117072939876,1.6150671830400825,20079.493968963623,0.0,28.0,0.0,3.0,0.6833333333333333,0.5555296894162893,0.5489379744976759,0.021972381859086454
immediate_advantage_dqn,816,70,127.12873714576217,120.04025034804172,40.106849528849125,87.02188740829679,1.8608276806771755,23956.05846786499,0.0,34.0,9.0,2.0,0.6788095238095238,0.82089086715132,0.8171663740649819,0.012414960947353393
immediate_advantage_dqn,816,71,115.96767964363099,120.91947679315038,36.87431026995182,79.09336846470833,1.7204609047621489,21452.449251174927,0.0,35.0,0.0,2.0,0.6742857142857144,0.6820553466677666,0.677124984562397,0.0164345454541035
immediate_advantage_dqn,816,72,92.42235344946384,119.93270881805844,33.39918555319309,59.02316777706146,1.6007008189335465,19465.2332611084,0.0,25.0,0.0,3.0,0.6697619047619048,0.5778206214308739,0.5734246280044317,0.01465333258965984
immediate_advantage_dqn,816,73,113.70379719138145,120.38386976708004,42.251687094569206,71.45211039483547,1.7331792945042253,23703.372444152832,0.0,31.0,0.0,0.0,0.6652380952380952,0.6904311589896679,0.6851560641080141,0.017583635810296983
immediate_advantage_dqn,816,74,102.82948012202978,118.67185083069694,36.154586993157864,66.67489283084869,1.6396444439888,20825.211009979248,0.0,28.0,0.0,3.0,0.6607142857142857,0.5758094992488623,0.5701193399727345,0.01896719232900068
immediate_advantage_dqn,816,75,108.30595369637012,118.62762556747388,36.80288848280907,71.50306528806686,1.7376415077596903,22366.84303665161,0.0,28.0,0.0,2.0,0.6561904761904762,0.6230679089203477,0.6194930532947183,0.01191618773736991
immediate_advantage_dqn,816,76,110.57291785776616,118.26046035161339,39.35787193477154,71.21504537165166,1.707798988558352,22549.71511077881,0.0,31.0,0.0,1.0,0.6516666666666667,0.6185234654694796,0.61374825052917,0.01591736008413136
immediate_advantage_dqn,816,77,121.41955674439669,118.6447637966099,37.12899578362703,84.29056103527546,1.75688889157027,21765.664714813232,0.0,35.0,0.0,0.0,0.6471428571428571,0.5259830933064222,0.5206519244238734,0.017770549980923533
immediate_advantage_dqn,816,78,107.73867005109787,117.4879271229925,31.792703717947006,75.94596654176712,1.6431660577654839,18838.327407836914,0.0,33.0,0.0,0.0,0.6426190476190476,0.9333773255348206,0.9295268543064594,0.012834904133342206
immediate_advantage_dqn,816,79,113.45939927697182,117.26054173505034,39.6527434438467,73.80665669739247,1.694404779933393,22031.424591064453,0.0,33.0,0.0,1.0,0.6380952380952382,0.7889839168637991,0.7828664649277925,0.020391491590999067
immediate_advantage_dqn,816,80,110.41246166974307,112.50579560316274,39.53263498097658,70.87982621192933,1.6764191864058375,21950.435749053955,0.0,31.0,0.0,1.0,0.6335714285714286,0.6203875131905079,0.6152571346610785,0.017101254023145884
immediate_advantage_dqn,816,81,110.67630037069321,112.52406202485835,38.331061378121376,72.3452388137579,1.6817116755992174,21192.51988220215,0.0,31.0,0.0,2.0,0.6290476190476191,0.8901324011385441,0.8851493522524834,0.01661015226272866
immediate_advantage_dqn,816,82,114.80076675415039,112.82146233229018,39.187047347426414,75.613719317317,1.7281588977202773,22099.237199783325,0.0,31.0,0.0,2.0,0.6245238095238095,0.6241811867803335,0.6190515123307705,0.017098898417316377
immediate_advantage_dqn,816,83,117.63881456106901,112.8462080621425,39.798416666686535,77.8403983861208,1.7559356605634093,22558.04280090332,0.0,33.0,0.0,1.0,0.62,0.8134998679161072,0.8075538966804743,0.019819911336526275
immediate_advantage_dqn,816,84,103.44134792089463,112.58464936745202,37.12634219229221,66.3150058478117,1.711582189425826,21693.550121307373,0.0,29.0,0.0,2.0,0.6154761904761905,0.6511234231293201,0.6470613358542323,0.013540285814087838
immediate_advantage_dqn,816,85,95.48403789103031,111.32465350581386,34.70626775175333,60.77776983380318,1.7225317964330316,20610.250492095947,0.0,28.0,0.0,0.0,0.6109523809523809,0.626809848472476,0.6220253575593233,0.015948292159009725
immediate_advantage_dqn,816,86,102.86633256971837,109.24114888497198,35.08785258978605,67.77847983837128,1.6355781210586429,20289.26153945923,0.0,28.0,0.0,3.0,0.6064285714285714,0.8437712695449591,0.8409732095897198,0.009326864150352776
immediate_advantage_dqn,816,87,128.52756790816784,110.32043775789938,42.387023612856865,86.14054401218891,1.814795058220625,24180.80479812622,0.0,36.0,0.0,0.0,0.6019047619047619,0.7643322935327888,0.7588148713111877,0.01839145307894796
immediate_advantage_dqn,816,88,109.2423491999507,110.30825031079851,37.407548286020756,71.83480054140091,1.7188134510070086,21829.44284439087,0.0,30.0,0.0,0.0,0.5973809523809523,0.7875818889588118,0.7825854104012251,0.0166549255955033
immediate_advantage_dqn,816,89,119.0694899559021,111.28540069900953,43.65221345424652,75.4172757267952,1.7830108990892768,24579.22315979004,0.0,33.0,0.0,1.0,0.592857142857143,0.7153836339712143,0.7084132879972458,0.023234481166582555
immediate_advantage_dqn,816,90,97.5286832600832,109.80539800472556,35.21069046854973,62.3179928958416,1.6514215134084225,20761.914791107178,0.0,25.0,0.0,0.0,0.5883333333333334,0.7014383599162102,0.6965859271585941,0.01617478288244456
immediate_advantage_dqn,816,91,101.19771668314934,109.0668998567015,33.97936347872019,67.2183525711298,1.6195874363183975,19496.56005859375,0.0,29.0,0.0,0.0,0.5838095238095238,0.7779298536479473,0.7720753848552704,0.01951489388011396
immediate_advantage_dqn,816,92,119.52405098080635,110.42198473326862,42.811414271593094,76.7126362323761,1.7883782489225268,24356.926445007324,0.0,34.0,0.0,0.0,0.5792857142857144,0.6946369605138898,0.6897589024156332,0.016260168806184083
immediate_advantage_dqn,816,93,105.24454528987408,109.99902213819325,36.755397126078606,68.48914747834206,1.6601187186315656,20698.376237869263,0.0,29.0,0.0,1.0,0.5747619047619048,0.9204724319279194,0.9146702419966459,0.019340630853548646
immediate_advantage_dqn,816,94,120.91331724822521,110.90321399450302,39.39327496290207,81.52004271745682,1.7484814682975411,22754.787343978882,0.0,34.0,0.0,0.0,0.5702380952380952,0.8009974341839552,0.7950751706957817,0.01974086998961866
immediate_advantage_dqn,816,95,152.23974316897667,113.09990346813336,40.72212313115597,111.51762005272184,1.8630297938361764,23637.047874450684,0.0,36.0,22.0,3.0,0.5657142857142857,0.7497058752924204,0.7446943577378988,0.01670507586095482
immediate_advantage_dqn,816,96,117.4923289937973,113.44587402493491,43.034334406256676,74.45799497497082,1.8992351721972227,25723.660961151123,0.0,31.0,2.0,1.0,0.5611904761904762,0.7868947125971317,0.7810712270438671,0.01941162016009912
immediate_advantage_dqn,816,97,118.63501326739788,113.30664685108498,38.52296793460846,80.11204519867897,1.7678996156901121,22330.899703979492,0.0,34.0,0.0,0.0,0.5566666666666666,0.6843913439661264,0.6786094680428505,0.019272914389148355
immediate_advantage_dqn,816,98,101.71911572664976,113.00566913486257,36.618190951645374,65.1009247303009,1.6657434720546007,21140.923580169678,0.0,28.0,0.0,1.0,0.5521428571428572,0.9691819194704294,0.9645973909646273,0.01528174988925457
immediate_advantage_dqn,816,99,109.58931148052216,112.81216474504008,38.86115512251854,70.72815576195717,1.6959135299548507,22169.96346282959,0.0,30.0,0.0,1.0,0.5476190476190477,0.6904031187295914,0.6846826858818531,0.01906809996580705
immediate_advantage_dqn,816,100,117.89345279335976,113.18621430122091,37.769011199474335,80.12444204092026,1.7429723599925637,21465.836666107178,0.0,34.0,0.0,1.0,0.5430952380952381,0.6403828170150518,0.6333333598449826,0.023498196504078805
immediate_advantage_dqn,816,101,97.90719788521528,112.54775917694701,37.78469034284353,60.12250730395317,1.6326259225606918,21251.836338043213,0.0,26.0,0.0,0.0,0.5385714285714286,0.7161069074645638,0.7112148739397526,0.01630679494701326
immediate_advantage_dqn,816,102,109.3110718280077,112.27327443063989,39.55266897380352,69.75840330123901,1.7746713142842054,23349.674835205078,0.0,28.0,0.0,1.0,0.5340476190476191,0.8958509340882301,0.8893015813082457,0.02183120435802266
immediate_advantage_dqn,816,103,116.71433287858963,112.22705034651592,40.05604921281338,76.65828382968903,1.8067167662084103,23636.7706451416,0.0,32.0,0.0,0.0,0.5295238095238095,0.8046717830002308,0.7995083015412092,0.017211639846209437
immediate_advantage_dqn,816,104,97.24357499927282,111.91716170043483,32.48237416893244,64.76120020449162,1.626167519018054,18774.06806564331,0.0,28.0,0.0,0.0,0.525,0.827377600595355,0.8232788871973753,0.013662363693583757
immediate_advantage_dqn,816,105,100.79490014910698,112.18270481333866,37.642080932855606,63.15281900763512,1.7015843195840716,22000.615146636963,0.0,27.0,0.0,0.0,0.5204761904761905,0.8815920427441597,0.8749424703419209,0.022165265982039273
immediate_advantage_dqn,816,106,90.59566678851843,111.56917152427866,31.78960056602955,58.80606597661972,1.5962315062060952,18526.05009841919,0.0,27.0,0.0,1.0,0.5159523809523809,0.9422494322061539,0.9370189998298883,0.017434766399674118
immediate_advantage_dqn,816,107,99.83935888409614,110.13476107307508,35.85034593939781,63.98901327252388,1.6518702832981944,20139.63716506958,0.0,29.0,0.0,3.0,0.5114285714285716,0.808983001857996,0.8035065624862909,0.018254794005770236
immediate_advantage_dqn,816,108,102.99849559366703,109.8225683927609,36.33319238573313,66.66530352830887,1.5994048919528723,20209.294408798218,0.0,31.0,0.0,0.0,0.506904761904762,0.8701366605237126,0.8647671416401863,0.01789834554074332
immediate_advantage_dqn,816,109,108.84580167084933,109.31138397850823,36.907110653817654,71.93869140446186,1.7065304182469845,20764.26428604126,0.0,31.0,0.0,3.0,0.5023809523809524,1.090141136199236,1.0862939581274986,0.0128239014884457
immediate_advantage_dqn,816,110,103.22116888463498,109.59600825973584,34.729497507214546,68.4916715413332,1.6623975550755858,19975.448570251465,0.0,31.0,0.0,1.0,0.4978571428571429,0.9482946321368217,0.9414804317057133,0.022713977028615773
immediate_advantage_dqn,816,111,93.20818834006786,109.19653184258178,35.529277101159096,57.678911089897156,1.578958840109408,19692.347080230713,0.0,26.0,0.0,0.0,0.4933333333333334,0.8353419434279203,0.8287570681422949,0.02194958517793566
immediate_advantage_dqn,816,112,94.49175494909286,107.9449170409961,32.700872868299484,61.79088205099106,1.582566692493856,18938.26552772522,0.0,27.0,0.0,1.0,0.4888095238095238,0.8766154013574123,0.8730070311576128,0.01202791725518182
immediate_advantage_dqn,816,113,116.79501929283143,108.52244074114397,36.71785669028759,80.07716237902642,1.7456750255078077,21187.19362640381,0.0,33.0,0.0,1.0,0.4842857142857143,0.9611507691442966,0.9510706011205912,0.03360055689699948
immediate_advantage_dqn,816,114,105.43374336659909,107.74846204706266,33.685768127441406,71.74797510504723,1.7925320882350206,21785.682163238525,0.0,28.0,0.0,1.0,0.4797619047619047,0.8135905750095844,0.8102109618484974,0.011265411449130625
immediate_advantage_dqn,816,115,107.57044811546803,105.51499729438724,34.98033295571804,72.59011533856392,1.647252851165831,19919.891983032227,0.0,33.0,0.0,0.0,0.47523809523809524,0.7419908214360476,0.7353230752050877,0.02222582878312096
immediate_advantage_dqn,816,116,105.25352573394775,104.90305713139476,37.61507052183151,67.63845556974411,1.729374828748405,22090.04588317871,0.0,28.0,0.0,0.0,0.47071428571428575,0.8907753322273493,0.8843159433454275,0.021531284204684198
immediate_advantage_dqn,816,117,91.94138952493668,103.56837594427168,35.53504094481468,56.40634863972664,1.5917978351935744,19469.011402130127,0.0,25.0,0.0,1.0,0.46619047619047627,0.9984055887907743,0.9928066693246365,0.01866303279530257
immediate_advantage_dqn,816,118,102.03087846934795,103.5839640814066,39.131683975458145,62.89919450879097,1.6490367539227009,21898.60947418213,0.0,28.0,0.0,0.0,0.46166666666666667,0.9971956871449947,0.9895308651030064,0.02554941561538726
immediate_advantage_dqn,816,119,90.18312273323536,102.61365464404226,31.9530927836895,58.230030038952826,1.6345400866121054,18644.125007629395,0.0,24.0,0.0,1.0,0.4571428571428572,1.0065018329769373,0.9992806725203991,0.024070547195151448
immediate_advantage_dqn,816,120,106.69256200045348,102.05361010439695,38.10482573509216,68.58773639947177,1.7355005675926805,21967.206134796143,0.0,29.0,0.0,1.0,0.4526190476190477,0.7873431891202927,0.7794217970222235,0.026404649834148586
immediate_advantage_dqn,816,121,109.23394233882428,102.6199473270774,37.95536653697491,71.27857589125634,1.7500629294663668,21919.367614746094,0.0,30.0,0.0,1.0,0.4480952380952381,0.8865123055875301,0.8809234797954559,0.018629379163030535
immediate_advantage_dqn,816,122,113.06351149082184,102.8075693102181,35.56123250722885,77.50227987766266,1.7123984480276704,20315.106552124023,0.0,33.0,0.0,1.0,0.4435714285714286,0.8140877913683653,0.8080403627827764,0.020158063038252294
immediate_advantage_dqn,816,123,101.67915922403336,102.05581062749029,36.771539092063904,64.9076196551323,1.6617181142792106,20850.371269226074,0.0,28.0,0.0,1.0,0.439047619047619,0.9097305648028851,0.903458546847105,0.02090671774931252
immediate_advantage_dqn,816,124,96.01056332886219,101.99416004396976,33.61157551407814,62.39898735284805,1.5942745190113783,19599.021697998047,0.0,28.0,0.0,0.0,0.43452380952380953,0.8319245371967554,0.8259745929390192,0.019833143102005124
immediate_advantage_dqn,816,125,75.01914118230343,100.70537209562958,28.09194391965866,46.927197337150574,1.4678021594882011,16026.543025970459,0.0,23.0,0.0,0.0,0.43000000000000005,1.0818228647112846,1.0780982673168182,0.012415311037329957
immediate_advantage_dqn,816,126,114.8762147128582,101.91939949184656,36.54321536421776,78.33299949765205,1.6890434557572007,20994.25118637085,0.0,33.0,0.0,0.0,0.42547619047619056,0.9836181625723839,0.9743380025029182,0.030933897360228002
immediate_advantage_dqn,816,127,88.65115875005722,101.35998948514461,33.09849452972412,55.55266387760639,1.6033443743363023,19294.511253356934,0.0,25.0,0.0,1.0,0.42095238095238097,0.9218151811510324,0.9142816010862589,0.02511195617262274
immediate_advantage_dqn,816,128,105.4975279122591,101.48494110107421,35.47514636814594,70.02238163352013,1.6869935626164079,20095.315048217773,0.0,31.0,0.0,0.0,0.41642857142857137,0.9504758529365063,0.9418068490922451,0.028896691626869142
immediate_advantage_dqn,816,129,86.2335281893611,100.3543274269998,31.42031854391098,54.81320968270302,1.56578079611063,17911.06544494629,0.0,24.0,0.0,0.0,0.4119047619047619,1.0204077623784542,1.013489380478859,0.023061311803758144
immediate_advantage_dqn,816,130,100.06144167482853,100.19634106650949,36.099265687167645,63.96217554807663,1.6234419774264097,20649.83532142639,0.0,28.0,0.0,0.0,0.4073809523809524,0.8002860732376575,0.7949687913060188,0.01772424066439271
immediate_advantage_dqn,816,131,100.32803676277399,100.5523334876448,35.12141787260771,65.20661941170692,1.7403511358425021,20714.780059814453,0.0,28.0,0.0,2.0,0.4028571428571429,1.0357383713126183,1.029147233814001,0.021970456058625132
immediate_advantage_dqn,816,132,97.43742397427559,100.69961693890393,35.42587549984455,62.011548817157745,1.7011157283559442,20550.64186477661,0.0,27.0,0.0,0.0,0.39833333333333343,1.023825477808714,1.0180698838084936,0.0191853383439593
immediate_advantage_dqn,816,133,124.44528277516365,101.08213011302054,40.70094621181488,83.74433668255806,1.8215279281139374,23485.75302886963,0.0,35.0,0.0,2.0,0.39380952380952383,1.1287937089800835,1.1246780380606651,0.013718891947064549
immediate_advantage_dqn,816,134,113.4395646095276,101.48242117516696,38.33147048950195,75.1080948650837,1.719969100318849,21837.831092834473,0.0,31.0,0.0,1.0,0.38928571428571423,0.8739547971636057,0.8681833734735847,0.01923807559069246
immediate_advantage_dqn,816,135,106.13368939757348,101.41058323927224,34.4377092346549,71.69598081111909,1.6314199231564999,19675.26713180542,0.0,30.0,0.0,1.0,0.38476190476190475,0.9266725238412619,0.9204867705702782,0.02061916922684759
immediate_advantage_dqn,816,136,79.79439049363137,100.13762647725642,32.10461398214102,47.68977750241756,1.5606928812339902,18397.952377319336,0.0,23.0,0.0,2.0,0.38023809523809526,0.9462849050760269,0.938081931322813,0.02734319760929793
immediate_advantage_dqn,816,137,100.65220688283443,100.57316734515132,36.95272149145603,63.69948624074459,1.676667608320713,20989.200046539307,0.0,28.0,0.0,0.0,0.3757142857142858,0.8301512021571398,0.8240486104041338,0.02034196979366243
immediate_advantage_dqn,816,138,101.21602715551853,100.53242477945984,32.149137273430824,69.0668898075819,1.6314433421939611,18745.065017700195,0.0,32.0,0.0,0.0,0.3711904761904763,1.072056956589222,1.0638128593564034,0.027480345219373703
immediate_advantage_dqn,816,139,87.16288378238679,100.38141283191742,30.59737467765808,56.565508940815924,1.5180077189579606,17248.178787231445,0.0,26.0,0.0,1.0,0.3666666666666667,0.9498753324151039,0.943906357511878,0.019896605517715216
immediate_advantage_dqn,816,140,105.38384875655174,100.31597716972233,34.74255935847759,70.64128862321377,1.7070168415084481,20145.179122924805,0.0,31.0,0.0,0.0,0.3621428571428572,0.8531354572623968,0.8448639065027237,0.027571807615458965
immediate_advantage_dqn,816,141,90.91705154776574,99.4001326301694,33.31911341845989,57.59793829321861,1.5819213017821312,19006.76830291748,0.0,27.0,0.0,2.0,0.3576190476190476,0.9784189518541098,0.9710128642618656,0.02468697016593069
immediate_advantage_dqn,816,142,130.29934254288673,100.26192418277265,43.391779229044914,86.90756300091743,1.84587821085006,25011.491539001465,0.0,35.0,0.0,1.0,0.35309523809523813,0.8977968748658895,0.8923363015055656,0.018201903556473553
immediate_advantage_dqn,816,143,108.17977144718171,100.58695479393006,35.90952715277672,72.27024457752705,1.6777567509561777,20235.318782806396,0.0,31.0,0.0,1.0,0.34857142857142864,0.977109907194972,0.970553033053875,0.021856289240531623
immediate_advantage_dqn,816,144,105.47392290234566,101.06012277260425,36.24199743568897,69.23192525804043,1.6857860162854195,20810.629428863525,0.0,30.0,0.0,1.0,0.34404761904761905,1.0010905116796494,0.9953439701348543,0.01915512140840292
immediate_advantage_dqn,816,145,96.11353815495968,102.11484262123705,34.63505579531193,61.47848232984543,1.631118405610323,19786.544429779053,0.0,26.0,0.0,2.0,0.33952380952380956,0.74636310338974,0.7388486135751009,0.025048277457244694
immediate_advantage_dqn,816,146,98.27853042632341,101.2849584069103,33.30576125532389,64.9727695286274,1.6462869755923748,19244.79951286316,0.0,27.0,0.0,1.0,0.3350000000000001,1.1262468192726374,1.1186242755502462,0.02540845121257007
immediate_advantage_dqn,816,147,111.48577056825161,102.42668899782002,35.82428853958845,75.66148182749748,1.6471637664362788,20413.327863693237,0.0,34.0,0.0,0.0,0.3304761904761905,0.987627012655139,0.9816042128950357,0.020075969980098307
immediate_advantage_dqn,816,148,87.38536946475506,101.52108107544481,29.319223694503307,58.06614628434181,1.5494562881067395,17092.587671279907,0.0,26.0,0.0,0.0,0.325952380952381,0.8679112065583467,0.8616597726941109,0.02083810995100066
immediate_advantage_dqn,816,149,104.76131960451603,102.44747064620256,35.62987780570984,69.13144147098065,1.6547882296144962,20281.86736679077,0.0,30.0,0.0,3.0,0.3214285714285714,0.961907709017396,0.9573206044733524,0.01529034145642072
immediate_advantage_dqn,816,150,111.49577641785145,103.01918738335371,39.232913076877594,72.2628637433052,1.7110230457037687,22076.434936523438,0.0,30.0,0.0,2.0,0.3169047619047619,0.9188880259171128,0.9115383960306644,0.024498778162524104
immediate_advantage_dqn,816,151,97.97004978358746,102.90128803439438,31.62337289005518,66.34667757153511,1.5824958542361856,18071.315399169922,0.0,29.0,0.0,1.0,0.3123809523809524,0.8822361882776022,0.8753531184047461,0.022943620570003986
immediate_advantage_dqn,816,152,101.61350841969252,103.11009225666524,33.8208819553256,67.79262659847737,1.585511819459498,18749.119817733765,0.0,31.0,0.0,2.0,0.30785714285714294,0.8461329769343138,0.8355956971645355,0.0351242859615013
immediate_advantage_dqn,816,153,88.12470825761557,101.29406353078784,31.325985066592693,56.79872325062752,1.5221758848056197,17734.164016723633,0.0,26.0,0.0,1.0,0.30333333333333345,0.9363067876547575,0.9291865322738886,0.02373417979106307
immediate_advantage_dqn,816,154,91.98949480056763,100.22156004033982,27.81447284668684,64.17502196133137,1.5636318512260914,16369.182094573975,0.0,29.0,0.0,2.0,0.29880952380952375,1.1280475817620754,1.1227754522114992,0.01757376390742138
immediate_advantage_dqn,816,155,103.78371673226357,100.10406140707434,36.38373164832592,67.39998509883881,1.6542904619127512,20362.485538482666,0.0,30.0,0.0,2.0,0.29428571428571426,0.8440746627748013,0.837424254976213,0.0221680497052148
immediate_advantage_dqn,816,156,94.8911036938429,100.85889706708492,31.042967095971107,63.84813658297062,1.612934509292245,18044.819580078125,0.0,29.0,0.0,3.0,0.2897619047619048,0.9990584589540958,0.993640111759305,0.01806116127409041
immediate_advantage_dqn,816,157,80.71917546689511,99.86224549628795,28.69723343849182,52.02194143235683,1.4848955944180489,16133.452163696289,0.0,24.0,0.0,3.0,0.2852380952380953,0.8942309375852346,0.8847673144191504,0.031545405043289065
immediate_advantage_dqn,816,158,93.62872901558876,99.48288058929147,33.144937597215176,60.483790665864944,1.567263207398355,19189.737775802612,0.0,26.0,0.0,0.0,0.2807142857142858,0.9782236646860838,0.9711206816136837,0.02367659634910524
immediate_advantage_dqn,816,159,104.78551359474659,100.36401207990946,33.5694499835372,71.21606329083443,1.6203687153756618,19000.529457092285,0.0,31.0,0.0,2.0,0.2761904761904763,0.997866190969944,0.9903617519885302,0.025014789775013924
immediate_advantage_dqn,816,160,82.08225476145745,99.19893238015474,28.807590797543526,53.27466375529766,1.4937656754627824,16581.3133354187,0.0,25.0,0.0,1.0,0.2716666666666666,1.2407763116061687,1.2348249182105064,0.019837986154016107
immediate_advantage_dqn,816,161,97.57354202270508,99.53175690390171,34.48268885910511,63.090852627158164,1.6978703895583749,19918.06312561035,0.0,30.0,0.0,1.0,0.2671428571428571,0.8348661791533232,0.8254967350512743,0.031231482862494886
immediate_advantage_dqn,816,162,100.51394045352936,98.04248679943385,32.57168783992529,67.94225241243839,1.6103806775063276,18565.31647491455,0.0,29.0,0.0,0.0,0.26261904761904764,0.8834018688648939,0.8751093372702599,0.027641776716336608
immediate_advantage_dqn,816,163,100.71560979187488,97.6692787166685,33.65238995105028,67.06321931183338,1.627639870159328,19110.025360107422,0.0,29.0,0.0,3.0,0.25809523809523816,0.9045048840343952,0.8964614011347294,0.0268115809885785
immediate_advantage_dqn,816,164,79.04953749626875,96.34805944636466,29.72610305994749,49.3234347641468,1.5056557254865766,16665.917987823486,0.0,22.0,0.0,2.0,0.25357142857142867,1.1196778994053602,1.1119920760393143,0.02561939845327288
immediate_advantage_dqn,816,165,83.40350730866194,95.71255790404976,31.35707811266184,52.04642997086048,1.520960216410458,17053.336101531982,0.0,25.0,0.0,2.0,0.24904761904761907,1.0073742624372244,0.9994519464671612,0.02640773425810039
immediate_advantage_dqn,816,166,101.6886687874794,95.88306482210757,36.19328187406063,65.49538594484329,1.6369133023545146,20053.69871902466,0.0,31.0,0.0,0.0,0.2445238095238096,1.1126451082527637,1.1056272834539413,0.023392760660499334
immediate_advantage_dqn,816,167,99.59222044050694,95.28838731572033,31.838800497353077,67.7534197717905,1.568389599211514,17973.68362045288,0.0,30.0,0.0,0.0,0.24,0.7951975725591183,0.7897627223283052,0.01811614545295015
immediate_advantage_dqn,816,168,91.34980667382479,95.4866091761738,33.50541219115257,57.84439446032047,1.5630688685923815,18687.60749053955,0.0,27.0,0.0,1.0,0.2354761904761905,1.0464676190167665,1.0389968939125538,0.024902411620132625
immediate_advantage_dqn,816,169,105.05494971722365,95.5012906818092,34.2061715349555,70.84877809286118,1.626619428396225,19008.88929748535,0.0,30.0,0.0,2.0,0.23095238095238102,0.9076206814497709,0.901040893048048,0.021932626725174487
immediate_advantage_dqn,816,170,72.55817546844483,93.55441063433886,27.74711252003908,44.811062479019164,1.478840664960444,15938.809650421143,0.0,23.0,0.0,1.0,0.22642857142857142,1.0618766471743584,1.054721238091588,0.02385136263910681
immediate_advantage_dqn,816,171,75.2866313919425,92.42023971475662,28.09703328460455,47.18959806263447,1.459551414474845,15715.260345458984,0.0,23.0,0.0,1.0,0.22190476190476194,1.0524684078991413,1.0455418936908245,0.023088365327566862
immediate_advantage_dqn,816,172,87.08575094640256,91.69385184109213,29.915749743580818,57.170001277327536,1.5527660846710205,17290.587524414062,0.0,26.0,0.0,1.0,0.21738095238095245,1.1397847197949886,1.1328232437372208,0.023204915516544133
immediate_advantage_dqn,816,173,92.9371192097664,91.93447238869967,29.923950165510178,63.01316902935505,1.5723005095496774,17535.66886138916,0.0,28.0,0.0,2.0,0.21285714285714286,0.8655808046460152,0.8594014178961515,0.020597926108166575
immediate_advantage_dqn,816,174,100.92251785993577,92.38112354166807,35.57582424581051,65.34669361412526,1.6165640288963914,19439.098209381104,0.0,29.0,0.0,2.0,0.20833333333333337,0.8765787612646818,0.8697826694697142,0.02265365340281278
immediate_advantage_dqn,816,175,88.55856880545616,91.6198661453277,31.794843964278698,56.76372466981411,1.574610859155655,18193.61153793335,0.0,25.0,0.0,0.0,0.20380952380952377,1.1315311565995216,1.1245420202612877,0.02329709881450981
immediate_advantage_dqn,816,176,84.44039205014705,91.0973305631429,30.830245576798916,53.61014609336853,1.5255836425349116,17347.025630950928,0.0,24.0,0.0,3.0,0.1992857142857143,1.0013104602694511,0.9955700784921646,0.01913461898220703
immediate_advantage_dqn,816,177,87.90592088550329,91.45666783407331,32.55372420698404,55.352196514606476,1.592946195974946,18672.7097530365,0.0,25.0,0.0,0.0,0.1947619047619048,1.007223610766232,0.9996674414724112,0.02518723113462329
immediate_advantage_dqn,816,178,77.09085004776716,90.62977388568223,27.556598380208015,49.53425180912018,1.4874100433662534,16231.122817993164,0.0,25.0,0.0,0.0,0.19023809523809532,1.128429213538766,1.1226763278245926,0.01917628844967112
immediate_advantage_dqn,816,179,88.77195382118225,89.82909589700401,30.05634666979313,58.715607315301895,1.519509975798428,16761.359176635742,0.0,26.0,0.0,0.0,0.18571428571428583,1.05827671661973,1.0495874509215355,0.02896422054618597
immediate_advantage_dqn,816,180,98.27468597143888,90.63871745750308,31.46894233673811,66.80574375391006,1.6172943329438567,18573.69379425049,0.0,27.0,0.0,0.0,0.18119047619047624,1.2109954934567213,1.2042602729052305,0.02245072473306209
immediate_advantage_dqn,816,181,103.67757630646229,90.94391917169095,32.813072361052036,70.86450383365154,1.6271948097273707,18983.004779815674,0.0,31.0,0.0,3.0,0.17666666666666664,1.0920263808220625,1.0827380754053593,0.030961017590016127
immediate_advantage_dqn,816,182,76.48126123398542,89.74228521071375,28.688821636140347,47.79243940412998,1.484538707882166,16303.665412902832,0.0,22.0,0.0,2.0,0.17214285714285715,1.0184660889208317,1.0113796815276146,0.023621328989975154
immediate_advantage_dqn,816,183,94.90306645780802,89.4516580440104,30.539333380758762,64.36373242139817,1.567297383211553,17694.314910888672,0.0,28.0,0.0,1.0,0.16761904761904767,0.9718435984104872,0.9644368551671505,0.024689128273166716
immediate_advantage_dqn,816,184,92.24855373203755,90.11160885579883,32.82020775973797,59.4283455401659,1.5860797176137567,18281.067253112793,0.0,27.0,0.0,1.0,0.16309523809523818,0.9406220205128193,0.9306676220148802,0.03318131866399199
immediate_advantage_dqn,816,185,83.19484443962574,90.10117571234704,30.00678963214159,53.18805539608002,1.5231817662715912,17308.16654586792,0.0,24.0,0.0,0.0,0.1585714285714287,0.9743422670289874,0.9684035126119852,0.01979583880165592
immediate_advantage_dqn,816,186,90.56627880036831,89.5450562129915,30.677396938204765,59.88888210058212,1.5348359141498804,17398.769844055176,0.0,26.0,0.0,0.0,0.1540476190476191,1.0115479920059443,1.0023667309433222,0.030604210565797985
immediate_advantage_dqn,816,187,80.96347420662642,88.61361890129746,30.81808339804411,50.14539049565792,1.543224866501987,17293.263275146484,0.0,23.0,0.0,0.0,0.1495238095238095,1.154085423797369,1.1474674753844738,0.022059853887185454
immediate_advantage_dqn,816,188,83.56152389496565,88.22420476235449,29.039045199751854,54.5224788069725,1.4870644630864263,16276.012321472168,0.0,24.0,0.0,2.0,0.14500000000000002,0.9883473012596369,0.9809051901102066,0.024807005829643458
immediate_advantage_dqn,816,189,86.4988579005003,87.29640017151833,31.410247147083282,55.088609993457794,1.5427302233874798,17745.844285964966,0.0,25.0,0.0,1.0,0.14047619047619053,0.9966776333749294,0.990328848361969,0.021162620570976287
immediate_advantage_dqn,816,190,74.63499821126462,87.40024130865933,29.92963245511055,44.70536577105522,1.5134349018335342,17058.889846801758,0.0,23.0,0.0,2.0,0.13595238095238105,1.0955287404358387,1.086790781468153,0.02912653353996575
immediate_advantage_dqn,816,191,80.09729869663715,87.64077467389406,28.752884924411774,51.34441378712654,1.4952372387051582,16204.774681091309,0.0,23.0,0.0,2.0,0.13142857142857145,0.79104826413095,0.7836335301399231,0.024715806590393186
immediate_advantage_dqn,816,192,83.65613163262606,87.46929370820523,30.471729271113873,53.184402883052826,1.5272702677175403,17323.219604492188,0.0,26.0,0.0,2.0,0.12690476190476196,0.9179815910756588,0.9109652228653431,0.023387893801555037
immediate_advantage_dqn,816,193,73.02724842131138,86.47380016878249,28.575334548950195,44.451913797855376,1.4744410505518317,16103.787162780762,0.0,21.0,0.0,2.0,0.12238095238095237,1.2604081891477108,1.2525914758443832,0.026055747759528458
immediate_advantage_dqn,816,194,80.99023616462947,85.47718608401718,27.241437539458275,53.74879823029041,1.48436791729182,15768.872661590576,0.0,25.0,0.0,1.0,0.11785714285714288,0.9902250356972218,0.9812558814883232,0.02989719097968191
immediate_advantage_dqn,816,195,86.5066215261817,85.37458872005345,30.27744162082672,56.229179644584654,1.5471731731668115,17375.670623779297,0.0,24.0,0.0,1.0,0.1133333333333334,1.1056448202580214,1.0986713394522667,0.023244930896908045
immediate_advantage_dqn,816,196,71.28977371007204,84.7170578030497,27.475538574159145,43.81423509120941,1.489162697456777,15932.178392410278,0.0,23.0,0.0,0.0,0.1088095238095238,1.2062889654189348,1.2001966051757336,0.02030790038406849
immediate_advantage_dqn,816,197,90.15215430557728,84.8293694740534,31.260578222572803,58.891575986146925,1.5624287696555257,17523.70676803589,0.0,26.0,0.0,1.0,0.10428571428571431,1.1288776155561209,1.1216007359325886,0.02425627876073122
immediate_advantage_dqn,816,198,100.6538227647543,86.00751810990275,33.452961936593056,67.20086106657982,1.5816116305068135,18544.41645050049,0.0,29.0,0.0,3.0,0.09976190476190483,0.9251454528421164,0.9179399386048317,0.02401839103549719
immediate_advantage_dqn,816,199,95.44732429087162,86.34128663338723,32.91060899943113,62.53671632707119,1.5824139853939414,18046.389530181885,0.0,29.0,0.0,1.0,0.09523809523809534,0.9140667282044888,0.9062513262033463,0.026051348773762584
immediate_advantage_dqn,816,200,88.59429002553225,85.85726683609188,30.217450737953186,58.37683920562267,1.5454512480646372,17257.370599746704,0.0,27.0,0.0,2.0,0.09071428571428575,1.1913119181990623,1.1831624414771795,0.02716486109420657
immediate_advantage_dqn,816,201,92.23989837616682,85.2853829395771,32.25105994194746,59.98883879184723,1.6137370429933071,18570.053009033203,0.0,27.0,0.0,1.0,0.08619047619047626,0.9837795179337263,0.9760055728256702,0.02591314527671784
immediate_advantage_dqn,816,202,75.92908137440682,85.25777394659818,27.34732224047184,48.58175968527794,1.4774074237793684,15914.082515716553,0.0,24.0,0.0,1.0,0.08166666666666667,1.1524905785918236,1.146257720887661,0.02077619481133297
immediate_advantage_dqn,816,203,80.56379283517599,84.54081026546658,29.00699158012867,51.55680163502693,1.4957517245784402,16457.72396659851,0.0,24.0,0.0,2.0,0.07714285714285718,0.9082615934312344,0.9008651077747345,0.024654954439029098
immediate_advantage_dqn,816,204,78.99698048830032,83.87823160327972,28.459565244615078,50.53741551935673,1.4963943837210536,16289.197452545166,0.0,26.0,0.0,0.0,0.0726190476190477,0.984744131565094,0.97862908244133,0.020383482915349305
immediate_advantage_dqn,816,205,85.4802869424224,83.99250372841955,32.959477581083775,52.520809495449065,1.575701992958784,18395.088047027588,0.0,24.0,0.0,2.0,0.06809523809523821,1.0930312890559435,1.0865433365106583,0.021626546047627926
immediate_advantage_dqn,816,206,79.88636470586061,83.45850802369416,27.453182447701693,52.43318213522434,1.468864900059998,15654.456945419312,0.0,26.0,0.0,0.0,0.06357142857142861,1.0999277606606483,1.0924641620367765,0.024878694908693433
immediate_advantage_dqn,816,207,85.64115501344205,83.69239206403495,31.08683617413044,54.55431870520115,1.613057242706418,18029.56342315674,0.0,24.0,0.0,1.0,0.059047619047619015,1.1747571863234043,1.167257223278284,0.024999895656947047
immediate_advantage_dqn,816,208,71.73706806451082,83.10116927251221,26.170491985976696,45.56657554209232,1.432780122384429,14749.45887374878,0.0,23.0,0.0,0.0,0.05452380952380953,1.0287870224565268,1.0211175363510847,0.025564937677700073
immediate_advantage_dqn,816,209,87.07188664525748,83.12982070975006,30.109082870185375,56.96280344724655,1.5290682604536414,16865.993732452393,0.0,26.0,0.0,3.0,0.050000000000000044,0.8580497559159994,0.8511832449585199,0.022888389590661973
immediate_advantage_dqn,816,210,82.68074664473534,83.5321081314236,30.244359150528908,52.43638730049133,1.533695237711072,17216.2947807312,0.0,23.0,0.0,0.0,0.050000000000000044,0.7085762321949005,0.7007010579109192,0.026250570197589695
immediate_advantage_dqn,816,211,81.50892356038094,83.60268937461078,28.343390993773937,53.16553254425526,1.495704677887261,15777.05883026123,0.0,25.0,0.0,0.0,0.050000000000000044,1.3290145713835955,1.3215669840574265,0.024825296248309314
immediate_advantage_dqn,816,212,70.60550849884748,82.95015821792187,28.825600050389767,41.77990785241127,1.4865628248080611,16121.880920410156,0.0,21.0,0.0,1.0,0.050000000000000044,0.9593148045241833,0.9515532162040472,0.025871918769553304
immediate_advantage_dqn,816,213,85.15420949459076,83.55650627158582,30.010603584349155,55.14360570907593,1.506510179489851,17020.558395385742,0.0,26.0,0.0,1.0,0.050000000000000044,1.2435636352747679,1.235216180793941,0.027824860997498035
immediate_advantage_dqn,816,214,70.22600432634354,83.01829467967153,27.047354124486446,43.1786503881216,1.4552350211888552,14979.9375,0.0,22.0,0.0,1.0,0.050000000000000044,1.030656099319458,1.0221182815730572,0.02845936978701502
immediate_advantage_dqn,816,215,83.55299033522606,82.87061312012375,28.23046274483204,55.32252734452486,1.5036451611667871,16191.184686660767,0.0,23.0,0.0,3.0,0.050000000000000044,0.852908531203866,0.845667514950037,0.02413671964313835
immediate_advantage_dqn,816,216,80.68865719586611,83.34055729441346,31.657309390604496,49.031347596645354,1.565629000775516,17686.912845611572,0.0,23.0,0.0,2.0,0.050000000000000044,0.9134154114872217,0.9025773536413908,0.03612686670385301
immediate_advantage_dqn,816,217,87.2772034406662,83.1968097511679,28.7443929836154,58.53281033039093,1.4684455571696162,15526.1928024292,0.0,27.0,0.0,0.0,0.050000000000000044,1.0115755908191204,1.004337776452303,0.024126030795741826
immediate_advantage_dqn,816,218,94.67711395919324,82.89797431088985,30.838648945093155,63.8384655803442,1.5645999936386943,17429.589515686035,0.0,28.0,0.0,3.0,0.050000000000000044,1.1078152507543564,1.098147151991725,0.03222698671743274
immediate_advantage_dqn,816,219,62.321835681796074,81.24169988043607,26.543046683073044,35.77878920733929,1.444731330499053,15273.202743530273,0.0,19.0,0.0,0.0,0.050000000000000044,0.9571847915649414,0.9505611136555672,0.022078911075368524
immediate_advantage_dqn,816,220,81.96089091897011,80.91002992510796,28.96669688820839,52.99419394135475,1.4857372203841805,15800.39680480957,0.0,25.0,0.0,0.0,0.050000000000000044,0.8591264840215445,0.8499074820429087,0.0307300235144794
immediate_advantage_dqn,816,221,80.28396471738816,80.31223324216903,29.21554632484913,51.0684178262949,1.48603586666286,16247.314548492432,0.0,24.0,0.0,2.0,0.050000000000000044,0.7690839981660247,0.7614945974200964,0.025298009626567364
immediate_advantage_dqn,816,222,68.42115845531225,79.9368370962143,25.403209678828716,43.01794874668121,1.4101747805252671,14190.612087249756,0.0,21.0,0.0,0.0,0.050000000000000044,0.998826902359724,0.9882971756160259,0.03509905654937029
immediate_advantage_dqn,816,223,74.70022735148669,79.64365882202983,28.716586761176586,45.98364003896713,1.462519770488143,16249.644359588623,0.0,21.0,0.0,1.0,0.050000000000000044,0.9425776321440935,0.9353501107543707,0.0240917329210788
immediate_advantage_dqn,816,224,79.80896745026112,79.68425817012789,29.211856201291084,50.59711109995842,1.5020931027829647,16305.331020355225,0.0,23.0,0.0,1.0,0.050000000000000044,0.9573965761810541,0.9483057148754597,0.030302868224680424
immediate_advantage_dqn,816,225,92.99255811423063,80.05987172871829,32.25742208212614,60.73513600230217,1.5596392964944243,17972.64906311035,0.0,27.0,0.0,1.0,0.050000000000000044,1.0149090625345707,1.0086087100207806,0.021001158747822046
immediate_advantage_dqn,816,226,78.88916839808226,80.01001191332938,29.062248945236206,49.8269196242094,1.5035836854949594,16533.485136032104,0.0,23.0,0.0,1.0,0.050000000000000044,1.2100632637739182,1.2032651901245117,0.02266019769012928
immediate_advantage_dqn,816,227,84.07822586894035,79.93186545610429,30.470533668994904,53.60769172310829,1.5354067729786038,17444.43212890625,0.0,26.0,0.0,3.0,0.050000000000000044,1.086275763809681,1.0783128719776869,0.02654297254048288
immediate_advantage_dqn,816,228,84.48552077263594,80.56928809151053,30.5512802824378,53.934240490198135,1.5547124538570642,17207.32976913452,0.0,24.0,0.0,0.0,0.050000000000000044,0.8768247701227665,0.8708948977291584,0.01976622804068029
immediate_advantage_dqn,816,229,79.3900743201375,80.18519747525454,28.313049517571926,51.07702535390854,1.484400219283998,15910.909702301025,0.0,24.0,0.0,0.0,0.050000000000000044,1.1227224618196487,1.1132485195994377,0.03157979983370751
immediate_advantage_dqn,816,230,83.7033563271165,80.2363279593736,28.969644211232662,54.733712220191954,1.5023900819942355,16266.645095825195,0.0,25.0,0.0,1.0,0.050000000000000044,1.047983705997467,1.0414154306054115,0.021894244360737503
immediate_advantage_dqn,816,231,78.40788486748934,80.08127602472902,28.421304918825626,49.98657997846603,1.4919702084735036,16087.80233001709,0.0,23.0,0.0,2.0,0.050000000000000044,1.0248718913644552,1.0171954464167356,0.025588172720745206
immediate_advantage_dqn,816,232,73.16557218283415,80.20927920892836,27.170950070023537,45.99462213516235,1.439322980120778,15065.998733520508,0.0,23.0,0.0,1.0,0.050000000000000044,0.7296623690053821,0.7220094101503491,0.025509865139611065
immediate_advantage_dqn,816,233,89.22358687222004,80.41274807780982,30.088028475642204,59.1355582177639,1.5511269364506006,17078.540451049805,0.0,27.0,0.0,1.0,0.050000000000000044,1.074689831584692,1.0664819218218327,0.02735971682704985
immediate_advantage_dqn,816,234,88.48687373101711,81.3257915480435,30.90325528383255,57.583618342876434,1.551829299889505,17400.401405334473,0.0,26.0,0.0,1.0,0.050000000000000044,1.1385297160595655,1.132251501083374,0.020927384903188795
immediate_advantage_dqn,816,235,78.15950132310391,81.0561170974374,28.411115676164627,49.748385632038115,1.4909192137420177,15962.559558868408,0.0,25.0,0.0,1.0,0.050000000000000044,0.8449167814105749,0.8354648761451244,0.03150631510652602
immediate_advantage_dqn,816,236,91.9307754188776,81.61822300858796,30.608020037412643,61.322754979133606,1.57546132709831,17631.68527984619,0.0,27.0,0.0,1.0,0.050000000000000044,1.021630972623825,1.0159461684525013,0.018949338467791677
immediate_advantage_dqn,816,237,83.26659621298313,81.41769264720381,29.24979094415903,54.016805440187454,1.4956440636888146,16315.326946258545,0.0,24.0,0.0,0.0,0.050000000000000044,1.1080186571925879,1.0971246249973774,0.0363134240033105
immediate_advantage_dqn,816,238,92.10703936219215,81.28918891735375,31.045453369617462,61.06158572435379,1.5753163173794746,17832.03286743164,0.0,28.0,0.0,0.0,0.050000000000000044,1.0069204084575176,1.0000888127833605,0.022771977237425745
immediate_advantage_dqn,816,239,67.42224164307117,81.54420921541751,25.853446014225483,41.56879526376724,1.4239214854314923,14607.583442687988,0.0,22.0,0.0,0.0,0.050000000000000044,1.174934297800064,1.1679771188646555,0.023190592299215496
immediate_advantage_dqn,816,240,102.5780607610941,82.5750677075237,30.5847103074193,71.9933502972126,1.6161480555310845,17950.606819152832,0.0,31.0,0.0,1.0,0.050000000000000044,1.2062773182988167,1.1976000107824802,0.02892430918291211
immediate_advantage_dqn,816,241,72.62759623974561,82.19224928364157,29.44575134664774,43.181845161318776,1.5019674273207784,16409.869625091553,0.0,21.0,0.0,2.0,0.050000000000000044,1.1965460274368525,1.1878632046282291,0.028942750534042716
immediate_advantage_dqn,816,242,81.6574474811554,82.85406373493373,28.49213817715645,53.165309184789656,1.4828581251204014,15867.479007720947,0.0,25.0,0.0,1.0,0.050000000000000044,0.8687018137425184,0.8626599684357643,0.020139455795288086
immediate_advantage_dqn,816,243,87.08704822510481,83.47340477861465,29.63130494952202,57.45574337244034,1.5187614746391773,16418.97982788086,0.0,26.0,0.0,0.0,0.050000000000000044,1.0168961845338345,1.0085335560142994,0.027875466155819595
immediate_advantage_dqn,816,244,93.16889431327581,84.14140112176537,32.268466517329216,60.90042808651924,1.5750912753865123,17933.712371826172,0.0,27.0,0.0,0.0,0.050000000000000044,1.0112790577113628,1.0036366637796164,0.02547463693190366
immediate_advantage_dqn,816,245,72.79347887784243,83.13144715994596,27.700687550008297,45.09279097020626,1.4342842940241098,15290.700033187866,0.0,22.0,0.0,1.0,0.050000000000000044,0.8596837958320975,0.8526057135313749,0.023593591758981347
immediate_advantage_dqn,816,246,80.70777467787266,83.2223774739355,29.036280021071434,51.67149499952793,1.5048014940693974,16093.306470870972,0.0,24.0,0.0,1.0,0.050000000000000044,0.975317276082933,0.9699367480352521,0.017935092153493315
immediate_advantage_dqn,816,247,79.45244019627572,82.99108819030226,28.710100248456,50.74234032034874,1.4800147973001003,16172.723281860352,0.0,25.0,0.0,1.0,0.050000000000000044,0.961102731525898,0.9536441955715418,0.024861758342012763
immediate_advantage_dqn,816,248,87.83964447975158,83.15879437565806,28.619938485324383,59.21970643401146,1.5101707922294736,16342.457515716553,0.0,26.0,0.0,2.0,0.050000000000000044,1.174537536688149,1.1681171543896198,0.021401273901574314
immediate_advantage_dqn,816,249,82.9872357621789,83.33865244776011,27.941246077418327,55.04599003493786,1.5029470110312104,16039.186086654663,0.0,26.0,0.0,1.0,0.050000000000000044,1.2008433267474174,1.1937750857323408,0.02356082748156041
immediate_advantage_dqn,816,250,88.66846864968538,83.58690806388856,31.867951191961765,56.80051714479923,1.575755650177598,17906.11716079712,0.0,26.0,0.0,2.0,0.050000000000000044,1.1296924408525229,1.122510865330696,0.02393860148731619
immediate_advantage_dqn,816,251,80.03901352733374,83.66846449688077,30.343184299767017,49.6958290040493,1.544069484807551,17114.93593597412,0.0,23.0,0.0,0.0,0.050000000000000044,1.232415134087205,1.2254071719944477,0.02335989009588957
immediate_advantage_dqn,816,252,84.19320783019066,84.21984627924859,29.540138490498066,54.65306916832924,1.5397972827777267,17312.156215667725,0.0,27.0,0.0,0.0,0.050000000000000044,1.0912055354565382,1.0846349727362394,0.02190191438421607
immediate_advantage_dqn,816,253,90.15098774433136,84.26621632285416,28.717583760619164,61.43340313434601,1.5087658073753119,16524.959993362427,0.0,27.0,0.0,0.0,0.050000000000000044,1.0718858428299427,1.0637720860540867,0.027045847149565816
immediate_advantage_dqn,816,254,80.96945050805807,83.89034516170622,29.35772480815649,51.61172601282597,1.4924516519531608,16191.72889328003,0.0,25.0,0.0,3.0,0.050000000000000044,1.2417145445942879,1.2308584805577993,0.03618686826666817
immediate_advantage_dqn,816,255,74.08935592621565,83.6868378918618,26.898321397602558,47.19103429764509,1.4408623510971665,14886.178680419922,0.0,23.0,0.0,2.0,0.050000000000000044,1.1396068576723337,1.132671507075429,0.02311780716991052
immediate_advantage_dqn,816,256,89.75277685523034,83.57793796367943,31.27596741914749,58.47680973410606,1.565921414643526,17855.129285812378,0.0,25.0,0.0,1.0,0.050000000000000044,1.1400393210351467,1.132050521671772,0.026629319647327065
immediate_advantage_dqn,816,257,86.35099011957645,83.7321576590091,30.966125920414925,55.384864437580106,1.5370607357472181,16780.436210632324,0.0,25.0,0.0,2.0,0.050000000000000044,1.2121726395562291,1.2018164340406656,0.03452069195918739
immediate_advantage_dqn,816,258,93.32624799013138,83.79311809040607,32.347691193223,60.97855716943741,1.6001627361401916,18627.400146484375,0.0,27.0,0.0,0.0,0.050000000000000044,1.126943128183484,1.119885589927435,0.02352510445052758
immediate_advantage_dqn,816,259,85.85392595231534,84.71470230586827,29.66891124844551,56.18501459956169,1.5196901867166162,16852.290775299072,0.0,26.0,0.0,1.0,0.050000000000000044,1.110935116186738,1.101144788786769,0.032634465605951846
immediate_advantage_dqn,816,260,79.51826610416174,83.56171257302165,27.78916861116886,51.72909715771675,1.4625709000974894,15542.568681716919,0.0,26.0,0.0,2.0,0.050000000000000044,0.9638488441705704,0.9574863370507956,0.021208376856520772
immediate_advantage_dqn,816,261,73.93850965946913,83.62725824400783,28.5681364312768,45.37037313878536,1.4529199004173279,15983.761943817139,0.0,22.0,0.0,1.0,0.050000000000000044,1.1650612596422434,1.1558881998062134,0.03057690872810781
immediate_advantage_dqn,816,262,81.13257239758968,83.60101448982955,30.408878713846207,50.723693668842316,1.5348181976005435,17164.656120300293,0.0,23.0,0.0,0.0,0.050000000000000044,1.1876510083675385,1.1804022938013077,0.024162347661331296
immediate_advantage_dqn,816,263,92.187978759408,83.85606101654471,27.981654681265354,64.20632350444794,1.5062050726264715,16030.182094573975,0.0,28.0,0.0,1.0,0.050000000000000044,1.1395350340753794,1.1326715424656868,0.022878308896906674
immediate_advantage_dqn,816,264,89.95297031253577,83.69526481650772,29.54017812758684,60.41279178261757,1.5050783613696694,16698.277282714844,0.0,26.0,0.0,2.0,0.050000000000000044,1.1413294915109873,1.133547842502594,0.02593880658969283
immediate_advantage_dqn,816,265,90.311941601336,84.57118795268238,29.614924386143684,60.697017937898636,1.519876473583281,16759.37007522583,0.0,29.0,0.0,0.0,0.050000000000000044,1.4756695367395878,1.4675856865942478,0.026946157100610435
immediate_advantage_dqn,816,266,88.37451715171338,84.95452507637442,29.790303364396095,58.58421325087547,1.530167710967362,16911.70580291748,0.0,26.0,0.0,1.0,0.050000000000000044,0.9427189417183399,0.9359156526625156,0.022677627624943852
immediate_advantage_dqn,816,267,87.02272221446037,85.33303917728365,29.153612934052944,57.869108989834785,1.5065882978960872,16579.365844726562,0.0,27.0,0.0,1.0,0.050000000000000044,1.285101491957903,1.2785730678588152,0.021761403768323362
immediate_advantage_dqn,816,268,80.37320060282946,84.95971698343754,28.381359457969666,51.99184086918831,1.4659567959606647,15920.143575668335,0.0,23.0,0.0,0.0,0.050000000000000044,0.9642845541238785,0.9543290445581079,0.03318500122986734
immediate_advantage_dqn,816,269,84.86514055281877,85.05361222296953,28.733052276074886,56.1320876955986,1.5229212008416653,16658.418027877808,0.0,25.0,0.0,2.0,0.050000000000000044,0.9974895231425762,0.9908642023801804,0.02208445325959474
immediate_advantage_dqn,816,270,84.10641546845436,84.82550956390799,29.030230954289436,55.07618482708931,1.5211264062672853,16343.152378082275,0.0,24.0,0.0,2.0,0.050000000000000044,1.1156985647976398,1.1077728774398565,0.026418998138979077
immediate_advantage_dqn,816,271,77.1371691390872,84.68041734449567,27.710378617048264,49.42679072320461,1.4642450250685215,15782.636421203613,0.0,25.0,0.0,1.0,0.050000000000000044,0.867528622969985,0.8606357015669346,0.022976458654738963
immediate_advantage_dqn,816,272,84.79801318049431,84.71065761201085,28.539869233965874,56.25814405083656,1.5014148652553558,16348.756748199463,0.0,26.0,0.0,0.0,0.050000000000000044,1.0931710191071033,1.0838395319879055,0.031104973517358303
immediate_advantage_dqn,816,273,68.60594010353088,83.6334052299708,26.302773721516132,42.303166165947914,1.450429480522871,15203.982412338257,0.0,23.0,0.0,2.0,0.050000000000000044,0.9564527701586485,0.9505170360207558,0.019785749376751482
immediate_advantage_dqn,816,274,69.63770305663347,83.06681785739958,27.00659531354904,42.63110763132572,1.4340232163667679,15234.220260620117,0.0,20.0,0.0,2.0,0.050000000000000044,1.092936278320849,1.0861667627468705,0.022565043647773564
immediate_advantage_dqn,816,275,60.08801242113113,82.36675068214537,25.727635748684406,34.360376650094985,1.4096150174736977,14357.10179901123,0.0,18.0,0.0,1.0,0.050000000000000044,0.8599774464964867,0.8531504366546869,0.022756731777917594
immediate_advantage_dqn,816,276,80.36755853295327,81.89748976603151,29.320929892361164,51.046629363298415,1.4952383991330862,16219.684135437012,0.0,24.0,0.0,1.0,0.050000000000000044,1.2851324807852507,1.2775090709328651,0.02541140909306705
immediate_advantage_dqn,816,277,79.41577232629061,81.55072887636722,27.711332477629185,51.704439997673035,1.4523160178214312,15744.598274230957,0.0,23.0,0.0,0.0,0.050000000000000044,1.0625680815428495,1.0551614593714476,0.024688761215656996
immediate_advantage_dqn,816,278,77.2993930503726,80.74938612937929,27.60378510504961,49.69560742378235,1.485274768434465,16079.240264892578,0.0,24.0,0.0,1.0,0.050000000000000044,1.0488793225958943,1.0411907751113176,0.025628481758758426
immediate_advantage_dqn,816,279,94.97445804029704,81.20541273377837,31.506535947322845,63.467921966314314,1.602051923982799,18193.88384628296,0.0,30.0,0.0,1.0,0.050000000000000044,1.0392007641494274,1.0301639679819345,0.030122634023427963
immediate_advantage_dqn,816,280,87.38933413028717,81.59896613508462,31.56256963312626,55.826764079928395,1.6261802949011326,18670.348567962646,0.0,26.0,0.0,3.0,0.050000000000000044,1.2290861867368221,1.2221521697938442,0.023113322095014155
immediate_advantage_dqn,816,281,77.53182353228331,81.77863182872535,26.57089415937662,50.960929507017134,1.444433256983757,15171.75457572937,0.0,23.0,0.0,1.0,0.050000000000000044,1.3029004596173763,1.294499460607767,0.028003339772112668
immediate_advantage_dqn,816,282,101.97127631306648,82.82056702449918,31.52600321173668,70.44527369737625,1.6199256693944335,18575.227561950684,0.0,30.0,0.0,1.0,0.050000000000000044,1.345096167176962,1.3397949375212193,0.01767075777752325
immediate_advantage_dqn,816,283,90.30836948752403,82.72658656090499,30.592346280813217,59.716022834181786,1.5545193469151855,17404.46410369873,0.0,27.0,0.0,2.0,0.050000000000000044,1.0603701286017895,1.0530876740813255,0.02427484269719571
immediate_advantage_dqn,816,284,78.8178378880024,82.16982993967832,28.416396521031857,50.401440942287444,1.4620593609288335,15732.591930389404,0.0,23.0,0.0,1.0,0.050000000000000044,1.0486169885843992,1.0406305827200413,0.026621388387866318
immediate_advantage_dqn,816,285,85.23314158767462,81.91588993899526,30.332166962325573,54.90097423791885,1.5510874884203076,17335.36196899414,0.0,24.0,0.0,1.0,0.050000000000000044,1.2660308051854372,1.2563726529479027,0.03219382825773209
immediate_advantage_dqn,816,286,79.09390105307102,81.45185913406314,28.196071445941925,50.897829100489616,1.4764535455033183,15839.232872009277,0.0,25.0,0.0,1.0,0.050000000000000044,1.43233229406178,1.424312375485897,0.026733101927675307
immediate_advantage_dqn,816,287,88.14942065626383,81.50819405615331,29.094506181776524,59.05491431057453,1.5505733350291848,17169.41812133789,0.0,27.0,0.0,0.0,0.050000000000000044,1.3154185377061367,1.3083493299782276,0.023564022965729237
immediate_advantage_dqn,816,288,72.96286025941372,81.13767703898252,27.37491250038147,45.58794778883457,1.4397597080096602,14771.581676483154,0.0,22.0,0.0,2.0,0.050000000000000044,0.7569545060396194,0.7479927763342857,0.029872436774894595
immediate_advantage_dqn,816,289,60.8353775665164,79.9361888896674,25.122483789920807,35.71289351582527,1.3900279849767685,14479.720489501953,0.0,18.0,0.0,0.0,0.050000000000000044,0.9769499637186527,0.969662619754672,0.02429115097038448
immediate_advantage_dqn,816,290,94.3270915299654,80.44722269274294,34.058046124875546,60.269045531749725,1.6130025666207075,19027.877250671387,0.0,26.0,0.0,0.0,0.050000000000000044,1.0303307361900806,1.0226628966629505,0.02555948041845113
immediate_advantage_dqn,816,291,85.47255922853947,80.86399219721555,29.87238872051239,55.60016989707947,1.5348642310127616,17007.421447753906,0.0,26.0,0.0,1.0,0.050000000000000044,0.8606701632961631,0.8532696487382054,0.024668389349244535
immediate_advantage_dqn,816,292,73.64756773412228,80.30646992489696,27.547457575798035,46.10011011362076,1.4831962324678898,16006.121593475342,0.0,22.0,0.0,1.0,0.050000000000000044,1.2148539023473859,1.2083365134894848,0.021724592661485076
immediate_advantage_dqn,816,293,94.56480512022972,81.6044131757319,31.019396997988224,63.545408084988594,1.5563013786450028,17625.539505004883,0.0,28.0,0.0,0.0,0.050000000000000044,1.026585386134684,1.019498061388731,0.023624395951628685
immediate_advantage_dqn,816,294,52.64923188984394,80.75498961739243,21.83706934005022,30.812162244319914,1.2948489729315042,12639.126853942871,0.0,19.0,0.0,2.0,0.050000000000000044,1.183875311166048,1.1775794308632612,0.020986245945096016
immediate_advantage_dqn,816,295,75.23539228737354,81.51235861070454,26.662438720464706,48.572953686118126,1.4284313060343266,15133.944568634033,0.0,24.0,0.0,0.0,0.050000000000000044,1.1347624957561493,1.1267008651047945,0.026872052578255534
immediate_advantage_dqn,816,296,83.45421246439219,81.66669130727648,30.65041760355234,52.803795009851456,1.5304297162219882,17513.495449066162,0.0,25.0,0.0,0.0,0.050000000000000044,1.089402323588729,1.0814338773488998,0.026561553589999676
immediate_advantage_dqn,816,297,64.73537961393595,80.93267167165875,24.390100359916687,40.345279306173325,1.3585403738543391,13586.665473937988,0.0,21.0,0.0,0.0,0.050000000000000044,1.1019569095224142,1.095253024250269,0.022346313460730016
immediate_advantage_dqn,816,298,86.62125758826733,81.39876489855348,29.288875430822372,57.33238136768341,1.5169251412153244,16632.394008636475,0.0,27.0,0.0,1.0,0.050000000000000044,1.2850227653980255,1.275780187919736,0.030808594659902155
immediate_advantage_dqn,816,299,98.0218994781375,81.55113697044553,33.044484950602055,64.97741470634938,1.6188274323940277,18665.81467437744,0.0,29.0,0.0,1.0,0.050000000000000044,1.2444967590272427,1.236028416082263,0.028227720176801085
immediate_advantage_dqn,816,300,95.6932339757681,81.96633196271958,31.59045648574829,64.102777415514,1.6200553039088845,18629.851921081543,0.0,28.0,0.0,2.0,0.050000000000000044,1.1095393113791943,1.1030045356601477,0.021782599564176053
immediate_advantage_dqn,816,301,81.07952853441239,82.14371721282603,29.076178148388863,52.0033503562212,1.509047799743712,16403.43761062622,0.0,23.0,0.0,1.0,0.050000000000000044,1.1130057703703642,1.1032422166317701,0.03254519822075963
immediate_advantage_dqn,816,302,94.93254441916943,81.79178061813118,31.568123787641525,63.36442076563835,1.5919287744909525,17880.482654571533,0.0,28.0,0.0,1.0,0.050000000000000044,1.087858583778143,1.079874848946929,0.026612453162670135
immediate_advantage_dqn,816,303,69.72344337403774,80.76253431245686,26.93546513468027,42.78797826170921,1.4319379590451717,15133.170728683472,0.0,22.0,0.0,0.0,0.050000000000000044,1.2401603758335114,1.2330254837870598,0.0237829543184489
immediate_advantage_dqn,816,304,90.25843161344528,81.33456399872901,31.36479601264,58.89363540709019,1.5644624838605523,17837.79224395752,0.0,26.0,0.0,0.0,0.050000000000000044,1.1375401876866817,1.1288242675364017,0.02905305800959468
immediate_advantage_dqn,816,305,73.28828508406878,80.73732117354871,26.60302797704935,46.685257256031036,1.450490415096283,15249.47396850586,0.0,21.0,0.0,0.0,0.050000000000000044,1.3595679998397827,1.353423848748207,0.020480529172345996
immediate_advantage_dqn,816,306,78.43935283273458,80.70459376253187,27.870442874729633,50.5689100921154,1.4723233254626393,15886.69833946228,0.0,22.0,0.0,0.0,0.050000000000000044,1.3158383034169674,1.307436853647232,0.028004829422570765
immediate_advantage_dqn,816,307,81.3095980077982,80.36260263010861,27.129053249955177,54.18054517507553,1.4916962888091803,15669.840534210205,0.0,25.0,0.0,1.0,0.050000000000000044,1.163583341985941,1.157110894098878,0.021574827027507126
immediate_advantage_dqn,816,308,85.56426722705365,80.9926729784906,29.986368529498577,55.57789901793003,1.5223688911646605,16632.694465637207,0.0,26.0,0.0,2.0,0.050000000000000044,1.2574172299355268,1.2486840356141329,0.02911063190549612
immediate_advantage_dqn,816,309,76.1767547518015,81.75974183775486,26.699639163911343,49.47711538672447,1.4464930286630988,14976.695041656494,0.0,23.0,0.0,3.0,0.050000000000000044,1.0537403179332614,1.0472208801656961,0.021731441840529442
immediate_advantage_dqn,816,310,82.34581515341998,81.1606780189276,29.78149465471506,52.56432085633278,1.5350789800286293,16709.41668701172,0.0,24.0,0.0,1.0,0.050000000000000044,1.2770818024873734,1.2700972203165293,0.023281910340301692
immediate_advantage_dqn,816,311,90.61259293556213,81.41767970427873,30.948440745472908,59.66415221989155,1.5621357271447778,17580.337993621826,0.0,28.0,0.0,2.0,0.050000000000000044,1.0694430833682418,1.0627420153468847,0.022336897323839366
immediate_advantage_dqn,816,312,87.45472127199173,82.1080373811722,30.602216958999634,56.85250434279442,1.5694678397849202,17595.410318374634,0.0,27.0,0.0,0.0,0.050000000000000044,1.1788911428302526,1.1705871559679508,0.027679988415911794
immediate_advantage_dqn,816,313,64.27848596870899,80.59372142359615,25.51178679615259,38.766699239611626,1.4117674939334393,14916.44884109497,0.0,19.0,0.0,0.0,0.050000000000000044,1.1261254213750362,1.1208714470267296,0.017513236380182207
immediate_advantage_dqn,816,314,73.64311568886042,81.64341561354698,26.6430591866374,47.00005651712418,1.4313604608178139,15210.688190460205,0.0,22.0,0.0,4.0,0.050000000000000044,0.9924309011548758,0.9858030565083027,0.022092803730629385
immediate_advantage_dqn,816,315,79.46672784686089,81.85498239152135,28.14688279479742,51.319845193624495,1.47528260294348,15815.381258010864,0.0,24.0,0.0,1.0,0.050000000000000044,1.0767477340996265,1.0689475387334824,0.026000673417001963
immediate_advantage_dqn,816,316,77.91820485442877,81.57818201102317,27.580029599368572,50.33817534446716,1.4575669020414352,15617.881175994873,0.0,24.0,0.0,2.0,0.050000000000000044,1.1801952607929707,1.1745797973126173,0.01871818711515516
immediate_advantage_dqn,816,317,83.70798645317555,82.52681235298516,30.894390903413296,52.813595393300055,1.5560401352122426,17501.45220565796,0.0,24.0,0.0,1.0,0.050000000000000044,0.9989346992224455,0.9905077237635851,0.028089941712096334
immediate_advantage_dqn,816,318,98.61378182917834,83.12643856503071,34.529564283788204,64.08421760499478,1.6593176620081067,19454.165691375732,0.0,29.0,0.0,4.0,0.050000000000000044,1.1878540758043528,1.1795372813940048,0.027722626109607518
immediate_advantage_dqn,816,319,82.64418211579323,82.35755269691349,27.08758845925331,55.55659307539463,1.488923347555101,15886.841850280762,0.0,24.0,0.0,0.0,0.050000000000000044,1.2516198568046093,1.2454286478459835,0.020637334790080786
immediate_advantage_dqn,816,320,76.79129634052515,81.41245581515135,28.538868077099323,48.252428352832794,1.4892220329493284,15969.94125366211,0.0,23.0,0.0,0.0,0.050000000000000044,1.1272030975669622,1.1181924976408482,0.030035289586521685
immediate_advantage_dqn,816,321,79.62646842002869,81.33980280943214,28.61336036771536,51.013108268380165,1.5109019940719008,16425.538635253906,0.0,24.0,0.0,0.0,0.050000000000000044,1.3680176008492708,1.3615639004856348,0.021512324456125498
immediate_advantage_dqn,816,322,75.64614821970463,80.37548299945891,26.915878504514694,48.73027002811432,1.4890122823417187,16005.414253234863,0.0,25.0,0.0,0.0,0.050000000000000044,1.2876346334815025,1.2802020385861397,0.024775379803031683
immediate_advantage_dqn,816,323,96.5710508465767,81.71786337308586,32.901034004986286,63.670016729831694,1.6036740122362971,18925.508434295654,0.0,28.0,0.0,1.0,0.050000000000000044,1.0834756549447775,1.0779891423881054,0.018288391700480133
immediate_advantage_dqn,816,324,97.588368588686,82.0843602218479,32.8817523419857,64.70661618709565,1.5867979498580098,18565.545932769775,0.0,29.0,0.0,1.0,0.050000000000000044,0.8504422847181559,0.8434032201766968,0.02346354105975479
immediate_advantage_dqn,816,325,83.08070010095835,82.57398097269238,31.617433711886406,51.463266575336455,1.583743759430945,18406.035429000854,0.0,23.0,0.0,2.0,0.050000000000000044,1.0177010968327522,1.0118011999875307,0.01966629968956113
immediate_advantage_dqn,816,326,91.1254697829485,83.20828682020309,30.933265402913094,60.19220467805862,1.5137175610288978,17338.330154418945,0.0,27.0,0.0,2.0,0.050000000000000044,1.2480831071734428,1.2416783720254898,0.021349152782931924
immediate_advantage_dqn,816,327,87.19598592817783,83.50260621622206,31.080480009317398,56.11550571024418,1.5453393068164587,17676.300588607788,0.0,26.0,0.0,0.0,0.050000000000000044,1.3118704399093986,1.3052673814818263,0.022010189248248935
immediate_advantage_dqn,816,328,96.25739931464196,84.03726282060148,32.20329037308693,64.0541092991829,1.566094002686441,17877.445793151855,0.0,30.0,0.0,1.0,0.050000000000000044,1.3039310034364462,1.2977977115660906,0.02044432086404413
immediate_advantage_dqn,816,329,56.305410861968994,83.04369562610984,24.512362867593765,31.793048158288002,1.3546726368367672,13677.130573272705,0.0,18.0,0.0,1.0,0.050000000000000044,1.054917186498642,1.0478257313370705,0.023638148908503354
immediate_advantage_dqn,816,330,55.90374796539545,81.72159226670863,25.369223654270172,30.534523871541023,1.3757278742268682,14450.349983215332,0.0,19.0,0.0,3.0,0.050000000000000044,1.2206791415810585,1.21455829590559,0.020402814145199955
immediate_advantage_dqn,816,331,75.0921723112464,80.94557123549284,26.940284214913845,48.151888424158095,1.4680610513314605,15628.51901626587,0.0,23.0,0.0,1.0,0.050000000000000044,1.4097819831222296,1.402869900688529,0.02304027456557378
immediate_advantage_dqn,816,332,87.49030401706696,80.9473503727466,29.676778070628643,57.81352596879005,1.5255802674219012,16983.59804534912,0.0,25.0,0.0,3.0,0.050000000000000044,1.1697734780609608,1.1614402011036873,0.027777547831647098
immediate_advantage_dqn,816,333,84.93764286637307,81.98030821762981,29.172183200716972,55.76545991897583,1.5361545952036977,16995.46492767334,0.0,24.0,0.0,1.0,0.050000000000000044,1.061674041673541,1.0565225929021835,0.017171442217659205
immediate_advantage_dqn,816,334,81.6114886328578,82.37872686482967,28.01112050563097,53.60036817193031,1.488412881270051,16289.092706680298,0.0,25.0,0.0,0.0,0.050000000000000044,1.1958089284598827,1.1884342394769192,0.024582259356975555
immediate_advantage_dqn,816,335,74.50615606456995,82.13069827571512,28.316226772964,46.18992906808853,1.4990395531058311,16599.202213287354,0.0,22.0,0.0,0.0,0.050000000000000044,1.2619913257658482,1.2550435177981853,0.023159377626143396
immediate_advantage_dqn,816,336,90.08197627961636,82.7388868469745,29.902471259236336,60.17950528860092,1.546144743449986,17257.952754974365,0.0,27.0,0.0,1.0,0.050000000000000044,1.1133377477526665,1.1063951775431633,0.02314188505988568
immediate_advantage_dqn,816,337,87.18153420984746,82.91256423480809,28.60308286547661,58.578450912237166,1.4793942524120212,16245.054706573486,0.0,27.0,0.0,2.0,0.050000000000000044,1.030727969482541,1.0251183360815048,0.018698758562095463
immediate_advantage_dqn,816,338,85.0749920591712,82.23562474630774,28.88404492288828,56.19094707667828,1.4927882365882397,16057.934104919434,0.0,26.0,0.0,6.0,0.050000000000000044,1.1581024806946516,1.151677856221795,0.02141539449803531
immediate_advantage_dqn,816,339,81.00711062699557,82.15377117186786,27.22082134336233,53.78628903031349,1.4846406560391188,15868.334213256836,0.0,25.0,0.0,1.0,0.050000000000000044,1.033477621152997,1.027038199827075,0.02146472834283486
immediate_advantage_dqn,816,340,73.4752216592431,81.98796743780375,27.26860312372446,46.206618013978,1.4708895282819867,15710.290878295898,0.0,20.0,0.0,2.0,0.050000000000000044,1.1968662310391665,1.1906520053744316,0.02071406680624932
immediate_advantage_dqn,816,341,93.62149529159069,82.68771878138185,31.51209320127964,62.109402269124985,1.6029972294345498,18226.30113220215,0.0,28.0,0.0,1.0,0.050000000000000044,1.150842777453363,1.1450057998299599,0.019456569687463343
immediate_advantage_dqn,816,342,88.18283734619618,83.31455323770643,29.60825677961111,58.57458041012287,1.5276642423123121,16816.741706848145,0.0,26.0,0.0,2.0,0.050000000000000044,1.1777732148766518,1.169976795092225,0.02598811057396233
immediate_advantage_dqn,816,343,58.07676940411329,81.38983916558325,25.09067814797163,32.98609083890915,1.3841209942474961,13897.453170776367,0.0,17.0,0.0,0.0,0.050000000000000044,1.2528223004192114,1.2453729137778282,0.024831304093822837
immediate_advantage_dqn,816,344,77.41357141137124,80.38109930671753,28.779775246977806,48.63379683494568,1.518546805717051,16792.120738983154,0.0,24.0,0.0,2.0,0.050000000000000044,1.033677538856864,1.0281459763646126,0.018438579107169062
immediate_advantage_dqn,816,345,87.60196416825056,80.60716251008213,30.381987638771534,57.21997594833374,1.521389271132648,17258.256504058838,0.0,25.0,0.0,0.0,0.050000000000000044,1.1577650904655457,1.1507706064730883,0.023314961115829647
immediate_advantage_dqn,816,346,92.47974727600813,80.67487638473511,30.499492928385735,61.98025429546833,1.5352882500737906,17247.531356811523,0.0,28.0,0.0,2.0,0.050000000000000044,1.1776714604347944,1.1718113142997026,0.01953388372203335
immediate_advantage_dqn,816,347,87.14932114034892,80.67254314534367,30.99638819694519,56.15293254852295,1.5894897999241948,18204.9483795166,0.0,26.0,0.0,1.0,0.050000000000000044,1.3546436857432127,1.3476191889494658,0.02341490751132369
immediate_advantage_dqn,816,348,91.6290874183178,80.44112755052745,31.04310241341591,60.58598540723324,1.5664617605507374,17735.39892578125,0.0,27.0,0.0,0.0,0.050000000000000044,1.405468262732029,1.399203609675169,0.0208821389824152
immediate_advantage_dqn,816,349,82.59447172284126,81.75558059357107,28.365987978875637,54.22848388552666,1.4644782552495599,15908.124645233154,0.0,26.0,0.0,0.0,0.050000000000000044,1.20652212575078,1.2002098932862282,0.021040790830738842
immediate_advantage_dqn,816,350,87.9983825325966,83.36031232193113,30.65278387069702,57.345598781108855,1.5269468175247312,17523.382011413574,0.0,27.0,0.0,1.0,0.050000000000000044,1.1573330890387297,1.1501061357557774,0.024089835700578988
immediate_advantage_dqn,816,351,90.12027696669102,84.11171755470336,30.51222801208496,59.60804977416992,1.5679799495264888,17191.451488494873,0.0,28.0,0.0,1.0,0.050000000000000044,1.0807217210531235,1.0758552271872759,0.016221612168010324
immediate_advantage_dqn,816,352,85.0052844002843,83.98746657386422,28.958323322236538,56.04696080982685,1.512362307868898,17027.491260528564,0.0,25.0,0.0,2.0,0.050000000000000044,1.112558202818036,1.1048757582902908,0.025608183816075325
immediate_advantage_dqn,816,353,72.34223186969757,83.35769602403046,27.072945594787598,45.269286036491394,1.4522232795134187,15684.77184677124,0.0,21.0,0.0,2.0,0.050000000000000044,1.073252665810287,1.0674896631389856,0.01921005139593035
immediate_advantage_dqn,816,354,87.77440218031407,83.66584170140327,29.473083175718784,58.30131919085979,1.4599346397444606,16171.547454833984,0.0,26.0,0.0,1.0,0.050000000000000044,1.1649258453398943,1.1581971235573292,0.02242909843334928
immediate_advantage_dqn,816,355,87.11131844073535,84.29609982021154,30.486358173191547,56.62496025264263,1.5576381972059608,17202.55439567566,0.0,27.0,0.0,2.0,0.050000000000000044,0.8831693129613996,0.8766732644289732,0.02165349735878408
immediate_advantage_dqn,816,356,48.16529490947723,82.20026575170459,21.217129699885845,26.948165187239645,1.3067963439971209,12399.742576599121,0.0,17.0,0.0,1.0,0.050000000000000044,1.2098097540438175,1.204451110213995,0.01786219689529389
immediate_advantage_dqn,816,357,80.46517729759216,81.86444790609183,27.308624774217606,53.156552881002426,1.4691041959449649,15825.079811096191,0.0,24.0,0.0,2.0,0.050000000000000044,1.469485130161047,1.4631386175751686,0.021154992864467204
immediate_advantage_dqn,816,358,92.46783477962018,82.23409004211427,31.675649359822273,60.79218500256538,1.5903225429356098,18089.996139526367,0.0,28.0,0.0,1.0,0.050000000000000044,1.040722208097577,1.0333170853555202,0.024683704832568765
immediate_advantage_dqn,816,359,85.30163332968951,82.44881617724897,29.610791452229023,55.690841728448866,1.5630938904359937,17607.07867050171,0.0,25.0,0.0,1.0,0.050000000000000044,1.3652719464153051,1.3603254836052656,0.016488245397340506
immediate_advantage_dqn,816,360,76.04125741124153,82.5771179648489,28.11010804772377,47.93114985525608,1.5022355942055583,16153.33403968811,0.0,22.0,0.0,1.0,0.050000000000000044,1.0719780381768942,1.0662266500294209,0.019171249878127128
immediate_advantage_dqn,816,361,77.76522497832775,81.78430444918574,25.816406533122063,51.94881844520569,1.4351820955052972,15019.563678741455,0.0,25.0,0.0,2.0,0.050000000000000044,1.3382134325802326,1.33242941275239,0.019280062580946833
immediate_advantage_dqn,816,362,88.24836196750402,81.78758068025112,31.031310625374317,57.21705120801926,1.5586636364459991,17813.977546691895,0.0,25.0,0.0,0.0,0.050000000000000044,1.1173610696569085,1.1108955889940262,0.02155157655943185
immediate_advantage_dqn,816,363,78.10743200033903,82.7891138100624,27.42895222455263,50.67847982048988,1.4657386280596256,15810.633960723877,0.0,24.0,0.0,2.0,0.050000000000000044,1.127105369232595,1.1211554519832134,0.01983303192537278
immediate_advantage_dqn,816,364,75.62878658771515,82.69987456887961,27.888249784708023,47.740536296367644,1.5240143025293946,16388.45489883423,0.0,22.0,0.0,4.0,0.050000000000000044,1.2938657887279987,1.2879881858825684,0.019592021126300097
immediate_advantage_dqn,816,365,68.87042556256056,81.7632976385951,25.39560940861702,43.474815878272054,1.419172029942274,14382.848268508911,0.0,21.0,0.0,2.0,0.050000000000000044,1.4335945341736078,1.4275663625448942,0.020093947532586753
immediate_advantage_dqn,816,366,74.7235807031393,80.87548930995166,27.273162730038166,47.450417920947075,1.4556286251172423,15644.459651947021,0.0,23.0,0.0,0.0,0.050000000000000044,1.085832979530096,1.0800109673291445,0.019406740728300065
immediate_advantage_dqn,816,367,87.94239375889302,80.91514294087888,27.941089898347855,60.00130417346954,1.5183919463306665,16852.8477973938,0.0,26.0,0.0,3.0,0.050000000000000044,1.0548045299947262,1.04940440133214,0.018000422918703407
immediate_advantage_dqn,816,368,98.10226348489523,81.23880174420773,35.12932671606541,62.972936761379245,1.630521347746253,19761.010814666748,0.0,26.0,0.0,3.0,0.050000000000000044,1.3202765323221684,1.313790064305067,0.021621582040097564
immediate_advantage_dqn,816,369,69.94220515489579,80.60618841581048,25.436855413019657,44.50534995794296,1.4253840669989586,14721.44790649414,0.0,22.0,0.0,3.0,0.050000000000000044,1.0658208318054676,1.0581592377275229,0.02553861355409026
immediate_advantage_dqn,816,370,69.99821076542139,79.70617982745172,25.468699045479298,44.52951182425022,1.4407812571153045,14889.175960540771,0.0,21.0,0.0,0.0,0.050000000000000044,1.091406375169754,1.08580975048244,0.018655417545232922
immediate_advantage_dqn,816,371,97.85435506105424,80.09288373216988,33.06763115525246,64.78672414422036,1.6270858580246568,19175.147926330566,0.0,28.0,0.0,2.0,0.050000000000000044,1.1129512451589108,1.1072646360844374,0.018955335137434304
immediate_advantage_dqn,816,372,91.20182827115059,80.4027109257132,30.88505793362856,60.31677007675171,1.547476234845817,17622.90592956543,0.0,28.0,0.0,0.0,0.050000000000000044,1.1395341828465462,1.1346477940678596,0.016287942766211927
immediate_advantage_dqn,816,373,78.40619784742594,80.70590922459962,28.71842970699072,49.6877684533596,1.5071870926767588,16357.285377502441,0.0,22.0,0.0,1.0,0.050000000000000044,0.9944787248969078,0.9892221130430698,0.017522025213111192
immediate_advantage_dqn,816,374,81.87005516290665,80.41069187372925,27.70028328895569,54.16977124810219,1.4775048401206732,15645.281265258789,0.0,24.0,0.0,2.0,0.050000000000000044,0.9796818867325783,0.9735347870737314,0.02049036242533475
immediate_advantage_dqn,816,375,61.91286651045084,79.15076927721502,24.43528900295496,37.47757798433304,1.379486320540309,14314.514183044434,0.0,20.0,0.0,1.0,0.050000000000000044,1.2055572774261236,1.2006254103034735,0.016439515398815274
immediate_advantage_dqn,816,376,97.07295228540897,81.5961521460116,31.664410397410393,65.40854227542877,1.587793419137597,18113.18062210083,0.0,28.0,0.0,0.0,0.050000000000000044,1.0391894057393074,1.0326199010014534,0.021898362028878182
immediate_advantage_dqn,816,377,67.51727048754692,80.94875680550935,24.7974676117301,42.719802883267405,1.4181163106113672,14305.656173706055,0.0,21.0,0.0,5.0,0.050000000000000044,1.3590436577796936,1.3529504351317883,0.02031075779814273
immediate_advantage_dqn,816,378,91.98087511509657,80.92440882228316,32.434807784855366,59.54606791138649,1.56931122392416,18318.471782684326,0.0,26.0,0.0,2.0,0.050000000000000044,1.190990511327982,1.1856133341789246,0.01792385842418298
immediate_advantage_dqn,816,379,49.82167947590351,79.15041112959385,23.005793303251266,26.815886440873147,1.3543964307755232,13442.802551269531,0.0,16.0,0.0,2.0,0.050000000000000044,1.2087944000959396,1.2020778339356184,0.022388537123333663
immediate_advantage_dqn,816,380,92.54702304303646,79.9756994111836,29.860289551317692,62.686733677983284,1.5755658820271492,17550.158878326416,0.0,27.0,0.0,1.0,0.050000000000000044,0.8537585660815239,0.8460056949406862,0.02584290679078549
immediate_advantage_dqn,816,381,66.35325500369072,79.40510091245173,27.142812088131905,39.21044331789017,1.4643935393542051,15681.460605621338,0.0,20.0,0.0,1.0,0.050000000000000044,1.2720903176814318,1.2673900984227657,0.01566735573578626
immediate_advantage_dqn,816,382,59.9465047121048,77.99000804968179,23.21790263056755,36.728602170944214,1.3942029476165771,13900.868671417236,0.0,20.0,0.0,0.0,0.050000000000000044,1.091135948896408,1.0860951580107212,0.016802597034256905
immediate_advantage_dqn,816,383,80.67083989828825,78.11817844457924,28.482840828597546,52.18799927830696,1.4928640685975552,16196.322023391724,0.0,24.0,0.0,0.0,0.050000000000000044,1.1113918516784906,1.1060103252530098,0.01793842139886692
immediate_advantage_dqn,816,384,73.77391214072705,78.02543472222985,26.6987329646945,47.07517928779125,1.4608951210975647,15441.220817565918,0.0,23.0,0.0,1.0,0.050000000000000044,1.1946797799319029,1.1883372459560633,0.02114179142517969
immediate_advantage_dqn,816,385,69.67585724592209,78.06570630639791,26.162001945078373,43.51385521888733,1.4155747527256608,14850.157318115234,0.0,22.0,0.0,2.0,0.050000000000000044,1.1781535744667053,1.1726068258285522,0.018489141832105815
immediate_advantage_dqn,816,386,57.00326774418354,77.17969065845014,22.73270682245493,34.27056106328964,1.338937715627253,12681.231491088867,0.0,19.0,0.0,1.0,0.050000000000000044,1.4157628174871206,1.4094928596168756,0.02089979557786137
immediate_advantage_dqn,816,387,92.14590961635113,77.38986645132304,30.031929820775986,62.11397966146469,1.5410125479102135,17384.686378479004,0.0,28.0,0.0,1.0,0.050000000000000044,1.1375288516283035,1.133178472518921,0.014501245575957
immediate_advantage_dqn,816,388,69.10528453588486,75.94001750387254,26.329883262515068,42.775401616096495,1.4300618330016732,14815.258441925049,0.0,21.0,0.0,1.0,0.050000000000000044,1.120341407135129,1.1146300379186869,0.01903788320487365
immediate_advantage_dqn,816,389,76.79507796764373,76.28266114450993,27.954440772533417,48.84063747823238,1.4992409842088819,16004.505996704102,0.0,23.0,0.0,3.0,0.050000000000000044,1.1737531702965498,1.166264096274972,0.024963539734017104
immediate_advantage_dqn,816,390,70.58993405252696,76.3122473088652,26.99697222560644,43.59296208024025,1.4434369169175625,15198.929550170898,0.0,22.0,0.0,1.0,0.050000000000000044,1.1554883196949959,1.1503531001508236,0.017117437557317317
immediate_advantage_dqn,816,391,72.49595493078232,75.0443273023516,26.19296980649233,46.30298522114754,1.4210754204541445,14839.944637298584,0.0,23.0,0.0,0.0,0.050000000000000044,1.2852396816015244,1.2792493905872107,0.019967590225860476
immediate_advantage_dqn,816,392,93.33832534849644,75.1511521562189,30.574410684406757,62.763914179801944,1.5480628851801157,17459.79295730591,0.0,27.0,0.0,4.0,0.050000000000000044,1.2139356145635247,1.2083519157022238,0.018612285668496042
immediate_advantage_dqn,816,393,87.55066350847483,75.60837543927133,30.205060966312885,57.345602825284004,1.6149199632927775,18319.088626861572,0.0,26.0,0.0,2.0,0.050000000000000044,1.1792253162711859,1.1737646535038948,0.01820221182424575
immediate_advantage_dqn,816,394,84.67851021885872,75.74879819206893,28.265281535685062,56.41322925686836,1.5017236219719052,16175.168201446533,0.0,25.0,0.0,0.0,0.050000000000000044,1.3253898713737726,1.3176089935004711,0.025936250342056155
immediate_advantage_dqn,816,395,90.84552499055863,77.19543111607433,30.415506944060326,60.43001798689365,1.5336984191089869,17330.405738830566,0.0,27.0,0.0,3.0,0.050000000000000044,1.8600826021283865,1.8544272109866142,0.018851338711101562
immediate_advantage_dqn,816,396,80.83401660770178,76.38348433218898,27.56058494001627,53.27343221902847,1.5111463172361255,16256.010997772217,0.0,24.0,0.0,1.0,0.050000000000000044,1.3211305942386389,1.314960664138198,0.020566411956679076
immediate_advantage_dqn,816,397,95.96701694428921,77.80597165502608,31.166662767529488,64.80035456418992,1.6060686968266964,18482.42351913452,0.0,29.0,0.0,2.0,0.050000000000000044,1.380802944302559,1.3748045153915882,0.01999477279605344
immediate_advantage_dqn,816,398,94.7169638350606,77.9427760910243,32.377626709640026,62.33933711051941,1.655478173866868,19270.284507751465,0.0,29.0,0.0,0.0,0.050000000000000044,1.2254143096506596,1.220216702669859,0.01732532202731818
immediate_advantage_dqn,816,399,74.545957313478,79.17898998290302,26.053479813039303,48.49247787296772,1.4508735295385122,15455.625522613525,0.0,24.0,0.0,1.0,0.050000000000000044,1.2949150428175926,1.2905009649693966,0.014713623386342078
immediate_advantage_dqn,816,400,72.73020692169666,78.18814917683603,27.929790399968624,44.800416335463524,1.5355849657207727,16418.264072418213,0.0,21.0,0.0,3.0,0.050000000000000044,1.1195021737366915,1.1144012343138456,0.01700313197216019
immediate_advantage_dqn,816,401,85.20569955706597,79.13077140450478,27.546513184905052,57.659186178445815,1.500865158624947,15983.09061050415,0.0,27.0,0.0,2.0,0.050000000000000044,1.1716619655489922,1.1663187891244888,0.017810578807257116
immediate_advantage_dqn,816,402,85.57564802467823,80.41222857013346,28.43657324463129,57.139074847102165,1.5070563377812505,16246.1630859375,0.0,26.0,0.0,0.0,0.050000000000000044,1.4193418137729168,1.4135896302759647,0.019173976383171976
immediate_advantage_dqn,816,403,73.23307018131018,80.04034008428455,26.407360516488552,46.82570945620537,1.451946722343564,15078.458065032959,0.0,21.0,0.0,4.0,0.050000000000000044,1.2479464560747147,1.2425858192145824,0.017868786002509296
immediate_advantage_dqn,816,404,85.10966672152281,80.60712781332435,29.926308445632458,55.18335842490196,1.5000999448820949,16910.74607849121,0.0,25.0,0.0,1.0,0.050000000000000044,1.0697567202150822,1.063958391547203,0.01932778296759352
immediate_advantage_dqn,816,405,73.27000252902508,80.7868350774795,27.07211248576641,46.1978896856308,1.4304379038512707,15383.129425048828,0.0,22.0,0.0,0.0,0.050000000000000044,1.1647997051477432,1.1595739386975765,0.017419233510736376
immediate_advantage_dqn,816,406,75.95595227181911,81.73446930386127,26.73428299278021,49.22166907787323,1.460482002235949,15321.880275726318,0.0,23.0,0.0,1.0,0.050000000000000044,1.0683724358677864,1.0637631565332413,0.015364254068117589
immediate_advantage_dqn,816,407,98.4512317121029,82.04973540864886,31.956829577684402,66.49440244734288,1.584801921620965,18183.347663879395,0.0,29.0,0.0,1.0,0.050000000000000044,1.1036413200199604,1.098275439813733,0.017886292014736682
immediate_advantage_dqn,816,408,67.55097480863333,81.97201992228628,25.354252614080906,42.196722224354744,1.4374514259397984,14667.021390914917,0.0,20.0,0.0,0.0,0.050000000000000044,1.1101552620530128,1.10455790348351,0.01865787070710212
immediate_advantage_dqn,816,409,106.35297405719757,83.44991472676398,33.84969098865986,72.50328254699707,1.6212441371753812,19145.379467010498,0.0,32.0,0.0,2.0,0.050000000000000044,1.0079165063798428,1.0017980858683586,0.02039474027696997
immediate_advantage_dqn,816,410,82.1034172564745,84.02558888696134,27.296523973345757,54.80689265727997,1.4444579826667905,15693.859741210938,0.0,27.0,0.0,1.0,0.050000000000000044,1.177626283839345,1.1735409563407302,0.013617681863252074
immediate_advantage_dqn,816,411,69.25524405539036,83.86355334319175,27.467741698026657,41.78750240206718,1.416223811917007,15364.116073608398,0.0,22.0,0.0,2.0,0.050000000000000044,1.2866089921444654,1.280344508588314,0.02088160050334409
immediate_advantage_dqn,816,412,70.22536189854145,82.707905170694,26.790403932332993,43.43495811522007,1.4276552498340607,15348.87098312378,0.0,22.0,0.0,2.0,0.050000000000000044,1.0213189143687487,1.016013616696,0.017684307065792382
immediate_advantage_dqn,816,413,70.90125876665115,81.87543493360282,25.90858705341816,44.992671117186546,1.4442451354116201,15261.577026367188,0.0,23.0,0.0,2.0,0.050000000000000044,1.6407377384603024,1.6337366811931133,0.02333692996762693
immediate_advantage_dqn,816,414,68.00034896731377,81.04152687102557,25.993950620293617,42.00639810860157,1.440860252827406,15687.752967834473,0.0,20.0,0.0,4.0,0.050000000000000044,1.5350296050310135,1.5299136452376842,0.017053134506568313
immediate_advantage_dqn,816,415,73.42701249718667,80.17060124635697,26.827730759978294,46.599281349778174,1.4711836278438568,15333.841236114502,0.0,21.0,0.0,1.0,0.050000000000000044,1.0195859000086784,1.0140295084565878,0.018521314894314855
immediate_advantage_dqn,816,416,92.29948543161154,80.74387468755246,31.178837411105633,61.12064824402332,1.6050419891253114,17975.96858215332,0.0,29.0,0.0,1.0,0.050000000000000044,0.9763815961778164,0.9721072930842638,0.014247672748751938
immediate_advantage_dqn,816,417,74.64630340784788,79.67783901073041,26.841397993266582,47.804905608296394,1.4620043225586414,15410.410663604736,0.0,24.0,0.0,1.0,0.050000000000000044,1.236744588240981,1.2325565218925476,0.013960235984995961
immediate_advantage_dqn,816,418,76.17120369672776,78.75055100381375,27.57460132986307,48.59660224765539,1.4976622629910707,16014.879861831665,0.0,22.0,0.0,1.0,0.050000000000000044,1.330308928154409,1.3223071172833443,0.02667274762643501
immediate_advantage_dqn,816,419,71.73633766174316,78.61007002122702,26.041776664555073,45.69456048309803,1.4283700194209814,14861.25366973877,0.0,24.0,0.0,2.0,0.050000000000000044,1.3460134007036686,1.3416113145649433,0.014673657482489944
immediate_advantage_dqn,816,420,86.48395039141178,79.29775719471277,29.78482259809971,56.699127808213234,1.6511285249143839,18216.78046798706,0.0,25.0,0.0,3.0,0.050000000000000044,1.0191616620868444,1.0117805916815996,0.02460354275535792
immediate_advantage_dqn,816,421,84.09190661460161,79.24206754758954,29.639408610761166,54.45249745249748,1.5406963285058737,16892.108697891235,0.0,26.0,0.0,1.0,0.050000000000000044,1.367608480155468,1.3627664931118488,0.01613998180255294
immediate_advantage_dqn,816,422,73.257866717875,78.62617848224939,26.656932912766933,46.600933223962784,1.5020172959193587,15984.89059829712,0.0,23.0,0.0,1.0,0.050000000000000044,1.088526925072074,1.0829543424770236,0.018575303663965315
immediate_advantage_dqn,816,423,79.22723177373409,78.92588656187057,29.18503238260746,50.04219954013824,1.5302755665034056,17041.36654663086,0.0,24.0,0.0,2.0,0.050000000000000044,1.0912097804248333,1.085813757032156,0.017986724560614675
immediate_advantage_dqn,816,424,80.92798375487328,78.7168024135381,29.309046298265457,51.61893738210201,1.517022080719471,17094.13660812378,0.0,25.0,0.0,2.0,0.050000000000000044,1.0920267514884472,1.0872625522315502,0.015880679828114808
immediate_advantage_dqn,816,425,81.94044289886952,79.15032443203032,28.11162669956684,53.82881639301777,1.505507791414857,16605.447116851807,0.0,25.0,0.0,3.0,0.050000000000000044,0.9857402071356773,0.9812349695712328,0.015017506259027869
immediate_advantage_dqn,816,426,77.54094130545855,79.22957388371229,28.76770243048668,48.77323840558529,1.482862233184278,16256.58101272583,0.0,23.0,0.0,2.0,0.050000000000000044,1.0332526061683893,1.0278807282447815,0.017906270979437977
immediate_advantage_dqn,816,427,83.36717255413532,78.47537092581392,29.97502076625824,53.392151445150375,1.5353427231311798,17272.793647766113,0.0,25.0,0.0,1.0,0.050000000000000044,1.263331077992916,1.2590258345007896,0.014350766083225608
immediate_advantage_dqn,816,428,64.37812896221877,78.3167286334932,25.500869765877724,38.87725962102413,1.389242485165596,14320.834339141846,0.0,20.0,0.0,1.0,0.050000000000000044,1.3780725039541721,1.3731954172253609,0.01625695521943271
immediate_advantage_dqn,816,429,81.56115541309117,77.07713770128788,29.68833300471306,51.872822117805484,1.5260370252653956,17105.19340133667,0.0,24.0,0.0,3.0,0.050000000000000044,0.9350876621901989,0.929731197655201,0.017854909820016474
immediate_advantage_dqn,816,430,75.44700331389905,76.7443170041591,29.00910771638155,46.43789584338665,1.4944180306047201,16442.734771728516,0.0,24.0,0.0,2.0,0.050000000000000044,1.3456154614686966,1.3399973660707474,0.01872706977883354
immediate_advantage_dqn,816,431,80.32693902552128,77.29790175266565,27.701481141149998,52.62545810043812,1.4839882655069232,16015.236267089844,0.0,24.0,0.0,2.0,0.050000000000000044,1.1092429710552096,1.1030506324023008,0.020641121140215546
immediate_advantage_dqn,816,432,82.96135759353638,77.9347015374154,27.33211760222912,55.62923988699913,1.4431473463773727,15634.240844726562,0.0,25.0,0.0,0.0,0.050000000000000044,1.3938488215208054,1.3886266127228737,0.017407312407158315
immediate_advantage_dqn,816,433,69.56746715307236,77.86801195673645,24.099553555250168,45.4679137468338,1.398035448975861,14006.964191436768,0.0,23.0,0.0,1.0,0.050000000000000044,1.5073687620460987,1.5023193173110485,0.016831519664265215
immediate_advantage_dqn,816,434,92.36246675252914,79.08611784599722,32.17752054333687,60.184946328401566,1.5982017740607262,18114.578315734863,0.0,27.0,0.0,1.0,0.050000000000000044,1.0408496968448162,1.0351193342357874,0.019101163663435727
immediate_advantage_dqn,816,435,77.26873944103718,79.27820419318975,27.5039873868227,49.7647516220808,1.4923935178667307,16238.173404693604,0.0,25.0,0.0,1.0,0.050000000000000044,1.440542376600206,1.4362669782713056,0.01425141328945756
immediate_advantage_dqn,816,436,85.4547760874033,78.93596872597934,29.031995356082916,56.422780045866965,1.527200261130929,17059.21242904663,0.0,26.0,0.0,2.0,0.050000000000000044,1.0870592631399632,1.0820975862443447,0.01653888961300254
immediate_advantage_dqn,816,437,70.57277090847492,78.7322921010107,26.580458499491215,43.9923125654459,1.449858233332634,15327.830249786377,0.0,23.0,0.0,0.0,0.050000000000000044,0.9388375133275986,0.9337620129808784,0.016918303910642862
immediate_advantage_dqn,816,438,88.12239747643471,79.32985178999604,29.206044986844063,58.916352742910384,1.5473771030083299,16824.28528404236,0.0,27.0,0.0,2.0,0.050000000000000044,1.2270131688565016,1.2211994137614965,0.019379153673071414
immediate_advantage_dqn,816,439,93.34500129669905,80.41028497174383,32.6272506788373,60.71775107979774,1.6317369798198342,19164.316482543945,0.0,26.0,0.0,1.0,0.050000000000000044,1.1536027528345585,1.147276859730482,0.02108628983842209
immediate_advantage_dqn,816,440,81.56900620162487,80.1645377622545,27.687980256974697,53.8810260117054,1.4790146360173821,16045.924453735352,0.0,24.0,0.0,3.0,0.050000000000000044,1.2420382928103209,1.2368095144629478,0.017429257568437606
immediate_advantage_dqn,816,441,52.11379010677338,78.56563193686308,22.958839565515518,29.154950481653213,1.3352949172258377,13022.876953125,0.0,17.0,0.0,3.0,0.050000000000000044,1.2750240080058575,1.2697786316275597,0.017484623880591244
immediate_advantage_dqn,816,442,92.50650148838758,79.52806367538871,31.089946068823338,61.416555657982826,1.5689203953370452,17692.64155960083,0.0,27.0,0.0,0.0,0.050000000000000044,1.2590308897197247,1.2532695699483156,0.01920447265729308
immediate_advantage_dqn,816,443,98.02656641602516,80.46803040750326,30.43800563365221,67.58856086432934,1.5761479726061225,17509.0824508667,0.0,32.0,0.0,2.0,0.050000000000000044,1.258408846333623,1.252428412437439,0.019934752490371466
immediate_advantage_dqn,816,444,85.43029188513756,80.69314581401646,29.96665757149458,55.463634544610976,1.505042008124292,17048.29079437256,0.0,27.0,0.0,1.0,0.050000000000000044,1.2278806511312723,1.2227378338575363,0.01714272261597216
immediate_advantage_dqn,816,445,72.23545164763928,80.20789625145497,26.166051238775253,46.06940000653267,1.4401350654661655,15237.444869995117,0.0,24.0,0.0,2.0,0.050000000000000044,1.1283120959997177,1.12362015619874,0.01563985424581915
immediate_advantage_dqn,816,446,75.17465851604939,80.08958211198451,26.5455736592412,48.62908465564251,1.4320445284247398,15106.745334625244,0.0,24.0,0.0,1.0,0.050000000000000044,1.0778962392359972,1.0737054869532585,0.013969191873911768
immediate_advantage_dqn,816,447,74.39470061659813,79.64095851510766,27.757588408887386,46.63711303472519,1.4762388374656439,16046.507545471191,0.0,23.0,0.0,0.0,0.050000000000000044,1.1035997532308102,1.097594901919365,0.02001620316877961
immediate_advantage_dqn,816,448,68.77418220192195,79.86076117709281,27.193903379142284,41.58027849495411,1.4254460036754608,15428.890411376953,0.0,21.0,0.0,1.0,0.050000000000000044,1.093338130041957,1.0883149337023497,0.016743972373660654
immediate_advantage_dqn,816,449,74.2853618502617,79.49697149895132,27.70296125113964,46.5824007332325,1.4922206411138177,16045.155654907227,0.0,22.0,0.0,1.0,0.050000000000000044,1.058137908577919,1.0531728640198708,0.01655012951232493
immediate_advantage_dqn,816,450,83.65629015862942,79.90743584118785,28.869364216923714,54.7869261354208,1.531691418029368,16750.598377227783,0.0,25.0,0.0,0.0,0.050000000000000044,1.2803966738283634,1.2748673036694527,0.018431246280670166
immediate_advantage_dqn,816,451,79.9029288470745,79.8862353322655,28.65911903977394,51.2438099861145,1.5440759351477027,16819.17336654663,0.0,23.0,0.0,2.0,0.050000000000000044,1.1123256888240576,1.106419773772359,0.019686394836753607
immediate_advantage_dqn,816,452,65.13474514484406,78.99490470983089,25.098686441779137,40.03605859875679,1.401688490062952,14792.379161834717,0.0,20.0,0.0,1.0,0.050000000000000044,1.124656904488802,1.1201294176280499,0.015091611188836396
immediate_advantage_dqn,816,453,86.02864664793015,79.81796368457377,29.011190995573997,57.017455384135246,1.541292759589851,17474.888118743896,0.0,24.0,0.0,1.0,0.050000000000000044,1.1200674716383219,1.1143447738140821,0.019075625750701874
immediate_advantage_dqn,816,454,92.95400729775429,79.84754071183502,31.496472612023354,61.45753498375416,1.5846889251843095,17834.646759033203,0.0,27.0,0.0,0.0,0.050000000000000044,1.227093948982656,1.2209630208089948,0.02043641934869811
immediate_advantage_dqn,816,455,68.84174179583788,79.42619082957506,24.651287361979485,44.19045502245426,1.4204417122527957,14568.175205230713,0.0,22.0,0.0,4.0,0.050000000000000044,1.3864776734262705,1.3810686711221933,0.018030011735390872
immediate_advantage_dqn,816,456,84.07636858522892,79.35727045446635,29.539218604564667,54.53714953362942,1.5300731621682644,16898.55124092102,0.0,25.0,0.0,0.0,0.050000000000000044,1.3614825401455164,1.3558693546801805,0.018710645847022533
immediate_advantage_dqn,816,457,88.78530770540237,80.26789729431272,30.07618848979473,58.70911882817745,1.5203517554327846,17069.955684661865,0.0,27.0,0.0,0.0,0.050000000000000044,1.2976568602025509,1.2918076291680336,0.019497417495585978
immediate_advantage_dqn,816,458,75.77101893723011,79.65032836735249,27.609143778681755,48.16187547147274,1.5086144879460335,16457.00239753723,0.0,24.0,0.0,2.0,0.050000000000000044,1.2336761578917503,1.2275715619325638,0.020348702848423272
immediate_advantage_dqn,816,459,76.647290417552,78.81544282339514,28.983253434300423,47.66403719186783,1.5002418756484985,16881.260181427002,0.0,24.0,0.0,1.0,0.050000000000000044,1.144748916849494,1.1405682787299156,0.013935502036474645
immediate_advantage_dqn,816,460,82.84753872603179,78.8793694496155,27.649453043937683,55.19808549582958,1.472179346717894,15787.932819366455,0.0,26.0,0.0,2.0,0.050000000000000044,1.1701086685061455,1.1656233258545399,0.014951114659197628
immediate_advantage_dqn,816,461,81.28356562554836,80.33785822555424,28.64176197350025,52.64180347323418,1.5371141089126468,17070.13645362854,0.0,24.0,0.0,0.0,0.050000000000000044,1.0063862055540085,1.001834012567997,0.015173978405073285
immediate_advantage_dqn,816,462,74.33742348998786,79.42940432563425,27.144962780177593,47.192460322380064,1.4584997994825244,15358.831302642822,0.0,24.0,0.0,1.0,0.050000000000000044,1.1313261538743973,1.1267588585615158,0.015224281931295991
immediate_advantage_dqn,816,463,71.65332147479057,78.11074207857253,25.70442957431078,45.94889244437218,1.4526364747434855,15219.047481536865,0.0,23.0,0.0,0.0,0.050000000000000044,1.1851993910968304,1.1806888096034527,0.015035236778203398
immediate_advantage_dqn,816,464,87.67170532047749,78.22281275033951,31.470703817903996,56.20100100338459,1.5491740899160504,17909.773540496826,0.0,26.0,0.0,0.0,0.050000000000000044,1.0289661586284637,1.024079067632556,0.016290271596517414
immediate_advantage_dqn,816,465,48.042287081480026,77.01315452203156,21.394830748438835,26.647456347942352,1.325559701770544,12911.907794952393,0.0,14.0,0.0,1.0,0.050000000000000044,1.1886496655642986,1.1834168583154678,0.01744265668094158
immediate_advantage_dqn,816,466,77.89847510308027,77.14934535138309,29.09073305875063,48.80774210393429,1.494967570528388,16810.05545425415,0.0,25.0,0.0,1.0,0.050000000000000044,1.20640960149467,1.2010653130710125,0.017814226914197206
immediate_advantage_dqn,816,467,86.76775467693805,77.76799805440008,29.89242486655712,56.87532998919487,1.5169846639037132,17032.285373687744,0.0,25.0,0.0,4.0,0.050000000000000044,1.1635718271136284,1.1595386192202568,0.013443989388179034
immediate_advantage_dqn,816,468,94.56908053457737,79.05774297103285,32.6956806704402,61.873399946093556,1.6044487664476037,18894.958984375,0.0,29.0,0.0,2.0,0.050000000000000044,1.0944791454821825,1.088953472673893,0.018418886174913496
immediate_advantage_dqn,816,469,72.33490611612797,78.96022018432618,27.452983900904655,44.88192182779312,1.4788262397050858,16028.009937286377,0.0,22.0,0.0,1.0,0.050000000000000044,1.254732532426715,1.2506539952009916,0.013595087628345937
immediate_advantage_dqn,816,470,74.96477811783552,78.52564458228646,27.089008629322052,47.87576910853386,1.4524187529459596,15617.524829864502,0.0,23.0,0.0,1.0,0.050000000000000044,1.2531681302934885,1.2468255581334233,0.021141886070836335
immediate_advantage_dqn,816,471,92.17422615736723,79.13920944780111,30.891646184027195,61.28257995843887,1.6178010320290923,18149.12540245056,0.0,27.0,0.0,1.0,0.050000000000000044,1.0897492691874504,1.0846773963421583,0.01690622279420495
immediate_advantage_dqn,816,472,69.39259704649449,79.35210204288363,25.84635901451111,43.54623795747757,1.423387193121016,14972.660675048828,0.0,20.0,0.0,3.0,0.050000000000000044,1.1122788861393929,1.1075332686305046,0.015818725107237697
immediate_advantage_dqn,816,473,83.17939478158951,79.2096394495666,28.309072956442833,54.87032203376293,1.5000953497365117,16090.671112060547,0.0,25.0,0.0,1.0,0.050000000000000044,1.0613356549292803,1.0563170202076435,0.016728761431295425
immediate_advantage_dqn,816,474,77.043865570426,78.4141323632002,26.57819001376629,50.46567585468292,1.470157572068274,15504.673969268799,0.0,23.0,0.0,1.0,0.050000000000000044,1.227344173938036,1.2225912380963564,0.01584314287174493
immediate_advantage_dqn,816,475,83.79292240738869,79.16169139377773,27.476663827896118,56.31625837087631,1.4735141349956393,15947.084144592285,0.0,24.0,0.0,1.0,0.050000000000000044,1.0582979395985603,1.054054381325841,0.014145216613542289
immediate_advantage_dqn,816,476,89.24298175424337,79.42002205222846,29.425202660262585,59.81777936220169,1.5395606830716133,17085.166149139404,0.0,25.0,0.0,2.0,0.050000000000000044,1.0746052004396915,1.0689622703939676,0.018809820350725204
immediate_advantage_dqn,816,477,84.0508371680975,79.18329852536321,28.604079335927963,55.446757012605666,1.5128692174330354,16592.014499664307,0.0,25.0,0.0,2.0,0.050000000000000044,1.292405340820551,1.287972841411829,0.014775009942241013
immediate_advantage_dqn,816,478,80.84989647567272,79.43724240228534,29.252672851085663,51.597223192453384,1.5324676726013422,17067.156925201416,0.0,23.0,0.0,0.0,0.050000000000000044,1.350354764610529,1.3454164937138557,0.01646093325689435
immediate_advantage_dqn,816,479,79.31129321455956,79.57044254213572,27.209827482700348,52.101465076208115,1.483472471125424,16041.053382873535,0.0,23.0,0.0,0.0,0.050000000000000044,1.0027388967573643,0.9964084699749947,0.021101386984810233
immediate_advantage_dqn,816,480,73.54386180490255,79.10525869607925,26.545327238738537,46.99853432774544,1.461038000881672,15486.569137573242,0.0,23.0,0.0,4.0,0.050000000000000044,1.19345261156559,1.1891820207238197,0.014235294831451029
immediate_advantage_dqn,816,481,71.39093664288521,78.6106272469461,25.51496270298958,45.87597435712814,1.4643276296555996,15388.779968261719,0.0,22.0,0.0,0.0,0.050000000000000044,1.0889622140675783,1.0841484107077122,0.016046051459852606
immediate_advantage_dqn,816,482,77.29328184723855,78.75842016480863,26.279211439192295,51.014070177078246,1.4226562632247806,15015.996192932129,0.0,25.0,0.0,1.0,0.050000000000000044,1.1727634593844414,1.1678099296987057,0.01651180919725448
immediate_advantage_dqn,816,483,65.99227564930916,78.47536787353457,25.60326273739338,40.38901244997978,1.3985435590147972,14689.108436584473,0.0,21.0,0.0,3.0,0.050000000000000044,1.2708693444728851,1.2657941598445177,0.016917316359467804
immediate_advantage_dqn,816,484,84.3590198174119,78.3097335983813,28.617132656276226,55.74188660979271,1.5629197526723146,17264.807804107666,0.0,23.0,0.0,2.0,0.050000000000000044,1.399905839934945,1.3960333541035652,0.012908295204397291
immediate_advantage_dqn,816,485,75.5589152276516,79.68556500568988,27.595114059746265,47.96380151808262,1.4648578353226185,15706.182723999023,0.0,23.0,0.0,0.0,0.050000000000000044,1.3356761932373047,1.329470593482256,0.020685383933596313
immediate_advantage_dqn,816,486,85.23906131982804,80.05259431652726,29.712783314287663,55.52627802789211,1.5481345290318131,17047.19108581543,0.0,26.0,0.0,1.0,0.050000000000000044,1.0599057096987963,1.0551839135587215,0.015739306050818413
immediate_advantage_dqn,816,487,79.73533675819635,79.70097342059017,26.667255997657776,53.06808030605316,1.4810972893610597,15680.231803894043,0.0,24.0,0.0,1.0,0.050000000000000044,1.420487817376852,1.4160708896815777,0.014723032829351723
immediate_advantage_dqn,816,488,73.77836884558201,78.66143783614041,25.767703913152218,48.010664358735085,1.438081412576139,14998.320007324219,0.0,24.0,0.0,0.0,0.050000000000000044,1.6342043541371822,1.629233729094267,0.016568796068895608
immediate_advantage_dqn,816,489,85.85154364407063,79.33726971253753,28.84834971278906,57.00319349169731,1.5071539916098118,16478.05922317505,0.0,24.0,0.0,1.0,0.050000000000000044,1.3751343116164207,1.3695510234683752,0.018610979488585144
immediate_advantage_dqn,816,490,81.59088565558196,79.66857508942486,27.294758699834347,54.296126985549925,1.4679576642811298,15764.864761352539,0.0,25.0,0.0,2.0,0.050000000000000044,1.2694308403879404,1.2649760469794273,0.014849341416265815
immediate_advantage_dqn,816,491,82.55569048970938,79.18764830604196,26.92982703447342,55.625863149762154,1.5381659865379333,16348.127296447754,0.0,26.0,0.0,1.0,0.050000000000000044,1.2423385009169579,1.2380507681518793,0.01429246662883088
immediate_advantage_dqn,816,492,70.95848696678877,79.26594280205668,27.051978893578053,43.906507804989815,1.449517305009067,15558.72481918335,0.0,22.0,0.0,1.0,0.050000000000000044,1.0361511372029781,1.0311336517333984,0.016724987712223083
immediate_advantage_dqn,816,493,68.9685611948371,78.55540112271906,25.980227082967758,42.98833404481411,1.4496946139261127,15169.474674224854,0.0,23.0,0.0,0.0,0.050000000000000044,1.0209994101896882,1.0166328102350235,0.014555334637407213
immediate_advantage_dqn,816,494,80.1922236993909,78.7128190291673,29.16693225502968,51.0252916008234,1.50862633343786,16569.555545806885,0.0,24.0,0.0,1.0,0.050000000000000044,1.2060025054961443,1.2010336816310883,0.01656277838628739
immediate_advantage_dqn,816,495,78.8422454893589,78.46528518326582,28.732858508825302,50.10938736796379,1.4977512611076236,16382.614517211914,0.0,24.0,0.0,1.0,0.050000000000000044,1.321268793195486,1.3153002373874187,0.019895206845831126
immediate_advantage_dqn,816,496,74.1242699712515,77.70934959411622,26.54314424097538,47.58112561106682,1.444428258575499,15385.419799804688,0.0,22.0,0.0,3.0,0.050000000000000044,1.3184672072529793,1.3142699468880892,0.013990914390888065
immediate_advantage_dqn,816,497,58.17717317044735,76.41566639423371,24.86060519516468,33.316567960381505,1.392194975167513,14210.672550201416,0.0,17.0,0.0,2.0,0.050000000000000044,1.0985972080379725,1.0941397976130247,0.014858027338050306
immediate_advantage_dqn,816,498,86.71026516705751,76.70868482880294,29.150989793241024,57.55927532911301,1.5233839051797986,16874.34823989868,0.0,26.0,0.0,0.0,0.050000000000000044,1.132353238761425,1.12666055560112,0.018975636805407703
immediate_advantage_dqn,816,499,87.8074152559042,77.13349093087018,30.238891258835793,57.568523892760275,1.5185456415638328,16845.396938323975,0.0,26.0,0.0,1.0,0.050000000000000044,1.5081377942115068,1.5036499183624983,0.014959540159907192
immediate_advantage_dqn,816,500,80.34169505536556,77.47338259339332,26.6391032487154,53.702591478824615,1.5013393918052316,15874.618728637695,0.0,23.0,0.0,1.0,0.050000000000000044,1.316912142559886,1.311594257131219,0.017726281541399658
immediate_advantage_dqn,816,501,76.86921002268791,77.74729626238346,26.486948162317276,50.382261741161344,1.4683509664610028,15446.483047485352,0.0,25.0,0.0,3.0,0.050000000000000044,1.3916552364826202,1.3863662388175726,0.017630044487304986
immediate_advantage_dqn,816,502,64.4277939721942,77.10402186863124,24.35101717710495,40.07677684724331,1.401721553876996,14222.817596435547,0.0,20.0,0.0,0.0,0.050000000000000044,1.2424737196415663,1.2374099418520927,0.0168792373733595
immediate_advantage_dqn,816,503,80.39361885488033,77.82408902890981,28.205884493887424,52.18773395121097,1.4835046976804733,15938.924007415771,0.0,24.0,0.0,2.0,0.050000000000000044,1.2871848046779633,1.2823860961943865,0.015995648922398686
immediate_advantage_dqn,816,504,85.00647374242544,77.85646172516047,29.767795898020267,55.238677844405174,1.5282590398564935,17236.432949066162,0.0,25.0,0.0,0.0,0.050000000000000044,0.9931593891233206,0.9886702485382557,0.014963777910452336
immediate_advantage_dqn,816,505,74.5161711961031,77.80432452358306,26.54261215031147,47.97355952262878,1.4603903777897358,15851.085201263428,0.0,21.0,0.0,1.0,0.050000000000000044,1.4328063055872917,1.4275950007140636,0.01737102185143158
immediate_advantage_dqn,816,506,99.2570300936699,78.50522296227516,32.423378467559814,66.83365213274956,1.6032309560105205,18874.860956192017,0.0,29.0,0.0,3.0,0.050000000000000044,1.2628158647567034,1.2588365655392408,0.013264306413475424
immediate_advantage_dqn,816,507,72.77974765896798,78.15744350731374,26.824765987694263,45.95498205125332,1.4388729818165302,15422.962413787842,0.0,22.0,0.0,1.0,0.050000000000000044,1.1967443097382784,1.1909377872943878,0.01935505011351779
immediate_advantage_dqn,816,508,78.39234493076802,78.38814231157305,28.59631162136793,49.79603345096111,1.4666321892291307,15960.273094177246,0.0,23.0,0.0,1.0,0.050000000000000044,1.267436258494854,1.2629591263830662,0.014923761016689241
immediate_advantage_dqn,816,509,74.07546389997006,77.79933832436802,26.919351890683174,47.15611175596714,1.428567792288959,15509.096702575684,0.0,23.0,0.0,1.0,0.050000000000000044,1.390044067054987,1.3857727143913507,0.014237830589991063
immediate_advantage_dqn,816,510,76.34762575775385,77.53717532947661,25.648556895554066,50.69906911551952,1.4405905678868294,15118.68272781372,0.0,24.0,0.0,4.0,0.050000000000000044,1.3832147531211376,1.379466786980629,0.012493213871493936
immediate_advantage_dqn,816,511,49.934174716472626,75.90609954081478,21.614704929292202,28.319469779729843,1.3304251777008176,12854.410652160645,0.0,16.0,0.0,0.0,0.050000000000000044,1.18651083111763,1.1822507325559855,0.014200305216945708
immediate_advantage_dqn,816,512,85.52294475734234,76.63432243034245,27.026843830943108,58.49610052406788,1.5134218912571669,16268.292266845703,0.0,28.0,0.0,1.0,0.050000000000000044,1.2390622105449438,1.2350765485316515,0.013285523455124348
immediate_advantage_dqn,816,513,67.85382665991783,76.57858570359647,24.47845107316971,43.375375765562055,1.3983712019398808,14302.529968261719,0.0,21.0,0.0,2.0,0.050000000000000044,1.1787449270486832,1.1742424704134464,0.015008191228844225
immediate_advantage_dqn,816,514,83.65838851928712,76.75189394459129,28.04949475079775,55.608893716335295,1.5099620642140508,16651.501289367676,0.0,26.0,0.0,1.0,0.050000000000000044,0.9930413421243429,0.9880134798586369,0.016759544843807817
immediate_advantage_dqn,816,515,80.17097650766372,76.81833049550653,27.02218721807003,53.14878903627395,1.4800907941535115,16216.306339263916,0.0,25.0,0.0,3.0,0.050000000000000044,1.2611455861479044,1.256907682865858,0.014126312104053795
immediate_advantage_dqn,816,516,92.13049135357141,77.71864156462252,30.74150910973549,61.38898250460625,1.543169247917831,17237.896043777466,0.0,29.0,0.0,0.0,0.050000000000000044,1.398016307502985,1.3933188486844301,0.015658207004889846
immediate_advantage_dqn,816,517,83.85655058920383,79.00261043556034,27.564991906285286,56.291558653116226,1.4981952458620071,16239.444734573364,0.0,26.0,0.0,2.0,0.050000000000000044,1.2170732878148556,1.2129719406366348,0.013671172666363418
immediate_advantage_dqn,816,518,83.3858413413167,78.8363892442733,28.474286280572414,54.91155498623848,1.504459336400032,16225.812511444092,0.0,26.0,0.0,2.0,0.050000000000000044,1.1226801425218582,1.1170242577791214,0.01885296357795596
immediate_advantage_dqn,816,519,86.07411912977696,78.74972443796696,30.949307665228844,55.124811524152754,1.5676525421440601,17954.095733642578,0.0,26.0,0.0,2.0,0.050000000000000044,1.1426991615444422,1.1380263902246952,0.015575906727463007
immediate_advantage_dqn,816,520,99.1330377086997,79.68929157063367,32.35838533192873,66.77465237677097,1.5650210324674845,18394.56951522827,0.0,30.0,0.0,0.0,0.050000000000000044,1.0160702373832464,1.012661423534155,0.011362658231519163
immediate_advantage_dqn,816,521,89.32593452334405,80.31212779566647,27.56045812368393,61.76547639966011,1.5042448621243238,16333.053722381592,0.0,28.0,0.0,3.0,0.050000000000000044,1.2720281668007374,1.2674208227545023,0.015357820724602789
immediate_advantage_dqn,816,522,83.79275259673595,81.28037572689355,29.260152973234653,54.53259961605072,1.5469584548845887,17378.401638031006,0.0,26.0,0.0,4.0,0.050000000000000044,1.3233429193496704,1.3188386261463165,0.015014285338111222
immediate_advantage_dqn,816,523,83.58338559418917,81.43986406385899,27.379225507378578,56.2041600048542,1.4801846891641617,15772.657707214355,0.0,26.0,0.0,0.0,0.050000000000000044,1.1139073185622692,1.109286792576313,0.015401774318888783
immediate_advantage_dqn,816,524,87.04176720380784,81.54162873692812,28.6577657610178,58.38400190472603,1.515795525163412,16771.47910308838,0.0,26.0,0.0,2.0,0.050000000000000044,1.248724214732647,1.24407097697258,0.015510782541241497
immediate_advantage_dqn,816,525,72.60172867178917,81.44590661071241,28.323575139045715,44.2781541287899,1.4919311264529824,16527.852001190186,0.0,22.0,0.0,1.0,0.050000000000000044,1.5610055662691593,1.556561853736639,0.01481238316046074
immediate_advantage_dqn,816,526,86.36435087174178,80.80127264961602,30.19648679345846,56.167864167690276,1.492279663681984,16939.855569839478,0.0,25.0,0.0,2.0,0.050000000000000044,1.149668088182807,1.1451204270124435,0.015158831374719739
immediate_advantage_dqn,816,527,79.14573264122009,81.11957189872862,28.635399736464024,50.510332614183426,1.4936202429234982,16569.183799743652,0.0,26.0,0.0,0.0,0.050000000000000044,1.2296536359936,1.2253423929214478,0.014370790973771363
immediate_advantage_dqn,816,528,85.13800925165415,81.45685511477294,29.01241848617792,56.125591376423834,1.5334220500662923,16823.70700454712,0.0,25.0,0.0,2.0,0.050000000000000044,1.1874285247176886,1.1828841473907232,0.015147935540881008
immediate_advantage_dqn,816,529,69.3824795037508,81.22220589496196,24.190125644207,45.192354053258896,1.40805035084486,14297.884601593018,0.0,24.0,0.0,2.0,0.050000000000000044,1.5231595635414124,1.5181085541844368,0.01683671138016507
immediate_advantage_dqn,816,530,84.40117394924164,81.62488330453635,28.430050000548363,55.97112374007702,1.5177389541640878,16797.44216156006,0.0,27.0,0.0,1.0,0.050000000000000044,1.2311940779909492,1.2264139335602522,0.015933807066176087
immediate_advantage_dqn,816,531,67.71016944348813,82.51368304088712,25.00051374733448,42.709655874967574,1.3990932404994965,14328.16843032837,0.0,22.0,0.0,3.0,0.050000000000000044,1.2518578805029392,1.2479770220816135,0.012936137791257352
immediate_advantage_dqn,816,532,73.34336500018836,81.90470405302942,27.258678950369358,46.084686109423636,1.464914376847446,16099.93862915039,0.0,22.0,0.0,1.0,0.050000000000000044,0.9799416624009609,0.9764318317174911,0.011699416500050575
immediate_advantage_dqn,816,533,83.16965195536613,82.67049531780184,28.932612411677837,54.23703947663307,1.527186932042241,17064.079753875732,0.0,24.0,0.0,0.0,0.050000000000000044,1.0032115168869495,0.998094953596592,0.01705522369593382
immediate_advantage_dqn,816,534,74.3647123798728,82.20581151083113,27.405058853328228,46.959653690457344,1.4788522645831108,15919.229949951172,0.0,22.0,0.0,0.0,0.050000000000000044,1.3886384684592485,1.384367674589157,0.014235947513952851
immediate_advantage_dqn,816,535,91.91042948067188,82.79278415948153,31.485555097460747,60.424874174594876,1.6302608270198107,18693.61946105957,0.0,27.0,0.0,2.0,0.050000000000000044,1.357024235650897,1.3531544767320156,0.012899196590296924
immediate_advantage_dqn,816,536,70.6316380828619,81.71784149594605,27.30494175851345,43.32669651806354,1.4563673185184598,16031.121910095215,0.0,20.0,0.0,2.0,0.050000000000000044,1.51036879979074,1.505542566999793,0.016087453812360764
immediate_advantage_dqn,816,537,63.80847567617893,80.7154377502948,24.89652033150196,38.91195534467697,1.3903833227232099,14499.589393615723,0.0,18.0,0.0,2.0,0.050000000000000044,0.7858815863728523,0.7813533525913954,0.015094086644239724
immediate_advantage_dqn,816,538,88.58526655435563,80.97540901094675,28.501038290560246,60.084228628873824,1.5063491817563772,16427.142572402954,0.0,26.0,0.0,1.0,0.050000000000000044,0.9566300921142101,0.9517985191196203,0.016105263028293848
immediate_advantage_dqn,816,539,83.57245921492577,80.8503260152042,29.864387929439545,53.70807138979435,1.5445517022162676,17400.109745025635,0.0,24.0,0.0,3.0,0.050000000000000044,1.2994867619127035,1.294284163042903,0.017341976054012775
immediate_advantage_dqn,816,540,68.04195968061686,79.29577211380006,25.484051130712032,42.55790838599205,1.4110257681459188,14931.904880523682,0.0,21.0,0.0,1.0,0.050000000000000044,1.1888739224523306,1.1834625639021397,0.01803784165531397
immediate_advantage_dqn,816,541,88.59794612526893,79.25937269389631,29.42214784026146,59.17579861283302,1.5215385621413589,17116.290702819824,0.0,27.0,0.0,3.0,0.050000000000000044,1.3525271899998188,1.348355881869793,0.013904337072744966
immediate_advantage_dqn,816,542,77.04020460695028,78.92174529440702,27.201992116868496,49.838212832808495,1.4964645309373736,15702.011825561523,0.0,23.0,0.0,1.0,0.050000000000000044,0.9720035195350647,0.966920780017972,0.01694247027626261
immediate_advantage_dqn,816,543,97.13827388882638,79.59948970913888,30.956740863621235,66.18153376281262,1.5732669541612267,17837.51930999756,0.0,30.0,0.0,1.0,0.050000000000000044,0.784018193371594,0.7791741359978914,0.016146867186762393
immediate_advantage_dqn,816,544,57.367749127745626,78.11578880533577,22.50088234245777,34.8668666511774,1.3564381953328848,13309.906044006348,0.0,19.0,0.0,4.0,0.050000000000000044,1.342342782765627,1.3370852917432785,0.017524970811791718
immediate_advantage_dqn,816,545,83.73398061841726,78.67240140266718,29.22013932466507,54.513841569423676,1.5340812094509602,17094.321228027344,0.0,25.0,0.0,1.0,0.050000000000000044,1.12080311588943,1.116345103830099,0.014860040450002998
immediate_advantage_dqn,816,546,87.73577289581299,78.74097250387072,29.131972700357437,58.6038000613451,1.544391273520887,16857.512413024902,0.0,25.0,0.0,3.0,0.050000000000000044,1.231896210461855,1.2280373610556126,0.01286282588262111
immediate_advantage_dqn,816,547,69.90771966427565,78.2790718550235,26.44476491212845,43.46295444667339,1.4336918964982033,14958.759246826172,0.0,22.0,0.0,1.0,0.050000000000000044,1.1272740699350834,1.1221747994422913,0.016997566912323236
immediate_advantage_dqn,816,548,72.92097832560539,77.66822030872106,28.01971412450075,44.901264774799344,1.4796495288610458,15926.98070526123,0.0,22.0,0.0,3.0,0.050000000000000044,1.3695105146616697,1.364793486893177,0.015723442775197327
immediate_advantage_dqn,816,549,72.45302227288485,77.82174744717777,25.411177448928356,47.041845017671584,1.4642527382820845,15350.91987991333,0.0,21.0,0.0,2.0,0.050000000000000044,1.1868259496986866,1.181902453303337,0.016411612799856812
immediate_advantage_dqn,816,550,81.97534641027451,77.70045607022942,28.071261659264565,53.90408515334129,1.5024621970951557,16437.607524871826,0.0,25.0,0.0,4.0,0.050000000000000044,1.1284089349210262,1.1239568889141083,0.014840198447927833
immediate_advantage_dqn,816,551,93.21180261820555,78.97553772896529,31.33411657065153,61.877686047554015,1.6038507148623466,18080.58617401123,0.0,27.0,0.0,2.0,0.050000000000000044,1.1307324320077896,1.1259564869105816,0.015919809811748564
immediate_advantage_dqn,816,552,70.2067076727748,78.81870486259461,25.477332584559917,44.72937529683113,1.4154434306547046,14827.65658569336,0.0,22.0,0.0,3.0,0.050000000000000044,1.2761008888483047,1.2727739345282316,0.01108977326657623
immediate_advantage_dqn,816,553,69.46199803501368,78.13332216657699,25.601805351674557,43.86019277274609,1.42419492918998,15102.733531951904,0.0,20.0,0.0,3.0,0.050000000000000044,1.2990755923092365,1.2944270428270102,0.015495207160711288
immediate_advantage_dqn,816,554,83.01926159858704,78.5660496275127,29.01848753541708,54.000773921608925,1.4925845200195909,16834.698051452637,0.0,26.0,0.0,2.0,0.050000000000000044,1.369411401450634,1.3638997096568346,0.01837226573843509
immediate_advantage_dqn,816,555,72.99974015653133,77.62051516130568,26.045107789337635,46.95463232994079,1.4326017461717129,14852.02465057373,0.0,22.0,0.0,2.0,0.050000000000000044,1.210542045533657,1.2050307001918554,0.01837114681256935
immediate_advantage_dqn,816,556,75.74608896970749,77.87623770564795,26.155647575855255,49.59044149816036,1.4504300588741899,15242.189529418945,0.0,22.0,0.0,2.0,0.050000000000000044,1.3913105688989162,1.387363601475954,0.013156547269318253
immediate_advantage_dqn,816,557,68.65283397138118,78.11845562040806,27.057299718260765,41.59553462564945,1.4426508164033294,15447.735229492188,0.0,21.0,0.0,3.0,0.050000000000000044,1.180356740951538,1.1757725737988949,0.015280578925739974
immediate_advantage_dqn,816,558,80.18824150711298,77.69860436804592,29.243499405682087,50.94474205672741,1.540329129435122,17178.325550079346,0.0,24.0,0.0,3.0,0.050000000000000044,0.9213515799492598,0.9167325086891651,0.015396914794109762
immediate_advantage_dqn,816,559,55.29968708306551,76.28496576145291,22.59274562448263,32.70694165229797,1.3407568922266364,13048.990341186523,0.0,18.0,0.0,2.0,0.050000000000000044,1.0575518608093262,1.0529042184352875,0.015492205275222659
immediate_advantage_dqn,816,560,97.43981127589942,77.75485834121704,32.40779149532318,65.03201919943095,1.6235945085063577,18717.796182632446,0.0,29.0,0.0,1.0,0.050000000000000044,1.1001960132271051,1.0963412523269653,0.012849233928136528
immediate_advantage_dqn,816,561,78.62382800281048,77.25615243509412,27.768404200673103,50.85542404055595,1.5486321356147528,16887.62082672119,0.0,23.0,0.0,1.0,0.050000000000000044,1.4880201555788517,1.483351942151785,0.015560645435471088
immediate_advantage_dqn,816,562,81.65081074237824,77.48668274186552,27.778505355119705,53.87230507433414,1.5113535821437836,16317.84931564331,0.0,25.0,0.0,2.0,0.050000000000000044,1.2179052717983723,1.2135387044399977,0.014555227593518794
immediate_advantage_dqn,816,563,89.64969820678235,77.11225395776333,30.005917444825172,59.64378089606762,1.523607911542058,17113.902866363525,0.0,27.0,0.0,2.0,0.050000000000000044,1.0440897103399038,1.040064673870802,0.013416781555861235
immediate_advantage_dqn,816,564,79.8965671658516,78.23869485966863,27.895645804703236,52.00092154741287,1.488333923742175,16098.274848937988,0.0,25.0,0.0,1.0,0.050000000000000044,1.2723497226834297,1.268127841874957,0.014072959194891155
immediate_advantage_dqn,816,565,81.43313089311123,78.1236523734033,29.074005246162415,52.359125304222104,1.5049395402893424,16585.040145874023,0.0,23.0,0.0,3.0,0.050000000000000044,1.1216564401984215,1.117204938083887,0.014838331087958068
immediate_advantage_dqn,816,566,77.09559096693992,77.59164327695966,25.516614191234112,51.57897648513317,1.411781600676477,14694.696743011475,0.0,25.0,0.0,2.0,0.050000000000000044,1.2104319483041763,1.2065985929220915,0.012777894386090338
immediate_advantage_dqn,816,567,67.09448564201594,77.45098157584667,23.930157877504826,43.16432755589485,1.3775333007797599,14157.334241867065,0.0,22.0,0.0,1.0,0.050000000000000044,1.1089312545955181,1.1035400275141,0.01797076832735911
immediate_advantage_dqn,816,568,74.23820226043463,77.51684277258815,26.91238733381033,47.32581486701965,1.4434311045333743,15669.370029449463,0.0,25.0,0.0,1.0,0.050000000000000044,1.2554895840585232,1.251119241118431,0.014567803533282131
immediate_advantage_dqn,816,569,62.75838139653206,77.0321107287705,25.027840711176395,37.73054081201553,1.3990266667678952,14470.632284164429,0.0,22.0,0.0,1.0,0.050000000000000044,1.1621809396892786,1.156612180173397,0.018562508397735655
immediate_advantage_dqn,816,570,78.76682311892509,76.87168456420304,26.51517653465271,52.25164613723755,1.4565067309886217,15500.924812316895,0.0,24.0,0.0,4.0,0.050000000000000044,1.4123300984501839,1.4083084017038345,0.013405681995209306
immediate_advantage_dqn,816,571,75.45516102015972,75.98385248430074,28.261684983968735,47.193476006388664,1.4816204234957695,16261.981815338135,0.0,23.0,0.0,1.0,0.050000000000000044,1.2862872295081615,1.2821368668228388,0.01383451180299744
immediate_advantage_dqn,816,572,74.57277881503106,76.20215604141355,26.851950280368328,47.72082828879356,1.4382483335211873,15339.599750518799,0.0,23.0,0.0,1.0,0.050000000000000044,1.121338378638029,1.116786651313305,0.015172434039413929
immediate_advantage_dqn,816,573,87.97815457880498,77.12796386860312,27.8950185328722,60.08313634395599,1.5490645542740822,16866.831134796143,0.0,26.0,0.0,2.0,0.050000000000000044,1.023973599076271,1.0198947321623564,0.013596202421467751
immediate_advantage_dqn,816,574,70.57551109194756,76.50577634327115,25.37116575986147,45.2043457865715,1.4603170724585652,15120.23365020752,0.0,22.0,0.0,2.0,0.050000000000000044,0.9762672893702984,0.9719628468155861,0.014348090451676399
immediate_advantage_dqn,816,575,88.2786680161953,77.26972273625435,29.861940041184425,58.416728004813194,1.5319841587916017,17363.39560317993,0.0,26.0,0.0,2.0,0.050000000000000044,1.0751393157988787,1.069860639050603,0.017595542361959815
immediate_advantage_dqn,816,576,84.06399311125278,77.68561794333161,29.183098450303078,54.88089466094971,1.5147029450163245,16487.548751831055,0.0,25.0,0.0,2.0,0.050000000000000044,1.1239949837327003,1.1200961098074913,0.01299625018145889
immediate_advantage_dqn,816,577,82.6705974817276,78.38650611884893,27.781409442424774,54.88918809890747,1.5309066800400615,16723.848320007324,0.0,25.0,0.0,4.0,0.050000000000000044,1.262269139289856,1.2568718045949936,0.017991143045946956
immediate_advantage_dqn,816,578,90.01596739292145,78.87789241313934,30.293681412935257,59.72228545844555,1.5462763588875532,17437.91012954712,0.0,27.0,0.0,1.0,0.050000000000000044,1.2476372718811035,1.2430299557745457,0.015357774216681719
immediate_advantage_dqn,816,579,85.3909698203206,80.3824565500021,28.466872207820415,56.92409788072109,1.5518933208659291,16624.765956878662,0.0,27.0,0.0,0.0,0.050000000000000044,1.0876751076430082,1.0827015899121761,0.01657837361562997
immediate_advantage_dqn,816,580,91.96491839289665,80.10871190585196,31.180691719055176,60.784226584434506,1.545086813159287,17576.008388519287,0.0,28.0,0.0,3.0,0.050000000000000044,1.366826567798853,1.3630052618682384,0.012737754615955055
immediate_advantage_dqn,816,581,86.34677119553089,80.49485906548799,28.73654941469431,57.610221803188324,1.5076364483684301,16676.079696655273,0.0,26.0,0.0,0.0,0.050000000000000044,1.0214053029194474,1.01699697971344,0.014694404846522957
immediate_advantage_dqn,816,582,77.14471947401762,80.26955450206995,27.871105946600437,49.27361339330673,1.5004225568845868,16387.025714874268,0.0,22.0,0.0,1.0,0.050000000000000044,1.3021412082016468,1.297504928894341,0.015454242064151913
immediate_advantage_dqn,816,583,63.50039495527744,78.96208933949471,23.955619916319847,39.5447748452425,1.3957183714956045,14444.34128189087,0.0,20.0,0.0,0.0,0.050000000000000044,1.1463032681494951,1.1409201808273792,0.017943590879440308
immediate_advantage_dqn,816,584,92.13804432153702,79.57416319727898,32.0244422852993,60.113602170348166,1.6121435379609466,18669.32447052002,0.0,27.0,0.0,2.0,0.050000000000000044,1.1856506168842316,1.1805264074355364,0.01708068000152707
immediate_advantage_dqn,816,585,76.42410239875316,79.32371177256108,27.085765942931175,49.33833681344986,1.4352635145187378,15332.58500289917,0.0,23.0,0.0,2.0,0.050000000000000044,1.2223874516785145,1.217017948627472,0.017898338031955063
immediate_advantage_dqn,816,586,53.109624007344244,78.12441342458129,21.861490957438946,31.248132915794848,1.337791208177805,12619.652996063232,0.0,17.0,0.0,1.0,0.050000000000000044,1.1558468528091908,1.15005998685956,0.01928953715832904
immediate_advantage_dqn,816,587,88.10239404439926,79.17480884470046,30.38998169451952,57.71241255104542,1.562031232751906,17594.905242919922,0.0,27.0,0.0,1.0,0.050000000000000044,0.9399267761036754,0.9358916506171227,0.013450396596454084
immediate_advantage_dqn,816,588,72.65651113092899,79.09572428822517,26.54209516942501,46.11441560387611,1.4300317419692874,15298.649364471436,0.0,21.0,0.0,2.0,0.050000000000000044,1.2337016817182302,1.2300036642700434,0.012326763186138123
immediate_advantage_dqn,816,589,68.76113980412484,79.39586220860483,25.40158498287201,43.35955507457256,1.4110750602558255,14795.613807678223,0.0,21.0,0.0,1.0,0.050000000000000044,1.2838826328516006,1.2799197509884834,0.013209622353315353
immediate_advantage_dqn,816,590,96.73611236512662,80.2943266709149,31.500147759914398,65.23596441149712,1.5758306942880154,18318.817783355713,0.0,29.0,0.0,1.0,0.050000000000000044,1.1731220223009586,1.1688680686056614,0.014179842197336257
immediate_advantage_dqn,816,591,85.2985063970089,80.78649393975735,30.370716586709023,54.92779006361961,1.5289590191096067,17202.93096923828,0.0,26.0,0.0,3.0,0.050000000000000044,1.1264133471995592,1.1224588584154844,0.013181586167775095
immediate_advantage_dqn,816,592,62.476173335313796,80.1816636657715,23.94929426163435,38.52687925994396,1.3924400359392166,13640.01427268982,0.0,20.0,0.0,1.0,0.050000000000000044,1.181191261857748,1.1771553587168455,0.013453022751491517
immediate_advantage_dqn,816,593,79.95602449178696,79.78055716142059,28.712725281715393,51.243299120664595,1.5175318159162998,16439.165336608887,0.0,24.0,0.0,1.0,0.050000000000000044,1.2075676387175918,1.2035297453403473,0.013459640787914395
immediate_advantage_dqn,816,594,76.28197337687016,80.06588027566673,28.26481819152832,48.017155304551125,1.5053742276504636,16620.560050964355,0.0,23.0,0.0,0.0,0.050000000000000044,1.3388989083468914,1.3343164566904306,0.015274839999619871
immediate_advantage_dqn,816,595,76.04937577396632,79.45441566355528,27.60250683873892,48.446869218349455,1.4861822174862027,15791.0339012146,0.0,23.0,0.0,1.0,0.050000000000000044,1.3363848756998777,1.3322872444987297,0.01365877251373604
immediate_advantage_dqn,816,596,85.53202695399523,79.5278173556924,27.846013762056828,57.68601316213608,1.4857964189723134,16220.170948028564,0.0,25.0,0.0,2.0,0.050000000000000044,1.4488319419324398,1.44404611364007,0.015952781424857676
immediate_advantage_dqn,816,597,83.08332084417343,79.54845352381469,27.14559967815876,55.93772140443325,1.4573354162275791,15547.047664642334,0.0,25.0,0.0,2.0,0.050000000000000044,1.2873071730136871,1.2816031761467457,0.019013310491573066
immediate_advantage_dqn,816,598,85.08854781389236,79.30208254486323,28.077366642653942,57.01118143200874,1.5231734933331609,16667.072067260742,0.0,26.0,0.0,2.0,0.050000000000000044,1.4648390598595142,1.4614370819181204,0.011339924472849816
immediate_advantage_dqn,816,599,90.01929146051407,79.5334986268729,32.28271695971489,57.73657414317131,1.6465035863220692,19317.54390335083,0.0,26.0,0.0,2.0,0.050000000000000044,1.042526861652732,1.0381661113351583,0.014535809867084026
