variant,model_seed,episode,cost,rolling_cost,immediate_cost,penalty,energy_use,latency_ms,thermal_violation,energy_violation,queue_violation,contact_violation,epsilon,loss,td_loss,auxiliary_loss
immediate_advantage_dqn,805,0,118.45576777458191,118.45576777458191,40.30075457692146,78.15501278042794,1.7542453119531274,23525.44939804077,0.0,32.0,0.0,2.0,0.9954761904761905,,,
immediate_advantage_dqn,805,1,127.54999519724643,123.00288148591417,46.6602603495121,80.88973505635057,1.865505313500762,27121.14468383789,0.0,33.0,7.0,1.0,0.9909523809523809,1.437047004699707,1.4283827543258667,0.02888072095811367
immediate_advantage_dqn,805,2,149.90009523482036,131.96861940221623,41.092788979411125,108.80730619580457,1.8524840800091624,24698.545036315918,0.0,32.0,24.0,1.0,0.9864285714285714,1.30249635130167,1.294866919517517,0.025431416113860905
immediate_advantage_dqn,805,3,136.59872036436457,133.12614464275333,40.22616494446993,96.37255527833358,1.8283877680078149,23971.26774597168,0.0,39.0,6.0,1.0,0.981904761904762,1.3441270515322685,1.3379642218351364,0.02054271474480629
immediate_advantage_dqn,805,4,120.81837918758393,130.66459155171944,41.86701908707619,78.95136045813561,1.7848889846354723,24577.325328826904,0.0,33.0,0.0,1.0,0.9773809523809524,1.1638396196067333,1.158405601978302,0.018113374477252364
immediate_advantage_dqn,805,5,104.88454467058182,126.36791707152985,37.39133985340595,67.49320438504219,1.7218130556866527,22168.62830734253,0.0,29.0,0.0,0.0,0.9728571428571429,0.9442896544933319,0.9369932450354099,0.024321363773196936
immediate_advantage_dqn,805,6,135.84245454667982,127.7214224251227,46.62140019237995,89.22105472682888,1.859851193614304,26912.14008331299,0.0,33.0,17.0,4.0,0.9683333333333334,0.7860688082873821,0.7813530974090099,0.01571900915587321
immediate_advantage_dqn,805,7,128.91618044710003,127.87076717786987,41.7982344776392,87.11794537341434,1.823153373785317,24656.307907104492,0.0,37.0,14.0,0.0,0.9638095238095238,0.7708562910556793,0.7675409726798534,0.011051056673750281
immediate_advantage_dqn,805,8,139.90268516920327,129.2076469546847,41.917267709970474,97.98541713140726,1.792824967764318,24834.343658447266,0.0,33.0,16.0,1.0,0.9592857142857143,0.8055164217948914,0.7929383851587772,0.04192679119296372
immediate_advantage_dqn,805,9,145.89846023967894,130.87672828318412,43.43101139366627,102.46744905462894,1.8985271006822586,25850.403560638428,0.0,34.0,27.0,0.0,0.9547619047619048,0.578925359994173,0.5733149275183678,0.018701417953707278
immediate_advantage_dqn,805,10,120.78509519994259,129.95930709379851,44.63795268535614,76.14714249968529,1.8126902068033814,25192.00746154785,0.0,32.0,0.0,0.0,0.9502380952380952,0.4144656863063574,0.4100620187819004,0.014678885403554887
immediate_advantage_dqn,805,11,114.41083893924952,128.66360141425278,39.851343400776386,74.55949458479881,1.7826184816658497,23541.902141571045,0.0,31.0,0.0,0.0,0.9457142857142857,0.2768797157332301,0.27064235508441925,0.020791205868590623
immediate_advantage_dqn,805,12,154.95812124416602,130.68625678578456,39.434946060180664,115.52317510947954,1.769432700239122,23253.959785461426,0.0,36.0,23.0,2.0,0.9411904761904761,0.24155977461487055,0.23710198793560266,0.014859283750411123
immediate_advantage_dqn,805,13,106.00353567302227,128.92320527773012,37.392754167318344,68.61078205704689,1.703715866431594,22133.400806427002,0.0,31.0,0.0,1.0,0.9366666666666666,0.22437222488224506,0.21985461935400963,0.015058684628456831
immediate_advantage_dqn,805,14,167.12837255847984,131.4702164297801,46.98573084175587,120.14264167202049,1.9563914788886905,28072.683170318604,0.0,35.0,30.0,1.0,0.9321428571428572,0.21133258659392595,0.207039644010365,0.014309805876109749
immediate_advantage_dqn,805,15,150.37834483379294,132.65197445503088,46.16119557619095,104.21714940661359,1.9170703738927841,27726.4789352417,0.0,31.0,20.0,1.0,0.9276190476190476,0.5536259524524212,0.5500507010146976,0.011917514202650636
immediate_advantage_dqn,805,16,107.6484257131815,131.1811774702162,39.47600057721138,68.17242483794689,1.7133222855627537,22916.97003173828,0.0,30.0,0.0,2.0,0.9230952380952381,0.5994884371757507,0.5942393280565739,0.01749700866639614
immediate_advantage_dqn,805,17,162.6256310689442,132.92809155903444,40.14803136885166,122.47759967029018,1.839320668950677,24455.665618896484,0.0,34.0,21.0,1.0,0.9185714285714286,0.37401030492037535,0.3704828070476651,0.011758329987060279
immediate_advantage_dqn,805,18,159.37398345846796,134.31998060637304,39.83559162914753,119.53839173991345,1.9402952874079347,25281.890335083008,0.0,35.0,15.0,0.0,0.914047619047619,0.28197512216866016,0.27828493155539036,0.012300635280553252
immediate_advantage_dqn,805,19,140.7632215116825,134.6421426516385,38.379593744874,102.38362761779692,1.861877136863768,23789.010368347168,0.0,32.0,17.0,3.0,0.9095238095238095,0.25795754976570606,0.25505396723747253,0.009678605594672263
immediate_advantage_dqn,805,20,135.06317478128005,135.47251300197343,39.73819659650326,95.3249780655675,1.8000858509913087,23861.548587799072,0.0,36.0,11.0,3.0,0.905,0.2523380722850561,0.24922352470457554,0.010381828411482275
immediate_advantage_dqn,805,21,114.66102560673133,134.82806452244768,37.969962015748024,76.69106350157634,1.7413705522194505,22881.38014984131,0.0,31.0,10.0,0.0,0.9004761904761904,0.25266673136502504,0.2498567057773471,0.00936675164848566
immediate_advantage_dqn,805,22,116.9077058672905,133.17844505407118,40.454910546541214,76.45279518663884,1.7063132906332612,23046.91934967041,0.0,32.0,0.0,1.0,0.895952380952381,0.24052200559526682,0.23774159792810678,0.00926802569301799
immediate_advantage_dqn,805,23,122.90784497618199,132.49390128466206,44.22124370932579,78.68660116254804,1.825113631784916,25651.568813323975,0.0,31.0,5.0,1.0,0.8914285714285715,0.6394686186686158,0.6368141295388341,0.008848289318848401
immediate_advantage_dqn,805,24,149.17049092373696,133.91150687146973,44.11675772070885,105.05373326263272,1.8725307919085026,26212.216579437256,0.0,36.0,18.0,0.0,0.8869047619047619,0.5086581464856863,0.5059006866067648,0.009191544842906296
immediate_advantage_dqn,805,25,117.1717970064233,134.52586948826178,38.18972299993038,78.98207442372544,1.7847835244610906,23209.726737976074,0.0,33.0,3.0,1.0,0.8823809523809524,0.40222700498998165,0.3992265313863754,0.0100015863426961
immediate_advantage_dqn,805,26,106.26466969400644,133.04698024562808,37.42528057843447,68.83938951790333,1.6795474328100681,21510.29053878784,0.0,29.0,0.0,0.0,0.8778571428571429,0.3643952617421746,0.3616748796775937,0.009067961073014885
immediate_advantage_dqn,805,27,111.5208956539631,132.17721600597127,37.5624625980854,73.95843335390092,1.7532176412642002,22456.736764907837,0.0,32.0,0.0,2.0,0.8733333333333333,0.2940229382365942,0.2913472931832075,0.008918825420551002
immediate_advantage_dqn,805,28,111.38911153376102,130.75153732419915,39.04363793134689,72.34547343850136,1.7436695666983724,22969.7442779541,0.0,30.0,0.0,1.0,0.8688095238095238,0.26573623437434435,0.2630502777174115,0.00895319294068031
immediate_advantage_dqn,805,29,122.54301206171513,129.58376491530095,40.49241083860397,82.05060131251813,1.7728407643735409,23652.831184387207,0.0,35.0,0.0,1.0,0.8642857142857143,0.2646830240264535,0.2625304055400193,0.007175401085987687
immediate_advantage_dqn,805,30,110.74404072761536,129.0817121916846,39.460578471422195,71.28346280753613,1.7317847181111574,22369.71706390381,0.0,30.0,0.0,1.0,0.8597619047619047,0.25949986139312387,0.2572554759681225,0.007481288514100015
immediate_advantage_dqn,805,31,118.94220507144928,129.30828049829458,36.137553475797176,82.80465206503868,1.7466159211471677,22102.315071105957,0.0,34.0,0.0,1.0,0.8552380952380952,0.8120684307068586,0.8097860887646675,0.007607839273987338
immediate_advantage_dqn,805,32,117.67437399327756,127.44409313575015,41.84952059388161,75.82485377192498,1.7335414653643966,23399.862998962402,0.0,33.0,0.0,3.0,0.8507142857142858,0.5972293969243765,0.5946263298392296,0.008676883560838178
immediate_advantage_dqn,805,33,107.18310698866844,127.50307170153249,38.001681596040726,69.18142539262772,1.7201834553852677,22013.772903442383,0.0,29.0,0.0,0.0,0.8461904761904762,0.3816005690023303,0.3787774685770273,0.009410353086423129
immediate_advantage_dqn,805,34,128.34239100895948,125.56377262405647,41.136674128472805,87.20571637384721,1.8239087285473943,24538.098342895508,0.0,35.0,8.0,2.0,0.8416666666666667,0.4050275944173336,0.40242858696728945,0.008663350861752406
immediate_advantage_dqn,805,35,128.45139171720047,124.46742496822682,38.2658484429121,90.18554290175933,1.7783726882189512,22713.123405456543,0.0,35.0,14.0,0.0,0.8371428571428572,0.42030264250934124,0.41780339926481247,0.008330809650942683
immediate_advantage_dqn,805,36,121.34890175461769,125.15244877029863,40.08488464355469,81.26401560604572,1.7553261052817106,23115.055278778076,0.0,34.0,0.0,4.0,0.8326190476190476,0.36468685045838356,0.36197411827743053,0.00904243445256725
immediate_advantage_dqn,805,37,113.32417542636395,122.6873759881696,38.34532541036606,74.97885022461415,1.7926401188597083,23143.73126220703,0.0,31.0,0.0,1.0,0.8280952380952381,0.3628926081582904,0.3603443522006273,0.00849417777499184
immediate_advantage_dqn,805,38,115.61041172742844,120.49919740161765,39.384619265794754,76.2257925361395,1.7626950154080987,22856.340030670166,0.0,32.0,0.0,1.0,0.8235714285714286,0.3245348185300827,0.32243894692510366,0.006986239139223471
immediate_advantage_dqn,805,39,125.26972928643227,119.72452279035512,41.59019413590431,83.67953550815582,1.7588493209332228,23882.39072418213,0.0,35.0,0.0,0.0,0.819047619047619,0.8681662026792765,0.8654019795358181,0.009214054269250482
immediate_advantage_dqn,805,40,117.60206742584705,118.85146742258351,41.92950990796089,75.67255707085133,1.7395531041547656,23889.460697174072,0.0,32.0,0.0,0.0,0.8145238095238095,0.6042013335973024,0.6013563051819801,0.009483436646405607
immediate_advantage_dqn,805,41,97.2802311360836,117.98242769905112,35.31668283045292,61.96354829072952,1.6497858995571733,20885.10932159424,0.0,27.0,0.0,3.0,0.81,0.4388380367308855,0.43600939214229584,0.009428824472706765
immediate_advantage_dqn,805,42,113.2082039564848,117.79745260351083,39.41561405360699,73.7925900220871,1.7499287845566869,22653.627506256104,0.0,31.0,0.0,0.0,0.8054761904761905,0.4592097904533148,0.45646063704043627,0.009163832641206682
immediate_advantage_dqn,805,43,108.50740312039852,117.07743051072164,36.97509075701237,71.5323126167059,1.6690414501354098,21353.343547821045,0.0,31.0,0.0,0.0,0.800952380952381,0.4403620194643736,0.43646732438355684,0.012982319574803114
immediate_advantage_dqn,805,44,105.72375428974628,114.90509367902212,39.59347076714039,66.1302834033966,1.7134298151358962,22828.273124694824,0.0,28.0,0.0,2.0,0.7964285714285715,0.3677396848797798,0.36500956024974585,0.009100418188609183
immediate_advantage_dqn,805,45,117.01871907711029,114.89743978255646,42.41627947241068,74.60243974626064,1.7931233868002892,24261.282165527344,0.0,31.0,0.0,2.0,0.7919047619047619,0.38156686816364527,0.37802436389029026,0.011808361508883536
immediate_advantage_dqn,805,46,116.1749677285552,115.39295468428391,40.737867310643196,75.43710082769394,1.726399166509509,23314.12493133545,0.0,31.0,0.0,0.0,0.7873809523809524,0.569011626765132,0.5669076377525926,0.007013322610873729
immediate_advantage_dqn,805,47,107.01816767454147,115.16781828531279,34.786069586873055,72.23209762573242,1.6183329811319709,20021.033515930176,0.0,32.0,0.0,1.0,0.7828571428571429,0.9301378466188908,0.9264821093529463,0.012185791041702032
immediate_advantage_dqn,805,48,108.77873815000058,115.0372996161248,37.908447727561,70.87028982639313,1.6969894198700786,22047.165199279785,0.0,29.0,0.0,2.0,0.7783333333333333,0.629533744417131,0.624618673697114,0.016383565089199692
immediate_advantage_dqn,805,49,108.56868776679039,114.33858340137856,37.085013061761856,71.48367480933666,1.6777886468917131,21705.27518081665,0.0,31.0,0.0,0.0,0.7738095238095238,0.5172305023297668,0.5142959775403142,0.00978174724150449
immediate_advantage_dqn,805,50,109.5140515357256,114.27708394178407,35.572068594396114,73.941982203722,1.7371882162988186,21606.63348007202,0.0,32.0,0.0,1.0,0.7692857142857144,0.49989160895347595,0.49618746247142553,0.01234717364422977
immediate_advantage_dqn,805,51,111.71972049027681,113.91595971272545,38.840458653867245,72.87926134467125,1.7582848677411675,22737.935773849487,0.0,31.0,0.0,0.0,0.7647619047619048,0.5881266454234719,0.585182580165565,0.009813553042476997
immediate_advantage_dqn,805,52,103.25654243826867,113.195068134975,36.15234453231096,67.10419830083848,1.6643245238810778,20924.14693069458,0.0,30.0,0.0,1.0,0.7602380952380953,0.523360600695014,0.5189862810075283,0.014581064460799098
immediate_advantage_dqn,805,53,96.19930453002453,112.64587801204281,31.936048939824104,64.26325608193875,1.6707912515848875,19931.700786590576,0.0,28.0,0.0,1.0,0.7557142857142858,0.5179458158090711,0.5149501040577888,0.009985701413825154
immediate_advantage_dqn,805,54,118.97611926925802,112.17756442505774,39.11747148633003,79.85864797664307,1.8142758002504706,23362.753440856934,0.0,33.0,11.0,0.0,0.7511904761904762,0.8757719248533249,0.8724392764270306,0.01110885787056759
immediate_advantage_dqn,805,55,147.23027716004765,113.11650869720009,38.60152421891689,108.62875292622962,1.902698871679604,23964.983697891235,0.0,35.0,26.0,2.0,0.7466666666666667,0.7135568037629128,0.7114874329417944,0.006897906074300408
immediate_advantage_dqn,805,56,135.98011271070354,113.8480692450044,39.13414606451988,96.84596664618365,1.8284306759014726,23310.44203567505,0.0,36.0,22.0,1.0,0.7421428571428572,0.6267797760665417,0.6206052703782916,0.02058169402880594
immediate_advantage_dqn,805,57,110.58325853943825,113.71102340065809,37.09325468540192,73.49000400304794,1.6819037292152643,21758.857635498047,0.0,31.0,0.0,0.0,0.7376190476190476,0.6511281868442893,0.6475420407950878,0.01195382361765951
immediate_advantage_dqn,805,58,107.6225124746561,113.31162843801947,37.06803199648857,70.5544804930687,1.7571114348247647,22140.288566589355,0.0,29.0,0.0,1.0,0.7330952380952381,0.7525741048157215,0.7478209603577852,0.01584382663713768
immediate_advantage_dqn,805,59,110.24099614471197,112.56019178093348,36.31890340894461,73.92209246754646,1.6843679882586002,21009.538703918457,0.0,33.0,0.0,0.0,0.7285714285714286,0.605273331515491,0.6001432780176401,0.017100181721616536
immediate_advantage_dqn,805,60,93.4541923493147,111.35279802710686,33.005229853093624,60.448962369561194,1.6779353488236666,19850.282501220703,0.0,27.0,0.0,2.0,0.724047619047619,0.5781098315492272,0.5746881142258644,0.01140571865835227
immediate_advantage_dqn,805,61,116.47268903255463,112.3124209219304,39.959069326519966,76.5136191546917,1.783678519539535,23451.073875427246,0.0,34.0,0.0,0.0,0.7195238095238095,0.6487871995195746,0.6444257460534573,0.014538174320477992
immediate_advantage_dqn,805,62,113.32976498187396,112.31849897319987,35.167086355388165,78.16267873079391,1.8301475401967764,22529.607067108154,0.0,29.0,7.0,0.0,0.7150000000000001,0.8713453151285648,0.8674274673685431,0.01305949775269255
immediate_advantage_dqn,805,63,110.16337352991104,112.4012974936755,36.14531657099724,74.01805692911148,1.650075868703425,20351.878295898438,0.0,32.0,0.0,1.0,0.7104761904761905,0.8719152417033911,0.8672097008675337,0.015685128106269985
immediate_advantage_dqn,805,64,109.3805259168148,112.58413607502891,36.91589882969856,72.46462751924992,1.7151775574311614,21717.328311920166,0.0,32.0,0.0,1.0,0.7059523809523809,0.7350603211671114,0.7300725057721138,0.01662603998556733
immediate_advantage_dqn,805,65,95.0897446155548,111.48768735195112,34.96356297284365,60.126181575655934,1.591669525951147,19785.187591552734,0.0,28.0,0.0,3.0,0.7014285714285715,0.6735134916380048,0.6685719722881913,0.01647173025412485
immediate_advantage_dqn,805,66,110.1474294885993,111.18631043995336,33.51054999232292,76.6368798315525,1.6936761373654008,20058.76248550415,0.0,33.0,0.0,0.0,0.6969047619047619,0.8369233328849077,0.832728648558259,0.01398227910976857
immediate_advantage_dqn,805,67,115.24152930974961,111.59747852171374,38.0883964151144,77.15313349068165,1.7514991592615843,22360.376419067383,0.0,32.0,0.0,1.0,0.6923809523809523,0.5884665725752711,0.5833637602627277,0.017009377188514918
immediate_advantage_dqn,805,68,93.95625505000353,110.85635436671389,32.677505888044834,61.27874886393547,1.6263639302924275,19071.399406433105,0.0,28.0,0.0,1.0,0.687857142857143,0.6735938005149364,0.6699267812073231,0.012223380676005036
immediate_advantage_dqn,805,69,112.47398982942104,111.05161946984545,41.14247162640095,71.33151878416538,1.7601893711835146,23390.92018508911,0.0,30.0,0.0,1.0,0.6833333333333333,0.6819209177047014,0.6763658579438925,0.018516860203817487
immediate_advantage_dqn,805,70,108.2669862896204,110.98926620754018,36.95841731131077,71.30856939554215,1.7520133899524808,22044.305332183838,0.0,29.0,0.0,2.0,0.6788095238095238,1.1243978403508663,1.1203556675463915,0.013473916187649593
immediate_advantage_dqn,805,71,103.83388179540634,110.59497427279663,38.67049477994442,65.16338700056076,1.6729126973077655,22200.36817932129,0.0,28.0,0.0,1.0,0.6742857142857144,0.8425241932272911,0.8375123739242554,0.016706068825442344
immediate_advantage_dqn,805,72,116.73231196403503,111.26876274908497,38.295096546411514,78.43721443414688,1.7262151539325714,22390.346836090088,0.0,33.0,0.0,0.0,0.6697619047619048,0.7167521994560957,0.7119733933359385,0.01592937932582572
immediate_advantage_dqn,805,73,107.95886817574501,111.856740931371,37.020595505833626,70.9382728934288,1.7192072626203299,21991.123931884766,0.0,31.0,0.0,1.0,0.6652380952380952,0.697396008297801,0.6922962181270123,0.01699930103495717
immediate_advantage_dqn,805,74,112.06807955354452,111.51133894558532,39.87148807197809,72.1965918391943,1.6708518089726567,22443.13161087036,0.0,31.0,0.0,1.0,0.6607142857142857,0.7920861644670367,0.7861658968031406,0.019734223606064916
immediate_advantage_dqn,805,75,120.47685129344464,110.17366765225518,40.92902997136116,79.54782075583935,1.7998949214816093,23358.34939956665,0.0,34.0,0.0,3.0,0.6561904761904762,0.7138354796916246,0.7073997547850013,0.021452405024319887
immediate_advantage_dqn,805,76,95.12040212154389,108.13068212279718,35.199623107910156,59.92077889442444,1.5849329885095358,19823.346656799316,0.0,26.0,0.0,1.0,0.6516666666666667,0.6988759469240904,0.6945280907675624,0.014492867048829794
immediate_advantage_dqn,805,77,98.59973002970219,107.53150569731038,38.37067213654518,60.229057997465134,1.6995260417461395,22161.148918151855,0.0,26.0,0.0,0.0,0.6471428571428571,0.6925210719928145,0.6885027214884758,0.013394512643571943
immediate_advantage_dqn,805,78,97.6020154953003,107.03048084834259,31.348360493779182,66.25365443527699,1.5658008605241776,18331.58518600464,0.0,30.0,0.0,0.0,0.6426190476190476,1.2290549892932177,1.224673731252551,0.014604214171413332
immediate_advantage_dqn,805,79,95.96792929023505,106.31682750561875,34.49248860031366,61.47544130086899,1.5743063809350133,19336.763778686523,0.0,28.0,0.0,1.0,0.6380952380952382,1.0365469623357058,1.0324141010642052,0.013776188890915364
immediate_advantage_dqn,805,80,124.61605980247259,107.87492087827664,42.53089801222086,82.08516183495522,1.787085985764861,24453.035232543945,0.0,33.0,0.0,1.0,0.6335714285714286,0.8656356204301119,0.8610228784382343,0.01537584891775623
immediate_advantage_dqn,805,81,106.23110995590687,107.36284192444425,39.0000726133585,67.23103767037392,1.747569678351283,22346.76954650879,0.0,29.0,0.0,1.0,0.6290476190476191,0.7709309253841639,0.7662058249115944,0.015750343562103808
immediate_advantage_dqn,805,82,101.82182967662811,106.78744515918197,35.66079352796078,66.1610362380743,1.653224129229784,20674.042205810547,0.0,29.0,0.0,0.0,0.6245238095238095,0.8220584588125348,0.8166431598365307,0.01805104926461354
immediate_advantage_dqn,805,83,121.68468740582466,107.36351085297765,40.725066781044006,80.95962037146091,1.8009688202291727,23407.12766647339,0.0,34.0,0.0,0.0,0.62,0.6773757860064507,0.6715771369636059,0.019328852416947484
immediate_advantage_dqn,805,84,99.27241458892823,106.85810528658331,35.01705086231232,64.25536387562752,1.6470089796930552,19735.108276367188,0.0,28.0,0.0,1.0,0.6154761904761905,0.8787929071113467,0.8735320474952459,0.017536172992549837
immediate_advantage_dqn,805,85,119.57085590064526,108.08216085083784,36.71636386215687,82.85449200868607,1.6736825089901686,20953.491123199463,0.0,33.0,0.0,1.0,0.6109523809523809,0.9161194516345859,0.9124007169157267,0.012395801488310099
immediate_advantage_dqn,805,86,94.91623033583164,107.32060089319944,35.344539284706116,59.571690648794174,1.6083582919090986,19996.90705871582,0.0,26.0,0.0,1.0,0.6064285714285714,1.3623071536421776,1.3582712579518557,0.013452930084895343
immediate_advantage_dqn,805,87,119.69217287898064,107.543133071661,38.15746399760246,81.53470888137818,1.75213691778481,21536.616333007812,0.0,35.0,0.0,3.0,0.6019047619047619,1.2641830649226904,1.2571718767285347,0.023370603215880692
immediate_advantage_dqn,805,88,106.00013364851475,108.14532700158657,36.54434569180012,69.45578773319721,1.6691173613071442,20854.456512451172,0.0,31.0,0.0,0.0,0.5973809523809523,0.8561078291386366,0.8489904403686523,0.02372463035862893
immediate_advantage_dqn,805,89,102.33053887784482,107.63815445400776,34.50523893535137,67.82529918253422,1.7607726762071252,21288.430587768555,0.0,28.0,0.0,1.0,0.592857142857143,0.9502349216490984,0.943732563406229,0.02167453768197447
immediate_advantage_dqn,805,90,89.00070049017668,106.67484016403557,30.294051237404346,58.70664916336536,1.6100253826007247,18371.157369613647,0.0,27.0,0.0,1.0,0.5883333333333334,0.8288697171956301,0.822578102350235,0.020972047932446003
immediate_advantage_dqn,805,91,119.44548480212688,107.4554203143716,41.118698075413704,78.32678711414337,1.7444076035171747,23188.12005996704,0.0,33.0,0.0,0.0,0.5838095238095238,0.8388813324272633,0.833739498630166,0.01713945355731994
immediate_advantage_dqn,805,92,127.43145095705987,107.99037726402284,41.86746492981911,85.56398575901986,1.8833635160699487,24168.973333358765,0.0,36.0,0.0,1.0,0.5792857142857144,0.776585515588522,0.7700037863105536,0.021939101978205144
immediate_advantage_dqn,805,93,107.336441218853,107.95925591617825,37.775417163968086,69.56102357804775,1.665019130334258,21383.584537506104,0.0,31.0,0.0,1.0,0.5747619047619048,1.1825801860541105,1.1781907081604004,0.014631602156441659
immediate_advantage_dqn,805,94,108.76735819876194,107.79421984843911,38.51812981069088,70.2492282986641,1.6679316638037562,21428.309047698975,0.0,29.0,0.0,1.0,0.5702380952380952,1.2050219886004925,1.200664572417736,0.014524723694194108
immediate_advantage_dqn,805,95,108.95617926865816,107.21818624719978,34.981788851320744,73.97439041733742,1.6877839732915163,20777.98007774353,0.0,32.0,0.0,1.0,0.5657142857142857,0.9722902346402407,0.9680049829185009,0.014284153410699219
immediate_advantage_dqn,805,96,105.5824612826109,107.74128920525314,39.063574984669685,66.51888620853424,1.7379821948707104,22216.444274902344,0.0,27.0,0.0,0.0,0.5611904761904762,0.9141695573925972,0.9075445402413607,0.02208342554513365
immediate_advantage_dqn,805,97,115.57625422775746,108.5901154151559,37.972693257033825,77.6035610228777,1.7514739613980055,22593.714723587036,0.0,34.0,0.0,1.0,0.5566666666666666,1.0036736838519573,0.9976751059293747,0.019995258597191423
immediate_advantage_dqn,805,98,101.03167706727982,108.76159849375486,36.45761422812939,64.57406313717365,1.6703115636482835,20598.834323883057,0.0,30.0,0.0,0.0,0.5521428571428572,1.1568189151585102,1.150851383805275,0.01989175088237971
immediate_advantage_dqn,805,99,109.79663921892643,109.45303399018944,37.20081543922424,72.59582278132439,1.7405589763075113,21511.85618209839,0.0,32.0,0.0,1.0,0.5476190476190477,1.0797660425305367,1.072437521070242,0.024428399628959596
immediate_advantage_dqn,805,100,100.09699032604695,108.22708051636816,37.72416377067566,62.37282715141773,1.6679418357089162,21258.656867980957,0.0,27.0,0.0,2.0,0.5430952380952381,0.9183231573551893,0.9125428386032581,0.019267740193754435
immediate_advantage_dqn,805,101,111.17783467620612,108.47441675238312,42.36799133569002,68.80984299778939,1.7318205665796995,23768.670852661133,0.0,29.0,0.0,1.0,0.5385714285714286,1.2308834921568632,1.2251390218734741,0.01914824265986681
immediate_advantage_dqn,805,102,94.3587024524808,108.10126039117577,35.042221538722515,59.31648082435131,1.6089209374040365,19901.607234954834,0.0,25.0,0.0,2.0,0.5340476190476191,1.1600778587162495,1.1556808538734913,0.014656686806119978
immediate_advantage_dqn,805,103,111.50699250400066,107.59237564608456,40.65370964258909,70.85328271985054,1.7412139028310776,23041.032585144043,0.0,31.0,0.0,0.0,0.5295238095238095,0.9552701823413372,0.9484570603817701,0.02271038352046162
immediate_advantage_dqn,805,104,102.69132797420025,107.76332131534816,32.99747808277607,69.69385021924973,1.6380094643682241,19157.59824371338,0.0,29.0,0.0,0.0,0.525,0.9702796991914511,0.9645894896239042,0.01896734262118116
immediate_advantage_dqn,805,105,96.65526603162289,106.61754182189705,32.69280956685543,63.96245636045933,1.612079837359488,19135.354946136475,0.0,28.0,0.0,0.0,0.5204761904761905,0.7953808773308992,0.7895024381577969,0.01959480287041515
immediate_advantage_dqn,805,106,98.2147431075573,106.7824674604833,36.959421932697296,61.25532156229019,1.6290676770731807,20957.11506652832,0.0,28.0,0.0,0.0,0.5159523809523809,1.0319325476884842,1.023876141756773,0.02685470972210169
immediate_advantage_dqn,805,107,87.20012100338936,105.15786486670376,30.372443079948425,56.827678236365315,1.5391384018585086,17632.960124969482,0.0,25.0,0.0,3.0,0.5114285714285716,1.077036313712597,1.0722657013684511,0.015902016893960536
immediate_advantage_dqn,805,108,90.13751959949732,104.36473416425288,31.918976448476315,58.21854270398617,1.5794699490070343,18170.922424316406,0.0,26.0,0.0,2.0,0.506904761904762,0.8324849717319012,0.8259226754307747,0.021874323021620512
immediate_advantage_dqn,805,109,98.65472489595413,104.18094346515836,34.11881184577942,64.5359138250351,1.5839135451242328,19711.706176757812,0.0,28.0,0.0,0.0,0.5023809523809524,1.3704309798777103,1.3598299734294415,0.03533668862655759
immediate_advantage_dqn,805,110,88.76724769175053,104.16927082523702,31.813244804739952,56.954003155231476,1.509498905390501,18071.3663520813,0.0,25.0,0.0,0.0,0.4978571428571429,1.3342399969696999,1.3288968075066805,0.017810630437452346
immediate_advantage_dqn,805,111,107.63380267620087,103.57868671894076,32.83961857110262,74.79418411254883,1.6105764135718346,18591.57857131958,0.0,32.0,0.0,2.0,0.4933333333333334,1.3195335492491722,1.313554558902979,0.019930001872126013
immediate_advantage_dqn,805,112,100.48745374530554,102.23148685835302,35.86381809413433,64.62363572567702,1.5876056998968124,19791.032497406006,0.0,29.0,0.0,1.0,0.4888095238095238,1.0742258187383413,1.0689844023436308,0.01747141731902957
immediate_advantage_dqn,805,113,113.54644285440445,102.5419869401306,35.77855996787548,77.76788291633129,1.6637196531519294,20130.930778503418,0.0,34.0,0.0,3.0,0.4842857142857143,1.0877442192286253,1.078936342149973,0.029359592241235077
immediate_advantage_dqn,805,114,99.2457779288292,102.06590792663397,35.25645953416824,63.98931878209114,1.6540419161319733,20089.45978164673,0.0,28.0,0.0,2.0,0.4797619047619047,0.9649581145495176,0.9593998361378908,0.018527598469518125
immediate_advantage_dqn,805,115,104.64767540991306,101.85048273369671,35.17739400267601,69.47028121352196,1.6462371414527297,20231.682346343994,0.0,30.0,0.0,1.0,0.47523809523809524,0.9635156653821468,0.9563606716692448,0.023849992780014873
immediate_advantage_dqn,805,116,115.73608901500702,102.3581641203165,37.17844018340111,78.5576486825943,1.735154247842729,21102.192722320557,0.0,32.0,0.0,2.0,0.47071428571428575,1.2476302180439234,1.2399617601186037,0.025561524904333055
immediate_advantage_dqn,805,117,100.62151564657688,101.61042719125749,35.20206260681152,65.4194533675909,1.6864420948550105,20203.339763641357,0.0,28.0,0.0,2.0,0.46619047619047627,1.414455160498619,1.405563797801733,0.02963785780593753
immediate_advantage_dqn,805,118,85.29337237924338,100.82351195685567,31.704908035695553,53.5884643137455,1.5487664705142379,18046.38252067566,0.0,24.0,0.0,2.0,0.46166666666666667,1.1613750401884317,1.1547389049082994,0.02212039171718061
immediate_advantage_dqn,805,119,100.20861759334802,100.34411087557675,34.56733591109514,65.64128174185753,1.6206920333206654,19516.113925933838,0.0,28.0,0.0,2.0,0.4571428571428572,1.2056123316287994,1.1983313858509064,0.024269809830002487
immediate_advantage_dqn,805,120,99.4997565612197,100.31424918733538,35.468084178864956,64.03167282938958,1.6498983688652515,20455.18200492859,0.0,26.0,0.0,2.0,0.4526190476190477,0.9989164657890797,0.9919407181441784,0.02325242606457323
immediate_advantage_dqn,805,121,93.93847686946393,99.45228129699828,32.80047668516636,61.138000750541686,1.595813186839223,18579.95517730713,0.0,27.0,0.0,2.0,0.4480952380952381,1.1968345493078232,1.1921449974179268,0.015631815535016358
immediate_advantage_dqn,805,122,84.76792641729116,98.97274249523879,31.032556302845478,53.73537066578865,1.5405636439099908,17504.44623374939,0.0,26.0,0.0,0.0,0.4435714285714286,0.993969663977623,0.9866372644901276,0.02444131171796471
immediate_advantage_dqn,805,123,104.21761880815029,98.60827381044628,37.65442305803299,66.56319579482079,1.6756394673138857,20987.27719116211,0.0,28.0,0.0,0.0,0.439047619047619,1.0978924296796322,1.090577332302928,0.024383665819186717
immediate_advantage_dqn,805,124,93.8188424050808,98.1646495319903,32.25953210890293,61.559310191869734,1.6409033667296171,18804.11640548706,0.0,28.0,0.0,1.0,0.43452380952380953,1.0675121331587434,1.0608675088733435,0.02214874920900911
immediate_advantage_dqn,805,125,90.01273554861545,97.83252300783991,30.41239570826292,59.60033966898918,1.574318990111351,17538.66209793091,0.0,26.0,0.0,2.0,0.43000000000000005,1.3219842202961445,1.3117599748075008,0.03408080665394664
immediate_advantage_dqn,805,126,92.71704188883305,97.55763794690371,32.09407615661621,60.6229650914669,1.593790045939386,18138.52069091797,0.0,26.0,0.0,2.0,0.42547619047619056,1.2309503015130758,1.2232741303741932,0.025587254553101957
immediate_advantage_dqn,805,127,88.74895158410072,97.63507947593929,30.371593162417412,58.377357602119446,1.519355196505785,16816.06266784668,0.0,27.0,0.0,0.0,0.42095238095238097,1.3323615770787,1.3252146132290363,0.023823276860639453
immediate_advantage_dqn,805,128,107.71739056706429,98.51407302431764,35.11911638081074,72.59827463328838,1.7056262493133545,20404.58874130249,0.0,31.0,0.0,1.0,0.41642857142857137,1.1953593827784061,1.187496492639184,0.026209621457383037
immediate_advantage_dqn,805,129,110.3483099937439,99.0987522792071,38.72645965218544,71.62184980511665,1.719154480844736,21949.09825515747,0.0,30.0,0.0,1.0,0.4119047619047619,1.4304021578282118,1.423595353960991,0.022689366072881967
immediate_advantage_dqn,805,130,110.29004434645177,100.17489211194217,35.88679003715515,74.40325444340706,1.7148665450513363,20220.843418121338,0.0,33.0,0.0,1.0,0.4073809523809524,1.204823913052678,1.1988494601100683,0.019914873002562672
immediate_advantage_dqn,805,131,94.088103890419,99.49760717265308,32.75479571521282,61.33330816030502,1.5804176954552531,18699.6602973938,0.0,27.0,0.0,1.0,0.4028571428571429,1.1929188761860132,1.1851689890027046,0.02583291515475139
immediate_advantage_dqn,805,132,108.7265105098486,99.90956001088026,37.5444521009922,71.182058095932,1.7320188777521253,21390.571208953857,0.0,30.0,0.0,1.0,0.39833333333333343,1.4013032037764788,1.3931719064712524,0.027104265871457756
immediate_advantage_dqn,805,133,101.70038933455945,99.317257334888,38.57252988219261,63.12785927355289,1.7004238367080688,21842.472576141357,0.0,28.0,0.0,2.0,0.39380952380952383,1.0493766013532877,1.0425031408667564,0.022911552456207573
immediate_advantage_dqn,805,134,101.68891955912113,99.43941441640258,34.89917293190956,66.7897464632988,1.687526797875762,20061.45969772339,0.0,29.0,0.0,1.0,0.38928571428571423,0.9746025651693344,0.9659905787557364,0.02870659774634987
immediate_advantage_dqn,805,135,84.94262098670006,98.45416169524194,30.436299726366997,54.506321200728415,1.5006974833086133,16868.053504943848,0.0,26.0,0.0,1.0,0.38476190476190475,1.3110393062233925,1.3018879257142544,0.030504623777233064
immediate_advantage_dqn,805,136,84.97999386638404,96.91635693781079,31.859802447259426,53.12019129991531,1.5681638652458787,18304.733463287354,0.0,24.0,0.0,2.0,0.38023809523809526,1.3993506729602814,1.3896334674209356,0.03239065990783274
immediate_advantage_dqn,805,137,113.64069751054049,97.56731603100897,36.432023249566555,77.20867484211922,1.7500255955383182,21467.510696411133,0.0,33.0,0.0,2.0,0.3757142857142858,1.2778754532337189,1.2685786243528128,0.03098942502401769
immediate_advantage_dqn,805,138,93.95133476704359,98.00021415039899,34.08454107493162,59.866793751716614,1.6189641086384654,19455.743446350098,0.0,26.0,0.0,1.0,0.3711904761904763,1.4177861139178276,1.4098458476364613,0.026467529824003577
immediate_advantage_dqn,805,139,109.74749288260936,98.47715791486205,36.65132096409798,73.09617255926132,1.6789685729891062,20562.898162841797,0.0,31.0,0.0,2.0,0.3666666666666667,1.1588486470282078,1.151320243254304,0.025094670010730624
immediate_advantage_dqn,805,140,92.48177221566439,98.12625869758429,33.42499167472124,59.05678012371063,1.580308529548347,18923.0849609375,0.0,27.0,0.0,1.0,0.3621428571428572,1.300044521689415,1.2902423050254583,0.032674105605110526
immediate_advantage_dqn,805,141,99.86320751905441,98.42249523006379,33.624811455607414,66.23839598894119,1.6497946381568909,19266.552028656006,0.0,30.0,0.0,1.0,0.3576190476190476,1.4390690121799707,1.4323412962257862,0.02242568670772016
immediate_advantage_dqn,805,142,102.93176421523094,99.33068711996079,34.733726903796196,68.19803683459759,1.624701072461903,19665.153114318848,0.0,31.0,0.0,0.0,0.35309523809523813,1.5410726070404053,1.5326052457094193,0.028224565787240863
immediate_advantage_dqn,805,143,103.40431421399117,99.29002189025285,34.74300705641508,68.66130640506745,1.6537363361567259,19922.41450881958,0.0,30.0,0.0,2.0,0.34857142857142864,1.0633460637181997,1.0533527694642544,0.03331100341165438
immediate_advantage_dqn,805,144,86.23263002932072,98.91071127146483,31.110857367515564,55.1217729896307,1.5734430495649576,18043.73223876953,0.0,26.0,0.0,1.0,0.34404761904761905,1.1061513125896454,1.1004428695887327,0.01902814133791253
immediate_advantage_dqn,805,145,72.83198209106922,98.05167359858751,30.388340711593628,42.44364160299301,1.4948771707713604,16785.937795639038,0.0,21.0,0.0,1.0,0.33952380952380956,1.244789469987154,1.2366298362612724,0.02719876845367253
immediate_advantage_dqn,805,146,91.11137483268976,97.97139024578036,33.71399948000908,57.39737617969513,1.6049896739423275,19107.274200439453,0.0,27.0,0.0,1.0,0.3350000000000001,1.2121709883213043,1.2022710070014,0.03299994906410575
immediate_advantage_dqn,805,147,86.94751262068749,97.88131829760968,33.44075292348862,53.50675953328609,1.569862182252109,18848.137630462646,0.0,24.0,0.0,2.0,0.3304761904761905,1.353101521730423,1.3423060178756714,0.0359850293607451
immediate_advantage_dqn,805,148,88.86847797930241,96.93887266822159,31.706259727478027,57.16221787929535,1.5217740582302213,17859.646842956543,0.0,25.0,0.0,1.0,0.325952380952381,1.4645987376570702,1.456243373453617,0.027851218241266906
immediate_advantage_dqn,805,149,84.35341130197048,95.63912773363293,31.16010480374098,53.19330635666847,1.5611823685467243,17848.88959503174,0.0,25.0,0.0,0.0,0.3214285714285714,1.3452354967594147,1.338069137185812,0.02388787898235023
immediate_advantage_dqn,805,150,82.95612720400095,94.2724318765104,32.41301887482405,50.543108344078064,1.534113299101591,18239.462524414062,0.0,23.0,0.0,0.0,0.3169047619047619,1.1351908091455698,1.1285121962428093,0.022262068348936737
immediate_advantage_dqn,805,151,101.18568218648434,94.62731079131365,33.553634501993656,67.63204797506333,1.6277656387537718,19093.48260116577,0.0,30.0,0.0,2.0,0.3123809523809524,1.6837529726326466,1.6760228853672743,0.025766980368644
immediate_advantage_dqn,805,152,97.0089704990387,94.04143379077316,33.39194065332413,63.61702981591225,1.590427665039897,18633.013633728027,0.0,27.0,0.0,1.0,0.30785714285714294,1.6729076150804758,1.6640009693801403,0.02968880522530526
immediate_advantage_dqn,805,153,93.0840063855052,93.61061464332045,33.140235267579556,59.943771281838416,1.5993315689265728,18806.355655670166,0.0,27.0,0.0,1.0,0.30333333333333345,1.239983607083559,1.2297413386404514,0.03414091432932764
immediate_advantage_dqn,805,154,81.24913400411606,92.5886253655702,27.681877695024014,53.56725612282753,1.4900257717818022,15953.179908752441,0.0,25.0,0.0,0.0,0.29880952380952375,1.2962566930800676,1.287542898207903,0.0290459964890033
immediate_advantage_dqn,805,155,99.42718137055635,93.312853384763,34.89332613348961,64.5338557511568,1.6565370708703995,19622.999711990356,0.0,29.0,0.0,1.0,0.29428571428571426,1.0634276773780584,1.0534952003508806,0.03310828469693661
immediate_advantage_dqn,805,156,89.20714867860079,93.52421112537384,32.99399457871914,56.21315425634384,1.5684376368299127,18183.958351135254,0.0,26.0,0.0,1.0,0.2897619047619048,1.8539044484496117,1.8433703258633614,0.035113761899992824
immediate_advantage_dqn,805,157,96.13421639204026,92.64888706944883,31.667081385850906,64.46713484227658,1.5975176682695746,18160.522537231445,0.0,28.0,0.0,2.0,0.2852380952380953,1.6247164569795132,1.6177941616624594,0.02307427319465205
immediate_advantage_dqn,805,158,92.87871532142162,92.59525609716773,33.33259950578213,59.54611663520336,1.5810787919908762,18913.210823059082,0.0,27.0,0.0,0.0,0.2807142857142858,1.4358453042805195,1.4261844716966152,0.03220272029284388
immediate_advantage_dqn,805,159,96.284404553473,91.92210168071092,30.91320263594389,65.37120218575001,1.5770181668922305,17599.473293304443,0.0,30.0,0.0,0.0,0.2761904761904763,1.2889387048780918,1.2797600347548723,0.030595513177104294
immediate_advantage_dqn,805,160,101.32716535925866,92.36437133789063,33.649341851472855,67.67782325446606,1.6083180410787463,18751.84044265747,0.0,30.0,0.0,3.0,0.2716666666666666,1.3584191109985113,1.3511656392365694,0.02417822158895433
immediate_advantage_dqn,805,161,96.68674483895302,92.20554820388557,34.346755623817444,62.33998915553093,1.6553175738081336,19635.417793273926,0.0,28.0,0.0,0.0,0.2671428571428571,1.3318218383938074,1.322513923048973,0.03102633380331099
immediate_advantage_dqn,805,162,107.32055048644543,92.42498751744628,34.21010747551918,73.1104424893856,1.690430112183094,19904.795066833496,0.0,30.0,0.0,1.0,0.26261904761904764,1.8079613074660301,1.7990545276552439,0.02968920290004462
immediate_advantage_dqn,805,163,91.84365945458413,91.84695477947594,32.93000714480877,58.913652250170706,1.6603184174746275,19695.46378326416,0.0,26.0,0.0,1.0,0.25809523809523816,1.447837844491005,1.4401890393346548,0.02549601293867454
immediate_advantage_dqn,805,164,95.18287103027106,92.29446682952346,34.580321937799454,60.60254863798618,1.6363738607615232,19572.66630935669,0.0,28.0,0.0,3.0,0.25357142857142867,1.9628808423876762,1.9537494275718927,0.030438076239079237
immediate_advantage_dqn,805,165,100.52906499952078,93.67932097494604,34.39046163111925,66.13860350251198,1.6571747865527868,19614.928358078003,0.0,30.0,0.0,1.0,0.24904761904761907,1.7198215704411268,1.7084840256720781,0.03779182874131948
immediate_advantage_dqn,805,166,80.55963408946991,93.15173393778505,30.19889944791794,50.36073490977287,1.5035600392147899,17187.694499969482,0.0,25.0,0.0,0.0,0.2445238095238096,1.254682244732976,1.2486480213701725,0.020114058163017035
immediate_advantage_dqn,805,167,85.40073595941067,93.0743951047212,31.445367611944675,53.955368250608444,1.5326922656968236,17476.341552734375,0.0,26.0,0.0,1.0,0.24,1.4278683979064226,1.417410135269165,0.034860869753174484
immediate_advantage_dqn,805,168,101.87224866449833,93.72458363898099,35.24090012907982,66.63134849071503,1.7029367228969932,20483.462635040283,0.0,28.0,0.0,2.0,0.2354761904761905,1.5546575114130974,1.547216784209013,0.024802385829389095
immediate_advantage_dqn,805,169,107.42295546233655,94.8780608469993,36.31528137624264,71.10767408609391,1.6185228256508708,20206.587284088135,0.0,32.0,0.0,2.0,0.23095238095238102,1.5679080337285995,1.5572131387889385,0.03564961499068886
immediate_advantage_dqn,805,170,90.51537491679191,95.25602323263885,33.224796772003174,57.29057832360267,1.5770034492015839,18556.608543395996,0.0,26.0,0.0,3.0,0.22642857142857142,1.1130691319704056,1.1023190189152956,0.035833714879117906
immediate_advantage_dqn,805,171,98.51927057653666,95.12270265214146,36.462776996195316,62.05649280548096,1.6245772438123822,20240.956466674805,0.0,27.0,0.0,0.0,0.22190476190476194,1.7096512392163277,1.70199279114604,0.02552821091376245
immediate_advantage_dqn,805,172,91.64908507466316,94.85470838092269,31.794169761240482,59.854915380477905,1.585482532158494,18408.02841949463,0.0,26.0,0.0,0.0,0.21738095238095245,1.7461028397083282,1.737160436809063,0.029807994491420686
immediate_advantage_dqn,805,173,85.72631582021714,94.48682385265828,31.38198983669281,54.344325774908064,1.5434954492375255,17424.244453430176,0.0,25.0,0.0,4.0,0.21285714285714286,1.882077170535922,1.8728025909513235,0.0309153045527637
immediate_advantage_dqn,805,174,82.75054979175329,94.56189464204013,29.0526212900877,53.69792935848236,1.5136843984946609,16720.588626861572,0.0,24.0,0.0,4.0,0.20833333333333337,1.823704892769456,1.8160171695053577,0.02562568977009505
immediate_advantage_dqn,805,175,82.24151065200567,93.7026111061126,28.234535552561283,54.00697539746761,1.5476326569914818,16272.559005737305,0.0,25.0,0.0,1.0,0.20380952380952377,1.7588290739804506,1.7465903647243977,0.040795741602778435
immediate_advantage_dqn,805,176,67.88816201686859,92.63666177302599,27.337697952985764,40.55046436190605,1.4422016376629472,15231.728578567505,0.0,20.0,0.0,0.0,0.1992857142857143,1.6047284472733736,1.5969404634088278,0.025959938764572144
immediate_advantage_dqn,805,177,72.90920068472624,91.4754109876603,29.239954493939877,43.66924635469913,1.5015382412821054,16455.604484558105,0.0,20.0,0.0,1.0,0.1947619047619048,1.2311651073396206,1.2185952458530664,0.04189954278990626
immediate_advantage_dqn,805,178,88.7503807246685,91.26899425782264,30.707061417400837,58.04331915080547,1.5276864683255553,17505.68687057495,0.0,29.0,0.0,0.0,0.19023809523809532,1.5797522906213999,1.572387084364891,0.024550674366764724
immediate_advantage_dqn,805,179,102.91328252851963,91.60043815657498,34.93094693124294,67.98233580589294,1.7648580502718687,21322.315315246582,0.0,29.0,0.0,0.0,0.18571428571428583,1.5447507984936237,1.5332542192190886,0.03832195739960298
immediate_advantage_dqn,805,180,82.59852540493011,90.66400615885854,29.051004625856876,53.547520220279694,1.543189293704927,16894.055683135986,0.0,25.0,0.0,0.0,0.18119047619047624,1.764368686825037,1.7570175491273403,0.024503773543983698
immediate_advantage_dqn,805,181,79.0768941283226,89.78351362332702,30.587098084390163,48.48979620039463,1.5198440216481686,17097.120281219482,0.0,22.0,0.0,1.0,0.17666666666666664,1.7822488769888878,1.7725340574979782,0.03238272911403328
immediate_advantage_dqn,805,182,85.62032122910023,88.69850216045977,30.968597799539566,54.65172320604324,1.5220928536728024,17626.963638305664,0.0,25.0,0.0,0.0,0.17214285714285715,1.4875663071870804,1.479672845453024,0.026311514666303992
immediate_advantage_dqn,805,183,86.78640800714493,88.4456395880878,30.251585729420185,56.53482222557068,1.5344149693846703,17196.44673728943,0.0,25.0,0.0,1.0,0.16761904761904767,1.6573089100420475,1.6467828005552292,0.0350870369002223
immediate_advantage_dqn,805,184,92.11593221873045,88.29229264751078,32.399270728230476,59.71666204929352,1.5626788819208741,18003.55823135376,0.0,28.0,0.0,0.0,0.16309523809523818,1.798895401880145,1.7885931115597486,0.03434092516545206
immediate_advantage_dqn,805,185,66.35479937791824,86.58357936643064,25.90732952952385,40.44746947586536,1.402969067916274,14208.555923461914,0.0,21.0,0.0,3.0,0.1585714285714287,1.3581091947853565,1.3487068098038435,0.03134127741213888
immediate_advantage_dqn,805,186,100.1497401446104,87.56308466918766,33.012442387640476,67.13729783892632,1.5906819244846702,18577.500946044922,0.0,31.0,0.0,3.0,0.1540476190476191,1.7031241245567799,1.6932993158698082,0.03274937812238932
immediate_advantage_dqn,805,187,98.51437764763833,88.21876675359906,31.91684702038765,66.59753052294255,1.5634783962741494,17661.268621444702,0.0,30.0,0.0,1.0,0.1495238095238095,1.9849932454526424,1.9721246510744095,0.04289539693854749
immediate_advantage_dqn,805,188,98.36851254105568,88.04357994742692,31.39169843494892,66.97681397199631,1.6239425064995885,18438.35386657715,0.0,28.0,0.0,0.0,0.14500000000000002,1.6660863235592842,1.6577708423137665,0.02771824167575687
immediate_advantage_dqn,805,189,90.61144098639488,87.20300422362985,31.355321541428566,59.256119787693024,1.5657934211194515,17954.989086151123,0.0,27.0,0.0,0.0,0.14047619047619053,1.5972920767962933,1.5820753052830696,0.05072257784195244
immediate_advantage_dqn,805,190,77.85867885649205,86.57016942061485,28.7722839564085,49.086394959688185,1.522633927874267,16187.865327835083,0.0,22.0,0.0,2.0,0.13595238095238105,1.886449083685875,1.8736683130264282,0.04260251228697598
immediate_advantage_dqn,805,191,85.44004636257887,85.91620820991696,30.582231856882572,54.857814490795135,1.4823924098163843,16331.881649017334,0.0,26.0,0.0,1.0,0.13142857142857145,1.8785168267786503,1.8661713749170303,0.04115153686143458
immediate_advantage_dqn,805,192,82.99494062364101,85.48350098736584,33.230376578867435,49.76456409692764,1.5182634145021439,17810.301155090332,0.0,22.0,0.0,0.0,0.12690476190476196,1.6800019852817059,1.6704545579850674,0.031824826379306614
immediate_advantage_dqn,805,193,80.43331614136696,85.21885100342334,29.71847477555275,50.714841455221176,1.5514634223654866,16703.054134368896,0.0,25.0,0.0,0.0,0.12238095238095237,1.6866388339549303,1.6755711920559406,0.036892146803438663
immediate_advantage_dqn,805,194,92.67199519276619,85.71492327347399,30.861382476985455,61.81061269342899,1.5230675786733627,17198.46754837036,0.0,28.0,0.0,1.0,0.11785714285714288,1.479778764769435,1.4693228788673878,0.03485294769052416
immediate_advantage_dqn,805,195,89.64674546569586,86.08518501415848,30.48807117342949,59.15867355465889,1.5624770661816,17327.019199371338,0.0,27.0,0.0,2.0,0.1133333333333334,2.337140440940857,2.328916944563389,0.02741172449896112
immediate_advantage_dqn,805,196,89.88984733223916,87.18526927992701,30.21790935844183,59.67193860709667,1.5732481209561229,17156.99383163452,0.0,26.0,0.0,2.0,0.1088095238095238,1.780317023396492,1.7731197401881218,0.02399087860248983
immediate_advantage_dqn,805,197,87.06373982131481,87.89299623675645,32.487617030739784,54.57612279057503,1.5405688537284732,17827.232124328613,0.0,25.0,0.0,3.0,0.10428571428571431,2.0731106530874968,2.063335558399558,0.03258363204076886
immediate_advantage_dqn,805,198,95.26250453293324,88.21860242716969,32.6428772136569,62.61962643265724,1.5991337727755308,18518.53758239746,0.0,28.0,0.0,0.0,0.09976190476190483,1.9075655043125153,1.8966796770691872,0.03628614195622504
immediate_advantage_dqn,805,199,74.51693177968264,86.79878488972784,27.96146299690008,46.555469021201134,1.4497554013505578,15754.18327331543,0.0,21.0,0.0,0.0,0.09523809523809534,1.7780175618827343,1.767723273485899,0.034314318210817873
immediate_advantage_dqn,805,200,87.3107381016016,87.0343955245614,30.477961026132107,56.83277690410614,1.561990525573492,17416.389556884766,0.0,25.0,0.0,1.0,0.09071428571428575,1.207493742927909,1.1979240663349628,0.0318989324150607
immediate_advantage_dqn,805,201,88.69114291071892,87.51510796368123,31.26497481763363,57.42616798877716,1.5366353169083595,17363.872859954834,0.0,26.0,0.0,1.0,0.08619047619047626,1.9477322325110435,1.9367551654577255,0.03659020352642983
immediate_advantage_dqn,805,202,94.1166548371315,87.9399246440828,30.784425422549248,63.33222942948341,1.5614525321871042,17259.951320648193,0.0,29.0,0.0,2.0,0.08166666666666667,1.9136864729225636,1.900061521679163,0.045416451059281826
immediate_advantage_dqn,805,203,87.63081770390272,87.98214512892068,29.356793843209743,58.274023830890656,1.5776655515655875,17498.364177703857,0.0,26.0,0.0,1.0,0.07714285714285718,1.6784853041172028,1.6727266311645508,0.019195634580682963
immediate_advantage_dqn,805,204,79.55859461426735,87.35427824869753,29.01723427325487,50.54136052727699,1.4821833679452538,16098.628982543945,0.0,24.0,0.0,0.0,0.0726190476190477,1.5699650384485722,1.5560519620776176,0.046376911108382046
immediate_advantage_dqn,805,205,62.66313919574022,87.16969523958862,25.973831214010715,36.689307966828345,1.3873581811785698,14509.673042297363,0.0,19.0,0.0,1.0,0.06809523809523821,1.9343585316091776,1.9253300540149212,0.030094896792434156
immediate_advantage_dqn,805,206,84.51003877222539,86.38771017096937,28.988241761922836,55.521796905994414,1.5080269752070308,16231.447525024414,0.0,26.0,0.0,2.0,0.06357142857142861,1.4021553341299295,1.3870427645742893,0.05037525203078985
immediate_advantage_dqn,805,207,84.18673567473888,85.6713280723244,30.977967105805874,53.208768755197525,1.5349331349134445,17145.817489624023,0.0,25.0,0.0,2.0,0.059047619047619015,1.7671817988157272,1.7559842020273209,0.03732536896131933
immediate_advantage_dqn,805,208,80.63104427009822,84.78445465877653,27.545373611152172,53.085670912265776,1.4780935514718294,15504.145919799805,0.0,25.0,0.0,1.0,0.05452380952380953,1.7652349881827831,1.7557035833597183,0.031771318754181266
immediate_advantage_dqn,805,209,78.5466924622655,84.18121723257006,29.231222338974476,49.31547040641308,1.4891170151531696,15931.166770935059,0.0,22.0,0.0,1.0,0.050000000000000044,1.9002162087708712,1.8889183700084686,0.03765947883948684
immediate_advantage_dqn,805,210,98.13444709181786,85.19500564433636,32.87586157023907,65.25858528316022,1.6381408451125026,18578.868576049805,0.0,29.0,0.0,1.0,0.050000000000000044,1.78181754052639,1.7689357250928879,0.0429393679369241
immediate_advantage_dqn,805,211,79.84975662082434,84.91549115724862,30.486346684396267,49.363410249352455,1.5511566828936338,17045.974815368652,0.0,23.0,0.0,0.0,0.050000000000000044,2.32110758125782,2.3107521049678326,0.03451828868128359
immediate_advantage_dqn,805,212,84.25963174849748,84.97872571349146,28.80785458534956,55.45177747607231,1.4757549138739705,15660.302738189697,0.0,26.0,0.0,3.0,0.050000000000000044,1.9294926952570677,1.9177591893821955,0.03911168873310089
immediate_advantage_dqn,805,213,83.82008516937495,85.14806416489185,29.977871023118496,53.8422145485878,1.5212989188730717,16822.613080978394,0.0,25.0,0.0,2.0,0.050000000000000044,1.9339099414646626,1.923176795244217,0.03577713423874229
immediate_advantage_dqn,805,214,70.24289562553167,84.02660918653012,27.701428212225437,42.54146730899811,1.40525212418288,14397.191759109497,0.0,22.0,0.0,0.0,0.050000000000000044,1.788515254855156,1.775761529803276,0.04251246899366379
immediate_advantage_dqn,805,215,93.74339677393436,84.23144175194204,32.93051868677139,60.8128781914711,1.5924111483618617,18033.432359695435,0.0,27.0,0.0,0.0,0.050000000000000044,2.027274277061224,2.0129965990781784,0.04759238683618605
immediate_advantage_dqn,805,216,78.57041574269533,83.66547017246486,28.60842427611351,49.96199096739292,1.4566074069589376,15931.348243713379,0.0,24.0,0.0,0.0,0.050000000000000044,2.1270346734672785,2.1157133914530277,0.03773762355558574
immediate_advantage_dqn,805,217,60.74901388734579,82.3497338757664,25.701942145824432,35.047071585059165,1.3878285624086857,13781.91763305664,0.0,20.0,0.0,3.0,0.050000000000000044,1.9194946717470884,1.9078610017895699,0.03877893160097301
immediate_advantage_dqn,805,218,87.24245308339596,81.94873130328953,30.20199078321457,57.04046216607094,1.523062327876687,16509.643465042114,0.0,26.0,0.0,0.0,0.050000000000000044,2.3323655612766743,2.3218201994895935,0.035151240532286465
immediate_advantage_dqn,805,219,71.32639578133822,81.78920450337232,28.066617265343666,43.25977858304977,1.4548189705237746,15320.152570724487,0.0,21.0,0.0,1.0,0.050000000000000044,1.9430207535624504,1.9313798248767853,0.038803161354735494
immediate_advantage_dqn,805,220,80.82660771161318,81.4649979838729,29.47977524995804,51.34683223068714,1.5045914258807898,16218.907077789307,0.0,25.0,0.0,2.0,0.050000000000000044,2.030471870675683,2.02033219486475,0.03379895118996501
immediate_advantage_dqn,805,221,87.1613026201725,81.38850596934557,31.288128547370434,55.87317373752594,1.5447067124769092,17077.578285217285,0.0,25.0,0.0,1.0,0.050000000000000044,1.881492830812931,1.8697357457131147,0.03919027920346707
immediate_advantage_dqn,805,222,76.56925836354495,80.51113614566626,27.959018364548683,48.610239842534064,1.4596617184579372,15342.234922409058,0.0,23.0,0.0,1.0,0.050000000000000044,1.565818902105093,1.555402833968401,0.034720195340923965
immediate_advantage_dqn,805,223,77.33648705482483,79.99641961321235,27.91268926858902,49.423797488212585,1.463393123820424,15683.752548217773,0.0,22.0,0.0,0.0,0.050000000000000044,1.9404437765479088,1.929723884910345,0.03573299781419337
immediate_advantage_dqn,805,224,86.20031866431236,80.3285058157146,29.91297199577093,56.28734640777111,1.5170464413240552,16592.348918914795,0.0,27.0,0.0,0.0,0.050000000000000044,2.0058884117752314,1.9949858393520117,0.036341966362670064
immediate_advantage_dqn,805,225,97.37355074286461,82.06402639307082,33.736682549118996,63.63686752319336,1.5959871681407094,18577.58961868286,0.0,28.0,0.0,0.0,0.050000000000000044,1.699985384941101,1.687081165611744,0.043014055932872
immediate_advantage_dqn,805,226,85.1127962321043,82.09416426606477,29.660255789756775,55.45254026353359,1.5503251906484365,17400.651107788086,0.0,26.0,0.0,1.0,0.050000000000000044,2.4469106644392014,2.4366777315735817,0.03410973725840449
immediate_advantage_dqn,805,227,79.29800296723843,81.84972763068974,28.90159909427166,50.39640339612961,1.5037017548456788,16390.452375411987,0.0,24.0,0.0,1.0,0.050000000000000044,2.1583442725241184,2.151125930249691,0.024061171570792794
immediate_advantage_dqn,805,228,92.30884410440922,82.43361762240531,31.928924083709717,60.379919946193695,1.58000507671386,17966.64839553833,0.0,26.0,0.0,2.0,0.050000000000000044,1.9888968393206596,1.9752767086029053,0.04540050169453025
immediate_advantage_dqn,805,229,96.00258773565292,83.30641238607467,33.08899340033531,62.913594648242,1.603981320746243,18259.596534729004,0.0,29.0,0.0,1.0,0.050000000000000044,1.9757673367857933,1.9647624120116234,0.03668314532842487
immediate_advantage_dqn,805,230,87.0552573516965,82.75245289906862,32.309072487056255,54.746184745430945,1.5633526928722858,18216.339637756348,0.0,24.0,0.0,1.0,0.050000000000000044,2.1118447557091713,2.1006207317113876,0.03741338255349547
immediate_advantage_dqn,805,231,88.40376748144627,83.1801534420997,30.045620530843735,58.35814689099789,1.4928808510303497,16392.659008026123,0.0,28.0,0.0,0.0,0.050000000000000044,1.9190695341676474,1.9078373108059168,0.03744074271526188
immediate_advantage_dqn,805,232,87.05495990812778,83.31991985008122,30.361046493053436,56.69391347467899,1.5326316868886352,16670.642433166504,0.0,27.0,0.0,0.0,0.050000000000000044,2.5749855265021324,2.5605454593896866,0.04813361680135131
immediate_advantage_dqn,805,233,85.20505088716746,83.38916813597083,29.51408675312996,55.690964022278784,1.48648323956877,16133.844379425049,0.0,24.0,0.0,2.0,0.050000000000000044,2.04922235570848,2.035474296659231,0.04582685080822557
immediate_advantage_dqn,805,234,90.0642650872469,84.3802366090566,34.23127408325672,55.832990646362305,1.552029979415238,18582.26990890503,0.0,26.0,0.0,0.0,0.050000000000000044,2.422548793256283,2.409824848175049,0.04241303203161806
immediate_advantage_dqn,805,235,82.16692854464054,83.80141319759191,29.89967492222786,52.2672533839941,1.5028456589207053,16453.222190856934,0.0,24.0,0.0,0.0,0.050000000000000044,2.3548933155834675,2.343351449817419,0.03847282310016453
immediate_advantage_dqn,805,236,77.14031050503255,83.72990793570878,28.213202998042107,48.92710747718811,1.4560524299740791,15156.893650054932,0.0,23.0,0.0,1.0,0.050000000000000044,1.9422493316233158,1.9306970946490765,0.03850754431914538
immediate_advantage_dqn,805,237,87.40419992804527,85.06266723774374,31.15981363505125,56.24438637495041,1.5515582878142595,17238.04591369629,0.0,27.0,0.0,1.0,0.050000000000000044,2.1262408569455147,2.1136749386787415,0.041886348742991686
immediate_advantage_dqn,805,238,91.43085393309593,85.27208728022875,32.857110403478146,58.57374368607998,1.5589828053489327,17648.882396697998,0.0,26.0,0.0,1.0,0.050000000000000044,1.2754654306918383,1.2600738257169724,0.0513053375761956
immediate_advantage_dqn,805,239,83.17441888153553,85.8644884352386,29.579283893108368,53.59513561427593,1.4985802602022886,16177.71940612793,0.0,27.0,0.0,0.0,0.050000000000000044,2.0977781526744366,2.084847755730152,0.04310135543346405
immediate_advantage_dqn,805,240,65.10828691273927,85.07857239529491,27.07851617783308,38.0297702729702,1.4313786551356316,14772.269771575928,0.0,20.0,0.0,2.0,0.050000000000000044,1.9670829214155674,1.9567169435322285,0.03455334680620581
immediate_advantage_dqn,805,241,79.10762296020985,84.67588841229677,28.119829088449478,50.98779415488243,1.4923289138823748,15712.103118896484,0.0,24.0,0.0,2.0,0.050000000000000044,1.9491539523005486,1.9366180747747421,0.041786156478337944
immediate_advantage_dqn,805,242,102.86153772622347,85.9905023804307,33.13259011507034,69.72894757390023,1.6045979196205735,18365.552822113037,0.0,30.0,0.0,2.0,0.050000000000000044,2.1010762192308903,2.084438543766737,0.05545897432602942
immediate_advantage_dqn,805,243,76.61941140890121,85.95464859813453,28.14698775857687,48.47242386639118,1.4701050762087107,15821.063236236572,0.0,22.0,0.0,0.0,0.050000000000000044,1.9636158272624016,1.9524669721722603,0.037162888678722084
immediate_advantage_dqn,805,244,94.95754467844964,86.3925098988414,30.067338854074478,64.89020652472973,1.5096921296790242,16562.578468322754,0.0,30.0,0.0,2.0,0.050000000000000044,1.5381403677165508,1.5260504744946957,0.040299708722159266
immediate_advantage_dqn,805,245,78.19479026794434,85.43357187509538,29.048228934407234,49.14656109511852,1.4880001423880458,16150.536304473877,0.0,22.0,0.0,1.0,0.050000000000000044,1.8174234107136726,1.8059737607836723,0.03816544730216265
immediate_advantage_dqn,805,246,93.58854888677597,85.85735950782896,32.01907806098461,61.56947101950645,1.5751396426931024,18034.400161743164,0.0,27.0,0.0,4.0,0.050000000000000044,1.728857610374689,1.7158369719982147,0.0434022075496614
immediate_advantage_dqn,805,247,88.43402227759361,86.31416047334672,31.98073211312294,56.45328986644745,1.5741381738334894,17939.04323387146,0.0,27.0,0.0,0.0,0.050000000000000044,1.670438390225172,1.6554420441389084,0.049987778067588806
immediate_advantage_dqn,805,248,85.6315089687705,85.98029371656477,31.25564170628786,54.37586644291878,1.5302248671650887,17077.98997116089,0.0,25.0,0.0,1.0,0.050000000000000044,2.106438420712948,2.092984154820442,0.044847484678030014
immediate_advantage_dqn,805,249,86.57565331459045,85.50894699551165,29.74959333240986,56.82606087625027,1.5484686642885208,17003.7134475708,0.0,28.0,0.0,0.0,0.050000000000000044,1.934090994298458,1.9206447172909975,0.04482093558181077
immediate_advantage_dqn,805,250,74.32105109244586,84.87223668254913,28.85209096223116,45.46896060705185,1.5074354773387313,16748.481727600098,0.0,21.0,0.0,1.0,0.050000000000000044,2.6180259361863136,2.6095802560448647,0.028152213199064136
immediate_advantage_dqn,805,251,94.09813996553422,85.15695530675353,33.26388534903526,60.83425442278385,1.5935343662276864,18269.64033126831,0.0,28.0,0.0,2.0,0.050000000000000044,1.860852874815464,1.8490869291126728,0.03921981749590486
immediate_advantage_dqn,805,252,95.2611163854599,85.56726313062013,31.893780022859573,63.36733643710613,1.619361249729991,18305.728958129883,0.0,29.0,0.0,0.0,0.050000000000000044,2.7722567692399025,2.7603035047650337,0.03984412923455238
immediate_advantage_dqn,805,253,84.21463576108218,85.51774237431587,30.82123675197363,53.39339936673641,1.5302376514300704,17132.401580810547,0.0,24.0,0.0,2.0,0.050000000000000044,2.404794581234455,2.393753509968519,0.036803554045036435
immediate_advantage_dqn,805,254,71.58721195310355,84.5938897176087,29.500410847365856,42.08680076301098,1.4752269852906466,15990.913042068481,0.0,20.0,0.0,1.0,0.050000000000000044,2.0416996777057648,2.0258748456835747,0.052749367081560194
immediate_advantage_dqn,805,255,90.90255638509989,85.03067110963167,30.796745620667934,60.10581077933311,1.5673863114789128,17419.512329101562,0.0,25.0,0.0,4.0,0.050000000000000044,1.7598277367651463,1.7464115172624588,0.04472073377110064
immediate_advantage_dqn,805,256,86.83959640711547,85.51563540473582,29.462141782045364,57.377454632520674,1.4650737596675754,16040.653736114502,0.0,26.0,0.0,2.0,0.050000000000000044,2.2633900493383408,2.248918104916811,0.04823982995003462
immediate_advantage_dqn,805,257,87.64128874987364,85.52748984582723,32.11088727414608,55.53040154278278,1.567277142778039,17470.430305480957,0.0,26.0,0.0,0.0,0.050000000000000044,2.1075831539928913,2.0947777442634106,0.042684691958129406
immediate_advantage_dqn,805,258,88.50569072365761,85.3812316853553,33.42232292145491,55.0833674967289,1.5818997975438833,18206.681789398193,0.0,24.0,0.0,0.0,0.050000000000000044,1.9196546114981174,1.9086170308291912,0.036791967460885644
immediate_advantage_dqn,805,259,77.62544006109238,85.10378274433316,27.58744764328003,50.03799217939377,1.4532742481678724,15131.573204040527,0.0,25.0,0.0,0.0,0.050000000000000044,2.281227096915245,2.2675995379686356,0.04542533168569207
immediate_advantage_dqn,805,260,76.47450680434704,85.67209373891355,29.420013032853603,47.05449400246143,1.4860806334763765,16283.670013427734,0.0,23.0,0.0,1.0,0.050000000000000044,2.1062343306839466,2.09290730394423,0.04442339832894504
immediate_advantage_dqn,805,261,76.17242074012756,85.52533362790943,28.78228873759508,47.390132188797,1.4740490186959505,15530.227827072144,0.0,22.0,0.0,0.0,0.050000000000000044,2.6303445287048817,2.6192170307040215,0.037091698963195086
immediate_advantage_dqn,805,262,86.6827771678567,84.7163955999911,30.196044854819775,56.48673250675201,1.5422221347689629,17057.74005126953,0.0,25.0,0.0,1.0,0.050000000000000044,2.2911322750151157,2.2759421970695257,0.050633570179343224
immediate_advantage_dqn,805,263,83.01075272411109,85.0359626657516,29.472770147025585,53.53798254728317,1.542691390030086,16988.585887908936,0.0,24.0,0.0,2.0,0.050000000000000044,2.008119784295559,1.9945956766605377,0.04508036398328841
immediate_advantage_dqn,805,264,87.24221570789814,84.65019621722402,31.545908465981483,55.69630643725395,1.557273780927062,17644.67751312256,0.0,27.0,0.0,0.0,0.050000000000000044,1.9535339083522558,1.9395115748047829,0.046741174068301916
immediate_advantage_dqn,805,265,88.7904401794076,85.17997871279718,31.13683908432722,57.65360105037689,1.5844186889007688,17506.311668395996,0.0,25.0,0.0,0.0,0.050000000000000044,2.3382102996110916,2.3238943591713905,0.04771986894775182
immediate_advantage_dqn,805,266,83.87637150287628,84.69436984360217,31.112698957324028,52.76367273926735,1.5354738384485245,17140.1203956604,0.0,23.0,0.0,1.0,0.050000000000000044,1.7773643359541893,1.7630320936441422,0.04777410801034421
immediate_advantage_dqn,805,267,84.70323913693429,84.50783068656922,30.83484447002411,53.868395113945006,1.534150516614318,17020.733459472656,0.0,25.0,0.0,2.0,0.050000000000000044,2.2043170407414436,2.1944003365933895,0.033055693726055324
immediate_advantage_dqn,805,268,83.16312246024609,84.384411361143,29.739465594291687,53.423657447099686,1.5270028673112392,16747.912384033203,0.0,24.0,0.0,0.0,0.050000000000000044,2.241998825222254,2.2262959145009518,0.05234305688645691
immediate_advantage_dqn,805,269,78.98246194422245,84.0047517926246,28.41642016917467,50.566041707992554,1.4684235751628876,15565.892875671387,0.0,23.0,0.0,1.0,0.050000000000000044,2.150066055357456,2.1344073563814163,0.05219567101448774
immediate_advantage_dqn,805,270,83.1867679014802,84.44803763307631,30.7569093182683,52.42985877692699,1.5396890249103308,17531.607692718506,0.0,22.0,0.0,2.0,0.050000000000000044,1.570053819566965,1.558367408812046,0.03895468183327466
immediate_advantage_dqn,805,271,84.61890850365162,83.97407605998218,29.54235179722309,55.07655661702156,1.5151204029098153,16614.130519866943,0.0,26.0,0.0,1.0,0.050000000000000044,2.3580173440277576,2.345539251342416,0.04159365268424153
immediate_advantage_dqn,805,272,82.04195173829794,83.31311782762408,28.77731181681156,53.26464006304741,1.4804061958566308,15826.277187347412,0.0,25.0,0.0,0.0,0.050000000000000044,2.360169433057308,2.3448516204953194,0.05105939519125968
immediate_advantage_dqn,805,273,89.83313404023647,83.59404274158179,30.45123950392008,59.38189420104027,1.4986252514645457,16565.04465484619,0.0,27.0,0.0,0.0,0.050000000000000044,2.3361182659864426,2.3223218210041523,0.04598808230366558
immediate_advantage_dqn,805,274,98.95767743289471,84.96256601557135,32.69250589609146,66.26517170071602,1.5880811028182507,18303.00617790222,0.0,29.0,0.0,1.0,0.050000000000000044,2.2714257929474115,2.255662390962243,0.05254469928331673
immediate_advantage_dqn,805,275,97.31293638199568,85.28308501541615,34.759293265640736,62.55364320576191,1.6342170387506485,19284.03130722046,0.0,27.0,0.0,3.0,0.050000000000000044,2.2036238498985767,2.1912073232233524,0.04138847067952156
immediate_advantage_dqn,805,276,79.3017942994833,84.90619491003454,30.219927959144115,49.081865856051444,1.5082093626260757,16544.64309310913,0.0,22.0,0.0,1.0,0.050000000000000044,1.9659442659467459,1.9536048974841833,0.04113118699751794
immediate_advantage_dqn,805,277,77.71103670448065,84.4096823077649,29.213932491838932,48.49710455536842,1.485407805070281,16376.323894500732,0.0,24.0,0.0,0.0,0.050000000000000044,2.337466236203909,2.3244302347302437,0.04345332947559655
immediate_advantage_dqn,805,278,85.87933960556984,84.27836475186051,29.628572799265385,56.250766813755035,1.530799643136561,16652.009830474854,0.0,26.0,0.0,1.0,0.050000000000000044,2.115065459161997,2.1049704384058714,0.03365009825211018
immediate_advantage_dqn,805,279,73.40278279781342,84.06723188869655,27.280166305601597,46.12261611223221,1.4591153571382165,15128.450584411621,0.0,22.0,0.0,0.0,0.050000000000000044,1.9988114517182112,1.982083074748516,0.05576121620833874
immediate_advantage_dqn,805,280,81.31532830893994,84.30927296392619,29.971722714602947,51.34360564649105,1.4848537174984813,16592.418390274048,0.0,23.0,0.0,1.0,0.050000000000000044,1.5429030768573284,1.5271225236356258,0.052601918345317245
immediate_advantage_dqn,805,281,88.23199709653855,84.91225178174675,29.6974229067564,58.53457457721233,1.5305286440998316,17063.24076461792,0.0,26.0,0.0,2.0,0.050000000000000044,2.0786119736731052,2.0672671049833298,0.037816299591213465
immediate_advantage_dqn,805,282,79.11560648083687,84.53389324739577,29.01650793105364,50.099098885059355,1.4621080197393894,16129.875286102295,0.0,24.0,0.0,1.0,0.050000000000000044,2.475415736436844,2.462223060429096,0.04397569305729121
immediate_advantage_dqn,805,283,79.92213270813227,84.37946224659683,30.20547642558813,49.71665596961975,1.4693268295377493,16114.969497680664,0.0,22.0,0.0,0.0,0.050000000000000044,1.9533792063593864,1.9390457272529602,0.0477782532107085
immediate_advantage_dqn,805,284,96.80080234259367,84.8573915783316,31.843508169054985,64.9572941660881,1.5869805198162794,18092.189826965332,0.0,30.0,0.0,1.0,0.050000000000000044,2.697117906063795,2.6871375255286694,0.03326794970780611
immediate_advantage_dqn,805,285,76.26124429702759,84.23093178421259,29.41568934172392,46.8455545604229,1.4979583891108632,16370.341579437256,0.0,23.0,0.0,0.0,0.050000000000000044,2.7012505158782005,2.6891841739416122,0.040221176226623356
immediate_advantage_dqn,805,286,98.33716762959958,84.95397159054876,33.034223422408104,65.30294414758683,1.6075563402846456,18572.55681991577,0.0,29.0,0.0,2.0,0.050000000000000044,2.498537015169859,2.48703595623374,0.0383368581533432
immediate_advantage_dqn,805,287,80.33887156844139,84.73575321212411,30.71377269923687,49.62509827315807,1.5257544182240963,17358.435466766357,0.0,23.0,0.0,1.0,0.050000000000000044,2.451624780893326,2.4379488080739975,0.04558649193495512
immediate_advantage_dqn,805,288,93.09662834107876,85.23242850616575,30.339586913585663,62.757041472196576,1.5606207586824894,17400.42031097412,0.0,29.0,0.0,3.0,0.050000000000000044,2.4340076707303524,2.4201129488646984,0.04631572833750397
immediate_advantage_dqn,805,289,89.5719337016344,85.76190209403634,31.711583979427814,57.8603495657444,1.5474194744601846,17186.375102996826,0.0,27.0,0.0,0.0,0.050000000000000044,1.9852561056613922,1.9705394767224789,0.04905541567131877
immediate_advantage_dqn,805,290,73.36115456521512,85.27062142722309,27.331815630197525,46.029338830709456,1.4246722515672445,14895.131370544434,0.0,23.0,0.0,1.0,0.050000000000000044,1.973156314343214,1.963230460882187,0.033086108043789864
immediate_advantage_dqn,805,291,82.72528830170631,85.17594041712582,30.57454325258732,52.150745272636414,1.5207206662744284,16999.384605407715,0.0,25.0,0.0,1.0,0.050000000000000044,2.053165838122368,2.039296343922615,0.04623167519457638
immediate_advantage_dqn,805,292,92.87652136385441,85.71766889840364,33.11890324950218,59.757618099451065,1.5784720154479146,18135.55011367798,0.0,27.0,0.0,0.0,0.050000000000000044,2.312328562140465,2.294275902211666,0.06017555168364197
immediate_advantage_dqn,805,293,75.24010467529297,84.98801743015648,30.576365411281586,44.66373938322067,1.5380624923855066,17036.611221313477,0.0,23.0,0.0,0.0,0.050000000000000044,2.4917156137526035,2.4768408685922623,0.04958236624952406
immediate_advantage_dqn,805,294,84.83320595473052,84.28179385624827,30.834000162780285,53.999205300211905,1.5358417024835944,17190.073905944824,0.0,24.0,0.0,1.0,0.050000000000000044,1.6850247420370579,1.6713055521249771,0.0457306622993201
immediate_advantage_dqn,805,295,91.11622826755047,83.971958450526,32.5489798784256,58.567248463630676,1.5986052304506302,18210.510356903076,0.0,27.0,0.0,1.0,0.050000000000000044,2.439510129392147,2.425607793033123,0.04634110303595662
immediate_advantage_dqn,805,296,86.31314627081156,84.32252604909242,32.500633276999,53.81251302361488,1.5725319869816303,18143.93769454956,0.0,25.0,0.0,1.0,0.050000000000000044,2.899580951780081,2.8876534290611744,0.03975835535675287
immediate_advantage_dqn,805,297,73.40066539049148,84.10700748339295,27.01055919378996,46.390106219053266,1.4314370723441243,14988.481224060059,0.0,22.0,0.0,2.0,0.050000000000000044,2.835353184491396,2.8230951204895973,0.040860224748030305
immediate_advantage_dqn,805,298,78.70216318368912,83.74814866229892,30.62854167819023,48.073621743917464,1.5129032023251057,17106.07255935669,0.0,23.0,0.0,2.0,0.050000000000000044,2.2335529811680317,2.221433438360691,0.040398518671281636
immediate_advantage_dqn,805,299,86.79170506596566,84.41759477570653,29.56488211452961,57.22682314515114,1.4960799058899283,16641.69550704956,0.0,26.0,0.0,1.0,0.050000000000000044,2.6913769096136093,2.677278082817793,0.04699612036347389
immediate_advantage_dqn,805,300,86.60642516613007,84.68214961856606,31.676103234291077,54.93032191693783,1.5259435661137104,17361.532592773438,0.0,27.0,0.0,0.0,0.050000000000000044,2.6065138541162014,2.5939719639718533,0.041806305292993784
immediate_advantage_dqn,805,301,93.9274625852704,84.96692289300265,34.08262076228857,59.84484153985977,1.5969757977873087,18784.193143844604,0.0,27.0,0.0,1.0,0.050000000000000044,1.6318863704800606,1.6196430064737797,0.04081119899637997
immediate_advantage_dqn,805,302,71.91196037828922,84.60674058787525,26.91870864480734,44.99325144290924,1.4342231387272477,14999.051212310791,0.0,21.0,0.0,0.0,0.050000000000000044,2.264412995427847,2.2500865384936333,0.04775492346379906
immediate_advantage_dqn,805,303,76.98204982280731,84.45973644360899,27.298785775899887,49.68326395750046,1.4536284608766437,15168.483171463013,0.0,23.0,0.0,0.0,0.050000000000000044,1.9072619751095772,1.887611284852028,0.06550231971777976
immediate_advantage_dqn,805,304,86.15780720859766,83.9275866869092,30.488419711589813,55.66938680410385,1.547828090377152,17382.443920135498,0.0,26.0,0.0,1.0,0.050000000000000044,2.943140208721161,2.931346744298935,0.03931153018493205
immediate_advantage_dqn,805,305,68.96829278171063,83.56293911114336,26.231681168079376,42.73661165833473,1.4395595472306013,14657.977993011475,0.0,21.0,0.0,2.0,0.050000000000000044,2.390599951148033,2.379202473908663,0.0379915963858366
immediate_advantage_dqn,805,306,84.39750290066004,82.86595587469638,32.06259489804506,52.33490785360336,1.558688941411674,17706.11134338379,0.0,24.0,0.0,1.0,0.050000000000000044,2.4741287603974342,2.4613990038633347,0.04243256081826985
immediate_advantage_dqn,805,307,69.89059054851532,82.34354182370008,27.334363043308258,42.55622744560242,1.444258882664144,15292.329835891724,0.0,20.0,0.0,0.0,0.050000000000000044,2.3133987449109554,2.3030379712581635,0.03453587763942778
immediate_advantage_dqn,805,308,85.24642279148102,81.95103154622021,30.74333207309246,54.50309110581875,1.5808789543807507,17847.98226928711,0.0,27.0,0.0,1.0,0.050000000000000044,2.447549629956484,2.434386070817709,0.043878578464500606
immediate_advantage_dqn,805,309,96.76685103774071,82.3107774130255,31.125522449612617,65.64132869243622,1.543717953376472,17271.54023361206,0.0,29.0,0.0,0.0,0.050000000000000044,2.086705658584833,2.073565810918808,0.04379947588313371
immediate_advantage_dqn,805,310,81.95159400999546,82.74029938526452,30.779758997261524,51.171834498643875,1.5252253515645862,16816.139038085938,0.0,23.0,0.0,1.0,0.050000000000000044,2.51296329498291,2.4981692023575306,0.04931364580988884
immediate_advantage_dqn,805,311,80.07333379983902,82.60770166017116,30.86620858311653,49.20712494850159,1.5254215840250254,17572.74184036255,0.0,23.0,0.0,0.0,0.050000000000000044,3.046657606959343,3.0350400805473328,0.038725070538930595
immediate_advantage_dqn,805,312,98.54564288407565,82.89115773618221,31.945436261594296,66.60020693540574,1.5837170900776982,18186.81344985962,0.0,30.0,0.0,2.0,0.050000000000000044,2.614634245634079,2.6021227687597275,0.0417049479437992
immediate_advantage_dqn,805,313,85.05054913461208,83.38167995914816,32.16429787129164,52.88625146448612,1.5516108786687255,18194.50654220581,0.0,25.0,0.0,1.0,0.050000000000000044,2.5355324037373066,2.5210758335888386,0.048188578337430954
immediate_advantage_dqn,805,314,82.0662689074874,83.24333310678603,29.452275417745113,52.6139935195446,1.4981781477108598,16630.224773406982,0.0,25.0,0.0,2.0,0.050000000000000044,2.2217634841799736,2.20874385163188,0.0433987807482481
immediate_advantage_dqn,805,315,70.15130867809057,82.19508712731303,27.30750621110201,42.84380269050598,1.4811373734846711,16090.750127792358,0.0,22.0,0.0,0.0,0.050000000000000044,2.7971583530306816,2.7807757556438446,0.05460878578014672
immediate_advantage_dqn,805,316,85.78865754753352,82.16886269114912,29.673206001520157,56.11545174717903,1.531049125827849,16711.94752883911,0.0,26.0,0.0,2.0,0.050000000000000044,2.3094632029533386,2.297012474387884,0.04150241310708225
immediate_advantage_dqn,805,317,87.04156365990639,82.85090760461988,29.16291270405054,57.87865096330643,1.5222515081986785,16608.992656707764,0.0,26.0,0.0,0.0,0.050000000000000044,2.604358244687319,2.5919509530067444,0.04135770455468446
immediate_advantage_dqn,805,318,90.52366953343153,83.44198292210699,31.466644637286663,59.05702497065067,1.5727538308128715,17519.62717437744,0.0,29.0,0.0,1.0,0.050000000000000044,2.5327177569270134,2.5157760232686996,0.05647238902747631
immediate_advantage_dqn,805,319,69.90742260962725,82.59776879929007,28.469528131186962,41.43789428472519,1.4641759628430009,15840.464637756348,0.0,19.0,0.0,0.0,0.050000000000000044,2.475553475320339,2.4623958356678486,0.04385880671907216
immediate_advantage_dqn,805,320,91.21063902974129,82.82797949247063,32.76476229727268,58.445876240730286,1.5936338556930423,18486.41407394409,0.0,26.0,0.0,1.0,0.050000000000000044,2.7917488664388657,2.779238447546959,0.0417013835394755
immediate_advantage_dqn,805,321,86.1219509035349,82.43770390838385,29.94144143164158,56.18050921857357,1.5437894621863961,16859.342079162598,0.0,26.0,0.0,3.0,0.050000000000000044,2.523795507848263,2.5109497383236885,0.04281924688257277
immediate_advantage_dqn,805,322,83.3047066628933,83.00734122261406,29.772445045411587,53.532261818647385,1.5330022620037198,16848.85705947876,0.0,24.0,0.0,2.0,0.050000000000000044,2.5412171967327595,2.527369946241379,0.04615748836658895
immediate_advantage_dqn,805,323,86.27389089018106,83.47193327598275,30.96337804198265,55.31051295995712,1.5492455745115876,17112.10219192505,0.0,25.0,0.0,0.0,0.050000000000000044,2.112414587289095,2.0998465828597546,0.041893320507369936
immediate_advantage_dqn,805,324,88.09642143696547,83.56886398740114,28.336742401123047,59.75967923700809,1.46391371358186,15682.568225860596,0.0,26.0,0.0,1.0,0.050000000000000044,2.333416759967804,2.318579614162445,0.04945710627362132
immediate_advantage_dqn,805,325,74.14829984307289,83.82786434046925,29.445181757211685,44.70311777293682,1.4913674909621477,16063.170608520508,0.0,21.0,0.0,0.0,0.050000000000000044,2.242238186299801,2.2269948981702328,0.05081100598908961
immediate_advantage_dqn,805,326,84.23545754700899,83.81976207278669,29.682471983134747,54.5529859662056,1.5136970207095146,16494.75325012207,0.0,25.0,0.0,0.0,0.050000000000000044,2.5335080064833164,2.521077089011669,0.04143634811043739
immediate_advantage_dqn,805,327,85.39205427467823,84.59483525909484,29.318363018333912,56.0736910700798,1.500145310536027,16720.843086242676,0.0,26.0,0.0,0.0,0.050000000000000044,2.262887366116047,2.2508306242525578,0.04018923605326563
immediate_advantage_dqn,805,328,88.19281980395317,84.74215510971844,32.23625907301903,55.956561118364334,1.5584544045850635,17891.42949104309,0.0,25.0,0.0,0.0,0.050000000000000044,3.793785633519292,3.7792005483061075,0.04861679079476744
immediate_advantage_dqn,805,329,66.43679310530425,83.22565221309662,25.576298989355564,40.86049453318119,1.3868209114298224,14224.726150512695,0.0,20.0,0.0,1.0,0.050000000000000044,2.8559799380600452,2.8401170521974564,0.05287625640630722
immediate_advantage_dqn,805,330,85.7310857847333,83.41462680183352,28.527446433901787,57.203639432787895,1.4936624635010958,15897.987655639648,0.0,27.0,0.0,0.0,0.050000000000000044,2.200132004916668,2.1826034896075726,0.05842833500355482
immediate_advantage_dqn,805,331,85.84903740882874,83.703411982283,29.971070140600204,55.877966940402985,1.4974916586652398,16528.36280822754,0.0,25.0,0.0,0.0,0.050000000000000044,2.8212151117622852,2.8055191934108734,0.052319629583507776
immediate_advantage_dqn,805,332,68.57489129155874,82.20487440265715,27.860490284860134,40.71440079808235,1.442824543453753,15321.809478759766,0.0,21.0,0.0,1.0,0.050000000000000044,2.5144322477281094,2.4980217404663563,0.05470178974792361
immediate_advantage_dqn,805,333,82.78343039005995,82.09151846542954,29.649988651275635,53.13344170153141,1.4855308765545487,16237.215351104736,0.0,25.0,0.0,1.0,0.050000000000000044,2.5459393821656704,2.5317067615687847,0.047441945411264896
immediate_advantage_dqn,805,334,84.09560825973749,82.19298543304204,31.096402525901794,52.99920617341995,1.513195007108152,17291.844608306885,0.0,25.0,0.0,2.0,0.050000000000000044,2.4766192473471165,2.460504923015833,0.053714421577751637
immediate_advantage_dqn,805,335,74.76134386062623,82.42348719216884,29.018451757729053,45.74289191663265,1.48837336525321,16370.942342758179,0.0,22.0,0.0,1.0,0.050000000000000044,2.364793200045824,2.351042602211237,0.04583540535531938
immediate_advantage_dqn,805,336,77.51594077050686,82.0098513533175,27.372921258211136,50.143019050359726,1.4818361112847924,15652.67318725586,0.0,22.0,0.0,1.0,0.050000000000000044,2.410798851400614,2.3964758664369583,0.04774325026664883
immediate_advantage_dqn,805,337,94.50070241987706,82.38280829131602,33.07556764781475,61.42513426542282,1.5792233534157276,18363.99464035034,0.0,27.0,0.0,1.0,0.050000000000000044,2.2113939449191093,2.1956655383110046,0.05242799688130617
immediate_advantage_dqn,805,338,77.75273478031158,81.74426155366004,28.25372587144375,49.49900904297829,1.4597488921135664,15631.80026626587,0.0,24.0,0.0,0.0,0.050000000000000044,2.277972087264061,2.2610260024666786,0.05648691509850323
immediate_advantage_dqn,805,339,101.6234260737896,83.33006172686817,33.42966240644455,68.19376365244389,1.596248336136341,18491.817878723145,0.0,29.0,0.0,1.0,0.050000000000000044,2.38733621686697,2.365744534879923,0.07197229657322168
immediate_advantage_dqn,805,340,73.5194029957056,82.44549992516639,29.088621646165848,44.430781587958336,1.4668388152495027,15828.370235443115,0.0,22.0,0.0,1.0,0.050000000000000044,2.7615797333419323,2.747462049126625,0.047058864729478955
immediate_advantage_dqn,805,341,78.72833356261253,82.07581905812026,30.23976904898882,48.488564521074295,1.5102050313726068,16657.346549987793,0.0,23.0,0.0,0.0,0.050000000000000044,2.418982494622469,2.400483053177595,0.06166479643434286
immediate_advantage_dqn,805,342,70.86784665435553,81.45397605769338,27.931013859808445,42.93683245182037,1.4472186146304011,15475.23749923706,0.0,20.0,0.0,2.0,0.050000000000000044,2.7165469899773598,2.70477943867445,0.03922523802611977
immediate_advantage_dqn,805,343,92.66437347233295,81.77350018680097,31.143882982432842,61.52049022912979,1.5335907451808453,17791.441730499268,0.0,28.0,0.0,0.0,0.050000000000000044,2.332547601312399,2.314882107079029,0.05888504150789231
immediate_advantage_dqn,805,344,75.58813501298428,81.14808586560191,29.07048650830984,46.517648646235465,1.4760365700349212,16112.724460601807,0.0,22.0,0.0,1.0,0.050000000000000044,3.1696496978402138,3.1545096561312675,0.05046682816464454
immediate_advantage_dqn,805,345,82.93209209293127,81.58727547809482,29.798492074012756,53.13360008597374,1.501515525393188,16599.603260040283,0.0,25.0,0.0,1.0,0.050000000000000044,2.803229432553053,2.7898528650403023,0.04458853229880333
immediate_advantage_dqn,805,346,96.42646555751563,82.19682587862016,31.900673747062683,64.52579204142094,1.6073056682944298,18271.331897735596,0.0,30.0,0.0,1.0,0.050000000000000044,2.1161922477185726,2.101954363286495,0.047459657303988934
immediate_advantage_dqn,805,347,84.5317812860012,82.15381222918631,30.296264961361885,54.23551592230797,1.5294316075742245,17168.19162750244,0.0,24.0,0.0,0.0,0.050000000000000044,2.6087925620377064,2.5971729196608067,0.03873214637860656
immediate_advantage_dqn,805,348,89.16435949504375,82.20238921374083,29.663994938135147,59.500364407896996,1.517919858917594,16701.723125457764,0.0,27.0,0.0,0.0,0.050000000000000044,2.503057900816202,2.4880438446998596,0.0500467661768198
immediate_advantage_dqn,805,349,71.65913849323988,82.46350648313762,27.883670307695866,43.775468707084656,1.452174922451377,15413.86836051941,0.0,22.0,0.0,1.0,0.050000000000000044,2.606797844171524,2.589230202138424,0.05855888477526605
immediate_advantage_dqn,805,350,89.39952925592661,82.64692865669727,30.74070506542921,58.65882469713688,1.5521487602964044,17468.60647201538,0.0,27.0,0.0,1.0,0.050000000000000044,2.847702953964472,2.833161696791649,0.048470811918377876
immediate_advantage_dqn,805,351,86.25258475542068,82.66710602402688,31.595312386751175,54.657272055745125,1.5523231197148561,18047.52305984497,0.0,26.0,0.0,1.0,0.050000000000000044,3.3468333706259727,3.3330505453050137,0.045942612225189805
immediate_advantage_dqn,805,352,91.54179303348064,83.81545111112297,32.92606522887945,58.61572754383087,1.5715747475624084,18298.683753967285,0.0,26.0,0.0,1.0,0.050000000000000044,2.920794937759638,2.907062590122223,0.04577448475174606
immediate_advantage_dqn,805,353,87.8760466530919,84.07008192427456,31.038593284785748,56.83745292127132,1.5451758969575167,17166.434310913086,0.0,26.0,0.0,4.0,0.050000000000000044,2.4696273021399975,2.453544683754444,0.05360873765312135
immediate_advantage_dqn,805,354,69.86293470859528,83.35844824671746,26.775757625699043,43.08717691898346,1.491448450833559,15710.525520324707,0.0,20.0,0.0,0.0,0.050000000000000044,3.196722634136677,3.178983360528946,0.05913098342716694
immediate_advantage_dqn,805,355,106.30965681374073,84.93586389437317,34.16641778498888,72.14323908090591,1.6296126618981361,18992.42226409912,0.0,31.0,0.0,0.0,0.050000000000000044,2.286203060299158,2.26485588029027,0.07115734473336488
immediate_advantage_dqn,805,356,80.6126036643982,85.09069703906775,29.543316029012203,51.06928710639477,1.4942965684458613,16370.269054412842,0.0,24.0,0.0,0.0,0.050000000000000044,2.1229197569191456,2.1042711846530437,0.06216192664578557
immediate_advantage_dqn,805,357,92.00028719007969,84.96567627757788,31.410529986023903,60.589757323265076,1.545115316286683,17452.479705810547,0.0,26.0,0.0,1.0,0.050000000000000044,2.8323909156024456,2.814697079360485,0.05897954956162721
immediate_advantage_dqn,805,358,83.69117520749569,85.26259829893709,29.990346521139145,53.700828820466995,1.5021446757018566,16590.267539978027,0.0,24.0,0.0,0.0,0.050000000000000044,3.2954706884920597,3.2758351489901543,0.06545182585250586
immediate_advantage_dqn,805,359,67.4608771726489,83.55447085388005,26.870423562824726,40.59045398235321,1.4285743841901422,14634.57380104065,0.0,20.0,0.0,0.0,0.050000000000000044,3.041470982134342,3.015660062432289,0.08603638433851302
immediate_advantage_dqn,805,360,85.90346866846085,84.1736741375178,29.5840762257576,56.319392532110214,1.517086842097342,16841.675212860107,0.0,26.0,0.0,1.0,0.050000000000000044,2.7999792732298374,2.781404811888933,0.061914922669529915
immediate_advantage_dqn,805,361,73.54410398006439,83.9144626583904,27.27589762210846,46.26820649206638,1.4538195431232452,15604.91056060791,0.0,23.0,0.0,1.0,0.050000000000000044,2.4337651431560516,2.4125565886497498,0.07069516344927251
immediate_advantage_dqn,805,362,83.99367634356022,84.57075414285063,32.48488646000624,51.50878926515579,1.553821787238121,17918.84035873413,0.0,25.0,0.0,2.0,0.050000000000000044,1.9496656581759453,1.9309109561145306,0.06251572375185788
immediate_advantage_dqn,805,363,88.25230080783368,84.35015050962568,29.0336789265275,59.218622186779974,1.5175505764782429,16643.152919769287,0.0,26.0,0.0,1.0,0.050000000000000044,3.004908224567771,2.987675167620182,0.05744343134574592
immediate_advantage_dqn,805,364,96.04399319887162,85.37294341892006,32.797683887183666,63.246309423446654,1.579241145402193,18851.5373210907,0.0,27.0,0.0,1.0,0.050000000000000044,2.3000186644494534,2.2874354124069214,0.04194417188409716
immediate_advantage_dqn,805,365,92.00202884674073,85.82644025661052,32.63240513205528,59.369622671604155,1.5981078371405602,18223.734375,0.0,28.0,0.0,1.0,0.050000000000000044,2.5190033614635468,2.4988771602511406,0.06708729988895357
immediate_advantage_dqn,805,366,83.90820039212704,85.2005269983411,29.208175659179688,54.700025075674056,1.508847240358591,16446.96293067932,0.0,24.0,0.0,2.0,0.050000000000000044,2.644081722944975,2.6294279769062996,0.04884572862647474
immediate_advantage_dqn,805,367,83.2603347375989,85.13695467092097,28.588220089673996,54.67211440205574,1.496664329431951,16157.502925872803,0.0,26.0,0.0,0.0,0.050000000000000044,3.379123106598854,3.3614105358719826,0.05904204421676695
immediate_advantage_dqn,805,368,90.27164913117886,85.19231915272773,29.22405856102705,61.047590696811675,1.4904583236202598,16500.898902893066,0.0,28.0,0.0,1.0,0.050000000000000044,2.025032941251993,2.00903694704175,0.05331996898166835
immediate_advantage_dqn,805,369,92.73451298475266,86.24608787730338,32.02601306140423,60.70849987864494,1.5654840292409062,17817.03600692749,0.0,28.0,0.0,0.0,0.050000000000000044,2.920963551849127,2.905067592859268,0.05298655619844794
immediate_advantage_dqn,805,370,98.53252294063569,86.70273756153884,32.12768471240997,66.40483858585358,1.5795769207179546,18158.976638793945,0.0,30.0,0.0,1.0,0.050000000000000044,2.165273118764162,2.1513060182332993,0.04655694682151079
immediate_advantage_dqn,805,371,78.70855850875378,86.3255362492055,28.119981080293655,50.58857744336128,1.4842645740136504,15948.189086914062,0.0,23.0,0.0,1.0,0.050000000000000044,2.8386476635932922,2.820355251431465,0.060974641470238566
immediate_advantage_dqn,805,372,82.65123247355223,85.88100822120906,29.13644251227379,53.514789402484894,1.47508679702878,15862.21887588501,0.0,25.0,0.0,0.0,0.050000000000000044,2.7447759322822094,2.7292531579732895,0.05174262379296124
immediate_advantage_dqn,805,373,96.11646749079227,86.29302926309408,34.212066039443016,61.904400914907455,1.6115361591801047,18872.379432678223,0.0,27.0,0.0,0.0,0.050000000000000044,2.2557007521390915,2.241035707294941,0.04888347536325455
immediate_advantage_dqn,805,374,93.26456056535244,87.46311055593193,32.03847444802523,61.2260859310627,1.5717499740421772,18048.02532196045,0.0,28.0,0.0,0.0,0.050000000000000044,2.8159008026123047,2.803806483745575,0.040314330253750086
immediate_advantage_dqn,805,375,70.63526897877455,85.67939116418361,27.235933549702168,43.399335756897926,1.4353051725775003,15202.26290512085,0.0,23.0,0.0,0.0,0.050000000000000044,3.335708312690258,3.3185252025723457,0.05727693694643676
immediate_advantage_dqn,805,376,77.11377194672824,85.50444957830013,27.957041531801224,49.15673046708107,1.4543387927114964,15290.740215301514,0.0,23.0,0.0,2.0,0.050000000000000044,2.5347219184041023,2.5218360535800457,0.04295294149778783
immediate_advantage_dqn,805,377,84.84202367067337,85.14653640232982,29.980675362050533,54.86134763062,1.4970459397882223,16886.089515686035,0.0,26.0,0.0,0.0,0.050000000000000044,3.1050391122698784,3.088536497205496,0.055008745985105634
immediate_advantage_dqn,805,378,83.37719545066356,85.1308374144882,30.33045470714569,53.046740773320195,1.5059457439929247,17026.903533935547,0.0,24.0,0.0,3.0,0.050000000000000044,2.9559827856719494,2.9410965256392956,0.04962085862644017
immediate_advantage_dqn,805,379,77.86039946973324,85.65081352934241,27.536140866577625,50.32425829768181,1.4678535647690296,15558.346885681152,0.0,24.0,0.0,1.0,0.050000000000000044,3.215784966945648,3.199905648827553,0.052931050304323435
immediate_advantage_dqn,805,380,80.03734301924706,85.35750724688172,28.449691846966743,51.58765081465244,1.507842822931707,16470.057487487793,0.0,24.0,0.0,1.0,0.050000000000000044,3.6029676236212254,3.5859118327498436,0.056852631736546755
immediate_advantage_dqn,805,381,78.43443579226732,85.60202383749188,27.618985943496227,50.81544929742813,1.4540374325588346,15420.5100440979,0.0,24.0,0.0,0.0,0.050000000000000044,2.2867334112524986,2.265170767903328,0.07187542482279241
immediate_advantage_dqn,805,382,82.66074559092522,85.53537729986013,32.266626343131065,50.394119158387184,1.560176852159202,17679.65242767334,0.0,24.0,0.0,0.0,0.050000000000000044,2.931916683912277,2.915557771921158,0.05452975584194064
immediate_advantage_dqn,805,383,85.89895741194486,85.41771013006569,29.002181261777878,56.89677617251873,1.486413799226284,16186.184429168701,0.0,26.0,0.0,4.0,0.050000000000000044,3.147742312401533,3.131106209009886,0.05545361270196736
immediate_advantage_dqn,805,384,85.02769820541144,84.86689538039266,31.246203802525997,53.78149410486221,1.5558568760752678,17719.64083480835,0.0,26.0,0.0,1.0,0.050000000000000044,2.7763711623847485,2.7620403841137886,0.047769214725121856
immediate_advantage_dqn,805,385,93.9287304148078,84.96323045879603,31.874331146478653,62.054399320483206,1.6025720536708832,18359.641368865967,0.0,27.0,0.0,1.0,0.050000000000000044,3.0346478298306465,3.0191527158021927,0.051650348817929626
immediate_advantage_dqn,805,386,90.21346157044172,85.27849351771177,31.26199985295534,58.9514616727829,1.585751198232174,17891.391487121582,0.0,27.0,0.0,0.0,0.050000000000000044,2.1799555234611034,2.1621323488652706,0.0594105098862201
immediate_advantage_dqn,805,387,69.83264075517654,84.60710881859066,28.97341948747635,40.85922150611877,1.4724016254767776,16133.090635299683,0.0,20.0,0.0,2.0,0.050000000000000044,2.744661010801792,2.724998027086258,0.06554326880723238
immediate_advantage_dqn,805,388,82.11999805271626,84.19952626466751,30.01095451414585,52.10904347896576,1.5046027190983295,16535.53963470459,0.0,24.0,0.0,0.0,0.050000000000000044,3.1200974471867085,3.1049003824591637,0.05065685114823282
immediate_advantage_dqn,805,389,86.26235707253218,83.87591846905649,29.875024408102036,56.38733302950859,1.5171177983283997,16633.296001434326,0.0,26.0,0.0,1.0,0.050000000000000044,2.8759620264172554,2.861948847770691,0.04671058105304837
immediate_advantage_dqn,805,390,78.30746843665838,82.86466574385761,28.731743298470974,49.57572481036186,1.4872529450803995,16219.525108337402,0.0,24.0,0.0,1.0,0.050000000000000044,2.746855176985264,2.730576291680336,0.05426285497378558
immediate_advantage_dqn,805,391,83.53462882339954,83.10596925958991,29.87410869449377,53.66052082180977,1.5198881356045604,17209.655952453613,0.0,23.0,0.0,1.0,0.050000000000000044,3.3977196365594864,3.3816747590899467,0.05348289688117802
immediate_advantage_dqn,805,392,88.23043305575848,83.38492928870023,29.462273746728897,58.76815930902958,1.518530897796154,16638.149391174316,0.0,28.0,0.0,1.0,0.050000000000000044,3.3746752440929413,3.3603649213910103,0.04770113015547395
immediate_advantage_dqn,805,393,61.625076830387115,81.66035975567998,25.995290517807007,35.629786252975464,1.406460870988667,14649.36867904663,0.0,19.0,0.0,1.0,0.050000000000000044,3.164901163429022,3.1524915285408497,0.04136541625484824
immediate_advantage_dqn,805,394,77.41711419820786,80.86798743732274,29.843284457921982,47.573830008506775,1.5090701868757606,16537.77989578247,0.0,23.0,0.0,3.0,0.050000000000000044,2.8199161924421787,2.8044789135456085,0.05145752942189574
immediate_advantage_dqn,805,395,80.63207403719426,81.36782769024373,30.283485904335976,50.34858798384666,1.5165997501462698,16840.739097595215,0.0,24.0,0.0,1.0,0.050000000000000044,2.4918955452740192,2.474437527358532,0.05819341400638223
immediate_advantage_dqn,805,396,73.41120756417513,81.18269947111608,26.079990796744823,47.33121657371521,1.4286012286320329,15142.0895652771,0.0,21.0,0.0,0.0,0.050000000000000044,3.479896105825901,3.462874110788107,0.05673982365988195
immediate_advantage_dqn,805,397,75.98653432130814,80.73992500364781,28.269070357084274,47.71746397912502,1.4655555309727788,15611.947479248047,0.0,23.0,0.0,3.0,0.050000000000000044,2.577182050794363,2.5628913156688213,0.047635844675824046
immediate_advantage_dqn,805,398,79.06915344297886,80.52452290326357,29.36603220552206,49.703121185302734,1.5483873886987567,17260.526662826538,0.0,23.0,0.0,0.0,0.050000000000000044,3.104690119624138,3.090552717447281,0.04712475696578622
immediate_advantage_dqn,805,399,84.65547633320094,80.86427674643696,30.1473586037755,54.5081176251173,1.532256674952805,17652.57943725586,0.0,26.0,0.0,2.0,0.050000000000000044,3.17177552357316,3.1545202918350697,0.057517461478710175
immediate_advantage_dqn,805,400,91.05027148872614,81.4149231699109,30.22504411637783,60.8252277225256,1.5548229878768325,17490.13119506836,0.0,28.0,0.0,0.0,0.050000000000000044,2.826026253402233,2.8104293793439865,0.051989634754136205
immediate_advantage_dqn,805,401,73.64898309260607,81.17565053492785,27.092941597104073,46.55604145824909,1.4204241521656513,14970.856033325195,0.0,23.0,0.0,1.0,0.050000000000000044,3.30496309325099,3.2887543849647045,0.054029209772124887
immediate_advantage_dqn,805,402,80.40123017430305,81.06267476409674,29.815729409456253,50.58550040721893,1.5240009436383843,16823.905422210693,0.0,25.0,0.0,3.0,0.050000000000000044,2.7237297743558884,2.7080966904759407,0.052110374672338367
immediate_advantage_dqn,805,403,82.82763265371322,80.90910852618516,28.657142892479897,54.170489478111264,1.474306382238865,15689.52568244934,0.0,24.0,0.0,3.0,0.050000000000000044,3.3764664493501186,3.3568417839705944,0.06541550834663212
immediate_advantage_dqn,805,404,92.9053907096386,81.3029931513965,32.58499193191528,60.32039910554886,1.5688144974410534,18368.852821350098,0.0,27.0,0.0,0.0,0.050000000000000044,2.6322243437170982,2.616334982216358,0.05296443635597825
immediate_advantage_dqn,805,405,87.77511768788099,80.99531251505017,30.982211120426655,56.79290646314621,1.553533324971795,17848.426300048828,0.0,26.0,0.0,0.0,0.050000000000000044,2.74636759608984,2.7258117273449898,0.06851951638236642
immediate_advantage_dqn,805,406,87.88092769682407,80.87868582136929,30.00197120755911,57.878956377506256,1.5288877403363585,16881.531120300293,0.0,25.0,0.0,1.0,0.050000000000000044,3.1830625981092453,3.163790248334408,0.06424134341068566
immediate_advantage_dqn,805,407,89.99468407034874,81.8867879871279,31.269623935222626,58.7250599861145,1.56771435495466,17946.606830596924,0.0,26.0,0.0,2.0,0.050000000000000044,3.034270942211151,3.0171904489398003,0.056934977415949106
immediate_advantage_dqn,805,408,73.8880852907896,81.47519234903157,28.836338356137276,45.051747262477875,1.4889152254909277,16272.28917312622,0.0,22.0,0.0,0.0,0.050000000000000044,3.820571471005678,3.8024929761886597,0.060261602280661464
immediate_advantage_dqn,805,409,98.22942188531161,82.07354558967054,32.126184560358524,66.1032370865345,1.5596273308619857,18052.562561035156,0.0,29.0,0.0,1.0,0.050000000000000044,3.151971559971571,3.1337268874049187,0.060815668432042
immediate_advantage_dqn,805,410,78.23056347072125,82.06970034137369,27.824322007596493,50.406241410970686,1.4817805094644427,15641.0378074646,0.0,24.0,0.0,1.0,0.050000000000000044,2.765919651836157,2.7492740862071514,0.0554852788336575
immediate_advantage_dqn,805,411,87.29122625291348,82.25753021284939,29.61725263297558,57.67397326231003,1.5094361463561654,16070.839637756348,0.0,25.0,0.0,2.0,0.050000000000000044,3.4855746999382973,3.46834934130311,0.05741790100000799
immediate_advantage_dqn,805,412,77.95798541605473,81.7439078308642,29.397673398256302,48.56031213700771,1.5045484863221645,16286.160629272461,0.0,23.0,0.0,3.0,0.050000000000000044,2.747748550027609,2.7310379035770893,0.05570209422148764
immediate_advantage_dqn,805,413,98.4252768099308,83.58391782984138,31.69557636976242,66.72970060408116,1.548380171880126,17578.161293029785,0.0,30.0,0.0,1.0,0.050000000000000044,3.134536050260067,3.1170609183609486,0.05825051455758512
immediate_advantage_dqn,805,414,76.06920389086008,83.51652231447399,27.94055598974228,48.128647685050964,1.4463397450745106,15472.706153869629,0.0,24.0,0.0,1.0,0.050000000000000044,3.599933460354805,3.58501685410738,0.049721952294930816
immediate_advantage_dqn,805,415,74.35446301847696,83.20264176353813,27.60309712588787,46.751365184783936,1.4278867542743683,15072.038146972656,0.0,24.0,0.0,1.0,0.050000000000000044,3.0812239423394203,3.060678131878376,0.06848606001585722
immediate_advantage_dqn,805,416,72.55881680548191,83.16002222560346,28.162078365683556,44.39673748612404,1.5180380120873451,16741.99798965454,0.0,20.0,0.0,0.0,0.050000000000000044,2.3143867924809456,2.29231021925807,0.07358850724995136
immediate_advantage_dqn,805,417,89.3102194622159,83.82620648264884,30.442605458199978,58.867613959312436,1.5655950186774135,17616.145442962646,0.0,26.0,0.0,2.0,0.050000000000000044,2.9814785048365593,2.9642402604222298,0.05746081750839949
immediate_advantage_dqn,805,418,71.82525204867125,83.46401141293346,26.08276665210724,45.74248577654362,1.4196810834109783,14677.919288635254,0.0,24.0,0.0,0.0,0.050000000000000044,3.312419965863228,3.294242847710848,0.060590468579903245
immediate_advantage_dqn,805,419,85.63606467843056,83.51304083019494,29.425277389585972,56.21078696846962,1.4768601451069117,16277.04354095459,0.0,26.0,0.0,0.0,0.050000000000000044,2.911828175187111,2.89529050886631,0.055125621147453785
immediate_advantage_dqn,805,420,93.36331526339055,83.62869301892816,32.65879890322685,60.70451622605324,1.5901004485785961,18590.411586761475,0.0,26.0,0.0,1.0,0.050000000000000044,2.567099593579769,2.5501054003834724,0.056647231336683035
immediate_advantage_dqn,805,421,88.98484956026077,84.3954863423109,30.873894818127155,58.11095479428768,1.5278273792937398,17073.312133789062,0.0,26.0,0.0,3.0,0.050000000000000044,3.034521546214819,3.0177863985300064,0.05578378168866038
immediate_advantage_dqn,805,422,99.08504094183445,85.32967688068749,35.562217473983765,63.522823348641396,1.6605811528861523,20007.158477783203,0.0,28.0,0.0,0.0,0.050000000000000044,3.3442934453487396,3.326910637319088,0.05794268846511841
immediate_advantage_dqn,805,423,80.74885354936123,85.22573792546987,30.118696972727776,50.63015677034855,1.499689580872655,16928.692066192627,0.0,25.0,0.0,2.0,0.050000000000000044,2.9429920092225075,2.927045989781618,0.0531533588655293
immediate_advantage_dqn,805,424,74.88129949569702,84.3245333647728,28.110358878970146,46.77094067633152,1.4268609648570418,15334.844627380371,0.0,23.0,0.0,1.0,0.050000000000000044,2.4476668536663055,2.424476496875286,0.07730127521790564
immediate_advantage_dqn,805,425,72.32756218314171,83.55215558953583,27.01570426672697,45.31185773015022,1.4360443716868758,14786.213399887085,0.0,22.0,0.0,2.0,0.050000000000000044,3.2098390832543373,3.1931214332580566,0.05572547856718302
immediate_advantage_dqn,805,426,76.80226366966963,82.9982223881781,29.254095770418644,47.548167541623116,1.4878137819468975,16285.915855407715,0.0,22.0,0.0,0.0,0.050000000000000044,3.190944317728281,3.1727355159819126,0.06069603259675205
immediate_advantage_dqn,805,427,88.69326002299786,82.93315118581056,32.16731654852629,56.525943556427954,1.561334304511547,17952.097011566162,0.0,27.0,0.0,1.0,0.050000000000000044,3.536678981035948,3.519832096993923,0.056156224803999066
immediate_advantage_dqn,805,428,94.40386838465929,83.95894034050406,31.29141316562891,63.11245554685593,1.5814000107347965,18093.2511844635,0.0,28.0,0.0,0.0,0.050000000000000044,2.4179604090750217,2.403957622125745,0.04667600174434483
immediate_advantage_dqn,805,429,71.50174104571343,82.62255629852415,28.53389024734497,42.96785075366497,1.4874893203377724,15697.023300170898,0.0,21.0,0.0,2.0,0.050000000000000044,3.267691880464554,3.2489879801869392,0.06234636891167611
immediate_advantage_dqn,805,430,83.35825927555561,82.87894108876586,30.058319628238678,53.29993963241577,1.5307562658563256,17365.27795791626,0.0,26.0,0.0,0.0,0.050000000000000044,3.2667617350816727,3.2497168108820915,0.056816306663677096
immediate_advantage_dqn,805,431,87.00942200422287,82.86485087633135,30.228088103234768,56.7813335955143,1.513497375883162,17116.44455718994,0.0,25.0,0.0,0.0,0.050000000000000044,4.241458039730787,4.22129064053297,0.06722488184459507
immediate_advantage_dqn,805,432,90.12660465538502,83.47328183829786,30.00998616963625,60.1166178971529,1.5247811302542686,16997.013374328613,0.0,26.0,0.0,2.0,0.050000000000000044,3.6175259947776794,3.6006519496440887,0.056246871361508965
immediate_advantage_dqn,805,433,97.0877570077777,83.40640584819019,31.697189584374428,65.39056690931321,1.5485888393595815,17555.8643951416,0.0,29.0,0.0,2.0,0.050000000000000044,3.316152196377516,3.2941860668361187,0.07322038151323795
immediate_advantage_dqn,805,434,69.33464535474778,83.06967792138458,27.615493416786194,41.719151535630225,1.4409633800387383,15173.459377288818,0.0,21.0,0.0,2.0,0.050000000000000044,4.034866169095039,4.015404641628265,0.06487168185412884
immediate_advantage_dqn,805,435,88.36921971291304,83.7704157561064,31.31927951425314,57.04994076490402,1.512641355395317,17219.196884155273,0.0,26.0,0.0,1.0,0.050000000000000044,3.268794532865286,3.248261820524931,0.06844229996204376
immediate_advantage_dqn,805,436,80.65846412628889,84.17539812214673,29.79477820545435,50.863685950636864,1.4801768697798252,16496.802848815918,0.0,25.0,0.0,0.0,0.050000000000000044,3.2591971904039383,3.2367460392415524,0.07483710395172238
immediate_advantage_dqn,805,437,82.08040164709091,83.81390723139047,29.656340271234512,52.42406168878078,1.5009363628923893,16592.65938949585,0.0,23.0,0.0,2.0,0.050000000000000044,2.741711549460888,2.722086828202009,0.06541563896462321
immediate_advantage_dqn,805,438,68.62936829775572,83.6541130438447,27.458593502640724,41.17077478766441,1.4265172760933638,15523.282566070557,0.0,22.0,0.0,0.0,0.050000000000000044,2.842479646205902,2.8252157792448997,0.057546244002878666
immediate_advantage_dqn,805,439,74.64717018753291,83.10466831929982,27.2655233964324,47.381647342443465,1.4289716351777315,14892.049201965332,0.0,22.0,0.0,2.0,0.050000000000000044,3.702294234186411,3.6828675121068954,0.06475572171621025
immediate_advantage_dqn,805,440,80.00948962569237,82.4369770374149,28.92763988673687,51.08185014128685,1.5275868689641356,16974.059329986572,0.0,25.0,0.0,0.0,0.050000000000000044,2.8105135411024094,2.7897906564176083,0.0690762319136411
immediate_advantage_dqn,805,441,73.68092969059944,81.67178104393184,28.366777561604977,45.31415233016014,1.4761292850598693,15939.331356048584,0.0,20.0,0.0,0.0,0.050000000000000044,3.417946510016918,3.396371003240347,0.07191835553385317
immediate_advantage_dqn,805,442,81.98825892806053,80.81694194324315,28.93505384027958,53.05320543050766,1.4702490577474236,15814.359893798828,0.0,25.0,0.0,0.0,0.050000000000000044,3.135786075145006,3.117745276540518,0.06013580458238721
immediate_advantage_dqn,805,443,92.28861846029758,81.39393018878995,33.452601470053196,58.83601677417755,1.5998197374865413,18677.338806152344,0.0,26.0,0.0,0.0,0.050000000000000044,3.333346512168646,3.3136204294860363,0.06575364200398326
immediate_advantage_dqn,805,444,81.18355494141579,81.70904296107591,29.27689504623413,51.90666023790836,1.4815389979630709,15856.581464767456,0.0,24.0,0.0,1.0,0.050000000000000044,2.7409456558525562,2.7190686650574207,0.07292332826182246
immediate_advantage_dqn,805,445,86.70328135192395,82.42782891951502,31.838064670562744,54.865216889977454,1.5066339243203402,17756.929653167725,0.0,24.0,0.0,1.0,0.050000000000000044,3.6502538733184338,3.626866925507784,0.0779564743861556
immediate_advantage_dqn,805,446,91.52575861811638,83.16400366693736,31.369585141539574,60.15617322325706,1.5627192137762904,17402.390098571777,0.0,27.0,0.0,1.0,0.050000000000000044,3.348486501723528,3.329418733716011,0.06355923740193248
immediate_advantage_dqn,805,447,80.92971083521843,82.77582620754839,29.759305596351624,51.170404464006424,1.5088721560314298,16567.42246246338,0.0,25.0,0.0,1.0,0.050000000000000044,3.5977268517017365,3.578629571944475,0.06365747353993356
immediate_advantage_dqn,805,448,83.60685040801764,82.2359753087163,30.669238604605198,52.937612533569336,1.5072270771488547,16919.89306640625,0.0,24.0,0.0,1.0,0.050000000000000044,3.3410307466983795,3.3229896053671837,0.06013709562830627
immediate_advantage_dqn,805,449,68.65842887908221,82.09380970038475,26.3969754204154,42.26145381629467,1.4011810775846243,14418.379837036133,0.0,20.0,0.0,1.0,0.050000000000000044,2.8333827182650566,2.817224983125925,0.05385921848937869
immediate_advantage_dqn,805,450,80.56333786994219,81.95406363010406,30.046982176601887,50.51635602116585,1.467861782759428,16085.433708190918,0.0,24.0,0.0,0.0,0.050000000000000044,3.593501903116703,3.5734388306736946,0.06687675323337317
immediate_advantage_dqn,805,451,88.1952108219266,82.01335307098927,31.787603996694088,56.40760737657547,1.5207421919330955,17696.3550491333,0.0,25.0,0.0,0.0,0.050000000000000044,4.031512968242168,4.011555448174477,0.06652503926306963
immediate_advantage_dqn,805,452,68.54966825991869,80.93450625121594,28.35112213343382,40.19854594767094,1.4613471906632185,15686.211250305176,0.0,21.0,0.0,0.0,0.050000000000000044,2.6527413427829742,2.635698437690735,0.056809691013768315
immediate_advantage_dqn,805,453,85.98019963502884,80.3791283825785,30.05200009793043,55.92819964885712,1.5500684063881636,17233.727813720703,0.0,27.0,0.0,0.0,0.050000000000000044,3.1102713383734226,3.0962217152118683,0.046832032734528184
immediate_advantage_dqn,805,454,78.35070274025202,80.82993125185371,27.373254485428333,50.97744858264923,1.4663819847628474,15527.101749420166,0.0,25.0,0.0,0.0,0.050000000000000044,3.6469538882374763,3.6300483494997025,0.05635182000696659
immediate_advantage_dqn,805,455,77.22560193389654,80.27275036290288,28.020607210695744,49.20499433577061,1.508400640450418,16382.15285873413,0.0,22.0,0.0,0.0,0.050000000000000044,3.0661327950656414,3.0460536144673824,0.06693062256090343
immediate_advantage_dqn,805,456,70.99983922541142,79.78981911785901,25.797084115445614,45.20275513231754,1.4282847000285983,14953.357807159424,0.0,23.0,0.0,1.0,0.050000000000000044,3.749656543135643,3.7281647585332394,0.07163935457356274
immediate_advantage_dqn,805,457,81.31209354102612,79.75140371255577,30.52533584833145,50.78675785660744,1.5528940223157406,17547.085945129395,0.0,23.0,0.0,0.0,0.050000000000000044,3.1983045116066933,3.178699776530266,0.06534904334694147
immediate_advantage_dqn,805,458,57.63085374236107,79.20147798478604,25.92548156529665,31.705372214317322,1.3942879000678658,14212.950046539307,0.0,15.0,0.0,0.0,0.050000000000000044,4.354625947773457,4.334988065063953,0.06545953801833093
immediate_advantage_dqn,805,459,75.01892035454512,79.22006549313664,27.118275873363018,47.90064439177513,1.4494525138288736,15065.222854614258,0.0,23.0,0.0,1.0,0.050000000000000044,3.955805566161871,3.937322188168764,0.06161115295253694
immediate_advantage_dqn,805,460,84.53855157792569,79.44651859074831,29.60991032421589,54.9286405980587,1.495098446495831,16351.544525146484,0.0,25.0,0.0,1.0,0.050000000000000044,2.6168130934238434,2.600641567260027,0.053905065171420574
immediate_advantage_dqn,805,461,64.53397986292839,78.98917109936477,26.08558850735426,38.44839192926884,1.3921769568696618,13939.525390625,0.0,20.0,0.0,2.0,0.050000000000000044,3.0512611120939255,3.0314154513180256,0.0661522310692817
immediate_advantage_dqn,805,462,91.58312023431063,79.46891416467727,34.343467727303505,57.239652290940285,1.617042487487197,19064.640983581543,0.0,25.0,0.0,0.0,0.050000000000000044,2.9683868922293186,2.949114151299,0.06424239696934819
immediate_advantage_dqn,805,463,91.25074015557766,79.41702024944126,32.80700831860304,58.443731650710106,1.5722852479666471,18169.573232650757,0.0,26.0,0.0,0.0,0.050000000000000044,2.6575722619891167,2.6395155377686024,0.06018899311311543
immediate_advantage_dqn,805,464,77.04669882506133,79.21017744362355,32.02022012323141,45.02647850811481,1.5310263754799962,17926.693031311035,0.0,23.0,0.0,1.0,0.050000000000000044,3.196702044457197,3.1807914339005947,0.0530353884678334
immediate_advantage_dqn,805,465,93.38141533732414,79.54408414289355,30.634774759411812,62.74663996696472,1.5273692570626736,16791.030906677246,0.0,28.0,0.0,0.0,0.050000000000000044,3.4568756818771362,3.435201920568943,0.07224580738693476
immediate_advantage_dqn,805,466,93.16039630770683,79.62581602737308,32.87995034456253,60.28044532239437,1.5776133388280869,18248.059600830078,0.0,27.0,0.0,0.0,0.050000000000000044,3.0177570059895515,3.0011622086167336,0.055316083366051316
immediate_advantage_dqn,805,467,97.92804557085037,80.47573276415467,32.27079527080059,65.65724992752075,1.5568209569901228,17777.595821380615,0.0,29.0,0.0,1.0,0.050000000000000044,3.855631608515978,3.837326228618622,0.06101780850440264
immediate_advantage_dqn,805,468,94.46603001058102,81.01869174428285,32.14014980196953,62.32588075995445,1.5876230243593454,18158.730575561523,0.0,28.0,0.0,1.0,0.050000000000000044,4.423977263271809,4.408215671777725,0.052538530668243766
immediate_advantage_dqn,805,469,77.52770135700703,81.46215536817908,28.243101462721825,49.28460010290146,1.4613383784890175,15761.923274993896,0.0,23.0,0.0,1.0,0.050000000000000044,3.1388398185372353,3.124234490096569,0.04868455766700208
immediate_advantage_dqn,805,470,80.0320101171732,81.43558898054064,28.817005529999733,51.215005019307135,1.5103879161179066,16452.646713256836,0.0,24.0,0.0,1.0,0.050000000000000044,3.306956510990858,3.2902593202888966,0.055657314136624336
immediate_advantage_dqn,805,471,87.02078385055066,81.37686763197185,27.607617288827896,59.41316687464714,1.478707971982658,15900.02151107788,0.0,29.0,0.0,3.0,0.050000000000000044,2.9884933345019817,2.9710689149796963,0.05808139150030911
immediate_advantage_dqn,805,472,87.79917226731777,82.3393428323418,31.149212822318077,56.64995990693569,1.5741200931370258,18226.668970108032,0.0,25.0,0.0,0.0,0.050000000000000044,3.262877345085144,3.2452677488327026,0.05869869468733668
immediate_advantage_dqn,805,473,76.23566013723612,81.85211585745216,28.886649802327156,47.34901061058044,1.4548720261082053,16071.98377418518,0.0,23.0,0.0,3.0,0.050000000000000044,2.9927221052348614,2.9708189852535725,0.07301030354574323
immediate_advantage_dqn,805,474,93.13730872571469,82.59144615672531,31.11973398178816,62.01757591366768,1.5364778758957982,17459.820713043213,0.0,28.0,0.0,1.0,0.050000000000000044,3.3983440063893795,3.383405990898609,0.04979334445670247
immediate_advantage_dqn,805,475,78.98534769713879,82.67943344488741,28.047196730971336,50.9381511002779,1.4493610383942723,15404.48876953125,0.0,24.0,0.0,1.0,0.050000000000000044,3.666761938482523,3.649017807096243,0.059147055726498365
immediate_advantage_dqn,805,476,71.34190986305475,82.69653697676958,28.350566364824772,42.99134385585785,1.5371636105701327,16958.494411468506,0.0,22.0,0.0,1.0,0.050000000000000044,3.6019510813057423,3.5871015042066574,0.04949862463399768
immediate_advantage_dqn,805,477,81.42884560674429,82.70237458005549,29.600381277501583,51.828464567661285,1.5215802285820246,16553.94857788086,0.0,25.0,0.0,1.0,0.050000000000000044,3.5991935171186924,3.580251544713974,0.06313988822512329
immediate_advantage_dqn,805,478,84.45490325987339,84.0435770559311,32.373181119561195,52.081722393631935,1.5529523380100727,17698.467094421387,0.0,24.0,0.0,1.0,0.050000000000000044,3.2806792557239532,3.258526485413313,0.07384242746047676
immediate_advantage_dqn,805,479,70.390529358387,83.81215750612319,27.362970396876335,43.02755861878395,1.4282161416485906,15287.781253814697,0.0,21.0,0.0,1.0,0.050000000000000044,3.4066387228667736,3.389068927615881,0.05856598657555878
immediate_advantage_dqn,805,480,87.11024767309428,83.94074231088163,30.166376374661922,56.94387122392654,1.5444467533379793,17260.37636566162,0.0,26.0,0.0,2.0,0.050000000000000044,3.4481926560401917,3.43172350153327,0.05489724059589207
immediate_advantage_dqn,805,481,76.64933988451958,84.54651031196119,30.525871835649014,46.12346808612347,1.5087343137711287,16843.322885513306,0.0,23.0,0.0,1.0,0.050000000000000044,2.8225465938448906,2.8035764284431934,0.06323399767279625
immediate_advantage_dqn,805,482,80.69845751971006,84.00227717623116,29.28896965831518,51.40948772728443,1.5093536609783769,16668.41523361206,0.0,23.0,0.0,3.0,0.050000000000000044,4.007336653769016,3.991300992667675,0.0534521471709013
immediate_advantage_dqn,805,483,59.63016351312399,82.42124834410846,24.697720296680927,34.93244309723377,1.3562117954716086,13098.689083099365,0.0,20.0,0.0,0.0,0.050000000000000044,2.815830737352371,2.797896958887577,0.05977935646660626
immediate_advantage_dqn,805,484,76.2213215008378,82.37997947789728,27.29001598805189,48.93130558729172,1.506022316403687,16468.570152282715,0.0,23.0,0.0,0.0,0.050000000000000044,3.608464263379574,3.5931343995034695,0.05109941982664168
immediate_advantage_dqn,805,485,70.32496774196625,81.22715709812938,26.264556653797626,44.060411155223846,1.4294591872021556,14974.6674118042,0.0,20.0,0.0,0.0,0.050000000000000044,4.300056472420692,4.284385524690151,0.052236514165997505
immediate_advantage_dqn,805,486,86.70455333590508,80.90436494953931,31.39223226904869,55.31232076883316,1.5296531170606613,17293.664085388184,0.0,26.0,0.0,1.0,0.050000000000000044,4.193026803433895,4.177800375968218,0.05075465957634151
immediate_advantage_dqn,805,487,71.06356492638588,79.56114091731608,27.756777301430702,43.30678744614124,1.446517487987876,15420.925636291504,0.0,22.0,0.0,0.0,0.050000000000000044,2.8871411979198456,2.8672758378088474,0.06621795240789652
immediate_advantage_dqn,805,488,79.62833940982819,78.81925638727844,28.900963857769966,50.727375373244286,1.4727191161364317,15976.888389587402,0.0,23.0,0.0,0.0,0.050000000000000044,3.8659587763249874,3.844008155167103,0.07316873176023364
immediate_advantage_dqn,805,489,79.75378251075745,78.93056044496595,28.202784657478333,51.550997734069824,1.5014311168342829,16326.688217163086,0.0,24.0,0.0,0.0,0.050000000000000044,3.392057031393051,3.3765090331435204,0.05182664608582854
immediate_advantage_dqn,805,490,80.88467822223902,78.97319385021925,29.464087270200253,51.42059125006199,1.4718145579099655,16020.581386566162,0.0,23.0,0.0,0.0,0.050000000000000044,3.130135089159012,3.109083838760853,0.0701709350105375
immediate_advantage_dqn,805,491,72.6393161341548,78.25412046439946,27.158674456179142,45.48064170777798,1.4420766104012728,15236.339626312256,0.0,23.0,0.0,0.0,0.050000000000000044,2.959206074476242,2.9425493255257607,0.0555225326679647
immediate_advantage_dqn,805,492,72.74510706365109,77.50141720421612,27.4487461745739,45.29636072516441,1.4335499508306384,14804.944793701172,0.0,23.0,0.0,1.0,0.050000000000000044,3.1580218710005283,3.142078936100006,0.05314314109273255
immediate_advantage_dqn,805,493,80.16944819837809,77.69810660727323,28.98450005799532,51.184948378801344,1.4770636344328523,16388.79071044922,0.0,23.0,0.0,1.0,0.050000000000000044,3.612847950309515,3.596167426556349,0.055601843632757664
immediate_advantage_dqn,805,494,82.36346493661404,77.1594144178182,27.306529641151428,55.05693531036377,1.4429480554535985,15551.027824401855,0.0,25.0,0.0,0.0,0.050000000000000044,3.8624976724386215,3.8457057625055313,0.055972923059016466
immediate_advantage_dqn,805,495,81.38979693502188,77.27963687971234,29.510240331292152,51.879556223750114,1.4891134183853865,16419.40753555298,0.0,26.0,0.0,0.0,0.050000000000000044,3.8012830168008804,3.7835614047944546,0.05907194782048464
immediate_advantage_dqn,805,496,89.43960343599319,78.18452155835926,32.03986866772175,57.399734663963315,1.5775455785915256,18363.3285446167,0.0,27.0,0.0,2.0,0.050000000000000044,4.344703141599894,4.328851144760847,0.05283991992473602
immediate_advantage_dqn,805,497,97.9102162450552,79.00859009027481,32.54381249845028,65.36640395522117,1.5571499392390251,17877.57515335083,0.0,28.0,0.0,3.0,0.050000000000000044,2.947107747197151,2.929062869399786,0.06014963914640248
immediate_advantage_dqn,805,498,82.9636237114668,78.93402611285448,29.852567687630653,53.111056172847746,1.504310192540288,16504.47785949707,0.0,25.0,0.0,1.0,0.050000000000000044,3.706570379436016,3.6877272725105286,0.06281024683266878
immediate_advantage_dqn,805,499,65.04069540053607,78.66653441496194,26.43595862388611,38.604737067222594,1.4185130968689919,14911.663204193115,0.0,19.0,0.0,1.0,0.050000000000000044,3.2498797215521336,3.229841034859419,0.06679569743573666
immediate_advantage_dqn,805,500,103.21088173985481,79.47156611829998,34.40589788556099,68.80498380959034,1.6554955933243036,19812.326774597168,0.0,30.0,0.0,0.0,0.050000000000000044,4.477779947221279,4.4633712358772755,0.04802904115058482
immediate_advantage_dqn,805,501,92.66405348479748,80.27230179831386,31.589056730270386,61.074996307492256,1.5607837615534663,17668.507804870605,0.0,28.0,0.0,0.0,0.050000000000000044,4.045094594359398,4.027387037873268,0.059025145368650556
immediate_advantage_dqn,805,502,80.29614168405533,80.25218600653112,30.696890756487846,49.59925112128258,1.5309160500764847,17201.145652770996,0.0,26.0,0.0,0.0,0.050000000000000044,2.8274892419576645,2.807553216814995,0.06645348994061351
immediate_advantage_dqn,805,503,92.78979587554932,81.91016762465239,31.41223841905594,61.377557039260864,1.560798934660852,17984.41990661621,0.0,28.0,0.0,0.0,0.050000000000000044,3.196635603904724,3.1785349622368813,0.060335427056998014
immediate_advantage_dqn,805,504,74.44286234676838,81.82124466694891,26.840247854590416,47.6026152074337,1.435445399954915,15033.814250946045,0.0,22.0,0.0,1.0,0.050000000000000044,3.2134734503924847,3.19501169398427,0.061539258575066924
immediate_advantage_dqn,805,505,86.91848908364773,82.650920734033,29.74902054667473,57.16946883499622,1.5085633024573326,16699.946243286133,0.0,25.0,0.0,1.0,0.050000000000000044,3.1998748257756233,3.1790215708315372,0.06951086374465376
immediate_advantage_dqn,805,506,87.82935181260109,82.70716065786779,29.695812106132507,58.13353979587555,1.5036415783688426,16936.34304046631,0.0,26.0,0.0,0.0,0.050000000000000044,4.0919008031487465,4.076996445655823,0.04968117014504969
immediate_advantage_dqn,805,507,79.48309116959572,83.1281369700283,29.787582382559776,49.69550927877426,1.5133579773828387,16451.185314178467,0.0,24.0,0.0,2.0,0.050000000000000044,3.5666462518274784,3.549558289349079,0.05695990170352161
immediate_advantage_dqn,805,508,79.91611301898956,83.14252565048636,29.45929779112339,50.45681536197662,1.5023960452526808,16404.64914703369,0.0,25.0,0.0,0.0,0.050000000000000044,3.0412023961544037,3.026139073073864,0.05021093366667628
immediate_advantage_dqn,805,509,69.82806380093098,82.64623971499503,27.057763762772083,42.770300179719925,1.4076955746859312,14458.192951202393,0.0,21.0,0.0,0.0,0.050000000000000044,2.7219775691628456,2.7062074542045593,0.052567042876034975
immediate_advantage_dqn,805,510,78.344253718853,82.51921848982573,28.480001352727413,49.8642525523901,1.4622739348560572,15543.549221038818,0.0,24.0,0.0,0.0,0.050000000000000044,3.668830920010805,3.649298593401909,0.06510789133608341
immediate_advantage_dqn,805,511,85.7657010704279,83.17553773663937,30.75638522207737,55.009316086769104,1.5289625572040677,17079.377563476562,0.0,26.0,0.0,2.0,0.050000000000000044,3.3865495175123215,3.3742113262414932,0.041127210948616266
immediate_advantage_dqn,805,512,70.28847514986992,83.05270614095033,26.95015063881874,43.33832491338253,1.3971137823536992,15594.110279083252,0.0,20.0,0.0,1.0,0.050000000000000044,3.344840817153454,3.3281619250774384,0.05559624033048749
immediate_advantage_dqn,805,513,85.73366441577673,83.33091695182027,29.197021178901196,56.536643505096436,1.497177241370082,16442.39353942871,0.0,26.0,0.0,0.0,0.050000000000000044,3.529696263372898,3.5159661918878555,0.04576688166707754
immediate_advantage_dqn,805,514,88.63757070153952,83.64462224006652,31.309630759060383,57.327939569950104,1.544986929744482,17745.37813949585,0.0,25.0,0.0,1.0,0.050000000000000044,2.782493893057108,2.7678469084203243,0.048823336604982615
immediate_advantage_dqn,805,515,83.07855746150017,83.72906026639046,31.297495126724243,51.781062334775925,1.5295181525871158,17510.67449569702,0.0,23.0,0.0,0.0,0.050000000000000044,2.994841795414686,2.9784602746367455,0.05460501601919532
immediate_advantage_dqn,805,516,89.39059675484896,83.72660993233323,28.160050734877586,61.23054586350918,1.4975318368524313,16409.686309814453,0.0,28.0,0.0,1.0,0.050000000000000044,3.6971810832619667,3.679856076836586,0.0577499580103904
immediate_advantage_dqn,805,517,89.92084014415741,83.32714112728834,32.36736260354519,57.553476721048355,1.5444503286853433,17883.39658355713,0.0,26.0,0.0,0.0,0.050000000000000044,3.164876390248537,3.1510438062250614,0.04610847984440625
immediate_advantage_dqn,805,518,77.71188999712467,83.06455444157123,29.02683176100254,48.68505883216858,1.4549961611628532,15698.53443145752,0.0,23.0,0.0,1.0,0.050000000000000044,4.377361312508583,4.351188410073519,0.08724308968521655
immediate_advantage_dqn,805,519,79.155318595469,83.77028560131788,28.294922597706318,50.860396564006805,1.4577444037422538,15562.940395355225,0.0,25.0,0.0,0.0,0.050000000000000044,2.7618012242019176,2.744639776647091,0.05720484582707286
immediate_advantage_dqn,805,520,90.96116179227829,83.15779960393905,31.74949799478054,59.2116641998291,1.5573078459128737,18250.767776489258,0.0,25.0,0.0,0.0,0.050000000000000044,3.3158797919750214,3.2980997785925865,0.05926658818498254
immediate_advantage_dqn,805,521,87.6207919344306,82.90563652642071,32.37891563028097,55.24187532067299,1.586441152729094,18493.13437271118,0.0,25.0,0.0,0.0,0.050000000000000044,3.5601192638278008,3.5371935926377773,0.07641893229447305
immediate_advantage_dqn,805,522,81.42239395529032,82.96194913998247,30.416860781610012,51.0055325627327,1.5122021716088057,17176.693656921387,0.0,24.0,0.0,0.0,0.050000000000000044,2.969021737575531,2.9558355696499348,0.043953828513622284
immediate_advantage_dqn,805,523,88.850241266191,82.76497140951454,31.344506286084652,57.50573441386223,1.590592942200601,18384.865188598633,0.0,26.0,0.0,0.0,0.050000000000000044,3.4383791871368885,3.4240953661501408,0.0476126114372164
immediate_advantage_dqn,805,524,90.64726580828429,83.57519158259035,32.659065417945385,57.988200390338896,1.5888684298843145,18389.55115699768,0.0,26.0,0.0,1.0,0.050000000000000044,3.407738909125328,3.392107330262661,0.05210530571639538
immediate_advantage_dqn,805,525,85.1864091232419,83.48858758457006,29.329611621797085,55.8567980825901,1.492521575652063,16832.10220336914,0.0,26.0,0.0,0.0,0.050000000000000044,3.287661388516426,3.272083193063736,0.051927353953942657
immediate_advantage_dqn,805,526,66.80372034013271,82.43730601094663,27.21909235417843,39.58462850749493,1.4309802558273077,14812.071502685547,0.0,20.0,0.0,1.0,0.050000000000000044,3.420263770967722,3.4048579782247543,0.0513527465518564
immediate_advantage_dqn,805,527,108.50551025569439,83.88842696525157,34.06287732720375,74.44263309240341,1.6201844764873385,19106.00922393799,0.0,32.0,0.0,0.0,0.050000000000000044,3.398291639983654,3.383782461285591,0.04836394859012216
immediate_advantage_dqn,805,528,76.69217479974031,83.7272300542891,27.902179583907127,48.789995551109314,1.4991822633892298,16468.916553497314,0.0,22.0,0.0,1.0,0.050000000000000044,3.3802720978856087,3.364401463419199,0.052902116905897856
immediate_advantage_dqn,805,529,70.40669115632772,83.75616142205894,27.183067493140697,43.22362345457077,1.4576943507418036,15391.917140960693,0.0,22.0,0.0,0.0,0.050000000000000044,3.405143290758133,3.3874897100031376,0.05884527042508125
immediate_advantage_dqn,805,530,84.09348076581955,84.04362277440727,31.15557010471821,52.937910825014114,1.555881871841848,17180.712017059326,0.0,25.0,0.0,0.0,0.050000000000000044,3.1328878812491894,3.1172006130218506,0.05229088454507291
immediate_advantage_dqn,805,531,94.31641668528319,84.47115855515003,30.935796476900578,63.380620916187766,1.5613966286182404,17752.812538146973,0.0,28.0,0.0,3.0,0.050000000000000044,3.249715518206358,3.235759563744068,0.0465198929887265
immediate_advantage_dqn,805,532,67.28830248117447,84.32114992171526,27.741220831871033,39.54708155989647,1.4521466754376888,15655.997062683105,0.0,19.0,0.0,1.0,0.050000000000000044,2.24556927382946,2.227381359785795,0.06062629562802613
immediate_advantage_dqn,805,533,82.8009817302227,84.17451578743757,30.287566915154457,52.51341438293457,1.5145905166864395,17655.196256637573,0.0,26.0,0.0,0.0,0.050000000000000044,4.614566378295422,4.597727552056313,0.05612949305213988
immediate_advantage_dqn,805,534,79.82514415085316,83.73389445990325,29.68429931998253,50.14084496498108,1.4963794415816665,16459.640560150146,0.0,24.0,0.0,2.0,0.050000000000000044,3.7477918043732643,3.730833239853382,0.05652838456444442
immediate_advantage_dqn,805,535,94.52211000025272,84.30607208684087,31.293563522398472,63.22854709625244,1.5488836830481887,17491.290224075317,0.0,28.0,0.0,0.0,0.050000000000000044,2.781588263809681,2.7605601474642754,0.07009387481957674
immediate_advantage_dqn,805,536,95.91537652164698,84.63231107518077,33.69313979893923,62.222236186265945,1.5867961654439569,18842.103187561035,0.0,29.0,0.0,1.0,0.050000000000000044,4.290125742554665,4.265065483748913,0.08353428239934146
immediate_advantage_dqn,805,537,83.95230074226856,84.33388410508633,31.39517992734909,52.557121366262436,1.53167596552521,17420.878379821777,0.0,24.0,0.0,0.0,0.050000000000000044,3.6933946646749973,3.6759144216775894,0.05826735310256481
immediate_advantage_dqn,805,538,70.32161187380552,83.96437019892036,27.41563331335783,42.905979096889496,1.4380228370428085,14990.613544464111,0.0,21.0,0.0,0.0,0.050000000000000044,3.378079440444708,3.3576342426240444,0.06815058528445661
immediate_advantage_dqn,805,539,102.41236981153489,85.12722275972367,35.406972259283066,67.00539835691453,1.63186055701226,19962.497173309326,0.0,28.0,0.0,1.0,0.050000000000000044,4.679889984428883,4.66240057349205,0.05829802970401943
immediate_advantage_dqn,805,540,69.75682354122401,84.06700584717096,27.076090037822723,42.68073365986347,1.4154420420527458,14647.281518936157,0.0,21.0,0.0,3.0,0.050000000000000044,3.457849904894829,3.442419867962599,0.05143340537324548
immediate_advantage_dqn,805,541,84.84331633895636,83.92813206739724,29.443102225661278,55.40021449327469,1.4944195449352264,16572.570461273193,0.0,25.0,0.0,1.0,0.050000000000000044,3.3172529488801956,3.3013526387512684,0.05300108785741031
immediate_advantage_dqn,805,542,86.68919280171394,84.19147200971842,31.7131819576025,54.97601020336151,1.5572201861068606,18044.327896118164,0.0,23.0,0.0,2.0,0.050000000000000044,3.5909502506256104,3.574810042977333,0.05380062304902822
immediate_advantage_dqn,805,543,91.817073777318,84.33981363527478,31.940936245024204,59.87613759934902,1.5448490465059876,17873.28811264038,0.0,27.0,0.0,0.0,0.050000000000000044,3.621322203427553,3.6066784486174583,0.0488125232513994
immediate_advantage_dqn,805,544,88.87996884435415,84.25144878707826,31.614640153944492,57.26532877981663,1.5484555009752512,17490.31254196167,0.0,27.0,0.0,1.0,0.050000000000000044,2.605242758989334,2.590574190020561,0.04889515298418701
immediate_advantage_dqn,805,545,94.66100446134806,84.72517855398357,32.556397683918476,62.10460722446442,1.5992383463308215,18819.957977294922,0.0,28.0,0.0,1.0,0.050000000000000044,3.087719440460205,3.0715069733560085,0.054041551891714334
immediate_advantage_dqn,805,546,100.97101021707059,86.43354304783047,33.213392078876495,67.75761803388596,1.6313302116468549,19059.542190551758,0.0,30.0,0.0,3.0,0.050000000000000044,4.092668227851391,4.075255513191223,0.05804241087753326
immediate_advantage_dqn,805,547,59.37252101302147,83.97689358569683,26.88682298362255,32.485697865486145,1.4138536490499973,14610.684986114502,0.0,18.0,0.0,0.0,0.050000000000000044,3.529794406145811,3.5104193426668644,0.0645835449686274
immediate_advantage_dqn,805,548,73.82670738101005,83.83362021476032,26.604554772377014,47.22215301096439,1.4311805563047528,15049.3876953125,0.0,23.0,0.0,2.0,0.050000000000000044,4.233031466603279,4.215767186135054,0.05754758685361594
immediate_advantage_dqn,805,549,81.20939625501632,84.37375546969474,27.9311326444149,53.27826338708401,1.47575478348881,16143.55913734436,0.0,24.0,0.0,3.0,0.050000000000000044,2.4469049237668514,2.432406261563301,0.04832899430766702
immediate_advantage_dqn,805,550,101.88493046313525,85.26332795456052,33.35496012121439,68.52997075915337,1.6049759518355131,18719.842670440674,0.0,29.0,0.0,2.0,0.050000000000000044,3.5914283506572247,3.574858270585537,0.055233691819012165
immediate_advantage_dqn,805,551,75.94445429742336,84.34472983516753,27.402429521083832,48.54202491044998,1.4325372874736786,15196.840114593506,0.0,24.0,0.0,0.0,0.050000000000000044,3.7633260302245617,3.745534975081682,0.059303503250703216
immediate_advantage_dqn,805,552,66.35743965953588,84.29818669408562,26.36180978268385,39.995629742741585,1.4231972014531493,15119.106414794922,0.0,20.0,0.0,0.0,0.050000000000000044,2.5542191565036774,2.5398831702768803,0.04778662940952927
immediate_advantage_dqn,805,553,84.73814602196217,84.39504490867257,29.596736446022987,55.14140945672989,1.4866230674088001,16765.208740234375,0.0,26.0,0.0,0.0,0.050000000000000044,3.3536406867206097,3.3348712362349033,0.06256482773460448
immediate_advantage_dqn,805,554,73.52399325370789,84.0799873638153,29.621168553829193,43.90282502770424,1.4878349248319864,16723.993000030518,0.0,23.0,0.0,0.0,0.050000000000000044,5.270604997873306,5.254168063402176,0.054789859568700194
immediate_advantage_dqn,805,555,86.94645811021329,83.70120476931334,30.213322274386883,56.73313602209091,1.4807945415377617,16819.399684906006,0.0,25.0,0.0,2.0,0.050000000000000044,4.408095706254244,4.390157099813223,0.0597952832467854
immediate_advantage_dqn,805,556,74.99107577800751,82.65498973213137,27.40314170718193,47.58793423473835,1.4500793078914285,15277.620174407959,0.0,22.0,0.0,1.0,0.050000000000000044,4.529332876205444,4.514672607183456,0.04886754136532545
immediate_advantage_dqn,805,557,71.1053630501032,82.0126428475231,27.535436645150185,43.56992650926113,1.4473915109410882,15644.033187866211,0.0,21.0,0.0,1.0,0.050000000000000044,4.51960289478302,4.502429805696011,0.057243462651968
immediate_advantage_dqn,805,558,83.30194813013077,82.66165966033937,31.08508536964655,52.216862708330154,1.5451672598719597,17838.48145675659,0.0,23.0,0.0,0.0,0.050000000000000044,2.8249995037913322,2.811569109559059,0.04476794274523854
immediate_advantage_dqn,805,559,89.29003908485174,82.0055431240052,29.527569882571697,59.762469083070755,1.5292912805452943,16997.63698196411,0.0,28.0,0.0,1.0,0.050000000000000044,3.468298677355051,3.4530190639197826,0.05093212309293449
immediate_advantage_dqn,805,560,85.77840600311757,82.80662224709988,28.887177370488644,56.89122866988182,1.484410704113543,16196.012344360352,0.0,27.0,0.0,1.0,0.050000000000000044,3.6325213983654976,3.6153576113283634,0.05721250595524907
immediate_advantage_dqn,805,561,79.31061622649432,82.52998724147679,29.115357525646687,50.19525841772556,1.5009224014356732,16416.885597229004,0.0,25.0,0.0,1.0,0.050000000000000044,3.811183962970972,3.7922139670699835,0.06323333689942956
immediate_advantage_dqn,805,562,91.05079541504384,82.74806737214328,32.63464241474867,58.41615297794342,1.5875041848048568,18862.3371925354,0.0,25.0,0.0,1.0,0.050000000000000044,3.6040272004902363,3.5896793082356453,0.04782630829140544
immediate_advantage_dqn,805,563,83.40372632443905,82.32739999949933,30.19217425584793,53.21155220270157,1.5205607702955604,17191.546878814697,0.0,24.0,0.0,2.0,0.050000000000000044,3.0860851779580116,3.0715485997498035,0.048455199459567666
immediate_advantage_dqn,805,564,80.14627106636763,81.89071511060001,30.214506842195988,49.93176410496235,1.501192913390696,16762.92558670044,0.0,23.0,0.0,1.0,0.050000000000000044,3.8713172152638435,3.85350638628006,0.0593694313429296
immediate_advantage_dqn,805,565,97.28443151712418,82.02188646338881,33.48694858700037,63.79748284816742,1.5743243116885424,18823.841606140137,0.0,28.0,0.0,2.0,0.050000000000000044,4.257845684885979,4.236345145851374,0.07166836061514914
immediate_advantage_dqn,805,566,80.11780802458524,80.97922635376455,29.297887593507767,50.81992037892341,1.4737024959176779,16367.446964263916,0.0,22.0,0.0,3.0,0.050000000000000044,3.8142630606889725,3.796581491827965,0.058938471833243966
immediate_advantage_dqn,805,567,85.63176938891411,82.29218877255917,27.591507382690907,58.04026252031326,1.4565650206059217,15866.649322509766,0.0,25.0,0.0,0.0,0.050000000000000044,3.7497516460716724,3.7332135774195194,0.055126886582002044
immediate_advantage_dqn,805,568,78.22848878800869,82.5122778429091,27.990659452974796,50.23782943189144,1.480558842420578,15952.472454071045,0.0,24.0,0.0,0.0,0.050000000000000044,3.2789874859154224,3.263343796133995,0.05214565771166235
immediate_advantage_dqn,805,569,56.42347149550915,81.27298160493373,25.097872495651245,31.32559832930565,1.3810074469074607,14249.014755249023,0.0,17.0,0.0,1.0,0.050000000000000044,3.9341608621180058,3.9198039770126343,0.04785627359524369
immediate_advantage_dqn,805,570,73.1757311373949,79.83752163864673,26.144418835639954,47.03131264448166,1.415069761686027,14809.686126708984,0.0,23.0,0.0,0.0,0.050000000000000044,3.955572221428156,3.943092606961727,0.04159885039553046
immediate_advantage_dqn,805,571,80.19424468278885,80.050011157915,28.215862683951855,51.97838205099106,1.4779606144875288,16241.161228179932,0.0,25.0,0.0,1.0,0.050000000000000044,3.749373272061348,3.7368007749319077,0.04190832551103085
immediate_advantage_dqn,805,572,83.24537645429373,80.89440799765289,27.918082997202873,55.32729353904724,1.4425293486565351,15771.002166748047,0.0,25.0,0.0,1.0,0.050000000000000044,3.3438456505537033,3.327813047915697,0.05344208376482129
immediate_advantage_dqn,805,573,94.91199281215668,81.40310033716261,32.64210154116154,62.26989103257656,1.6087287850677967,18747.22243499756,0.0,28.0,0.0,1.0,0.050000000000000044,3.0900337658822536,3.071768745779991,0.06088332796934992
immediate_advantage_dqn,805,574,114.00332340151071,83.42706684455277,38.3053954988718,75.6979279845953,1.7200461914762855,21123.283275604248,0.0,32.0,0.0,3.0,0.050000000000000044,3.899957589805126,3.8813780397176743,0.0619318294338882
immediate_advantage_dqn,805,575,80.61222622692586,83.1103552503884,30.779854014515877,49.8323720484972,1.5448992541059852,17684.94842529297,0.0,23.0,0.0,1.0,0.050000000000000044,2.750803530216217,2.7356437630951405,0.0505325123667717
immediate_advantage_dqn,805,576,86.78343673944474,83.69997329846026,29.132795803248882,57.65064128637314,1.4978660363703966,16622.294372558594,0.0,27.0,0.0,1.0,0.050000000000000044,3.628370735794306,3.6085880547761917,0.06594236264936626
immediate_advantage_dqn,805,577,92.54489922523499,84.77195010721684,32.61767863482237,59.9272205978632,1.5816163020208478,18611.048860549927,0.0,28.0,0.0,0.0,0.050000000000000044,3.9198930747807026,3.899071726948023,0.0694044001866132
immediate_advantage_dqn,805,578,82.46113103628159,84.72990925252438,30.793661072850227,51.66747047007084,1.5524427434429526,17752.27592086792,0.0,24.0,0.0,1.0,0.050000000000000044,3.9799671955406666,3.9683350920677185,0.03877360455226153
immediate_advantage_dqn,805,579,84.2974808961153,84.48028134308757,30.680076502263546,53.61740456521511,1.5118012661114335,17483.27668762207,0.0,25.0,0.0,0.0,0.050000000000000044,3.365110717713833,3.350717205554247,0.047978580463677645
immediate_advantage_dqn,805,580,68.54409786462784,83.61856593616308,27.52036528289318,41.02373273074627,1.432079424150288,14996.358348846436,0.0,23.0,0.0,1.0,0.050000000000000044,3.8817644231021404,3.8649339377880096,0.056101546389982104
immediate_advantage_dqn,805,581,80.936761893332,83.69987321950495,28.5490657761693,52.387695997953415,1.4691932396963239,15830.003353118896,0.0,24.0,0.0,0.0,0.050000000000000044,3.3379796855151653,3.3225468061864376,0.05144291580654681
immediate_advantage_dqn,805,582,80.60098166912795,83.17738253220917,30.125309862196445,50.475671568512915,1.5287639908492565,17067.569107055664,0.0,23.0,0.0,1.0,0.050000000000000044,3.0043289810419083,2.9855960085988045,0.06244320818223059
immediate_advantage_dqn,805,583,88.24317223578691,83.41935482777656,30.356026493012905,57.8871454000473,1.5268189534544945,16869.597312927246,0.0,27.0,0.0,0.0,0.050000000000000044,4.295612685382366,4.274412214756012,0.07066817651502788
immediate_advantage_dqn,805,584,83.12208169698715,83.56814535930752,29.37968610227108,53.74239607155323,1.537675873376429,17281.42113494873,0.0,25.0,0.0,1.0,0.050000000000000044,3.446101300418377,3.431599285453558,0.04834007821045816
immediate_advantage_dqn,805,585,74.81811618059874,82.44482959248126,28.199941225349903,46.618174359202385,1.4799051824957132,16086.628772735596,0.0,22.0,0.0,0.0,0.050000000000000044,4.424601435661316,4.410143710672855,0.04819240141659975
immediate_advantage_dqn,805,586,81.22935734838248,82.50040705867113,29.6858663931489,51.543491104245184,1.4946934366598725,16581.72064971924,0.0,24.0,0.0,1.0,0.050000000000000044,4.1991379000246525,4.1813398860394955,0.05932683520950377
immediate_advantage_dqn,805,587,84.40387263894081,82.43901222117246,30.735687613487244,53.6681849360466,1.5418679090216756,17129.497840881348,0.0,25.0,0.0,1.0,0.050000000000000044,3.4953045956790447,3.478057611733675,0.05748986057005823
immediate_advantage_dqn,805,588,77.38672515004873,82.39692403927447,30.085604548454285,47.30112066864967,1.4880026038736105,16814.013023376465,0.0,22.0,0.0,0.0,0.050000000000000044,3.239621330052614,3.224850371479988,0.04923652042634785
immediate_advantage_dqn,805,589,68.94721491634846,83.02311121031643,27.05074369162321,41.896471202373505,1.4409180451184511,15321.9310836792,0.0,21.0,0.0,1.0,0.050000000000000044,3.656712144613266,3.643652494996786,0.04353229817934334
immediate_advantage_dqn,805,590,77.20404157787561,83.22452673234046,28.133304722607136,49.070736825466156,1.4942288510501385,16419.164348602295,0.0,23.0,0.0,0.0,0.050000000000000044,4.3207545056939125,4.306041195988655,0.049044460291042924
immediate_advantage_dqn,805,591,85.65987040102482,83.49780801825224,30.707640767097473,54.95222941040993,1.5616993997246027,17528.87994003296,0.0,26.0,0.0,0.0,0.050000000000000044,4.233200028538704,4.212896406650543,0.06767853628844023
immediate_advantage_dqn,805,592,74.73712967336178,83.07239567920566,28.859615989029408,45.87751366198063,1.4969992227852345,16649.346351623535,0.0,22.0,0.0,2.0,0.050000000000000044,3.178094018250704,3.1649665273725986,0.04375821282155812
immediate_advantage_dqn,805,593,64.74739670753479,81.56416587397456,25.18147675693035,39.565919637680054,1.3761767894029617,14219.386890411377,0.0,19.0,0.0,0.0,0.050000000000000044,3.7583825886249542,3.7417554035782814,0.055424016900360584
immediate_advantage_dqn,805,594,95.04696772396565,80.61634809009732,33.43844722956419,61.60852056145668,1.577441061846912,19005.751724243164,0.0,26.0,0.0,2.0,0.050000000000000044,3.133937355130911,3.1206683665513992,0.0442299636779353
immediate_advantage_dqn,805,595,92.14835555255414,81.19315455637873,33.04448617249727,59.103869968652724,1.6028832755982876,18554.135932922363,0.0,27.0,0.0,2.0,0.050000000000000044,2.646152038127184,2.627578366547823,0.06191221857443452
immediate_advantage_dqn,805,596,100.4583040624857,81.87689792253077,33.70693849027157,66.75136569142342,1.6225285129621625,18950.500938415527,0.0,30.0,0.0,1.0,0.050000000000000044,3.616879928857088,3.6007214821875095,0.053861577063798904
immediate_advantage_dqn,805,597,93.97600952535868,81.94845343753695,32.63606821745634,61.33994147181511,1.5699665201827884,18497.790607452393,0.0,27.0,0.0,0.0,0.050000000000000044,4.872677076607943,4.856423735618591,0.05417787120677531
immediate_advantage_dqn,805,598,100.59529793262482,82.85516178235412,34.238506488502026,66.35679161548615,1.6251965826377273,19193.295211791992,0.0,29.0,0.0,0.0,0.050000000000000044,3.636662984266877,3.6225115191191435,0.04717163252644241
immediate_advantage_dqn,805,599,73.02005022913218,82.29129024900496,27.68427325040102,45.335777500271796,1.4339778237044811,15287.186376571655,0.0,21.0,0.0,1.0,0.050000000000000044,4.06475368142128,4.049136519432068,0.05205717822536826
