variant,model_seed,episode,cost,rolling_cost,immediate_cost,penalty,energy_use,latency_ms,thermal_violation,energy_violation,queue_violation,contact_violation,epsilon,loss,td_loss,auxiliary_loss
immediate_advantage_dqn,801,0,110.81215147078038,110.81215147078038,40.24355413019657,70.56859669983388,1.7537781996652484,23751.363697052002,0.0,32.0,0.0,1.0,0.9954761904761905,,,
immediate_advantage_dqn,801,1,120.32506894106973,115.56861020592505,40.54030027985573,79.7847681247722,1.809040104970336,24422.60553741455,0.0,31.0,6.0,0.0,0.9909523809523809,1.356027603149414,1.3412774801254272,0.049166999757289886
immediate_advantage_dqn,801,2,113.86623222380877,115.00115087855295,41.290624387562275,72.57560770213604,1.7422475572675467,23530.914863586426,0.0,30.0,0.0,0.0,0.9864285714285714,1.1728321835398674,1.159540742635727,0.044304848182946444
immediate_advantage_dqn,801,3,116.74384386837482,115.43682412600842,41.04752990603447,75.69631385803223,1.7518813954666257,24249.610527038574,0.0,33.0,0.0,0.0,0.981904761904762,1.1295100301504135,1.118688978254795,0.03607015195302665
immediate_advantage_dqn,801,4,134.66605517963572,119.28267033673387,41.039953142404556,93.6261017094056,1.8618408618494868,24224.485809326172,0.0,34.0,17.0,0.0,0.9773809523809524,0.9684176966547966,0.9619938433170319,0.021412819158285856
immediate_advantage_dqn,801,5,104.74146591126919,116.8591362658231,36.65858459472656,68.08288177847862,1.6801577303558588,21530.110710144043,0.0,29.0,0.0,2.0,0.9728571428571429,0.8099522553384304,0.8058885857462883,0.013545543712098151
immediate_advantage_dqn,801,6,142.37424875079378,120.50415233510462,42.95564088225365,99.41860765992385,1.9106989838182926,26360.613693237305,0.0,31.0,21.0,0.0,0.9683333333333334,0.7275305911898613,0.7224711999297142,0.016864651872310787
immediate_advantage_dqn,801,7,147.51859956565792,123.88095823892378,43.09591764211655,104.42268137219841,1.9247426930814981,26049.62738800049,0.0,33.0,14.0,1.0,0.9638095238095238,0.7806454598903656,0.77708650380373,0.011863172287121415
immediate_advantage_dqn,801,8,129.11729204654694,124.46277310643745,45.69646059721708,83.42083123326302,1.8412323333323002,25855.66298675537,0.0,35.0,0.0,1.0,0.9592857142857143,0.8119982220232487,0.808526448905468,0.011572552612051368
immediate_advantage_dqn,801,9,140.0565779178912,126.02215358758284,49.12208916246891,90.93448912795132,1.8588736755773425,27701.017570495605,0.0,35.0,13.0,1.0,0.9547619047619048,0.6062335856258869,0.6031144000589848,0.010397279693279415
immediate_advantage_dqn,801,10,128.3880705088377,126.23723694406054,43.06458427011967,85.32348591089249,1.7855384377762675,24302.54222869873,0.0,36.0,0.0,0.0,0.9502380952380952,0.4428792092949152,0.43904910795390606,0.01276699104346335
immediate_advantage_dqn,801,11,171.29165467206928,129.99177175472792,41.00997066497803,130.28168408159706,1.9583906019106507,25677.867206573486,0.0,35.0,28.0,2.0,0.9457142857142857,0.33177791349589825,0.32820525392889977,0.011908864544238895
immediate_advantage_dqn,801,12,110.51970690488815,128.49392061243256,41.79253248125315,68.72717444598675,1.7714266832917929,24109.414836883545,0.0,30.0,0.0,1.0,0.9411904761904761,0.2501498917117715,0.24588208738714457,0.0142260214779526
immediate_advantage_dqn,801,13,137.87557984753744,129.16403912922576,40.082619190216064,97.7929605083098,1.8564184987917542,24412.597190856934,0.0,33.0,17.0,1.0,0.9366666666666666,0.24345667846500874,0.23952881153672934,0.013092887355014682
immediate_advantage_dqn,801,14,95.5428279787302,126.92262505252606,34.89945708215237,60.64337146282196,1.6475235763937235,20915.09999847412,0.0,26.0,0.0,1.0,0.9321428571428572,0.2157991686835885,0.21228832751512527,0.01170280488440767
immediate_advantage_dqn,801,15,143.66982016183186,127.9693247468577,44.76593032479286,98.9038893900042,1.8343095956370234,25948.732452392578,0.0,36.0,18.0,0.0,0.9276190476190476,0.5328661762177944,0.5299549922347069,0.009703940653707832
immediate_advantage_dqn,801,16,138.89019384639232,128.6117288115362,41.37265773117542,97.51753620462387,1.8996932683512568,25462.16831588745,0.0,33.0,15.0,0.0,0.9230952380952381,0.5752922780811787,0.5717236958444118,0.011895279254531488
immediate_advantage_dqn,801,17,118.36925708096682,128.04270260428234,38.57570990920067,79.7935468439406,1.792216825298965,23383.513500213623,0.0,30.0,8.0,1.0,0.9185714285714286,0.3306863810867071,0.3263569315895438,0.014431495277676731
immediate_advantage_dqn,801,18,118.86702409842023,127.55977215660539,43.05477686226368,75.81224740006932,1.7901884075254202,24946.15047454834,0.0,31.0,8.0,1.0,0.914047619047619,0.24474661704152822,0.24181036837399006,0.009787492745090276
immediate_advantage_dqn,801,19,142.5543807913869,128.30950258834446,39.18397717177868,103.37040344079429,1.8368378700688481,24142.09132385254,0.0,34.0,11.0,1.0,0.9095238095238095,0.24004417564719915,0.2374063553288579,0.00879273287137039
immediate_advantage_dqn,801,20,115.34891914129257,128.53634097187006,39.41437400877476,75.93454473018646,1.6996298851445317,22648.828269958496,0.0,31.0,0.0,2.0,0.905,0.20432893186807632,0.20151213835924864,0.009389314276631922
immediate_advantage_dqn,801,21,137.740767216482,129.40712588564068,40.60338994860649,97.13737764040457,1.8190438589081168,24130.208461761475,0.0,33.0,24.0,3.0,0.9004761904761904,0.20663733128458261,0.20408006198704243,0.008524229313479736
immediate_advantage_dqn,801,22,107.56152247786522,129.0918903983435,34.860859870910645,72.70066248774529,1.6537760440260172,20403.023963928223,0.0,32.0,0.0,1.0,0.895952380952381,0.21993907541036606,0.21733596082776785,0.008677045989315957
immediate_advantage_dqn,801,23,118.3521209907789,129.17230425446374,33.97440864145756,84.37771196189115,1.7269498957321048,21931.80751800537,0.0,30.0,7.0,3.0,0.8914285714285715,0.5677898554131389,0.5650085140950978,0.0092711296165362
immediate_advantage_dqn,801,24,151.83034408420713,130.03051869969232,41.06703378260136,110.76331025690229,1.9241462862119079,25104.11269378662,0.0,37.0,21.0,1.0,0.8869047619047619,0.5684706047177315,0.5649081086739898,0.01187496742932126
immediate_advantage_dqn,801,25,111.88233032971621,130.38756192061467,42.22549506276846,69.65683487951756,1.7714361902326345,24267.146980285645,0.0,30.0,0.0,1.0,0.8823809523809524,0.35663103498518467,0.35334875620901585,0.010940937092527747
immediate_advantage_dqn,801,26,109.75248201191425,128.75647358367067,41.17558079957962,68.57690069079399,1.7354498067870736,23189.766311645508,0.0,29.0,0.0,1.0,0.8778571428571429,0.3265934316441417,0.32338411547243595,0.010697708639781922
immediate_advantage_dqn,801,27,122.58841106295586,127.50996415853558,42.82349771261215,79.76491343975067,1.7909811176359653,24893.66356277466,0.0,34.0,0.0,0.0,0.8733333333333333,0.2562115779146552,0.2536929538473487,0.008395419281441718
immediate_advantage_dqn,801,28,129.95493371784687,127.55184624210058,41.68049309402704,88.27444115281105,1.7832193849608302,24215.600395202637,0.0,36.0,0.0,0.0,0.8688095238095238,0.2911621993407607,0.28784557338804007,0.011055421200580895
immediate_advantage_dqn,801,29,104.31002920866013,125.76451880663899,32.89341485500336,71.4166142642498,1.551622485741973,18577.881885528564,0.0,32.0,0.0,0.0,0.8642857142857143,0.23105890909209847,0.22808281239122152,0.009920319222146645
immediate_advantage_dqn,801,30,129.17250590130962,125.80374057626261,38.89446287602186,90.27804280177034,1.7957423580810428,23343.05295753479,0.0,34.0,11.0,0.0,0.8597619047619047,0.26283767353743315,0.2601268719881773,0.00903599354205653
immediate_advantage_dqn,801,31,147.1473326292153,124.5965244741199,40.194248005747795,106.95308447445589,1.8466881345957518,23636.29355621338,0.0,35.0,27.0,2.0,0.8552380952380952,0.7192677748389542,0.715896712616086,0.011236882419325411
immediate_advantage_dqn,801,32,127.14961736129942,125.42801999694048,41.76712664961815,85.38249038385568,1.7855257270857692,24088.156772613525,0.0,35.0,13.0,1.0,0.8507142857142858,0.44689516350626945,0.443564479239285,0.011102270102128386
immediate_advantage_dqn,801,33,114.27517629344912,124.24799981923604,39.69819140434265,74.57698475499602,1.8187081487849355,23672.820220947266,0.0,32.0,1.0,0.0,0.8461904761904762,0.38990958221256733,0.3864679988473654,0.011471947189420462
immediate_advantage_dqn,801,34,113.04473599195481,125.12309521989728,37.04082643985748,76.00390958189965,1.6658116299659014,21212.62278366089,0.0,33.0,0.0,1.0,0.8416666666666667,0.34430394507944584,0.3407026110216975,0.012004444433841854
immediate_advantage_dqn,801,35,99.53802382349969,122.91650540298068,35.36090610921383,64.1771174311638,1.6374987214803696,20142.351737976074,0.0,28.0,0.0,1.0,0.8371428571428572,0.31944028101861477,0.3149132924154401,0.015089971362613142
immediate_advantage_dqn,801,36,106.76265827715397,121.31012862451875,38.657142743468285,68.1055154144764,1.7298907423391938,22409.680896759033,0.0,28.0,0.0,3.0,0.8326190476190476,0.29528429452329874,0.2918780781328678,0.011354053160175681
immediate_advantage_dqn,801,37,94.84028005599976,120.13367977327042,35.845475755631924,58.99480481445789,1.5997123271226883,20583.253997802734,0.0,27.0,0.0,0.0,0.8280952380952381,0.3069894574582577,0.30289748311042786,0.013639929005876184
immediate_advantage_dqn,801,38,113.16708582639694,119.84868285966922,39.77851927280426,73.3885669708252,1.7295298716053367,22805.36647415161,0.0,32.0,0.0,0.0,0.8235714285714286,0.30821715109050274,0.3046756945550442,0.011804857291281223
immediate_advantage_dqn,801,39,106.65635725259781,118.0537816827298,36.65923152863979,69.99712617099286,1.716497647576034,21658.214059829712,0.0,30.0,0.0,1.0,0.819047619047619,0.7241735626012087,0.7198146786540747,0.01452961511677131
immediate_advantage_dqn,801,40,132.6783825622873,118.92025485377954,42.90167931467295,89.77670290488766,1.8501104954630136,25272.77631378174,0.0,35.0,11.0,1.0,0.8145238095238095,0.4865766391158104,0.48286313004791737,0.012378371262457222
immediate_advantage_dqn,801,41,129.04764185845852,118.48559858587835,43.981529876589775,85.06611207127571,1.8456683550029993,25310.567543029785,0.0,36.0,0.0,0.0,0.81,0.46963086258620024,0.46567357424646616,0.013190965168178082
immediate_advantage_dqn,801,42,116.97181380689145,118.95611315232966,35.13361336290836,81.83820090591908,1.6940675461664796,20636.449577331543,0.0,36.0,0.0,3.0,0.8054761904761905,0.34390357695519924,0.3404325358569622,0.011570118716917932
immediate_advantage_dqn,801,43,146.89426001819047,120.38322010370022,43.29666370153427,103.59759625705146,1.8478180319070816,25095.02155303955,0.0,37.0,19.0,0.0,0.800952380952381,0.35690394043922424,0.3529315572232008,0.013241272419691086
immediate_advantage_dqn,801,44,110.09427355229855,118.29641657710481,39.380865916609764,70.71340760588646,1.780150587670505,23374.780235290527,0.0,30.0,0.0,0.0,0.7964285714285715,0.347991437651217,0.34445322770625353,0.01179402822162956
immediate_advantage_dqn,801,45,123.2344672369957,118.86402342246879,41.3962679207325,81.83819989740849,1.8373372023925185,24512.297538757324,0.0,35.0,2.0,1.0,0.7919047619047619,0.41894740518182516,0.41417418979108334,0.01591071701841429
immediate_advantage_dqn,801,46,105.1304622605443,118.6329224349003,37.2753326818347,67.8551296979189,1.713355677202344,22047.184257507324,0.0,29.0,0.0,1.0,0.7873809523809524,0.44899540953338146,0.444817740470171,0.01392555661732331
immediate_advantage_dqn,801,47,152.69641198546333,120.13832248102567,41.65992160141468,111.03649005622303,1.8588150963187218,25179.248725891113,0.0,35.0,18.0,1.0,0.7828571428571429,0.684586375951767,0.6811351645737886,0.011504010180942714
immediate_advantage_dqn,801,48,108.96078353524209,119.08861497189541,39.845130667090416,69.11565258502961,1.6926965918391943,23045.815097808838,0.0,30.0,0.0,1.0,0.7783333333333333,0.6043165475130081,0.5990478824824095,0.017562199907843024
immediate_advantage_dqn,801,49,127.80648292601109,120.26343765776298,41.793235063552856,86.01324787735939,1.8024707436561584,23933.085996627808,0.0,37.0,0.0,0.0,0.7738095238095238,0.4317552102729678,0.42737249843776226,0.014609043370001018
immediate_advantage_dqn,801,50,129.84097424125153,120.29686107476005,41.65860407054424,88.18237030481774,1.8868315042927861,25159.373016357422,0.0,34.0,6.0,0.0,0.7692857142857144,0.4649849021807313,0.46048075892031193,0.015013805066701025
immediate_advantage_dqn,801,51,104.08582708239555,118.14378579741906,35.94454997777939,68.14127688109875,1.6618701107800007,20916.0906829834,0.0,29.0,0.0,0.0,0.7647619047619048,0.504478083923459,0.49929467402398586,0.017278010782320052
immediate_advantage_dqn,801,52,103.91197963058949,116.98190391088356,36.54059888422489,67.37138053774834,1.6275150664150715,20414.603298187256,0.0,30.0,0.0,0.0,0.7602380952380953,0.41961701586842537,0.41533791460096836,0.01426369056571275
immediate_advantage_dqn,801,53,118.31379030048848,117.18383461123555,39.68791964650154,78.62587031126023,1.7702963622286916,23294.058185577393,0.0,33.0,0.0,1.0,0.7557142857142858,0.4750431329011917,0.4709960091859102,0.013490409008227289
immediate_advantage_dqn,801,54,101.48372622579336,116.60578412292746,35.147792510688305,66.33593384921551,1.66532879229635,20455.94541168213,0.0,30.0,0.0,1.0,0.7511904761904762,0.6782054174691439,0.674195003695786,0.013368059822823852
immediate_advantage_dqn,801,55,109.46838373094798,117.10230211829989,35.88448941707611,73.58389356136323,1.7275722911581397,22103.73304748535,0.0,31.0,0.0,1.0,0.7466666666666667,0.6304533341899514,0.6279074475169182,0.008486268547130749
immediate_advantage_dqn,801,56,112.71786576509476,117.40006249269693,38.91310140490532,73.80476397275925,1.6614923598244786,21307.411281585693,0.0,32.0,0.0,1.0,0.7421428571428572,0.478448330424726,0.4724096730351448,0.02012885350268334
immediate_advantage_dqn,801,57,130.49326510727406,119.18271174526062,41.984531849622726,88.50873354077339,1.8162453006953,24283.84029006958,0.0,37.0,0.0,0.0,0.7376190476190476,0.4198364978656173,0.41495009046047926,0.01628803287167102
immediate_advantage_dqn,801,58,106.95336663722992,118.8720257858023,38.32826605439186,68.62509988248348,1.7079418431967497,22323.04665374756,0.0,30.0,0.0,0.0,0.7330952380952381,0.5005754036828876,0.4962835516780615,0.014306182856671512
immediate_advantage_dqn,801,59,115.0968623995781,119.29405104315131,42.40121503174305,72.69564717411996,1.7428234359249473,24068.123432159424,0.0,31.0,0.0,2.0,0.7285714285714286,0.5081808213144541,0.5042087770998478,0.013240141095593572
immediate_advantage_dqn,801,60,100.4972003415227,117.68499193211308,32.91449461132288,67.58270573019982,1.6892962409183383,20196.803939819336,0.0,28.0,0.0,1.0,0.724047619047619,0.4294113256037235,0.42442584596574306,0.01661825686460361
immediate_advantage_dqn,801,61,104.8178830832243,116.47350399335137,37.746411830186844,67.07147180438042,1.6767464634031057,21427.618154525757,0.0,30.0,0.0,1.0,0.7195238095238095,0.44446974201127887,0.4405260607600212,0.01314560609171167
immediate_advantage_dqn,801,62,182.38417038390216,119.74412182220189,44.10309910774231,138.2810710675435,1.9300229912623763,26112.971027374268,0.0,37.0,31.0,1.0,0.7150000000000001,0.6748987846076488,0.6678050933405757,0.023645640176255256
immediate_advantage_dqn,801,63,156.23497798870002,120.21115772072737,45.26389841735363,110.97107933292783,1.9232876785099506,26989.14342880249,0.0,35.0,22.0,0.0,0.7104761904761905,0.6657673250883818,0.660061689093709,0.01901878387434408
immediate_advantage_dqn,801,64,121.23509463071824,120.76819877464837,40.93842422962189,80.2966701924801,1.7999582765623927,23872.029067993164,0.0,33.0,0.0,1.0,0.7059523809523809,0.6385618876665831,0.6342534366995096,0.014361508481670171
immediate_advantage_dqn,801,65,108.28485153615475,120.02071798960631,36.111181274056435,72.17367017269135,1.721565168350935,20916.7286567688,0.0,31.0,0.0,1.0,0.7014285714285715,0.5941283795982599,0.5877090413123369,0.021397805132437497
immediate_advantage_dqn,801,66,120.55370350182056,120.79188005167012,42.86588668823242,77.68781691789627,1.8529166989028454,24884.384662628174,0.0,31.0,0.0,0.0,0.6969047619047619,0.471524840220809,0.4664477501064539,0.016923638933803886
immediate_advantage_dqn,801,67,117.83602440337535,119.04886067256572,36.36303275823593,81.47299180905219,1.7165196603164077,21828.15291595459,0.0,33.0,13.0,2.0,0.6923809523809523,0.6211658334359527,0.6151462076231837,0.02006541920127347
immediate_advantage_dqn,801,68,95.07235355079175,118.3544391733432,34.85367585718632,60.218677991628645,1.630242862738669,20043.93966293335,0.0,27.0,0.0,1.0,0.687857142857143,0.5220643570646644,0.5183377042412758,0.012422172527294606
immediate_advantage_dqn,801,69,133.49411646649511,118.63882085036741,38.36604840308428,95.12806794420155,1.8375401180237532,23240.852752685547,0.0,36.0,24.0,2.0,0.6833333333333333,0.6691073337569833,0.6643632333725691,0.0158136811805889
immediate_advantage_dqn,801,70,107.52091269940138,117.5228177732749,38.30566664785147,69.2152461707592,1.688071091659367,21509.06328201294,0.0,30.0,0.0,1.0,0.6788095238095238,0.8614302230998874,0.8571859933435917,0.014147405396215618
immediate_advantage_dqn,801,71,116.72159127891064,118.15460598310067,39.47653113305569,77.24506013095379,1.7645369805395603,22456.33037185669,0.0,35.0,0.0,1.0,0.6742857142857144,0.780172117985785,0.7737834006547928,0.021295719721820205
immediate_advantage_dqn,801,72,105.38735781610012,118.22837489237618,34.89486426115036,70.49249424040318,1.6978834001347423,20633.915016174316,0.0,30.0,0.0,0.0,0.6697619047619048,0.6498298877850175,0.6447445396333933,0.016951149969827384
immediate_advantage_dqn,801,73,107.85257194936275,117.70531397481992,39.086904257535934,68.76566737890244,1.7359272250905633,22820.228511810303,0.0,30.0,0.0,0.0,0.6652380952380952,0.5287535591050982,0.5234341602772474,0.017731352476403117
immediate_advantage_dqn,801,74,104.19616397768259,117.84093586241438,35.87312363833189,68.32304016053676,1.6183414496481419,20173.39361190796,0.0,30.0,0.0,3.0,0.6607142857142857,0.5949880573898554,0.5889041433110833,0.020279726712033153
immediate_advantage_dqn,801,75,98.55331361293793,117.29518235651388,37.04295840114355,61.510355055332184,1.6385324550792575,20788.347774505615,0.0,28.0,0.0,0.0,0.6561904761904762,0.6483080107718706,0.6422361936420202,0.020239400677382946
immediate_advantage_dqn,801,76,107.53839480280877,117.03620880839958,36.24743854999542,71.29095559716225,1.6776803899556398,21292.511486053467,0.0,31.0,0.0,1.0,0.6516666666666667,0.5513292727991939,0.5447089578956366,0.02206772775389254
immediate_advantage_dqn,801,77,93.79157193899155,115.20112414998543,31.703868985176086,62.087702775001524,1.6087391395121813,18560.07790374756,0.0,28.0,0.0,1.0,0.6471428571428571,0.6021362887695432,0.5959714567288756,0.020549447275698185
immediate_advantage_dqn,801,78,111.56494324207306,115.4317029802276,36.169714629650116,75.39522901475429,1.7204533787444234,21516.113384246826,0.0,31.0,0.0,2.0,0.6426190476190476,0.9222880024462938,0.9165161475539207,0.019239517452660948
immediate_advantage_dqn,801,79,110.68226273357868,115.21097299692765,39.824985548853874,70.85727724432945,1.7489097183570266,23081.53993988037,0.0,29.0,0.0,0.0,0.6380952380952382,0.8021032214164734,0.79702736902982,0.016919471381697804
immediate_advantage_dqn,801,80,122.42927714586259,116.30757683714462,41.55447518825531,80.87480216622353,1.7304665045812726,23442.002647399902,0.0,34.0,0.0,1.0,0.6335714285714286,0.7318952297791839,0.7232159627601504,0.02893091063015163
immediate_advantage_dqn,801,81,136.79377580421342,117.9063714731941,40.68105756491423,96.1127187682904,1.8764689844101667,24536.515285491943,0.0,37.0,13.0,1.0,0.6290476190476191,0.5921092592179775,0.5872615994885564,0.016158862970769405
immediate_advantage_dqn,801,82,99.35931979119778,113.75512894355886,34.811149671673775,64.54817049205303,1.5787608893588185,19714.69073486328,0.0,30.0,0.0,0.0,0.6245238095238095,0.5988373896107078,0.593978151679039,0.01619745173957199
immediate_advantage_dqn,801,83,118.66686829050332,111.87672345864902,40.77422299981117,77.89264529069214,1.8445424875244498,24185.629791259766,0.0,32.0,5.0,0.0,0.62,0.6292835520580411,0.6243079407140613,0.016585363366175443
immediate_advantage_dqn,801,84,96.54904329180718,110.64242089170345,37.16620361804962,59.382839077711104,1.6287603424862027,20893.112760543823,0.0,27.0,0.0,1.0,0.6154761904761905,0.7405093498528004,0.7352669276297092,0.017474720894824713
immediate_advantage_dqn,801,85,105.6378386542201,110.51007024760675,38.35301045328379,67.28482834994793,1.6661063600331545,21961.82088470459,0.0,29.0,0.0,0.0,0.6109523809523809,0.7749458281323314,0.769707283936441,0.01746180100599304
immediate_advantage_dqn,801,86,129.39881038804893,110.95232559191815,37.69077131152153,91.70803910632975,1.8441565409302711,22489.767807006836,0.0,36.0,15.0,1.0,0.6064285714285714,0.8918772172182798,0.887233467772603,0.015479155583307147
immediate_advantage_dqn,801,87,107.36474487185478,110.42876161534211,37.301972448825836,70.06277319788933,1.7168103195726871,21662.043254852295,0.0,31.0,0.0,0.0,0.6019047619047619,0.7005297709256411,0.6938564721494913,0.0222443041857332
immediate_advantage_dqn,801,88,105.70843055844307,110.96056546572467,38.29065999388695,67.41777104139328,1.6597627336159348,21545.674488067627,0.0,30.0,0.0,1.0,0.5973809523809523,0.7123554265126586,0.7068181810900569,0.0184575081220828
immediate_advantage_dqn,801,89,106.55767288208008,109.61374328650393,37.471444591879845,69.08622800707818,1.737732288427651,22049.626571655273,0.0,29.0,0.0,1.0,0.592857142857143,0.7294402122497559,0.723166698589921,0.020911685365717858
immediate_advantage_dqn,801,90,102.98017292916775,109.38670629799226,35.4259015917778,67.5542705476284,1.615378308109939,19878.967418670654,0.0,30.0,0.0,3.0,0.5883333333333334,0.6938334414735436,0.6884631318971515,0.01790106389671564
immediate_advantage_dqn,801,91,97.67505172640085,108.43437932036677,33.963545337319374,63.71150732040405,1.706592750735581,20363.44757080078,0.0,28.0,0.0,0.0,0.5838095238095238,0.6075184065848589,0.6028430918231606,0.015584372536977753
immediate_advantage_dqn,801,92,120.01333581656218,109.16567822038988,41.17306014150381,78.84027598798275,1.8451159754768014,24442.036125183105,0.0,34.0,0.0,0.0,0.5792857142857144,0.7272856775671244,0.7218110263347626,0.018248820560984313
immediate_advantage_dqn,801,93,118.55144222825766,109.70062173433462,39.328844390809536,79.22259789705276,1.806310860440135,22795.330919265747,0.0,33.0,0.0,1.0,0.5747619047619048,0.8566595576703548,0.8516427557915449,0.016722636471968144
immediate_advantage_dqn,801,94,98.06625051796436,109.3941260613487,32.06944704055786,65.9968037456274,1.57477861456573,18525.69115447998,0.0,29.0,0.0,1.0,0.5702380952380952,0.7764152679592371,0.7717329319566488,0.015607768786139786
immediate_advantage_dqn,801,95,102.28206674158574,109.58056371778109,37.46997821331024,64.81208896040917,1.694854493252933,21551.275428771973,0.0,28.0,0.0,1.0,0.5657142857142857,0.7939325040206313,0.7886267798021436,0.017685721744783223
immediate_advantage_dqn,801,96,105.97259612381458,109.50227378383138,37.66575616598129,68.30683982372284,1.7016285192221403,21485.36371612549,0.0,29.0,0.0,0.0,0.5611904761904762,0.6955684144049883,0.6904013436287642,0.017223574628587812
immediate_advantage_dqn,801,97,117.75213479995728,110.70030192687969,39.2226497232914,78.52948495745659,1.7603626307100058,22863.16038131714,0.0,34.0,0.0,0.0,0.5566666666666666,0.889724787324667,0.8853284427896142,0.014654496684670448
immediate_advantage_dqn,801,98,123.96906116008759,111.3205078227804,41.43615147471428,82.5329099982977,1.7745206579566002,23490.068599700928,0.0,35.0,0.0,1.0,0.5521428571428572,0.8128325343132019,0.807130211032927,0.019007783324923366
immediate_advantage_dqn,801,99,121.03877058625221,111.83833321541408,36.516039699316025,84.52273124456406,1.7768314853310585,21953.636909484863,0.0,34.0,0.0,0.0,0.5476190476190477,0.6247230004519224,0.6192288575693965,0.018313808424863964
immediate_advantage_dqn,801,100,92.52978816628456,110.34335876643517,35.92599905282259,56.60378907620907,1.6179091520607471,20495.063888549805,0.0,28.0,0.0,0.0,0.5430952380952381,0.6529837679117918,0.6482138987630606,0.01589952636277303
immediate_advantage_dqn,801,101,95.31040209829807,108.26919008113941,34.045946419239044,61.264456185698506,1.609784702770412,19242.971969604492,0.0,27.0,0.0,2.0,0.5385714285714286,0.883527360856533,0.8774395864456892,0.020292603177949786
immediate_advantage_dqn,801,102,93.5969175040722,107.98106996678314,32.51956430077553,61.07735330760479,1.6021224102005363,19108.371307373047,0.0,27.0,0.0,2.0,0.5340476190476191,0.9787626098841429,0.9733405923470855,0.0180734118912369
immediate_advantage_dqn,801,103,109.58290322870016,107.52687171369298,38.939056880772114,70.64384597539902,1.6921883160248399,21860.565315246582,0.0,31.0,0.0,0.0,0.5295238095238095,0.753589604049921,0.7484059855341911,0.017278761486522853
immediate_advantage_dqn,801,104,98.3881670832634,107.61882790326577,31.824899032711983,66.56326806545258,1.5825668340548873,18369.53644180298,0.0,29.0,0.0,0.0,0.525,0.7943281289190054,0.7887867959216237,0.018471124174539
immediate_advantage_dqn,801,105,116.50287091135979,108.16207951612277,40.472267270088196,76.03060304522515,1.7575410585850477,22920.547611236572,0.0,32.0,0.0,1.0,0.5204761904761905,0.7678428571671247,0.7630511149764061,0.015972466673702
immediate_advantage_dqn,801,106,105.2948078006506,106.95687938675285,34.65568462014198,70.63912364244462,1.6513224644586444,20155.620429992676,0.0,30.0,0.0,2.0,0.5159523809523809,0.8187261624261737,0.8149141455069184,0.012706746289040893
immediate_advantage_dqn,801,107,123.00885686445396,107.73908498638282,40.99177801609039,82.017079071881,1.830012796446681,23449.55587387085,0.0,34.0,8.0,2.0,0.5114285714285716,0.6002753935754299,0.5963740199804306,0.013004575099330395
immediate_advantage_dqn,801,108,129.01165687441826,108.90424630218158,41.811115339398384,87.20054153501988,1.8611004929989576,24293.624420166016,0.0,35.0,0.0,1.0,0.506904761904762,0.8945786952972412,0.8878218457102776,0.022522855084389448
immediate_advantage_dqn,801,109,109.62609387338162,109.05766735174666,37.76281796395779,71.86327583491803,1.68076550681144,21162.232913970947,0.0,30.0,0.0,2.0,0.5023809523809524,1.0012280158698559,0.9968465771526098,0.014604797470383346
immediate_advantage_dqn,801,110,130.91767132282257,110.45454227142939,38.68920856714249,92.22846227884293,1.747849714010954,21974.777965545654,0.0,37.0,0.0,0.0,0.4978571428571429,0.8646107101812959,0.8591315504163504,0.018263874808326364
immediate_advantage_dqn,801,111,108.24142569303513,110.9828609697611,37.669516667723656,70.57190972566605,1.6524454895406961,20633.237049102783,0.0,30.0,0.0,0.0,0.4933333333333334,0.8933151420205832,0.8874914534389973,0.019412279594689608
immediate_advantage_dqn,801,112,92.75417748987675,109.61990305342684,33.907703191041946,58.846474373340605,1.5857844641432166,19195.348888397217,0.0,26.0,0.0,2.0,0.4888095238095238,0.687512100674212,0.6819962626323104,0.01838611258426681
immediate_advantage_dqn,801,113,111.44306112229825,109.26448399812887,36.85111951082945,74.59194208085538,1.7448499947786331,21242.50873565674,0.0,34.0,0.0,1.0,0.4842857142857143,0.6706734206527472,0.6657509161159396,0.016408335301093757
immediate_advantage_dqn,801,114,100.84584833681583,109.40346388907145,33.92273172736168,66.92311662435532,1.6330192582681775,19536.778354644775,0.0,29.0,0.0,1.0,0.4797619047619047,0.8281645104289055,0.8205248527228832,0.025465513521339744
immediate_advantage_dqn,801,115,102.71087612211704,109.424904358098,34.06368453800678,68.64719144999981,1.6464274618774652,19553.61326599121,0.0,32.0,0.0,2.0,0.47523809523809524,0.814425085671246,0.8093411736190319,0.016946339688729495
immediate_advantage_dqn,801,116,104.17524615824223,109.33503685981938,37.2288286536932,66.94641754925252,1.652126045897603,20637.32461166382,0.0,28.0,0.0,1.0,0.47071428571428575,0.7038138788193464,0.6990866810083389,0.015757336746901274
immediate_advantage_dqn,801,117,106.41461192071438,108.76816071585725,35.00942584127188,71.40518569946289,1.73013511672616,20966.021606445312,0.0,29.0,0.0,0.0,0.46619047619047627,0.7517088558524847,0.7465431801974773,0.017218914115801454
immediate_advantage_dqn,801,118,111.36379815638065,108.13789756567189,36.39674708247185,74.96705141663551,1.6724654994904995,20480.281845092773,0.0,33.0,0.0,1.0,0.46166666666666667,0.8008160702884197,0.7961288373917341,0.01562412254861556
immediate_advantage_dqn,801,119,97.78577298074961,106.97524768539677,36.45316935330629,61.332603776454924,1.6355661423876882,20150.246477127075,0.0,26.0,0.0,1.0,0.4571428571428572,0.8586505139246583,0.8534575821831822,0.017309780523646623
immediate_advantage_dqn,801,120,93.2286713063717,107.0101918424011,32.7044393569231,60.52423238158226,1.6054733507335186,19042.88165664673,0.0,27.0,0.0,1.0,0.4526190476190477,0.7078978251665831,0.7016038028523326,0.02098010538611561
immediate_advantage_dqn,801,121,96.29767158180475,107.05955531657646,33.69081263244152,62.6068590760231,1.597458865493536,19036.577430725098,0.0,27.0,0.0,2.0,0.4480952380952381,0.8556649181991816,0.8490486275404692,0.0220543130999431
immediate_advantage_dqn,801,122,108.74158425629139,107.81678865418739,40.37670464813709,68.3648790717125,1.8012528559193015,23660.353984832764,0.0,32.0,0.0,1.0,0.4435714285714286,0.8429023185744882,0.8380171991884708,0.016283752513118088
immediate_advantage_dqn,801,123,102.96755877882242,107.4860214316935,36.19917233288288,66.76838612556458,1.6797779323533177,21210.22728729248,0.0,29.0,0.0,0.0,0.439047619047619,0.8897936772555113,0.8847099663689733,0.016945706214755774
immediate_advantage_dqn,801,124,103.093386285007,107.72128239178069,33.991072840988636,69.10231304168701,1.5967683689668775,19079.34803390503,0.0,30.0,0.0,0.0,0.43452380952380953,0.8132554981857538,0.8054161071777344,0.026131313759833574
immediate_advantage_dqn,801,125,107.87836423814296,107.29005705811986,34.8883236348629,72.99004115462303,1.6920831622555852,20098.910583496094,0.0,31.0,0.0,2.0,0.43000000000000005,0.9030382670462132,0.8979936949908733,0.01681527146138251
immediate_advantage_dqn,801,126,101.8467388600111,107.11765361108787,36.93511612713337,64.91162270307541,1.727339711971581,21918.652854919434,0.0,28.0,0.0,1.0,0.42547619047619056,0.8756287004798651,0.8707269430160522,0.01633919810410589
immediate_advantage_dqn,801,127,106.36626609563828,106.28552407264708,38.040553987026215,68.32571246623993,1.7801501583307981,22393.585052490234,0.0,28.0,0.0,1.0,0.42095238095238097,0.7171382494270802,0.711482529528439,0.01885241369018331
immediate_advantage_dqn,801,128,95.96393365561963,104.63313791170715,33.93344147503376,62.030492374300955,1.6154230497777462,19251.382431030273,0.0,27.0,0.0,2.0,0.41642857142857137,1.0212710313498974,1.0166347119957209,0.0154544152028393
immediate_advantage_dqn,801,129,112.5890452414751,104.78128548011185,37.28412760049105,75.30491709709167,1.7460191203281283,21473.628143310547,0.0,32.0,0.0,0.0,0.4119047619047619,0.7693104781210423,0.761541124433279,0.025897817744407803
immediate_advantage_dqn,801,130,88.86508109420538,102.678655968681,32.24007075279951,56.625010177493095,1.5908602802082896,18366.36700820923,0.0,26.0,0.0,1.0,0.4073809523809524,0.9717893041670322,0.9658825024962425,0.019689285894855857
immediate_advantage_dqn,801,131,97.15967246294022,102.12456830717625,35.30007081478834,61.859602311253546,1.6478632502257824,19923.261653900146,0.0,28.0,0.0,1.0,0.4028571428571429,0.8618775904178619,0.8579209046438336,0.01318894897121936
immediate_advantage_dqn,801,132,79.90159898400307,101.48193938188255,29.433829247951508,50.467770436406134,1.4948457339778543,16359.070411682129,0.0,24.0,0.0,1.0,0.39833333333333343,0.8478294927626848,0.8394183246418834,0.028037254000082612
immediate_advantage_dqn,801,133,92.35602700114251,100.52758767582478,33.74235147982836,58.61367599070072,1.5466474257409573,18563.46799468994,0.0,26.0,0.0,1.0,0.39380952380952383,0.841447290033102,0.838140744715929,0.011021760205039755
immediate_advantage_dqn,801,134,123.98321851491929,101.68445618472995,38.094802901148796,85.88841559886933,1.7631974443793297,21634.55892753601,0.0,35.0,0.0,1.0,0.38928571428571423,0.8944576364010572,0.8895450290292501,0.01637535059126094
immediate_advantage_dqn,801,135,106.9041703492403,101.89412089608611,38.398055858910084,68.50611498951912,1.6776731899008155,21303.35129547119,0.0,30.0,0.0,0.0,0.38476190476190475,0.7543054996058345,0.7470350777730346,0.024234744254499674
immediate_advantage_dqn,801,136,101.36369342505932,101.75354325942696,34.33975690603256,67.02393671274186,1.665649799630046,19721.073223114014,0.0,31.0,0.0,1.0,0.38023809523809526,1.0322382748126984,1.0275470353662968,0.01563746837200597
immediate_advantage_dqn,801,137,106.4452968865633,101.7550775077194,35.58393341302872,70.86136366724968,1.6677447892725468,20243.590087890625,0.0,30.0,0.0,2.0,0.3757142857142858,0.7618212895467877,0.755569932051003,0.020837877469602972
immediate_advantage_dqn,801,138,99.91670070588589,101.18272263519466,34.32427358627319,65.59242717921734,1.6889145346358418,20022.881214141846,0.0,29.0,0.0,0.0,0.3711904761904763,0.8882618397474289,0.8815039992332458,0.022526127635501325
immediate_advantage_dqn,801,139,110.039510551095,101.79540951371193,35.89658805727959,74.14292234480381,1.6733864229172468,20139.59608078003,0.0,33.0,0.0,2.0,0.3666666666666667,0.9754087431356311,0.9691092520952225,0.020998341089580208
immediate_advantage_dqn,801,140,101.40245687365532,102.20409879207611,33.45563009381294,67.94682721197606,1.5981813687831163,18489.3694896698,0.0,30.0,0.0,1.0,0.3621428571428572,0.9678756855428219,0.9629966868087649,0.016263314231764525
immediate_advantage_dqn,801,141,95.78494620323181,102.17846252314747,34.35872305929661,61.42622323334217,1.6552636260166764,20132.590309143066,0.0,29.0,0.0,0.0,0.3576190476190476,0.7908626794815063,0.7852417752146721,0.018736350641120225
immediate_advantage_dqn,801,142,108.4598046541214,102.16437354303898,35.45164182037115,73.00816270709038,1.6202138802036643,19551.91681289673,0.0,32.0,0.0,0.0,0.35309523809523813,0.7598327156156301,0.7545288801193237,0.01767945144092664
immediate_advantage_dqn,801,143,100.57379023730755,102.04468511596323,32.32382808625698,68.24996197223663,1.671170398592949,18652.10116958618,0.0,30.0,0.0,1.0,0.34857142857142864,0.9364341543987393,0.931435028091073,0.01666375412605703
immediate_advantage_dqn,801,144,115.73556549847126,102.67679407663643,36.941177777945995,78.79438725113869,1.7849731091409922,22075.868761062622,0.0,32.0,0.0,1.0,0.34404761904761905,0.7629861868917942,0.7575473543256521,0.018129454692825675
immediate_advantage_dqn,801,145,112.78388434052468,102.92207008175554,39.107643753290176,73.67624075114728,1.734160845167935,22137.351190567017,0.0,33.0,0.0,1.0,0.33952380952380956,0.8470642920583487,0.8405387867242098,0.021751678315922618
immediate_advantage_dqn,801,146,106.01117528676987,103.13029190309346,36.75503373146057,69.25614097416401,1.7224023081362247,21072.354511260986,0.0,30.0,0.0,3.0,0.3350000000000001,0.8408193401992321,0.8352433666586876,0.01858657569391653
immediate_advantage_dqn,801,147,78.57401389777661,101.74067929320039,26.303248398005962,52.270765179395674,1.471672440879047,15221.28313446045,0.0,26.0,0.0,1.0,0.3304761904761905,0.9601922985166311,0.9545876812189817,0.018682061170693487
immediate_advantage_dqn,801,148,108.59763784110547,102.37236450247468,34.304867431521416,74.29276991784573,1.6962995529174805,19902.693727493286,0.0,34.0,0.0,1.0,0.325952380952381,1.0298675317317247,1.0247217826545238,0.017152486252598464
immediate_advantage_dqn,801,149,100.16623752713204,101.75122411675753,31.046423733234406,69.11981365978718,1.5941136553883553,17566.62201499939,0.0,32.0,0.0,1.0,0.3214285714285714,1.0819239635020494,1.0761335790157318,0.019301307038404047
immediate_advantage_dqn,801,150,95.38584965467453,102.07726254478098,33.07706841826439,62.30878059566021,1.6514578023925424,19333.72584915161,0.0,27.0,0.0,2.0,0.3169047619047619,0.8262645509094,0.819142447784543,0.023740352131426334
immediate_advantage_dqn,801,151,103.38175345957279,102.3883665946126,33.96721389889717,69.4145396053791,1.6341587593778968,19254.733936309814,0.0,31.0,0.0,1.0,0.3123809523809524,0.6449979785829782,0.639050817117095,0.019823852402623743
immediate_advantage_dqn,801,152,111.77479121983052,103.98202620640397,37.65249112248421,74.12230054438115,1.706636388786137,20935.100521087646,0.0,33.0,0.0,1.0,0.30785714285714294,0.9585153926163912,0.9514667633920908,0.02349540253635496
immediate_advantage_dqn,801,153,102.32790190726519,104.48061995171011,33.35516332834959,68.97273883223534,1.6703458987176418,19273.88039779663,0.0,30.0,0.0,0.0,0.30333333333333345,1.4436750300228596,1.4381519928574562,0.018410103511996567
immediate_advantage_dqn,801,154,83.64456562101842,102.46368730701506,28.427970185875893,55.21659564375877,1.569966223090887,16544.759912490845,0.0,26.0,0.0,1.0,0.29880952380952375,0.7961593447253108,0.7892160834744573,0.023144228849560022
immediate_advantage_dqn,801,155,105.24401562809945,102.38067957095804,35.59437729418278,69.6496381700039,1.6565960552543402,19842.84599685669,0.0,30.0,0.0,1.0,0.29428571428571426,0.8972097765654325,0.8921148423105478,0.016983094275929034
immediate_advantage_dqn,801,156,103.36188653409481,102.4805892264098,36.30958138406277,67.05230491161346,1.701170403510332,20552.609924316406,0.0,28.0,0.0,3.0,0.2897619047619048,1.1948784068226814,1.189811136573553,0.01689089130377397
immediate_advantage_dqn,801,157,118.93498660624027,103.10507371239365,34.26937022805214,84.66561701893806,1.7150721661746502,19647.324996948242,0.0,35.0,0.0,0.0,0.2852380952380953,0.8772340193390846,0.8726404327899218,0.015311961702536792
immediate_advantage_dqn,801,158,96.75725086033344,102.94710122011602,36.00180545449257,60.755445912480354,1.6120272316038609,19417.367546081543,0.0,27.0,0.0,0.0,0.2807142857142858,1.1465064659714699,1.1413211654871702,0.017284328409004956
immediate_advantage_dqn,801,159,102.67884077131748,102.57906773112714,31.74675314128399,70.93208709359169,1.6134275328367949,18135.118507385254,0.0,32.0,0.0,0.0,0.2761904761904763,1.0511086508631706,1.0455831252038479,0.01841842260910198
immediate_advantage_dqn,801,160,104.73088254034519,102.74548901446164,34.354269713163376,70.37661278247833,1.6854591155424714,19974.33959197998,0.0,30.0,0.0,0.0,0.2716666666666666,1.0533170104026794,1.0482311360538006,0.016952887643128633
immediate_advantage_dqn,801,161,97.87071019560099,102.84977721408009,32.60989385843277,65.26081698536873,1.6171304695308208,18675.18581390381,0.0,29.0,0.0,1.0,0.2671428571428571,0.8020684942603111,0.7952310694381595,0.02279140881728381
immediate_advantage_dqn,801,162,108.05297012627125,102.82943548768758,34.78550283610821,73.26746760308743,1.6330380160361528,19611.893478393555,0.0,33.0,0.0,0.0,0.26261904761904764,1.1631855461746454,1.156894626095891,0.020969693548977375
immediate_advantage_dqn,801,163,89.42026414126158,102.2717591828853,30.67352483421564,58.746738800406455,1.5840253215283155,17383.76206588745,0.0,28.0,0.0,1.0,0.25809523809523816,0.9412964228540659,0.9354391433298588,0.019524262519553304
immediate_advantage_dqn,801,164,104.73043809235097,101.72150281257929,33.77538573741913,70.95505257844925,1.6308859903365374,19319.39702796936,0.0,29.0,0.0,1.0,0.25357142857142867,0.9712909646332264,0.964851263910532,0.021465677418746054
immediate_advantage_dqn,801,165,98.6145427852869,101.0130357348174,34.497441187500954,64.11710168719291,1.6928480863571167,19793.986793518066,0.0,30.0,0.0,3.0,0.24904761904761907,0.8867805749177933,0.8827797211706638,0.01333618478383869
immediate_advantage_dqn,801,166,90.30652326643467,100.22780313380062,32.79471902549267,57.511804211139676,1.5985041614621878,18438.917236328125,0.0,26.0,0.0,2.0,0.2445238095238096,0.8903004210442305,0.8843180248513818,0.019941301608923823
immediate_advantage_dqn,801,167,104.38443352282047,101.51832411505282,32.62559603154659,71.75883734226227,1.6490239975973964,18717.270805358887,0.0,31.0,0.0,1.0,0.24,1.0385400876402855,1.033128023147583,0.0180401619290933
immediate_advantage_dqn,801,168,108.40943917930126,101.5089141819626,35.81629295647144,72.5931459993124,1.671815681271255,20445.313049316406,0.0,31.0,0.0,2.0,0.2354761904761905,0.8965364433825016,0.8906822316348553,0.019514028390403837
immediate_advantage_dqn,801,169,91.24952552616597,101.06307858191431,30.515326097607613,60.73419960737228,1.5500851413235068,17252.879852294922,0.0,28.0,0.0,1.0,0.23095238095238102,1.0842593312263489,1.0774786211550236,0.022602388402447104
immediate_advantage_dqn,801,170,93.25328365266323,100.95645028181374,31.370931215584278,61.88235318958759,1.5534792812541127,17216.96408843994,0.0,29.0,0.0,2.0,0.22642857142857142,0.8410676028579473,0.8362596919760108,0.016026346740545705
immediate_advantage_dqn,801,171,85.16108960807324,100.04541708923877,29.306797191500664,55.85429301261902,1.5763718001544476,17031.72608947754,0.0,26.0,0.0,2.0,0.22190476190476194,0.9734933581203222,0.9677590876817703,0.019114180002361536
immediate_advantage_dqn,801,172,87.40259967297315,98.82680751189591,28.883036077022552,58.51956323087215,1.5748758958652616,16939.912130355835,0.0,28.0,0.0,2.0,0.21738095238095245,1.159922869876027,1.1549936477094889,0.01643071326543577
immediate_advantage_dqn,801,173,86.2311682254076,98.02197082780302,30.230195462703705,56.00097204744816,1.5768901240080595,17308.546005249023,0.0,26.0,0.0,0.0,0.21285714285714286,0.9128682650625706,0.905664099380374,0.024013882386498153
immediate_advantage_dqn,801,174,105.46163405478,99.1128242494911,34.06089825928211,71.40073552727699,1.6756994184106588,19557.83539581299,0.0,31.0,0.0,0.0,0.20833333333333337,0.725806288421154,0.7221919074654579,0.012047925818478689
immediate_advantage_dqn,801,175,96.52330985814334,98.67678896099329,33.69455226510763,62.82875810712576,1.6501640668138862,19150.918033599854,0.0,29.0,0.0,1.0,0.20380952380952377,0.9160072039812803,0.9087744783610106,0.024109097837936133
immediate_advantage_dqn,801,176,109.09275060296059,98.9633321644366,35.74933338165283,73.3434172064066,1.7586271120235324,20978.16527557373,0.0,31.0,0.0,2.0,0.1992857142857143,0.9829842336475849,0.9758427329361439,0.023804991389624774
immediate_advantage_dqn,801,177,93.29483548104763,97.68132460817695,33.01051117479801,60.284323531389234,1.5736406482756138,18389.256525039673,0.0,28.0,0.0,3.0,0.1947619047619048,0.9749289443716407,0.968113255687058,0.02271899115294218
immediate_advantage_dqn,801,178,85.58189875781537,97.12255700305106,31.086122892796993,54.49577557444572,1.57476563192904,18036.412044525146,0.0,25.0,0.0,2.0,0.19023809523809532,1.0486001335084438,1.0436675399541855,0.016441967454738915
immediate_advantage_dqn,801,179,100.4431586638093,97.01077289767565,37.1493254378438,63.29383324086666,1.6691626170650125,20921.587745666504,0.0,28.0,0.0,2.0,0.18571428571428583,0.7969449479132891,0.7923306040465832,0.015381146251456812
immediate_advantage_dqn,801,180,99.97736749947072,96.77309714563192,33.768469497561455,66.20889877676964,1.64834204595536,19265.28974533081,0.0,30.0,0.0,2.0,0.18119047619047624,1.2178236041218042,1.210693484172225,0.023767064907588065
immediate_advantage_dqn,801,181,110.47866097986699,97.40349468484523,37.81441552937031,72.66424546539784,1.6703195972368121,20724.842948913574,0.0,32.0,0.0,1.0,0.17666666666666664,1.0918115992099047,1.0867957975715399,0.01671933347824961
immediate_advantage_dqn,801,182,110.74501840770245,97.53809709891678,35.621317982673645,75.12370112538338,1.6896133022382855,20038.741401672363,0.0,31.0,0.0,2.0,0.17214285714285715,1.084493052214384,1.079205283895135,0.017625881708227098
immediate_advantage_dqn,801,183,109.54265789687634,98.54421678669752,35.262502282857895,74.28015530109406,1.7116205347701907,20041.919261932373,0.0,31.0,0.0,0.0,0.16761904761904767,1.1447760574519634,1.1391931995749474,0.01860950462287292
immediate_advantage_dqn,801,184,97.03138890266419,98.15926432721318,35.666740387678146,61.36464844048023,1.6866086488589644,20417.362964630127,0.0,28.0,0.0,1.0,0.16309523809523818,1.3003316521644592,1.294769138097763,0.018541728146374226
immediate_advantage_dqn,801,185,87.77063129842281,97.61706875286998,31.737812489271164,56.0328194797039,1.5518734510987997,17587.803985595703,0.0,25.0,0.0,0.0,0.1585714285714287,0.8099949918687344,0.804084949195385,0.01970013289246708
immediate_advantage_dqn,801,186,94.34653616845608,97.81906939797105,29.25198718905449,65.09454935193062,1.5780942747369409,16685.452571868896,0.0,30.0,0.0,1.0,0.1540476190476191,1.2559804469347,1.2508328454568982,0.01715868286555633
immediate_advantage_dqn,801,187,81.1986618116498,96.6597808124125,28.7678005695343,52.43086113035679,1.4897154048085213,16379.422721862793,0.0,24.0,0.0,0.0,0.1495238095238095,1.1326181069016457,1.1266849264502525,0.019777263922151178
immediate_advantage_dqn,801,188,87.88771780133247,95.63369474351406,30.336373046040535,57.551345127820966,1.5766573986038566,17082.898727416992,0.0,27.0,0.0,2.0,0.14500000000000002,0.8331648651510477,0.8284537456929684,0.015703770390246063
immediate_advantage_dqn,801,189,83.17410503029824,95.22992371872068,28.040758684277534,55.13334642052651,1.5117615135386586,15816.996448516846,0.0,26.0,0.0,4.0,0.14047619047619053,1.1155299944803119,1.1082169357687235,0.024376857210882008
immediate_advantage_dqn,801,190,100.36263160407543,95.58539111629129,32.540480360388756,67.82215048372746,1.6135615650564432,18534.590007781982,0.0,29.0,0.0,1.0,0.13595238095238105,1.0428727343678474,1.0380843058228493,0.015961457742378116
immediate_advantage_dqn,801,191,101.42033824026585,96.39835354790092,31.89655964821577,69.52377776503563,1.5889116823673248,17415.47787475586,0.0,30.0,0.0,3.0,0.13142857142857145,1.0595031194388866,1.0526091307401657,0.022979988483712077
immediate_advantage_dqn,801,192,76.51803161203861,95.8541251448542,28.191782385110855,48.32624936103821,1.4744671415537596,16028.167568206787,0.0,22.0,0.0,0.0,0.12690476190476196,0.9082759879529476,0.9024768620729446,0.01933036174159497
immediate_advantage_dqn,801,193,101.36332907676697,96.61073318742216,33.482112839818,67.88121628165246,1.7020267695188522,19381.691249847412,0.0,30.0,0.0,1.0,0.12238095238095237,1.10222096927464,1.0961511190980673,0.02023281529545784
immediate_advantage_dqn,801,194,84.59903515279294,95.5676032423228,29.75747076421976,54.84156451523304,1.5095815286040306,16821.63285446167,0.0,26.0,0.0,2.0,0.11785714285714288,0.9740138780325651,0.9681752817705274,0.019461983582004905
immediate_advantage_dqn,801,195,93.7197689563036,95.42742619723083,31.686422541737556,62.033346220850945,1.6083522820845246,18173.176010131836,0.0,28.0,0.0,1.0,0.1133333333333334,1.0316774062812328,1.0261786133050919,0.018329280137550086
immediate_advantage_dqn,801,196,95.24621033966541,94.73509918406606,33.61800666898489,61.62820343971252,1.6147920591756701,19161.30805015564,0.0,27.0,0.0,2.0,0.1088095238095238,1.0156012997031212,1.0086900815367699,0.02303737710462883
immediate_advantage_dqn,801,197,89.98342328667641,94.5695285743475,30.236935198307037,59.74648850560188,1.5702776424586773,17204.27613067627,0.0,26.0,0.0,2.0,0.10428571428571431,0.8975978847593069,0.8907744567841291,0.022744757996406406
immediate_advantage_dqn,801,198,85.03480439186096,94.54217385604977,29.359385147690773,55.67541931867599,1.5713012870401144,17183.16614151001,0.0,27.0,0.0,2.0,0.09976190476190483,0.8957587219774723,0.8913668673485518,0.014639523928053677
immediate_advantage_dqn,801,199,95.69039753824472,94.30453579977154,31.885175369679928,63.80522233247757,1.6161862425506115,18081.59750366211,0.0,28.0,0.0,0.0,0.09523809523809534,1.1600554790347815,1.1524482145905495,0.025357551756314933
immediate_advantage_dqn,801,200,81.91857152581215,93.40159600108862,28.564995110034943,53.35357622206211,1.5337062068283558,16125.618556976318,0.0,26.0,0.0,1.0,0.09071428571428575,1.2559930440038443,1.2499552872031927,0.020125816226936877
immediate_advantage_dqn,801,201,92.3542525857687,92.49537558138371,32.13579784333706,60.21845511496067,1.5806633094325662,18101.82211303711,0.0,27.0,0.0,3.0,0.08619047619047626,1.2134595811367035,1.206717075780034,0.022475025383755565
immediate_advantage_dqn,801,202,97.44001896679401,91.8301256093383,32.63487908989191,64.80513994395733,1.6201457176357508,18537.4867477417,0.0,29.0,0.0,0.0,0.08166666666666667,0.9037681724876165,0.8979488201439381,0.019397819822188467
immediate_advantage_dqn,801,203,90.67057809233665,90.88652161911132,30.962859272956848,59.70771902799606,1.635574558749795,18248.128309249878,0.0,26.0,0.0,0.0,0.07714285714285718,1.112206157296896,1.1058483719825745,0.021192599553614855
immediate_advantage_dqn,801,204,96.47001841962337,90.85845309495927,31.894522339105606,64.57549585700035,1.6027605859562755,18154.711936950684,0.0,29.0,0.0,2.0,0.0726190476190477,0.9574883636087179,0.9502155613154173,0.024242675572168082
immediate_advantage_dqn,801,205,85.10860688984394,90.72535187453032,28.159840643405914,56.94876582920551,1.5164314405992627,16166.368469238281,0.0,26.0,0.0,0.0,0.06809523809523821,1.2248157542198896,1.2183488868176937,0.021556249470449984
immediate_advantage_dqn,801,206,87.28454504311085,90.37225231826307,30.328192740678787,56.95635192990303,1.5425322419032454,16900.917881011963,0.0,26.0,0.0,1.0,0.06357142857142861,1.0337169598788023,1.0287343747913837,0.0166086190729402
immediate_advantage_dqn,801,207,88.65880715847015,90.74525958560409,28.27508871257305,60.38371869921684,1.5202934108674526,16396.2406539917,0.0,28.0,0.0,1.0,0.059047619047619015,1.1987705081701279,1.1923834197223186,0.021290261880494654
immediate_advantage_dqn,801,208,87.36156864762306,90.71895212791861,28.114002645015717,59.24756612181663,1.5313625084236264,15963.979335784912,0.0,27.0,0.0,2.0,0.05452380952380953,1.2757946718484163,1.2675376776605844,0.027523320575710386
immediate_advantage_dqn,801,209,77.28665998578072,90.42457987569273,28.33793844282627,48.94872176647186,1.4794977521523833,16063.150058746338,0.0,23.0,0.0,0.0,0.050000000000000044,1.1390236597508192,1.1326250918209553,0.021328554721549153
immediate_advantage_dqn,801,210,72.11867410838605,89.01238200090826,25.684117376804352,46.4345564186573,1.4233698872849345,14437.211009979248,0.0,24.0,0.0,2.0,0.050000000000000044,0.9700201693922281,0.9642403880134225,0.019265903858467937
immediate_advantage_dqn,801,211,92.57966973781586,88.57034857578577,29.519528403878212,63.06014218330383,1.569543745368719,16736.56781578064,0.0,30.0,0.0,1.0,0.050000000000000044,1.315282629802823,1.310386136174202,0.016321633534971625
immediate_advantage_dqn,801,212,83.16680139303207,88.90278706483544,28.594529941678047,54.57227174937725,1.5618180679157376,16997.051656723022,0.0,25.0,0.0,1.0,0.050000000000000044,1.3107560966163874,1.3043292630463839,0.021422757650725543
immediate_advantage_dqn,801,213,93.03284727931023,88.4862629749626,30.399953484535217,62.63289355635643,1.5221374705433846,16987.87693977356,0.0,28.0,0.0,1.0,0.050000000000000044,1.1225577257573605,1.1157548390328884,0.0226762518286705
immediate_advantage_dqn,801,214,97.11566946208477,89.1120946904272,31.217170789837837,65.89849867224693,1.5563780702650547,17364.722770690918,0.0,30.0,0.0,4.0,0.050000000000000044,1.20120763592422,1.1941803023219109,0.02342443901579827
immediate_advantage_dqn,801,215,74.72795704007149,88.16250409461558,28.108117632567883,46.61983984708786,1.5003149220719934,16225.682403564453,0.0,22.0,0.0,1.0,0.050000000000000044,0.9960486087948084,0.9910068288445473,0.01680593960918486
immediate_advantage_dqn,801,216,97.22311229407788,88.26134919233621,31.061629742383957,66.16148237287999,1.5808594562113285,17343.155429840088,0.0,32.0,0.0,2.0,0.050000000000000044,1.2004111325368285,1.1934076668694615,0.023344883229583502
immediate_advantage_dqn,801,217,85.91900408267975,88.05812823213637,29.723067559301853,56.195935890078545,1.5506619345396757,17089.12777709961,0.0,26.0,0.0,0.0,0.050000000000000044,1.0354650598019361,1.0286286938935518,0.022787914611399174
immediate_advantage_dqn,801,218,96.92673486173153,88.65272475562992,32.501378774642944,64.42535607218743,1.5778031889349222,18065.062061309814,0.0,28.0,0.0,3.0,0.050000000000000044,0.9923903159797192,0.9861800260841846,0.020700931432656944
immediate_advantage_dqn,801,219,86.74612707793713,88.20551123261454,29.297283612191677,57.448843324184416,1.5155611066147685,16329.627487182617,0.0,27.0,0.0,2.0,0.050000000000000044,0.9732773695141077,0.9666932076215744,0.021947198547422886
immediate_advantage_dqn,801,220,87.08755384534598,88.46396034859121,27.6379656791687,59.44958793520927,1.5136705599725246,15936.400033950806,0.0,26.0,0.0,3.0,0.050000000000000044,0.9883937519043684,0.9826630614697933,0.019102274847682565
immediate_advantage_dqn,801,221,88.42169264853001,88.2673323517293,29.469021044671535,58.952671790122984,1.5590666001662612,16962.12539291382,0.0,28.0,0.0,2.0,0.050000000000000044,1.156368026509881,1.1506382897496223,0.019099187687970698
immediate_advantage_dqn,801,222,90.98734054863453,87.94469843082132,30.41071154922247,60.57662842571735,1.544286509975791,16717.90554046631,0.0,28.0,0.0,2.0,0.050000000000000044,1.0698836389929056,1.0636308752000332,0.020842573954723775
immediate_advantage_dqn,801,223,77.02590236663818,87.26246464453638,29.99053557217121,47.035366794466974,1.5102581940591335,16947.752532958984,0.0,23.0,0.0,4.0,0.050000000000000044,1.1208674628287554,1.115158125758171,0.019031127798371017
immediate_advantage_dqn,801,224,56.050128027796745,85.24147012494504,23.69211270660162,32.35801541805267,1.3539067236706614,13139.109270095825,0.0,18.0,0.0,0.0,0.050000000000000044,1.0722255297005177,1.0670455917716026,0.017266462789848447
immediate_advantage_dqn,801,225,71.29064107835293,84.5505718343705,26.032187588512897,45.258453452587126,1.4502653004601598,14817.718273162842,0.0,21.0,0.0,1.0,0.050000000000000044,0.9967320896685123,0.9900481309741735,0.022279848984908313
immediate_advantage_dqn,801,226,76.06153163313866,83.98942116387188,28.515369467437267,47.546162247657776,1.4843378188088536,16052.27381515503,0.0,23.0,0.0,1.0,0.050000000000000044,1.127959966659546,1.1229287534952164,0.016770676942542195
immediate_advantage_dqn,801,227,87.33452953398228,83.9232072826475,28.5345216691494,58.80000752210617,1.5325106251984835,17067.558017730713,0.0,26.0,0.0,2.0,0.050000000000000044,1.1638141609728336,1.1583725661039352,0.01813861110713333
immediate_advantage_dqn,801,228,96.40165008604527,84.37521135456862,32.01272551715374,64.38892458379269,1.6287286104634404,18213.054138183594,0.0,29.0,0.0,0.0,0.050000000000000044,1.1791252177208662,1.1728508537635207,0.020914570312015712
immediate_advantage_dqn,801,229,82.54352279901505,84.63805449523032,27.523509427905083,55.020013535022734,1.4833541875705123,15401.577333450317,0.0,25.0,0.0,1.0,0.050000000000000044,0.9977722279727459,0.9928798517212272,0.016307940590195358
immediate_advantage_dqn,801,230,66.21577388197184,84.34290948390962,25.706561893224716,40.50921189188957,1.4678561398759484,15125.39069366455,0.0,23.0,0.0,2.0,0.050000000000000044,1.1332323588430882,1.1277694553136826,0.01820970664266497
immediate_advantage_dqn,801,231,102.10529049038887,84.81919052153827,34.44311781227589,67.66217293143272,1.6424398459494114,18873.075241088867,0.0,30.0,0.0,2.0,0.050000000000000044,0.9650797182694077,0.9585888497531414,0.021636211953591555
immediate_advantage_dqn,801,232,84.00381242632866,84.8610410732031,30.44719550013542,53.55661735832691,1.570845078676939,17532.233798980713,0.0,23.0,0.0,1.0,0.050000000000000044,1.1151068732142448,1.1095258630812168,0.0186034191865474
immediate_advantage_dqn,801,233,73.0736177071929,83.86307959459722,28.497119538486004,44.57649839222431,1.4776501506567001,15888.577363967896,0.0,21.0,0.0,2.0,0.050000000000000044,1.0100618693977594,1.0030743554234505,0.02329172450117767
immediate_advantage_dqn,801,234,99.21196703016759,83.96789447300137,30.489236816763878,68.72273022830487,1.5764329209923744,17539.758827209473,0.0,29.0,0.0,1.0,0.050000000000000044,1.3141468353569508,1.308759592473507,0.017957465024664998
immediate_advantage_dqn,801,235,97.07677211761475,85.08533522687854,30.773504182696342,66.30326717495919,1.6102168271318078,17515.385498046875,0.0,31.0,0.0,2.0,0.050000000000000044,1.1134463865309954,1.106917162425816,0.02176404243800789
immediate_advantage_dqn,801,236,78.87606297731399,84.16798276104035,28.770702742040157,50.105360361933705,1.4931990960612893,16183.237594604492,0.0,23.0,0.0,2.0,0.050000000000000044,1.2476570690050721,1.2415424846112728,0.020381967478897423
immediate_advantage_dqn,801,237,85.52954915463924,84.1485100146383,29.852596893906593,55.67695214152336,1.541452202014625,17232.5414352417,0.0,25.0,0.0,4.0,0.050000000000000044,1.2288263346999884,1.2234556563198566,0.017902266001328826
immediate_advantage_dqn,801,238,95.75823452472687,84.09008499778808,32.34211415052414,63.4161200761795,1.599298375658691,17912.98810195923,0.0,29.0,0.0,1.0,0.050000000000000044,0.8921208418905735,0.8861392382532358,0.019938675162848085
immediate_advantage_dqn,801,239,93.7056377530098,84.43806053154171,31.434191949665546,62.27144584059715,1.5796724380925298,17589.865112304688,0.0,27.0,0.0,0.0,0.050000000000000044,1.169046213850379,1.1625650487840176,0.021603902510832995
immediate_advantage_dqn,801,240,92.93135086596013,84.73025038257242,29.178160324692726,63.75319012403488,1.5836651995778084,16893.461597442627,0.0,28.0,0.0,1.0,0.050000000000000044,1.1209824848920107,1.116502769291401,0.01493235578527674
immediate_advantage_dqn,801,241,78.82044612765313,84.25018805652857,28.56138226389885,50.25906420648098,1.4775878582149744,15981.570232391357,0.0,23.0,0.0,1.0,0.050000000000000044,1.0550761595368385,1.0478057265281677,0.024234793963842094
immediate_advantage_dqn,801,242,81.34608456492424,83.76812525734306,26.92081569135189,54.4252690076828,1.4784856019541621,15350.723773956299,0.0,26.0,0.0,2.0,0.050000000000000044,0.8662675023078918,0.8607050124555826,0.018541653989814222
immediate_advantage_dqn,801,243,59.90427165925503,82.9120437219739,23.908208683133125,35.99606303572655,1.3673399044200778,13775.89079284668,0.0,19.0,0.0,3.0,0.050000000000000044,0.9525807835161686,0.9478334449231625,0.015824476606212556
immediate_advantage_dqn,801,244,98.9771387398243,85.05839425757529,30.874738439917564,68.10239986777306,1.6027110144495964,17506.56549835205,0.0,31.0,0.0,3.0,0.050000000000000044,1.0589376594871283,1.0528331622481346,0.02034830691991374
immediate_advantage_dqn,801,245,92.35215727984905,86.11147006765009,31.06721058487892,61.28494691848755,1.6058217827230692,18359.475120544434,0.0,27.0,0.0,1.0,0.050000000000000044,1.1077321246266365,1.1026932764798403,0.0167961569968611
immediate_advantage_dqn,801,246,95.89482390284539,87.10313468113543,30.8626239746809,65.03219949603081,1.592582242563367,17664.460876464844,0.0,31.0,0.0,1.0,0.050000000000000044,1.0227576866745949,1.017865477129817,0.0163073735893704
immediate_advantage_dqn,801,247,89.01227233707905,87.18702182129026,29.483819507062435,59.52845301628113,1.5332183660939336,16753.861345291138,0.0,27.0,0.0,2.0,0.050000000000000044,1.332767078652978,1.3264374546706676,0.021098697441630065
immediate_advantage_dqn,801,248,83.07262108623982,86.52057037130001,26.935586355626583,56.137034782767294,1.463571841828525,15354.937850952148,0.0,27.0,0.0,2.0,0.050000000000000044,1.3783780001103878,1.373019464313984,0.017861800792161375
immediate_advantage_dqn,801,249,79.11591247469187,86.34918985508384,27.030213311314583,52.08569957315922,1.5113480612635612,15801.137302398682,0.0,25.0,0.0,2.0,0.050000000000000044,1.0271471170708537,1.0221375953406096,0.01669839775422588
immediate_advantage_dqn,801,250,85.70394369363785,87.32359834566714,28.910701259970665,56.79324229955673,1.5479603987187147,17054.995597839355,0.0,26.0,0.0,1.0,0.050000000000000044,0.8395765293389559,0.8353089820593596,0.014225136197637767
immediate_advantage_dqn,801,251,67.96702712178231,85.6166851772368,26.052999556064606,41.914027446508406,1.4525648998096585,14850.316066741943,0.0,21.0,0.0,1.0,0.050000000000000044,0.7473505288362503,0.7428570901975036,0.014978128660004586
immediate_advantage_dqn,801,252,68.39306178689003,84.83614764526487,26.209975518286228,42.183086574077606,1.4433690514415503,15112.738346099854,0.0,20.0,0.0,0.0,0.050000000000000044,1.1788064632564783,1.172364316880703,0.021473819040693343
immediate_advantage_dqn,801,253,79.34737032651901,85.14983527623119,28.4338054433465,50.91356462240219,1.5087872231379151,16229.932445526123,0.0,24.0,0.0,1.0,0.050000000000000044,0.8013999601826072,0.7962722219526768,0.01709247601684183
immediate_advantage_dqn,801,254,79.79031594246626,84.17875272184611,26.617944560945034,53.17237147092819,1.4456713842228055,15005.542387008667,0.0,24.0,0.0,2.0,0.050000000000000044,1.0020609553903341,0.9960517296567559,0.02003075700486079
immediate_advantage_dqn,801,255,69.69435570389032,82.80963190115989,26.834897249937057,42.85945779085159,1.4271170971915126,14788.136859893799,0.0,21.0,0.0,0.0,0.050000000000000044,0.9970207288861275,0.991241343319416,0.019264598144218326
immediate_advantage_dqn,801,256,90.45747418850661,83.38870246171953,30.928974948823452,59.52849926948547,1.5967566249892116,17943.934661865234,0.0,26.0,0.0,2.0,0.050000000000000044,0.9756890814751387,0.9690550565719604,0.022113398648798466
immediate_advantage_dqn,801,257,84.91359088718892,83.35790454834702,29.651009887456894,55.26258138716221,1.5620449557900429,17214.637313842773,0.0,27.0,0.0,4.0,0.050000000000000044,0.9564149305224419,0.9496064577251673,0.022694902087096125
immediate_advantage_dqn,801,258,99.44894680380821,83.54244016230106,30.948518477380276,68.50042846798897,1.5868995618075132,17776.488094329834,0.0,30.0,0.0,1.0,0.050000000000000044,1.042032340541482,1.0371892005205154,0.01614378800150007
immediate_advantage_dqn,801,259,69.96111429035663,82.35521398916842,26.701116859912872,43.25999705791473,1.4572518104687333,15149.234367370605,0.0,21.0,0.0,2.0,0.050000000000000044,1.0303999288007617,1.0236587468534708,0.022470573196187615
immediate_advantage_dqn,801,260,73.73449318856001,81.3953711052984,26.470402240753174,47.26409110426903,1.4372548405081034,14962.546474456787,0.0,22.0,0.0,1.0,0.050000000000000044,1.2110852459445596,1.2053948873654008,0.01896780967945233
immediate_advantage_dqn,801,261,82.02600571811199,81.55564908482134,27.896072402596474,54.12993340492248,1.5180081306025386,15893.819725036621,0.0,27.0,0.0,3.0,0.050000000000000044,0.8067175140604377,0.8007872393354774,0.019767609192058444
immediate_advantage_dqn,801,262,84.25176327973604,81.70093302056192,28.83205556869507,55.419708269834516,1.537052746862173,17044.305849075317,0.0,26.0,0.0,2.0,0.050000000000000044,0.9925784897059202,0.9859176948666573,0.022202640888281167
immediate_advantage_dqn,801,263,83.55371275544167,82.88340507537127,30.2523133456707,53.30139935016632,1.543039453215897,17475.830295562744,0.0,25.0,0.0,2.0,0.050000000000000044,1.1847695698961616,1.1787884011864662,0.019937230099458247
immediate_advantage_dqn,801,264,97.35499458462,82.80229786761105,32.82831036299467,64.52668408751488,1.6083528539165854,18475.471746444702,0.0,29.0,0.0,3.0,0.050000000000000044,1.069095315411687,1.0637582782655954,0.017790155892726034
immediate_advantage_dqn,801,265,72.20156086236238,81.79476804673672,27.432380013167858,44.769181087613106,1.4404754936695099,15430.12752532959,0.0,23.0,0.0,1.0,0.050000000000000044,1.0269656870514154,1.0208142902702093,0.020504694781266153
immediate_advantage_dqn,801,266,91.63198191672564,81.58162594743074,28.668374247848988,62.96360769867897,1.5161439357325435,16552.60418701172,0.0,28.0,0.0,0.0,0.050000000000000044,1.2332595717161894,1.2292578481137753,0.013339065480977297
immediate_advantage_dqn,801,267,104.43656978905202,82.3528408200294,31.622310802340508,72.8142584502697,1.6198545498773456,18009.19995880127,0.0,32.0,0.0,2.0,0.050000000000000044,1.197087848559022,1.1914687547832727,0.018730325275100768
immediate_advantage_dqn,801,268,79.41404044032097,82.16991178773344,26.569978177547455,52.844062188267706,1.4652758296579123,15379.369884490967,0.0,26.0,0.0,1.0,0.050000000000000044,1.0044566821306944,0.9978769347071648,0.021932492731139064
immediate_advantage_dqn,801,269,56.17158704996109,81.02269551649691,23.480881944298744,32.69070482254028,1.341006625443697,12909.930557250977,0.0,17.0,0.0,1.0,0.050000000000000044,1.1232627909630537,1.117161987349391,0.02033599861897528
immediate_advantage_dqn,801,270,81.03605799376965,80.7893012315035,29.08324610441923,51.95281256735325,1.5099676856771111,16523.440128326416,0.0,25.0,0.0,1.0,0.050000000000000044,1.25265431124717,1.2463104659691453,0.021146102983038872
immediate_advantage_dqn,801,271,73.89698082655669,81.08579891674222,27.957367315888405,45.939614330232146,1.4416512344032526,15637.060668945312,0.0,21.0,0.0,4.0,0.050000000000000044,1.032844627276063,1.0269128382205963,0.019772639498114586
immediate_advantage_dqn,801,272,71.63167406022549,81.24772953040898,26.094625636935234,45.5370487511158,1.4389186603948474,14992.599655151367,0.0,23.0,0.0,1.0,0.050000000000000044,1.4272643132135272,1.4203416220843792,0.02307565661612898
immediate_advantage_dqn,801,273,83.46428154706955,81.45357509143652,29.022912442684174,54.441368746757504,1.5064796106889844,16487.55516052246,0.0,26.0,0.0,2.0,0.050000000000000044,0.8193935751914978,0.814349852502346,0.01681240589823574
immediate_advantage_dqn,801,274,92.7673405110836,82.10242631986738,28.931745007634163,63.835595935583115,1.530389839783311,16323.844501495361,0.0,28.0,0.0,1.0,0.050000000000000044,1.2532722242176533,1.2447682358324528,0.028346633771434426
immediate_advantage_dqn,801,275,89.79753574877978,83.10758532211186,30.1496554762125,59.64788039922714,1.5575294038280845,17240.129718780518,0.0,28.0,0.0,1.0,0.050000000000000044,1.3735220115631819,1.3672056067734957,0.021054709039162844
immediate_advantage_dqn,801,276,101.61598908305169,83.66551106683912,32.74874724447727,68.86724119782448,1.6284663323312998,18844.664058685303,0.0,30.0,0.0,3.0,0.050000000000000044,1.1689137425273657,1.1635195687413216,0.017980599601287395
immediate_advantage_dqn,801,277,74.8805286616087,83.1638579555601,27.117764055728912,47.76276471018791,1.4916541678830981,15918.717777252197,0.0,23.0,0.0,3.0,0.050000000000000044,1.0064925868064165,1.0017551183700562,0.01579157670494169
immediate_advantage_dqn,801,278,75.74244452416897,81.97853284157814,26.874328196048737,48.86811646223068,1.451601897366345,15253.279029846191,0.0,23.0,0.0,1.0,0.050000000000000044,1.3494689594954252,1.3436852842569351,0.019278888241387904
immediate_advantage_dqn,801,279,67.64761696904898,81.86285797551275,25.65703973174095,41.99057696163654,1.4283008985221386,14538.803308486938,0.0,22.0,0.0,1.0,0.050000000000000044,0.912791253067553,0.9059042073786259,0.022956788074225187
immediate_advantage_dqn,801,280,80.82603653520346,82.21743514284493,28.67876311391592,52.14727300405502,1.4983276668936014,16403.2147026062,0.0,24.0,0.0,2.0,0.050000000000000044,0.9382673231884837,0.9325951309874654,0.018907283374574035
immediate_advantage_dqn,801,281,76.51435871571303,81.94185279272499,27.515464060008526,48.99889456629753,1.4467706913128495,15385.203224182129,0.0,21.0,0.0,1.0,0.050000000000000044,1.1543255783617496,1.147433191537857,0.022974677034653723
immediate_advantage_dqn,801,282,64.17434347718954,80.93798180259765,25.886509604752064,38.287833872437474,1.4055955121293664,14143.632167816162,0.0,21.0,0.0,2.0,0.050000000000000044,1.1483409963548183,1.1386366169899702,0.032347897125873715
immediate_advantage_dqn,801,283,78.72980358600617,80.69678634412588,26.9583877697587,51.77141537666321,1.4907953198999166,15733.560493469238,0.0,26.0,0.0,1.0,0.050000000000000044,1.1399931814521551,1.1343302950263023,0.018876278249081224
immediate_advantage_dqn,801,284,92.98713132143021,80.47839318096639,31.524489656090736,61.46264179944992,1.6196347558870912,18387.358039855957,0.0,28.0,0.0,3.0,0.050000000000000044,1.1718552708625793,1.1643471904098988,0.025026931543834507
immediate_advantage_dqn,801,285,88.85208057761193,81.31091916672887,30.386073917150497,58.466006422042845,1.5264369128271937,16862.888864517212,0.0,26.0,0.0,1.0,0.050000000000000044,1.0737494360655546,1.06746974773705,0.020932247978635132
immediate_advantage_dqn,801,286,86.75767487436534,81.06720381461086,31.196393810212612,55.561280795931815,1.5445133792236447,17707.036964416504,0.0,26.0,0.0,2.0,0.050000000000000044,1.1384366378188133,1.1318908501416445,0.021819293964654207
immediate_advantage_dqn,801,287,96.16655197143555,80.65370292373004,30.555816739797592,65.61073545515538,1.5746167823672295,17487.912551879883,0.0,29.0,0.0,1.0,0.050000000000000044,1.3923360519111156,1.385664440691471,0.02223870635498315
immediate_advantage_dqn,801,288,95.3852762669325,81.45226471506062,32.46538099646568,62.91989498734474,1.6043546190485358,18466.79768371582,0.0,27.0,0.0,2.0,0.050000000000000044,1.1757748611271381,1.1686215046793222,0.023844479233957827
immediate_advantage_dqn,801,289,78.95948472768069,82.59165959894659,26.39903562515974,52.56044937074184,1.4610525984317064,15372.726810455322,0.0,24.0,0.0,3.0,0.050000000000000044,1.308062694966793,1.3036762494593859,0.014621455280575901
immediate_advantage_dqn,801,290,88.98097159862519,82.98890527918937,30.239939525723457,58.74103173017502,1.5261098379269242,17064.456104278564,0.0,26.0,0.0,2.0,0.050000000000000044,0.9599568620324135,0.9526511244475842,0.024352465698029846
immediate_advantage_dqn,801,291,91.03167787194252,83.84564013145867,31.396320655941963,59.63535679876804,1.5748377535492182,18179.5848236084,0.0,27.0,0.0,1.0,0.050000000000000044,0.9791566729545593,0.9736819062381983,0.01824925420805812
immediate_advantage_dqn,801,292,64.76848187446595,83.50248052217069,25.47819934785366,39.29028212428093,1.4289314588531852,14617.643102645874,0.0,21.0,0.0,2.0,0.050000000000000044,1.2922348603606224,1.2866207286715508,0.018713763740379363
immediate_advantage_dqn,801,293,80.75293729603291,83.36691330961885,29.207697167992592,51.54524067938328,1.5537528339773417,17257.533561706543,0.0,24.0,0.0,3.0,0.050000000000000044,1.042585950344801,1.0363157354295254,0.02090075402520597
immediate_advantage_dqn,801,294,72.14417814612389,82.33575519137086,25.590857058763504,46.5533208489418,1.4198159268125892,14639.187923431396,0.0,23.0,0.0,2.0,0.050000000000000044,1.1259017456322908,1.1199198253452778,0.01993968605529517
immediate_advantage_dqn,801,295,80.68776453435422,81.88026663064959,27.891199328005314,52.79656475186348,1.4877413250505924,16027.283782958984,0.0,23.0,0.0,3.0,0.050000000000000044,0.8938210662454367,0.8874307796359062,0.021300936117768288
immediate_advantage_dqn,801,296,76.98628973513841,80.64878166325391,27.773650646209717,49.21263901442289,1.477267344482243,15664.049320220947,0.0,23.0,0.0,3.0,0.050000000000000044,1.0175010096281767,1.0122814923524857,0.017398411291651428
immediate_advantage_dqn,801,297,88.75327696055174,81.34241907820106,30.583002634346485,58.17027428150177,1.5611518928781152,17632.867195129395,0.0,27.0,0.0,2.0,0.050000000000000044,1.1467829942703247,1.1400148682296276,0.022560461424291134
immediate_advantage_dqn,801,298,107.70634512603283,82.94061410829426,34.802775889635086,72.90356965363026,1.6317126881331205,19682.70576095581,0.0,33.0,0.0,1.0,0.050000000000000044,1.1462938524782658,1.138482904061675,0.026036530849523842
immediate_advantage_dqn,801,299,80.92520873248577,83.6044936964661,29.12620159238577,51.799007296562195,1.5168312638998032,16714.70859146118,0.0,26.0,0.0,0.0,0.050000000000000044,1.2592322565615177,1.2531149704009295,0.020390911144204438
immediate_advantage_dqn,801,300,56.97589798271656,82.41198676884176,23.798900738358498,33.17699708044529,1.3576639238744974,13466.22640991211,0.0,18.0,0.0,1.0,0.050000000000000044,1.1241884753108025,1.1166445147246122,0.025146542233414948
immediate_advantage_dqn,801,301,89.4543343871832,83.05898555241527,29.836833767592907,59.617501029372214,1.5704524302855134,17439.707386016846,0.0,26.0,0.0,1.0,0.050000000000000044,1.3407586282119155,1.335048783570528,0.019032795389648527
immediate_advantage_dqn,801,302,94.76480705291033,84.5885087312013,31.194423161447048,63.57038423418999,1.587123948149383,17768.154705047607,0.0,27.0,0.0,1.0,0.050000000000000044,1.2490700632333755,1.242741297930479,0.021095881005749106
immediate_advantage_dqn,801,303,90.43976613879204,85.17400685884058,29.14584329724312,61.293922781944275,1.524291486479342,16258.242742538452,0.0,27.0,0.0,0.0,0.050000000000000044,1.1015069615095854,1.0960763730108738,0.018101926776580513
immediate_advantage_dqn,801,304,83.75268010944129,84.71228429824114,29.784352026879787,53.96832797825336,1.530812932178378,17049.60586166382,0.0,25.0,0.0,4.0,0.050000000000000044,1.1978774089366198,1.192636290565133,0.017470399849116802
immediate_advantage_dqn,801,305,78.83809454739094,84.2115849967301,28.12035023421049,50.7177442163229,1.4940127022564411,16052.48388671875,0.0,24.0,0.0,2.0,0.050000000000000044,1.0224126065149903,1.0157291954383254,0.0222780434996821
immediate_advantage_dqn,801,306,81.82052757740021,83.96472763188186,29.116006575524807,52.70452078580856,1.5158274685963988,16746.320165634155,0.0,25.0,0.0,1.0,0.050000000000000044,1.2276206957176328,1.2217070674523711,0.019712054054252803
immediate_advantage_dqn,801,307,85.61822904795409,83.43731148570778,29.05588372051716,56.56234525293112,1.5369063895195723,16670.252199172974,0.0,27.0,0.0,2.0,0.050000000000000044,1.0797477811574936,1.0723755955696106,0.024573932983912528
immediate_advantage_dqn,801,308,72.72839434593917,82.30446738965811,27.144455641508102,45.58393842875957,1.4485747730359435,15483.544158935547,0.0,22.0,0.0,1.0,0.050000000000000044,1.1720144376158714,1.1670398376882076,0.016581987671088427
immediate_advantage_dqn,801,309,82.29108419269323,82.47104736290873,29.66092626005411,52.63015802204609,1.5614419942721725,17229.0841255188,0.0,24.0,0.0,1.0,0.050000000000000044,1.600482951849699,1.5951703079044819,0.017708847648464143
immediate_advantage_dqn,801,310,90.497985252738,82.54689804561437,31.328032210469246,59.16995331048965,1.5550010716542602,17774.92530441284,0.0,25.0,0.0,2.0,0.050000000000000044,1.2866381034255028,1.2813084162771702,0.01776566990884021
immediate_advantage_dqn,801,311,80.62418399751186,82.02652335189285,28.079729199409485,52.54445484280586,1.5072283949702978,15927.322631835938,0.0,23.0,0.0,0.0,0.050000000000000044,0.9785917196422815,0.9718537703156471,0.022459844476543367
immediate_advantage_dqn,801,312,71.28027971982957,82.35211324416102,26.123802110552788,45.15647711753845,1.4051195308566093,14661.667636871338,0.0,21.0,0.0,1.0,0.050000000000000044,1.5631310567259789,1.5564558133482933,0.02225082425866276
immediate_advantage_dqn,801,313,94.324636811018,83.03069821991028,31.53437977284193,62.790256747603415,1.5745478896424174,17598.013153076172,0.0,28.0,0.0,1.0,0.050000000000000044,1.0413059517741203,1.035820197314024,0.018285845057107508
immediate_advantage_dqn,801,314,73.6990769430995,83.10844315975905,27.439071089029312,46.26000586152077,1.4632973233237863,15905.505290985107,0.0,23.0,0.0,0.0,0.050000000000000044,1.3316644988954067,1.3255245871841908,0.020466312358621508
immediate_advantage_dqn,801,315,85.38820555359125,83.34346521072091,27.559964574873447,57.828240412473676,1.5152515629306436,16498.79294204712,0.0,27.0,0.0,2.0,0.050000000000000044,1.4168194252997637,1.4106565304100513,0.020542951475363225
immediate_advantage_dqn,801,316,83.69804729521275,83.67905308872461,28.745264410972595,54.95278286933899,1.4880036506801844,16157.11406326294,0.0,25.0,0.0,2.0,0.050000000000000044,1.3245655074715614,1.3187477104365826,0.019392694521229714
immediate_advantage_dqn,801,317,87.77248507738113,83.63001349456609,30.28804238140583,57.48444280028343,1.5635239854454994,18023.192714691162,0.0,27.0,0.0,1.0,0.050000000000000044,1.1761689335107803,1.1706755980849266,0.018311106075998396
immediate_advantage_dqn,801,318,72.70092100650072,81.87974228858948,26.358207508921623,46.342713832855225,1.4667723262682557,15287.13207435608,0.0,23.0,0.0,0.0,0.050000000000000044,0.9189535211771727,0.9122799318283796,0.022245336091145873
immediate_advantage_dqn,801,319,96.825462692976,82.67475498661399,31.044398806989193,65.78106368482113,1.5725588258355856,17612.572387695312,0.0,29.0,0.0,1.0,0.050000000000000044,1.1802600491791964,1.1733219660818577,0.023126952000893652
immediate_advantage_dqn,801,320,84.73420599102974,84.06267038702966,29.36627958714962,55.3679266422987,1.4943690467625856,16585.89011001587,0.0,25.0,0.0,0.0,0.050000000000000044,0.9547426328063011,0.9489773288369179,0.019217721186578274
immediate_advantage_dqn,801,321,92.19634073972702,84.19977070465684,30.775985151529312,61.42035557329655,1.586918673478067,17994.29319190979,0.0,27.0,0.0,1.0,0.050000000000000044,1.3745370414108038,1.3664831295609474,0.026846364315133542
immediate_advantage_dqn,801,322,67.25322407782078,82.82419155590236,25.522621393203735,41.730602386593816,1.446704750880599,14849.020168304443,0.0,20.0,0.0,3.0,0.050000000000000044,1.3862935937941074,1.3814107403159142,0.016276184003800154
immediate_advantage_dqn,801,323,60.747062142193315,81.33955635607242,23.671184957027435,37.075877371430394,1.3792104246094823,13549.678447723389,0.0,20.0,0.0,2.0,0.050000000000000044,1.1718818116933107,1.1663638539612293,0.018393175036180764
immediate_advantage_dqn,801,324,71.65574147701264,80.734709424451,26.490250125527382,45.16549182832241,1.4076355081051588,14099.01494216919,0.0,23.0,0.0,2.0,0.050000000000000044,1.2053532358258963,1.1993318730965257,0.020071258244570345
immediate_advantage_dqn,801,325,90.21314136683941,81.3034617654234,32.29179240018129,57.92134912312031,1.57921901345253,18306.3104057312,0.0,27.0,0.0,0.0,0.050000000000000044,1.0903869476169348,1.083543822169304,0.022810410475358367
immediate_advantage_dqn,801,326,85.26855442672968,81.4758631078899,30.129518285393715,55.13903588056564,1.5421670861542225,17606.758644104004,0.0,25.0,0.0,1.0,0.050000000000000044,0.8870131950825453,0.8808581437915564,0.02051683352328837
immediate_advantage_dqn,801,327,68.14082268625498,80.60199278980494,27.7099324837327,40.43089033663273,1.4209288731217384,14826.81900215149,0.0,21.0,0.0,1.0,0.050000000000000044,1.3334955014288425,1.3258794117718935,0.025386937195435166
immediate_advantage_dqn,801,328,94.06350802779198,81.66874847389758,31.261375576257706,62.80213230252266,1.5618953686207533,17451.423515319824,0.0,28.0,0.0,3.0,0.050000000000000044,1.2847093399614096,1.2792238742113113,0.018284916935954243
immediate_advantage_dqn,801,329,70.93782207369804,81.10108536794783,25.72517930716276,45.21264274418354,1.4292879467830062,14890.025127410889,0.0,22.0,0.0,2.0,0.050000000000000044,1.350440051406622,1.3440373316407204,0.021342433872632682
immediate_advantage_dqn,801,330,91.09465640187264,81.13091892540456,31.057990171015263,60.03666607439518,1.565094175748527,18066.90375518799,0.0,26.0,0.0,1.0,0.050000000000000044,1.0319465138018131,1.026432367041707,0.018380521913059056
immediate_advantage_dqn,801,331,86.3233589321375,81.41587767213585,30.676841966807842,55.64651673436165,1.5635983748361468,17486.71516418457,0.0,26.0,0.0,1.0,0.050000000000000044,1.1555593982338905,1.148580152541399,0.023264187737368047
immediate_advantage_dqn,801,332,78.47485835850239,81.77560660406948,27.995331659913063,50.479526713490486,1.511651067994535,16708.987770080566,0.0,23.0,0.0,1.0,0.050000000000000044,0.92457758449018,0.9193627666682005,0.01738272764487192
immediate_advantage_dqn,801,333,91.80606164038181,81.64967784553767,31.956431463360786,59.84962999820709,1.527597127482295,17625.947204589844,0.0,26.0,0.0,0.0,0.050000000000000044,0.9097083508968353,0.9035472571849823,0.020536970696412027
immediate_advantage_dqn,801,334,70.85711067914963,81.50757953234017,26.02924832701683,44.827862948179245,1.4243930196389556,15031.560218811035,0.0,21.0,0.0,0.0,0.050000000000000044,1.1984079433605075,1.1904005529358983,0.026691288338042796
immediate_advantage_dqn,801,335,88.59171324968338,81.66775491714478,29.456479117274284,59.13523396849632,1.5345279844477773,16925.30158996582,0.0,27.0,0.0,1.0,0.050000000000000044,0.9697225289419293,0.9640234317630529,0.01899699488421902
immediate_advantage_dqn,801,336,78.4871694162488,81.40721102319658,28.60661841928959,49.88055039346218,1.5112725608050823,16624.38179397583,0.0,23.0,0.0,1.0,0.050000000000000044,1.3604147359728813,1.3547306153923273,0.018947094271425158
immediate_advantage_dqn,801,337,88.7089724585414,81.4540353922546,30.372987814247608,58.3359842568636,1.581353941000998,17699.257942199707,0.0,26.0,0.0,3.0,0.050000000000000044,1.1172241810709238,1.112394381314516,0.016099309432320297
immediate_advantage_dqn,801,338,71.19389744251967,81.37868421405554,24.819626852869987,46.374271088838576,1.4074936406686902,14355.39536857605,0.0,21.0,0.0,1.0,0.050000000000000044,1.001955185085535,0.9948676489293575,0.02362513414118439
immediate_advantage_dqn,801,339,84.37552556544543,80.75618735767901,30.447889886796474,53.9276355445385,1.5286988858133554,17524.989114761353,0.0,24.0,0.0,1.0,0.050000000000000044,1.25360469520092,1.2469158004969358,0.02229628257919103
immediate_advantage_dqn,801,340,79.10792086273432,80.47487310126425,27.48262396454811,51.62529695034027,1.4997524097561836,15928.95906829834,0.0,24.0,0.0,0.0,0.050000000000000044,1.137952622026205,1.132265817373991,0.01895605109166354
immediate_advantage_dqn,801,341,79.32468402683735,79.83129026561976,28.396503321826458,50.92818120419979,1.4825520804151893,15772.508563995361,0.0,24.0,0.0,3.0,0.050000000000000044,1.2803401295095682,1.2752797976136208,0.01686778402654454
immediate_advantage_dqn,801,342,98.18613982200623,81.37793605282903,33.15566973388195,65.03047022223473,1.6309652691707015,18938.02597427368,0.0,29.0,0.0,0.0,0.050000000000000044,1.2988983131945133,1.292101925238967,0.022654688102193177
immediate_advantage_dqn,801,343,84.98179258555174,82.58967257499695,28.881973259150982,56.09981913268566,1.4939682688564062,16519.133213043213,0.0,25.0,0.0,2.0,0.050000000000000044,1.0862380750477314,1.080695440992713,0.018475476652383804
immediate_advantage_dqn,801,344,73.40991038382053,82.67738102033734,27.616213589906693,45.79369616806507,1.484033403918147,15966.082801818848,0.0,22.0,0.0,2.0,0.050000000000000044,1.1271264851093292,1.1210809089243412,0.02015192521503195
immediate_advantage_dqn,801,345,95.52959358394146,82.94320363119246,31.436006009578705,64.09358820021153,1.585452163591981,18012.56041908264,0.0,27.0,0.0,4.0,0.050000000000000044,0.8856954956427217,0.8800830440595746,0.018708177900407463
immediate_advantage_dqn,801,346,78.03304337710142,82.58142807871104,28.025895953178406,50.00714732706547,1.4587676292285323,15805.308723449707,0.0,25.0,0.0,0.0,0.050000000000000044,1.2930981032550335,1.2873126529157162,0.019284802605398
immediate_advantage_dqn,801,347,91.91447980850936,83.77011093482376,30.951523773372173,60.962956169247626,1.5609972104430199,17614.83491897583,0.0,29.0,0.0,1.0,0.050000000000000044,1.4042161963880062,1.398023258894682,0.020643073017708957
immediate_advantage_dqn,801,348,98.94174850285053,84.01402295857669,31.641630545258522,67.30011825561523,1.580237589776516,18272.664905548096,0.0,30.0,0.0,3.0,0.050000000000000044,0.9485312644392252,0.9430704694241285,0.0182026801048778
immediate_advantage_dqn,801,349,85.336130695045,84.73393838964404,30.36661011725664,54.96952008605003,1.5416248328983784,17172.13052368164,0.0,24.0,0.0,2.0,0.050000000000000044,1.2293649166822433,1.2230788692831993,0.02095351170282811
immediate_advantage_dqn,801,350,75.31192884892225,83.94480201199652,29.84449280053377,45.46743591427803,1.496590948663652,16378.484706878662,0.0,23.0,0.0,2.0,0.050000000000000044,1.1884173043072224,1.1818423392251134,0.021916521014645696
immediate_advantage_dqn,801,351,89.2432349473238,84.09079581275583,31.108716756105423,58.134518668055534,1.5824884055182338,18115.197315216064,0.0,27.0,0.0,2.0,0.050000000000000044,1.051952324807644,1.0462534613907337,0.018996198719833046
immediate_advantage_dqn,801,352,71.69477600455284,83.75179169505836,25.585587359964848,46.1091889500618,1.4358229599893093,14964.664005279541,0.0,20.0,0.0,4.0,0.050000000000000044,1.131698346696794,1.1248092018067837,0.022963842551689595
immediate_advantage_dqn,801,353,82.55403876453639,83.28919055126607,28.327240027487278,54.22679851353168,1.459943875670433,15613.125846862793,0.0,25.0,0.0,2.0,0.050000000000000044,1.3429244309663773,1.335923319682479,0.02333703450858593
immediate_advantage_dqn,801,354,76.33497294783592,83.56308366470039,26.920739844441414,49.414232954382896,1.4845797596499324,15826.683101654053,0.0,24.0,0.0,1.0,0.050000000000000044,1.0814240481704473,1.0754602905362844,0.019879185245372355
immediate_advantage_dqn,801,355,89.75777290314436,83.62138664737344,30.84920696169138,58.908565300703046,1.5488383304327726,17520.972801208496,0.0,25.0,0.0,3.0,0.050000000000000044,1.3525661444291472,1.3444000389426947,0.027220286545343697
immediate_advantage_dqn,801,356,84.75320229679346,83.93468829140068,28.550278782844543,56.20292390882969,1.4865283500403166,15852.423728942871,0.0,27.0,0.0,1.0,0.050000000000000044,0.9601972168311477,0.9540016939863563,0.02065175143070519
immediate_advantage_dqn,801,357,75.43495579212905,83.27098745808006,28.479446418583393,46.955509507656096,1.4766054768115282,15962.380546569824,0.0,23.0,0.0,2.0,0.050000000000000044,1.1315636243671179,1.124502593651414,0.023536746157333255
immediate_advantage_dqn,801,358,84.85614785552025,83.95409997873008,29.539316698908806,55.31683111190796,1.516214850358665,16871.334590911865,0.0,25.0,0.0,0.0,0.050000000000000044,1.3289287574589252,1.3211484290659428,0.02593443391378969
immediate_advantage_dqn,801,359,75.5230924859643,83.51147832475604,26.15818302333355,49.36490970849991,1.4408817952498794,15036.668714523315,0.0,22.0,0.0,2.0,0.050000000000000044,0.9642731938511133,0.958275162614882,0.019993447000160813
immediate_advantage_dqn,801,360,82.84676038771867,83.69842030100526,29.31788795441389,53.528872433304784,1.5244195787236094,16902.78371810913,0.0,23.0,0.0,3.0,0.050000000000000044,1.1728156423196197,1.1675166375935078,0.01766334765125066
immediate_advantage_dqn,801,361,75.47106790542603,83.50573949493467,29.266855761408806,46.20421226322651,1.5355564169585705,17140.539920806885,0.0,22.0,0.0,0.0,0.050000000000000044,1.263541555032134,1.2577971555292606,0.019147992366924882
immediate_advantage_dqn,801,362,88.38398497104644,83.01563175238668,29.313494697213173,59.07049058675766,1.4896203326061368,16423.986667633057,0.0,26.0,0.0,2.0,0.050000000000000044,1.0490793995559216,1.0434492025524378,0.01876731327502057
immediate_advantage_dqn,801,363,76.36581814289093,82.58483303025365,28.924860037863255,47.440957903862,1.499046484939754,16709.4052734375,0.0,22.0,0.0,0.0,0.050000000000000044,1.5201183706521988,1.5139280278235674,0.0206344670150429
immediate_advantage_dqn,801,364,78.94039564728737,82.86135729342699,28.594905391335487,50.345490330457686,1.4819702412933111,16389.34859085083,0.0,22.0,0.0,1.0,0.050000000000000044,0.9795054476708174,0.971284469589591,0.02740327187348157
immediate_advantage_dqn,801,365,68.41205893158913,81.50548056080937,26.484033212065697,41.92802609205246,1.4204745702445507,15120.37126159668,0.0,20.0,0.0,3.0,0.050000000000000044,1.041485158726573,1.0353007577359676,0.020614654989913106
immediate_advantage_dqn,801,366,90.23799017965794,82.11572790093722,34.34580723196268,55.89218276143074,1.6383975027129054,19739.86043548584,0.0,27.0,0.0,2.0,0.050000000000000044,1.4797324668616056,1.4731406271457672,0.021972885937429965
immediate_advantage_dqn,801,367,79.3204739034176,81.48602760568264,26.834286980330944,52.48618718385696,1.4638420101255178,15294.655485153198,0.0,25.0,0.0,3.0,0.050000000000000044,1.2199416439980268,1.2137067764997482,0.020782904291991144
immediate_advantage_dqn,801,368,101.42217280715704,81.61004882089796,33.85063908994198,67.57153369486332,1.6554908817633986,19855.06063079834,0.0,30.0,0.0,1.0,0.050000000000000044,1.1433428209275007,1.1382441967725754,0.016995378129649907
immediate_advantage_dqn,801,369,71.58560825884342,80.92252269908786,26.835032671689987,44.75057552754879,1.435815786011517,15153.71961402893,0.0,23.0,0.0,1.0,0.050000000000000044,1.0004844032227993,0.9938155263662338,0.022229601221624762
immediate_advantage_dqn,801,370,83.51860116422176,81.33285631485285,29.779651179909706,53.73895041644573,1.5214441753923893,16870.456031799316,0.0,26.0,0.0,0.0,0.050000000000000044,1.4147524498403072,1.4089226126670837,0.01943283516447991
immediate_advantage_dqn,801,371,88.1043078839779,81.27590996168553,29.895437628030777,58.20887033045292,1.572348409332335,17309.100116729736,0.0,28.0,0.0,2.0,0.050000000000000044,1.1437152456492186,1.1380865760147572,0.018762247636914253
immediate_advantage_dqn,801,372,77.977139377594,81.59002813033761,27.89048619568348,50.08665318191051,1.4760262910276651,15802.037906646729,0.0,25.0,0.0,4.0,0.050000000000000044,0.8283807337284088,0.822113024070859,0.020892360131256282
immediate_advantage_dqn,801,373,92.8559092760086,82.10512165591122,30.755289554595947,62.100619721412656,1.544515828602016,17436.459365844727,0.0,28.0,0.0,2.0,0.050000000000000044,1.1800526455044746,1.173564932309091,0.021625710010994226
immediate_advantage_dqn,801,374,69.97453446537256,81.78709973178805,24.667367063462734,45.307167088985445,1.3953984193503857,13785.465156555176,0.0,20.0,0.0,4.0,0.050000000000000044,1.0494158677756786,1.0433502309024334,0.020218788005877286
immediate_advantage_dqn,801,375,93.94327023923397,81.99637459859251,30.887258008122444,63.05601229071617,1.5452876035124063,17466.32706451416,0.0,27.0,0.0,2.0,0.050000000000000044,0.9887894075363874,0.9828401617705822,0.01983083743834868
immediate_advantage_dqn,801,376,84.71324016302825,81.99437649190426,28.94669868797064,55.766541296243666,1.482382777146995,15855.055686950684,0.0,26.0,0.0,1.0,0.050000000000000044,1.3940948285162449,1.3871599175035954,0.023116395459510386
immediate_advantage_dqn,801,377,88.21571391820908,82.63341439820826,29.294705629348755,58.9210087954998,1.4898366807028651,16171.451580047607,0.0,28.0,0.0,0.0,0.050000000000000044,1.1386110186576843,1.1324653308838606,0.020485637476667762
immediate_advantage_dqn,801,378,79.67502617835999,82.37435831435025,27.744352646172047,51.930673345923424,1.5090281600132585,16676.944046020508,0.0,25.0,0.0,0.0,0.050000000000000044,1.3533556163311005,1.347793783992529,0.018539432901889086
immediate_advantage_dqn,801,379,101.00397791862488,83.64840258598329,32.95276553928852,68.05121273696423,1.6083648400381207,18482.88103866577,0.0,30.0,0.0,2.0,0.050000000000000044,1.0916503462940454,1.085277870297432,0.0212415789719671
immediate_advantage_dqn,801,380,88.00778391361237,83.90645376227796,29.256398260593414,58.75138504207134,1.5094862878322601,16768.12945175171,0.0,28.0,0.0,1.0,0.050000000000000044,1.1891501639038324,1.183487594127655,0.018875261419452727
immediate_advantage_dqn,801,381,81.06586578786373,84.18619365639985,27.818657033145428,53.247208806872365,1.5018636053428054,16036.253005981445,0.0,25.0,0.0,3.0,0.050000000000000044,1.1248098388314247,1.1201281026005745,0.015605806896928698
immediate_advantage_dqn,801,382,90.41266574114562,84.28762769490483,29.5500375777483,60.862628334760664,1.5099401762709022,16588.76979827881,0.0,28.0,0.0,2.0,0.050000000000000044,1.3436059355735779,1.337490487843752,0.020384834497235715
immediate_advantage_dqn,801,383,71.72278523743152,84.05547604963184,27.854889184236526,43.86789587438106,1.4612612137570977,15640.229839324951,0.0,20.0,0.0,2.0,0.050000000000000044,1.0557098910212517,1.0488246455788612,0.022950830636546016
immediate_advantage_dqn,801,384,87.38808014392853,84.4778602744639,29.743316531181335,57.64476401507854,1.5224587116390467,17149.50382232666,0.0,28.0,0.0,1.0,0.050000000000000044,1.0607844218611717,1.0548182614147663,0.019887154223397374
immediate_advantage_dqn,801,385,66.0466142833233,84.3595880420506,25.049789309501648,40.996825063228606,1.4015830177813768,14244.440696716309,0.0,21.0,0.0,1.0,0.050000000000000044,1.014669744297862,1.0087066758424044,0.019876854261383414
immediate_advantage_dqn,801,386,69.06444748044014,83.30091090708973,25.86425831913948,43.200189027190206,1.4098089067265391,14767.014682769775,0.0,20.0,0.0,2.0,0.050000000000000044,1.2955252062529325,1.2888181507587433,0.02235685079358518
immediate_advantage_dqn,801,387,74.06097776591778,83.03793610021474,25.934371799230576,48.12660529613495,1.4447009712457657,14856.241416931152,0.0,22.0,0.0,1.0,0.050000000000000044,1.2263921238481998,1.2208432778716087,0.018496149452403188
immediate_advantage_dqn,801,388,74.10150283575058,81.6719026016444,28.06764505803585,46.03385829925537,1.486325149424374,15945.32636642456,0.0,21.0,0.0,1.0,0.050000000000000044,1.1497676186263561,1.1441945787519217,0.01857680530520156
immediate_advantage_dqn,801,389,98.52233469635249,83.01873892351986,32.59809570014477,65.9242391973734,1.5641027614474297,18166.58399963379,0.0,30.0,0.0,1.0,0.050000000000000044,1.1822370244190097,1.1762971319258213,0.019799670786596835
immediate_advantage_dqn,801,390,93.05975468158722,83.49579659938814,29.979758352041245,63.07999670207501,1.5270154438912868,17034.13380050659,0.0,27.0,0.0,4.0,0.050000000000000044,1.2808716781437397,1.2752277292311192,0.018813174217939377
immediate_advantage_dqn,801,391,83.43220244348049,83.26219132736327,29.44844090938568,53.98376174271107,1.5211647907271981,16694.725814819336,0.0,26.0,0.0,0.0,0.050000000000000044,1.1702282531186938,1.163306662812829,0.023071995354257524
immediate_advantage_dqn,801,392,81.17883600443602,83.42227615870537,27.625265188515186,53.553570786118506,1.4555486384779215,15916.563285827637,0.0,26.0,0.0,1.0,0.050000000000000044,1.3360679522156715,1.3302894905209541,0.019261514011304826
immediate_advantage_dqn,801,393,77.13428715765477,82.63619505278767,27.19115859270096,49.943128982186316,1.462346731685102,15920.210807800293,0.0,24.0,0.0,1.0,0.050000000000000044,1.2701275190338492,1.2647373462095857,0.017967174819204956
immediate_advantage_dqn,801,394,86.2922337949276,83.45208001926542,29.42637223750353,56.86586171388626,1.5451072454452515,17033.689407348633,0.0,26.0,0.0,0.0,0.050000000000000044,1.444046724587679,1.4383962396532297,0.018834917340427637
immediate_advantage_dqn,801,395,87.92789942920209,83.15131147876384,30.204613834619522,57.723285192251204,1.5474870512261987,17178.422325134277,0.0,26.0,0.0,1.0,0.050000000000000044,1.5667080003768206,1.5616711704060435,0.016789409331977367
immediate_advantage_dqn,801,396,96.73151069283486,83.75222500525418,31.99796798080206,64.73354327082635,1.5960191236808896,18340.71762084961,0.0,28.0,0.0,1.0,0.050000000000000044,1.2560528628528118,1.2496154569089413,0.021458017639815807
immediate_advantage_dqn,801,397,83.8500031337142,83.53393946602941,29.354806892573833,54.49519633054733,1.5424103066325188,17398.577522277832,0.0,24.0,0.0,3.0,0.050000000000000044,1.1534560211002827,1.146732572466135,0.022411466576159
immediate_advantage_dqn,801,398,89.25114178657532,84.01274524644018,29.138842061161995,60.11229965090752,1.5079745715484023,16486.776321411133,0.0,28.0,0.0,2.0,0.050000000000000044,1.2297100611031055,1.2234184555709362,0.020972016325686127
immediate_advantage_dqn,801,399,96.94495699554682,83.80979420028628,31.899300575256348,65.04565626382828,1.5590807534754276,17905.465618133545,0.0,28.0,0.0,1.0,0.050000000000000044,1.0257253646850586,1.0205243090167642,0.01733683154452592
immediate_advantage_dqn,801,400,78.93772079795599,83.35629104450346,27.374147348105907,51.563573241233826,1.444780558347702,15610.858600616455,0.0,23.0,0.0,0.0,0.050000000000000044,0.9423152459785342,0.935473270714283,0.02280659636016935
immediate_advantage_dqn,801,401,68.45043710768223,82.72551961049439,26.77238178998232,41.67805568277836,1.4186369981616735,14860.496055603027,0.0,22.0,0.0,2.0,0.050000000000000044,1.2264861669391394,1.2202759627252817,0.02070066222222522
immediate_advantage_dqn,801,402,88.69753766059875,82.63976320646705,28.944783210754395,59.75275430083275,1.531467185355723,16865.705585479736,0.0,26.0,0.0,0.0,0.050000000000000044,1.1458398252725601,1.1409810185432434,0.016196015698369592
immediate_advantage_dqn,801,403,90.08022554367781,83.55763522177935,30.453334353864193,59.62689099609852,1.5257685370743275,17212.57220840454,0.0,27.0,0.0,1.0,0.050000000000000044,1.354455728083849,1.3492775112390518,0.017260738066397607
immediate_advantage_dqn,801,404,76.71941385567189,83.02420190736652,26.352916821837425,50.36649675071239,1.4612065386027098,15148.32479095459,0.0,24.0,0.0,2.0,0.050000000000000044,1.148934641852975,1.1436134986579418,0.01773706584936008
immediate_advantage_dqn,801,405,92.7986027598381,84.36180133119227,32.74217815697193,60.05642473697662,1.6249210573732853,19229.59380340576,0.0,26.0,0.0,1.0,0.050000000000000044,1.0472740475088358,1.0411542225629091,0.02039945137221366
immediate_advantage_dqn,801,406,90.99786281138658,85.45847209773959,29.788312010467052,61.2095511585474,1.5131847467273474,16892.227005004883,0.0,27.0,0.0,2.0,0.050000000000000044,1.3532587420195341,1.3473228830844164,0.019786256714724004
immediate_advantage_dqn,801,407,86.20887734889985,86.06586707688868,30.05885288119316,56.150024676322936,1.5229168450459838,17177.43952178955,0.0,27.0,0.0,1.0,0.050000000000000044,1.3065761215984821,1.3005234226584435,0.02017567807342857
immediate_advantage_dqn,801,408,71.05845255404711,85.9137145628035,28.328039325773716,42.73041279613972,1.4820992844179273,15889.201488494873,0.0,22.0,0.0,1.0,0.050000000000000044,1.2273185504600406,1.2216698760166764,0.018828907748684287
immediate_advantage_dqn,801,409,72.73883146345615,84.6245394011587,26.49531450122595,46.243517237901685,1.47112787514925,15819.69755935669,0.0,22.0,0.0,3.0,0.050000000000000044,1.2775258235633373,1.2712327875196934,0.020976767991669476
immediate_advantage_dqn,801,410,80.85091125369073,84.01409722976388,27.265915751457214,53.58499568104744,1.4720706287771463,15799.78995513916,0.0,25.0,0.0,1.0,0.050000000000000044,1.1193963550031185,1.1133657954633236,0.020101873960811645
immediate_advantage_dqn,801,411,83.7133892863989,84.0281565719098,28.80990032106638,54.90348879396915,1.4783566249534488,16042.041900634766,0.0,25.0,0.0,1.0,0.050000000000000044,1.293297866359353,1.2866167966276407,0.022270240529906005
immediate_advantage_dqn,801,412,79.70950275808573,83.95468990959229,28.09212014824152,51.617382833361624,1.5036187656223774,16430.721828460693,0.0,24.0,0.0,1.0,0.050000000000000044,1.297510039061308,1.293078426271677,0.014772034832276404
immediate_advantage_dqn,801,413,81.51763508617879,84.1738573060185,28.782756850123405,52.73487793803215,1.5052138352766633,16740.23974609375,0.0,25.0,0.0,1.0,0.050000000000000044,1.0687729436904192,1.0634402884170413,0.01777553732972592
immediate_advantage_dqn,801,414,87.05685333907604,84.21208828322591,28.941896870732307,58.1149565577507,1.532843162305653,16907.001670837402,0.0,26.0,0.0,0.0,0.050000000000000044,0.9039576686918736,0.8983333725482225,0.018747635709587485
immediate_advantage_dqn,801,415,64.02269200533628,83.01682791203262,24.76397819072008,39.25871393382549,1.3790369546040893,14166.222560882568,0.0,20.0,0.0,2.0,0.050000000000000044,1.0650414116680622,1.0591510608792305,0.01963453716598451
immediate_advantage_dqn,801,416,84.48610807955265,82.4045577813685,28.43018914759159,56.05591821670532,1.480121549218893,16287.72268295288,0.0,27.0,0.0,0.0,0.050000000000000044,1.1388541162014008,1.1334890136495233,0.01788365503307432
immediate_advantage_dqn,801,417,67.60521923154593,81.59231858626009,25.575698770582676,42.02952008843422,1.3918315060436726,14399.936862945557,0.0,22.0,0.0,1.0,0.050000000000000044,0.9882346661761403,0.9834403581917286,0.01598101231502369
immediate_advantage_dqn,801,418,95.69005513191223,81.91426425352694,31.59016688913107,64.09988847374916,1.5903336266055703,18322.18522644043,0.0,28.0,0.0,0.0,0.050000000000000044,1.0176253281533718,1.0114561673253775,0.020563871366903186
immediate_advantage_dqn,801,419,75.77173074483872,80.85560294099153,29.597699478268623,46.17403149008751,1.5079059237614274,16905.08773612976,0.0,23.0,0.0,1.0,0.050000000000000044,1.0240969471633434,1.017602525651455,0.021648057620041072
immediate_advantage_dqn,801,420,80.26534173041583,80.92198398761454,28.13029209524393,52.135049217939375,1.482080178335309,16224.413146972656,0.0,24.0,0.0,2.0,0.050000000000000044,1.2485213242471218,1.243509778752923,0.01670521026244387
immediate_advantage_dqn,801,421,97.77401649951935,82.38816295720639,31.56529290229082,66.2087237238884,1.5708068469539285,18098.752395629883,0.0,29.0,0.0,0.0,0.050000000000000044,1.1828254703432322,1.1776990443468094,0.017088068823795766
immediate_advantage_dqn,801,422,75.68930158019066,81.73775115318597,27.160362370312214,48.52893900871277,1.4560533305630088,15371.92847442627,0.0,25.0,0.0,0.0,0.050000000000000044,1.3831092938780785,1.3774197474122047,0.01896509906509891
immediate_advantage_dqn,801,423,75.10012991130353,80.98874637156726,28.367632396519184,46.7324975669384,1.509949660860002,16223.156604766846,0.0,23.0,0.0,2.0,0.050000000000000044,1.206269078887999,1.198915676213801,0.02451135648880154
immediate_advantage_dqn,801,424,80.2906610891223,81.16730873323978,29.491665847599506,50.79899504780769,1.5104414205998182,16512.16104888916,0.0,24.0,0.0,0.0,0.050000000000000044,1.430561663582921,1.424891261383891,0.01890129072126001
immediate_advantage_dqn,801,425,94.61175700426102,81.25796644546094,31.252995669841766,63.358761155605315,1.5798614118248224,17949.8589553833,0.0,29.0,0.0,2.0,0.050000000000000044,1.0495503041893244,1.043449329212308,0.020336544723249972
immediate_advantage_dqn,801,426,88.42392962425947,81.12926978610457,30.609315626323223,57.81461450457573,1.5443516271188855,17278.311065673828,0.0,26.0,0.0,1.0,0.050000000000000044,1.2856504172086716,1.2792771197855473,0.02124436345184222
immediate_advantage_dqn,801,427,67.49940034896136,80.19379593610765,25.410387106239796,42.08901367485523,1.3990576714277267,14480.317539215088,0.0,21.0,0.0,1.0,0.050000000000000044,1.0412399768829346,1.0355941858142614,0.01881928340299055
immediate_advantage_dqn,801,428,82.5360471457243,80.7676756656915,29.26550140976906,53.27054551243782,1.5004846882075071,16495.668327331543,0.0,25.0,0.0,1.0,0.050000000000000044,1.4680993109941483,1.461023785173893,0.023585068178363144
immediate_advantage_dqn,801,429,60.0024828761816,80.13085823632778,24.333798214793205,35.66868440806866,1.3707084218040109,14004.399040222168,0.0,19.0,0.0,0.0,0.050000000000000044,1.3647321183234453,1.3599934037774801,0.015795681159943342
immediate_advantage_dqn,801,430,99.91563540101052,81.08409444369377,34.419577822089195,65.49605714678765,1.6485965410247445,19558.546283721924,0.0,28.0,0.0,2.0,0.050000000000000044,1.2825544700026512,1.2771997824311256,0.01784892549039796
immediate_advantage_dqn,801,431,82.52647979557514,81.02474896915257,29.028925508260727,53.497554153203964,1.4986136723309755,16514.374221801758,0.0,24.0,0.0,2.0,0.050000000000000044,1.1571816382929683,1.1512975813820958,0.019613510987255722
immediate_advantage_dqn,801,432,95.17234933376312,81.79789129793645,32.183214753866196,62.989134564995766,1.616599471308291,18856.489864349365,0.0,27.0,0.0,0.0,0.050000000000000044,1.1241158973425627,1.1192421521991491,0.01624582667136565
immediate_advantage_dqn,801,433,79.43322072327138,81.69367057979107,28.529541566967964,50.90367839634418,1.5054014874622226,16684.286239624023,0.0,25.0,0.0,3.0,0.050000000000000044,1.377359626814723,1.3716776482760906,0.01893988368101418
immediate_advantage_dqn,801,434,81.52863798439503,81.41725981205703,28.481706961989403,53.04693069458008,1.484773182310164,16151.414112091064,0.0,26.0,0.0,2.0,0.050000000000000044,1.119073947891593,1.1135553047060966,0.018395462655462325
immediate_advantage_dqn,801,435,92.25085083544255,82.82866775356236,29.851450227200985,62.39940031766891,1.5391531893983483,17323.00414276123,0.0,28.0,0.0,1.0,0.050000000000000044,0.998851546086371,0.9921052604913712,0.022487578098662198
immediate_advantage_dqn,801,436,71.10661158114672,82.15969292864204,26.283832013607025,44.822779366374014,1.442553267814219,15224.201301574707,0.0,21.0,0.0,1.0,0.050000000000000044,1.2564256321638823,1.252054000273347,0.014572085929103196
immediate_advantage_dqn,801,437,62.198819860816,81.88937296010556,26.058869808912277,36.1399500221014,1.3960803654044867,14547.755512237549,0.0,18.0,0.0,1.0,0.050000000000000044,1.1528393384069204,1.1477386448532343,0.01700229843845591
immediate_advantage_dqn,801,438,78.41368255764246,81.02555433139206,28.310740552842617,50.10294218361378,1.5086461082100868,16391.061920166016,0.0,24.0,0.0,0.0,0.050000000000000044,1.2276148963719606,1.2211032900959253,0.021705388615373522
immediate_advantage_dqn,801,439,77.59952802211046,81.11694419525564,26.377522692084312,51.22200566530228,1.4622730473056436,15385.876707077026,0.0,23.0,0.0,0.0,0.050000000000000044,1.3429732900112867,1.3367951214313507,0.02059392078081146
immediate_advantage_dqn,801,440,94.81130241602659,81.84424222953618,31.354389287531376,63.456912487745285,1.6118047311902046,18411.60877609253,0.0,28.0,0.0,1.0,0.050000000000000044,1.1740153767168522,1.168982233852148,0.016777159529738128
immediate_advantage_dqn,801,441,75.47366686463356,80.72922474779189,26.363346479833126,49.11032074987888,1.4143307264894247,15327.399715423584,0.0,24.0,0.0,3.0,0.050000000000000044,1.0562118962407112,1.0507115591317415,0.01833442848874256
immediate_advantage_dqn,801,442,82.98790893703699,81.09415511563421,28.934903107583523,54.05300585925579,1.511941283941269,16434.58921432495,0.0,24.0,0.0,0.0,0.050000000000000044,1.0536808399483562,1.0480712745338678,0.0186985086183995
immediate_advantage_dqn,801,443,69.61715927124024,80.82000658363104,27.060666874051094,42.556492471694945,1.442832350730896,15432.199083328247,0.0,21.0,0.0,1.0,0.050000000000000044,1.1881236396729946,1.182411888614297,0.019039193459320813
immediate_advantage_dqn,801,444,74.4081004947424,80.52587855391207,28.045398622751236,46.36270227432251,1.4635699363425374,15513.229412078857,0.0,23.0,0.0,1.0,0.050000000000000044,1.2362624136731029,1.2298634899780154,0.021329742448870093
immediate_advantage_dqn,801,445,67.98260424435139,79.19442091591657,27.768700435757637,40.21390395760536,1.4453272130340338,15613.657718658447,0.0,19.0,0.0,1.0,0.050000000000000044,0.9679426783695817,0.9622864779084921,0.018853983259759843
immediate_advantage_dqn,801,446,77.7536589384079,78.660907381624,28.643427580595016,49.1102316558361,1.472906363196671,16472.89053916931,0.0,23.0,0.0,2.0,0.050000000000000044,1.1607286725193262,1.154668401926756,0.020200901839416474
immediate_advantage_dqn,801,447,68.04374177008867,78.68812445268036,26.87938890606165,41.16435253620148,1.4269250873476267,14882.276985168457,0.0,21.0,0.0,1.0,0.050000000000000044,1.3758200164884329,1.370350006967783,0.01823338627582416
immediate_advantage_dqn,801,448,84.85793702453375,78.80421894662082,30.163101248443127,54.69483510553837,1.5295837549492717,16817.2462310791,0.0,24.0,0.0,3.0,0.050000000000000044,1.325266083702445,1.3183208610862494,0.023150733206421137
immediate_advantage_dqn,801,449,83.18766970932484,79.96347828827798,29.636446952819824,53.551222547888756,1.5188876390457153,16390.813438415527,0.0,24.0,0.0,2.0,0.050000000000000044,1.0588004346936941,1.0530006662011147,0.01933256129268557
immediate_advantage_dqn,801,450,98.87699714303017,79.91154637537898,32.21199478209019,66.6650023162365,1.595099801197648,18492.24160385132,0.0,28.0,0.0,0.0,0.050000000000000044,1.1595740430057049,1.154238902963698,0.017783800954930484
immediate_advantage_dqn,801,451,65.40640127211809,79.05554244920611,26.427522487938404,38.97887869477272,1.4213706897571683,14637.15418434143,0.0,21.0,0.0,2.0,0.050000000000000044,1.2176364604383707,1.209210155531764,0.02808762318454683
immediate_advantage_dqn,801,452,84.23341014385224,78.50859548971059,29.735076799988747,54.49833329916,1.5404733829200268,17168.127292633057,0.0,26.0,0.0,3.0,0.050000000000000044,1.3882503062486649,1.3826792910695076,0.01857003365876153
immediate_advantage_dqn,801,453,88.57462718486786,78.9656658127904,28.740061409771442,59.83456554412842,1.5304125612601638,16967.43302345276,0.0,29.0,0.0,2.0,0.050000000000000044,1.2801323514431715,1.2747236108407378,0.018029156140983105
immediate_advantage_dqn,801,454,84.32926997393369,79.10569741226733,30.528870314359665,53.80039989054203,1.552250943146646,17547.6949634552,0.0,24.0,0.0,4.0,0.050000000000000044,1.0769557561725378,1.0699399895966053,0.0233858855208382
immediate_advantage_dqn,801,455,78.34669584780931,78.41048966288568,30.438788272440434,47.90790677070618,1.5265582222491503,17337.504457473755,0.0,23.0,0.0,0.0,0.050000000000000044,1.2917901389300823,1.2854846306145191,0.021018365921918303
immediate_advantage_dqn,801,456,83.25630072951317,79.01797412030399,26.575142689049244,56.68115809261799,1.447507387958467,15501.847087860107,0.0,28.0,0.0,3.0,0.050000000000000044,1.1448316052556038,1.1391153149306774,0.01905434048967436
immediate_advantage_dqn,801,457,81.9183721408248,80.00395173430442,29.865695171058178,52.05267640352249,1.5195583365857601,17107.88687133789,0.0,24.0,0.0,3.0,0.050000000000000044,1.3536191005259752,1.347334599122405,0.020948325807694346
immediate_advantage_dqn,801,458,83.21078673005104,80.24380694292486,28.883614003658295,54.32717253267765,1.505223280750215,16714.51469039917,0.0,25.0,0.0,0.0,0.050000000000000044,1.0478257238864899,1.0402432773262262,0.02527476183604449
immediate_advantage_dqn,801,459,88.84817308336497,80.8062391959876,30.719527192413807,58.12864571213722,1.5414793714880943,17525.961791992188,0.0,27.0,0.0,2.0,0.050000000000000044,1.4424258964136243,1.436788659542799,0.018790811474900693
immediate_advantage_dqn,801,460,89.50582923740149,80.54096553705634,29.405396044254303,60.10043287277222,1.5042714588344097,16513.09313774109,0.0,27.0,0.0,2.0,0.050000000000000044,1.1937352530658245,1.1883626654744148,0.01790861366316676
immediate_advantage_dqn,801,461,78.48834954351187,80.69169967100024,27.148968905210495,51.339380452036856,1.4612316777929664,15498.952781677246,0.0,22.0,0.0,1.0,0.050000000000000044,1.0231670513749123,1.0173435248434544,0.019411717483308166
immediate_advantage_dqn,801,462,94.33862961530686,81.25923570491375,30.588750660419464,63.74987913370133,1.5488019846379757,17681.829956054688,0.0,27.0,0.0,3.0,0.050000000000000044,1.2519565559923649,1.2454053722321987,0.021837305335793644
immediate_advantage_dqn,801,463,79.59091798961163,81.75792364083232,29.265370845794678,50.325547248125076,1.5070818280801177,16400.997287750244,0.0,23.0,0.0,2.0,0.050000000000000044,1.1146990563720465,1.1082272063940763,0.021572839585132897
immediate_advantage_dqn,801,464,87.87317632138729,82.43117743216456,31.817064464092255,56.05611152946949,1.5758613320067525,18057.296672821045,0.0,26.0,0.0,0.0,0.050000000000000044,0.9880959428846836,0.9831746835261583,0.01640421594493091
immediate_advantage_dqn,801,465,85.32352790981531,83.29822361543776,28.226937226951122,57.096590638160706,1.5225165896117687,16557.93578338623,0.0,25.0,0.0,1.0,0.050000000000000044,1.2315661441534758,1.226380579173565,0.017285249021369964
immediate_advantage_dqn,801,466,94.65468666255474,84.1432750016451,31.567445054650307,63.08724120557308,1.580168860964477,18244.80023956299,0.0,29.0,0.0,3.0,0.050000000000000044,1.4031348442658782,1.397345980629325,0.01929624634794891
immediate_advantage_dqn,801,467,74.58089656531811,84.47013274140656,27.840085938572884,46.74081068634987,1.5025669280439615,16213.804786682129,0.0,22.0,0.0,1.0,0.050000000000000044,1.1792715024203062,1.1742281652987003,0.016811143257655203
immediate_advantage_dqn,801,468,93.6332356929779,84.90889767482876,32.12877643853426,61.50445917248726,1.557644504122436,18140.090759277344,0.0,28.0,0.0,1.0,0.050000000000000044,1.1510784104466438,1.1461417097598314,0.016455708246212453
immediate_advantage_dqn,801,469,75.84745349138976,84.54188686393204,27.150974072515965,48.69647946357727,1.4833058519288898,15794.108367919922,0.0,22.0,0.0,2.0,0.050000000000000044,1.2141931019723415,1.2079650331288576,0.02076021651737392
immediate_advantage_dqn,801,470,70.63978540450334,83.13002627700568,26.14228232949972,44.49750307500362,1.4523905767127872,15384.843524932861,0.0,22.0,0.0,2.0,0.050000000000000044,1.1067377012223005,1.1020463835448027,0.01563771942164749
immediate_advantage_dqn,801,471,68.90229496359825,83.30482096157968,25.814792454242706,43.08750303089619,1.4170071966946125,14733.95397567749,0.0,21.0,0.0,0.0,0.050000000000000044,0.9174715504050255,0.911245908588171,0.02075215900549665
immediate_advantage_dqn,801,472,87.646882969141,83.47549460284412,30.689286410808563,56.957596126198766,1.5755548682063818,17605.35214614868,0.0,25.0,0.0,3.0,0.050000000000000044,1.2984672393649817,1.293734297156334,0.01577649568207562
immediate_advantage_dqn,801,473,64.62565400451422,82.27804594382644,25.197950057685375,39.427704423666,1.4093629075214267,14445.999153137207,0.0,19.0,0.0,0.0,0.050000000000000044,1.0561846178025007,1.0512390872463584,0.0164850652217865
immediate_advantage_dqn,801,474,55.65972463041544,80.84456867665052,24.552494674921036,31.107229202985764,1.361771241761744,13755.89665222168,0.0,17.0,0.0,0.0,0.050000000000000044,1.341246634721756,1.3346611112356186,0.02195172430947423
immediate_advantage_dqn,801,475,79.68992981314659,80.91173037491738,28.081065893173218,51.60886397957802,1.5032357005402446,16393.58614730835,0.0,24.0,0.0,0.0,0.050000000000000044,1.003334280103445,0.9988082908093929,0.015086619416251779
immediate_advantage_dqn,801,476,93.23768421411515,81.41079954914748,32.529440104961395,60.70824387073517,1.6194162406027317,19126.752532958984,0.0,28.0,0.0,2.0,0.050000000000000044,1.1058668978512287,1.1005472112447023,0.01773227984085679
immediate_advantage_dqn,801,477,74.57202591896058,81.04348223805428,28.51133930683136,46.06068637371063,1.4802920073270798,16240.118129730225,0.0,23.0,0.0,2.0,0.050000000000000044,1.0648579057306051,1.059206174686551,0.018839073949493468
immediate_advantage_dqn,801,478,85.01185224354268,81.13353551372887,31.474551625549793,53.53730025291443,1.5476298797875643,18083.423461914062,0.0,25.0,0.0,1.0,0.050000000000000044,1.4569262340664864,1.4520284086465836,0.01632605551276356
immediate_advantage_dqn,801,479,90.534422339499,81.21784797653558,31.657711505889893,58.87671028971672,1.602241687476635,18311.16000366211,0.0,26.0,0.0,1.0,0.050000000000000044,1.2166800666600466,1.2107277493923903,0.019841047702357173
immediate_advantage_dqn,801,480,96.4545221567154,81.56528262250127,31.557852685451508,64.89666896462441,1.5456714881584048,17790.44884109497,0.0,30.0,0.0,1.0,0.050000000000000044,1.2936186511069536,1.2888769824057817,0.01580555539112538
immediate_advantage_dqn,801,481,85.61591120362282,81.92166070550681,30.72578164935112,54.890130046010015,1.5786839872598648,18202.033727645874,0.0,25.0,0.0,3.0,0.050000000000000044,1.008458536118269,1.0039821472018957,0.014921342837624252
immediate_advantage_dqn,801,482,84.3753239452839,81.42349542200567,29.08066140860319,55.29466278254986,1.4954684907570481,16472.100019454956,0.0,25.0,0.0,2.0,0.050000000000000044,1.1831259429454803,1.1769748125225306,0.020503821317106485
immediate_advantage_dqn,801,483,83.4926026687026,81.61857965596022,27.942085586488247,55.550517201423645,1.4761889157816768,15622.744228363037,0.0,26.0,0.0,0.0,0.050000000000000044,1.3072154559195042,1.3017079029232264,0.018358488916419446
immediate_advantage_dqn,801,484,60.83465738892555,80.26665370933712,25.088970810174942,35.745686295628545,1.394620486535132,14542.821132659912,0.0,20.0,0.0,2.0,0.050000000000000044,1.2169218230992556,1.2111993562430143,0.019074919051490724
immediate_advantage_dqn,801,485,77.37026273459196,79.86899045057595,29.115325912833214,48.254936918616295,1.479981830343604,16360.744052886963,0.0,24.0,0.0,1.0,0.050000000000000044,1.351554412394762,1.3462312016636133,0.01774402556475252
immediate_advantage_dqn,801,486,81.48857665210963,79.21068495005369,27.757183574140072,53.73139298856258,1.512082721106708,16587.461502075195,0.0,25.0,0.0,1.0,0.050000000000000044,1.0541091449558735,1.049091974273324,0.016723900742363185
immediate_advantage_dqn,801,487,75.9086769387126,79.27707396872343,27.954686366021633,47.953990483283995,1.524063996039331,16488.969539642334,0.0,22.0,0.0,1.0,0.050000000000000044,1.3916831947863102,1.3864400424063206,0.01747713837539777
immediate_advantage_dqn,801,488,88.85964889079332,79.0383946286142,29.022161900997162,59.837486922740936,1.5292922472581267,16857.88087081909,0.0,25.0,0.0,0.0,0.050000000000000044,1.1306143812835217,1.1243519689887762,0.020874677575193346
immediate_advantage_dqn,801,489,92.81244971603155,79.88664443984628,32.97456016391516,59.837889820337296,1.616624497808516,18792.458797454834,0.0,26.0,0.0,1.0,0.050000000000000044,1.365426491945982,1.3610573895275593,0.014563657634425908
immediate_advantage_dqn,801,490,83.2582926094532,80.5175698000938,29.82681392133236,53.43147855401039,1.4810464307665825,16504.852088928223,0.0,25.0,0.0,2.0,0.050000000000000044,1.1785347051918507,1.17281823605299,0.01905490248464048
immediate_advantage_dqn,801,491,82.48124630749226,81.19651736728846,27.98394140601158,54.49730488657951,1.4720987677574158,15786.536827087402,0.0,26.0,0.0,1.0,0.050000000000000044,1.1745171323418617,1.1696134954690933,0.016345385753083974
immediate_advantage_dqn,801,492,98.06250559687615,81.71729849867525,34.145012855529785,63.91749290525913,1.6461848495528102,19602.713665008545,0.0,27.0,0.0,2.0,0.050000000000000044,1.4344955999404192,1.4299825988709927,0.015043355349916965
immediate_advantage_dqn,801,493,84.78211040049791,82.72512131847444,28.606326028704643,56.1757842451334,1.5071736769750714,16392.014671325684,0.0,25.0,0.0,1.0,0.050000000000000044,1.4663280826061964,1.4601348750293255,0.020644055271986872
immediate_advantage_dqn,801,494,77.78334216028452,83.83130219496789,27.49059458076954,50.29274728894234,1.4602148262783885,15889.148174285889,0.0,23.0,0.0,0.0,0.050000000000000044,1.255037970840931,1.2496338598430157,0.01801367016742006
immediate_advantage_dqn,801,495,71.47706746459008,83.42065907754005,25.915799640119076,45.56126877069473,1.4113041907548904,15035.649848937988,0.0,21.0,0.0,1.0,0.050000000000000044,1.0521111357957125,1.047956796362996,0.013847794907633215
immediate_advantage_dqn,801,496,76.23206872493029,82.5703783030808,27.739378578960896,48.49269062280655,1.4584767650812864,15839.692237854004,0.0,24.0,0.0,3.0,0.050000000000000044,1.1536788437515497,1.1483654472976923,0.017711313092149794
immediate_advantage_dqn,801,497,59.29062760025263,81.80630838714542,23.544696621596813,35.74593072533607,1.3576781582087278,13665.105453491211,0.0,20.0,0.0,2.0,0.050000000000000044,1.2783403620123863,1.2740753889083862,0.014216540439520031
immediate_advantage_dqn,801,498,83.85174318403006,81.74830293416979,29.86243060976267,53.98931263387203,1.5232043098658323,16950.68748474121,0.0,26.0,0.0,1.0,0.050000000000000044,1.0347467362880707,1.0297988429665565,0.016492934897542
immediate_advantage_dqn,801,499,81.65706441700459,81.30443503804506,27.987588047981262,53.66947647333145,1.5085375653579831,16520.60195159912,0.0,24.0,0.0,2.0,0.050000000000000044,1.1716304831206799,1.166142102330923,0.01829461578745395
immediate_advantage_dqn,801,500,83.27378717958928,80.64539828918876,28.914720222353935,54.35906676352024,1.5152194472029805,16731.34669113159,0.0,25.0,0.0,1.0,0.050000000000000044,1.1411567758768797,1.1370093617588282,0.013824720401316881
immediate_advantage_dqn,801,501,86.68238778412342,80.69872211821378,30.08200938999653,56.60037890076637,1.5301067512482405,17148.526512145996,0.0,26.0,0.0,0.0,0.050000000000000044,1.1032869322225451,1.0990469427779317,0.014133280201349407
immediate_advantage_dqn,801,502,94.32032579183578,81.19597221054137,31.47374865412712,62.84657733142376,1.5830928729847074,18443.569591522217,0.0,29.0,0.0,0.0,0.050000000000000044,1.2784860283136368,1.2732520550489426,0.01744657609378919
immediate_advantage_dqn,801,503,82.20343571901321,81.13151386305691,28.22717010974884,53.976264983415604,1.4895010609179735,16210.09528541565,0.0,25.0,0.0,1.0,0.050000000000000044,1.2578718401491642,1.252872858196497,0.01666329929139465
immediate_advantage_dqn,801,504,82.10151716321707,82.19485685177148,29.06641050428152,53.03510709106922,1.5062444992363453,16648.260913848877,0.0,26.0,0.0,1.0,0.050000000000000044,1.276245890185237,1.2725675776600838,0.012261026655323803
immediate_advantage_dqn,801,505,66.53446102291346,81.65306676618755,26.11331631988287,40.42114461362362,1.3814357705414295,14528.11674118042,0.0,19.0,0.0,1.0,0.050000000000000044,1.2264448441565037,1.220632553100586,0.01937432581325993
immediate_advantage_dqn,801,506,80.5209453418851,81.60468520067634,29.90607286989689,50.61487247943878,1.5237551406025887,17589.106872558594,0.0,23.0,0.0,3.0,0.050000000000000044,1.0465644346550107,1.041525548323989,0.016796313284430653
immediate_advantage_dqn,801,507,87.70377984642982,82.1944403460622,31.28757007420063,56.41620999574661,1.5728064198046923,18125.700157165527,0.0,24.0,0.0,0.0,0.050000000000000044,1.4847016707062721,1.4792397990822792,0.018206251203082502
immediate_advantage_dqn,801,508,83.13869352638721,81.9083925778419,28.939031213521957,54.19966244697571,1.5396114261820912,17063.59794998169,0.0,24.0,0.0,1.0,0.050000000000000044,0.8019683109596372,0.7974480455741286,0.015067587548401207
immediate_advantage_dqn,801,509,81.1000290632248,81.32277154520156,29.452160358428955,51.647869375348094,1.513940186239779,16722.67008972168,0.0,23.0,0.0,3.0,0.050000000000000044,1.1077215746045113,1.1033130511641502,0.014695067598950118
immediate_advantage_dqn,801,510,84.15638248622417,81.3676760390401,28.701808646321297,55.45457400381565,1.5234265811741352,16882.503635406494,0.0,27.0,0.0,1.0,0.050000000000000044,1.0646200776100159,1.0590953584760427,0.018415749771520495
immediate_advantage_dqn,801,511,68.75765091329814,80.6814962693304,26.577679559588432,42.17997173368931,1.4512941045686603,15846.152732849121,0.0,20.0,0.0,1.0,0.050000000000000044,0.7984309941530228,0.7937834672629833,0.015491750906221569
immediate_advantage_dqn,801,512,76.20378572642804,79.58856027580799,29.677493885159492,46.52629225850105,1.5164818810299039,17028.71762084961,0.0,21.0,0.0,1.0,0.050000000000000044,1.0512918839231133,1.0463743852451444,0.01639167236862704
immediate_advantage_dqn,801,513,84.62978388518096,79.58094395004215,29.517569713294506,55.11221378445625,1.4956774720922112,16601.495124816895,0.0,25.0,0.0,1.0,0.050000000000000044,1.0586223928257823,1.0542061161249876,0.014720900740940124
immediate_advantage_dqn,801,514,69.87286257892848,79.18541997097434,26.354156143963337,43.51870631575584,1.4525405168533325,15410.276233673096,0.0,22.0,0.0,1.0,0.050000000000000044,1.052336610853672,1.0478364331647754,0.015000616549514234
immediate_advantage_dqn,801,515,75.50381765663624,79.38675748057665,26.923566967248917,48.580250763893126,1.4672181950882077,15887.280109405518,0.0,23.0,0.0,1.0,0.050000000000000044,1.3290536347776651,1.3246066272258759,0.014823373116087168
immediate_advantage_dqn,801,516,72.06519651561976,79.17841387011113,26.83181270211935,45.23338391780853,1.4256200715899467,15058.31294631958,0.0,21.0,0.0,1.0,0.050000000000000044,1.2550337351858616,1.248472921550274,0.021869363030418754
immediate_advantage_dqn,801,517,87.20084983855486,80.57392498202623,30.514263212680817,56.6865866035223,1.5538774654269218,17330.11026763916,0.0,27.0,0.0,0.0,0.050000000000000044,1.0104943104088306,1.0052507240325212,0.017478586873039603
immediate_advantage_dqn,801,518,69.47502265125513,79.85508895538749,25.995937578380108,43.47908544540405,1.4360571559518576,15163.738899230957,0.0,23.0,0.0,2.0,0.050000000000000044,1.0918507725000381,1.086945302784443,0.016351566067896783
immediate_advantage_dqn,801,519,69.57825473099948,79.25114847108723,26.90027181059122,42.67798244357109,1.461733428761363,15312.903274536133,0.0,21.0,0.0,2.0,0.050000000000000044,1.0194197930395603,1.013965681195259,0.01818036293843761
immediate_advantage_dqn,801,520,78.64209369570017,79.01956379689277,29.175863310694695,49.466230154037476,1.4873185977339745,16549.454341888428,0.0,24.0,0.0,1.0,0.050000000000000044,1.0999083407223225,1.0957606360316277,0.013825678324792534
immediate_advantage_dqn,801,521,71.10650111138821,78.24076946325602,25.099903769791126,46.00659788548946,1.3953605126589537,14027.06481552124,0.0,23.0,0.0,1.0,0.050000000000000044,1.178399147465825,1.1727513372898102,0.01882606599247083
immediate_advantage_dqn,801,522,73.07835753262043,77.17867105029525,26.366769939661026,46.71158781647682,1.4410489471629262,15343.913534164429,0.0,24.0,0.0,0.0,0.050000000000000044,1.1084576826542616,1.103313397616148,0.017147594917332754
immediate_advantage_dqn,801,523,73.23963665366173,76.73048109702768,26.94344139099121,46.29619505405426,1.477332922630012,15759.986511230469,0.0,23.0,0.0,3.0,0.050000000000000044,1.3190949726849794,1.3133001420646906,0.0193161268834956
immediate_advantage_dqn,801,524,80.45232152938843,76.64802131533625,28.50482002645731,51.94750143587589,1.4901780607178807,16051.478672027588,0.0,25.0,0.0,0.0,0.050000000000000044,1.1309581771492958,1.125039840117097,0.01972783444216475
immediate_advantage_dqn,801,525,66.56349800527096,76.64947316445412,25.02612318843603,41.53737512230873,1.4029771070927382,14207.542652130127,0.0,20.0,0.0,0.0,0.050000000000000044,1.0155390538275242,1.011764409020543,0.012582144292537123
immediate_advantage_dqn,801,526,95.6709964454174,77.40697571963072,32.660219237208366,63.01077673137188,1.6066701002418995,18871.467580795288,0.0,28.0,0.0,3.0,0.050000000000000044,1.1751454137265682,1.170137481763959,0.01669312105514109
immediate_advantage_dqn,801,527,78.78355476260185,76.96096446543933,26.154245376586914,52.62930938601494,1.4377215346321464,14781.94995880127,0.0,24.0,0.0,0.0,0.050000000000000044,1.314221803098917,1.3090112432837486,0.017368430038914084
immediate_advantage_dqn,801,528,65.67667582035065,76.08786358013751,26.067287296056747,39.60938894152641,1.4780376451089978,15522.396619796753,0.0,20.0,0.0,1.0,0.050000000000000044,1.38575822673738,1.3813259210437536,0.014774305978789926
immediate_advantage_dqn,801,529,98.0065248310566,76.93318836852907,32.262001141905785,65.74452310800552,1.58348208386451,18355.95802307129,0.0,28.0,0.0,1.0,0.050000000000000044,1.1139803528785706,1.1100659240037203,0.013048073626123369
immediate_advantage_dqn,801,530,75.38127753138542,76.49443312078715,26.964294895529747,48.416982769966125,1.4525991454720497,15493.92115020752,0.0,23.0,0.0,1.0,0.050000000000000044,1.456151930615306,1.452073097229004,0.01359613478416577
immediate_advantage_dqn,801,531,75.2640531077981,76.81975323051215,27.52235859632492,47.74169476479292,1.4784214859828353,15788.03203201294,0.0,23.0,0.0,1.0,0.050000000000000044,0.9623216483741999,0.9577611815184355,0.01520156575134024
immediate_advantage_dqn,801,532,95.79360129982233,77.79924400918186,31.471033692359924,64.32256725728512,1.598471263423562,18070.9229927063,0.0,29.0,0.0,2.0,0.050000000000000044,1.3646337371319532,1.36042614094913,0.01402525306912139
immediate_advantage_dqn,801,533,89.33985452651977,78.03474754124879,29.794745571911335,59.54510939419269,1.5258673457428813,16818.053058624268,0.0,26.0,0.0,3.0,0.050000000000000044,1.2289040461182594,1.2238411977887154,0.016876163484994322
immediate_advantage_dqn,801,534,80.19743314534426,78.5509760695696,27.393006719648838,52.80442644059658,1.4908174639567733,15975.818061828613,0.0,24.0,0.0,2.0,0.050000000000000044,1.1799330236390233,1.1748360954225063,0.016989750554785132
immediate_advantage_dqn,801,535,88.29875407367945,79.19072289042175,31.97851973026991,56.3202340900898,1.5736297629773617,18605.756900787354,0.0,26.0,0.0,0.0,0.050000000000000044,1.3945056078955531,1.3898439966142178,0.015538736304733902
immediate_advantage_dqn,801,536,76.71627955883741,79.42327704258263,28.833697341382504,47.88258197903633,1.4986510695889592,16403.581386566162,0.0,22.0,0.0,1.0,0.050000000000000044,1.3360460065305233,1.3314849771559238,0.015203402552288026
immediate_advantage_dqn,801,537,66.19100432097912,78.37278476670386,25.47002285718918,40.72098182141781,1.401629758067429,14429.173610687256,0.0,23.0,0.0,0.0,0.050000000000000044,1.4779655374586582,1.473303560167551,0.015539915766566992
immediate_advantage_dqn,801,538,81.19070176929236,78.95856872260572,28.59136349707842,52.599338644742964,1.4849000973626971,16351.51773071289,0.0,25.0,0.0,1.0,0.050000000000000044,0.9514258746057749,0.9461398888379335,0.01761999208247289
immediate_advantage_dqn,801,539,86.9745062828064,79.82838130019607,29.29916776716709,57.67533826231956,1.5448737516999245,16673.32520866394,0.0,26.0,0.0,3.0,0.050000000000000044,1.0750278066843748,1.0704025737941265,0.015417444636113942
immediate_advantage_dqn,801,540,77.56741783171893,79.77464750699701,26.238458275794983,51.32895945906639,1.454906859435141,15202.48542022705,0.0,24.0,0.0,1.0,0.050000000000000044,1.4062444074079394,1.4014957016333938,0.015829008421860635
immediate_advantage_dqn,801,541,96.02348985671998,81.0204969442636,32.06962559372187,63.95386471748352,1.580097765661776,18141.371208190918,0.0,28.0,0.0,1.0,0.050000000000000044,1.3152929823845625,1.3097810130566359,0.01837323751533404
immediate_advantage_dqn,801,542,72.37459930330515,80.98530903279783,27.707731790840626,44.66686779558658,1.4544253498315811,15403.747806549072,0.0,20.0,0.0,2.0,0.050000000000000044,0.8437682194635272,0.8371763890609145,0.021972782094962895
immediate_advantage_dqn,801,543,71.41562364399434,80.89410838231446,25.740016654133797,45.67560691535473,1.4422700488939881,14937.46992111206,0.0,23.0,0.0,1.0,0.050000000000000044,0.9025853173807263,0.8985260557383299,0.013530856289435178
immediate_advantage_dqn,801,544,74.79321516305208,80.61115306399763,25.40667962282896,49.38653561472893,1.4396525360643864,14704.070146560669,0.0,24.0,0.0,0.0,0.050000000000000044,0.9998968318104744,0.9949519578367472,0.016482922190334648
immediate_advantage_dqn,801,545,99.30978410840035,82.2484673691541,32.029672741889954,67.28011115789414,1.5964363664388657,17981.403148651123,0.0,31.0,0.0,1.0,0.050000000000000044,1.038131844252348,1.0338441506028175,0.014292297302745283
immediate_advantage_dqn,801,546,81.14262729138136,81.52204891145229,29.21792457252741,51.92470280826092,1.5010936008766294,16455.35646057129,0.0,25.0,0.0,2.0,0.050000000000000044,0.9449530513957143,0.9397065453231335,0.01748833426972851
immediate_advantage_dqn,801,547,57.01915984749794,80.4338291656971,23.06992246210575,33.94923756420612,1.3268923908472061,12940.571800231934,0.0,19.0,0.0,1.0,0.050000000000000044,1.279235036112368,1.2737662913277745,0.018229139619506896
immediate_advantage_dqn,801,548,80.84111319482327,81.19205103442073,30.175933986902237,50.665179044008255,1.532450646162033,17699.1618309021,0.0,24.0,0.0,1.0,0.050000000000000044,1.466698638163507,1.4618972474709153,0.016004674485884607
immediate_advantage_dqn,801,549,82.20876542627812,80.4021630641818,29.370093390345573,52.838671991229056,1.4826498683542013,16773.220630645752,0.0,24.0,0.0,1.0,0.050000000000000044,1.4121418483555317,1.4073144011199474,0.016091507743112743
immediate_advantage_dqn,801,550,79.75578217357398,80.62088829629124,27.998854897916317,51.75692715644836,1.4953595204278827,16284.374313354492,0.0,26.0,0.0,1.0,0.050000000000000044,0.9537204364314675,0.9492954481393099,0.014749987167306244
immediate_advantage_dqn,801,551,76.6205098181963,80.68871113181115,26.232783690094948,50.3877258002758,1.4875738201662898,15739.591285705566,0.0,24.0,0.0,1.0,0.050000000000000044,0.9460999295115471,0.9409060440957546,0.017312934854999185
immediate_advantage_dqn,801,552,76.28879847377539,79.7134709905088,27.99905202537775,48.289746552705765,1.506394281052053,16201.077861785889,0.0,24.0,0.0,0.0,0.050000000000000044,1.242992727085948,1.2389952670782804,0.01332494564121589
immediate_advantage_dqn,801,553,81.07037675827742,79.29999710209668,27.52446500211954,53.54591181576252,1.4470757637172937,15810.41767692566,0.0,24.0,0.0,3.0,0.050000000000000044,0.9694495145231485,0.9633088614791632,0.020468846254516393
immediate_advantage_dqn,801,554,79.82141522467137,79.28119620606304,26.09279653429985,53.72861818373203,1.4534902442246675,15016.715515136719,0.0,24.0,0.0,2.0,0.050000000000000044,1.4138208553195,1.4098354429006577,0.013284722284879535
immediate_advantage_dqn,801,555,93.05201089382172,79.51885904707015,32.59658208489418,60.45542910695076,1.6010543117299676,18580.820728302002,0.0,27.0,0.0,0.0,0.050000000000000044,1.2842940976843238,1.2804198898375034,0.012914017483126372
immediate_advantage_dqn,801,556,82.26341932415963,79.79621603533627,27.838611118495464,54.42480850368738,1.5249678809195757,16663.8741607666,0.0,25.0,0.0,2.0,0.050000000000000044,1.0380888301879168,1.0328063238412142,0.017608373425900936
immediate_advantage_dqn,801,557,84.18681791424751,80.6960067149997,29.400637850165367,54.786180064082146,1.5599536467343569,17135.67784500122,0.0,25.0,0.0,2.0,0.050000000000000044,1.4424764793366194,1.4380268603563309,0.014832028187811375
immediate_advantage_dqn,801,558,87.94400039315224,81.03367164619267,30.86803162097931,57.075968876481056,1.6023308681324124,18138.2082862854,0.0,25.0,0.0,0.0,0.050000000000000044,1.4357588961720467,1.4312986768782139,0.014867355581372976
immediate_advantage_dqn,801,559,103.75156455487013,81.87252455979588,33.18746545910835,70.56409931182861,1.5889782411977649,18749.481632232666,0.0,30.0,0.0,1.0,0.050000000000000044,1.0119513776153326,1.0071033239364624,0.016160164785105735
immediate_advantage_dqn,801,560,91.76273859441281,82.58229059793055,29.203173249959946,62.55956524014473,1.5241215508431196,16733.04825592041,0.0,29.0,0.0,3.0,0.050000000000000044,1.1383516862988472,1.1342666652053595,0.013616742624435574
immediate_advantage_dqn,801,561,55.2281816765666,80.5425251889229,22.792877353727818,32.4353040099144,1.3659296743571758,13317.592254638672,0.0,18.0,0.0,1.0,0.050000000000000044,1.491863515228033,1.4864046573638916,0.018196200602687895
immediate_advantage_dqn,801,562,92.01160422712564,81.52437543511391,31.271844811737537,60.739759743213654,1.561973757110536,17657.24157333374,0.0,29.0,0.0,1.0,0.050000000000000044,1.289131497964263,1.2848747372627258,0.014189207402523607
immediate_advantage_dqn,801,563,82.59145796597004,82.0831671512127,28.98700851202011,53.60444940924644,1.5467766895890236,16763.23109817505,0.0,25.0,0.0,4.0,0.050000000000000044,1.1286412086337805,1.1236212542280555,0.016733217344153672
immediate_advantage_dqn,801,564,69.88847700059414,81.8379302430898,25.994609884917736,43.89386694431305,1.4350269250571728,14983.80525970459,0.0,21.0,0.0,2.0,0.050000000000000044,0.9081864152103662,0.9034494534134865,0.015789892815519124
immediate_advantage_dqn,801,565,87.5667771935463,81.25077989734709,29.366193920373917,58.20058355629444,1.5237551694735885,16989.754070281982,0.0,27.0,0.0,2.0,0.050000000000000044,1.2817424163222313,1.2768760286271572,0.01622130861505866
immediate_advantage_dqn,801,566,67.32999230623246,80.56014814808965,27.155549705028534,40.17444279491902,1.4343479555100203,15266.870868682861,0.0,20.0,0.0,4.0,0.050000000000000044,1.035073146224022,1.0297334920614958,0.017798849323298782
immediate_advantage_dqn,801,567,86.67371992766857,82.04287615209819,29.30624896287918,57.36747094988823,1.5040122224017978,16573.487182617188,0.0,26.0,0.0,2.0,0.050000000000000044,0.989380668848753,0.9846079554408789,0.01590899971779436
immediate_advantage_dqn,801,568,83.33648369461298,82.16764467708768,29.493767090141773,53.84271702170372,1.509723742492497,16667.22688293457,0.0,26.0,0.0,1.0,0.050000000000000044,1.211460880935192,1.207114651799202,0.0144874039106071
immediate_advantage_dqn,801,569,77.95602532625199,81.95500767208637,27.228792250156403,50.727233269810675,1.4640972930938005,15574.375473022461,0.0,24.0,0.0,2.0,0.050000000000000044,1.1669878661632538,1.16258305311203,0.014682660286780447
immediate_advantage_dqn,801,570,87.76235739141703,82.35533643297852,29.247173629701138,58.51518340408802,1.5197300584986806,16691.954441070557,0.0,29.0,0.0,0.0,0.050000000000000044,1.3002462722361088,1.2963030394166708,0.013144161843229085
immediate_advantage_dqn,801,571,89.58411395549774,83.00351663984358,29.46463955938816,60.11947387456894,1.5220076134428382,17254.44288253784,0.0,27.0,0.0,0.0,0.050000000000000044,1.055995874106884,1.0509632602334023,0.016775366268120706
immediate_advantage_dqn,801,572,86.96543787568808,83.53734860993923,29.78902617096901,57.17641197293997,1.523567235097289,17082.008304595947,0.0,25.0,0.0,1.0,0.050000000000000044,1.3221276551485062,1.3179062604904175,0.014071304467506707
immediate_advantage_dqn,801,573,80.04159399122,83.48590947158637,27.627412259578705,52.41418209671974,1.5168001148849726,16444.257328033447,0.0,25.0,0.0,0.0,0.050000000000000044,1.207383867353201,1.2034210097044706,0.013209526776336133
immediate_advantage_dqn,801,574,95.93892063349486,84.29178474202755,30.79102596640587,65.14789409339429,1.550521682947874,17604.572761535645,0.0,29.0,0.0,3.0,0.050000000000000044,1.022677768021822,1.0177182015031576,0.01653190399520099
immediate_advantage_dqn,801,575,89.70157730877399,84.12426306277514,31.502520337700844,58.19905685186386,1.6225151056423783,18734.707145690918,0.0,25.0,0.0,3.0,0.050000000000000044,1.3053580913692713,1.301033977419138,0.014413713186513633
immediate_advantage_dqn,801,576,88.79578958451748,84.45088157579303,28.71330152451992,60.08248756825924,1.5335795106366277,17032.86696624756,0.0,27.0,0.0,0.0,0.050000000000000044,1.1921737864613533,1.1881846142932773,0.013297273253556341
immediate_advantage_dqn,801,577,67.9657000169158,83.63982568092646,26.948032192885876,41.01766745150089,1.4419535445049405,15536.606132507324,0.0,21.0,0.0,1.0,0.050000000000000044,0.8921453319489956,0.8876659329980612,0.014931301469914615
immediate_advantage_dqn,801,578,79.91641402244568,83.23844636239112,27.979595333337784,51.93681891262531,1.5032051876187325,16363.94554901123,0.0,25.0,0.0,1.0,0.050000000000000044,1.2204268500208855,1.2160472236573696,0.014598732406739146
immediate_advantage_dqn,801,579,89.02431892603636,82.50208408094943,29.87997805327177,59.14434099197388,1.5408619930967689,17053.522634506226,0.0,27.0,0.0,1.0,0.050000000000000044,1.2144821994006634,1.2096586199477315,0.01607859309297055
immediate_advantage_dqn,801,580,71.15697093456984,81.47179569795728,25.997158534824848,45.15981257855892,1.4694822104647756,15672.624332427979,0.0,21.0,0.0,1.0,0.050000000000000044,1.3790414780378342,1.3741151504218578,0.016421061649452895
immediate_advantage_dqn,801,581,76.44395674914122,82.53258445158602,26.840025179088116,49.603931003808974,1.4672860028222203,15505.68531036377,0.0,24.0,0.0,2.0,0.050000000000000044,1.0099966041743755,1.0038563013076782,0.02046762139070779
immediate_advantage_dqn,801,582,71.09882334172725,81.48694540731609,26.67233818769455,44.42648583948612,1.4362783273681998,15504.573081970215,0.0,20.0,0.0,2.0,0.050000000000000044,1.0378872621804476,1.0337717439979315,0.013718396541662514
immediate_advantage_dqn,801,583,92.99701645970345,82.00722333200277,32.321572974324226,60.67544351518154,1.6080547841265798,18699.532272338867,0.0,27.0,0.0,1.0,0.050000000000000044,1.3587530115619302,1.353620532900095,0.017108246742282063
immediate_advantage_dqn,801,584,67.58294206857681,81.8919465854019,25.360156804323196,42.22278547286987,1.4120887564495206,14720.068382263184,0.0,23.0,0.0,1.0,0.050000000000000044,1.0782457990571856,1.0747777614742517,0.01156011363491416
immediate_advantage_dqn,801,585,72.96895799040794,81.16205562524497,26.851340383291245,46.11761759221554,1.4447967819869518,15684.544193267822,0.0,22.0,0.0,0.0,0.050000000000000044,1.1425524465739727,1.1386461928486824,0.013020852813497186
immediate_advantage_dqn,801,586,84.92753438055516,82.04193272896111,28.590560860931873,56.336973720788954,1.5181433176621795,16342.138858795166,0.0,26.0,0.0,1.0,0.050000000000000044,1.2017911691218615,1.1977323591709137,0.01352942397352308
immediate_advantage_dqn,801,587,81.11866373866796,81.76417991951108,30.655863985419273,50.46279998421669,1.5371527718380094,17481.69272994995,0.0,24.0,0.0,3.0,0.050000000000000044,1.2839652160182595,1.279816122725606,0.01383029343560338
immediate_advantage_dqn,801,588,89.71008395552636,82.08285993255676,30.10838131606579,59.60170213282108,1.597008959390223,17961.023849487305,0.0,26.0,0.0,1.0,0.050000000000000044,1.2134392596781254,1.2082063890993595,0.017442907148506492
immediate_advantage_dqn,801,589,75.91032063364983,81.98057469792664,29.62358048558235,46.28674011826515,1.526308718137443,17162.05265045166,0.0,21.0,0.0,2.0,0.050000000000000044,1.3235575798898935,1.317385008558631,0.020575234084390104
immediate_advantage_dqn,801,590,85.97945232242346,81.89142944447697,29.69802836328745,56.28142373561859,1.5490875346586108,17326.577545166016,0.0,26.0,0.0,2.0,0.050000000000000044,1.2312030084431171,1.2255810927599669,0.0187397466506809
immediate_advantage_dqn,801,591,75.1175644993782,81.168101971671,25.274426862597466,49.84313727915287,1.4190613459795713,14747.055835723877,0.0,24.0,0.0,0.0,0.050000000000000044,1.2232739329338074,1.2192631661891937,0.013369182532187551
immediate_advantage_dqn,801,592,82.91422281712293,80.96554121874274,28.316381581127644,54.59784110188484,1.4995162328705192,16172.029684066772,0.0,26.0,0.0,2.0,0.050000000000000044,1.2338589150458574,1.2290743924677372,0.01594841736368835
immediate_advantage_dqn,801,593,76.72288650125265,80.79960584424435,26.181482881307602,50.54140370190144,1.5202345484867692,16415.503414154053,0.0,22.0,0.0,4.0,0.050000000000000044,1.0954659190028906,1.091381549835205,0.013614552211947739
immediate_advantage_dqn,801,594,77.67495033144951,79.88640732914209,27.91901507973671,49.75593510270119,1.519204655662179,16501.657676696777,0.0,23.0,0.0,0.0,0.050000000000000044,1.5276367766782641,1.522235108539462,0.018005494843237102
immediate_advantage_dqn,801,595,60.49164172261953,78.42591054983437,24.395382769405842,36.096258997917175,1.385107221081853,13900.243858337402,0.0,18.0,0.0,1.0,0.050000000000000044,1.1358911991119385,1.1314144022762775,0.014922654954716563
immediate_advantage_dqn,801,596,73.40488442331552,77.65636529177428,25.456955671310425,47.947928968071935,1.4267995338886976,14641.579257965088,0.0,23.0,0.0,2.0,0.050000000000000044,1.1397335976362228,1.1351676676422358,0.01521976909134537
immediate_advantage_dqn,801,597,79.43036338686943,78.22959846027196,27.191375359892845,52.23898805677891,1.4745287289842963,15531.027843475342,0.0,24.0,0.0,1.0,0.050000000000000044,1.0063366647809744,1.0007651131600142,0.01857180887600407
immediate_advantage_dqn,801,598,85.35449081063271,78.5015022996813,29.238302513957024,56.116188833117484,1.494242750108242,16519.650844573975,0.0,26.0,0.0,1.0,0.050000000000000044,1.0816596169024706,1.0769906044006348,0.01556343154516071
immediate_advantage_dqn,801,599,65.55638313293457,77.32810551002623,25.98513440042734,39.571248680353165,1.4398316442966461,15372.165466308594,0.0,22.0,0.0,0.0,0.050000000000000044,1.4036054089665413,1.3983624298125505,0.017476642911788076
