variant,model_seed,episode,cost,rolling_cost,immediate_cost,penalty,energy_use,latency_ms,thermal_violation,energy_violation,queue_violation,contact_violation,epsilon,loss,td_loss,auxiliary_loss
standard_dqn,816,0,107.90568296015263,107.90568296015263,38.159915909171104,69.74576717019082,1.7034717109054327,22651.65615081787,0.0,31.0,0.0,1.0,0.9954761904761905,,,
standard_dqn,816,1,123.48881058041124,115.69724677028194,44.634856291115284,78.85395422969131,1.74454902485013,25368.00119781494,0.0,33.0,1.0,1.0,0.9909523809523809,1.3097237348556519,1.3097237348556519,0.0
standard_dqn,816,2,119.25342530012131,116.88263961356172,41.880539149045944,77.3728865981102,1.8023162996396422,24638.896438598633,0.0,32.0,0.0,1.0,0.9864285714285714,1.1529001854360104,1.1529001854360104,0.0
standard_dqn,816,3,124.34898738419338,118.74922655621964,42.83472643047571,81.51426112508102,1.8628989020362496,25700.98861694336,0.0,34.0,2.0,1.0,0.981904761904762,1.1025771424174309,1.1025771424174309,0.0
standard_dqn,816,4,100.89800855517387,115.17898295601049,37.616696402430534,63.28131215274334,1.763281392864883,22890.14497566223,0.0,26.0,0.0,0.0,0.9773809523809524,0.9666972868144512,0.9666972868144512,0.0
standard_dqn,816,5,107.2160205245018,113.85182255075904,39.849977910518646,67.36604262888432,1.7863801876083016,23626.409435272217,0.0,31.0,0.0,0.0,0.9728571428571429,0.7684410735964775,0.7684410735964775,0.0
standard_dqn,816,6,168.212057699998,121.61757042922174,42.93295815587044,125.27909960373228,1.8375248815864325,25445.27409172058,0.0,37.0,31.0,0.0,0.9683333333333334,0.6857903711497784,0.6857903711497784,0.0
standard_dqn,816,7,309.30356872080813,145.07832021567003,41.52468290925026,267.7788858115579,1.9959246581420302,26767.767963409424,0.0,41.0,57.0,1.0,0.9638095238095238,0.8756296038627625,0.8756296038627625,0.0
standard_dqn,816,8,118.41117706894875,142.1153043104788,40.86380858719349,77.54736782610416,1.7913096100091934,24154.84270477295,0.0,32.0,0.0,2.0,0.9592857142857143,1.033648069947958,1.033648069947958,0.0
standard_dqn,816,9,112.76508817076683,139.1802826965076,38.08078622817993,74.68430230021477,1.6956556104123592,22159.850301742554,0.0,31.0,0.0,0.0,0.9547619047619048,0.7909907512366772,0.7909907512366772,0.0
standard_dqn,816,10,115.53372497260571,137.03059563069834,38.5941998064518,76.93952503204346,1.7408526660874486,22127.293327331543,0.0,32.0,0.0,1.0,0.9502380952380952,0.6381514482200146,0.6381514482200146,0.0
standard_dqn,816,11,101.01580558717251,134.02936312707118,33.50816752016544,67.50763811171055,1.611597653478384,19706.33625793457,0.0,29.0,0.0,1.0,0.9457142857142857,0.5115209333598614,0.5115209333598614,0.0
standard_dqn,816,12,106.15839648620504,131.8854426162353,38.347787231206894,67.81060861424821,1.7543831206858158,23108.336280822754,0.0,30.0,6.0,1.0,0.9411904761904761,0.40390250086784363,0.40390250086784363,0.0
standard_dqn,816,13,108.19173676520586,130.1930350554475,37.28816995769739,70.90356731414795,1.7096986221149564,22151.43532562256,0.0,31.0,0.0,0.0,0.9366666666666666,0.31797556299716234,0.31797556299716234,0.0
standard_dqn,816,14,120.14521869270969,129.52318063126498,38.797925874590874,81.34729269890953,1.77713886462152,23725.151977539062,0.0,32.0,12.0,1.0,0.9321428571428572,0.2755687031894922,0.2755687031894922,0.0
standard_dqn,816,15,131.71186575680971,129.65997345161153,42.398121647536755,89.313744019866,1.8279542326927185,25121.929836273193,0.0,39.0,2.0,0.0,0.9276190476190476,0.5635868543758988,0.5635868543758988,0.0
standard_dqn,816,16,112.03946524858475,128.62347296908055,35.696554720401764,76.34291076660156,1.6482874592766166,20819.792030334473,0.0,34.0,0.0,0.0,0.9230952380952381,0.6035308260470629,0.6035308260470629,0.0
standard_dqn,816,17,148.9611608563577,129.75334451837372,46.84689562022686,102.11426516162503,1.8989645652472973,27128.327087402344,0.0,34.0,20.0,0.0,0.9185714285714286,0.4208327569067478,0.4208327569067478,0.0
standard_dqn,816,18,121.5385989816191,129.32098949012348,39.24433906376362,82.29425890457652,1.7530255997553468,22988.82586669922,0.0,36.0,3.0,1.0,0.914047619047619,0.29041821882128716,0.29041821882128716,0.0
standard_dqn,816,19,129.21261672981922,129.31557085210827,43.98375375568867,85.22886303373521,1.8638508217409253,25928.068424224854,0.0,33.0,8.0,0.0,0.9095238095238095,0.26759662572294474,0.26759662572294474,0.0
standard_dqn,816,20,176.67105930322404,132.75383966926182,37.48422145843506,139.18683803850405,1.8443270232528448,23482.262649536133,0.0,37.0,31.0,0.0,0.905,0.2754633780568838,0.2754633780568838,0.0
standard_dqn,816,21,131.01890307283057,133.1303442938828,40.276889100670815,90.7420141360725,1.8307291511446238,24596.87054824829,0.0,33.0,21.0,0.0,0.9004761904761904,0.2432326078414917,0.2432326078414917,0.0
standard_dqn,816,22,104.1385165899992,132.37459885837671,40.05441730469465,64.08410039544106,1.698192066513002,22955.5866355896,0.0,29.0,0.0,0.0,0.895952380952381,0.22849588841199875,0.22849588841199875,0.0
standard_dqn,816,23,130.54250251368185,132.68427461485112,40.308173790574074,90.23432872310781,1.7766803707927465,23973.6273727417,0.0,34.0,16.0,1.0,0.8914285714285715,0.562051291577518,0.562051291577518,0.0
standard_dqn,816,24,105.76111109554768,132.92742974186982,36.703613102436066,69.05749751627445,1.6910339910537004,21385.748594284058,0.0,30.0,0.0,0.0,0.8869047619047619,0.5453201588243246,0.5453201588243246,0.0
standard_dqn,816,25,143.66524828191967,134.7498911297407,44.31231598556042,99.35293226655699,1.835576825775206,26016.564567565918,0.0,34.0,23.0,2.0,0.8823809523809524,0.3480193670839071,0.3480193670839071,0.0
standard_dqn,816,26,144.41313560145005,133.55994502481332,43.945059418678284,100.4680753632079,1.8556020138785243,25811.989822387695,0.0,35.0,14.0,0.0,0.8778571428571429,0.32394853606820107,0.32394853606820107,0.0
standard_dqn,816,27,140.3901002786275,125.11427160270425,41.41030687093735,98.97979346729477,1.8800755692645907,24881.524589538574,0.0,35.0,20.0,1.0,0.8733333333333333,0.3055304288864136,0.3055304288864136,0.0
standard_dqn,816,28,130.0613941203842,125.69678245527602,39.07873856276274,90.98265558742379,1.8574285991489887,24622.822200775146,0.0,29.0,9.0,1.0,0.8688095238095238,0.2825827547349036,0.2825827547349036,0.0
standard_dqn,816,29,104.05067610144616,125.26106185181001,35.29022817313671,68.76044822633267,1.635742312297225,20650.681640625,0.0,30.0,0.0,2.0,0.8642857142857143,0.32078784331679344,0.32078784331679344,0.0
standard_dqn,816,30,109.7571726679802,124.97223423657874,37.21192576736212,72.54524677395821,1.6531953988596797,21351.43145751953,0.0,31.0,0.0,1.0,0.8597619047619047,0.3031500466167927,0.3031500466167927,0.0
standard_dqn,816,31,130.7950981498412,126.46119886471214,38.07462313771248,92.72047504193108,1.805635335855186,23452.45523071289,0.0,34.0,22.0,0.0,0.8552380952380952,0.6567166764289141,0.6567166764289141,0.0
standard_dqn,816,32,134.27330453408874,127.86694426710638,42.45008027553558,91.82322410954153,1.84925736207515,25016.484008789062,0.0,34.0,17.0,1.0,0.8507142857142858,0.46789764054119587,0.46789764054119587,0.0
standard_dqn,816,33,157.16294578465659,130.3155047180789,42.36985558271408,114.79309044036108,1.884796166792512,25941.929092407227,0.0,36.0,23.0,0.0,0.8461904761904762,0.47422211803495884,0.47422211803495884,0.0
standard_dqn,816,34,119.64941770790224,130.29071466883852,37.03250929713249,82.61690887270575,1.7970100734382868,23084.04186820984,0.0,33.0,4.0,0.0,0.8416666666666667,0.3865054789930582,0.3865054789930582,0.0
standard_dqn,816,35,122.73685144172046,129.84196395308405,39.170004934072495,83.56684671626422,1.8012872766703367,23599.99806213379,0.0,33.0,6.0,0.0,0.8371428571428572,0.37765820138156414,0.37765820138156414,0.0
standard_dqn,816,36,88.24991221129895,128.65248630121977,32.02577908337116,56.224132844805716,1.5927557228133082,18701.736907958984,0.0,24.0,0.0,1.0,0.8326190476190476,0.3462316235527396,0.3462316235527396,0.0
standard_dqn,816,37,110.46560104191303,126.72770831049752,39.203239254653454,71.26236282289028,1.6958906538784504,22443.79180908203,0.0,31.0,0.0,2.0,0.8280952380952381,0.3332474874332547,0.3332474874332547,0.0
standard_dqn,816,38,119.39328439682723,126.62044258125795,36.28050075471401,83.11278320997954,1.714031083509326,21349.07423400879,0.0,35.0,0.0,1.0,0.8235714285714286,0.3489338057115674,0.3489338057115674,0.0
standard_dqn,816,39,129.26896364726514,126.62325992713025,44.712465316057205,84.55649821199863,1.891782314516604,25949.096294403076,0.0,33.0,6.0,1.0,0.819047619047619,0.835634944960475,0.835634944960475,0.0
standard_dqn,816,40,97.05202292650938,122.64230810829451,36.26363106817007,60.78839248418808,1.6440845225006342,20489.436904907227,0.0,26.0,0.0,0.0,0.8145238095238095,0.5246924292296171,0.5246924292296171,0.0
standard_dqn,816,41,128.05563640594482,122.4941447749502,39.946380600333214,88.10925543308258,1.7787577342242002,23080.45704650879,0.0,36.0,0.0,1.0,0.81,0.5016572214663029,0.5016572214663029,0.0
standard_dqn,816,42,116.3215603902936,123.10329696496494,42.3305192515254,73.99104136228561,1.695761477574706,23392.17057800293,0.0,32.0,0.0,0.0,0.8054761904761905,0.4891872303560376,0.4891872303560376,0.0
standard_dqn,816,43,113.97151293754578,122.27474748615812,41.429570347070694,72.54194309711457,1.8106138752773404,24265.234844207764,0.0,30.0,0.0,1.0,0.800952380952381,0.47106435149908066,0.47106435149908066,0.0
standard_dqn,816,44,102.03199166953564,122.08829151485754,38.59031216800213,63.441679710149764,1.6710120579227805,21763.51226425171,0.0,28.0,0.0,1.0,0.7964285714285715,0.39093410782516,0.39093410782516,0.0
standard_dqn,816,45,118.2297894448042,120.81651857300179,40.83465547859669,77.39513307213784,1.8019134877249599,23856.64682006836,0.0,32.0,0.0,1.0,0.7919047619047619,0.3609114484861493,0.3609114484861493,0.0
standard_dqn,816,46,108.51504838466644,119.02161421216258,36.36031033098698,72.15473851561546,1.7549818698316813,21760.380111694336,0.0,31.0,0.0,0.0,0.7873809523809524,0.48751346208155155,0.48751346208155155,0.0
standard_dqn,816,47,106.13226120173931,117.30872225831817,38.76274624466896,67.36951485276222,1.8283388139680028,23761.252033233643,0.0,29.0,0.0,0.0,0.7828571428571429,0.6995576154440641,0.6995576154440641,0.0
standard_dqn,816,48,112.79496296644211,116.44540070062108,37.75518353283405,75.03977916538716,1.735205614939332,22262.995429992676,0.0,32.0,0.0,1.0,0.7783333333333333,0.5096800653263927,0.5096800653263927,0.0
standard_dqn,816,49,97.60935179293156,116.12333448519534,35.9847119897604,61.62463972866535,1.683467055670917,20746.313217163086,0.0,27.0,0.0,2.0,0.7738095238095238,0.5233324533328414,0.5233324533328414,0.0
standard_dqn,816,50,101.8509162068367,115.72802166213816,38.73489284515381,63.11602261662483,1.6388136483728886,21847.008241653442,0.0,28.0,0.0,0.0,0.7692857142857144,0.39757825806736946,0.39757825806736946,0.0
standard_dqn,816,51,98.38315074145794,114.10742429171901,34.8193779066205,63.56377303600311,1.6499287653714418,20369.82949066162,0.0,28.0,0.0,1.0,0.7647619047619048,0.45018241833895445,0.45018241833895445,0.0
standard_dqn,816,52,110.11160665750504,112.8993393978898,37.02512735128403,73.08647972345352,1.6846711616963148,21331.153518676758,0.0,31.0,0.0,0.0,0.7602380952380953,0.4177303360775113,0.4177303360775113,0.0
standard_dqn,816,53,104.6805782109499,110.27522101920447,38.578348740935326,66.10222939550877,1.6569721847772598,21918.7857131958,0.0,29.0,0.0,1.0,0.7557142857142858,0.4409835049882531,0.4409835049882531,0.0
standard_dqn,816,54,137.06985884969183,111.14624307629394,41.147224590182304,95.92263367836424,1.869233289733529,24606.08378982544,0.0,38.0,8.0,3.0,0.7511904761904762,0.5378151871263981,0.5378151871263981,0.0
standard_dqn,816,55,101.31881591677666,110.07534130004676,37.24163378030062,64.07718160748482,1.6827916419133544,21578.459701538086,0.0,29.0,0.0,1.0,0.7466666666666667,0.5791143737733364,0.5791143737733364,0.0
standard_dqn,816,56,115.83516386300326,111.45460388263197,41.10713141411543,74.72803252339364,1.8370908768847585,24345.10291671753,0.0,31.0,0.0,1.0,0.7421428571428572,0.5649939877912402,0.5649939877912402,0.0
standard_dqn,816,57,113.73348784446716,111.61799822275968,36.73682840168476,76.99665948748589,1.6719887079671025,20984.679039001465,0.0,32.0,0.0,0.0,0.7376190476190476,0.5591581491753459,0.5591581491753459,0.0
standard_dqn,816,58,127.65138939023018,112.03090347242983,42.945715919137,84.70567262172699,1.805152510292828,24493.125,0.0,36.0,0.0,0.0,0.7330952380952381,0.5208776108920574,0.5208776108920574,0.0
standard_dqn,816,59,117.4600629746914,111.44045843880114,40.75236092507839,76.7077017813921,1.758087924681604,23256.480781555176,0.0,31.0,0.0,1.0,0.7285714285714286,0.5621468927711248,0.5621468927711248,0.0
standard_dqn,816,60,166.79873129704558,114.92779385732794,47.53434902429581,119.26438197472653,1.9523176858201623,27849.11724090576,0.0,36.0,28.0,1.0,0.724047619047619,0.536911697126925,0.536911697126925,0.0
standard_dqn,816,61,110.87329655885696,114.06867686497355,37.17106285691261,73.70223365724087,1.7130911406129599,21749.81432723999,0.0,32.0,0.0,0.0,0.7195238095238095,0.5484893564134836,0.5484893564134836,0.0
standard_dqn,816,62,107.21049647778273,113.61312366934801,40.449995152652264,66.76050052046776,1.7474952675402164,23067.59552001953,0.0,30.0,0.0,1.0,0.7150000000000001,0.6812443807721138,0.6812443807721138,0.0
standard_dqn,816,63,110.8387993723154,113.45648799108649,36.64731603860855,74.19148367643356,1.7186443926766515,21587.81053543091,0.0,32.0,0.0,0.0,0.7104761904761905,0.6647203238680959,0.6647203238680959,0.0
standard_dqn,816,64,107.70194616913795,113.73998571606663,38.78856335580349,68.91338317096233,1.747845396399498,22737.973079681396,0.0,30.0,0.0,2.0,0.7059523809523809,0.5422257520258427,0.5422257520258427,0.0
standard_dqn,816,65,120.68395512379354,113.86269400001609,36.54292181134224,84.14103310383504,1.7825430445373058,21718.53059387207,0.0,35.0,19.0,0.0,0.7014285714285715,0.6246927101165056,0.6246927101165056,0.0
standard_dqn,816,66,144.53642498655637,115.66376283011058,47.77418413758278,96.76224110229333,1.9822263410314918,27730.780992507935,0.0,37.0,13.0,1.0,0.6969047619047619,0.4828356560319662,0.4828356560319662,0.0
standard_dqn,816,67,106.16662705242634,115.66548112264495,37.08662882447243,69.07999828755855,1.73052276391536,21887.567836761475,0.0,31.0,0.0,2.0,0.6923809523809523,0.650503789074719,0.650503789074719,0.0
standard_dqn,816,68,109.54449129253626,115.50295753894966,39.02058122307062,70.52390966713429,1.6585490889847279,21915.080921173096,0.0,30.0,0.0,1.0,0.687857142857143,0.5180819965898991,0.5180819965898991,0.0
standard_dqn,816,69,99.42208386659622,115.59359414263285,36.609973788261414,62.81211018264294,1.612400415353477,20148.39701461792,0.0,28.0,0.0,3.0,0.6833333333333333,0.5175410397350788,0.5175410397350788,0.0
standard_dqn,816,70,117.03123209625483,116.35260993710376,40.315933249890804,76.7152990102768,1.8236442413181067,23769.053787231445,0.0,32.0,0.0,2.0,0.6788095238095238,0.7592234704643488,0.7592234704643488,0.0
standard_dqn,816,71,107.540955388546,116.8105001694582,36.541709899902344,70.99924539923668,1.6700969878584146,20911.72947883606,0.0,31.0,0.0,2.0,0.6742857142857144,0.6464916933327913,0.6464916933327913,0.0
standard_dqn,816,72,90.17871079146862,115.81385537615635,33.47762233018875,56.701088684797284,1.5815698513761163,19252.170928955078,0.0,25.0,0.0,3.0,0.6697619047619048,0.5420570308342576,0.5420570308342576,0.0
standard_dqn,816,73,113.70379719138145,116.26501632517795,42.251687094569206,71.45211039483547,1.7331792945042253,23703.372444152832,0.0,31.0,0.0,0.0,0.6652380952380952,0.6504914499819279,0.6504914499819279,0.0
standard_dqn,816,74,102.82948012202978,114.55299738879485,36.154586993157864,66.67489283084869,1.6396444439888,20825.211009979248,0.0,28.0,0.0,3.0,0.6607142857142857,0.5470243077725172,0.5470243077725172,0.0
standard_dqn,816,75,108.86239342391491,114.93017626415175,37.022988691926,71.83940500020981,1.742126040160656,22433.579471588135,0.0,28.0,0.0,2.0,0.6561904761904762,0.5913713648915291,0.5913713648915291,0.0
standard_dqn,816,76,112.95605605244637,114.78622087362392,40.036720871925354,72.91933498680592,1.7174605494365096,22736.260368347168,0.0,32.0,0.0,1.0,0.6516666666666667,0.5836418205872178,0.5836418205872178,0.0
standard_dqn,816,77,114.76036880165339,114.8375649214832,36.482930921018124,78.27743852138519,1.7004346223548055,21176.24549484253,0.0,33.0,0.0,0.0,0.6471428571428571,0.5033018738031387,0.5033018738031387,0.0
standard_dqn,816,78,108.71072098612785,113.8905315012781,32.47417724877596,76.23654356598854,1.6451032180339098,19046.02032470703,0.0,33.0,0.0,0.0,0.6426190476190476,0.8835581950843334,0.8835581950843334,0.0
standard_dqn,816,79,109.12059232592583,113.47355796883983,39.644741997122765,69.47585037350655,1.6699456786736846,21879.198272705078,0.0,32.0,0.0,0.0,0.6380952380952382,0.7551782764494419,0.7551782764494419,0.0
standard_dqn,816,80,108.41238920390606,110.55424086418284,39.58018459379673,68.83220461010933,1.6614129478111863,21847.954319000244,0.0,30.0,0.0,0.0,0.6335714285714286,0.595882186666131,0.595882186666131,0.0
standard_dqn,816,81,113.09931457042694,110.66554176476134,39.082943603396416,74.01637089252472,1.6960177887231112,21595.153507232666,0.0,31.0,0.0,1.0,0.6290476190476191,0.8527711909264326,0.8527711909264326,0.0
standard_dqn,816,82,114.80076675415039,111.04505527857972,39.187047347426414,75.613719317317,1.7281588977202773,22099.237199783325,0.0,31.0,0.0,2.0,0.6245238095238095,0.5995480101555586,0.5995480101555586,0.0
standard_dqn,816,83,117.63881456106901,111.38505603801741,39.798416666686535,77.8403983861208,1.7559356605634093,22558.04280090332,0.0,33.0,0.0,1.0,0.62,0.7731643170118332,0.7731643170118332,0.0
standard_dqn,816,84,105.65567553937436,111.28274250652923,37.612054497003555,68.04362125098706,1.7257068995386362,21908.834941864014,0.0,30.0,0.0,2.0,0.6154761904761905,0.6103570945560932,0.6103570945560932,0.0
standard_dqn,816,85,96.50848495960236,110.07396899831967,34.91201885044575,61.596465498209,1.7276082197204232,20718.769886016846,0.0,28.0,0.0,0.0,0.6109523809523809,0.5954157840460539,0.5954157840460539,0.0
standard_dqn,816,86,102.70255004763604,107.98227525137365,35.42826357483864,67.27428615987301,1.6299757929518819,20307.147045135498,0.0,28.0,0.0,3.0,0.6064285714285714,0.7905874773859978,0.7905874773859978,0.0
standard_dqn,816,87,122.712895616889,108.8095886795968,42.12924747169018,80.58364832401276,1.7676657866686583,23658.814807891846,0.0,34.0,0.0,0.0,0.6019047619047619,0.721272561699152,0.721272561699152,0.0
standard_dqn,816,88,109.2423491999507,108.79448157496752,37.407548286020756,71.83480054140091,1.7188134510070086,21829.44284439087,0.0,30.0,0.0,0.0,0.5973809523809523,0.7405595183372498,0.7405595183372498,0.0
standard_dqn,816,89,123.06161166727543,109.97645796500146,44.61102132499218,78.45058965682983,1.806849466636777,24954.273712158203,0.0,33.0,0.0,1.0,0.592857142857143,0.6710803098976612,0.6710803098976612,0.0
standard_dqn,816,90,99.91787405312061,109.12079006284475,35.69337521493435,64.22449950873852,1.6762706832960248,21154.97842025757,0.0,26.0,0.0,0.0,0.5883333333333334,0.6587402541190386,0.6587402541190386,0.0
standard_dqn,816,91,98.59217395633459,108.6733509912342,34.268085077404976,64.32408934831619,1.5988708166405559,19430.472213745117,0.0,28.0,0.0,0.0,0.5838095238095238,0.7269164938479662,0.7269164938479662,0.0
standard_dqn,816,92,114.49086844921112,109.88895887412131,42.816570445895195,71.67429754137993,1.7592730047181249,24090.761833190918,0.0,33.0,0.0,0.0,0.5792857142857144,0.6483942046761513,0.6483942046761513,0.0
standard_dqn,816,93,104.96035497784615,109.45178676344456,36.72267474234104,68.23768060803414,1.658256002701819,20722.12614631653,0.0,29.0,0.0,1.0,0.5747619047619048,0.8586435802280903,0.8586435802280903,0.0
standard_dqn,816,94,116.93000015616417,110.15681276515127,39.30802163481712,77.62197913229465,1.7164909532293677,22447.171270370483,0.0,33.0,0.0,0.0,0.5702380952380952,0.7521203141659498,0.7521203141659498,0.0
standard_dqn,816,95,128.98538426983026,111.16296230744703,40.735402062535286,88.24998229670196,1.8431340297684073,23403.166709899902,0.0,35.0,14.0,3.0,0.5657142857142857,0.7117530331015587,0.7117530331015587,0.0
standard_dqn,816,96,118.85772361112062,111.45804568538074,43.231497421860695,75.62622620416109,1.9045246597379446,25844.988262176514,0.0,31.0,3.0,1.0,0.5611904761904762,0.7381436824798584,0.7381436824798584,0.0
standard_dqn,816,97,113.32345220446587,111.38619985552137,38.25160947442055,75.07184268534184,1.7246249411255121,21925.405197143555,0.0,32.0,0.0,0.0,0.5566666666666666,0.6345503497868776,0.6345503497868776,0.0
standard_dqn,816,98,102.18130694329739,111.05972915337983,36.79824323952198,65.38306367397308,1.6684305630624294,21208.982013702393,0.0,28.0,0.0,1.0,0.5521428571428572,0.9107409529387951,0.9107409529387951,0.0
standard_dqn,816,99,110.29045613110065,111.11822234363858,39.15359249711037,71.13686373829842,1.6992807453498244,22369.658321380615,0.0,30.0,0.0,1.0,0.5476190476190477,0.6334796622395515,0.6334796622395515,0.0
standard_dqn,816,100,105.42669276893139,110.96893752188984,36.739026591181755,68.68766550719738,1.6616358300670981,20495.190685272217,0.0,30.0,0.0,1.0,0.5430952380952381,0.5974695850163698,0.5974695850163698,0.0
standard_dqn,816,101,99.1667270436883,110.27230814555291,38.46706537902355,60.69966225326061,1.6377728143706918,21458.44543838501,0.0,27.0,0.0,0.0,0.5385714285714286,0.6663902960717678,0.6663902960717678,0.0
standard_dqn,816,102,112.20133984088898,110.14233679988983,40.32801125943661,71.87332843244076,1.801758861169219,23772.05128479004,0.0,30.0,0.0,1.0,0.5340476190476191,0.8405720982700586,0.8405720982700586,0.0
standard_dqn,816,103,117.8079292178154,110.15079253272718,41.227212607860565,76.58071708679199,1.8056543404236436,23942.834999084473,0.0,32.0,0.0,0.0,0.5295238095238095,0.7500882465392351,0.7500882465392351,0.0
standard_dqn,816,104,99.91453894227743,109.86373570287233,33.52093776315451,66.39360119402409,1.6464366633445024,19230.07033920288,0.0,29.0,0.0,0.0,0.525,0.7750376351177692,0.7750376351177692,0.0
standard_dqn,816,105,100.84980797767639,110.08080185377602,37.644629403948784,63.20517763495445,1.7020831061527133,22043.311191558838,0.0,27.0,0.0,0.0,0.5204761904761905,0.8294014353305101,0.8294014353305101,0.0
standard_dqn,816,106,92.89240766316652,109.59029473455254,32.95186697691679,59.94054074585438,1.6064643813297153,19028.227893829346,0.0,28.0,0.0,0.0,0.5159523809523809,0.8775740675628185,0.8775740675628185,0.0
standard_dqn,816,107,94.92430744618177,108.2008653260172,35.25966664403677,59.66463978886604,1.623057466931641,19743.21625137329,0.0,26.0,0.0,3.0,0.5114285714285716,0.7661051945760846,0.7661051945760846,0.0
standard_dqn,816,108,104.53899376094341,107.96569755406684,37.25040978938341,67.28858409821987,1.6090679550543427,20558.523553848267,0.0,32.0,0.0,0.0,0.506904761904762,0.819737465120852,0.819737465120852,0.0
standard_dqn,816,109,103.28425020128489,106.9768294807673,36.51715951412916,66.7670905083418,1.6739973342046142,20509.926403045654,0.0,30.0,0.0,1.0,0.5023809523809524,1.0286938659846783,1.0286938659846783,0.0
standard_dqn,816,110,102.04099699854851,107.0829856280387,34.89783802628517,67.14315967261791,1.654383379034698,20020.31764984131,0.0,30.0,0.0,0.0,0.4978571428571429,0.8794810827821493,0.8794810827821493,0.0
standard_dqn,816,111,93.20818834006786,106.81378634722537,35.529277101159096,57.678911089897156,1.578958840109408,19692.347080230713,0.0,26.0,0.0,0.0,0.4933333333333334,0.7832366265356541,0.7832366265356541,0.0
standard_dqn,816,112,94.91003252565861,105.83474455104775,33.59669718146324,61.3133349865675,1.5901424745097756,19222.502756118774,0.0,27.0,0.0,1.0,0.4888095238095238,0.8184667117893696,0.8184667117893696,0.0
standard_dqn,816,113,111.19728977382184,106.1465912908465,36.397496566176414,74.79979287981988,1.7028440311551094,20854.81258392334,0.0,31.0,0.0,1.0,0.4842857142857143,0.8949858546257019,0.8949858546257019,0.0
standard_dqn,816,114,106.73859246969224,105.6370209065229,34.04015602171421,72.69843601584435,1.805186953395605,21900.185306549072,0.0,28.0,0.0,1.0,0.4797619047619047,0.7476643426343799,0.7476643426343799,0.0
standard_dqn,816,115,108.97840942442417,104.63667216425263,35.29049089550972,73.68791851401329,1.6529696015641093,20068.446487426758,0.0,34.0,0.0,0.0,0.47523809523809524,0.6848996188491583,0.6848996188491583,0.0
standard_dqn,816,116,106.11312139034271,103.99944205321371,38.08301146328449,68.0301103591919,1.7338357018306851,22271.190254211426,0.0,28.0,0.0,0.0,0.47071428571428575,0.8310306752100587,0.8310306752100587,0.0
standard_dqn,816,117,92.77524548768997,102.97203171737492,35.762259513139725,57.01298598945141,1.5980387898162007,19599.471393585205,0.0,26.0,0.0,0.0,0.46619047619047627,0.954895906150341,0.954895906150341,0.0
standard_dqn,816,118,100.89299054443836,102.90761589743197,39.199559442698956,61.69343064725399,1.640998424962163,21874.706398010254,0.0,28.0,0.0,0.0,0.46166666666666667,0.9528175443410873,0.9528175443410873,0.0
standard_dqn,816,119,92.78403600454331,102.0322948911041,32.984518468379974,59.79951828122139,1.6539065781980753,18976.23738861084,0.0,26.0,0.0,1.0,0.4571428571428572,0.9607424698770046,0.9607424698770046,0.0
standard_dqn,816,120,106.41345467567444,102.08163298644126,38.47436149418354,67.93909289836884,1.7319537987932563,22089.43836593628,0.0,29.0,0.0,1.0,0.4526190476190477,0.7371924528852105,0.7371924528852105,0.0
standard_dqn,816,121,109.61246306598187,102.60391978755595,38.333887472748756,71.27857589125634,1.7373579517006874,21843.488235473633,0.0,30.0,0.0,1.0,0.4480952380952381,0.846135850995779,0.846135850995779,0.0
standard_dqn,816,122,115.33106575906277,102.76040608346463,35.975700959563255,79.35536466538906,1.7244066102430224,20542.88735961914,0.0,35.0,0.0,1.0,0.4435714285714286,0.7766659324988723,0.7766659324988723,0.0
standard_dqn,816,123,101.85086823999882,101.9625530345738,37.15671065449715,64.69415754079819,1.6599392890930176,20876.576278686523,0.0,28.0,0.0,1.0,0.439047619047619,0.8639618940651417,0.8639618940651417,0.0
standard_dqn,816,124,99.78374274075031,101.95601322449745,35.25400869548321,64.52973410487175,1.6217513913288713,20222.811279296875,0.0,29.0,0.0,0.0,0.43452380952380953,0.7925720326602459,0.7925720326602459,0.0
standard_dqn,816,125,75.87343122810125,100.70719438701869,29.135749891400337,46.73768150806427,1.4700625045225024,16077.498142242432,0.0,23.0,0.0,0.0,0.43000000000000005,1.0364792831242085,1.0364792831242085,0.0
standard_dqn,816,126,114.85284548997879,101.8052162783593,36.732935577631,78.11991050839424,1.687267723493278,21029.350261688232,0.0,33.0,0.0,0.0,0.42547619047619056,0.9367126412689686,0.9367126412689686,0.0
standard_dqn,816,127,92.35173081606627,101.67658744685352,34.45105164498091,57.90067940950394,1.6313515296205878,19923.08553314209,0.0,25.0,0.0,1.0,0.42095238095238097,0.8702614083886147,0.8702614083886147,0.0
standard_dqn,816,128,106.97770881652832,101.79852319963277,35.79411643743515,71.18359258770943,1.6948902755975723,20241.457901000977,0.0,31.0,0.0,0.0,0.41642857142857137,0.9102064184844494,0.9102064184844494,0.0
standard_dqn,816,129,87.14965879172087,100.99179362915456,31.73384103924036,55.415817618370056,1.5715198060497642,17963.071823120117,0.0,24.0,0.0,0.0,0.4119047619047619,0.9543697666376829,0.9543697666376829,0.0
standard_dqn,816,130,97.73554799705744,100.77652117908,36.04934913665056,61.686199218034744,1.6065829079598188,20416.019845962524,0.0,28.0,0.0,0.0,0.4073809523809524,0.7590574994683266,0.7590574994683266,0.0
standard_dqn,816,131,99.4833068922162,101.09027710668742,35.28445418924093,64.19885268807411,1.7307532588019967,20648.73251724243,0.0,28.0,0.0,2.0,0.4028571428571429,0.9699479723349214,0.9699479723349214,0.0
standard_dqn,816,132,98.71944551169872,101.28074775598944,36.900729313492775,61.8187158703804,1.709953379817307,21072.593921661377,0.0,27.0,0.0,0.0,0.39833333333333343,0.9778682664036751,0.9778682664036751,0.0
standard_dqn,816,133,123.93202320039272,101.91748442731797,41.81934382021427,82.11267875432968,1.8221400985494256,23772.6714553833,0.0,35.0,0.0,2.0,0.39380952380952383,1.0599745213985443,1.0599745213985443,0.0
standard_dqn,816,134,113.48880952000619,102.25499527983368,38.47869814932346,75.01011198163033,1.7190359150990844,21864.57837677002,0.0,31.0,0.0,1.0,0.38928571428571423,0.8092374866828322,0.8092374866828322,0.0
standard_dqn,816,135,108.71402802467347,102.24177620984614,35.76953498274088,72.94449307918549,1.6599096115678549,20291.15813446045,0.0,31.0,0.0,1.0,0.38476190476190475,0.8778070081025362,0.8778070081025362,0.0
standard_dqn,816,136,81.10278965681792,100.9912596231699,33.06780907511711,48.03498060405254,1.562928988598287,18631.535835266113,0.0,23.0,0.0,2.0,0.38023809523809526,0.8886911943554878,0.8886911943554878,0.0
standard_dqn,816,137,102.04783567786217,101.45488913267852,38.25715547800064,63.79068098962307,1.685056196525693,21437.11968612671,0.0,28.0,0.0,0.0,0.3757142857142858,0.7728204093873501,0.7728204093873501,0.0
standard_dqn,816,138,98.68243219703436,101.34436121530833,32.21675840765238,66.46567325294018,1.6137551022693515,18686.06921005249,0.0,30.0,0.0,0.0,0.3711904761904763,0.9994354508817196,0.9994354508817196,0.0
standard_dqn,816,139,90.29896365255118,101.22010759770872,31.541048273444176,58.75791543126106,1.5326982522383332,17488.661582946777,0.0,26.0,0.0,1.0,0.3666666666666667,0.8997249566018581,0.8997249566018581,0.0
standard_dqn,816,140,103.2750013768673,101.06318493276835,34.98396238684654,68.29103899002075,1.6892340434715152,20114.831840515137,0.0,29.0,0.0,0.0,0.3621428571428572,0.7898350283503532,0.7898350283503532,0.0
standard_dqn,816,141,92.6247528731823,100.21379942312838,34.06600634753704,58.55874707698822,1.587561722844839,19236.460487365723,0.0,28.0,0.0,2.0,0.3576190476190476,0.9177576787769794,0.9177576787769794,0.0
standard_dqn,816,142,130.75446824729443,100.98496954753996,43.88636827468872,86.86810010671616,1.8627307759597898,25163.99408721924,0.0,35.0,0.0,1.0,0.35309523809523813,0.8398219384253025,0.8398219384253025,0.0
standard_dqn,816,143,106.71023604273796,101.22793793767691,37.172320276498795,69.53791603446007,1.6874020574614406,20777.822883605957,0.0,30.0,0.0,0.0,0.34857142857142864,0.9213653672486544,0.9213653672486544,0.0
standard_dqn,816,144,106.30945706367493,101.55422365382314,37.22969268262386,69.07976466417313,1.7047968246042728,21291.97360610962,0.0,30.0,0.0,0.0,0.34404761904761905,0.9369722679257393,0.9369722679257393,0.0
standard_dqn,816,145,96.00668650269509,102.56088641755282,34.68510554730892,61.32158116400242,1.6299562081694603,19768.638332366943,0.0,26.0,0.0,2.0,0.33952380952380956,0.6851315535604954,0.6851315535604954,0.0
standard_dqn,816,146,96.12331753224134,101.62441001966596,33.79379244893789,62.32952535152435,1.6181118050590158,19204.004985809326,0.0,26.0,0.0,1.0,0.3350000000000001,1.0549421850591898,1.0549421850591898,0.0
standard_dqn,816,147,116.80194352567196,102.84692065514623,37.88386806845665,78.91807535290718,1.6835612235590816,21131.777769088745,0.0,34.0,0.0,0.0,0.3304761904761905,0.9314470235258341,0.9314470235258341,0.0
standard_dqn,816,148,89.76898033171892,101.98648423090579,30.74880503118038,59.020175367593765,1.5634260112419724,17433.15852165222,0.0,26.0,0.0,0.0,0.325952380952381,0.8128547724336386,0.8128547724336386,0.0
standard_dqn,816,149,110.46409488618374,103.15220603562891,37.412223771214485,73.05187142789364,1.7029376681894064,21211.483066558838,0.0,33.0,0.0,1.0,0.3214285714285714,0.901584917679429,0.901584917679429,0.0
standard_dqn,816,150,112.4367235839367,103.88726481497288,39.63413171470165,72.80259167551995,1.7195065673440695,22316.25537109375,0.0,30.0,0.0,1.0,0.3169047619047619,0.8581212293356657,0.8581212293356657,0.0
standard_dqn,816,151,99.51549191772938,103.88887406624853,32.37064107507467,67.14485092461109,1.5864183763042092,18268.83253479004,0.0,30.0,0.0,1.0,0.3123809523809524,0.8253560289740562,0.8253560289740562,0.0
standard_dqn,816,152,102.4299937799573,104.07440147966147,34.43688890337944,67.99310539066792,1.586625611409545,18948.976140975952,0.0,31.0,0.0,2.0,0.30785714285714294,0.7798083368688822,0.7798083368688822,0.0
standard_dqn,816,153,92.4055957198143,102.49808010563257,32.850382298231125,59.555213794112206,1.5569510282948613,18341.054470062256,0.0,27.0,0.0,0.0,0.30333333333333345,0.8735047392547131,0.8735047392547131,0.0
standard_dqn,816,154,87.90471483767033,101.21887537151576,28.135455548763275,59.7692594230175,1.5389206521213055,16248.873516082764,0.0,27.0,0.0,2.0,0.29880952380952375,1.0516037214547396,1.0516037214547396,0.0
standard_dqn,816,155,103.93334606289864,100.97984127342701,36.62560122460127,67.30774539709091,1.6546107484027743,20511.111476898193,0.0,30.0,0.0,1.0,0.29428571428571426,0.7894727885723114,0.7894727885723114,0.0
standard_dqn,816,156,102.31611532866955,102.0405075570196,32.8708980306983,69.44521752893925,1.6518777506425977,18915.749893188477,0.0,31.0,0.0,3.0,0.2897619047619048,0.9319099318236113,0.9319099318236113,0.0
standard_dqn,816,157,83.80708535909653,101.12847004108133,29.598073571920395,54.20901205539703,1.4996327962726355,16440.981117248535,0.0,25.0,0.0,3.0,0.2852380952380953,0.8218752648681402,0.8218752648681402,0.0
standard_dqn,816,158,94.69326741993427,100.92901180222631,34.59782684594393,60.09544099867344,1.588849644176662,19551.808458328247,0.0,26.0,0.0,0.0,0.2807142857142858,0.9276611786335707,0.9276611786335707,0.0
standard_dqn,816,159,107.0344964414835,101.76578844167292,34.266709595918655,72.76778662204742,1.6358023062348366,19230.36978149414,0.0,31.0,0.0,2.0,0.2761904761904763,0.939509816467762,0.939509816467762,0.0
standard_dqn,816,160,86.07043432593346,100.90556008912624,29.80757264792919,56.26286200582981,1.5245072357356548,16897.426765441895,0.0,26.0,0.0,1.0,0.2716666666666666,1.161277648061514,1.161277648061514,0.0
standard_dqn,816,161,98.29970143735409,101.18930751733483,34.940970316529274,63.358731374144554,1.7012481419369578,20144.66746520996,0.0,29.0,0.0,0.0,0.2671428571428571,0.7803506851196289,0.7803506851196289,0.0
standard_dqn,816,162,98.03905761241913,99.55353698559107,32.30544400960207,65.73361392319202,1.5912090381607413,18273.21800994873,0.0,28.0,0.0,0.0,0.26261904761904764,0.8123727142810822,0.8123727142810822,0.0
standard_dqn,816,163,105.52790355980396,99.49442036144436,34.646337904036045,70.88156603574753,1.6585162542760372,19549.662002563477,0.0,30.0,0.0,3.0,0.25809523809523816,0.8464646637439728,0.8464646637439728,0.0
standard_dqn,816,164,83.4840085670352,98.35314793661237,31.950618378818035,51.53338965177536,1.5402401415631175,17550.874919891357,0.0,23.0,0.0,2.0,0.25357142857142867,1.0609943866729736,1.0609943866729736,0.0
standard_dqn,816,165,84.68707633167506,97.78716742806138,32.03381434828043,52.65326217710972,1.534904196858406,17353.136310577393,0.0,25.0,0.0,2.0,0.24904761904761907,0.9444826971739531,0.9444826971739531,0.0
standard_dqn,816,166,104.3050479888916,98.19625395089389,37.09026974439621,67.2147781252861,1.65521702170372,20477.103927612305,0.0,31.0,0.0,0.0,0.2445238095238096,1.0410026498138905,1.0410026498138905,0.0
standard_dqn,816,167,102.72824290394783,97.49256891980768,32.521120600402355,70.20712248980999,1.5848796358332038,18213.29075241089,0.0,31.0,0.0,0.0,0.24,0.7532590311020613,0.7532590311020613,0.0
standard_dqn,816,168,95.4072340503335,97.7744816057384,34.47276679426432,60.93446685373783,1.588068887591362,19166.273414611816,0.0,28.0,0.0,1.0,0.2354761904761905,0.9892053082585335,0.9892053082585335,0.0
standard_dqn,816,169,108.0927918419242,97.65591645352544,35.30449407547712,72.7882980644703,1.6509738489985466,19513.43515777588,0.0,31.0,0.0,2.0,0.23095238095238102,0.8624456860125065,0.8624456860125065,0.0
standard_dqn,816,170,77.58052397668362,95.91310647316278,28.805752858519554,48.7747706413269,1.5091134635731578,16375.109439849854,0.0,24.0,0.0,1.0,0.22642857142857142,0.9988604383543134,0.9988604383543134,0.0
standard_dqn,816,171,78.5830292865634,94.86648334160449,28.874931432306767,49.70809824168682,1.4731242638081312,15947.422988891602,0.0,24.0,0.0,1.0,0.22190476190476194,0.9961957782506943,0.9961957782506943,0.0
standard_dqn,816,172,91.5422245502472,94.322094880119,32.02674235403538,59.5154825091362,1.5731728579849005,17982.209117889404,0.0,27.0,0.0,1.0,0.21738095238095245,1.0753271728754044,1.0753271728754044,0.0
standard_dqn,816,173,96.32199513316155,94.51791485078635,31.024946451187134,65.29704948663712,1.5996494740247726,17970.705081939697,0.0,29.0,0.0,2.0,0.21285714285714286,0.8129068296402693,0.8129068296402693,0.0
standard_dqn,816,174,101.56429634392262,95.20089392609897,36.068676710128784,65.49561885893345,1.6285687638446689,19675.2557182312,0.0,29.0,0.0,2.0,0.20833333333333337,0.8206627797335386,0.8206627797335386,0.0
standard_dqn,816,175,88.94460327923298,94.45145678691567,32.9094782397151,56.03512533009052,1.5877481028437614,18613.248210906982,0.0,25.0,0.0,0.0,0.20380952380952377,1.0807575322687626,1.0807575322687626,0.0
standard_dqn,816,176,91.25873123407364,93.89858758218587,32.77776300907135,58.48096831440925,1.5686993766576052,18062.67314529419,0.0,26.0,0.0,3.0,0.1992857142857143,0.9431611970067024,0.9431611970067024,0.0
standard_dqn,816,177,90.07358630746603,94.21191262960434,33.14697965234518,56.9266065210104,1.6035635229200125,18830.76228904724,0.0,26.0,0.0,0.0,0.1947619047619048,0.9559832829982042,0.9559832829982042,0.0
standard_dqn,816,178,88.30827684700489,93.89266310095788,29.971859343349934,58.336417347192764,1.5527330851182342,17107.155380249023,0.0,27.0,0.0,0.0,0.19023809523809532,1.053383657708764,1.053383657708764,0.0
standard_dqn,816,179,93.20389541238546,93.20113304950297,31.478632397949696,61.72526329755783,1.5382658885791898,17204.696460723877,0.0,27.0,0.0,0.0,0.18571428571428583,1.0022876784205437,1.0022876784205437,0.0
standard_dqn,816,180,100.9414831250906,93.94468548946082,32.78951671719551,68.15196679532528,1.65713185723871,19167.69828414917,0.0,28.0,0.0,0.0,0.18119047619047624,1.1671703606843948,1.1671703606843948,0.0
standard_dqn,816,181,104.43108936548234,94.25125488586725,33.59708898514509,70.83400031328202,1.6521427985280752,19361.682765960693,0.0,32.0,0.0,2.0,0.17666666666666664,1.0477401055395603,1.0477401055395603,0.0
standard_dqn,816,182,78.30984857827426,93.26479443416001,29.817068241536617,48.49278020262718,1.4916923195123672,16397.681602478027,0.0,22.0,0.0,1.0,0.17214285714285715,0.9774475619196892,0.9774475619196892,0.0
standard_dqn,816,183,94.67566295862198,92.7221824041009,31.887946628034115,62.78771629333496,1.5800148472189903,18041.3896484375,0.0,27.0,0.0,1.0,0.16761904761904767,0.9323175195604563,0.9323175195604563,0.0
standard_dqn,816,184,96.47060140967369,93.37151204623282,34.385333225131035,62.085268408060074,1.6159251844510436,19001.254070281982,0.0,28.0,0.0,0.0,0.16309523809523818,0.902385639026761,0.902385639026761,0.0
standard_dqn,816,185,84.74551632255316,93.37443404577672,30.17981144785881,54.56570449471474,1.533046101219952,17322.59241104126,0.0,25.0,0.0,0.0,0.1585714285714287,0.9484564624726772,0.9484564624726772,0.0
standard_dqn,816,186,96.0417864471674,92.96127096869051,32.05679792910814,63.98498822748661,1.567102262750268,17883.856163024902,0.0,28.0,0.0,0.0,0.1540476190476191,0.9704752322286367,0.9704752322286367,0.0
standard_dqn,816,187,83.82333644479513,92.01602564573288,31.357308320701122,52.466028302907944,1.5659091584384441,17578.35594177246,0.0,24.0,0.0,0.0,0.1495238095238095,1.1239173393696547,1.1239173393696547,0.0
standard_dqn,816,188,88.02459793835878,91.64689384013414,31.278217896819115,56.74637931883335,1.5333732049912214,17046.64182472229,0.0,25.0,0.0,2.0,0.14500000000000002,0.9365318976342678,0.9365318976342678,0.0
standard_dqn,816,189,91.8176781386137,90.83313815496862,31.128866083920002,60.688811898231506,1.5840386152267456,17984.46223640442,0.0,26.0,0.0,1.0,0.14047619047619053,0.9629121422767639,0.9629121422767639,0.0
standard_dqn,816,190,84.26925811320544,91.16757486179472,32.319436229765415,51.94982189834118,1.5723917912691832,17984.960021972656,0.0,24.0,0.0,2.0,0.13595238095238105,1.0595497786998749,1.0595497786998749,0.0
standard_dqn,816,191,80.87875281274319,91.2823610381037,29.449277445673943,51.42947515845299,1.5009645288810134,16376.798347473145,0.0,23.0,0.0,2.0,0.13142857142857145,0.7541629578918219,0.7541629578918219,0.0
standard_dqn,816,192,90.46513958275318,91.228506789729,31.704523876309395,58.760615557432175,1.56516317371279,17732.15493774414,0.0,27.0,0.0,2.0,0.12690476190476196,0.8817773144692183,0.8817773144692183,0.0
standard_dqn,816,193,75.80413807928562,90.20261393703521,30.147524043917656,45.656614035367966,1.5055178832262754,16644.4878616333,0.0,22.0,0.0,1.0,0.12238095238095237,1.215909868478775,1.215909868478775,0.0
standard_dqn,816,194,82.91883599162102,89.27034091942014,28.342474460601807,54.57636200785637,1.5005711559206247,16064.770149230957,0.0,25.0,0.0,1.0,0.11785714285714288,0.9539740551263094,0.9539740551263094,0.0
standard_dqn,816,195,92.15155463665724,89.43068848729135,32.483961172401905,59.66759365797043,1.6094084531068802,18266.950714111328,0.0,26.0,0.0,0.0,0.1133333333333334,1.0479938089847565,1.0479938089847565,0.0
standard_dqn,816,196,75.48722071945667,88.6421129615605,28.711316972970963,46.77590371668339,1.5049003083258867,16163.256744384766,0.0,23.0,0.0,1.0,0.1088095238095238,1.1570724342018366,1.1570724342018366,0.0
standard_dqn,816,197,92.7131090849638,88.77408910043539,32.127836503088474,60.58527254462242,1.5848479708656669,17892.540843963623,0.0,26.0,0.0,1.0,0.10428571428571431,1.0767826419323683,1.0767826419323683,0.0
standard_dqn,816,198,103.76432728767395,89.54689162246883,34.38575005531311,69.37857773900032,1.6079234397038817,18939.590354919434,0.0,31.0,0.0,3.0,0.09976190476190483,0.8823576681315899,0.8823576681315899,0.0
standard_dqn,816,199,98.28564561903477,89.8009791328013,34.38664548844099,63.898999974131584,1.5914890663698316,18552.529567718506,0.0,29.0,0.0,1.0,0.09523809523809534,0.8620238304138184,0.8620238304138184,0.0
standard_dqn,816,200,91.34241891652346,89.32102592237295,30.8854571133852,60.456961914896965,1.5654433593153954,17476.051721572876,0.0,27.0,0.0,2.0,0.09071428571428575,1.145118534564972,1.145118534564972,0.0
standard_dqn,816,201,95.14572787284851,88.85675784774125,33.66864658892155,61.47708150744438,1.6383224111050367,19044.92095184326,0.0,27.0,0.0,1.0,0.08619047619047626,0.9370619207620621,0.9370619207620621,0.0
standard_dqn,816,202,78.9316939726472,88.8878501174599,28.49027693271637,50.441416853666304,1.5006792340427637,16218.482322692871,0.0,25.0,0.0,1.0,0.08166666666666667,1.1218462400138378,1.1218462400138378,0.0
standard_dqn,816,203,83.06690209656954,88.30741207435727,30.093949504196644,52.97295259237289,1.5177383748814464,16803.36296272278,0.0,24.0,0.0,2.0,0.07714285714285718,0.872678192332387,0.872678192332387,0.0
standard_dqn,816,204,80.68611028790474,87.51818751826883,28.655997775495052,52.03011253476143,1.5084203034639359,16339.632144927979,0.0,26.0,0.0,0.0,0.0726190476190477,0.943314777687192,0.943314777687192,0.0
standard_dqn,816,205,88.42262270450593,87.70204283736646,33.658094480633736,54.76452779173851,1.5954750580713153,18868.89786529541,0.0,25.0,0.0,1.0,0.06809523809523821,1.0625747498124838,1.0625747498124838,0.0
standard_dqn,816,206,84.43354391306639,87.12163071066142,28.65299191325903,55.78055202960968,1.487482120282948,15910.481740951538,0.0,26.0,0.0,0.0,0.06357142857142861,1.0566785782575607,1.0566785782575607,0.0
standard_dqn,816,207,89.11588575094939,87.38625817596913,33.59681899100542,55.51906625330448,1.6123401913791895,18534.90712738037,0.0,24.0,0.0,1.0,0.059047619047619015,1.1224594451487064,1.1224594451487064,0.0
standard_dqn,816,208,76.31300344318151,86.80067845121027,27.110343895852566,49.202659249305725,1.4648582264780998,15059.573333740234,0.0,24.0,0.0,0.0,0.05452380952380953,0.9861903954297304,0.9861903954297304,0.0
standard_dqn,816,209,90.59224337488413,86.7394067130238,31.6983333081007,58.89391013383865,1.554830732755363,17386.828937530518,0.0,26.0,0.0,2.0,0.050000000000000044,0.8362762173637748,0.8362762173637748,0.0
standard_dqn,816,210,87.96497841179371,86.92419272795321,32.489019975066185,55.475959196686745,1.5722172651439905,17873.547954559326,0.0,24.0,0.0,0.0,0.050000000000000044,0.6640870980918407,0.6640870980918407,0.0
standard_dqn,816,211,84.87685789167881,87.1240979819,30.454216375947,54.4226416349411,1.5177649734541774,16340.733116149902,0.0,25.0,0.0,0.0,0.050000000000000044,1.2937292605638504,1.2937292605638504,0.0
standard_dqn,816,212,69.47079712897539,86.0743808592111,28.384962640702724,41.08583423495293,1.4813529336825013,16000.982055664062,0.0,21.0,0.0,1.0,0.050000000000000044,0.9146390073001385,0.9146390073001385,0.0
standard_dqn,816,213,86.77124495059252,86.62273620277644,30.264185801148415,56.50705945491791,1.5255826571956277,16994.440719604492,0.0,26.0,0.0,1.0,0.050000000000000044,1.2153112906962633,1.2153112906962633,0.0
standard_dqn,816,214,75.63261887580157,86.25842534698548,27.846385784447193,47.78623322546482,1.4931282941251993,15480.578620910645,0.0,24.0,0.0,1.0,0.050000000000000044,0.9840231835842133,0.9840231835842133,0.0
standard_dqn,816,215,83.84857506603002,85.84327636845411,27.932421997189522,55.91615342646837,1.5051937876269221,15982.286668777466,0.0,24.0,0.0,3.0,0.050000000000000044,0.8022601753473282,0.8022601753473282,0.0
standard_dqn,816,216,85.7443461060524,86.3561326377839,32.9236975684762,52.820648753643034,1.6004596995189786,18234.879207611084,0.0,24.0,0.0,1.0,0.050000000000000044,0.871315648779273,0.871315648779273,0.0
standard_dqn,816,217,89.68550978600979,86.2047526728362,29.885360293090343,59.800149634480476,1.4956382140517235,16001.799865722656,0.0,28.0,0.0,0.0,0.050000000000000044,0.9878808911889791,0.9878808911889791,0.0
standard_dqn,816,218,97.49078723788261,85.89107567034662,31.942183576524258,65.54860410094261,1.5834043361246586,17826.88609313965,0.0,28.0,0.0,2.0,0.050000000000000044,1.0740719232708216,1.0740719232708216,0.0
standard_dqn,816,219,65.77597095817327,84.26559193730354,26.25947345048189,39.51649768650532,1.4751597242429852,15315.12907409668,0.0,20.0,0.0,1.0,0.050000000000000044,0.918996911495924,0.918996911495924,0.0
standard_dqn,816,220,85.82079918682575,83.98951095081866,30.63155661523342,55.18924356997013,1.5174076789990067,16466.983142852783,0.0,25.0,0.0,0.0,0.050000000000000044,0.817518062889576,0.817518062889576,0.0
standard_dqn,816,221,82.53755674660206,83.35910239450634,29.873565137386322,52.663992726802825,1.4965189956128597,16348.18299484253,0.0,25.0,0.0,2.0,0.050000000000000044,0.7485744692385197,0.7485744692385197,0.0
standard_dqn,816,222,70.53274291753769,82.93915484175086,25.859150394797325,44.67359307408333,1.4211283326148987,14249.70234298706,0.0,21.0,0.0,0.0,0.050000000000000044,0.9582784213125706,0.9582784213125706,0.0
standard_dqn,816,223,79.7291558623314,82.77226753003896,30.235035255551338,49.49412056207657,1.504515959881246,16731.60499191284,0.0,22.0,0.0,1.0,0.050000000000000044,0.8969916347414255,0.8969916347414255,0.0
standard_dqn,816,224,82.51842679977418,82.86388335563245,30.23638018965721,52.2820461332798,1.5265581794083118,16668.50465774536,0.0,24.0,0.0,1.0,0.050000000000000044,0.9261244684457779,0.9261244684457779,0.0
standard_dqn,816,225,94.3856543302536,83.16203493691982,32.634112507104874,61.75154146552086,1.5640352703630924,17991.639068603516,0.0,27.0,0.0,2.0,0.050000000000000044,0.9812570940703154,0.9812570940703154,0.0
standard_dqn,816,226,83.83970413506032,83.13234294801951,30.932496465742588,52.90720727443695,1.528653939254582,17138.342473983765,0.0,24.0,0.0,1.0,0.050000000000000044,1.172828583046794,1.172828583046794,0.0
standard_dqn,816,227,89.65833115130663,83.15946521803737,31.694226056337357,57.96410560905933,1.5693719293922186,17910.40113067627,0.0,28.0,0.0,3.0,0.050000000000000044,1.0513785053044558,1.0513785053044558,0.0
standard_dqn,816,228,87.2868223786354,83.70815616481005,31.27441044151783,56.012411803007126,1.5791036849841475,17536.28541946411,0.0,25.0,0.0,0.0,0.050000000000000044,0.8456844044849277,0.8456844044849277,0.0
standard_dqn,816,229,81.37497367709875,83.2472926799208,28.864257887005806,52.5107164978981,1.503000377677381,16161.30252456665,0.0,24.0,0.0,0.0,0.050000000000000044,1.0820497199892998,1.0820497199892998,0.0
standard_dqn,816,230,86.67824350446463,83.18295593455433,30.026407286524773,56.651836240291594,1.5305854277685285,16686.271308898926,0.0,26.0,0.0,1.0,0.050000000000000044,1.0109624117612839,1.0109624117612839,0.0
standard_dqn,816,231,82.33258031457663,83.05574205569924,30.203111462295055,52.12946946322918,1.529429977759719,16805.962295532227,0.0,24.0,0.0,2.0,0.050000000000000044,0.9853638978675008,0.9853638978675008,0.0
standard_dqn,816,232,76.18208233267069,83.39130631588401,28.07717674970627,48.10490499436855,1.4575683632865548,15291.209938049316,0.0,24.0,0.0,0.0,0.050000000000000044,0.6917526070028543,0.6917526070028543,0.0
standard_dqn,816,233,89.54740007221699,83.53011407196523,31.009330689907074,58.538069397211075,1.5588206760585308,17219.48217010498,0.0,26.0,0.0,1.0,0.050000000000000044,1.0470704715698957,1.0470704715698957,0.0
standard_dqn,816,234,90.17289233207703,84.257127744779,31.373822808265686,58.79906916618347,1.5963309397920966,17867.534370422363,0.0,26.0,0.0,1.0,0.050000000000000044,1.1088798083364964,1.1088798083364964,0.0
standard_dqn,816,235,76.93691604733468,83.91154479384423,28.504140697419643,48.43277517855167,1.4836465790867805,15919.467761993408,0.0,24.0,0.0,1.0,0.050000000000000044,0.8096996061503887,0.8096996061503887,0.0
standard_dqn,816,236,91.83004307001829,84.21582964204252,29.931781597435474,61.8982612490654,1.5992789939045906,17814.362308502197,0.0,27.0,0.0,1.0,0.050000000000000044,1.0038270596414804,1.0038270596414804,0.0
standard_dqn,816,237,84.8349460363388,83.97330145455898,29.464632131159306,55.37031427025795,1.5050811050459743,16516.70676803589,0.0,25.0,0.0,0.0,0.050000000000000044,1.0774998739361763,1.0774998739361763,0.0
standard_dqn,816,238,94.53433349728584,83.82547876752913,32.0520066767931,62.482326209545135,1.591489871032536,18154.825485229492,0.0,28.0,0.0,0.0,0.050000000000000044,0.9798604063689709,0.9798604063689709,0.0
standard_dqn,816,239,70.43289647996426,84.05832504361868,27.001714251935482,43.43118169903755,1.4381928322836757,15026.274040222168,0.0,23.0,0.0,0.0,0.050000000000000044,1.1566282641142607,1.1566282641142607,0.0
standard_dqn,816,240,104.31811387836933,84.98319077819585,30.97128300368786,73.34683126211166,1.6314155953004956,18062.466423034668,0.0,32.0,0.0,1.0,0.050000000000000044,1.1859276853501797,1.1859276853501797,0.0
standard_dqn,816,241,73.93174477815629,84.55290017977357,30.289606273174286,43.64213860929012,1.515561593696475,16717.514190673828,0.0,21.0,0.0,1.0,0.050000000000000044,1.1698640566319227,1.1698640566319227,0.0
standard_dqn,816,242,85.96901282072068,85.32471367493272,29.195379972457886,56.77363286316395,1.5049128336831927,16096.898448944092,0.0,26.0,0.0,1.0,0.050000000000000044,0.8418750278651714,0.8418750278651714,0.0
standard_dqn,816,243,89.1323719844222,85.79487448103727,30.75920234620571,58.37316922843456,1.5356009360402822,16873.978424072266,0.0,27.0,0.0,0.0,0.050000000000000044,0.9836139716207981,0.9836139716207981,0.0
standard_dqn,816,244,95.47446866333485,86.4426765742153,32.409464836120605,63.065003752708435,1.5847024861723185,17926.096633911133,0.0,28.0,0.0,0.0,0.050000000000000044,0.978232859633863,0.978232859633863,0.0
standard_dqn,816,245,77.22777843624354,85.58478277951481,28.82871115207672,48.399067574739455,1.4648546148091555,15606.332050323486,0.0,23.0,0.0,1.0,0.050000000000000044,0.8476035911589861,0.8476035911589861,0.0
standard_dqn,816,246,84.93582298755646,85.6395887221396,29.583186373114586,55.35263682305813,1.527754313312471,16402.58549308777,0.0,26.0,0.0,1.0,0.050000000000000044,0.9360683197155595,0.9360683197155595,0.0
standard_dqn,816,247,80.71043573468924,85.19219395130874,29.050865903496742,51.65956928730011,1.4849402252584696,16237.098247528076,0.0,25.0,0.0,1.0,0.050000000000000044,0.9341119648888707,0.9341119648888707,0.0
standard_dqn,816,248,89.6834209293127,85.31202387884261,28.349224157631397,61.33419661521911,1.5217601507902145,16329.235591888428,0.0,26.0,0.0,3.0,0.050000000000000044,1.1502277944236994,1.1502277944236994,0.0
standard_dqn,816,249,83.89931125193834,85.43824075758458,27.86643699556589,56.03287427127361,1.51063372194767,16006.49075126648,0.0,26.0,0.0,1.0,0.050000000000000044,1.1913699340075254,1.1913699340075254,0.0
standard_dqn,816,250,92.09118939489126,85.7088880521059,32.839612662792206,59.25157633721828,1.5914551066234708,18155.03475189209,0.0,27.0,0.0,2.0,0.050000000000000044,1.1002297773957253,1.1002297773957253,0.0
standard_dqn,816,251,81.48569442331791,85.66654375754297,30.749021977186203,50.73667240142822,1.544667575508356,17111.923942565918,0.0,23.0,0.0,0.0,0.050000000000000044,1.1955327279865742,1.1955327279865742,0.0
standard_dqn,816,252,82.63332414627075,85.98910584822298,28.97685720771551,53.656466871500015,1.562819829210639,17399.749452590942,0.0,27.0,0.0,0.0,0.050000000000000044,1.0398070607334375,1.0398070607334375,0.0
standard_dqn,816,253,92.28673365712166,86.12607252746821,29.50293542444706,62.783798575401306,1.5250346697866917,16724.62706565857,0.0,27.0,0.0,0.0,0.050000000000000044,1.0191664192825556,1.0191664192825556,0.0
standard_dqn,816,254,82.65556075125933,85.75020594842732,29.992499016225338,52.66306182444096,1.5037979166954756,16402.060146331787,0.0,26.0,0.0,3.0,0.050000000000000044,1.2034335993230343,1.2034335993230343,0.0
standard_dqn,816,255,76.87180892527104,85.74695059232415,28.503692716360092,48.36811684966087,1.462936126627028,15381.74146270752,0.0,23.0,0.0,1.0,0.050000000000000044,1.1094656512141228,1.1094656512141228,0.0
standard_dqn,816,256,90.91220646351576,85.70105876199901,31.646640829741955,59.26556572318077,1.5731142116710544,17947.91545677185,0.0,26.0,0.0,0.0,0.050000000000000044,1.108818979933858,1.108818979933858,0.0
standard_dqn,816,257,88.76106699705124,85.89736481003465,31.750060990452766,57.011006051301955,1.5511816404759884,17071.23062133789,0.0,26.0,0.0,2.0,0.050000000000000044,1.1803310392424464,1.1803310392424464,0.0
standard_dqn,816,258,93.6632422581315,85.85381024807694,32.38844147324562,61.27480137348175,1.60366356279701,18497.48057937622,0.0,27.0,0.0,0.0,0.050000000000000044,1.0925247455015779,1.0925247455015779,0.0
standard_dqn,816,259,90.20166475325823,86.84224866174162,31.8682107552886,58.333453968167305,1.5631738752126694,17772.610626220703,0.0,26.0,0.0,0.0,0.050000000000000044,1.070693749934435,1.070693749934435,0.0
standard_dqn,816,260,82.19177327305079,85.7359316314757,28.04260766506195,54.14916540682316,1.4775309022516012,15687.559343338013,0.0,27.0,0.0,2.0,0.050000000000000044,0.9176392341032624,0.9176392341032624,0.0
standard_dqn,816,261,78.85803015679122,85.98224590040743,30.308700993657112,48.54932903647423,1.4949287259951234,16717.486881256104,0.0,22.0,0.0,1.0,0.050000000000000044,1.1112769972532988,1.1112769972532988,0.0
standard_dqn,816,262,81.97017538547516,85.78230402864517,30.518464162945747,51.45171108841896,1.5646830722689629,17318.662979125977,0.0,25.0,0.0,0.0,0.050000000000000044,1.145329250022769,1.145329250022769,0.0
standard_dqn,816,263,89.02722001820803,85.77704643033445,28.126773089170456,60.90044654905796,1.4847380053251982,15853.37682723999,0.0,28.0,0.0,1.0,0.050000000000000044,1.0967348460108042,1.0967348460108042,0.0
standard_dqn,816,264,92.50565848499537,85.62860592141749,30.959037840366364,61.54662001132965,1.5288254152983427,17072.849811553955,0.0,26.0,0.0,1.0,0.050000000000000044,1.1067830752581358,1.1067830752581358,0.0
standard_dqn,816,265,91.29715931415558,86.33207496531308,30.455602772533894,60.84155681729317,1.5273852553218603,16948.562129974365,0.0,29.0,0.0,0.0,0.050000000000000044,1.449907211586833,1.449907211586833,0.0
standard_dqn,816,266,88.75011418163777,86.52278952501715,29.66646458953619,59.08364943563938,1.538447255268693,16829.85972213745,0.0,26.0,0.0,1.0,0.050000000000000044,0.9146113581955433,0.9146113581955433,0.0
standard_dqn,816,267,89.29325760900974,86.95193061873317,29.9752054810524,59.318051889538765,1.5218985741958022,16694.08281326294,0.0,27.0,0.0,1.0,0.050000000000000044,1.2552190851420164,1.2552190851420164,0.0
standard_dqn,816,268,82.87424252182245,86.61147169835866,29.71002170443535,53.164220839738846,1.490874532610178,16269.687337875366,0.0,24.0,0.0,0.0,0.050000000000000044,0.9375055655837059,0.9375055655837059,0.0
standard_dqn,816,269,85.01943351626396,86.66747781157494,28.956582620739937,56.062850940227506,1.5280641270801425,16711.68077659607,0.0,25.0,0.0,2.0,0.050000000000000044,0.970066424459219,0.970066424459219,0.0
standard_dqn,816,270,87.92538599073887,86.45918764136732,30.07340359687805,57.85198208093643,1.5434660548344254,16911.029483795166,0.0,26.0,0.0,1.0,0.050000000000000044,1.107648802921176,1.107648802921176,0.0
standard_dqn,816,271,79.95747601985931,86.38277672119439,28.540849424898624,51.416626036167145,1.4804933797568083,15753.386030197144,0.0,26.0,0.0,0.0,0.050000000000000044,0.8222165228798985,0.8222165228798985,0.0
standard_dqn,816,272,88.58498932421207,86.68035998009145,30.50411207973957,58.080878004431725,1.536718463525176,16985.736125946045,0.0,26.0,0.0,0.0,0.050000000000000044,1.0696769254282117,1.0696769254282117,0.0
standard_dqn,816,273,69.05502331256866,85.5187744628638,27.427003476768732,41.628020375967026,1.4475473118945956,15272.068326950073,0.0,22.0,0.0,2.0,0.050000000000000044,0.9374729823321104,0.9374729823321104,0.0
standard_dqn,816,274,74.51207942813635,85.11160039670766,27.806546799838543,46.705532151460645,1.463034768588841,15393.21870803833,0.0,22.0,0.0,2.0,0.050000000000000044,1.0494956113398075,1.0494956113398075,0.0
standard_dqn,816,275,60.511075468361376,84.29356372386216,25.950587920844555,34.5604873239994,1.4149929154664278,14332.64521408081,0.0,18.0,0.0,1.0,0.050000000000000044,0.8258735816925764,0.8258735816925764,0.0
standard_dqn,816,276,81.66801074296237,83.8313539378345,29.693471923470497,51.97453933358192,1.5014244327321649,16332.357215881348,0.0,24.0,0.0,1.0,0.050000000000000044,1.244315224699676,1.244315224699676,0.0
standard_dqn,816,277,82.98730832338333,83.54266600415112,28.95238656550646,54.03492200374603,1.473871628753841,15973.99006652832,0.0,24.0,0.0,0.0,0.050000000000000044,1.0287496037781239,1.0287496037781239,0.0
standard_dqn,816,278,80.83716527372599,82.90136215493085,27.765148922801018,53.072016432881355,1.496266944333911,15911.215602874756,0.0,26.0,0.0,1.0,0.050000000000000044,1.0017577521502972,1.0017577521502972,0.0
standard_dqn,816,279,93.25328781455755,83.0539433079958,32.0745961740613,61.178692147135735,1.5947229275479913,18285.155658721924,0.0,29.0,0.0,0.0,0.050000000000000044,1.0081010218709707,1.0081010218709707,0.0
standard_dqn,816,280,87.33844392299652,83.31127684049308,31.318798199295998,56.0196454256773,1.6281731454655528,18531.750930786133,0.0,26.0,0.0,3.0,0.050000000000000044,1.1935826539993286,1.1935826539993286,0.0
standard_dqn,816,281,77.2413227275014,83.23044146902859,27.163036577403545,50.07828580737114,1.4430724577978253,15208.13471031189,0.0,23.0,0.0,1.0,0.050000000000000044,1.2696021050214767,1.2696021050214767,0.0
standard_dqn,816,282,103.50760167837143,84.30731278367341,31.65505401790142,71.8525472432375,1.6410602191463113,18754.23699569702,0.0,31.0,0.0,1.0,0.050000000000000044,1.3082302995026112,1.3082302995026112,0.0
standard_dqn,816,283,90.71092134714127,84.39149785012007,30.680650800466537,60.03027020394802,1.5566142378374934,17368.471672058105,0.0,27.0,0.0,2.0,0.050000000000000044,1.0230367351323366,1.0230367351323366,0.0
standard_dqn,816,284,83.43201240301133,83.93781554602087,30.003563188016415,53.428449326753615,1.4908306691795588,16248.903858184814,0.0,24.0,0.0,1.0,0.050000000000000044,1.003112399019301,1.003112399019301,0.0
standard_dqn,816,285,87.98910862356425,83.77241301149131,31.980793066322803,56.0083158403635,1.5673090470954776,17674.639404296875,0.0,25.0,0.0,1.0,0.050000000000000044,1.2348705846816301,1.2348705846816301,0.0
standard_dqn,816,286,82.0708441734314,83.43844951108099,29.1102958843112,52.960548266768456,1.4870730442926288,15973.716201782227,0.0,25.0,0.0,1.0,0.050000000000000044,1.3993885973468423,1.3993885973468423,0.0
standard_dqn,816,287,89.08367267996073,83.42797026462854,29.222525112330914,59.86114729940891,1.5623398600146174,17205.836071014404,0.0,27.0,0.0,0.0,0.050000000000000044,1.2783024776726961,1.2783024776726961,0.0
standard_dqn,816,288,73.99136048853397,82.9838261629641,27.676465913653374,46.31489461958408,1.444165469147265,14903.313694000244,0.0,22.0,0.0,2.0,0.050000000000000044,0.7080167857930064,0.7080167857930064,0.0
standard_dqn,816,289,64.77407149970531,81.97155806213617,26.147183753550053,38.62688820064068,1.4087977865710855,14737.169780731201,0.0,20.0,0.0,0.0,0.050000000000000044,0.9485171549022198,0.9485171549022198,0.0
standard_dqn,816,290,96.07937653362751,82.3792575892806,35.28633355349302,60.793042957782745,1.6219156561419368,19234.612182617188,0.0,27.0,0.0,0.0,0.050000000000000044,0.9723861794918776,0.9723861794918776,0.0
standard_dqn,816,291,86.30090338736773,82.69642895765602,29.598276756703854,56.70262633264065,1.5531208096072078,17001.534481048584,0.0,27.0,0.0,2.0,0.050000000000000044,0.8279708903282881,0.8279708903282881,0.0
standard_dqn,816,292,73.96371424943209,81.96536520391703,28.016110382974148,45.94760411977768,1.4836565358564258,15892.784744262695,0.0,22.0,0.0,1.0,0.050000000000000044,1.1957716178148985,1.1957716178148985,0.0
standard_dqn,816,293,97.05282518267632,83.36525529742241,32.04734455049038,65.00548066198826,1.5868322597816586,17983.803634643555,0.0,29.0,0.0,0.0,0.050000000000000044,0.9886944377794862,0.9886944377794862,0.0
standard_dqn,816,294,54.17292842417955,82.34829774722456,21.951748088002205,32.22118028402328,1.3011112418025732,12578.65438079834,0.0,19.0,0.0,2.0,0.050000000000000044,1.1615918343886733,1.1615918343886733,0.0
standard_dqn,816,295,82.40142465382814,83.44281520649791,29.16238023340702,53.239044561982155,1.4692111173644662,15779.35315322876,0.0,27.0,0.0,0.0,0.050000000000000044,1.1226117983460426,1.1226117983460426,0.0
standard_dqn,816,296,84.32876861840487,83.57585310027004,30.370125524699688,53.95864322781563,1.5376678137108684,17461.24287033081,0.0,25.0,0.0,0.0,0.050000000000000044,1.0563237397000194,1.0563237397000194,0.0
standard_dqn,816,297,66.37090882658958,82.74503312543035,24.744743213057518,41.626165360212326,1.3655987838283181,13516.390655517578,0.0,21.0,0.0,0.0,0.050000000000000044,1.0631006313487887,1.0631006313487887,0.0
standard_dqn,816,298,88.46074684858323,83.12621220417321,29.670873887836933,58.78987347483635,1.5318918656557798,16726.562129974365,0.0,27.0,0.0,2.0,0.050000000000000044,1.248408779501915,1.248408779501915,0.0
standard_dqn,816,299,99.3920540586114,83.4331505163759,32.86432392895222,66.52772937715054,1.620416272431612,18461.33186340332,0.0,30.0,0.0,0.0,0.050000000000000044,1.210332376882434,1.210332376882434,0.0
standard_dqn,816,300,96.65084302574397,83.89877047151329,32.499921686947346,64.15092133879662,1.6140933260321617,18648.611587524414,0.0,28.0,0.0,2.0,0.050000000000000044,1.064840730279684,1.064840730279684,0.0
standard_dqn,816,301,80.53764287531376,84.0635864789039,29.488908544182777,51.04873470366001,1.5010927291586995,16393.27431869507,0.0,23.0,0.0,1.0,0.050000000000000044,1.0610407628118992,1.0610407628118992,0.0
standard_dqn,816,302,92.28186420500279,83.50229960523548,31.406390823423862,60.875473433732985,1.5728924311697483,17540.527660369873,0.0,27.0,0.0,1.0,0.050000000000000044,1.0556379463523626,1.0556379463523626,0.0
standard_dqn,816,303,69.39318268746138,82.43641267225148,27.16033675521612,42.23284608125687,1.4321104129776359,15029.073472976685,0.0,21.0,0.0,0.0,0.050000000000000044,1.183075019158423,1.183075019158423,0.0
standard_dqn,816,304,90.38586355000734,82.78410522960128,31.737586475908756,58.64827698469162,1.5660313060507178,17944.856437683105,0.0,25.0,0.0,0.0,0.050000000000000044,1.0879207495599985,1.0879207495599985,0.0
standard_dqn,816,305,77.09095142036676,82.2391973694414,27.089479945600033,50.00147166848183,1.5015924461185932,15691.857902526855,0.0,21.0,0.0,0.0,0.050000000000000044,1.3311257809400558,1.3311257809400558,0.0
standard_dqn,816,306,78.8253911063075,82.0769247160852,28.597296245396137,50.228094816207886,1.4730569468811154,15784.668622970581,0.0,22.0,0.0,0.0,0.050000000000000044,1.291354501619935,1.291354501619935,0.0
standard_dqn,816,307,81.5296086087823,81.6992215125263,28.12585137039423,53.40375707447529,1.4911221945658326,15772.272205352783,0.0,25.0,0.0,1.0,0.050000000000000044,1.1341452673077583,1.1341452673077583,0.0
standard_dqn,816,308,85.51371336877347,82.27533915653825,29.418246030807495,56.095467367768286,1.5289286421611905,16503.510375976562,0.0,27.0,0.0,2.0,0.050000000000000044,1.2164505226537585,1.2164505226537585,0.0
standard_dqn,816,309,77.3089923426509,82.90208519868554,27.246906869113445,50.06208502650261,1.4531370075419545,15062.645839691162,0.0,23.0,0.0,3.0,0.050000000000000044,1.040312733501196,1.040312733501196,0.0
standard_dqn,816,310,83.93278927505017,82.29475583575667,30.468668699264526,53.46412047147751,1.5421440983191133,16822.1157913208,0.0,25.0,0.0,1.0,0.050000000000000044,1.2861275700852275,1.2861275700852275,0.0
standard_dqn,816,311,90.13967329263687,82.48669433102013,31.253639057278633,58.88603435456753,1.5599768655374646,17628.349925994873,0.0,27.0,0.0,1.0,0.050000000000000044,1.0479229018092155,1.0479229018092155,0.0
standard_dqn,816,312,87.99984446167946,83.1885008416325,30.780162625014782,57.219681829214096,1.5754789104685187,17558.178560256958,0.0,27.0,0.0,0.0,0.050000000000000044,1.1721130516380072,1.1721130516380072,0.0
standard_dqn,816,313,65.42948631197214,81.60733389809728,25.47688440233469,39.952602073550224,1.4197611641138792,14950.918418884277,0.0,20.0,0.0,0.0,0.050000000000000044,1.0926701128482819,1.0926701128482819,0.0
standard_dqn,816,314,76.60202517658472,82.72878873571753,27.991662077605724,48.61036278605461,1.442021481692791,15528.154850006104,0.0,22.0,0.0,3.0,0.050000000000000044,0.9662328120321035,0.9662328120321035,0.0
standard_dqn,816,315,80.0274873316288,82.61009186960757,28.333773333579302,51.69371377825737,1.476972528733313,15864.819688796997,0.0,24.0,0.0,1.0,0.050000000000000044,1.048121839761734,1.048121839761734,0.0
standard_dqn,816,316,79.1547028645873,82.3513885819167,28.258612424135208,50.8960907459259,1.4709546128287911,15871.849681854248,0.0,24.0,0.0,0.0,0.050000000000000044,1.1420939601957798,1.1420939601957798,0.0
standard_dqn,816,317,86.54477640390397,83.36008196078242,32.661101050674915,53.88367513716221,1.5741299744695425,18109.188064575195,0.0,24.0,0.0,1.0,0.050000000000000044,0.9659724235534668,0.9659724235534668,0.0
standard_dqn,816,318,98.02662465274334,83.83837585099042,34.910699620842934,63.115924555063245,1.6547569250687957,19676.07525253296,0.0,28.0,0.0,3.0,0.050000000000000044,1.1594763603061438,1.1594763603061438,0.0
standard_dqn,816,319,82.14151405543089,82.9758488508314,27.957555875182152,54.18395771086216,1.488301849924028,15981.643730163574,0.0,24.0,0.0,0.0,0.050000000000000044,1.2169050052762032,1.2169050052762032,0.0
standard_dqn,816,320,79.67981554567814,82.12729747682809,28.9808446764946,50.698971554636955,1.5038924515247345,16133.45881652832,0.0,24.0,0.0,0.0,0.050000000000000044,1.1121539883315563,1.1121539883315563,0.0
standard_dqn,816,321,77.3816697448492,81.96949882030486,28.68358277529478,48.69808669388294,1.4962884662672877,16264.690872192383,0.0,23.0,0.0,0.0,0.050000000000000044,1.3774928264319897,1.3774928264319897,0.0
standard_dqn,816,322,77.21916208416224,81.21636371426284,27.237253837287426,49.98190860450268,1.500923179090023,16035.82559967041,0.0,26.0,0.0,0.0,0.050000000000000044,1.2849693708121777,1.2849693708121777,0.0
standard_dqn,816,323,95.65733866542578,82.52957151316107,32.72403110563755,62.933307313919066,1.5979911712929606,18774.360996246338,0.0,27.0,0.0,1.0,0.050000000000000044,1.0763553213328123,1.0763553213328123,0.0
standard_dqn,816,324,99.3710708618164,82.97883187875152,33.14678193628788,66.22428886592388,1.606869300827384,18890.15114212036,0.0,30.0,0.0,0.0,0.050000000000000044,0.815669372677803,0.815669372677803,0.0
standard_dqn,816,325,82.83930330127478,83.26624947279693,31.736771769821644,51.1025311589241,1.5832033725455403,18403.418531417847,0.0,23.0,0.0,2.0,0.050000000000000044,1.0083439573645592,1.0083439573645592,0.0
standard_dqn,816,326,91.2024348244071,83.88510165870191,31.0190542191267,60.18338047862053,1.516044706106186,17219.758491516113,0.0,27.0,0.0,2.0,0.050000000000000044,1.2483322713524103,1.2483322713524103,0.0
standard_dqn,816,327,89.50985765457153,84.28411411099137,31.923066645860672,57.586790814995766,1.5378069980069995,17647.92109489441,0.0,26.0,0.0,0.0,0.050000000000000044,1.3211115598678589,1.3211115598678589,0.0
standard_dqn,816,328,95.94729465395213,84.8057931752503,32.46114856004715,63.48614581823349,1.5629386780783534,17916.39111328125,0.0,30.0,0.0,1.0,0.050000000000000044,1.277474919334054,1.277474919334054,0.0
standard_dqn,816,329,57.453977316617966,83.81304242394866,24.964746817946434,32.48923057317734,1.3582426868379116,13716.486103057861,0.0,18.0,0.0,1.0,0.050000000000000044,1.0432269293814898,1.0432269293814898,0.0
standard_dqn,816,330,62.18331800699234,82.72556886054575,26.692878678441048,35.49043979048729,1.399335926398635,14601.234161376953,0.0,20.0,0.0,2.0,0.050000000000000044,1.2198946615681052,1.2198946615681052,0.0
standard_dqn,816,331,75.60510563254357,81.9988404775411,27.759451523423195,47.84565486907959,1.4575488222762942,15815.78722000122,0.0,23.0,0.0,1.0,0.050000000000000044,1.3937309216707945,1.3937309216707945,0.0
standard_dqn,816,332,89.16424808055163,82.0570606584847,31.200977630913258,57.96327061355114,1.5492452830076218,17536.0625,0.0,25.0,0.0,3.0,0.050000000000000044,1.1510570272803307,1.1510570272803307,0.0
standard_dqn,816,333,84.02239420413972,82.98670605309309,29.66181428730488,54.36058019995689,1.5450183814391494,17262.437965393066,0.0,24.0,0.0,1.0,0.050000000000000044,1.0159846264868975,1.0159846264868975,0.0
standard_dqn,816,334,80.74197351932526,83.19370347023012,28.504383228719234,52.23759035766125,1.4923776993528008,16251.85443687439,0.0,24.0,0.0,0.0,0.050000000000000044,1.1697189807891846,1.1697189807891846,0.0
standard_dqn,816,335,78.02473844587803,83.09356602594258,29.98390255868435,48.04083603620529,1.51710223313421,16792.146366119385,0.0,22.0,0.0,0.0,0.050000000000000044,1.2286763843148947,1.2286763843148947,0.0
standard_dqn,816,336,87.49429969489574,83.51054586745799,29.492134392261505,58.00216497480869,1.5387537265196443,16966.37566757202,0.0,27.0,0.0,1.0,0.050000000000000044,1.092541097663343,1.092541097663343,0.0
standard_dqn,816,337,88.5868328511715,83.61264868982137,28.95703176409006,59.629801511764526,1.48364866245538,16151.996170043945,0.0,27.0,0.0,1.0,0.050000000000000044,1.0099688181653619,1.0099688181653619,0.0
standard_dqn,816,338,85.74607307165861,82.99862111076713,29.195778243243694,56.55029470920563,1.5015412913635373,16143.065322875977,0.0,26.0,0.0,5.0,0.050000000000000044,1.1422844175249338,1.1422844175249338,0.0
standard_dqn,816,339,82.44038217663766,83.01356451682747,28.609265960752964,53.83111589550972,1.4871073001995683,15868.148784637451,0.0,25.0,0.0,1.0,0.050000000000000044,0.9876567469909787,0.9876567469909787,0.0
standard_dqn,816,340,75.61516561508179,82.81033202029765,28.437287837266922,47.177877286076544,1.4817566936835647,16077.575435638428,0.0,21.0,0.0,1.0,0.050000000000000044,1.1813516058027744,1.1813516058027744,0.0
standard_dqn,816,341,93.43747593462467,83.61312232978642,31.382174231112003,62.05530205368996,1.6051895404234529,18219.600540161133,0.0,28.0,0.0,1.0,0.050000000000000044,1.124555153772235,1.124555153772235,0.0
standard_dqn,816,342,90.54536217600108,84.27943233437838,31.4593448266387,59.08601684272289,1.5419993130490184,17130.521827697754,0.0,26.0,0.0,1.0,0.050000000000000044,1.1525127086788416,1.1525127086788416,0.0
standard_dqn,816,343,58.86351705342531,82.43974125377835,25.22228579968214,33.64123111963272,1.3889738721773028,13872.988403320312,0.0,17.0,0.0,0.0,0.050000000000000044,1.2309291139245033,1.2309291139245033,0.0
standard_dqn,816,344,78.12226522862912,81.37730097211899,29.158096209168434,48.96416946649551,1.5174439521506429,16725.14751434326,0.0,24.0,0.0,2.0,0.050000000000000044,1.0059584779664874,1.0059584779664874,0.0
standard_dqn,816,345,88.9672107771039,81.68369634591043,30.895584881305695,58.07162557542324,1.5289039695635438,17415.873428344727,0.0,26.0,0.0,0.0,0.050000000000000044,1.1292309267446399,1.1292309267446399,0.0
standard_dqn,816,346,93.70533525496721,81.80884136743845,30.6681452319026,63.037190082669255,1.5446164552122355,17327.18418121338,0.0,28.0,0.0,2.0,0.050000000000000044,1.1525603644549847,1.1525603644549847,0.0
standard_dqn,816,347,89.03527039438487,81.78511200442912,31.82239456474781,57.21287586688995,1.5926110707223415,18286.834518432617,0.0,26.0,0.0,1.0,0.050000000000000044,1.3356321603059769,1.3356321603059769,0.0
standard_dqn,816,348,91.90604165196419,81.58304935432972,31.186671793460846,60.719369783997536,1.56418217997998,17820.055114746094,0.0,27.0,0.0,0.0,0.050000000000000044,1.3815350653603673,1.3815350653603673,0.0
standard_dqn,816,349,83.76947182416916,82.89882407970727,29.289626218378544,54.47984570264816,1.4663653383031487,16206.055965423584,0.0,26.0,0.0,0.0,0.050000000000000044,1.1739152260124683,1.1739152260124683,0.0
standard_dqn,816,350,88.04212396740914,84.19176437772812,31.031147196888924,57.010976099967955,1.521627445705235,17473.92603302002,0.0,27.0,0.0,1.0,0.050000000000000044,1.1511119492352009,1.1511119492352009,0.0
standard_dqn,816,351,89.5803237348795,84.89052528284492,30.635137677192688,58.94518589377403,1.5925208171829581,17615.30626296997,0.0,28.0,0.0,1.0,0.050000000000000044,1.067865276709199,1.067865276709199,0.0
standard_dqn,816,352,89.24735107272863,84.89468043245377,30.664329573512077,58.583021372556686,1.5358407385647297,17499.865631103516,0.0,27.0,0.0,1.0,0.050000000000000044,1.0831785909831524,1.0831785909831524,0.0
standard_dqn,816,353,72.63952031731606,84.32553673811258,27.702585741877556,44.936934143304825,1.4524959903210402,15405.229808807373,0.0,21.0,0.0,2.0,0.050000000000000044,1.0575142977759242,1.0575142977759242,0.0
standard_dqn,816,354,88.46410198509693,84.71164316140116,30.013387106359005,58.45071490108967,1.4608390228822827,16288.301830291748,0.0,26.0,0.0,0.0,0.050000000000000044,1.1653321534395218,1.1653321534395218,0.0
standard_dqn,816,355,88.11462558954955,85.21613751858474,30.74565539509058,57.36896965801716,1.5690898317843676,17349.040189743042,0.0,27.0,0.0,3.0,0.050000000000000044,0.8633792763575912,0.8633792763575912,0.0
standard_dqn,816,356,47.8370244294405,83.23327375531198,21.421692185103893,26.41533256471157,1.3042740486562252,12290.970600128174,0.0,17.0,0.0,1.0,0.050000000000000044,1.2051889523863792,1.2051889523863792,0.0
standard_dqn,816,357,82.87693644315004,82.94777893491091,28.54780452698469,54.329131841659546,1.4775476763024926,15911.737545013428,0.0,25.0,0.0,2.0,0.050000000000000044,1.4565830640494823,1.4565830640494823,0.0
standard_dqn,816,358,91.65620804727078,83.24328568369151,31.874371111392975,59.781837278604506,1.5840409956872463,18008.08543395996,0.0,28.0,0.0,1.0,0.050000000000000044,1.018454502336681,1.018454502336681,0.0
standard_dqn,816,359,84.10244029164315,83.32638858944179,30.612038418650627,53.49040194749832,1.5500393388792872,17677.028553009033,0.0,24.0,0.0,1.0,0.050000000000000044,1.3597532771527767,1.3597532771527767,0.0
standard_dqn,816,360,77.68268464505672,83.42976454094052,29.274251520633698,48.40843316912651,1.504643120802939,16306.526529312134,0.0,22.0,0.0,1.0,0.050000000000000044,1.0508909104391932,1.0508909104391932,0.0
standard_dqn,816,361,76.52810056507587,82.5842957724631,26.17380703240633,50.35429374873638,1.43038793746382,14977.196851730347,0.0,25.0,0.0,2.0,0.050000000000000044,1.314651757478714,1.314651757478714,0.0
standard_dqn,816,362,88.84758689254522,82.49940700829029,31.348851643502712,57.49873545765877,1.56132906768471,17814.64691925049,0.0,25.0,0.0,0.0,0.050000000000000044,1.0973417591303587,1.0973417591303587,0.0
standard_dqn,816,363,78.18501258641481,83.46548178493977,27.54850797355175,50.63650527596474,1.4682179847732186,15676.383737564087,0.0,24.0,0.0,2.0,0.050000000000000044,1.1125414101406932,1.1125414101406932,0.0
standard_dqn,816,364,76.01027739197016,83.35988239310682,28.071653492748737,47.93862380981445,1.5303781414404511,16507.478687286377,0.0,22.0,0.0,4.0,0.050000000000000044,1.2726426403969526,1.2726426403969526,0.0
standard_dqn,816,365,70.95765530616045,82.45940461955965,26.398518957197666,44.55913573801517,1.433032521046698,14468.948823928833,0.0,21.0,0.0,2.0,0.050000000000000044,1.4302714485675097,1.4302714485675097,0.0
standard_dqn,816,366,75.93027098476887,81.57065140604973,26.983784325420856,48.946486473083496,1.4651861637830734,15476.690231323242,0.0,23.0,0.0,0.0,0.050000000000000044,1.050570659339428,1.050570659339428,0.0
standard_dqn,816,367,89.39027001857758,81.58840138725938,28.720794841647148,60.66947459578514,1.5220222873613238,16987.25996017456,0.0,26.0,0.0,3.0,0.050000000000000044,1.0405550338327885,1.0405550338327885,0.0
standard_dqn,816,368,98.21776123791933,81.90398736655713,36.14171294122934,62.07604816257954,1.6388883590698242,20107.233158111572,0.0,26.0,0.0,3.0,0.050000000000000044,1.3427669033408165,1.3427669033408165,0.0
standard_dqn,816,369,70.57274002730847,81.2441507767141,26.115632466971874,44.45710783600807,1.425116028636694,14806.674110412598,0.0,22.0,0.0,3.0,0.050000000000000044,1.0571215506643057,1.0571215506643057,0.0
standard_dqn,816,370,69.17614465206861,80.30085181094708,25.893101565539837,43.283043041825294,1.4330629920586944,14851.34281539917,0.0,21.0,0.0,0.0,0.050000000000000044,1.0860757138580084,1.0860757138580084,0.0
standard_dqn,816,371,97.91433727145196,80.71755248777569,33.433921322226524,64.48041581511498,1.6272440450266004,19239.976249694824,0.0,28.0,0.0,2.0,0.050000000000000044,1.1098137088119984,1.1098137088119984,0.0
standard_dqn,816,372,92.04839101433754,80.85760448485614,30.731162890791893,61.31722801923752,1.5553327752277255,17563.524055480957,0.0,28.0,0.0,0.0,0.050000000000000044,1.1366427093744278,1.1366427093744278,0.0
standard_dqn,816,373,81.01121983677149,81.27618946082892,29.990264877676964,51.020955085754395,1.5098704835399985,16584.36037826538,0.0,23.0,0.0,0.0,0.050000000000000044,0.9931255485862494,0.9931255485862494,0.0
standard_dqn,816,374,82.59568207859994,80.98276846550407,28.725673280656338,53.87000876069069,1.4770713783800602,15744.376014709473,0.0,24.0,0.0,2.0,0.050000000000000044,0.9721536990255117,0.9721536990255117,0.0
standard_dqn,816,375,61.835724264383316,79.66882339924575,25.440361753106117,36.39536273479462,1.371458095498383,14160.764804840088,0.0,20.0,0.0,1.0,0.050000000000000044,1.1994836740195751,1.1994836740195751,0.0
standard_dqn,816,376,97.80092839896679,82.16701859772206,31.796609118580818,66.0043193101883,1.5975145613774657,18099.044506072998,0.0,28.0,0.0,1.0,0.050000000000000044,1.0226872190833092,1.0226872190833092,0.0
standard_dqn,816,377,68.33696410357952,81.44001998074353,25.44440858066082,42.8925553292036,1.4202024638652802,14436.740432739258,0.0,21.0,0.0,4.0,0.050000000000000044,1.3515534326434135,1.3515534326434135,0.0
standard_dqn,816,378,92.85365229994059,81.49989219337702,32.68868423253298,60.1649687230587,1.5779471304267645,18516.619384765625,0.0,26.0,0.0,1.0,0.050000000000000044,1.174465810880065,1.174465810880065,0.0
standard_dqn,816,379,51.02754061222076,79.8461472094059,23.02133746445179,28.006203058362008,1.3721653139218688,13413.284679412842,0.0,16.0,0.0,2.0,0.050000000000000044,1.189166285097599,1.189166285097599,0.0
standard_dqn,816,380,93.12941062450409,80.61848350837826,31.363137736916542,61.766272976994514,1.5767277963459492,17839.76787185669,0.0,27.0,0.0,0.0,0.050000000000000044,0.8338274043053389,0.8338274043053389,0.0
standard_dqn,816,381,66.28345859050751,80.10625140964986,27.18976503610611,39.093693271279335,1.4635653039440513,15437.799373626709,0.0,20.0,0.0,1.0,0.050000000000000044,1.2636080784723163,1.2636080784723163,0.0
standard_dqn,816,382,59.703390687704086,78.6490415994078,23.996834635734558,35.70655584335327,1.3921021576970816,14006.731029510498,0.0,20.0,0.0,0.0,0.050000000000000044,1.0726069612428546,1.0726069612428546,0.0
standard_dqn,816,383,81.90266044437885,78.83492399230599,29.290624894201756,52.612035632133484,1.4944779863581061,16506.893281936646,0.0,24.0,0.0,0.0,0.050000000000000044,1.0857058577239513,1.0857058577239513,0.0
standard_dqn,816,384,74.06633734107018,78.737726989761,26.832557767629623,47.23377903699875,1.461982861161232,15332.569938659668,0.0,23.0,0.0,1.0,0.050000000000000044,1.1577642634510994,1.1577642634510994,0.0
standard_dqn,816,385,69.61549498140812,78.67061897352339,26.52859877049923,43.086896389722824,1.408654609695077,14715.692804336548,0.0,22.0,0.0,1.0,0.050000000000000044,1.1614382360130548,1.1614382360130548,0.0
standard_dqn,816,386,56.789352187514304,77.71357303366065,22.646933995187283,34.142418110370635,1.3351010419428349,12549.914318084717,0.0,19.0,0.0,1.0,0.050000000000000044,1.4139414727687836,1.4139414727687836,0.0
standard_dqn,816,387,91.22563042640687,77.80534105405214,30.30345206707716,60.922178947925566,1.5332830799743533,17409.107650756836,0.0,27.0,0.0,1.0,0.050000000000000044,1.118181113153696,1.118181113153696,0.0
standard_dqn,816,388,70.92613568156958,76.44075977623463,27.735369347035885,43.19076657295227,1.4324310515075922,15121.534412384033,0.0,21.0,0.0,0.0,0.050000000000000044,1.09637744538486,1.09637744538486,0.0
standard_dqn,816,389,76.92275689840316,76.75826061978937,28.99755184352398,47.925204905867574,1.4915535589680076,16196.92855834961,0.0,23.0,0.0,3.0,0.050000000000000044,1.1621681433171034,1.1621681433171034,0.0
standard_dqn,816,390,70.83307969719172,76.84110737204551,26.82707966864109,44.00600021481514,1.4486814364790916,15096.869548797607,0.0,22.0,0.0,2.0,0.050000000000000044,1.1448268685489893,1.1448268685489893,0.0
standard_dqn,816,391,75.04284183681011,75.69753260031342,26.765539593994617,48.2773023545742,1.4392686793580651,14849.174217224121,0.0,24.0,0.0,0.0,0.050000000000000044,1.2719926312565804,1.2719926312565804,0.0
standard_dqn,816,392,94.30835771709681,75.8105309354514,31.40508186072111,62.90327511131763,1.5532508827745914,17806.90795135498,0.0,28.0,0.0,1.0,0.050000000000000044,1.200687799602747,1.200687799602747,0.0
standard_dqn,816,393,87.73487219959497,76.14671355359258,30.427104644477367,57.30776770412922,1.5803153226152062,17859.039909362793,0.0,26.0,0.0,1.0,0.050000000000000044,1.179272085428238,1.179272085428238,0.0
standard_dqn,816,394,83.66816115379333,76.20033750735224,29.543087273836136,54.12507423758507,1.4891947442665696,16315.212215423584,0.0,25.0,0.0,0.0,0.050000000000000044,1.3031140342354774,1.3031140342354774,0.0
standard_dqn,816,395,90.20614140629769,77.61885836444796,30.704006358981133,59.50213507711887,1.5305463671684265,17413.4271774292,0.0,27.0,0.0,3.0,0.050000000000000044,1.8688376247882843,1.8688376247882843,0.0
standard_dqn,816,396,80.63859281092883,76.76074158504606,28.677351020276546,51.96124164164066,1.4933522483333945,16280.95065689087,0.0,24.0,0.0,1.0,0.050000000000000044,1.3059741500765085,1.3059741500765085,0.0
standard_dqn,816,397,95.86054514497519,78.13692063711585,32.03816554695368,63.82237913608551,1.591630969196558,18397.50872039795,0.0,28.0,0.0,2.0,0.050000000000000044,1.3653445690870285,1.3653445690870285,0.0
standard_dqn,816,398,94.86271400004625,78.23737372212113,32.88056316226721,61.982150584459305,1.6223289063200355,19035.59743118286,0.0,29.0,0.0,0.0,0.050000000000000044,1.2037576735019684,1.2037576735019684,0.0
standard_dqn,816,399,70.38379696011543,79.20518653951586,25.99175750464201,44.39203964173794,1.4307014234364033,15136.848731994629,0.0,23.0,0.0,0.0,0.050000000000000044,1.2745825350284576,1.2745825350284576,0.0
standard_dqn,816,400,73.29496410489082,78.21346421353519,28.266288608312607,45.02867539227009,1.5158846452832222,16100.567558288574,0.0,22.0,0.0,2.0,0.050000000000000044,1.1047227904200554,1.1047227904200554,0.0
standard_dqn,816,401,84.22084377110005,79.11033347256482,27.723027989268303,56.49781555831432,1.4898278983309865,15892.378406524658,0.0,27.0,0.0,2.0,0.050000000000000044,1.1479171346873045,1.1479171346873045,0.0
standard_dqn,816,402,83.55670960247517,80.30299941830337,29.070686787366867,54.486022502183914,1.4961375566199422,16208.580640792847,0.0,25.0,0.0,0.0,0.050000000000000044,1.400529384613037,1.400529384613037,0.0
standard_dqn,816,403,74.11869237720967,79.91380101494492,28.033406026661396,46.085285955667494,1.4530320698395371,15397.378810882568,0.0,21.0,0.0,3.0,0.050000000000000044,1.2377821989357471,1.2377821989357471,0.0
standard_dqn,816,404,85.42674306184054,80.48182130098344,29.975421749055386,55.451321402192114,1.5020005274564028,16767.881469726562,0.0,26.0,0.0,1.0,0.050000000000000044,1.0410086084157228,1.0410086084157228,0.0
standard_dqn,816,405,73.43056316673756,80.6725747102499,27.485122583806515,45.94544015824795,1.4346335101872683,15466.354049682617,0.0,22.0,0.0,0.0,0.050000000000000044,1.1484465543180704,1.1484465543180704,0.0
standard_dqn,816,406,76.09038227796555,81.63762621477247,27.83268963545561,48.257692724466324,1.454301618039608,15421.001163482666,0.0,23.0,0.0,0.0,0.050000000000000044,1.058272771537304,1.058272771537304,0.0
standard_dqn,816,407,97.6359491288662,81.95814214989544,32.33603921532631,65.29991012215615,1.5760217430070043,18284.091064453125,0.0,29.0,0.0,1.0,0.050000000000000044,1.0864441264420748,1.0864441264420748,0.0
standard_dqn,816,408,68.56551908701658,81.84011132016778,26.143288366496563,42.42223107814789,1.4385277517139912,14782.535278320312,0.0,20.0,0.0,0.0,0.050000000000000044,1.108107527717948,1.108107527717948,0.0
standard_dqn,816,409,108.47236835956573,83.41759189322592,35.91222742199898,72.56014060974121,1.6439250772818923,20023.383640289307,0.0,32.0,0.0,2.0,0.050000000000000044,1.0006021354347467,1.0006021354347467,0.0
standard_dqn,816,410,84.02232652902603,84.07705423481762,27.3491073846817,56.67321893572807,1.4518222715705633,15887.94548034668,0.0,28.0,0.0,0.0,0.050000000000000044,1.1762537825852633,1.1762537825852633,0.0
standard_dqn,816,411,69.53137194514275,83.80148074023427,27.882741697132587,41.64863025546074,1.4202011469751596,15408.928211212158,0.0,22.0,0.0,2.0,0.050000000000000044,1.2783940955996513,1.2783940955996513,0.0
standard_dqn,816,412,69.87552953511477,82.57983933113516,26.960277162492275,42.915252044796944,1.4270758479833603,15327.86334991455,0.0,22.0,0.0,2.0,0.050000000000000044,1.0103666773065925,1.0103666773065925,0.0
standard_dqn,816,413,73.72700490802526,81.87944596655667,26.85820873081684,46.86879613995552,1.4502149783074856,15367.45645904541,0.0,24.0,0.0,2.0,0.050000000000000044,1.6335599198937416,1.6335599198937416,0.0
standard_dqn,816,414,69.06787993311882,81.14943190552295,27.072971157729626,41.99490876793861,1.4445155831053853,15645.567813873291,0.0,20.0,0.0,3.0,0.050000000000000044,1.5114327855408192,1.5114327855408192,0.0
standard_dqn,816,415,72.98210895210505,80.28823028281332,27.221966914832592,45.760142216086386,1.4623753651976585,15382.873386383057,0.0,21.0,0.0,2.0,0.050000000000000044,0.9624884491786361,0.9624884491786361,0.0
standard_dqn,816,416,90.25668236017228,80.76913476027549,31.51835960149765,58.73832223713398,1.5938071543350816,18049.372192382812,0.0,27.0,0.0,1.0,0.050000000000000044,0.9365976685658097,0.9365976685658097,0.0
standard_dqn,816,417,75.90971666574478,79.77159333631397,27.3622405230999,48.54747611284256,1.4610626827925444,15213.67811203003,0.0,24.0,0.0,1.0,0.050000000000000044,1.2115151192992926,1.2115151192992926,0.0
standard_dqn,816,418,79.23500672131777,78.99020797237755,29.31051144748926,49.92449524402618,1.5058851996436715,16494.031259536743,0.0,23.0,0.0,1.0,0.050000000000000044,1.2992130452767015,1.2992130452767015,0.0
standard_dqn,816,419,67.28444566577673,78.83524040766062,26.395335488021374,40.8891109675169,1.4069872042164207,14465.596000671387,0.0,21.0,0.0,1.0,0.050000000000000044,1.3233705004677176,1.3233705004677176,0.0
standard_dqn,816,420,84.6312348395586,79.402053944394,30.996411740779877,53.634823471307755,1.5789146684110165,17660.12809753418,0.0,24.0,0.0,3.0,0.050000000000000044,0.9704663902521133,0.9704663902521133,0.0
standard_dqn,816,421,83.63157797604799,79.3725906546414,30.368691064417362,53.262886703014374,1.5354565791785717,16854.46027946472,0.0,25.0,0.0,1.0,0.050000000000000044,1.3447196520864964,1.3447196520864964,0.0
standard_dqn,816,422,71.86712023615837,78.78811118632555,27.19716653227806,44.66995361447334,1.4915747782215476,16055.340007781982,0.0,22.0,0.0,1.0,0.050000000000000044,1.0757072772830725,1.0757072772830725,0.0
standard_dqn,816,423,80.15579611957074,79.08996637344362,29.940730087459087,50.21506587564945,1.5337712205946445,17021.95369720459,0.0,24.0,0.0,1.0,0.050000000000000044,1.06114742718637,1.06114742718637,0.0
standard_dqn,816,424,79.21862498819829,78.77956046976149,29.525744751095772,49.69288025200367,1.5060786129906774,17119.146883010864,0.0,24.0,0.0,2.0,0.050000000000000044,1.0635854825377464,1.0635854825377464,0.0
standard_dqn,816,425,83.38359523713589,79.27721207328142,28.84301720559597,54.54057774841785,1.5066315084695816,16777.836917877197,0.0,26.0,0.0,3.0,0.050000000000000044,0.9589923480525613,0.9589923480525613,0.0
standard_dqn,816,426,79.14207399636507,79.4297966592014,29.679927997291088,49.46214646100998,1.492052068002522,16591.668308258057,0.0,23.0,0.0,2.0,0.050000000000000044,0.9989046696573496,0.9989046696573496,0.0
standard_dqn,816,427,83.4674404412508,78.72137122482063,30.190142929553986,53.27729770541191,1.5345256570726633,17284.831844329834,0.0,25.0,0.0,1.0,0.050000000000000044,1.2526675835251808,1.2526675835251808,0.0
standard_dqn,816,428,65.73964381366969,78.58007746115328,25.95679361373186,39.78284945487976,1.3954907543957233,14294.902309417725,0.0,21.0,0.0,1.0,0.050000000000000044,1.351406398229301,1.351406398229301,0.0
standard_dqn,816,429,82.086899022758,77.26080399431288,30.507742784917355,51.579156565666196,1.5278790313750505,17349.70525741577,0.0,24.0,0.0,2.0,0.050000000000000044,0.920600051060319,0.920600051060319,0.0
standard_dqn,816,430,75.0991312429309,76.81464423000814,29.307137928903103,45.791993448138236,1.4937331276014447,16506.19553375244,0.0,24.0,0.0,1.0,0.050000000000000044,1.344208512455225,1.344208512455225,0.0
standard_dqn,816,431,78.58473808467389,77.26731253698469,27.840212769806385,50.74452541172504,1.471391223371029,15933.314674377441,0.0,23.0,0.0,2.0,0.050000000000000044,1.1028321497142315,1.1028321497142315,0.0
standard_dqn,816,432,84.03089573979378,77.97508084721865,28.1751611456275,55.85573461651802,1.4432070208713412,15682.046920776367,0.0,25.0,0.0,0.0,0.050000000000000044,1.4033425077795982,1.4033425077795982,0.0
standard_dqn,816,433,69.36997836828232,77.7572295202315,23.90206468105316,45.4679137468338,1.3926050439476967,13884.515483856201,0.0,23.0,0.0,1.0,0.050000000000000044,1.5140758212655783,1.5140758212655783,0.0
standard_dqn,816,434,92.06023637205362,78.90684734217822,31.725328370928764,60.33490851521492,1.6100123226642609,18076.38018989563,0.0,27.0,0.0,1.0,0.050000000000000044,1.0340718533843756,1.0340718533843756,0.0
standard_dqn,816,435,77.62459703683854,79.13897174641491,27.649157233536243,49.97543985545635,1.4903587978333235,16149.497707366943,0.0,25.0,0.0,1.0,0.050000000000000044,1.4423133181408048,1.4423133181408048,0.0
standard_dqn,816,436,84.95351642519236,78.87381344966592,29.76244155317545,55.191074752807616,1.5189413810148835,17057.409229278564,0.0,25.0,0.0,2.0,0.050000000000000044,1.0858307406306267,1.0858307406306267,0.0
standard_dqn,816,437,70.08087308704853,78.5823712707311,26.462871834635735,43.61800119280815,1.4450681917369366,15259.09183883667,0.0,23.0,0.0,0.0,0.050000000000000044,0.9220594232901931,0.9220594232901931,0.0
standard_dqn,816,438,88.35094949603081,79.03816840946675,29.20871141552925,59.142237931489944,1.5465252120047808,16972.992727279663,0.0,27.0,0.0,1.0,0.050000000000000044,1.2238978762179613,1.2238978762179613,0.0
standard_dqn,816,439,94.32929325252772,80.3904107888043,33.29955983161926,61.02973377108574,1.6138263447210193,18982.05365753174,0.0,26.0,0.0,1.0,0.050000000000000044,1.1415441781282425,1.1415441781282425,0.0
standard_dqn,816,440,82.47790614962578,80.28274435430765,28.38362104445696,54.09428523182869,1.4847130654379725,16225.994403839111,0.0,24.0,0.0,3.0,0.050000000000000044,1.2417303659021854,1.2417303659021854,0.0
standard_dqn,816,441,52.93826598376036,78.74807875469328,23.689577981829643,29.248688262701034,1.3358157528564334,13281.582244873047,0.0,17.0,0.0,3.0,0.050000000000000044,1.2583870105445385,1.2583870105445385,0.0
standard_dqn,816,442,92.33678174763918,79.77156183026732,32.00029753893614,60.33648444712162,1.560794343240559,17882.74384689331,0.0,27.0,0.0,0.0,0.050000000000000044,1.2369666583836079,1.2369666583836079,0.0
standard_dqn,816,443,98.62536714971066,80.6950403817743,30.326890639960766,68.29847674071789,1.5807108134031296,17474.08376312256,0.0,32.0,0.0,2.0,0.050000000000000044,1.2476903973147273,1.2476903973147273,0.0
standard_dqn,816,444,86.08905428051949,81.03856184639038,30.64234246313572,55.44671159386635,1.520416209474206,17207.64281463623,0.0,27.0,0.0,1.0,0.050000000000000044,1.220687109977007,1.220687109977007,0.0
standard_dqn,816,445,71.29128942787648,80.4339465559274,26.331291116774082,44.95999767780304,1.4348064754158258,15076.339653015137,0.0,23.0,0.0,2.0,0.050000000000000044,1.1184360198676586,1.1184360198676586,0.0
standard_dqn,816,446,74.90231713801623,80.22195871300997,26.612859338521957,48.28945822417736,1.4304973669350147,15082.24850845337,0.0,24.0,0.0,1.0,0.050000000000000044,1.0711863627657294,1.0711863627657294,0.0
standard_dqn,816,447,76.955526009202,79.89636299140753,29.108207285404205,47.84731864929199,1.472458659671247,16298.097938537598,0.0,24.0,0.0,0.0,0.050000000000000044,1.0881022801622748,1.0881022801622748,0.0
standard_dqn,816,448,69.23222898840905,80.0709922501445,27.532290242612362,41.69993803799152,1.4261712078005075,15567.87973022461,0.0,21.0,0.0,1.0,0.050000000000000044,1.0873879129067063,1.0873879129067063,0.0
standard_dqn,816,449,74.76492168903351,79.70489338345827,27.891329005360603,46.87359286248684,1.4943776400759816,16122.97348022461,0.0,22.0,0.0,1.0,0.050000000000000044,1.0490382220596075,1.0490382220596075,0.0
standard_dqn,816,450,85.52190967649221,80.22603230513633,30.22088836878538,55.30102115869522,1.5180829940363765,16906.814556121826,0.0,25.0,0.0,0.0,0.050000000000000044,1.2814494967460632,1.2814494967460632,0.0
standard_dqn,816,451,81.42439128607512,80.3680149652064,30.319395326077938,51.10499603450298,1.5481187058612704,17207.91393661499,0.0,23.0,0.0,1.0,0.050000000000000044,1.102778721600771,1.102778721600771,0.0
standard_dqn,816,452,64.45121816694737,79.38903108656407,25.096987932920456,39.35423011481762,1.4005533894523978,14677.316036224365,0.0,19.0,0.0,1.0,0.050000000000000044,1.1051930114626884,1.1051930114626884,0.0
standard_dqn,816,453,86.58602057397366,80.24983319684864,29.749691516160965,56.83632808923721,1.543426432646811,17697.17213821411,0.0,25.0,0.0,0.0,0.050000000000000044,1.1057373695075512,1.1057373695075512,0.0
standard_dqn,816,454,95.80959714949131,80.43730123572053,32.06941741704941,63.74017985165119,1.5989897875115275,18133.080379486084,0.0,28.0,0.0,0.0,0.050000000000000044,1.1996935792267323,1.1996935792267323,0.0
standard_dqn,816,455,64.95981885045767,79.80406232640146,24.997424587607384,39.962394046783444,1.4055469492450356,14424.877239227295,0.0,21.0,0.0,4.0,0.050000000000000044,1.3571336083114147,1.3571336083114147,0.0
standard_dqn,816,456,83.918791487813,79.7523260795325,29.934872061014175,53.983919605612755,1.5288984524086118,16894.184438705444,0.0,25.0,0.0,0.0,0.050000000000000044,1.3290451746433973,1.3290451746433973,0.0
standard_dqn,816,457,88.2152608782053,80.65904546909033,29.62196560949087,58.5932952016592,1.5110166845843196,16711.95677947998,0.0,27.0,0.0,0.0,0.050000000000000044,1.2850011251866817,1.2850011251866817,0.0
standard_dqn,816,458,78.0192313566804,80.14245956212281,28.841358490288258,49.17787270247936,1.5228991126641631,16838.36803627014,0.0,24.0,0.0,2.0,0.050000000000000044,1.2305877842009068,1.2305877842009068,0.0
standard_dqn,816,459,76.09090805947781,79.23054030247033,29.375497967004776,46.7154102563858,1.48307762760669,16621.758388519287,0.0,24.0,0.0,1.0,0.050000000000000044,1.1261028721928596,1.1261028721928596,0.0
standard_dqn,816,460,83.17577909082175,79.26543394953015,28.25237799435854,54.92340118587017,1.4753709202632308,15992.705898284912,0.0,26.0,0.0,2.0,0.050000000000000044,1.1573375575244427,1.1573375575244427,0.0
standard_dqn,816,461,80.41905650496483,80.63947347559035,28.85366854071617,51.56538811326027,1.5299380794167519,16956.340578079224,0.0,24.0,0.0,0.0,0.050000000000000044,1.0070285946130753,1.0070285946130753,0.0
standard_dqn,816,462,73.7333929926157,79.70930403783919,27.20729051530361,46.526102566719054,1.4547298969700933,15294.130718231201,0.0,24.0,0.0,1.0,0.050000000000000044,1.1229771915823221,1.1229771915823221,0.0
standard_dqn,816,463,71.56574049592018,78.35632270514967,26.26649183779955,45.29924827814102,1.4451404064893723,15301.467769622803,0.0,22.0,0.0,0.0,0.050000000000000044,1.1895456165075302,1.1895456165075302,0.0
standard_dqn,816,464,88.35058529675007,78.46939925596118,31.462675519287586,56.887909963727,1.5582120101898909,17972.331241607666,0.0,26.0,0.0,0.0,0.050000000000000044,1.0109343016520143,1.0109343016520143,0.0
standard_dqn,816,465,46.210503943264484,77.21535998173059,21.857203476130962,24.353300884366035,1.3104158462956548,12642.106426239014,0.0,14.0,0.0,1.0,0.050000000000000044,1.190891271457076,1.190891271457076,0.0
standard_dqn,816,466,80.5408735871315,77.49728780418634,29.960874401032925,50.579999819397926,1.5008541140705347,16755.152309417725,0.0,25.0,0.0,1.0,0.050000000000000044,1.2106595896184444,1.2106595896184444,0.0
standard_dqn,816,467,87.143827983737,78.00670290291309,29.866406828165054,57.277421379089354,1.5334122721105814,17291.40279006958,0.0,25.0,0.0,3.0,0.050000000000000044,1.161403002217412,1.161403002217412,0.0
standard_dqn,816,468,93.85067920684814,79.23762541383505,32.12140525877476,61.729274067282674,1.6036481084302068,18607.35115814209,0.0,29.0,0.0,2.0,0.050000000000000044,1.086232891306281,1.086232891306281,0.0
standard_dqn,816,469,72.15869653224945,79.10731415599585,27.877767249941826,44.28092908859253,1.4751838836818933,16153.267311096191,0.0,22.0,0.0,1.0,0.050000000000000044,1.2248666007071733,1.2248666007071733,0.0
standard_dqn,816,470,75.56668047606945,78.60955269597471,27.72143964469433,47.84524103999138,1.4490834157913923,15635.646785736084,0.0,23.0,0.0,1.0,0.050000000000000044,1.2237170841544867,1.2237170841544867,0.0
standard_dqn,816,471,92.80657126754522,79.1786616950482,31.656663067638874,61.1499086022377,1.620964844711125,18403.61593437195,0.0,27.0,0.0,0.0,0.050000000000000044,1.0704613961279392,1.0704613961279392,0.0
standard_dqn,816,472,69.42351667284966,79.42727662034333,26.433720029890537,42.98979626297951,1.4212279710918665,14982.853649139404,0.0,19.0,0.0,3.0,0.050000000000000044,1.0862076040357351,1.0862076040357351,0.0
standard_dqn,816,473,81.42655977606773,79.16930358044803,28.550670132040977,52.87589010596275,1.487954099662602,15849.339027404785,0.0,24.0,0.0,1.0,0.050000000000000044,1.0245074722915888,1.0245074722915888,0.0
standard_dqn,816,474,76.40399666875601,78.19902355641126,27.27079788595438,49.13319915533066,1.4600404798984528,15580.84252166748,0.0,23.0,0.0,0.0,0.050000000000000044,1.2251289151608944,1.2251289151608944,0.0
standard_dqn,816,475,81.98566149175167,79.05031568847596,27.475786112248898,54.50987488031387,1.4390408555045724,15645.38349533081,0.0,24.0,0.0,1.0,0.050000000000000044,1.0404530875384808,1.0404530875384808,0.0
standard_dqn,816,476,89.65338184684515,79.33704520642758,29.96202676743269,59.691355124115944,1.5376650858670473,17103.6266746521,0.0,26.0,0.0,1.0,0.050000000000000044,1.0454937443137169,1.0454937443137169,0.0
standard_dqn,816,477,83.00654525458813,79.07660942524672,28.355094745755196,54.651450330018996,1.4993292009457946,16255.318054199219,0.0,25.0,0.0,2.0,0.050000000000000044,1.260932870209217,1.260932870209217,0.0
standard_dqn,816,478,81.69438670575619,79.2603671927005,30.005301892757416,51.689084589481354,1.526437446475029,17075.37670135498,0.0,23.0,0.0,0.0,0.050000000000000044,1.3044212814420462,1.3044212814420462,0.0
standard_dqn,816,479,79.24627035856247,79.41813530765474,27.47101904451847,51.77525123953819,1.4742181543260813,15680.151428222656,0.0,23.0,0.0,0.0,0.050000000000000044,0.9561208821833134,0.9561208821833134,0.0
standard_dqn,816,480,71.61077202707528,78.83988495446741,26.85600870102644,44.75476295351982,1.4464101502671838,15317.858375549316,0.0,22.0,0.0,4.0,0.050000000000000044,1.1668302193284035,1.1668302193284035,0.0
standard_dqn,816,481,68.8343872949481,78.26065149396656,25.95614867657423,42.878239035606384,1.4448031336069107,15172.614265441895,0.0,21.0,0.0,0.0,0.050000000000000044,1.0562941301614046,1.0562941301614046,0.0
standard_dqn,816,482,78.58526384979487,78.50324503682555,27.544043891131878,51.04121949672699,1.4265671093016863,15337.864660263062,0.0,25.0,0.0,1.0,0.050000000000000044,1.1384455058723688,1.1384455058723688,0.0
standard_dqn,816,483,63.7935742765665,78.11463672585785,25.987240336835384,37.80633379817009,1.3842762093991041,14678.426830291748,0.0,20.0,0.0,3.0,0.050000000000000044,1.2408466693013906,1.2408466693013906,0.0
standard_dqn,816,484,84.12579859346151,77.90339739069343,28.641818918287754,55.48397898972034,1.5568184852600098,17273.963665008545,0.0,24.0,0.0,3.0,0.050000000000000044,1.38699297234416,1.38699297234416,0.0
standard_dqn,816,485,76.92203214019537,79.43897380053997,28.542812056839466,48.379220366477966,1.4547809567302465,15657.583435058594,0.0,23.0,0.0,0.0,0.050000000000000044,1.3424810953438282,1.3424810953438282,0.0
standard_dqn,816,486,82.79076761007309,79.55146850168705,29.63220475614071,53.158562675118446,1.5298549104481936,16956.11294555664,0.0,24.0,0.0,1.0,0.050000000000000044,1.0591236930340528,1.0591236930340528,0.0
standard_dqn,816,487,75.30735892802477,78.95964504890144,26.769596450030804,48.53776213526726,1.453475333750248,15483.062238693237,0.0,23.0,0.0,1.0,0.050000000000000044,1.4200880117714405,1.4200880117714405,0.0
standard_dqn,816,488,73.70736746490002,77.95247946180403,26.35339181870222,47.35397554934025,1.4237511586397886,14922.629997253418,0.0,24.0,0.0,0.0,0.050000000000000044,1.6500452030450106,1.6500452030450106,0.0
standard_dqn,816,489,86.30126740932465,78.6596080056578,29.478803485631943,56.82246377468109,1.4936899030581117,16470.839359283447,0.0,24.0,0.0,1.0,0.050000000000000044,1.3850507708266377,1.3850507708266377,0.0
standard_dqn,816,490,83.17456965297461,79.04000246450306,27.454621352255344,55.71994804739952,1.4775301050394773,15819.493759155273,0.0,25.0,0.0,2.0,0.050000000000000044,1.2886940687894821,1.2886940687894821,0.0
standard_dqn,816,491,79.7235230281949,78.38585005253555,27.155012615025043,52.56851050257683,1.5025738254189491,15909.828552246094,0.0,24.0,0.0,1.0,0.050000000000000044,1.2445993022993207,1.2445993022993207,0.0
standard_dqn,816,492,70.91948384046555,78.46064841091633,27.533957451581955,43.38552615046501,1.4323378866538405,15469.892833709717,0.0,22.0,0.0,1.0,0.050000000000000044,1.0031818468123674,1.0031818468123674,0.0
standard_dqn,816,493,69.37676056474447,77.85815845035017,26.27719023823738,43.099570259451866,1.4446743736043572,15090.785293579102,0.0,23.0,0.0,0.0,0.050000000000000044,1.0051196571439505,1.0051196571439505,0.0
standard_dqn,816,494,80.29751018583775,78.05283412620426,29.93934179097414,50.35816822350025,1.5092126624658704,16776.090213775635,0.0,24.0,0.0,1.0,0.050000000000000044,1.1859921738505363,1.1859921738505363,0.0
standard_dqn,816,495,77.8925821185112,77.84818015754225,29.06961463391781,48.82296779751778,1.49060445651412,16326.055885314941,0.0,24.0,0.0,1.0,0.050000000000000044,1.3174960874021053,1.3174960874021053,0.0
standard_dqn,816,496,74.92071208506823,77.1115466694534,27.02643606811762,47.89427598714828,1.4375372072681785,15404.7046585083,0.0,22.0,0.0,3.0,0.050000000000000044,1.3062797710299492,1.3062797710299492,0.0
standard_dqn,816,497,57.60780877768993,75.84160984560849,25.45275430381298,32.15505417585373,1.3857670072466135,14014.591415405273,0.0,16.0,0.0,1.0,0.050000000000000044,1.0639855191111565,1.0639855191111565,0.0
standard_dqn,816,498,87.12622299045324,76.11320165984334,29.180320523679256,57.9459026157856,1.5259614391252398,16859.172008514404,0.0,26.0,0.0,0.0,0.050000000000000044,1.1061630994081497,1.1061630994081497,0.0
standard_dqn,816,499,88.24216924011708,76.56299660392108,30.25816598534584,57.984003314375876,1.5216736337170005,16910.744121551514,0.0,26.0,0.0,1.0,0.050000000000000044,1.4953753873705864,1.4953753873705864,0.0
standard_dqn,816,500,81.13727665096522,77.03932183511556,28.22372492402792,52.913551756739615,1.4811806194484234,16100.857013702393,0.0,22.0,0.0,1.0,0.050000000000000044,1.3055504458025098,1.3055504458025098,0.0
standard_dqn,816,501,77.86027244031429,77.49061609238387,26.87162095308304,50.988652038574216,1.481135523878038,15445.958694458008,0.0,25.0,0.0,3.0,0.050000000000000044,1.3796814875677228,1.3796814875677228,0.0
standard_dqn,816,502,63.93659166991711,76.75818248338997,24.698759332299232,39.23783202469349,1.3956100437790155,14105.354873657227,0.0,20.0,0.0,0.0,0.050000000000000044,1.2344839181751013,1.2344839181751013,0.0
standard_dqn,816,503,80.33932621330023,77.58547008022666,28.956902109086514,51.382425013184545,1.4763345792889595,16027.514348983765,0.0,24.0,0.0,2.0,0.050000000000000044,1.2778562661260366,1.2778562661260366,0.0
standard_dqn,816,504,84.74097637087107,77.61622896909714,29.972756780683994,54.76822009682655,1.5250687124207616,17202.09853744507,0.0,24.0,0.0,0.0,0.050000000000000044,0.9733456782996655,0.9733456782996655,0.0
standard_dqn,816,505,72.89553161859513,77.41490394301712,26.858386546373367,46.037145087122916,1.4509598817676306,16003.05146408081,0.0,21.0,0.0,1.0,0.050000000000000044,1.4228467904031277,1.4228467904031277,0.0
standard_dqn,816,506,99.8087924361229,78.26580518431962,33.01011036336422,66.79868232607842,1.6033383198082447,18980.543573379517,0.0,29.0,0.0,2.0,0.050000000000000044,1.247869273647666,1.247869273647666,0.0
standard_dqn,816,507,73.35331719517708,78.16810309767725,27.264415830373764,46.088901528716086,1.441210774704814,15451.741878509521,0.0,22.0,0.0,1.0,0.050000000000000044,1.1752586103975773,1.1752586103975773,0.0
standard_dqn,816,508,78.26659524738788,78.39606448680163,28.43835974484682,49.828235420584676,1.4672173131257296,15929.396419525146,0.0,23.0,0.0,2.0,0.050000000000000044,1.2785087116062641,1.2785087116062641,0.0
standard_dqn,816,509,73.77991600334644,77.76999691650272,27.201539903879166,46.57837629318237,1.424564721994102,15506.476371765137,0.0,22.0,0.0,0.0,0.050000000000000044,1.389754956588149,1.389754956588149,0.0
standard_dqn,816,510,75.34418871551752,77.37847786962986,25.78616936504841,49.55801959633827,1.433784358203411,15046.577289581299,0.0,23.0,0.0,4.0,0.050000000000000044,1.3905216213315725,1.3905216213315725,0.0
standard_dqn,816,511,49.98642002791166,75.8916227196157,21.692803375422955,28.293616458773613,1.3302684873342514,12794.146919250488,0.0,16.0,0.0,0.0,0.050000000000000044,1.1708829123526812,1.1708829123526812,0.0
standard_dqn,816,512,86.57374332249165,76.67433569371701,27.277164198458195,59.29657886326313,1.5227124355733395,16158.37869644165,0.0,28.0,0.0,1.0,0.050000000000000044,1.2437453120946884,1.2437453120946884,0.0
standard_dqn,816,513,67.64515127539634,76.58775522924961,24.98895951360464,42.656191664934155,1.388384023681283,14347.218788146973,0.0,21.0,0.0,2.0,0.050000000000000044,1.1685527097433805,1.1685527097433805,0.0
standard_dqn,816,514,83.56843170672656,76.75130130529405,28.582673981785774,54.98575761318207,1.507024621590972,16659.364784240723,0.0,26.0,0.0,1.0,0.050000000000000044,0.9967840360477567,0.9967840360477567,0.0
standard_dqn,816,515,77.85745151638984,76.74954477518797,27.2808385938406,50.576612907648084,1.4681692514568567,16247.347076416016,0.0,24.0,0.0,3.0,0.050000000000000044,1.2493528304621577,1.2493528304621577,0.0
standard_dqn,816,516,91.98744324594736,77.60288133323192,30.467719353735447,61.51972386240959,1.5446165977045894,17036.448442459106,0.0,29.0,0.0,0.0,0.050000000000000044,1.3807322643697262,1.3807322643697262,0.0
standard_dqn,816,517,82.67305307090282,78.85614354789257,27.650919683277607,55.02213343977928,1.4847981370985508,15927.830930709839,0.0,25.0,0.0,2.0,0.050000000000000044,1.2150056213140488,1.2150056213140488,0.0
standard_dqn,816,518,83.54187964051962,78.6769263803959,28.919692918658257,54.62218629717827,1.5070732412859797,16341.212261199951,0.0,26.0,0.0,1.0,0.050000000000000044,1.1163297723978758,1.1163297723978758,0.0
standard_dqn,816,519,86.07411912977696,78.56852387487889,30.949307665228844,55.124811524152754,1.5676525421440601,17954.095733642578,0.0,26.0,0.0,2.0,0.050000000000000044,1.1383390072733164,1.1383390072733164,0.0
standard_dqn,816,520,99.29310589283705,79.47631533697249,32.24714808166027,67.045957878232,1.568313599564135,18375.200611114502,0.0,30.0,0.0,0.0,0.050000000000000044,0.9999561263248324,0.9999561263248324,0.0
standard_dqn,816,521,88.72224020957947,80.01941372543574,27.73549246788025,60.98674774169922,1.5008112778887153,16124.603755950928,0.0,28.0,0.0,1.0,0.050000000000000044,1.2761581428349018,1.2761581428349018,0.0
standard_dqn,816,522,84.22568318545818,81.03386830121279,29.264803297817707,54.96087955236435,1.550564899109304,17350.88505935669,0.0,26.0,0.0,4.0,0.050000000000000044,1.3185738250613213,1.3185738250613213,0.0
standard_dqn,816,523,83.57862531393766,81.19583325624465,27.645663045346737,55.93296208977699,1.4728214154019952,15799.137714385986,0.0,26.0,0.0,0.0,0.050000000000000044,1.1162697933614254,1.1162697933614254,0.0
standard_dqn,816,524,87.38302114605904,81.32793549500406,29.32374256849289,58.059278309345245,1.5145245557650924,16878.54951095581,0.0,26.0,0.0,1.0,0.050000000000000044,1.2396882325410843,1.2396882325410843,0.0
standard_dqn,816,525,72.26389482021332,81.29635365508497,28.629940420389175,43.633954071998595,1.4870676444843411,16414.82123184204,0.0,21.0,0.0,1.0,0.050000000000000044,1.5627039726823568,1.5627039726823568,0.0
standard_dqn,816,526,87.17112589031458,80.66447032779456,30.44579742103815,56.7253281712532,1.4997844202443957,16874.42565345764,0.0,25.0,0.0,2.0,0.050000000000000044,1.1258076392114162,1.1258076392114162,0.0
standard_dqn,816,527,78.80883257091045,80.93724609658123,28.93605176359415,49.872781068086624,1.4903313964605331,16622.67572402954,0.0,25.0,0.0,0.0,0.050000000000000044,1.1966291572898626,1.1966291572898626,0.0
standard_dqn,816,528,84.9640565827489,81.27211916334929,29.41147857159376,55.552577847242354,1.5323493285104632,17130.142616271973,0.0,25.0,0.0,2.0,0.050000000000000044,1.1616166615858674,1.1616166615858674,0.0
standard_dqn,816,529,69.22475607693195,81.04436116702855,24.239344991743565,44.98541107773781,1.4070648960769176,14268.422565460205,0.0,24.0,0.0,2.0,0.050000000000000044,1.5167063623666763,1.5167063623666763,0.0
standard_dqn,816,530,85.83504877984524,81.56890417024493,29.505447149276733,56.3296022862196,1.52006839774549,16986.340446472168,0.0,27.0,0.0,1.0,0.050000000000000044,1.20761423651129,1.20761423651129,0.0
standard_dqn,816,531,66.06710664331914,82.37293850101533,25.271898724138737,40.795207971334456,1.3858032058924437,14111.89340209961,0.0,21.0,0.0,3.0,0.050000000000000044,1.2388143297284842,1.2388143297284842,0.0
standard_dqn,816,532,72.16950150728226,81.65272641025484,27.129653319716454,45.03984863460064,1.4503910737112164,15579.006465911865,0.0,22.0,0.0,1.0,0.050000000000000044,0.9506042022258043,0.9506042022258043,0.0
standard_dqn,816,533,83.52917376160622,82.44692753456533,29.564428985118866,53.96474501490593,1.5175759131088853,17083.97064590454,0.0,24.0,0.0,0.0,0.050000000000000044,0.9772230088710785,0.9772230088710785,0.0
standard_dqn,816,534,72.1466179639101,81.87583684742451,26.985275223851204,45.16134266555309,1.4715539701282978,15689.695411682129,0.0,21.0,0.0,0.0,0.050000000000000044,1.357926070690155,1.357926070690155,0.0
standard_dqn,816,535,90.98038150668144,82.53198334693909,31.56886525452137,59.41151614785194,1.6241192817687988,18622.115112304688,0.0,27.0,0.0,2.0,0.050000000000000044,1.3411399899050593,1.3411399899050593,0.0
standard_dqn,816,536,70.63336543291807,81.46427945628761,27.711488880217075,42.92187674641609,1.4407580839470029,15527.897933959961,0.0,20.0,0.0,2.0,0.050000000000000044,1.5087835397571325,1.5087835397571325,0.0
standard_dqn,816,537,63.07698074132204,80.48447583980858,25.20596382766962,37.87101716697216,1.381799423135817,14463.339149475098,0.0,18.0,0.0,1.0,0.050000000000000044,0.7629274688661098,0.7629274688661098,0.0
standard_dqn,816,538,88.02507622539997,80.7086356690526,29.095792777836323,58.92928358912468,1.5056930240243673,16432.362398147583,0.0,26.0,0.0,0.0,0.050000000000000044,0.9353246353566647,0.9353246353566647,0.0
standard_dqn,816,539,83.79750829339028,80.59480512723327,29.481049865484238,54.31645811498165,1.5443855905905366,17346.549644470215,0.0,24.0,0.0,3.0,0.050000000000000044,1.272443532012403,1.272443532012403,0.0
standard_dqn,816,540,68.66654949635267,79.06347730740906,26.31063725799322,42.355912417173386,1.413695426657796,14987.901866912842,0.0,21.0,0.0,1.0,0.050000000000000044,1.15464679710567,1.15464679710567,0.0
standard_dqn,816,541,85.73784329295158,78.91425746157766,29.966589264571667,55.77125488519668,1.5004627145826817,17114.99090576172,0.0,26.0,0.0,3.0,0.050000000000000044,1.3030885495245457,1.3030885495245457,0.0
standard_dqn,816,542,76.663230009377,78.5361348027736,27.494516901671886,49.16871301829815,1.4901750711724162,15426.916091918945,0.0,23.0,0.0,1.0,0.050000000000000044,0.9402841906994581,0.9402841906994581,0.0
standard_dqn,816,543,95.87670546919108,79.15103881053628,31.851764604449272,64.02494084239007,1.5634375140070915,17955.330108642578,0.0,29.0,0.0,1.0,0.050000000000000044,0.742235604673624,0.742235604673624,0.0
standard_dqn,816,544,54.68230654597282,77.51600308053196,23.286461517214775,31.39584528207779,1.3400182882323861,13242.753742218018,0.0,18.0,0.0,3.0,0.050000000000000044,1.3168759802356362,1.3168759802356362,0.0
standard_dqn,816,545,84.53733844310045,78.12967526167633,31.14431842416525,53.39301997423172,1.5341021521016955,17719.95393371582,0.0,25.0,0.0,0.0,0.050000000000000044,1.1083312388509512,1.1083312388509512,0.0
standard_dqn,816,546,86.92231087684631,78.1172345110029,29.78450921177864,57.1378017693758,1.5291208066046238,16812.391845703125,0.0,25.0,0.0,2.0,0.050000000000000044,1.201828420162201,1.201828420162201,0.0
standard_dqn,816,547,70.01072697341442,77.6773292311281,26.79622731357813,43.21449992060661,1.4374936921522021,15017.30517578125,0.0,22.0,0.0,0.0,0.050000000000000044,1.1040283013135195,1.1040283013135195,0.0
standard_dqn,816,548,72.4057399570942,77.04941339984535,27.951040044426918,44.45469989776611,1.4814309952780604,15979.177532196045,0.0,22.0,0.0,2.0,0.050000000000000044,1.3657046016305685,1.3657046016305685,0.0
standard_dqn,816,549,68.72506312429906,77.02442875221372,25.783222511410713,42.9418408960104,1.4367866618558764,15034.403648376465,0.0,21.0,0.0,1.0,0.050000000000000044,1.1681225039064884,1.1681225039064884,0.0
standard_dqn,816,550,83.27601739168168,76.89647718280555,29.62153848260641,53.654479110240935,1.5051055857911706,16728.65433883667,0.0,25.0,0.0,4.0,0.050000000000000044,1.1309806052595377,1.1309806052595377,0.0
standard_dqn,816,551,93.81240496933461,78.28374209910633,31.866411611437798,61.94599297046661,1.6004347009584308,18289.863204956055,0.0,27.0,0.0,2.0,0.050000000000000044,1.1218950087204576,1.1218950087204576,0.0
standard_dqn,816,552,65.33764892965556,77.94214947022499,25.140564925968647,40.19708383977413,1.3909618211910129,14294.339172363281,0.0,21.0,0.0,3.0,0.050000000000000044,1.287462493404746,1.287462493404746,0.0
standard_dqn,816,553,69.62321086674929,77.24685132548214,26.347098968923092,43.27611232995987,1.403847098350525,14906.59128189087,0.0,20.0,0.0,3.0,0.050000000000000044,1.2589218392968178,1.2589218392968178,0.0
standard_dqn,816,554,84.8715649843216,77.88309867650273,29.748709581792355,55.122855857014656,1.5066904062405229,16944.349464416504,0.0,27.0,0.0,2.0,0.050000000000000044,1.3602025005966425,1.3602025005966425,0.0
standard_dqn,816,555,72.51544776111841,76.95985198922456,26.564474500715733,45.950972992181775,1.4219971308484674,14823.814796447754,0.0,21.0,0.0,2.0,0.050000000000000044,1.2004240835085511,1.2004240835085511,0.0
standard_dqn,816,556,72.57803230136633,77.05708533264696,26.662433795630932,45.91559881865978,1.4157325131818652,14942.26644897461,0.0,22.0,0.0,1.0,0.050000000000000044,1.3756716325879097,1.3756716325879097,0.0
standard_dqn,816,557,67.84301118850708,77.29538685500623,26.90500108897686,40.93801002502441,1.4403204089030623,15271.897834777832,0.0,21.0,0.0,3.0,0.050000000000000044,1.1429144404828548,1.1429144404828548,0.0
standard_dqn,816,558,80.33328684717416,76.91079738609493,29.58850721269846,50.74477897882461,1.5349032143130898,17204.938068389893,0.0,24.0,0.0,3.0,0.050000000000000044,0.8722997438162565,0.8722997438162565,0.0
standard_dqn,816,559,49.51747231483459,75.19679558716714,22.65725341439247,26.86021897494793,1.3009913777932525,12295.361099243164,0.0,16.0,0.0,2.0,0.050000000000000044,1.0343025177717209,1.0343025177717209,0.0
standard_dqn,816,560,98.16837176829577,76.6718867007643,32.98477027565241,65.18360120207072,1.6243631467223167,18891.840183258057,0.0,29.0,0.0,1.0,0.050000000000000044,1.0888009257614613,1.0888009257614613,0.0
standard_dqn,816,561,78.1880030348897,76.29439468786121,28.18661130219698,50.00139176249504,1.5303452042862773,16810.573844909668,0.0,23.0,0.0,1.0,0.050000000000000044,1.456124696880579,1.456124696880579,0.0
standard_dqn,816,562,81.92705941349269,76.557586158067,28.375106491148472,53.55195335447788,1.4915631022304296,16144.328670501709,0.0,25.0,0.0,2.0,0.050000000000000044,1.1895116977393627,1.1895116977393627,0.0
standard_dqn,816,563,88.30468810498715,76.17898528985681,30.207525596022606,58.097162374854086,1.514505898579955,17129.234790802002,0.0,27.0,0.0,2.0,0.050000000000000044,1.0241353707388043,1.0241353707388043,0.0
standard_dqn,816,564,80.10345631837845,77.45004277847708,28.102534301579,52.00092154741287,1.4882109928876162,16180.462928771973,0.0,25.0,0.0,1.0,0.050000000000000044,1.2609366308897734,1.2609366308897734,0.0
standard_dqn,816,565,81.06625997573137,77.27648885510862,29.01376076042652,52.05249907374382,1.5023843012750149,16530.70461654663,0.0,23.0,0.0,3.0,0.050000000000000044,1.1078303083777428,1.1078303083777428,0.0
standard_dqn,816,566,75.10052029192448,76.68539932586253,25.55377033352852,49.54674937725067,1.4031331948935986,14499.008075714111,0.0,23.0,0.0,1.0,0.050000000000000044,1.187024336308241,1.187024336308241,0.0
standard_dqn,816,567,64.32072949409485,76.40089945189655,24.301430366933346,40.01929897069931,1.3688390785828233,14159.329765319824,0.0,22.0,0.0,0.0,0.050000000000000044,1.094727300107479,1.094727300107479,0.0
standard_dqn,816,568,73.9706296786666,76.47914393797518,26.967580758035183,47.00304898023605,1.441747304983437,15636.5651512146,0.0,25.0,0.0,1.0,0.050000000000000044,1.2496906369924545,1.2496906369924545,0.0
standard_dqn,816,569,62.39650145173073,76.16271585434677,25.436886720359325,36.95961458981037,1.3915636027231812,14334.520444869995,0.0,21.0,0.0,1.0,0.050000000000000044,1.1412495225667953,1.1412495225667953,0.0
standard_dqn,816,570,76.12866020053625,75.80534799478949,26.525160305202007,49.60349923968315,1.4392895326018333,15354.507328033447,0.0,23.0,0.0,4.0,0.050000000000000044,1.4023040886968374,1.4023040886968374,0.0
standard_dqn,816,571,75.51623217761517,74.89053935520352,28.463786616921425,47.05244521796703,1.4782884949818254,16294.830715179443,0.0,23.0,0.0,1.0,0.050000000000000044,1.2731388183310628,1.2731388183310628,0.0
standard_dqn,816,572,74.93877866268159,75.37059584185481,27.504946298897266,47.43383187949657,1.4350717924535275,15173.992820739746,0.0,23.0,0.0,1.0,0.050000000000000044,1.1050398610532284,1.1050398610532284,0.0
standard_dqn,816,573,84.79145331829787,76.12900796443225,27.761359818279743,57.03009390234947,1.5413157306611538,17009.123233795166,0.0,25.0,0.0,2.0,0.050000000000000044,1.0061422446742654,1.0061422446742654,0.0
standard_dqn,816,574,68.99249249696732,75.33505434006454,25.58440975099802,43.408082365989685,1.4506919523701072,14938.404792785645,0.0,22.0,0.0,1.0,0.050000000000000044,0.9501687195152044,0.9501687195152044,0.0
standard_dqn,816,575,87.98717636615038,76.10864077031613,30.047462202608585,57.93971389532089,1.5195791088044643,17230.71493911743,0.0,25.0,0.0,2.0,0.050000000000000044,1.0634483825415373,1.0634483825415373,0.0
standard_dqn,816,576,81.74397996068001,76.56693815328181,28.77728697657585,52.9666932374239,1.505483616143465,16344.91675567627,0.0,25.0,0.0,1.0,0.050000000000000044,1.1216216254979372,1.1216216254979372,0.0
standard_dqn,816,577,83.17208837121726,77.33339201241732,29.287024199962616,53.88506438732147,1.5226353602483869,17013.380241394043,0.0,24.0,0.0,2.0,0.050000000000000044,1.2508076261729002,1.2508076261729002,0.0
standard_dqn,816,578,89.33160422146321,77.78330788113178,30.28476133942604,59.046843045949934,1.5367942061275244,17311.533821105957,0.0,26.0,0.0,1.0,0.050000000000000044,1.2524298056960106,1.2524298056960106,0.0
standard_dqn,816,579,85.04690317809582,79.55977942429483,29.192235089838505,55.85466776788235,1.5368600087240338,16675.548374176025,0.0,26.0,0.0,0.0,0.050000000000000044,1.06618317309767,1.06618317309767,0.0
standard_dqn,816,580,90.2675352036953,79.16473759606482,31.224770411849022,59.042764806747435,1.538811500184238,17567.085720062256,0.0,28.0,0.0,2.0,0.050000000000000044,1.3600371964275837,1.3600371964275837,0.0
standard_dqn,816,581,85.92214745283127,79.55144481696189,29.254278525710106,56.66786924004555,1.501445684581995,16723.37026977539,0.0,25.0,0.0,0.0,0.050000000000000044,1.0036906450986862,1.0036906450986862,0.0
standard_dqn,816,582,77.23925685882568,79.31705468922854,28.897877633571625,48.34137964248657,1.4789083655923605,16252.882247924805,0.0,21.0,0.0,1.0,0.050000000000000044,1.3237676955759525,1.3237676955759525,0.0
standard_dqn,816,583,64.52462621033192,78.12805159449577,26.251000866293907,38.273625165224075,1.4070521239191294,15177.267639160156,0.0,20.0,0.0,0.0,0.050000000000000044,1.1475907228887081,1.1475907228887081,0.0
standard_dqn,816,584,91.63355552554131,78.70455655485392,31.981182985007763,59.65237239897251,1.6092593232169747,18559.200073242188,0.0,26.0,0.0,2.0,0.050000000000000044,1.1847806572914124,1.1847806572914124,0.0
standard_dqn,816,585,77.2364381507039,78.51306546360254,27.786684602499008,49.44975370466709,1.4412158597260714,15339.99259185791,0.0,23.0,0.0,2.0,0.050000000000000044,1.238344095647335,1.238344095647335,0.0
standard_dqn,816,586,54.03187275081873,77.45963308654726,22.90075185894966,31.131120899319647,1.3424917962402105,12797.23466873169,0.0,17.0,0.0,1.0,0.050000000000000044,1.1344332667067647,1.1344332667067647,0.0
standard_dqn,816,587,89.18207858502865,78.70270054109395,30.434981152415276,58.747097328305244,1.5748861953616142,17621.997688293457,0.0,27.0,0.0,2.0,0.050000000000000044,0.9245841801166534,0.9245841801166534,0.0
standard_dqn,816,588,72.71320464015007,78.63982928916812,26.835962772369385,45.87724192738533,1.423534905537963,15106.916049957275,0.0,21.0,0.0,2.0,0.050000000000000044,1.2335471780970693,1.2335471780970693,0.0
standard_dqn,816,589,68.8191067814827,78.96095955565573,25.670194372534752,43.14891211092472,1.4008748065680265,14486.97401046753,0.0,21.0,0.0,1.0,0.050000000000000044,1.274629833176732,1.274629833176732,0.0
standard_dqn,816,590,94.74916478395463,79.89198478482663,31.329450011253357,63.41971465349197,1.5596066759899259,17859.826454162598,0.0,28.0,0.0,1.0,0.050000000000000044,1.1456020595505834,1.1456020595505834,0.0
standard_dqn,816,591,82.40181263834238,80.23626380786301,30.20605830103159,52.19575444161892,1.5123802768066525,17009.898475646973,0.0,24.0,0.0,2.0,0.050000000000000044,1.091837065294385,1.091837065294385,0.0
standard_dqn,816,592,61.21845733523369,79.55024774149061,24.93855407088995,36.279903733730315,1.3807736421003938,13724.718088150024,0.0,19.0,0.0,1.0,0.050000000000000044,1.178030414506793,1.178030414506793,0.0
standard_dqn,816,593,79.45768832564355,79.2835594918579,29.13655386120081,50.32113426327705,1.5063964072614908,16504.79111480713,0.0,24.0,0.0,1.0,0.050000000000000044,1.1911524552851915,1.1911524552851915,0.0
standard_dqn,816,594,75.37136897444725,79.6025033157319,28.55890356004238,46.81246528029442,1.5022341050207615,16644.04327583313,0.0,23.0,0.0,0.0,0.050000000000000044,1.3310905285179615,1.3310905285179615,0.0
standard_dqn,816,595,73.52561089545489,78.87942504219714,27.564391307532787,45.96121963262558,1.4697883240878582,15579.36764907837,0.0,22.0,0.0,1.0,0.050000000000000044,1.3343489952385426,1.3343489952385426,0.0
standard_dqn,816,596,86.33905630558729,79.1091788594425,28.081042878329754,58.2580132484436,1.4818372055888176,15873.76511001587,0.0,26.0,0.0,2.0,0.050000000000000044,1.4419575110077858,1.4419575110077858,0.0
standard_dqn,816,597,80.05938250124454,78.95354356594385,27.1383253633976,52.92105710804462,1.439110423438251,15295.63826751709,0.0,25.0,0.0,2.0,0.050000000000000044,1.2660070918500423,1.2660070918500423,0.0
standard_dqn,816,598,81.63432310521603,78.56867951013149,27.828710846602917,53.80561213195324,1.5128552569076419,16569.38013458252,0.0,25.0,0.0,0.0,0.050000000000000044,1.4499380700290203,1.4499380700290203,0.0
standard_dqn,816,599,91.17139887809753,78.87490429513156,33.04611848294735,58.12527994811535,1.6278416439890862,19329.35036087036,0.0,27.0,0.0,1.0,0.050000000000000044,1.0133317299187183,1.0133317299187183,0.0
