variant,model_seed,episode,cost,rolling_cost,immediate_cost,penalty,energy_use,latency_ms,thermal_violation,energy_violation,queue_violation,contact_violation,epsilon,loss,td_loss,auxiliary_loss
standard_dqn,815,0,97.89726804196835,97.89726804196835,38.623650565743446,59.273617550730705,1.6570925740525126,21633.136432647705,0.0,26.0,0.0,0.0,0.9954761904761905,,,
standard_dqn,815,1,180.83951796843448,139.36839300520143,48.004052981734276,132.83546489729326,1.9187739277258515,28396.246101379395,0.0,35.0,26.0,0.0,0.9909523809523809,1.7155038118362427,1.7155038118362427,0.0
standard_dqn,815,2,144.20558595387678,140.9807906547599,41.07882444560528,103.12676155297497,1.90252386033535,25147.86978149414,0.0,34.0,14.0,1.0,0.9864285714285714,1.4684092551469803,1.4684092551469803,0.0
standard_dqn,815,3,178.93643416507376,150.46970153233835,45.67025639116764,133.26617792291776,1.9289379669353366,27032.298278808594,0.0,38.0,23.0,0.0,0.981904761904762,1.5401827692985535,1.5401827692985535,0.0
standard_dqn,815,4,108.93245854377747,142.16225293462617,37.43957242369652,71.49288686513901,1.6963322022929788,21844.231384277344,0.0,30.0,0.0,1.0,0.9773809523809524,1.384602814912796,1.384602814912796,0.0
standard_dqn,815,5,175.79445438942832,147.76761984375986,42.31410575658083,133.48034863284752,1.8538210624828935,25682.207916259766,0.0,36.0,39.0,0.0,0.9728571428571429,1.2055859193205833,1.2055859193205833,0.0
standard_dqn,815,6,125.89650476103441,144.64317483194193,39.19268549978733,86.70381945496219,1.7413451140746474,22938.423122406006,0.0,35.0,19.0,1.0,0.9683333333333334,1.0171240381896496,1.0171240381896496,0.0
standard_dqn,815,7,120.4359770566225,141.617275110027,41.94283889234066,78.49313834309578,1.7785807522013783,24245.12921142578,0.0,33.0,0.0,0.0,0.9638095238095238,0.9595648720860481,0.9595648720860481,0.0
standard_dqn,815,8,143.1723670146643,141.79006309943117,44.111973732709885,99.0603936246811,1.8806585110723972,26279.127590179443,0.0,36.0,11.0,0.0,0.9592857142857143,0.9069859050214291,0.9069859050214291,0.0
standard_dqn,815,9,104.40521721541882,138.05157851102993,35.52539053559303,68.8798269033432,1.6811566920951009,21434.626983642578,0.0,29.0,0.0,1.0,0.9547619047619048,0.6935078576207161,0.6935078576207161,0.0
standard_dqn,815,10,197.17778599961335,143.42668828271934,40.29364676773548,156.88413924677903,1.9088046420365572,25205.490837097168,0.0,34.0,31.0,1.0,0.9502380952380952,0.5950166806578636,0.5950166806578636,0.0
standard_dqn,815,11,146.0887601835236,143.64852760778635,40.9097003787756,105.17905976004452,1.8810673048719764,25437.520477294922,0.0,34.0,14.0,0.0,0.9457142857142857,0.5085341520607471,0.5085341520607471,0.0
standard_dqn,815,12,121.00602053044148,141.90679629414444,41.713072061538696,79.29294867751904,1.7960822936147451,24168.287483215332,0.0,35.0,3.0,2.0,0.9411904761904761,0.3829685803502798,0.3829685803502798,0.0
standard_dqn,815,13,123.46815026582873,140.58975014926475,42.845527306199074,80.62262319804822,1.8199081532657146,24516.89315032959,0.0,34.0,7.0,1.0,0.9366666666666666,0.3094671443104744,0.3094671443104744,0.0
standard_dqn,815,14,154.1489604864029,141.49369750507395,43.62099119275808,110.52796883170882,1.9213632820174098,26514.370838165283,0.0,35.0,22.0,1.0,0.9321428571428572,0.27158378157764673,0.27158378157764673,0.0
standard_dqn,815,15,127.94883262338749,140.64714344996855,41.228566125035286,86.72026648345104,1.8037520125508308,23940.68483352661,0.0,35.0,9.0,0.0,0.9276190476190476,0.558582691475749,0.558582691475749,0.0
standard_dqn,815,16,158.79621913611334,141.71473613738885,37.96523459255695,120.8309844988529,1.7982755601406097,23437.656131744385,0.0,34.0,31.0,4.0,0.9230952380952381,0.6096625607460737,0.6096625607460737,0.0
standard_dqn,815,17,121.6596739679575,140.6005660168649,43.80246843397617,77.85720444619656,1.794590617530048,25166.30827331543,0.0,33.0,0.0,2.0,0.9185714285714286,0.40965117514133453,0.40965117514133453,0.0
standard_dqn,815,18,87.24827364087105,137.79255062865468,32.18434131145477,55.06393286585808,1.649252592585981,20073.96314239502,0.0,25.0,0.0,0.0,0.914047619047619,0.3192866612225771,0.3192866612225771,0.0
standard_dqn,815,19,119.6721460968256,136.88653040206322,37.951268404722214,81.72087824344635,1.7179138623178005,21978.539543151855,0.0,34.0,0.0,1.0,0.9095238095238095,0.27911955770105124,0.27911955770105124,0.0
standard_dqn,815,20,114.61347835659981,137.72234091779478,40.23032382875681,74.38315477371216,1.712866524234414,22889.360235214233,0.0,32.0,0.0,2.0,0.905,0.2507535498589277,0.2507535498589277,0.0
standard_dqn,815,21,107.51977736651898,134.056353887699,39.61208091676235,67.90769676268101,1.7199481204152107,22336.955730438232,0.0,30.0,0.0,3.0,0.9004761904761904,0.249538934789598,0.249538934789598,0.0
standard_dqn,815,22,105.93138276040554,132.14264372802546,35.139755100011826,70.79162764549255,1.6387178432196379,20885.26930999756,0.0,30.0,0.0,0.0,0.895952380952381,0.22596527449786663,0.22596527449786663,0.0
standard_dqn,815,23,124.05064096696198,129.3983540681199,42.308422803878784,81.74221846110642,1.7641119379550219,24550.571508407593,0.0,30.0,16.0,0.0,0.8914285714285715,0.6151776080951095,0.6151776080951095,0.0
standard_dqn,815,24,99.12232308983803,128.9078472954229,35.70256918668747,63.419754141569136,1.69875599257648,21204.63810157776,0.0,28.0,0.0,1.0,0.8869047619047619,0.5379184987396002,0.5379184987396002,0.0
standard_dqn,815,25,120.02299942076206,126.11927454698957,39.03097562491894,80.99202410876751,1.6851011104881763,21749.812034606934,0.0,35.0,0.0,1.0,0.8823809523809524,0.35201852675527334,0.35201852675527334,0.0
standard_dqn,815,26,103.80398079752922,125.0146483488143,34.18672852218151,69.61725221574306,1.7214326215907931,20939.49920272827,0.0,31.0,0.0,0.0,0.8778571428571429,0.33445963077247143,0.33445963077247143,0.0
standard_dqn,815,27,116.40846057236195,124.81327252460127,39.41645024716854,76.99201053380966,1.7228771466761827,22570.18980407715,0.0,32.0,0.0,0.0,0.8733333333333333,0.32195440772920847,0.32195440772920847,0.0
standard_dqn,815,28,114.90927056968212,123.40011770235216,40.46664883196354,74.44262135028839,1.7630922179669142,23693.478759765625,0.0,32.0,0.0,1.0,0.8688095238095238,0.3166360855102539,0.3166360855102539,0.0
standard_dqn,815,29,115.35121541619301,123.94741761239088,43.41095411777496,71.94026098549367,1.7747886050492525,24636.512340545654,0.0,29.0,0.0,2.0,0.8642857142857143,0.35707032587379217,0.35707032587379217,0.0
standard_dqn,815,30,135.51089081168175,120.86407285299431,46.03429372608662,89.47659648954868,1.857962479814887,25726.93994140625,0.0,37.0,0.0,0.0,0.8597619047619047,0.29740516748279333,0.29740516748279333,0.0
standard_dqn,815,31,120.3656367212534,119.57791667988079,40.416612550616264,79.94902390241623,1.7348693311214447,23120.468952178955,0.0,33.0,0.0,0.0,0.8552380952380952,0.6725000608712435,0.6725000608712435,0.0
standard_dqn,815,32,121.84626985106483,119.61992914591197,37.85347843170166,83.9927917471887,1.780146756209433,22565.224155426025,0.0,32.0,13.0,0.0,0.8507142857142858,0.5309222061187029,0.5309222061187029,0.0
standard_dqn,815,33,115.44399392604828,119.21872132892295,37.307789757847786,78.13620400428772,1.8047312051057816,22727.298217773438,0.0,32.0,0.0,1.0,0.8461904761904762,0.42179252300411463,0.42179252300411463,0.0
standard_dqn,815,34,108.52114146947861,116.93733037807672,36.33170568943024,72.18943530321121,1.7154616201296449,21559.54613494873,0.0,29.0,0.0,2.0,0.8416666666666667,0.32963432651013136,0.32963432651013136,0.0
standard_dqn,815,35,130.67238459101384,117.07350797645805,36.16095891594887,94.51142527273362,1.790831715799868,22921.151649475098,0.0,32.0,22.0,0.0,0.8371428571428572,0.4179498488083482,0.4179498488083482,0.0
standard_dqn,815,36,116.85858961577493,114.97662650044113,38.26097817718983,78.59761139388162,1.8692296538501978,23767.044666290283,0.0,30.0,6.0,0.0,0.8326190476190476,0.3693458754569292,0.3693458754569292,0.0
standard_dqn,815,37,136.99582730161026,115.7434341671238,45.59206485748291,91.40376256333661,1.8748027300462127,25963.973609924316,0.0,37.0,10.0,0.0,0.8280952380952381,0.3443468092009425,0.3443468092009425,0.0
standard_dqn,815,38,119.25814063251019,117.34392751670575,41.50497741997242,77.75316303372384,1.7917486941441894,23892.87965965271,0.0,33.0,0.0,1.0,0.8235714285714286,0.307325491681695,0.307325491681695,0.0
standard_dqn,815,39,137.40730996168017,118.23068570994846,43.0414512604475,94.36585853731988,1.846945441327989,24893.276699066162,0.0,35.0,15.0,1.0,0.819047619047619,0.6820797715336084,0.6820797715336084,0.0
standard_dqn,815,40,111.59341162443161,118.07968237334003,43.86792576313019,67.72548606991768,1.7519117631018162,24505.215045928955,0.0,29.0,0.0,0.0,0.8145238095238095,0.48209385201334953,0.48209385201334953,0.0
standard_dqn,815,41,132.04448555385503,119.30591778270684,49.72377626597881,82.3207090941611,1.8742950772866607,28416.399620056152,0.0,33.0,7.0,1.0,0.81,0.45102735981345177,0.45102735981345177,0.0
standard_dqn,815,42,114.45697882771492,119.73219758607232,37.113509222865105,77.34346893429756,1.7864012895151973,22562.88948059082,0.0,32.0,0.0,1.0,0.8054761904761905,0.3770764758810401,0.3770764758810401,0.0
standard_dqn,815,43,92.3758559525013,118.14845833534928,35.40657551586628,56.96928106248379,1.5434160130098462,19566.38346862793,0.0,26.0,0.0,0.0,0.800952380952381,0.4119881419464946,0.4119881419464946,0.0
standard_dqn,815,44,94.96705935299397,117.94069514850707,35.09940034151077,59.86765877306461,1.63542893063277,20524.111293792725,0.0,27.0,0.0,1.0,0.7964285714285715,0.3972375700250268,0.3972375700250268,0.0
standard_dqn,815,45,190.07610754432676,121.44335055468532,48.1715406998992,141.90456666561363,1.9511161772534251,27762.002754211426,0.0,37.0,27.0,1.0,0.7919047619047619,0.4305289937183261,0.4305289937183261,0.0
standard_dqn,815,46,119.80633408725262,122.24346821917149,43.08440747112036,76.72192701101304,1.8273367984220386,25125.42942047119,0.0,33.0,0.0,1.0,0.7873809523809524,0.5026365863159299,0.5026365863159299,0.0
standard_dqn,815,47,102.57318908870221,121.55170464498852,34.10211469233036,68.4710741430521,1.6502717128023505,20048.717350006104,0.0,30.0,0.0,1.0,0.7828571428571429,0.7011337764561176,0.7011337764561176,0.0
standard_dqn,815,48,110.76930219829083,121.34470622641895,39.28048121929169,71.48882090449334,1.6750737093389034,22184.713661193848,0.0,32.0,0.0,1.0,0.7783333333333333,0.5782154928892851,0.5782154928892851,0.0
standard_dqn,815,49,111.65297923386098,121.15979441730235,38.090397387742996,73.56258139908314,1.7619168823584914,22891.658027648926,0.0,32.0,0.0,1.0,0.7738095238095238,0.43966392800211906,0.43966392800211906,0.0
standard_dqn,815,50,108.0912946067554,119.78881460705603,33.546989813447,74.5443047933084,1.7825831435620785,21292.027671813965,0.0,31.0,1.0,1.0,0.7692857142857144,0.42738163098692894,0.42738163098692894,0.0
standard_dqn,815,51,118.0251159965992,119.67178857082331,40.42301553487778,77.60210075974464,1.6981866527348757,22860.304920196533,0.0,34.0,0.0,0.0,0.7647619047619048,0.4550505867227912,0.4550505867227912,0.0
standard_dqn,815,52,126.83487838506699,119.92121899752343,44.3955512791872,82.43932861089706,1.82835459895432,25067.332927703857,0.0,35.0,0.0,0.0,0.7602380952380953,0.45288535580039024,0.45288535580039024,0.0
standard_dqn,815,53,120.31985651254654,120.16501212684834,40.37216326594353,79.94769348502159,1.7989196106791496,23457.87497329712,0.0,34.0,0.0,3.0,0.7557142857142858,0.4264162937179208,0.4264162937179208,0.0
standard_dqn,815,54,115.45590253174305,120.51175017996154,41.075918935239315,74.37998285889626,1.7740781679749489,23463.128044128418,0.0,31.0,0.0,0.0,0.7511904761904762,0.6117328871041536,0.6117328871041536,0.0
standard_dqn,815,55,122.83369582295418,120.11981574155857,37.58007222414017,85.25362401604653,1.7358143366873264,21621.384185791016,0.0,37.0,0.0,1.0,0.7466666666666667,0.6073107533156872,0.6073107533156872,0.0
standard_dqn,815,56,107.9169953763485,119.67273602958724,38.14670844376087,69.77028720080853,1.7455150922760367,22229.248474121094,0.0,30.0,0.0,0.0,0.7421428571428572,0.5449090544134378,0.5449090544134378,0.0
standard_dqn,815,57,94.81665287911892,117.56377730846266,36.41081300377846,58.40583989024162,1.6838238723576069,21346.590322494507,0.0,26.0,0.0,0.0,0.7376190476190476,0.4417313588783145,0.4417313588783145,0.0
standard_dqn,815,58,119.40755455344916,117.57124800450963,42.807400576770306,76.6001537680626,1.815058657899499,25402.113395690918,0.0,31.0,0.0,1.0,0.7330952380952381,0.6042062537744641,0.6042062537744641,0.0
standard_dqn,815,59,103.604058355093,115.88108542418027,33.789241671562195,69.81481625139713,1.646164351142943,19850.448265075684,0.0,31.0,0.0,1.0,0.7285714285714286,0.5876475721597672,0.5876475721597672,0.0
standard_dqn,815,60,100.78393477201462,115.34061158155941,34.62114459276199,66.16279035806656,1.6130996672436595,19881.478693008423,0.0,31.0,0.0,2.0,0.724047619047619,0.5257461480796337,0.5257461480796337,0.0
standard_dqn,815,61,112.05190006792546,114.34098230726292,38.34592425823212,73.7059759438038,1.7335542012006044,22262.010341644287,0.0,31.0,0.0,1.0,0.7195238095238095,0.5079144258052111,0.5079144258052111,0.0
standard_dqn,815,62,116.89849532544613,114.46305813214948,39.987522810697556,76.91097278296948,1.749097405001521,23292.568084716797,0.0,31.0,0.0,1.0,0.7150000000000001,0.6367733310908079,0.6367733310908079,0.0
standard_dqn,815,63,125.93402601182461,116.14096663511566,41.69687247276306,84.23715397119523,1.8642720840871334,24132.812126159668,0.0,35.0,0.0,1.0,0.7104761904761905,0.6161420550197363,0.6161420550197363,0.0
standard_dqn,815,64,97.4996904283762,116.26759818888479,36.12224546819925,61.377444475889206,1.6840499611571431,21475.419849395752,0.0,27.0,0.0,0.0,0.7059523809523809,0.49273592606186867,0.49273592606186867,0.0
standard_dqn,815,65,172.16136291649647,115.37186095749325,42.793799459934235,129.36756344166105,1.9660353614017367,25750.041652679443,0.0,41.0,36.0,1.0,0.7014285714285715,0.6842796932905912,0.6842796932905912,0.0
standard_dqn,815,66,130.8219628860478,115.92264239743301,40.73041631281376,90.09154681165262,1.8229771461337805,23915.356651306152,0.0,35.0,14.0,1.0,0.6969047619047619,0.3795428592711687,0.3795428592711687,0.0
standard_dqn,815,67,126.81370270252228,117.13466807812401,45.27729785442352,81.5364046394825,1.8036770429462194,25668.37361907959,0.0,35.0,0.0,0.0,0.6923809523809523,0.6002061357721686,0.6002061357721686,0.0
standard_dqn,815,68,119.79717019200325,117.58606147780964,36.85469502210617,82.94247511029243,1.7640280984342098,21887.704362869263,0.0,35.0,0.0,0.0,0.687857142857143,0.6798409037292004,0.6798409037292004,0.0
standard_dqn,815,69,114.84398403763771,117.74561171799849,38.2493489831686,76.59463514387608,1.7193440422415733,21880.06071472168,0.0,33.0,0.0,2.0,0.6833333333333333,0.5708392094820738,0.5708392094820738,0.0
standard_dqn,815,70,110.1087903007865,117.84648650270003,39.777457021176815,70.33133400976658,1.6982358703389764,22272.570392608643,0.0,29.0,0.0,0.0,0.6788095238095238,0.7496284805238247,0.7496284805238247,0.0
standard_dqn,815,71,99.00333518683911,116.89539746221203,35.37679040431976,63.62654493153095,1.656533437781036,20343.982189178467,0.0,27.0,0.0,1.0,0.6742857142857144,0.7157153822481632,0.7157153822481632,0.0
standard_dqn,815,72,89.26748183369637,115.0170276346435,31.041318088769913,58.226164519786835,1.6298978701233864,18792.96786880493,0.0,25.0,0.0,0.0,0.6697619047619048,0.6658270563930273,0.6658270563930273,0.0
standard_dqn,815,73,115.92948471009731,114.79750904452104,39.84445469081402,76.08503060042858,1.7108457321301103,22402.373302459717,0.0,33.0,0.0,1.0,0.6652380952380952,0.7656307145953178,0.7656307145953178,0.0
standard_dqn,815,74,116.75425627082586,114.86242673147517,40.022508315742016,76.73174768686295,1.818080348894,23610.5921459198,0.0,30.0,0.0,0.0,0.6607142857142857,0.8125329343602061,0.8125329343602061,0.0
standard_dqn,815,75,119.27502901852131,114.68449339125353,40.59830394387245,78.67672589421272,1.7826611418277025,23439.188400268555,0.0,33.0,0.0,0.0,0.6561904761904762,0.7313733175396919,0.7313733175396919,0.0
standard_dqn,815,76,112.90441421568394,114.9338643332203,36.016898453235626,76.88751656711102,1.7038322277367115,20794.2098236084,0.0,33.0,0.0,1.0,0.6516666666666667,0.5812145844101906,0.5812145844101906,0.0
standard_dqn,815,77,114.10715034008027,115.89838920626838,39.543222695589066,74.56392746567727,1.7150245103985071,22189.09250640869,0.0,32.0,0.0,1.0,0.6471428571428571,0.6091020219027996,0.6091020219027996,0.0
standard_dqn,815,78,109.6332835406065,115.40967565562623,38.48959229886532,71.14369142055511,1.7489092573523521,22669.62289428711,0.0,29.0,0.0,0.0,0.6426190476190476,0.6430717017501593,0.6430717017501593,0.0
standard_dqn,815,79,117.89363170564175,116.12415432315368,41.47607560455799,76.41755553483964,1.7909985911101103,24222.8087310791,0.0,32.0,0.0,4.0,0.6380952380952382,0.6493295822292566,0.6493295822292566,0.0
standard_dqn,815,80,88.85483531653881,115.52769935037989,28.61952444911003,60.23531022667885,1.4956892123445868,17004.198490142822,0.0,26.0,0.0,0.0,0.6335714285714286,0.7648619823157787,0.7648619823157787,0.0
standard_dqn,815,81,94.66877308487892,114.65854300122756,35.99308314919472,58.675690189003944,1.6461262600496411,20396.494478225708,0.0,25.0,0.0,0.0,0.6290476190476191,0.7127885641530156,0.7127885641530156,0.0
standard_dqn,815,82,141.44127133584252,115.88568180174738,41.29495620727539,100.14631514346827,1.843946655280888,24810.847537994385,0.0,38.0,24.0,1.0,0.6245238095238095,0.6445574164390564,0.6445574164390564,0.0
standard_dqn,815,83,89.15513397902251,114.04673720010726,32.9542098864913,56.20092456936836,1.5594699140638113,18413.740756988525,0.0,26.0,0.0,1.0,0.62,0.6042241975665092,0.6042241975665092,0.0
standard_dqn,815,84,87.19157054275274,113.5313312058261,33.35530421882868,53.83626680076122,1.5816474491730332,19378.82264328003,0.0,24.0,0.0,0.0,0.6154761904761905,0.727355694398284,0.727355694398284,0.0
standard_dqn,815,85,124.4788468927145,111.14720540463699,39.76915656030178,84.70969012379646,1.7636793041601777,22263.24501800537,0.0,35.0,0.0,0.0,0.6109523809523809,0.6315634697675705,0.6315634697675705,0.0
standard_dqn,815,86,113.72513751983642,110.29236413632643,38.88865427672863,74.83648376464843,1.7197637101635337,22199.56362915039,0.0,32.0,0.0,2.0,0.6064285714285714,0.799538642168045,0.799538642168045,0.0
standard_dqn,815,87,114.31402473151684,109.66738023777616,38.57301142811775,75.7410137951374,1.6868555657565594,21530.13121032715,0.0,34.0,0.0,0.0,0.6019047619047619,0.7186884023249149,0.7186884023249149,0.0
standard_dqn,815,88,88.38601754754782,108.0968226055534,30.900211811065674,57.485805907845496,1.5203882372006774,17785.306217193604,0.0,26.0,0.0,1.0,0.5973809523809523,0.6744300285354257,0.6744300285354257,0.0
standard_dqn,815,89,100.54890737831593,107.38206877258729,37.87637057900429,62.67253633737564,1.7003328707069159,21440.80108642578,0.0,27.0,0.0,1.0,0.592857142857143,0.6926331203430891,0.6926331203430891,0.0
standard_dqn,815,90,109.07619698345661,107.33043910672082,35.283486284315586,73.79271131753922,1.7008930714800954,20360.3101272583,0.0,33.0,0.0,0.0,0.5883333333333334,0.7664849199354649,0.7664849199354649,0.0
standard_dqn,815,91,107.28226886689663,107.74438579072368,38.23542921990156,69.04683917760849,1.7016311353072524,21690.20817565918,0.0,30.0,0.0,0.0,0.5838095238095238,0.7067947136238217,0.7067947136238217,0.0
standard_dqn,815,92,117.43055919706822,109.15253965889228,37.447055131196976,79.98350418508053,1.7474304446950555,21696.46298980713,0.0,34.0,0.0,2.0,0.5792857142857144,0.6556527242064476,0.6556527242064476,0.0
standard_dqn,815,93,90.30617134273052,107.87137399052392,31.14977526664734,59.15639594197273,1.6222046902403235,18695.712852478027,0.0,26.0,0.0,0.0,0.5747619047619048,0.8247065814211965,0.8247065814211965,0.0
standard_dqn,815,94,125.46281392127275,108.30680187304628,42.01111724227667,83.45169664919376,1.7679562233388424,23431.83750152588,0.0,36.0,0.0,1.0,0.5702380952380952,0.7114449385553598,0.7114449385553598,0.0
standard_dqn,815,95,111.24437560141087,107.90526920219077,39.249273747205734,71.9951024055481,1.6579383239150047,21859.985946655273,0.0,30.0,0.0,0.0,0.5657142857142857,0.7649222742766142,0.7649222742766142,0.0
standard_dqn,815,96,113.07923206835986,107.91401009482453,37.143420182168484,75.93581221401692,1.7205585781484842,21603.854442596436,0.0,31.0,0.0,1.0,0.5611904761904762,0.7763004023581743,0.7763004023581743,0.0
standard_dqn,815,97,122.64584900736808,108.34094502818895,39.749260291457176,82.89658852219581,1.7921108128502965,23037.832752227783,0.0,35.0,0.0,2.0,0.5566666666666666,0.674180313013494,0.674180313013494,0.0
standard_dqn,815,98,106.38578606545926,108.1785701544316,35.71869707107544,70.66708926260472,1.6927542816847563,20484.82375717163,0.0,31.0,0.0,1.0,0.5521428571428572,0.7457912098616362,0.7457912098616362,0.0
standard_dqn,815,99,103.77878012508154,107.47282757540356,36.61795428395271,67.16082608699799,1.6674872981384397,20572.38207244873,0.0,29.0,0.0,0.0,0.5476190476190477,0.6202555075287819,0.6202555075287819,0.0
standard_dqn,815,100,123.57551358938217,109.20886148904574,37.14018014073372,86.43533399999141,1.7467995844781399,21255.509204864502,0.0,36.0,0.0,3.0,0.5430952380952381,0.7702255416661501,0.7702255416661501,0.0
standard_dqn,815,101,119.25028786957265,110.43793722828043,40.066367000341415,79.18392128646374,1.7754697473719716,22899.291702270508,0.0,34.0,0.0,1.0,0.5385714285714286,0.7869976805523038,0.7869976805523038,0.0
standard_dqn,815,102,100.60408221185207,108.39607777208089,36.22678293287754,64.37729915976524,1.6512192515656352,20444.99070739746,0.0,28.0,0.0,0.0,0.5340476190476191,0.8504253197461367,0.8504253197461367,0.0
standard_dqn,815,103,117.44050186872482,109.81034616656602,42.255532681941986,75.18496891856194,1.7796886311843991,23866.40090560913,0.0,33.0,0.0,0.0,0.5295238095238095,0.685534798540175,0.685534798540175,0.0
standard_dqn,815,104,96.46696620583535,110.27411594972016,34.64698491990566,61.819981002807616,1.6277769673615694,19811.943267822266,0.0,27.0,0.0,1.0,0.525,0.5727297067642212,0.5727297067642212,0.0
standard_dqn,815,105,110.02212782204151,109.55127999618648,39.04652175307274,70.9756069034338,1.707150785252452,22119.761459350586,0.0,31.0,0.0,1.0,0.5204761904761905,0.7355244122445583,0.7355244122445583,0.0
standard_dqn,815,106,113.14703493714333,109.52237486705185,38.58783146739006,74.55920355916024,1.7277003899216652,22317.33689880371,0.0,31.0,0.0,1.0,0.5159523809523809,0.7734645679593086,0.7734645679593086,0.0
standard_dqn,815,107,116.69041482508183,109.64119437173011,38.88913391530514,77.80128077566624,1.7480734391137958,22521.65280342102,0.0,33.0,0.0,1.0,0.5114285714285716,0.646711764857173,0.646711764857173,0.0
standard_dqn,815,108,102.75208402574063,110.35949769563975,32.95340456813574,69.79867924153805,1.604427108541131,18886.180854797363,0.0,32.0,0.0,1.0,0.506904761904762,0.5716798407956958,0.5716798407956958,0.0
standard_dqn,815,109,110.7797451466322,110.87103958405555,38.84065318107605,71.93909174203873,1.7218007193878293,22417.84108734131,0.0,30.0,0.0,2.0,0.5023809523809524,0.9262682162225246,0.9262682162225246,0.0
standard_dqn,815,110,80.15311431884766,109.4248854508251,30.418998777866364,49.73411566019058,1.4785093991085887,17091.367473602295,0.0,22.0,0.0,0.0,0.4978571428571429,0.8489678166806698,0.8489678166806698,0.0
standard_dqn,815,111,114.25680775344372,109.77361239515247,37.53935617208481,76.71745141744614,1.7321225283667445,21796.316623687744,0.0,33.0,0.0,2.0,0.4933333333333334,0.7830835003405809,0.7830835003405809,0.0
standard_dqn,815,112,122.72906878590584,110.03853787459434,40.90447536855936,81.82459285855293,1.7488541677594185,22782.671920776367,0.0,34.0,0.0,1.0,0.4888095238095238,0.743214188143611,0.743214188143611,0.0
standard_dqn,815,113,117.46408401429653,111.39643350817263,40.75784446299076,76.7062391191721,1.7457485375925899,22722.66094970703,0.0,33.0,0.0,0.0,0.4842857142857143,0.711454464122653,0.711454464122653,0.0
standard_dqn,815,114,102.42577823251486,110.24458172373474,36.117366425693035,66.30841167271137,1.6797803528606892,20803.962371826172,0.0,29.0,0.0,0.0,0.4797619047619047,0.8125993274152279,0.8125993274152279,0.0
standard_dqn,815,115,108.15938466787338,110.09033217705787,36.815839022397995,71.34354585409164,1.7061919448897243,21247.38468360901,0.0,31.0,0.0,0.0,0.47523809523809524,0.8156068027019501,0.8156068027019501,0.0
standard_dqn,815,116,115.65402859449387,110.21907200336457,36.885104194283485,78.76892411708832,1.7550999373197556,21473.953983306885,0.0,34.0,0.0,0.0,0.47071428571428575,0.7920201364904642,0.7920201364904642,0.0
standard_dqn,815,117,105.90742209553719,109.38215065777301,35.77971330285072,70.12770852446556,1.5979060679674149,19609.055408477783,0.0,30.0,0.0,0.0,0.46619047619047627,1.0198273789137602,1.0198273789137602,0.0
standard_dqn,815,118,94.42238284051419,108.78398049652576,35.219963043928146,59.20242070555687,1.638971958309412,20506.824211120605,0.0,26.0,0.0,1.0,0.46166666666666667,0.8084478564560413,0.8084478564560413,0.0
standard_dqn,815,119,86.99022101759911,107.94455254115164,28.12895494699478,58.86126599609852,1.5160655276849866,16404.87095451355,0.0,28.0,0.0,2.0,0.4571428571428572,0.7868300834670663,0.7868300834670663,0.0
standard_dqn,815,120,84.06109063327312,105.9688313933462,31.022472113370895,53.03861854970455,1.54282336961478,18127.151531219482,0.0,23.0,0.0,0.0,0.4526190476190477,0.9185738153755665,0.9185738153755665,0.0
standard_dqn,815,121,110.93796995282173,105.55321549750866,37.49294662475586,73.44502320885658,1.74912881385535,21355.032398223877,0.0,32.0,0.0,0.0,0.4480952380952381,0.7658882290124893,0.7658882290124893,0.0
standard_dqn,815,122,101.17360460758209,105.58169161729515,35.355966843664646,65.81763869524002,1.6590472469106317,20397.24698638916,0.0,30.0,0.0,0.0,0.4435714285714286,0.6200946634635329,0.6200946634635329,0.0
standard_dqn,815,123,98.25055630505085,104.62219433911146,33.99337161332369,64.2571841031313,1.6349967448040843,19114.403602600098,0.0,30.0,0.0,0.0,0.439047619047619,0.7072387617081404,0.7072387617081404,0.0
standard_dqn,815,124,99.20740063786506,104.75921606071294,34.24839650094509,64.95900452435016,1.609518158249557,19439.365188598633,0.0,29.0,0.0,2.0,0.43452380952380953,0.7295078225433826,0.7295078225433826,0.0
standard_dqn,815,125,102.94720257222653,104.40546979822219,35.03025537729263,67.91694793999196,1.6267841346561909,19778.59782409668,0.0,30.0,0.0,1.0,0.43000000000000005,0.9059959091246128,0.9059959091246128,0.0
standard_dqn,815,126,119.81888657212258,104.73906237997114,39.12767322361469,80.69121392965317,1.763389446772635,22653.324935913086,0.0,34.0,0.0,2.0,0.42547619047619056,0.9195675188675523,0.9195675188675523,0.0
standard_dqn,815,127,127.58182633817196,105.28363295562565,38.857120767235756,88.72470524311066,1.8536031348630786,22761.137271881104,0.0,38.0,0.0,3.0,0.42095238095238097,0.7632715180516243,0.7632715180516243,0.0
standard_dqn,815,128,113.42335572838783,105.81719654075803,36.22920945286751,77.19414633512497,1.6720837485045195,20602.43865966797,0.0,33.0,0.0,0.0,0.41642857142857137,0.7426269985735416,0.7426269985735416,0.0
standard_dqn,815,129,111.01286785304546,105.8288526760787,36.764538675546646,74.24832923710346,1.7155733844265342,20851.4264793396,0.0,33.0,0.0,0.0,0.4119047619047619,0.8012666944414377,0.8012666944414377,0.0
standard_dqn,815,130,99.02526879310608,106.77246039979158,35.304814115166664,63.72045463323593,1.6755943717435002,20464.132034301758,0.0,28.0,0.0,0.0,0.4073809523809524,1.0242815371602774,1.0242815371602774,0.0
standard_dqn,815,131,108.13886627554893,106.46656332589687,37.2188138961792,70.92005303502083,1.6577201457694173,20422.56199645996,0.0,29.0,0.0,0.0,0.4028571428571429,0.7955166352912784,0.7955166352912784,0.0
standard_dqn,815,132,96.77687177062035,105.1689534751326,34.96282383054495,61.81404812633991,1.61532589700073,19573.85566520691,0.0,28.0,0.0,1.0,0.39833333333333343,0.7861807681620121,0.7861807681620121,0.0
standard_dqn,815,133,107.56894904375076,104.6741967266053,34.76620314270258,72.80274647474289,1.6344648087397218,19725.29916381836,0.0,32.0,0.0,0.0,0.39380952380952383,0.9163317009806633,0.9163317009806633,0.0
standard_dqn,815,134,97.1713204011321,104.41147383503616,33.83002223819494,63.341297805309296,1.6077614594250917,19077.55637741089,0.0,29.0,0.0,1.0,0.38928571428571423,0.8623847533017397,0.8623847533017397,0.0
standard_dqn,815,135,102.68648126125336,104.13782866470517,36.324448093771935,66.36203327178956,1.6778431590646505,20561.65922164917,0.0,29.0,0.0,2.0,0.38476190476190475,0.9032174944877625,0.9032174944877625,0.0
standard_dqn,815,136,100.98508995771408,103.40438173286616,35.94440358877182,65.04068593680859,1.6275703366845846,20465.643299102783,0.0,29.0,0.0,0.0,0.38023809523809526,0.8382337372750044,0.8382337372750044,0.0
standard_dqn,815,137,121.87297182679177,104.20265921942891,40.841625705361366,81.0313453167677,1.826436497271061,23505.276275634766,0.0,33.0,0.0,2.0,0.3757142857142858,0.942021232098341,0.942021232098341,0.0
standard_dqn,815,138,93.65904613733292,104.16449238426985,35.31464209407568,58.34440421462059,1.594401785172522,19670.26913833618,0.0,25.0,0.0,1.0,0.3711904761904763,0.9259801972657442,0.9259801972657442,0.0
standard_dqn,815,139,87.44813507050276,104.18738808691504,31.031650453805923,56.41648432612419,1.5497602680698037,17561.759811401367,0.0,27.0,0.0,0.0,0.3666666666666667,0.8471707906574011,0.8471707906574011,0.0
standard_dqn,815,140,93.79636885225773,104.67415199786426,31.55468340218067,62.24168571829796,1.5621470948681235,17454.145393371582,0.0,28.0,0.0,1.0,0.3621428571428572,0.8079873379319906,0.8079873379319906,0.0
standard_dqn,815,141,91.11102736741304,103.68280486859382,34.18281377106905,56.928213238716125,1.5512211443856359,19192.780918121338,0.0,26.0,0.0,0.0,0.3576190476190476,0.9958131220191717,0.9958131220191717,0.0
standard_dqn,815,142,95.28921587020159,103.38858543172478,34.12576962262392,61.163445711135864,1.6239572493359447,19455.915203094482,0.0,27.0,0.0,0.0,0.35309523809523813,1.0191914681345224,1.0191914681345224,0.0
standard_dqn,815,143,96.27796459197998,103.28995584607124,34.269487001001835,62.00847727060318,1.6028048126026988,19440.045265197754,0.0,27.0,0.0,2.0,0.34857142857142864,0.866896741092205,0.866896741092205,0.0
standard_dqn,815,144,99.59904837012292,103.30953823268415,35.83617328107357,63.762875044345854,1.6692910566926003,20274.24905014038,0.0,28.0,0.0,1.0,0.34404761904761905,1.0745976008474827,1.0745976008474827,0.0
standard_dqn,815,145,100.2821973413229,103.17628797113896,36.783891685307026,63.49830564856529,1.5995352240279317,20027.569263458252,0.0,29.0,0.0,0.0,0.33952380952380956,1.0300688156858087,1.0300688156858087,0.0
standard_dqn,815,146,96.79355789124966,102.02502153709531,34.93063759803772,61.86292060613632,1.6178548829630017,19579.213710784912,0.0,28.0,0.0,1.0,0.3350000000000001,0.8923902735114098,0.8923902735114098,0.0
standard_dqn,815,147,121.6124037206173,101.72655040621757,39.85094501078129,81.76145865023136,1.738626559264958,22000.097103118896,0.0,34.0,0.0,0.0,0.3304761904761905,0.8135285805910826,0.8135285805910826,0.0
standard_dqn,815,148,98.57661798596382,100.98421351909637,35.820677772164345,62.755940079689026,1.6369807068258524,20150.13579559326,0.0,26.0,0.0,0.0,0.325952380952381,0.8683490175753832,0.8683490175753832,0.0
standard_dqn,815,149,108.81377446651459,100.87425884976983,38.81027552485466,70.00349870324135,1.700405228883028,21688.430870056152,0.0,30.0,0.0,0.0,0.3214285714285714,0.9206414166837931,0.9206414166837931,0.0
standard_dqn,815,150,106.262480661273,101.23611944317818,36.34927273541689,69.91320762038231,1.645225528627634,20195.517246246338,0.0,29.0,0.0,0.0,0.3169047619047619,0.8057772554457188,0.8057772554457188,0.0
standard_dqn,815,151,109.83014960587025,101.32068360969424,41.493993297219276,68.33615630865097,1.7562304371967912,22959.27447128296,0.0,30.0,0.0,1.0,0.3123809523809524,0.8125997092574835,0.8125997092574835,0.0
standard_dqn,815,152,115.38247080147266,102.25096356123686,38.148418337106705,77.23405170440674,1.7260270668193698,21475.464805603027,0.0,32.0,0.0,0.0,0.30785714285714294,0.8063226770609617,0.8063226770609617,0.0
standard_dqn,815,153,90.41517953574657,101.39327508583665,34.69448530673981,55.720694214105606,1.6014356007799506,19242.34108734131,0.0,26.0,0.0,0.0,0.30333333333333345,0.9358664955943823,0.9358664955943823,0.0
standard_dqn,815,154,105.16411765664816,101.79291494861245,35.11901758611202,70.04510027170181,1.6096929209306836,19436.059467315674,0.0,30.0,0.0,0.0,0.29880952380952375,0.8886794131249189,0.8886794131249189,0.0
standard_dqn,815,155,110.1471911072731,102.16595044091343,36.83517509698868,73.31201532483101,1.7364323064684868,21116.82389831543,0.0,31.0,0.0,0.0,0.29428571428571426,0.9813366867601871,0.9813366867601871,0.0
standard_dqn,815,156,88.83307933062315,101.55834990955888,31.98003963381052,56.85303957760334,1.578419846482575,17917.850898742676,0.0,27.0,0.0,1.0,0.2897619047619048,1.0801940187811852,1.0801940187811852,0.0
standard_dqn,815,157,95.29530137181283,100.22946638680995,33.03003454208374,62.26526618897915,1.5676190285012126,18093.41901397705,0.0,29.0,0.0,3.0,0.2852380952380953,0.8511976096779108,0.8511976096779108,0.0
standard_dqn,815,158,96.57191501557827,100.37510983072221,34.61685823649168,61.95505680143833,1.617283639498055,19479.887351989746,0.0,28.0,0.0,0.0,0.2807142857142858,0.8363048620522022,0.8363048620522022,0.0
standard_dqn,815,159,113.8722161501646,101.6963138847053,37.64462585747242,76.22759054601192,1.7781836278736591,22151.656730651855,0.0,31.0,0.0,0.0,0.2761904761904763,1.153603170067072,1.153603170067072,0.0
standard_dqn,815,160,109.91855876147747,102.50242338016628,35.35666196793318,74.56189699470997,1.6979302605614066,19974.159873962402,0.0,33.0,0.0,1.0,0.2716666666666666,1.0751788597553968,1.0751788597553968,0.0
standard_dqn,815,161,90.3686878323555,102.46530640341341,33.921615056693554,56.44707251489162,1.6108470782637596,18779.2133102417,0.0,26.0,0.0,1.0,0.2671428571428571,0.920746460556984,0.920746460556984,0.0
standard_dqn,815,162,91.73422809839249,102.28755701482297,32.36272992193699,59.3714984446764,1.5924853226169944,18541.61031150818,0.0,27.0,0.0,1.0,0.26261904761904764,0.8641074430197477,0.8641074430197477,0.0
standard_dqn,815,163,88.28876502811909,101.88809703662992,33.96687935292721,54.32188567519188,1.6335435379296541,19374.931552886963,0.0,25.0,0.0,1.0,0.25809523809523816,1.017694378271699,1.017694378271699,0.0
standard_dqn,815,164,80.71988295018673,100.94413876563311,29.30621339380741,51.413669124245644,1.490581008605659,16684.787578582764,0.0,24.0,0.0,1.0,0.25357142857142867,0.9623780809342861,0.9623780809342861,0.0
standard_dqn,815,165,118.54308976233006,101.85718338668346,40.57468555867672,77.96840396523476,1.7699560998007655,22985.79881286621,0.0,32.0,0.0,0.0,0.24904761904761907,1.0916690360754728,1.0916690360754728,0.0
standard_dqn,815,166,100.88991726338864,102.0620013552904,35.409576535224915,65.48033983409405,1.6472029089927673,19999.45277404785,0.0,29.0,0.0,1.0,0.2445238095238096,0.7551349131390452,0.7551349131390452,0.0
standard_dqn,815,167,97.98015400022268,100.88038886927067,32.44631042331457,65.53384363651276,1.6381618743762374,18527.123050689697,0.0,30.0,0.0,0.0,0.24,1.0448455177247524,1.0448455177247524,0.0
standard_dqn,815,168,111.31760011613369,101.51743797577917,39.05754138529301,72.26005907356739,1.6982696410268545,21711.869380950928,0.0,31.0,0.0,0.0,0.2354761904761905,1.1002865340560675,1.1002865340560675,0.0
standard_dqn,815,169,99.44197278618813,101.04884789176285,33.84784744679928,65.59412469863892,1.6583390990272164,19174.110733032227,0.0,30.0,0.0,3.0,0.23095238095238102,0.9034250415861607,0.9034250415861607,0.0
standard_dqn,815,170,91.17106995880604,100.29427735663951,32.17018935084343,59.00088014602661,1.6349207051098347,18711.15410232544,0.0,27.0,0.0,2.0,0.22642857142857142,1.0778474360704422,1.0778474360704422,0.0
standard_dqn,815,171,99.09671851396561,99.75760580204428,33.546362191438675,65.55035596489907,1.603341244161129,18987.968158721924,0.0,29.0,0.0,1.0,0.22190476190476194,1.19965161383152,1.19965161383152,0.0
standard_dqn,815,172,91.42513593286276,98.55973905861379,32.85604804009199,58.569087356328964,1.5940990541130304,18634.012784957886,0.0,26.0,0.0,0.0,0.21738095238095245,0.9661799687892199,0.9661799687892199,0.0
standard_dqn,815,173,85.47699861228466,98.31283001244068,29.451163068413734,56.025835901498795,1.505399120040238,16267.882892608643,0.0,27.0,0.0,1.0,0.21285714285714286,0.909344868734479,0.909344868734479,0.0
standard_dqn,815,174,94.94900361448526,97.80207431033254,32.69529177993536,62.25371214747429,1.6021184157580137,18268.383150100708,0.0,28.0,0.0,1.0,0.20833333333333337,1.0126972757279873,1.0126972757279873,0.0
standard_dqn,815,175,90.57735760509968,96.82358263522386,31.920018456876278,58.6573389172554,1.5752204079180956,17893.916675567627,0.0,27.0,0.0,0.0,0.20380952380952377,0.8065206091850996,0.8065206091850996,0.0
standard_dqn,815,176,108.54397261142731,97.80912729926408,37.625787779688835,70.91818577051163,1.730664229951799,21180.0959815979,0.0,30.0,0.0,0.0,0.1992857142857143,0.8625359553843737,0.8625359553843737,0.0
standard_dqn,815,177,86.56239495575429,97.37248197846115,30.762539014220238,55.79985601603985,1.4825455695390701,16474.31135368347,0.0,27.0,0.0,1.0,0.1947619047619048,0.8232097718864679,0.8232097718864679,0.0
standard_dqn,815,178,87.0938330590725,96.89857788063587,31.02553777396679,56.0682954788208,1.56993446405977,17691.53981781006,0.0,25.0,0.0,0.0,0.19023809523809532,1.218949943780899,1.218949943780899,0.0
standard_dqn,815,179,94.76373191922903,95.94315366908909,34.60113322734833,60.16259843111038,1.602310549467802,19167.93768310547,0.0,28.0,0.0,0.0,0.18571428571428583,0.9927426055073738,0.9927426055073738,0.0
standard_dqn,815,180,96.73924263566732,95.28418786279857,32.73481972515583,64.00442296266556,1.6381694078445435,18510.847534179688,0.0,28.0,0.0,1.0,0.18119047619047624,1.0933284405618906,1.0933284405618906,0.0
standard_dqn,815,181,79.1454147323966,94.72302420780063,29.404099591076374,49.741315096616745,1.4710952304303646,16004.176528930664,0.0,24.0,0.0,1.0,0.17666666666666664,0.9875242318958044,0.9875242318958044,0.0
standard_dqn,815,182,88.15693788230419,94.54415969699622,30.9019855260849,57.25495192408562,1.5723667442798615,17716.079719543457,0.0,25.0,0.0,1.0,0.17214285714285715,1.0087661519646645,1.0087661519646645,0.0
standard_dqn,815,183,113.01501674950123,95.78047228306532,34.28225861489773,78.7327584028244,1.681557678617537,19333.45014190674,0.0,34.0,0.0,0.0,0.16761904761904767,0.999530415982008,0.999530415982008,0.0
standard_dqn,815,184,94.54880920797586,96.47191859595478,32.98529265075922,61.56351661682129,1.5807212935760617,18350.154724121094,0.0,27.0,0.0,0.0,0.16309523809523818,0.8967428747564554,0.8967428747564554,0.0
standard_dqn,815,185,100.09646762907505,95.54958748929202,34.90383379161358,65.19263425469398,1.6550654154270887,19294.280639648438,0.0,29.0,0.0,0.0,0.1585714285714287,1.008790835738182,1.008790835738182,0.0
standard_dqn,815,186,88.74591805040836,94.94238752864301,30.419513657689095,58.32640454173088,1.570095065049827,17454.84331893921,0.0,26.0,0.0,0.0,0.1540476190476191,0.8816740233451128,0.8816740233451128,0.0
standard_dqn,815,187,94.61146251112223,94.77395295418799,33.004619769752026,61.60684283077717,1.6094550555571914,18436.781772613525,0.0,27.0,0.0,0.0,0.1495238095238095,1.1898288168013096,1.1898288168013096,0.0
standard_dqn,815,188,89.74063282459974,93.69510458961129,33.25933416932821,56.48129905760288,1.5881496081128716,18834.471069335938,0.0,25.0,0.0,0.0,0.14500000000000002,1.022704154253006,1.022704154253006,0.0
standard_dqn,815,189,103.23517605662346,93.88476475313306,35.82944965362549,67.40572595596313,1.6111457655206323,19675.68279838562,0.0,29.0,0.0,1.0,0.14047619047619053,0.9807809721678495,0.9807809721678495,0.0
standard_dqn,815,190,91.85672177374363,93.91904734387994,31.531529255211353,60.32519266009331,1.5660940064117312,17403.149646759033,0.0,27.0,0.0,0.0,0.13595238095238105,1.1212488934397697,1.1212488934397697,0.0
standard_dqn,815,191,83.7514453843236,93.15178368739785,30.443270817399025,53.30817479789257,1.5360441226512194,17251.297779083252,0.0,25.0,0.0,1.0,0.13142857142857145,1.1322266813367605,1.1322266813367605,0.0
standard_dqn,815,192,96.26241666972638,93.39364772424103,32.005589470267296,64.2568273484707,1.571161619387567,17596.874557495117,0.0,30.0,0.0,1.0,0.12690476190476196,1.2908900566399097,1.2908900566399097,0.0
standard_dqn,815,193,103.50872249305249,94.29523391827942,36.408537179231644,67.10018555223942,1.6497503938153386,19891.532585144043,0.0,31.0,0.0,1.0,0.12238095238095237,1.1983359027653933,1.1983359027653933,0.0
standard_dqn,815,194,79.55793527513742,93.52568050131204,30.76247090101242,48.79546421766281,1.534067653119564,16969.283611297607,0.0,24.0,0.0,0.0,0.11785714285714288,0.9865809977054596,0.9865809977054596,0.0
standard_dqn,815,195,72.25072702765465,92.60934897243978,26.83083714544773,45.41988942027092,1.4312759935855865,14693.15121459961,0.0,22.0,0.0,0.0,0.1133333333333334,0.8123602997511625,0.8123602997511625,0.0
standard_dqn,815,196,81.04787306785583,91.23454399526119,30.78743675351143,50.26043643355369,1.5303838513791561,16782.09867477417,0.0,24.0,0.0,2.0,0.1088095238095238,0.8329604156315327,0.8329604156315327,0.0
standard_dqn,815,197,93.69625899195671,91.59123719707131,30.381522938609123,63.31473556160927,1.5483403783291578,16827.664878845215,0.0,28.0,0.0,0.0,0.10428571428571431,0.7174443434923887,0.7174443434923887,0.0
standard_dqn,815,198,89.10268411040306,91.69167974963784,30.749123044312,58.353560760617256,1.5498701389878988,17029.440631866455,0.0,27.0,0.0,2.0,0.09976190476190483,1.0027706027030945,1.0027706027030945,0.0
standard_dqn,815,199,89.88517448306084,91.44775187782942,32.599986746907234,57.28518767654896,1.576118010096252,17948.769493103027,0.0,26.0,0.0,0.0,0.09523809523809534,1.0515833552926779,1.0515833552926779,0.0
standard_dqn,815,200,108.2953147739172,92.02555548474193,35.265034422278404,73.03028032183647,1.6719586020335555,19402.311210632324,0.0,31.0,0.0,1.0,0.09071428571428575,1.0282951779663563,1.0282951779663563,0.0
standard_dqn,815,201,83.45912858247758,92.24124117724598,28.017708472907543,55.44142053425312,1.4642005022615194,15058.401126861572,0.0,26.0,0.0,1.0,0.08619047619047626,0.9442998431622982,0.9442998431622982,0.0
standard_dqn,815,202,87.33463490009308,92.20012602813543,29.489661790430546,57.844973266124725,1.5168935125693679,16238.80213546753,0.0,27.0,0.0,1.0,0.08166666666666667,0.9359667636454105,0.9359667636454105,0.0
standard_dqn,815,203,92.89567847549915,91.19415911443532,33.81757779419422,59.07810014486313,1.6045626001432538,18380.737113952637,0.0,27.0,0.0,0.0,0.07714285714285718,0.9098619930446148,0.9098619930446148,0.0
standard_dqn,815,204,96.17004683613777,91.27522099584341,32.96807347238064,63.20197328925133,1.6101192105561495,18237.571868896484,0.0,28.0,0.0,0.0,0.0726190476190477,1.0143198352307081,1.0143198352307081,0.0
standard_dqn,815,205,84.21236366927624,90.48101579785347,30.640663869678974,53.57169952392578,1.5687137488275766,17257.3311958313,0.0,25.0,0.0,1.0,0.06809523809523821,0.9650050885975361,0.9650050885975361,0.0
standard_dqn,815,206,91.8071514159441,90.63407746613026,28.55208744108677,63.255064406991,1.5311843864619732,15965.615110397339,0.0,29.0,0.0,1.0,0.06357142857142861,1.0222774604335427,1.0222774604335427,0.0
standard_dqn,815,207,81.16544821113348,89.96177675113083,29.410100147128105,51.75534802675247,1.5046400297433138,16044.017219543457,0.0,24.0,0.0,0.0,0.059047619047619015,0.891820352524519,0.891820352524519,0.0
standard_dqn,815,208,91.76178477108479,90.06283434845508,33.069589242339134,58.69219503700733,1.5990392453968525,18362.267219543457,0.0,27.0,0.0,2.0,0.05452380952380953,1.1153293550014496,1.1153293550014496,0.0
standard_dqn,815,209,103.51645516753197,90.07689830400052,35.14130254089832,68.37515314817429,1.7093233298510313,20153.866943359375,0.0,29.0,0.0,1.0,0.050000000000000044,0.9476735685020685,0.9476735685020685,0.0
standard_dqn,815,210,99.48705604821444,90.45841501772405,33.42057693749666,66.0664793342352,1.5826219785958529,18247.532176971436,0.0,30.0,0.0,1.0,0.050000000000000044,0.9421861050650477,0.9421861050650477,0.0
standard_dqn,815,211,92.87938998788596,90.91481224790218,32.6474524140358,60.23193761855364,1.583532121963799,18039.627128601074,0.0,26.0,0.0,1.0,0.050000000000000044,1.01499511487782,1.01499511487782,0.0
standard_dqn,815,212,94.35064481198788,90.81922365501525,32.17845779657364,62.172186613082886,1.5804436756297946,17899.52378845215,0.0,27.0,0.0,0.0,0.050000000000000044,0.8702328484505415,0.8702328484505415,0.0
standard_dqn,815,213,87.23126395791769,90.0053507282585,30.985125117003918,56.24613907933235,1.5311913983896375,17111.85311317444,0.0,27.0,0.0,0.0,0.050000000000000044,0.8649896075949073,0.8649896075949073,0.0
standard_dqn,815,214,96.06799808889627,90.83085386894643,34.07708256691694,61.99091601371765,1.6222075894474983,18709.810928344727,0.0,28.0,0.0,0.0,0.050000000000000044,0.9910655561834574,0.9910655561834574,0.0
standard_dqn,815,215,94.5166625380516,91.94415064446628,34.49385303258896,60.022809594869614,1.6181039121001959,19021.33406829834,0.0,27.0,0.0,0.0,0.050000000000000044,0.9580283239483833,0.9580283239483833,0.0
standard_dqn,815,216,82.31666705012321,92.00759034357966,28.55635578930378,53.76031170785427,1.5318223042413592,15937.154418945312,0.0,25.0,0.0,1.0,0.050000000000000044,1.280605260282755,1.280605260282755,0.0
standard_dqn,815,217,98.00979435443878,92.22326711170376,32.92833511531353,65.08145987987518,1.614106792025268,18099.35548019409,0.0,28.0,0.0,0.0,0.050000000000000044,1.1529964953660965,1.1529964953660965,0.0
standard_dqn,815,218,96.14032740294934,92.57514927633108,32.20918244868517,63.93114545345306,1.6100112413987517,18167.870840072632,0.0,28.0,0.0,1.0,0.050000000000000044,0.6494212690740824,0.6494212690740824,0.0
standard_dqn,815,219,87.39791017770767,92.45078606106341,31.547749161720276,55.85016104578972,1.5558108147233725,17621.056186676025,0.0,25.0,0.0,0.0,0.050000000000000044,0.9882920375093818,0.9882920375093818,0.0
standard_dqn,815,220,95.96221191436052,91.83413091808559,33.96710419654846,61.99510806798935,1.6334557263180614,19048.842964172363,0.0,28.0,0.0,0.0,0.050000000000000044,1.1472105598077178,1.1472105598077178,0.0
standard_dqn,815,221,103.41439888775349,92.83189443334939,32.054952062666416,71.3594470858574,1.5899867098778486,17715.49877166748,0.0,31.0,0.0,1.0,0.050000000000000044,1.1758389882743359,1.1758389882743359,0.0
standard_dqn,815,222,87.32486525923014,92.83140595130624,30.38148556649685,56.9433798789978,1.5476656462997198,16973.003089904785,0.0,27.0,0.0,0.0,0.050000000000000044,1.1091551147401333,1.1091551147401333,0.0
standard_dqn,815,223,77.11272299289703,92.04225817717612,28.979058638215065,48.13366413116455,1.4998354632407427,15818.70559310913,0.0,24.0,0.0,0.0,0.050000000000000044,1.052949272096157,1.052949272096157,0.0
standard_dqn,815,224,96.93440268337727,92.08047596953811,33.017959870398045,63.91644314825535,1.59891277551651,18100.314447402954,0.0,28.0,0.0,1.0,0.050000000000000044,0.970792687498033,0.970792687498033,0.0
standard_dqn,815,225,92.26077403128147,92.48289648763837,32.16587871313095,60.09489442408085,1.588473160751164,17965.72491836548,0.0,28.0,0.0,1.0,0.050000000000000044,1.2019930183887482,1.2019930183887482,0.0
standard_dqn,815,226,89.82871718853713,92.38397477626802,30.508050225675106,59.320666992664336,1.533607647754252,16880.535877227783,0.0,26.0,0.0,2.0,0.050000000000000044,1.136047601699829,1.136047601699829,0.0
standard_dqn,815,227,86.61283695697784,92.65634421356023,29.99620972573757,56.616626769304276,1.5316059552133083,16645.423149108887,0.0,25.0,0.0,0.0,0.050000000000000044,1.0768506284803152,1.0768506284803152,0.0
standard_dqn,815,228,94.99733979403973,92.81812196470798,31.043259769678116,63.954080113768576,1.5542339459061623,17100.63017654419,0.0,29.0,0.0,1.0,0.050000000000000044,1.1712404899299145,1.1712404899299145,0.0
standard_dqn,815,229,98.43313129246235,92.5639557709545,32.074708715081215,66.35842338204384,1.590237126685679,17762.548320770264,0.0,30.0,0.0,0.0,0.050000000000000044,1.0269662728533149,1.0269662728533149,0.0
standard_dqn,815,230,97.74617165327072,92.47691155120731,31.616333439946175,66.12983860075474,1.595196877606213,17991.816108703613,0.0,30.0,0.0,0.0,0.050000000000000044,1.132257141172886,1.132257141172886,0.0
standard_dqn,815,231,92.27306596934795,92.4465953502804,32.60995012521744,59.66311572492123,1.6079954290762544,18067.807441711426,0.0,27.0,0.0,1.0,0.050000000000000044,1.0102989710867405,1.0102989710867405,0.0
standard_dqn,815,232,95.30062914788724,92.49409456707538,31.761347129940987,63.53928145170212,1.6143898842856288,17970.026096343994,0.0,28.0,0.0,1.0,0.050000000000000044,1.0971316434442997,1.0971316434442997,0.0
standard_dqn,815,233,97.62568110525608,93.0138154244423,33.296343460679054,64.32933762967586,1.6261223061010242,18746.432907104492,0.0,28.0,0.0,2.0,0.050000000000000044,0.947858665138483,0.947858665138483,0.0
standard_dqn,815,234,107.97361925244331,93.60909648261965,37.5905931442976,70.38302633166313,1.7341797202825546,20966.321350097656,0.0,31.0,0.0,0.0,0.050000000000000044,1.2945710681378841,1.2945710681378841,0.0
standard_dqn,815,235,94.1887122541666,93.5926989684254,32.01209005713463,62.17662215232849,1.5957723250612617,17748.897205352783,0.0,27.0,0.0,1.0,0.050000000000000044,1.2066747844219208,1.2066747844219208,0.0
standard_dqn,815,236,98.62837358564138,94.4082842952013,33.47340629994869,65.15496772527695,1.5803388366475701,18259.457637786865,0.0,29.0,0.0,0.0,0.050000000000000044,1.1382886320352554,1.1382886320352554,0.0
standard_dqn,815,237,81.6288304105401,93.58923609800637,31.131759367883205,50.49707068502903,1.5528429597616196,17232.19731903076,0.0,25.0,0.0,0.0,0.050000000000000044,1.2046995609998703,1.2046995609998703,0.0
standard_dqn,815,238,83.31624294817448,92.94803187526762,31.33359105885029,51.98265144228935,1.5577527657151222,17189.726192474365,0.0,24.0,0.0,0.0,0.050000000000000044,0.9749827943742275,0.9749827943742275,0.0
standard_dqn,815,239,88.68234184384346,93.0122534585744,30.75805640220642,57.92428535223007,1.535451547242701,16749.262523651123,0.0,27.0,0.0,0.0,0.050000000000000044,1.0262759625911713,1.0262759625911713,0.0
standard_dqn,815,240,73.43298541009426,91.88579213336111,27.366377994418144,46.06660741567612,1.4487337283790112,14651.50106048584,0.0,22.0,0.0,1.0,0.050000000000000044,1.347119428217411,1.347119428217411,0.0
standard_dqn,815,241,90.66683550924063,91.24841396443546,32.567219495773315,58.09961634874344,1.568842001259327,17905.746852874756,0.0,26.0,0.0,0.0,0.050000000000000044,1.0511292051523924,1.0511292051523924,0.0
standard_dqn,815,242,90.79587656259537,91.42196452960373,31.4356921389699,59.360185012221336,1.5492055993527174,17024.822067260742,0.0,27.0,0.0,0.0,0.050000000000000044,1.1603479608893394,1.1603479608893394,0.0
standard_dqn,815,243,76.38179399073124,91.38541807949544,29.03756019473076,47.344233840703964,1.480059513822198,15635.459281921387,0.0,23.0,0.0,1.0,0.050000000000000044,1.1412539687007666,1.1412539687007666,0.0
standard_dqn,815,244,101.64607675522566,91.62100178308785,33.65554507821798,67.99053175151349,1.6522617740556598,19199.054443359375,0.0,29.0,0.0,1.0,0.050000000000000044,0.9328301949426532,0.9328301949426532,0.0
standard_dqn,815,245,100.68638678640127,92.04228242084385,32.00944183021784,68.67694482207298,1.5871764346957207,17796.96076965332,0.0,30.0,0.0,0.0,0.050000000000000044,1.096799879334867,1.096799879334867,0.0
standard_dqn,815,246,96.00332545489073,92.35101283416152,33.63386309891939,62.36946181952953,1.6389946769922972,18991.754974365234,0.0,28.0,0.0,0.0,0.050000000000000044,0.7871240768581629,0.7871240768581629,0.0
standard_dqn,815,247,88.39393795430661,92.44006788402797,30.162386044859886,58.231551536917685,1.548108466900885,16773.162677764893,0.0,26.0,0.0,1.0,0.050000000000000044,0.9011662835255265,0.9011662835255265,0.0
standard_dqn,815,248,100.65286642462016,92.72284421555699,33.704315073788166,66.9485511571169,1.6107818465679884,18533.464847564697,0.0,29.0,0.0,2.0,0.050000000000000044,0.9658091478049755,0.9658091478049755,0.0
standard_dqn,815,249,88.08871465921402,92.20562338389456,30.01136240363121,58.077352315187454,1.5567668247967958,16929.645294189453,0.0,26.0,0.0,0.0,0.050000000000000044,0.9041074328124523,0.9041074328124523,0.0
standard_dqn,815,250,79.2332544773817,91.27997752510012,30.132966056466103,49.10028851032257,1.5231231478974223,16689.056690216064,0.0,22.0,0.0,1.0,0.050000000000000044,1.108299357816577,1.108299357816577,0.0
standard_dqn,815,251,97.62466191649438,91.54755732245744,30.615191511809826,67.00946989059449,1.5879527404904366,17155.628623962402,0.0,30.0,0.0,1.0,0.050000000000000044,1.0306795574724674,1.0306795574724674,0.0
standard_dqn,815,252,93.97333521693945,91.48119262591004,32.78891471773386,61.1844206482172,1.5822352934628725,18019.9345703125,0.0,27.0,0.0,2.0,0.050000000000000044,1.2564779352396727,1.2564779352396727,0.0
standard_dqn,815,253,98.67000932991505,91.53340903714299,33.292168475687504,65.37784107029438,1.6186687964946032,18359.728034973145,0.0,30.0,0.0,0.0,0.050000000000000044,0.9954527802765369,0.9954527802765369,0.0
standard_dqn,815,254,81.45629045367241,90.20754259720444,29.624551936984062,51.83173802495003,1.5137153351679444,16361.370639801025,0.0,24.0,0.0,1.0,0.050000000000000044,1.3939755521714687,1.3939755521714687,0.0
standard_dqn,815,255,96.94765773415565,90.3454898712039,33.21676589548588,63.73089154064655,1.6211410881951451,18346.468719482422,0.0,28.0,0.0,1.0,0.050000000000000044,1.3154521826654673,1.3154521826654673,0.0
standard_dqn,815,256,88.97590221464634,89.86286630265415,30.386624544858932,58.589277654886246,1.5336260134354234,16708.437465667725,0.0,26.0,0.0,0.0,0.050000000000000044,1.1545550897717476,1.1545550897717476,0.0
standard_dqn,815,257,95.93890888988972,90.57837022662162,32.359288305044174,63.57962043583393,1.5965618845075369,18037.402378082275,0.0,28.0,0.0,0.0,0.050000000000000044,1.3204727843403816,1.3204727843403816,0.0
standard_dqn,815,258,71.8580320879817,90.00545968361199,26.769337587058544,45.088694262504575,1.425123262219131,14619.987663269043,0.0,22.0,0.0,2.0,0.050000000000000044,1.0335409212857485,1.0335409212857485,0.0
standard_dqn,815,259,65.12339089363813,88.82751213610172,26.573340333998203,38.55005084276199,1.417752841487527,14433.290546417236,0.0,19.0,0.0,2.0,0.050000000000000044,0.8555452711880207,0.8555452711880207,0.0
standard_dqn,815,260,94.38514317572117,89.87512002438307,32.37774774432182,62.00739546120167,1.5768475718796253,17671.22838973999,0.0,29.0,0.0,0.0,0.050000000000000044,0.9762001466006041,0.9762001466006041,0.0
standard_dqn,815,261,100.00892006605864,90.34222425222396,34.75321718305349,65.25570321083069,1.617581362836063,19247.954412460327,0.0,29.0,0.0,0.0,0.050000000000000044,1.281693134456873,1.281693134456873,0.0
standard_dqn,815,262,90.22361558228731,90.31361120320857,31.162062741816044,59.061553093791005,1.5489961495622993,17119.660354614258,0.0,27.0,0.0,2.0,0.050000000000000044,1.0126732774078846,1.0126732774078846,0.0
standard_dqn,815,263,96.32728781551123,91.31088589444757,33.34481430798769,62.98247377574444,1.6339489901438355,18693.39123916626,0.0,28.0,0.0,0.0,0.050000000000000044,1.1469159377738833,1.1469159377738833,0.0
standard_dqn,815,264,100.41740880906582,91.24945249713957,33.32011456787586,67.09729425609112,1.6358424965292215,18725.832080841064,0.0,30.0,0.0,1.0,0.050000000000000044,1.1816255636513233,1.1816255636513233,0.0
standard_dqn,815,265,77.95225059986115,90.11274568781256,29.315701216459274,48.636549547314644,1.5090240221470594,16067.129556655884,0.0,23.0,0.0,0.0,0.050000000000000044,1.0427637044340372,1.0427637044340372,0.0
standard_dqn,815,266,89.56008424162864,89.79058362714946,29.926955610513687,59.633128467202184,1.5406562481075525,16590.638019561768,0.0,28.0,0.0,2.0,0.050000000000000044,1.0024906024336815,1.0024906024336815,0.0
standard_dqn,815,267,93.1323314845562,90.02750330366194,31.889657825231552,61.242673927545546,1.5676245354115963,17487.92166519165,0.0,28.0,0.0,1.0,0.050000000000000044,1.146219516173005,1.146219516173005,0.0
standard_dqn,815,268,103.11468981206417,90.15059447303415,32.207402274012566,70.90728734433651,1.6385695412755013,18272.755378723145,0.0,32.0,0.0,0.0,0.050000000000000044,1.1553315743803978,1.1553315743803978,0.0
standard_dqn,815,269,84.19360055923462,89.95583876803518,29.22361984848976,54.96998080015182,1.5128625817596912,16263.592985153198,0.0,26.0,0.0,1.0,0.050000000000000044,0.9663156718015671,0.9663156718015671,0.0
standard_dqn,815,270,89.73883610367776,90.48111784935,29.60781966149807,60.131016024947165,1.547426895238459,16474.790998458862,0.0,27.0,0.0,2.0,0.050000000000000044,1.2963287681341171,1.2963287681341171,0.0
standard_dqn,815,271,82.85179916024208,89.74247471153737,28.81666600704193,54.03513279557228,1.4996221400797367,16100.072372436523,0.0,26.0,0.0,0.0,0.050000000000000044,0.9786173338070512,0.9786173338070512,0.0
standard_dqn,815,272,101.51334049105644,90.11947497524321,32.31519778072834,69.19814233779907,1.5925333043560386,17635.768829345703,0.0,29.0,0.0,3.0,0.050000000000000044,1.057917176745832,1.057917176745832,0.0
standard_dqn,815,273,98.84927406311036,90.12843821190299,33.114953368902206,65.7343208283186,1.6411485970020294,18463.970909118652,0.0,29.0,0.0,3.0,0.050000000000000044,1.0410033985972404,1.0410033985972404,0.0
standard_dqn,815,274,99.80523438304662,91.04588540837169,32.038848124444485,67.76638566255569,1.6223350083455443,18345.22152709961,0.0,29.0,0.0,2.0,0.050000000000000044,0.9964343700557947,0.9964343700557947,0.0
standard_dqn,815,275,90.25132838785649,90.71106894105672,32.922383323311806,57.32894496023655,1.586383349262178,18055.81078529358,0.0,26.0,0.0,1.0,0.050000000000000044,1.3961093686521053,1.3961093686521053,0.0
standard_dqn,815,276,79.55487042069436,90.24001735135914,32.394263327121735,47.16060719788074,1.5554414968937635,17641.831691741943,0.0,22.0,0.0,2.0,0.050000000000000044,1.1844165362417698,1.1844165362417698,0.0
standard_dqn,815,277,87.76917139440775,89.83153047658503,33.33390361815691,54.43526826798916,1.5549319386482239,17742.8527469635,0.0,26.0,0.0,0.0,0.050000000000000044,0.9721626006066799,0.9721626006066799,0.0
standard_dqn,815,278,84.95457007288933,90.48635737583041,29.735126696527004,55.219443294405934,1.5077042756602168,15911.095335006714,0.0,26.0,0.0,3.0,0.050000000000000044,1.4281032923609018,1.4281032923609018,0.0
standard_dqn,815,279,101.95003494024277,92.32768957816064,33.53582030534744,68.41421441137791,1.6130620557814837,18545.391456604004,0.0,30.0,0.0,1.0,0.050000000000000044,1.0958121195435524,1.0958121195435524,0.0
standard_dqn,815,280,89.03240752518177,92.06005279563368,31.98152732849121,57.050879928469655,1.5429560067132115,17836.570713043213,0.0,26.0,0.0,3.0,0.050000000000000044,0.853150013834238,0.853150013834238,0.0
standard_dqn,815,281,97.1118797659874,91.91520078063012,32.92557115852833,64.18630902469158,1.5948296468704939,18394.76503753662,0.0,29.0,0.0,0.0,0.050000000000000044,1.1919423453509808,1.1919423453509808,0.0
standard_dqn,815,282,88.73364343196154,91.84070217311383,30.430692076683044,58.30295142233372,1.5204553082585335,16650.889335632324,0.0,26.0,0.0,4.0,0.050000000000000044,1.1730967424809933,1.1730967424809933,0.0
standard_dqn,815,283,87.04736217856407,91.37670589126647,30.140189073979855,56.90717372298241,1.5137454271316528,16337.229375839233,0.0,26.0,0.0,1.0,0.050000000000000044,0.9479937180876732,0.9479937180876732,0.0
standard_dqn,815,284,93.93161677569151,91.05241628959776,33.815734170377254,60.1158832013607,1.6178615493699908,18758.6658782959,0.0,28.0,0.0,0.0,0.050000000000000044,1.1693216394633055,1.1693216394633055,0.0
standard_dqn,815,285,69.36024224162102,90.62281587168576,26.62134377658367,42.73889843523502,1.4327956521883607,14664.515800476074,0.0,21.0,0.0,1.0,0.050000000000000044,0.9337016306817532,0.9337016306817532,0.0
standard_dqn,815,286,98.5686109289527,91.07324220605196,33.36222044378519,65.20639050006866,1.6169435195624828,19115.425212860107,0.0,28.0,0.0,2.0,0.050000000000000044,1.0217195935547352,1.0217195935547352,0.0
standard_dqn,815,287,126.53923193514348,92.74358722858133,40.74193285405636,85.79729928970337,1.7948184525594115,22480.372428894043,0.0,36.0,0.0,1.0,0.050000000000000044,1.1242756228893995,1.1242756228893995,0.0
standard_dqn,815,288,85.37442631274462,91.85657405361535,29.879800975322723,55.4946256428957,1.534090937115252,16804.966690063477,0.0,27.0,0.0,0.0,0.050000000000000044,1.0758646419271827,1.0758646419271827,0.0
standard_dqn,815,289,91.0226233780384,92.19802519455553,31.322146117687225,59.70047754347324,1.540595754981041,16926.509872436523,0.0,27.0,0.0,2.0,0.050000000000000044,1.7806682847440243,1.7806682847440243,0.0
standard_dqn,815,290,104.99102360010147,92.96063456937671,33.00984450429678,71.98117938637733,1.625318487174809,18531.96838760376,0.0,30.0,0.0,1.0,0.050000000000000044,1.022045662626624,1.022045662626624,0.0
standard_dqn,815,291,84.76960518956184,93.05652487084271,31.932350791990757,52.83725452423096,1.572666640393436,17636.14554977417,0.0,24.0,0.0,1.0,0.050000000000000044,1.3089829068630934,1.3089829068630934,0.0
standard_dqn,815,292,73.97698813825846,91.67970725320279,27.890347234904766,46.086641201376914,1.4581123748794198,15309.484518051147,0.0,22.0,0.0,2.0,0.050000000000000044,1.1069803163409233,1.1069803163409233,0.0
standard_dqn,815,293,99.0906784683466,91.69177747346461,32.412350818514824,66.67832762002945,1.6141374371945858,17965.3065032959,0.0,30.0,0.0,0.0,0.050000000000000044,1.2143689515069127,1.2143689515069127,0.0
standard_dqn,815,294,83.93872098922729,90.89845180377364,29.554817706346512,54.38390302956104,1.5134390508756042,16144.778757095337,0.0,25.0,0.0,2.0,0.050000000000000044,1.3670543665066361,1.3670543665066361,0.0
standard_dqn,815,295,94.45092755556107,91.10843176215887,33.09111562371254,61.35981169342995,1.5899654822424054,18181.49221611023,0.0,27.0,0.0,0.0,0.050000000000000044,1.1294785290956497,1.1294785290956497,0.0
standard_dqn,815,296,76.47446151077747,90.95441131666303,29.00526101887226,47.46920019388199,1.488163249567151,15784.987216949463,0.0,22.0,0.0,0.0,0.050000000000000044,1.0235542301088572,1.0235542301088572,0.0
standard_dqn,815,297,84.5049364939332,90.7911995716393,29.14690687507391,55.35802938044071,1.5259576281532645,16157.622817993164,0.0,25.0,0.0,0.0,0.050000000000000044,1.0270392261445522,1.0270392261445522,0.0
standard_dqn,815,298,89.19144561886787,91.00304334893823,33.42313887178898,55.76830650866032,1.6125710103660822,18645.994441986084,0.0,24.0,0.0,1.0,0.050000000000000044,0.8911523427814245,0.8911523427814245,0.0
standard_dqn,815,299,96.60614162683487,90.73584868326783,31.517456650733948,65.08868457376957,1.5730231320485473,17376.952056884766,0.0,29.0,0.0,1.0,0.050000000000000044,1.0289659053087234,1.0289659053087234,0.0
standard_dqn,815,300,76.93707870692015,90.13108224235475,29.30413907021284,47.63293966650963,1.5090746097266674,16205.550109863281,0.0,22.0,0.0,1.0,0.050000000000000044,1.3748821523040533,1.3748821523040533,0.0
standard_dqn,815,301,76.52385238558054,89.1016808733344,28.450532160699368,48.07332020998001,1.4694598680362105,15235.843515396118,0.0,23.0,0.0,1.0,0.050000000000000044,1.210866965353489,1.210866965353489,0.0
standard_dqn,815,302,75.08406891673803,88.41920214757324,28.722912155091763,46.36115676164627,1.4883967246860266,15716.074001312256,0.0,21.0,0.0,0.0,0.050000000000000044,1.0634692963212729,1.0634692963212729,0.0
standard_dqn,815,303,90.743770994246,88.60402258835732,32.25511632114649,58.48865436017513,1.5667002322152257,17600.772945404053,0.0,28.0,0.0,0.0,0.050000000000000044,1.0107307508587837,1.0107307508587837,0.0
standard_dqn,815,304,71.8409866541624,87.49949108228088,27.63057154417038,44.21041463315487,1.4516475684940815,14965.008586883545,0.0,22.0,0.0,1.0,0.050000000000000044,1.080530783161521,1.080530783161521,0.0
standard_dqn,815,305,80.55116049200296,88.05903699479998,30.68283987790346,49.86832055449486,1.537210512906313,16926.880615234375,0.0,24.0,0.0,0.0,0.050000000000000044,1.3001072593033314,1.3001072593033314,0.0
standard_dqn,815,306,92.60768065154552,87.76099048092962,33.289395824074745,59.31828515529632,1.6043386813253164,18641.695964813232,0.0,27.0,0.0,3.0,0.050000000000000044,1.0239975862205029,1.0239975862205029,0.0
standard_dqn,815,307,97.3103907570243,86.29954842202366,34.64293398708105,62.66745703816414,1.66684593539685,19575.680908203125,0.0,28.0,0.0,1.0,0.050000000000000044,1.2365207094699144,1.2365207094699144,0.0
standard_dqn,815,308,100.86863924562931,87.07425906866789,34.09854452311993,66.77009449899197,1.635595429688692,19033.060724258423,0.0,29.0,0.0,0.0,0.050000000000000044,1.4134917687624693,1.4134917687624693,0.0
standard_dqn,815,309,85.22264789044857,86.78426029428839,30.590388253331184,54.632259994745255,1.5333539815619588,17116.69981765747,0.0,26.0,0.0,0.0,0.050000000000000044,1.5585586912930012,1.5585586912930012,0.0
standard_dqn,815,310,92.9154986679554,86.1804840476811,33.2467725276947,59.668726646900176,1.600199094042182,18349.35262107849,0.0,27.0,0.0,1.0,0.050000000000000044,1.3125292342156172,1.3125292342156172,0.0
standard_dqn,815,311,91.64627735316753,86.52431765586138,32.567736715078354,59.07854065299034,1.5717932349070907,18058.32596206665,0.0,27.0,0.0,0.0,0.050000000000000044,1.03217295370996,1.03217295370996,0.0
standard_dqn,815,312,104.26008581519127,88.03847253970802,32.99730086326599,71.26278387904168,1.6121981432661414,18337.23498916626,0.0,31.0,0.0,1.0,0.050000000000000044,1.1423555258661509,1.1423555258661509,0.0
standard_dqn,815,313,88.9207376614213,87.52997549936177,30.731980703771114,58.1887566447258,1.551005627028644,16841.099533081055,0.0,27.0,0.0,0.0,0.050000000000000044,0.8509308155626059,0.8509308155626059,0.0
standard_dqn,815,314,105.02919243276119,88.58449907153845,34.7425092458725,70.28668263554573,1.640376640483737,19354.70598602295,0.0,30.0,0.0,1.0,0.050000000000000044,1.151915168389678,1.151915168389678,0.0
standard_dqn,815,315,69.18506586551666,87.32120598703622,26.84592805802822,42.33913779258728,1.4464858686551452,14982.316898345947,0.0,21.0,0.0,0.0,0.050000000000000044,1.0941539630293846,1.0941539630293846,0.0
standard_dqn,815,316,79.15378857403994,87.45517234019935,31.388662718236446,47.76512575149536,1.5422387244179845,17213.392219543457,0.0,22.0,0.0,1.0,0.050000000000000044,0.9991410877555609,0.9991410877555609,0.0
standard_dqn,815,317,100.95552689731122,88.27770186036825,35.06636808812618,65.88915888369084,1.6447368348017335,19547.43846511841,0.0,29.0,0.0,1.0,0.050000000000000044,1.3185679540038109,1.3185679540038109,0.0
standard_dqn,815,318,92.8614640980959,88.46120278432966,32.553333662450314,60.30813056230545,1.5667617227882147,17886.394374847412,0.0,26.0,0.0,2.0,0.050000000000000044,1.1852416507899761,1.1852416507899761,0.0
standard_dqn,815,319,93.12754046320916,88.28727272614837,33.56630343943834,59.56123717278242,1.6122967908158898,18737.636444091797,0.0,26.0,0.0,1.0,0.050000000000000044,1.0114030931144953,1.0114030931144953,0.0
standard_dqn,815,320,87.44716887176037,88.81277723439038,30.883874587714672,56.563294380903244,1.5647944770753384,17185.82339477539,0.0,26.0,0.0,0.0,0.050000000000000044,1.1663318034261465,1.1663318034261465,0.0
standard_dqn,815,321,90.26929809451103,89.5000495198369,31.396882236003876,58.8724159181118,1.5661241207271814,17392.327793121338,0.0,27.0,0.0,3.0,0.050000000000000044,1.1755254659801722,1.1755254659801722,0.0
standard_dqn,815,322,89.4327242076397,90.21748228438199,30.622668139636517,58.81005573272705,1.5933744292706251,17510.078449249268,0.0,26.0,0.0,0.0,0.050000000000000044,1.2095782719552517,1.2095782719552517,0.0
standard_dqn,815,323,97.87643851339817,90.5741156603396,31.84505832195282,66.03137972950935,1.608145723119378,18235.429761886597,0.0,28.0,0.0,0.0,0.050000000000000044,1.0189786180853844,1.0189786180853844,0.0
standard_dqn,815,324,105.29938495904207,92.24703557558358,35.65631415694952,69.643070936203,1.6637498922646046,19974.295261383057,0.0,29.0,0.0,2.0,0.050000000000000044,1.2447384409606457,1.2447384409606457,0.0
standard_dqn,815,325,90.08637372553349,92.7237962372601,32.43183992803097,57.654533648490904,1.575982061214745,17735.618251800537,0.0,25.0,0.0,1.0,0.050000000000000044,1.3038933165371418,1.3038933165371418,0.0
standard_dqn,815,326,79.0355608344078,92.04519024640322,27.83356436342001,51.20199670195579,1.4917223481461406,15545.306224822998,0.0,23.0,0.0,2.0,0.050000000000000044,1.297930184751749,1.297930184751749,0.0
standard_dqn,815,327,98.85850854218006,92.12259613566101,33.25090344250202,65.60760499536991,1.6395735507830977,18753.47819519043,0.0,29.0,0.0,1.0,0.050000000000000044,1.4825965762138367,1.4825965762138367,0.0
standard_dqn,815,328,109.65022221207619,92.56167528398336,36.56928463280201,73.08093819022179,1.680766561999917,20253.239707946777,0.0,31.0,0.0,1.0,0.050000000000000044,1.0265467930585146,1.0265467930585146,0.0
standard_dqn,815,329,82.91595330834389,92.4463405548781,30.552742280066013,52.363210916519165,1.5468524992465973,16822.803497314453,0.0,24.0,0.0,0.0,0.050000000000000044,1.2810039781033993,1.2810039781033993,0.0
standard_dqn,815,330,107.6941436380148,93.18527280338108,35.445246651768684,72.24889734387398,1.6695872247219086,19904.984405517578,0.0,30.0,0.0,1.0,0.050000000000000044,1.2512891497462988,1.2512891497462988,0.0
standard_dqn,815,331,81.5173904851079,92.6788284599781,28.45534798502922,53.0620425671339,1.5505182724446058,16563.04954147339,0.0,25.0,0.0,2.0,0.050000000000000044,1.1846561506390572,1.1846561506390572,0.0
standard_dqn,815,332,76.65806328505278,91.29872733347118,30.118421383202076,46.53964215517044,1.5146021572872996,16693.082542419434,0.0,23.0,0.0,0.0,0.050000000000000044,1.1286396086215973,1.1286396086215973,0.0
standard_dqn,815,333,84.54302556812763,91.07984172880649,31.012144833803177,53.53088074922562,1.540437356568873,16997.430309295654,0.0,25.0,0.0,0.0,0.050000000000000044,1.021074878051877,1.021074878051877,0.0
standard_dqn,815,334,93.1315828576684,90.48496125005187,32.279676251113415,60.85190645754337,1.5686307651922107,17641.00788116455,0.0,27.0,0.0,1.0,0.050000000000000044,1.1133200339972973,1.1133200339972973,0.0
standard_dqn,815,335,93.6429363489151,91.70785477422177,30.033218137919903,63.60971802473068,1.595684270374477,17514.302585601807,0.0,27.0,0.0,1.0,0.050000000000000044,0.9591313172131777,0.9591313172131777,0.0
standard_dqn,815,336,80.67177921533585,91.78375430628657,30.398486465215683,50.273293405771255,1.5130933616310358,16696.519052505493,0.0,23.0,0.0,0.0,0.050000000000000044,1.2770148627460003,1.2770148627460003,0.0
standard_dqn,815,337,97.56721863150597,91.61433889299632,33.86800903826952,63.69920934736729,1.6078787073493004,18570.45215988159,0.0,29.0,0.0,0.0,0.050000000000000044,1.1733870171010494,1.1733870171010494,0.0
standard_dqn,815,338,106.16228248178959,92.279379812181,33.37448227405548,72.7877997905016,1.7162781720981002,19794.674129486084,0.0,30.0,0.0,1.0,0.050000000000000044,1.1741697080433369,1.1741697080433369,0.0
standard_dqn,815,339,95.11055773496628,92.37853067576884,32.57821832597256,62.53233925998211,1.6040826058015227,18079.282257080078,0.0,28.0,0.0,0.0,0.050000000000000044,1.249154206365347,1.249154206365347,0.0
standard_dqn,815,340,77.66098421812057,91.88922144308687,29.397695288062096,48.263288766145706,1.5014677373692393,16072.244022369385,0.0,23.0,0.0,0.0,0.050000000000000044,1.4850039519369602,1.4850039519369602,0.0
standard_dqn,815,341,70.99813520163298,90.92566329844297,28.76167208701372,42.236463725566864,1.4687849935144186,15503.493770599365,0.0,21.0,0.0,1.0,0.050000000000000044,1.0756963957101107,1.0756963957101107,0.0
standard_dqn,815,342,100.01034761965275,91.45454446904361,32.68971353024244,67.32063406705856,1.5977339018136263,18282.393840789795,0.0,29.0,0.0,1.0,0.050000000000000044,0.8897454142570496,0.8897454142570496,0.0
standard_dqn,815,343,83.29080338776112,90.72526271276175,28.5498948097229,54.74090924859047,1.4886167142540216,15962.6045627594,0.0,25.0,0.0,0.0,0.050000000000000044,1.34908926486969,1.34908926486969,0.0
standard_dqn,815,344,97.72912293672562,90.34674961164595,31.33238361030817,66.39673933386803,1.5931954244151711,17837.250885009766,0.0,28.0,0.0,2.0,0.050000000000000044,1.3121261913329363,1.3121261913329363,0.0
standard_dqn,815,345,89.01068029552698,90.29296494014561,29.776462748646736,59.234217539429665,1.488991031423211,16321.388790130615,0.0,28.0,0.0,0.0,0.050000000000000044,1.0410522036254406,1.0410522036254406,0.0
standard_dqn,815,346,99.41745330393314,91.31205956362189,33.165031634271145,66.2524215131998,1.660000748001039,19004.197715759277,0.0,30.0,0.0,0.0,0.050000000000000044,1.077307278290391,1.077307278290391,0.0
standard_dqn,815,347,92.30628139525652,90.98444820627569,31.494140654802322,60.81214055418968,1.5462216585874557,17059.436195373535,0.0,28.0,0.0,2.0,0.050000000000000044,1.2580458037555218,1.2580458037555218,0.0
standard_dqn,815,348,73.95946148186923,89.19991016976535,29.130854584276676,44.828607165813445,1.485076716169715,15708.288845062256,0.0,22.0,0.0,1.0,0.050000000000000044,1.0129587966948748,1.0129587966948748,0.0
standard_dqn,815,349,104.10287334024906,90.2592561713606,33.607579961419106,70.49529398977757,1.6128055779263377,18710.842430114746,0.0,31.0,0.0,1.0,0.050000000000000044,0.9323201840743423,0.9323201840743423,0.0
standard_dqn,815,350,86.20620869398117,89.18485942415893,29.567176826298237,56.63903136849403,1.5144893042743206,16483.57106399536,0.0,27.0,0.0,2.0,0.050000000000000044,1.1981230285018682,1.1981230285018682,0.0
standard_dqn,815,351,86.43263530135155,89.43062166497113,30.334425002336502,56.09820983707905,1.530879771336913,16784.975467681885,0.0,26.0,0.0,2.0,0.050000000000000044,0.9957196153700352,0.9957196153700352,0.0
standard_dqn,815,352,94.11668426543474,90.30355271399021,32.88549097627401,61.23119401931763,1.5926407231017947,18023.075834274292,0.0,27.0,0.0,0.0,0.050000000000000044,1.4071592725813389,1.4071592725813389,0.0
standard_dqn,815,353,75.53459384441376,89.85313112780452,30.04652351140976,45.48807078003883,1.5026241494342685,16287.246276855469,0.0,21.0,0.0,1.0,0.050000000000000044,1.2912206836044788,1.2912206836044788,0.0
standard_dqn,815,354,90.90225176513195,89.7416645731777,30.800200253725052,60.10205188393593,1.574958841316402,17368.222856521606,0.0,27.0,0.0,0.0,0.050000000000000044,1.1088857594877481,1.1088857594877481,0.0
standard_dqn,815,355,88.72708576917648,89.49587204419076,32.07164091616869,56.65544465184212,1.5361704304814339,17293.736476898193,0.0,25.0,0.0,0.0,0.050000000000000044,1.3444059379398823,1.3444059379398823,0.0
standard_dqn,815,356,95.81776011735201,90.25317108929157,32.53589031845331,63.28186982870102,1.6225455310195684,18409.690322875977,0.0,28.0,0.0,1.0,0.050000000000000044,1.0094301141798496,1.0094301141798496,0.0
standard_dqn,815,357,83.84793889522552,89.56720710247755,29.5234192609787,54.32451982796192,1.5207448545843363,16382.585067749023,0.0,25.0,0.0,0.0,0.050000000000000044,1.2555001992732286,1.2555001992732286,0.0
standard_dqn,815,358,92.26195946484805,88.87219095163047,33.71373835206032,58.54822022616863,1.5906023122370243,18409.038429260254,0.0,28.0,0.0,2.0,0.050000000000000044,1.3249149397015572,1.3249149397015572,0.0
standard_dqn,815,359,92.39095989763737,88.73621105976403,32.09142220020294,60.29953760802746,1.5537109710276127,17634.660919189453,0.0,27.0,0.0,1.0,0.050000000000000044,1.3520159311592579,1.3520159311592579,0.0
standard_dqn,815,360,91.38316532373429,89.42232011504473,31.795674934983253,59.587490209937094,1.5668286001309752,17885.06106185913,0.0,27.0,0.0,1.0,0.050000000000000044,1.4664627630263567,1.4664627630263567,0.0
standard_dqn,815,361,76.35258488506079,89.69004259921613,28.049602329730988,48.30298271179199,1.4581511011347175,15371.130575180054,0.0,23.0,0.0,1.0,0.050000000000000044,1.2922407183796167,1.2922407183796167,0.0
standard_dqn,815,362,106.0551783233881,89.99228413440288,36.244547709822655,69.81063061356545,1.6693484894931316,20360.703384399414,0.0,29.0,0.0,1.0,0.050000000000000044,1.332843128591776,1.332843128591776,0.0
standard_dqn,815,363,102.726971372962,90.96409253366292,32.34711794555187,70.37985247373581,1.6491465996950865,18476.823204040527,0.0,30.0,0.0,2.0,0.050000000000000044,1.414521113038063,1.414521113038063,0.0
standard_dqn,815,364,86.54646746814251,90.40495976023377,31.251138761639595,55.29532878100872,1.5486621530726552,17087.049102783203,0.0,27.0,0.0,1.0,0.050000000000000044,1.0383836328983307,1.0383836328983307,0.0
standard_dqn,815,365,79.89210190027953,89.9490308404714,28.44508634507656,51.44701567441225,1.4961044183000922,15792.18648147583,0.0,24.0,0.0,1.0,0.050000000000000044,1.4979843590408564,1.4979843590408564,0.0
standard_dqn,815,366,83.39383840560913,89.14785009555519,31.836280420422554,51.55755729973316,1.6127912029623985,18159.533208847046,0.0,24.0,0.0,0.0,0.050000000000000044,1.127567321062088,1.127567321062088,0.0
standard_dqn,815,367,95.89514595270157,89.32729332342744,31.546827509999275,64.34831865131855,1.574000395834446,17379.00824737549,0.0,29.0,0.0,1.0,0.050000000000000044,1.216837104409933,1.216837104409933,0.0
standard_dqn,815,368,98.39536154568195,90.54908832661809,32.9603603631258,65.43500092923641,1.587847120128572,18080.700160980225,0.0,28.0,0.0,2.0,0.050000000000000044,1.50980069860816,1.50980069860816,0.0
standard_dqn,815,369,79.76719395816326,89.33230435751378,28.9990247040987,50.76816928386688,1.4886475931853056,15750.797267913818,0.0,24.0,0.0,0.0,0.050000000000000044,1.260804407298565,1.260804407298565,0.0
standard_dqn,815,370,79.95782507359982,89.01988517649472,29.166638910770416,50.791185998916625,1.4941886560991406,15824.460647583008,0.0,24.0,0.0,1.0,0.050000000000000044,1.5374483205378056,1.5374483205378056,0.0
standard_dqn,815,371,88.5265841498971,89.124582618922,32.31970598548651,56.20687743425369,1.5649253968149424,18099.12396812439,0.0,25.0,0.0,1.0,0.050000000000000044,1.1455632522702217,1.1455632522702217,0.0
standard_dqn,815,372,96.83430884033442,89.260463847667,33.69401851296425,63.1402904689312,1.6166799254715443,18649.38316345215,0.0,28.0,0.0,0.0,0.050000000000000044,1.4305215794593096,1.4305215794593096,0.0
standard_dqn,815,373,80.59625436514617,89.51354687370362,29.686326898634434,50.90992673635483,1.4809909174218774,15811.635021209717,0.0,25.0,0.0,2.0,0.050000000000000044,1.0322132837027311,1.0322132837027311,0.0
standard_dqn,815,374,83.86972957998515,89.16192076444626,30.761768862605095,53.107961097359656,1.5332012455910444,16874.76372909546,0.0,25.0,0.0,1.0,0.050000000000000044,1.282971890643239,1.282971890643239,0.0
standard_dqn,815,375,81.80833894759417,88.81598342336716,28.718719266355038,53.089619278907776,1.4887177851051092,15634.591032028198,0.0,25.0,0.0,0.0,0.050000000000000044,1.3507994636893272,1.3507994636893272,0.0
standard_dqn,815,376,83.60852763950825,88.20552179947497,29.649391904473305,53.959135779738425,1.5281906994059682,16658.350624084473,0.0,25.0,0.0,2.0,0.050000000000000044,1.659470971673727,1.659470971673727,0.0
standard_dqn,815,377,86.00068682432175,88.31315919592979,27.019968144595623,58.98071791231632,1.4512557601556182,14651.877658843994,0.0,27.0,0.0,1.0,0.050000000000000044,1.136736012995243,1.136736012995243,0.0
standard_dqn,815,378,86.38483662456274,88.01930305391551,32.24609284847975,54.13874340355396,1.5658662784844637,17764.222023010254,0.0,24.0,0.0,3.0,0.050000000000000044,1.4026796966791153,1.4026796966791153,0.0
standard_dqn,815,379,94.18538355082273,88.10902423657477,31.973498694598675,62.211883664131165,1.6061249924823642,18065.627311706543,0.0,27.0,0.0,0.0,0.050000000000000044,1.1230435278266668,1.1230435278266668,0.0
standard_dqn,815,380,94.74168990552425,88.27695046566427,33.043234780430794,61.698455572128296,1.6392123904079199,18770.925178527832,0.0,27.0,0.0,0.0,0.050000000000000044,1.119665339589119,1.119665339589119,0.0
standard_dqn,815,381,86.15186553597451,88.76691449820996,29.861618645489216,56.29024695754051,1.531518790870905,16371.167537689209,0.0,26.0,0.0,1.0,0.050000000000000044,1.2618064396083355,1.2618064396083355,0.0
standard_dqn,815,382,99.77339074015617,88.45282511904836,34.46564269065857,65.30774798989296,1.6117611583322287,19096.06834411621,0.0,29.0,0.0,0.0,0.050000000000000044,1.2878278847783804,1.2878278847783804,0.0
standard_dqn,815,383,73.25025288164616,86.97898919448258,26.84391364455223,46.40633944571018,1.4249951662495732,14428.830562591553,0.0,24.0,0.0,1.0,0.050000000000000044,1.2335339840501547,1.2335339840501547,0.0
standard_dqn,815,384,93.83757431805134,87.34354453697802,31.963120341300964,61.87445420026779,1.5806399881839752,17571.062507629395,0.0,27.0,0.0,0.0,0.050000000000000044,1.0648182295262814,1.0648182295262814,0.0
standard_dqn,815,385,85.82805494517088,87.64034218922258,30.57350442558527,55.254550012946126,1.5416439361870289,16920.73359298706,0.0,24.0,0.0,4.0,0.050000000000000044,1.160623261705041,1.160623261705041,0.0
standard_dqn,815,386,90.95393611490726,88.01834707468748,33.6603374928236,57.2935986071825,1.5977747766301036,18497.9686088562,0.0,26.0,0.0,1.0,0.050000000000000044,1.274976558983326,1.274976558983326,0.0
standard_dqn,815,387,87.1023823171854,87.57870889291168,29.302480153739452,57.79990243911743,1.4973387978971004,16268.137603759766,0.0,28.0,0.0,0.0,0.050000000000000044,1.5537243597209454,1.5537243597209454,0.0
standard_dqn,815,388,94.88960074782372,87.40342085301876,32.98398710787296,61.90561416149139,1.5839684773236513,18082.771419525146,0.0,27.0,0.0,1.0,0.050000000000000044,1.144031910225749,1.144031910225749,0.0
standard_dqn,815,389,68.7218074426055,86.85115152724089,27.53000071644783,41.19180643558502,1.4518231693655252,14808.177562713623,0.0,21.0,0.0,1.0,0.050000000000000044,1.0485704252496362,1.0485704252496362,0.0
standard_dqn,815,390,88.7215565904975,87.28933810308577,31.48260723054409,57.2389498591423,1.5350074535235763,17072.40975189209,0.0,27.0,0.0,1.0,0.050000000000000044,1.4289732053875923,1.4289732053875923,0.0
standard_dqn,815,391,92.4292468354106,87.48447123736143,30.376954101026058,62.05229292809963,1.573732533492148,17133.525770187378,0.0,28.0,0.0,1.0,0.050000000000000044,1.3358759209513664,1.3358759209513664,0.0
standard_dqn,815,392,88.81316409260035,87.08341399997474,30.237182296812534,58.57598188519478,1.559765507467091,17179.627573013306,0.0,26.0,0.0,1.0,0.050000000000000044,1.2118948847055435,1.2118948847055435,0.0
standard_dqn,815,393,81.41340789198875,87.12427167631685,30.385930687189102,51.0274772644043,1.5292273433879018,16980.76190185547,0.0,25.0,0.0,0.0,0.050000000000000044,1.063333312049508,1.063333312049508,0.0
standard_dqn,815,394,94.5205922216177,87.6568148083985,30.53779509663582,63.98279711008072,1.5218292213976383,16681.689975738525,0.0,29.0,0.0,1.0,0.050000000000000044,1.220985110849142,1.220985110849142,0.0
standard_dqn,815,395,80.92271326631308,87.61253352433444,29.170100770890713,51.75261224210262,1.5032574413344264,16136.854064941406,0.0,24.0,0.0,1.0,0.050000000000000044,1.1770533043891191,1.1770533043891191,0.0
standard_dqn,815,396,86.6355706691742,87.76388567581775,30.091578736901283,56.54399194717407,1.5563400955870748,16983.092887878418,0.0,26.0,0.0,1.0,0.050000000000000044,1.372374115511775,1.372374115511775,0.0
standard_dqn,815,397,78.83514465391636,87.40560856729748,30.51968515664339,48.31545940041542,1.4901720257475972,16224.236179351807,0.0,23.0,0.0,1.0,0.050000000000000044,1.2608524784445763,1.2608524784445763,0.0
standard_dqn,815,398,80.26686159521341,87.09970981583001,26.949962742626667,53.3168992549181,1.490421611815691,15565.283805847168,0.0,25.0,0.0,2.0,0.050000000000000044,1.207070481032133,1.207070481032133,0.0
standard_dqn,815,399,90.61967886984348,86.92142458178104,31.349677607417107,59.270001500844955,1.5884951734915376,17943.65238761902,0.0,25.0,0.0,1.0,0.050000000000000044,1.432288633659482,1.432288633659482,0.0
standard_dqn,815,400,81.59761671721935,86.2642209223658,29.280654847621918,52.31696234643459,1.494830884039402,16299.274995803833,0.0,25.0,0.0,1.0,0.050000000000000044,1.0542227290570736,1.0542227290570736,0.0
standard_dqn,815,401,83.7897868692875,86.14611698903144,29.951333954930305,53.83845270574093,1.497125812806189,16218.210136413574,0.0,26.0,0.0,1.0,0.050000000000000044,1.369982611387968,1.369982611387968,0.0
standard_dqn,815,402,85.70128747075796,85.44251182556152,29.440837286412716,56.26045027375221,1.5250002555549145,16378.785411834717,0.0,26.0,0.0,1.0,0.050000000000000044,1.0075313840061426,1.0075313840061426,0.0
standard_dqn,815,403,86.69945621490479,86.11497199222447,30.675608694553375,56.02384762465954,1.5457983631640673,16848.280448913574,0.0,26.0,0.0,0.0,0.050000000000000044,1.4224587604403496,1.4224587604403496,0.0
standard_dqn,815,404,83.81150900125503,85.61366872638465,29.66327016055584,54.14823958575725,1.5270211044698954,16497.32490158081,0.0,25.0,0.0,2.0,0.050000000000000044,1.1814714279025793,1.1814714279025793,0.0
standard_dqn,815,405,83.89611148238183,85.51707155324519,30.34903884679079,53.547072836756705,1.5001486083492637,16107.444339752197,0.0,25.0,0.0,1.0,0.050000000000000044,1.1968256756663322,1.1968256756663322,0.0
standard_dqn,815,406,83.93031434118748,85.16589046455921,29.599984496831894,54.33033018708229,1.6114184707403183,17911.67360305786,0.0,25.0,0.0,1.0,0.050000000000000044,1.1845104843378067,1.1845104843378067,0.0
standard_dqn,815,407,88.05784835442901,85.21366376642139,29.904460716992617,58.1533872872591,1.5303137116134167,16455.991304397583,0.0,27.0,0.0,1.0,0.050000000000000044,1.6182062327861786,1.6182062327861786,0.0
standard_dqn,815,408,86.88533004373312,84.81345023121688,32.82466270774603,54.06066715717316,1.5652139764279127,17809.076862335205,0.0,24.0,0.0,1.0,0.050000000000000044,1.154521906748414,1.154521906748414,0.0
standard_dqn,815,409,88.50003055632115,85.80236138690265,30.93480682373047,57.565223360061644,1.5387203935533762,17097.08839035034,0.0,25.0,0.0,1.0,0.050000000000000044,1.0853066435083747,1.0853066435083747,0.0
standard_dqn,815,410,88.14051935374737,85.77330952506513,29.887722492218018,58.25279666781425,1.5072375079616904,16230.065231323242,0.0,26.0,0.0,4.0,0.050000000000000044,1.3297189977020025,1.3297189977020025,0.0
standard_dqn,815,411,104.03062032163143,86.35337819937618,34.49270536005497,69.53791564702988,1.6509431712329388,19254.430820465088,0.0,30.0,0.0,0.0,0.050000000000000044,1.2490520738065243,1.2490520738065243,0.0
standard_dqn,815,412,77.50996553897858,85.78821827169509,28.536310717463493,48.9736550450325,1.4666039953008294,15719.925886154175,0.0,22.0,0.0,0.0,0.050000000000000044,1.3153014685958624,1.3153014685958624,0.0
standard_dqn,815,413,104.27013377100229,86.93105456564575,35.93270552158356,68.33742851018906,1.6364721097052097,19728.727140426636,0.0,30.0,0.0,0.0,0.050000000000000044,1.1094923540949821,1.1094923540949821,0.0
standard_dqn,815,414,64.54308807253838,85.4321793581918,25.92792236059904,38.61516537666321,1.4059815602377057,13951.348472595215,0.0,20.0,0.0,1.0,0.050000000000000044,1.1938021667301655,1.1938021667301655,0.0
standard_dqn,815,415,98.44708015024662,86.30839770238848,35.90518979728222,62.54188998043537,1.6613141698762774,20067.68999862671,0.0,27.0,0.0,0.0,0.050000000000000044,1.4071269389241934,1.4071269389241934,0.0
standard_dqn,815,416,90.8737059623003,86.52030446704478,31.700881987810135,59.172823870182036,1.550878002308309,17307.539546966553,0.0,28.0,0.0,1.0,0.050000000000000044,1.177530693821609,1.177530693821609,0.0
standard_dqn,815,417,86.97918512821198,86.92750649075955,31.843131624162197,55.136053466796874,1.5545499632135034,17561.884422302246,0.0,26.0,0.0,1.0,0.050000000000000044,0.983233917504549,0.983233917504549,0.0
standard_dqn,815,418,77.38911827653646,86.78361932482571,32.06928548961878,45.319832280278206,1.5172053258866072,17305.138927459717,0.0,22.0,0.0,0.0,0.050000000000000044,1.110620471648872,1.110620471648872,0.0
standard_dqn,815,419,70.63414042443037,85.78434240255505,27.64901241660118,42.98512817919254,1.4701032992452383,15157.453582763672,0.0,21.0,0.0,0.0,0.050000000000000044,1.0009461315348744,1.0009461315348744,0.0
standard_dqn,815,420,79.66289180517197,85.68760615695268,28.81239965558052,50.850491642951965,1.497089042328298,16083.71834564209,0.0,24.0,0.0,0.0,0.050000000000000044,1.143554288893938,1.143554288893938,0.0
standard_dqn,815,421,95.12285118103027,86.25425937253982,32.03246598690748,63.09038523137569,1.5731709217652678,17660.219089508057,0.0,29.0,0.0,3.0,0.050000000000000044,1.0865540374070406,1.0865540374070406,0.0
standard_dqn,815,422,104.83785155713558,87.2110875768587,33.23788990825415,71.59996205866337,1.7445342987775803,20335.16384124756,0.0,31.0,0.0,4.0,0.050000000000000044,1.301660074852407,1.301660074852407,0.0
standard_dqn,815,423,94.5310672223568,87.6026681272313,30.832658924162388,63.69840869307518,1.5544798132032156,17169.18472290039,0.0,30.0,0.0,0.0,0.050000000000000044,1.0713686347007751,1.0713686347007751,0.0
standard_dqn,815,424,90.94949794709683,87.95956757452339,32.85572028905153,58.09377765059471,1.5932772494852543,18320.364570617676,0.0,25.0,0.0,1.0,0.050000000000000044,1.3264300040900707,1.3264300040900707,0.0
standard_dqn,815,425,95.94603732228279,88.56206386651844,32.347798086702824,63.59823928773403,1.5894653899595141,18184.243083953857,0.0,29.0,0.0,0.0,0.050000000000000044,1.230825986713171,1.230825986713171,0.0
standard_dqn,815,426,75.36451291441918,88.13377379518003,26.99355375766754,48.37095930576324,1.4657340133562684,15340.777479171753,0.0,22.0,0.0,2.0,0.050000000000000044,1.1675952821969986,1.1675952821969986,0.0
standard_dqn,815,427,82.32003403604031,87.8468830792606,29.185033284127712,53.13500064015388,1.5064794039353728,15912.249433517456,0.0,23.0,0.0,1.0,0.050000000000000044,1.2101250104606152,1.2101250104606152,0.0
standard_dqn,815,428,65.43918328136206,86.77457574114206,27.10466868430376,38.334514850378035,1.4194364976137877,15387.2320022583,0.0,19.0,0.0,1.0,0.050000000000000044,1.2582980720326304,1.2582980720326304,0.0
standard_dqn,815,429,90.6161005884409,86.88037924274803,33.025477923452854,57.59062262773514,1.569255436770618,18005.05421447754,0.0,27.0,0.0,1.0,0.050000000000000044,1.2641390450298786,1.2641390450298786,0.0
standard_dqn,815,430,86.33612655252219,86.79015960268677,30.755052603781223,55.58107408285141,1.5403985986486077,16751.68162536621,0.0,26.0,0.0,1.0,0.050000000000000044,1.034755589440465,1.034755589440465,0.0
standard_dqn,815,431,93.29667394757271,86.25346228398385,30.820590913295746,62.476082721352576,1.5465885484591126,16779.796878814697,0.0,28.0,0.0,1.0,0.050000000000000044,1.328249903395772,1.328249903395772,0.0
standard_dqn,815,432,87.56664315760136,86.75629616491499,31.323507383465767,56.243135997653006,1.546367209404707,17331.63080596924,0.0,26.0,0.0,1.0,0.050000000000000044,1.229150328785181,1.229150328785181,0.0
standard_dqn,815,433,86.55992540121079,85.87078574642541,30.56401225179434,55.99591348469257,1.5500576766207814,17103.513301849365,0.0,26.0,0.0,1.0,0.050000000000000044,1.406540209427476,1.406540209427476,0.0
standard_dqn,815,434,96.65205650180579,87.47623416788879,35.15968333929777,61.492372357845305,1.652572144754231,19356.961219787598,0.0,27.0,0.0,1.0,0.050000000000000044,1.3130921497941017,1.3130921497941017,0.0
standard_dqn,815,435,81.65611124932767,86.63668572284283,27.13164746761322,54.52446355819702,1.5222488725557923,15685.879693984985,0.0,25.0,0.0,2.0,0.050000000000000044,0.8878311468288302,0.8878311468288302,0.0
standard_dqn,815,436,98.29178261756897,87.00758955560626,34.26229892671108,64.02948340773582,1.631469794549048,19192.10620880127,0.0,30.0,0.0,0.0,0.050000000000000044,1.38254002481699,1.38254002481699,0.0
standard_dqn,815,437,74.97334612309933,86.40729760535064,27.70020703971386,47.27313900887966,1.538920077495277,16691.02085494995,0.0,23.0,0.0,1.0,0.050000000000000044,1.0336333774030209,1.0336333774030209,0.0
standard_dqn,815,438,95.26930690556765,87.30130703680219,35.45595586299896,59.813351199030876,1.6699600564315915,19891.175117492676,0.0,27.0,0.0,0.0,0.050000000000000044,1.199720530770719,1.199720530770719,0.0
standard_dqn,815,439,81.43150302767754,87.84117516696453,27.810113802552223,53.62138956785202,1.5062554394826293,15781.559879302979,0.0,24.0,0.0,1.0,0.050000000000000044,1.3057792112231255,1.3057792112231255,0.0
standard_dqn,815,440,84.99799084663391,88.10793011903763,31.690099447965622,53.30789162218571,1.557643698528409,17892.496868133545,0.0,24.0,0.0,0.0,0.050000000000000044,1.168951304629445,1.168951304629445,0.0
standard_dqn,815,441,94.720882833004,88.08783170163632,32.760616049170494,61.960266292095184,1.5770716154947877,18212.490909576416,0.0,28.0,0.0,0.0,0.050000000000000044,1.5315931718796492,1.5315931718796492,0.0
standard_dqn,815,442,108.93863210082054,88.29287072882057,34.03685741126537,74.901774674654,1.6782420622184873,19298.110431671143,0.0,32.0,0.0,1.0,0.050000000000000044,1.1395922359079123,1.1395922359079123,0.0
standard_dqn,815,443,102.25907285660506,88.67927101053299,33.611644223332405,68.6474295347929,1.6362476060166955,18925.8207321167,0.0,30.0,0.0,1.0,0.050000000000000044,1.351155310869217,1.351155310869217,0.0
standard_dqn,815,444,69.31257233023643,87.59742472968996,26.984118655323982,42.32845413684845,1.4497853005304933,14930.951862335205,0.0,19.0,0.0,0.0,0.050000000000000044,1.127865843474865,1.127865843474865,0.0
standard_dqn,815,445,100.4533591940999,87.82279082328083,32.31297659128904,68.14038328826427,1.6363390972837806,18637.968830108643,0.0,30.0,0.0,0.0,0.050000000000000044,1.0767887150868773,1.0767887150868773,0.0
standard_dqn,815,446,68.91813969016076,87.5004721620679,25.7758651599288,43.14227440357208,1.417428337968886,14169.368293762207,0.0,21.0,0.0,1.0,0.050000000000000044,1.426791150122881,1.426791150122881,0.0
standard_dqn,815,447,95.59725788384677,88.16433335445822,32.97717813402414,62.620079988241194,1.5909973215311766,18311.99555206299,0.0,28.0,0.0,1.0,0.050000000000000044,1.122330866754055,1.122330866754055,0.0
standard_dqn,815,448,98.16256374120712,89.80050237745047,33.53577075153589,64.62679296731949,1.6452306490391493,19038.752471923828,0.0,29.0,0.0,0.0,0.050000000000000044,0.9013976780697703,0.9013976780697703,0.0
standard_dqn,815,449,88.65754220634699,89.70257445834578,29.93574597686529,58.7217964977026,1.5732829486951232,17423.337688446045,0.0,27.0,0.0,1.0,0.050000000000000044,1.4154701186344028,1.4154701186344028,0.0
standard_dqn,815,450,99.31870047897101,90.35170315466823,34.90900185704231,64.40969883799553,1.6315113864839077,19166.59912109375,0.0,29.0,0.0,2.0,0.050000000000000044,1.0879187434911728,1.0879187434911728,0.0
standard_dqn,815,451,97.10935214161873,90.54233706437051,34.20754747092724,62.90180465579033,1.6270432528108358,18989.603595733643,0.0,28.0,0.0,1.0,0.050000000000000044,1.2266599237918854,1.2266599237918854,0.0
standard_dqn,815,452,69.03988886624575,89.61599934980275,26.353470966219902,42.686417907476425,1.4489884432405233,15045.068271636963,0.0,22.0,0.0,0.0,0.050000000000000044,1.2696974091231823,1.2696974091231823,0.0
standard_dqn,815,453,91.46633510291576,89.861319834888,33.560268476605415,57.90606680512428,1.5967234233394265,18297.87548828125,0.0,26.0,0.0,0.0,0.050000000000000044,1.350556505843997,1.350556505843997,0.0
standard_dqn,815,454,84.46032787114382,89.25173340335489,29.95593874901533,54.50438933074474,1.529122842475772,16482.56117630005,0.0,25.0,0.0,0.0,0.050000000000000044,1.109654201194644,1.109654201194644,0.0
standard_dqn,815,455,92.86191964149475,89.81202382296324,31.948200061917305,60.913719698786736,1.5365921193733811,17578.543392181396,0.0,28.0,0.0,0.0,0.050000000000000044,1.3032413236796856,1.3032413236796856,0.0
standard_dqn,815,456,91.46994827091694,89.47093210563064,32.25339113175869,59.21655737757683,1.5970748802646995,18177.57650756836,0.0,27.0,0.0,1.0,0.050000000000000044,0.9708785377442837,0.9708785377442837,0.0
standard_dqn,815,457,86.92339124083519,90.06843436151743,31.358235485851765,55.56515546441078,1.5475459853187203,17455.82765197754,0.0,25.0,0.0,2.0,0.050000000000000044,1.076089646667242,1.076089646667242,0.0
standard_dqn,815,458,65.05248276442289,88.55759315446019,26.169702641665936,38.88277976512909,1.3864325899630785,14431.345699310303,0.0,20.0,0.0,2.0,0.050000000000000044,1.1179047860205173,1.1179047860205173,0.0
standard_dqn,815,459,93.74430400431156,89.17323320329189,31.505980014801025,62.238324019312856,1.5865314174443483,17966.74656677246,0.0,28.0,0.0,2.0,0.050000000000000044,1.0946854166686535,1.0946854166686535,0.0
standard_dqn,815,460,94.73811909556389,89.66023961573839,34.17721927165985,60.56089970469475,1.623773019760847,19165.45066833496,0.0,27.0,0.0,0.0,0.050000000000000044,1.1819403786212206,1.1819403786212206,0.0
standard_dqn,815,461,76.10037554204465,88.72921425119043,29.556054525077343,46.54432093501091,1.5083539793267846,16463.866262435913,0.0,23.0,0.0,1.0,0.050000000000000044,1.1935631781816483,1.1935631781816483,0.0
standard_dqn,815,462,92.61499916315078,87.91303260430693,34.98110222816467,57.63389694988727,1.6126991594210267,19026.29833984375,0.0,27.0,0.0,2.0,0.050000000000000044,1.2544460762292147,1.2544460762292147,0.0
standard_dqn,815,463,82.95476745814085,86.94781733438373,29.93217385560274,53.02259337902069,1.5174877075478435,16446.259887695312,0.0,25.0,0.0,1.0,0.050000000000000044,1.3102757893502712,1.3102757893502712,0.0
standard_dqn,815,464,97.8403747022152,88.37420745298267,33.03500320762396,64.80537126362324,1.619471780024469,18972.85718536377,0.0,28.0,0.0,2.0,0.050000000000000044,1.3377639409154654,1.3377639409154654,0.0
standard_dqn,815,465,95.84412458539009,88.14374572254718,31.79883198440075,64.04529231786728,1.5497118504717946,17378.522212982178,0.0,29.0,0.0,0.0,0.050000000000000044,1.1363824475556612,1.1363824475556612,0.0
standard_dqn,815,466,87.98187596350908,89.0969325362146,31.53570082038641,56.44617563486099,1.5298188487067819,17212.424377441406,0.0,25.0,0.0,0.0,0.050000000000000044,1.3266696948558092,1.3266696948558092,0.0
standard_dqn,815,467,91.8060323446989,88.9073712592572,31.514717489480972,60.29131484031677,1.5519918026402593,17833.43152999878,0.0,26.0,0.0,0.0,0.050000000000000044,1.1081714909523726,1.1081714909523726,0.0
standard_dqn,815,468,93.18560649454594,88.65852339692414,31.417533338069916,61.76807303726673,1.5629296004772186,17793.778324127197,0.0,27.0,0.0,0.0,0.050000000000000044,1.0980368591845036,1.0980368591845036,0.0
standard_dqn,815,469,86.44296665489674,88.54779461935163,30.432167947292328,56.01079833507538,1.5494150500744581,17422.30406188965,0.0,25.0,0.0,0.0,0.050000000000000044,1.3175904415547848,1.3175904415547848,0.0
standard_dqn,815,470,76.63737890869379,87.41372854083777,29.17313566058874,47.46424335241318,1.500319098122418,16324.442874908447,0.0,23.0,0.0,0.0,0.050000000000000044,1.2868323475122452,1.2868323475122452,0.0
standard_dqn,815,471,92.0546079903841,87.16099133327603,31.31067679077387,60.743930253386495,1.54168111551553,17101.89030265808,0.0,27.0,0.0,2.0,0.050000000000000044,1.038921793922782,1.038921793922782,0.0
standard_dqn,815,472,94.56192167401313,88.4370929736644,31.900147810578346,62.6617737442255,1.5422712378203869,17504.51644897461,0.0,28.0,0.0,2.0,0.050000000000000044,1.10936779063195,1.10936779063195,0.0
standard_dqn,815,473,87.18280912935734,88.22291667498648,31.38803906738758,55.794769912958145,1.5467033488675952,17316.228199005127,0.0,26.0,0.0,0.0,0.050000000000000044,1.1539192972704768,1.1539192972704768,0.0
standard_dqn,815,474,95.23399511873723,88.76160003736615,32.214868783950806,63.01912563443184,1.5783407362177968,17790.74468612671,0.0,28.0,0.0,1.0,0.050000000000000044,1.2475812062621117,1.2475812062621117,0.0
standard_dqn,815,475,73.79760784804822,87.80838444769384,26.899856083095074,46.89775153398514,1.4435187466442585,15220.694766998291,0.0,24.0,0.0,1.0,0.050000000000000044,1.2640770394355059,1.2640770394355059,0.0
standard_dqn,815,476,99.08934916853904,88.18935449257495,34.24601089954376,64.84333798587322,1.6399967977777123,19018.737312316895,0.0,29.0,0.0,3.0,0.050000000000000044,1.1638701800256968,1.1638701800256968,0.0
standard_dqn,815,477,86.82825873941184,88.18459786750377,28.623836524784565,58.204422706365584,1.5703896060585976,16854.968421936035,0.0,26.0,0.0,2.0,0.050000000000000044,1.4067722698673606,1.4067722698673606,0.0
standard_dqn,815,478,78.43228817135096,88.85358813785018,30.841074496507645,47.591213473677634,1.5366609254851937,17315.513027191162,0.0,23.0,0.0,1.0,0.050000000000000044,1.1507763005793095,1.1507763005793095,0.0
standard_dqn,815,479,77.38745815306902,88.03574584528805,27.96756598353386,49.41989308595657,1.4867753218859434,15720.158000946045,0.0,23.0,0.0,0.0,0.050000000000000044,1.2983682863414288,1.2983682863414288,0.0
standard_dqn,815,480,88.41993799805641,87.71983679041269,31.318756490945816,57.10118116438389,1.5691736321896315,18043.599195480347,0.0,25.0,0.0,0.0,0.050000000000000044,1.0958830369636416,1.0958830369636416,0.0
standard_dqn,815,481,94.0253027021885,88.61608314841986,31.931451708078384,62.09385108351707,1.5583940101787448,17747.160762786865,0.0,27.0,0.0,1.0,0.050000000000000044,1.0425066947937012,1.0425066947937012,0.0
standard_dqn,815,482,95.46540549397469,88.75860346496106,31.45357269793749,64.01183289289474,1.5904587944969535,17818.661907196045,0.0,29.0,0.0,0.0,0.050000000000000044,1.3400638522580266,1.3400638522580266,0.0
standard_dqn,815,483,85.7544375360012,88.89858696885408,27.626984901726246,58.12745217978954,1.543079687282443,16221.827356338501,0.0,26.0,0.0,1.0,0.050000000000000044,1.1464348826557398,1.1464348826557398,0.0
standard_dqn,815,484,74.49970573931932,87.73155352070928,28.129051379859447,46.37065453827381,1.478976408019662,15403.963432312012,0.0,23.0,0.0,0.0,0.050000000000000044,1.3767502550035715,1.3767502550035715,0.0
standard_dqn,815,485,68.52713703513146,86.36570414319635,25.6875534132123,42.839583271741866,1.4092112435027957,14720.29271697998,0.0,22.0,0.0,2.0,0.050000000000000044,1.2067916952073574,1.2067916952073574,0.0
standard_dqn,815,486,78.08482901901007,85.8708517959714,29.098962120711803,48.985866689682005,1.5087366867810488,16294.926189422607,0.0,23.0,0.0,1.0,0.050000000000000044,1.2740257866680622,1.2740257866680622,0.0
standard_dqn,815,487,80.0233347043395,85.28171691395343,29.32518618553877,50.69814881682396,1.4907790068536997,16191.306425094604,0.0,26.0,0.0,2.0,0.050000000000000044,1.0736072678118944,1.0736072678118944,0.0
standard_dqn,815,488,89.46255397051573,85.09556428775193,31.00780311971903,58.45475126802921,1.6137566221877933,17979.325160980225,0.0,26.0,0.0,0.0,0.050000000000000044,1.120811179280281,1.120811179280281,0.0
standard_dqn,815,489,76.13201853781939,84.58001688189806,27.60011301189661,48.53190543651581,1.4836537512019277,15601.017770767212,0.0,24.0,0.0,1.0,0.050000000000000044,1.1329595688730478,1.1329595688730478,0.0
standard_dqn,815,490,90.4215544462204,85.26922565877439,32.51089332997799,57.91066078841686,1.6155148390680552,18528.035007476807,0.0,26.0,0.0,0.0,0.050000000000000044,1.0548690985888243,1.0548690985888243,0.0
standard_dqn,815,491,73.69439561069012,84.3512150397897,27.930452078580856,45.76394353210926,1.4513435931876302,15727.891235351562,0.0,22.0,0.0,1.0,0.050000000000000044,1.0831993455067277,1.0831993455067277,0.0
standard_dqn,815,492,79.88836170136929,83.61753704115749,27.78320062160492,52.1051607966423,1.4821550473570824,15418.127758026123,0.0,23.0,0.0,1.0,0.050000000000000044,1.413919523358345,1.413919523358345,0.0
standard_dqn,815,493,73.03379062116146,82.9100861157477,26.428983449935913,46.60480761826038,1.4578553391620517,15277.845893859863,0.0,22.0,0.0,2.0,0.050000000000000044,1.1753312814980745,1.1753312814980745,0.0
standard_dqn,815,494,78.2959009706974,82.0631814083457,26.30852536857128,51.98737567663193,1.4491928815841675,15288.859657287598,0.0,23.0,0.0,1.0,0.050000000000000044,1.1946191005408764,1.1946191005408764,0.0
standard_dqn,815,495,69.92024559676648,81.86931329578162,27.070231720805168,42.850014159083365,1.470066032372415,15218.958362579346,0.0,21.0,0.0,1.0,0.050000000000000044,1.205797909758985,1.205797909758985,0.0
standard_dqn,815,496,77.53847088068724,80.79176938138903,27.38215958327055,50.15631172955036,1.475433100014925,15691.256452560425,0.0,23.0,0.0,1.0,0.050000000000000044,1.3028847351670265,1.3028847351670265,0.0
standard_dqn,815,497,69.16780851185322,79.9087468700111,26.136425241827965,43.031382927298544,1.434409350156784,14733.07628250122,0.0,22.0,0.0,1.0,0.050000000000000044,1.338094404898584,1.338094404898584,0.0
standard_dqn,815,498,86.81180795580148,80.32772285923363,31.177210569381714,55.63459746837616,1.5635571908205748,17564.115131378174,0.0,24.0,0.0,2.0,0.050000000000000044,1.1342476373538375,1.1342476373538375,0.0
standard_dqn,815,499,64.8317433744669,79.69993712030353,24.298194155097008,40.53354933857918,1.4169234819710255,14211.412086486816,0.0,20.0,0.0,0.0,0.050000000000000044,1.285646241158247,1.285646241158247,0.0
standard_dqn,815,500,88.40368077158928,79.69912425898016,31.310156047344208,57.09352445602417,1.5653008613735437,17900.07388305664,0.0,25.0,0.0,1.0,0.050000000000000044,1.1473694387823343,1.1473694387823343,0.0
standard_dqn,815,501,81.24460305422545,79.060089276582,27.804959677159786,53.43964328765869,1.5239200750365853,15917.249481201172,0.0,26.0,0.0,1.0,0.050000000000000044,1.3645070865750313,1.3645070865750313,0.0
standard_dqn,815,502,101.3555211365223,79.3545950587094,32.59109449386597,68.76442650854588,1.6579365143552423,19074.677993774414,0.0,30.0,0.0,1.0,0.050000000000000044,0.9814865086227655,0.9814865086227655,0.0
standard_dqn,815,503,81.88019307851792,79.16088283583524,28.022206604480743,53.85798635482788,1.4618778508156538,15546.322616577148,0.0,25.0,0.0,1.0,0.050000000000000044,1.006673064082861,1.006673064082861,0.0
standard_dqn,815,504,82.71882632672786,79.57183886520566,28.98951454460621,53.72931155860424,1.5159512916579843,16523.435722351074,0.0,24.0,0.0,2.0,0.050000000000000044,1.0779903288930655,1.0779903288930655,0.0
standard_dqn,815,505,91.12010848522186,80.70148743771018,31.133892238140106,59.98621638119221,1.5612997701391578,17507.60475921631,0.0,27.0,0.0,0.0,0.050000000000000044,1.239282874390483,1.239282874390483,0.0
standard_dqn,815,506,81.13526923954487,80.85400944873692,29.872356444597244,51.262912809848785,1.534109814092517,16875.006774902344,0.0,24.0,0.0,1.0,0.050000000000000044,1.3146887794137,1.3146887794137,0.0
standard_dqn,815,507,90.1584796756506,81.36076669730247,29.479627788066864,60.67885148525238,1.5654353694990277,17500.04875946045,0.0,27.0,0.0,2.0,0.050000000000000044,0.9049445800483227,0.9049445800483227,0.0
standard_dqn,815,508,80.95278728753328,80.93527836315334,29.128054440021515,51.824733048677444,1.4999765837565064,16206.391296386719,0.0,25.0,0.0,0.0,0.050000000000000044,1.2619661130011082,1.2619661130011082,0.0
standard_dqn,815,509,80.88561172783375,81.17295802265406,30.762235313653946,50.1233766824007,1.5136546483263373,16735.65872001648,0.0,25.0,0.0,0.0,0.050000000000000044,1.2687566541135311,1.2687566541135311,0.0
standard_dqn,815,510,80.77863040566444,80.69081182062627,28.82630531489849,51.9523249566555,1.497593847103417,16427.2225151062,0.0,25.0,0.0,2.0,0.050000000000000044,1.0911055812612176,1.0911055812612176,0.0
standard_dqn,815,511,73.99901413917542,80.70604274705053,27.34254239499569,46.65647128224373,1.4339484618976712,15121.085361480713,0.0,22.0,0.0,0.0,0.050000000000000044,1.1466917414218187,1.1466917414218187,0.0
standard_dqn,815,512,88.21510018408298,81.12237967118622,32.36523358523846,55.84986661374569,1.6115709254518151,18173.038318634033,0.0,26.0,0.0,0.0,0.050000000000000044,0.945242409594357,0.945242409594357,0.0
standard_dqn,815,513,65.20928376615046,80.73115432843566,25.6130011677742,39.59628285169602,1.393255889415741,13887.90234375,0.0,21.0,0.0,3.0,0.050000000000000044,1.1786108762025833,1.1786108762025833,0.0
standard_dqn,815,514,92.21649235486984,81.42718389764428,29.781052611768246,62.43543943762779,1.5887797167524695,17505.620433807373,0.0,28.0,0.0,3.0,0.050000000000000044,1.3007398061454296,1.3007398061454296,0.0
standard_dqn,815,515,78.60764178782702,81.86155370719732,28.868530973792076,49.73911071717739,1.4905546410009265,16354.370040893555,0.0,23.0,0.0,2.0,0.050000000000000044,1.1080922093242407,1.1080922093242407,0.0
standard_dqn,815,516,71.67363426238299,81.56831187628211,26.30862257629633,45.365011328458785,1.449126349762082,15116.041513442993,0.0,22.0,0.0,1.0,0.050000000000000044,1.2914465991780162,1.2914465991780162,0.0
standard_dqn,815,517,89.68506588935853,82.59417474515737,31.09230265021324,58.592763328552245,1.5560445971786976,17466.36141204834,0.0,28.0,0.0,1.0,0.050000000000000044,1.1340053584426641,1.1340053584426641,0.0
standard_dqn,815,518,70.34219191968441,81.77069394335152,26.611693404614925,43.73049829900265,1.421842866577208,14528.117988586426,0.0,21.0,0.0,0.0,0.050000000000000044,1.4108302583917975,1.4108302583917975,0.0
standard_dqn,815,519,90.5089165866375,83.05455260396005,31.462459787726402,59.04645696282387,1.567211739718914,17676.762744903564,0.0,26.0,0.0,0.0,0.050000000000000044,1.2630393207073212,1.2630393207073212,0.0
standard_dqn,815,520,80.44053906351328,82.65639551855625,26.680813387036324,53.759724938869475,1.4781325832009315,15543.417053222656,0.0,25.0,0.0,2.0,0.050000000000000044,1.1707808850333095,1.1707808850333095,0.0
standard_dqn,815,521,88.9319826066494,83.04076449617745,29.18630987405777,59.745672553777695,1.5684270802885294,17356.107555389404,0.0,27.0,0.0,2.0,0.050000000000000044,1.4711992889642715,1.4711992889642715,0.0
standard_dqn,815,522,93.53767935931683,82.64987240731718,31.08356636762619,62.454113483428955,1.5857461942359805,17862.779056549072,0.0,27.0,0.0,0.0,0.050000000000000044,1.2798142302781343,1.2798142302781343,0.0
standard_dqn,815,523,73.90252467244864,82.2509889870137,25.458294555544853,48.44422999024391,1.4329702975228429,14761.180442810059,0.0,23.0,0.0,0.0,0.050000000000000044,1.2432736083865166,1.2432736083865166,0.0
standard_dqn,815,524,85.33406495302916,82.38175091832876,28.999841161072254,56.33422338962555,1.513643765822053,16786.56880569458,0.0,26.0,0.0,3.0,0.050000000000000044,0.9469903260469437,0.9469903260469437,0.0
standard_dqn,815,525,84.9365975856781,82.07257537335158,27.487417191267014,57.44918006658554,1.4717063661664724,15179.069412231445,0.0,27.0,0.0,1.0,0.050000000000000044,1.065139887854457,1.065139887854457,0.0
standard_dqn,815,526,85.58423334509135,82.2950235786289,29.223226010799408,56.36100716292858,1.5150439720600843,16363.352737426758,0.0,26.0,0.0,1.0,0.050000000000000044,1.0525093395262957,1.0525093395262957,0.0
standard_dqn,815,527,79.0702696442604,81.7406130770594,30.3145654797554,48.75570431351662,1.5477881859987974,17626.37318611145,0.0,25.0,0.0,1.0,0.050000000000000044,1.0986986849457026,1.0986986849457026,0.0
standard_dqn,815,528,91.10472585260868,82.24821000531315,31.89931556582451,59.2054103910923,1.5666543608531356,17915.376022338867,0.0,27.0,0.0,1.0,0.050000000000000044,1.2987740691751242,1.2987740691751242,0.0
standard_dqn,815,529,71.04906291663647,81.75638256475331,26.39310184121132,44.65596132874489,1.4948256639763713,15919.6552734375,0.0,22.0,0.0,2.0,0.050000000000000044,1.0101003609597683,1.0101003609597683,0.0
standard_dqn,815,530,95.9570491924882,82.51530350409448,31.233321130275726,64.72372853159905,1.5646991236135364,17836.735511779785,0.0,29.0,0.0,1.0,0.050000000000000044,1.3266649013385177,1.3266649013385177,0.0
standard_dqn,815,531,83.44811465740204,82.98775853000583,29.805060863494873,53.64305422604084,1.5049913749098778,16475.16240310669,0.0,24.0,0.0,1.0,0.050000000000000044,1.1907563768327236,1.1907563768327236,0.0
standard_dqn,815,532,75.13979951441289,82.33399349652233,26.722442731261253,48.417356157302855,1.4557719435542822,15680.917720794678,0.0,22.0,0.0,1.0,0.050000000000000044,1.0870997980237007,1.0870997980237007,0.0
standard_dqn,815,533,73.32869445085525,82.73996403075756,28.05813354998827,45.27056114673614,1.4707917468622327,15921.130794525146,0.0,24.0,0.0,2.0,0.050000000000000044,1.299417233094573,1.299417233094573,0.0
standard_dqn,815,534,76.38559697717429,81.94841926187279,28.289050482213497,48.09654634594917,1.5119083048775792,16268.48834991455,0.0,23.0,0.0,3.0,0.050000000000000044,1.2247620951384306,1.2247620951384306,0.0
standard_dqn,815,535,65.50077483057976,81.29307591401042,25.83185985684395,39.66891498863697,1.4532157303765416,14816.297992706299,0.0,20.0,0.0,1.0,0.050000000000000044,1.2417737059295177,1.2417737059295177,0.0
standard_dqn,815,536,86.89248901605606,82.05401865169407,29.74050047248602,57.15198902785778,1.5113071482628584,16801.93755531311,0.0,27.0,0.0,0.0,0.050000000000000044,1.348317051306367,1.348317051306367,0.0
standard_dqn,815,537,87.49003763496876,81.94426723897458,32.48124487698078,55.00879208743572,1.6149354595690966,18425.39443206787,0.0,25.0,0.0,2.0,0.050000000000000044,1.022748215124011,1.022748215124011,0.0
standard_dqn,815,538,85.23797769248486,82.68905652761461,30.22787620127201,55.01010171473026,1.5605673706158996,17298.977214813232,0.0,25.0,0.0,2.0,0.050000000000000044,1.2414068840444088,1.2414068840444088,0.0
standard_dqn,815,539,87.7832408040762,82.55277273848654,29.762646846473217,58.02059323489666,1.5023603346198797,16470.02108001709,0.0,26.0,0.0,2.0,0.050000000000000044,1.2114977836608887,1.2114977836608887,0.0
standard_dqn,815,540,76.1771704107523,82.3396043058485,27.507248774170876,48.66992166638374,1.4669313672930002,16042.136959075928,0.0,22.0,0.0,1.0,0.050000000000000044,1.224787823855877,1.224787823855877,0.0
standard_dqn,815,541,89.38954115658998,82.36248223334552,30.01357725262642,59.37596347928047,1.5760618885979056,17444.207725524902,0.0,28.0,0.0,1.0,0.050000000000000044,1.2032170556485653,1.2032170556485653,0.0
standard_dqn,815,542,77.03544034361839,81.5373702825606,30.042578741908073,46.992861944437024,1.5165593856945634,16595.04824066162,0.0,22.0,0.0,2.0,0.050000000000000044,1.2304223738610744,1.2304223738610744,0.0
standard_dqn,815,543,77.49956694990396,81.71722239643336,25.85848169773817,51.64108523726463,1.4759405516088009,15513.267162322998,0.0,24.0,0.0,1.0,0.050000000000000044,1.255126896314323,1.255126896314323,0.0
standard_dqn,815,544,98.11259474754334,82.35614888615906,34.825444146990776,63.28715015351772,1.6362222516909242,19572.650382995605,0.0,28.0,0.0,1.0,0.050000000000000044,1.0448989365249872,1.0448989365249872,0.0
standard_dqn,815,545,86.60238172411918,82.43943809308112,30.14497099816799,56.45741097927093,1.5522413272410631,16963.87399673462,0.0,24.0,0.0,2.0,0.050000000000000044,1.5289363116025925,1.5289363116025925,0.0
standard_dqn,815,546,85.3533858820796,82.42789571993055,29.070210300385952,56.2831757158041,1.5531323831528425,17180.486206054688,0.0,26.0,0.0,2.0,0.050000000000000044,1.2838944364339113,1.2838944364339113,0.0
standard_dqn,815,547,100.26680907607079,83.48772269152106,30.753851488232613,69.51295772194862,1.612936477176845,18034.608489990234,0.0,29.0,0.0,0.0,0.050000000000000044,1.0925446189939976,1.0925446189939976,0.0
standard_dqn,815,548,81.99483339786529,83.0322280687839,28.34168765693903,53.65314534604549,1.4811020037159324,16156.97525024414,0.0,24.0,0.0,2.0,0.050000000000000044,1.0492023825645447,1.0492023825645447,0.0
standard_dqn,815,549,83.10101526975632,83.63482568643988,28.797533683478832,54.303481578826904,1.510427781380713,16735.180290222168,0.0,25.0,0.0,1.0,0.050000000000000044,1.0842606145888567,1.0842606145888567,0.0
standard_dqn,815,550,97.30799716711044,83.70237308517099,31.721928387880325,65.58606877923012,1.6246858080849051,18409.63335418701,0.0,28.0,0.0,2.0,0.050000000000000044,0.9362427042797208,0.9362427042797208,0.0
standard_dqn,815,551,67.94989019781352,82.92746186219156,25.915515281260014,42.03437508046627,1.421995840035379,14920.409996032715,0.0,20.0,0.0,1.0,0.050000000000000044,1.1772269112989306,1.1772269112989306,0.0
standard_dqn,815,552,74.43478050231934,82.89221091158689,25.698388010263443,48.73639217913151,1.4756852416321635,15560.887077331543,0.0,23.0,0.0,5.0,0.050000000000000044,1.0706629632040858,1.0706629632040858,0.0
standard_dqn,815,553,99.82154025137424,84.21685320161285,33.564941853284836,66.25659787654877,1.6193061843514442,19195.15659713745,0.0,30.0,0.0,1.0,0.050000000000000044,1.1874500252306461,1.1874500252306461,0.0
standard_dqn,815,554,106.64734018146991,85.72994036182762,34.79433615505695,71.85300404131412,1.6822115471586585,19694.52875137329,0.0,30.0,0.0,4.0,0.050000000000000044,1.3241474572569132,1.3241474572569132,0.0
standard_dqn,815,555,86.71555446833372,86.79067934371531,30.641580812633038,56.07397371530533,1.5341722704470158,17126.740940093994,0.0,25.0,0.0,1.0,0.050000000000000044,1.083836629986763,1.083836629986763,0.0
standard_dqn,815,556,74.12289192676545,86.15219948925079,25.671954594552517,48.450937220454215,1.4410446863621473,15115.622812271118,0.0,23.0,0.0,2.0,0.050000000000000044,1.1033489601686597,1.1033489601686597,0.0
standard_dqn,815,557,92.4234177917242,86.39886849708856,30.477838560938835,61.94557934999466,1.5358365783467889,16765.158126831055,0.0,28.0,0.0,0.0,0.050000000000000044,0.9617828754708171,0.9617828754708171,0.0
standard_dqn,815,558,68.55408262610436,85.56467374376953,25.553124994039536,43.00095779597759,1.458215719088912,15172.440525054932,0.0,21.0,0.0,1.0,0.050000000000000044,1.289240532554686,1.289240532554686,0.0
standard_dqn,815,559,91.69587948918343,85.76030567802489,32.35559079051018,59.34028895199299,1.5783197339624166,18494.94395828247,0.0,28.0,0.0,0.0,0.050000000000000044,0.9109374945983291,0.9109374945983291,0.0
standard_dqn,815,560,80.86706374883651,85.9948003449291,27.918331742286682,52.948731797933576,1.5175765650346875,16493.301677703857,0.0,22.0,0.0,2.0,0.050000000000000044,1.1907497979700565,1.1907497979700565,0.0
standard_dqn,815,561,87.9458082973957,85.92261370196938,29.22784762829542,58.717960140109064,1.5318492716178298,16559.122619628906,0.0,26.0,0.0,5.0,0.050000000000000044,1.1506693661212921,1.1506693661212921,0.0
standard_dqn,815,562,82.97461962252855,86.21957266591488,27.612005583941936,55.362613815069196,1.4520484749227762,15198.698581695557,0.0,26.0,0.0,5.0,0.050000000000000044,0.9143884591758251,0.9143884591758251,0.0
standard_dqn,815,563,73.26813863366843,86.0080012501031,28.271915815770626,44.99622287750244,1.5285397814586759,16431.379196166992,0.0,21.0,0.0,1.0,0.050000000000000044,1.1497940011322498,1.1497940011322498,0.0
standard_dqn,815,564,104.56692990660667,86.33071800805628,34.86363224685192,69.70329713821411,1.674313323572278,19827.907592773438,0.0,30.0,0.0,2.0,0.050000000000000044,1.3052271604537964,1.3052271604537964,0.0
standard_dqn,815,565,88.94818300902844,86.44800807230175,30.297334477305412,58.65084874033928,1.5627468042075634,17365.893115997314,0.0,28.0,0.0,3.0,0.050000000000000044,1.0316499546170235,1.0316499546170235,0.0
standard_dqn,815,566,78.35973777025939,86.09832566671074,27.487948328256607,50.8717897772789,1.4687285125255585,15119.187007904053,0.0,23.0,0.0,1.0,0.050000000000000044,1.278330683708191,1.278330683708191,0.0
standard_dqn,815,567,83.63762696832418,85.26686656132341,28.991142623126507,54.64648479223251,1.5046182302758098,16503.477966308594,0.0,26.0,0.0,2.0,0.050000000000000044,1.2793061174452305,1.2793061174452305,0.0
standard_dqn,815,568,88.3613675326109,85.58519326806069,30.70477695763111,57.65659041106701,1.534492501989007,17108.371726989746,0.0,26.0,0.0,1.0,0.050000000000000044,1.418523408472538,1.418523408472538,0.0
standard_dqn,815,569,76.29526225477457,85.2449056173116,25.881013952195644,50.41424834728241,1.4535475596785545,15452.599338531494,0.0,23.0,0.0,1.0,0.050000000000000044,1.0794302821159363,1.0794302821159363,0.0
standard_dqn,815,570,91.64855350106954,84.96193343400955,30.258167043328285,61.39038645029068,1.560545403510332,17358.044830322266,0.0,27.0,0.0,2.0,0.050000000000000044,1.1130782356485724,1.1130782356485724,0.0
standard_dqn,815,571,81.63089589923621,85.6459837190807,28.50719401985407,53.12370220720768,1.4818127173930407,16084.61336517334,0.0,25.0,0.0,3.0,0.050000000000000044,1.0054867686703801,1.0054867686703801,0.0
standard_dqn,815,572,87.01200567185879,86.27484497755766,31.39624810218811,55.615757405757904,1.5764596117660403,17682.605297088623,0.0,27.0,0.0,1.0,0.050000000000000044,0.9921712670475245,0.9921712670475245,0.0
standard_dqn,815,573,77.70645274221897,85.16909060209989,27.25695362687111,50.44949935376644,1.507700925692916,16393.47674560547,0.0,24.0,0.0,1.0,0.050000000000000044,1.152245594188571,1.152245594188571,0.0
standard_dqn,815,574,74.99431600123644,83.58643939308823,26.438336059451103,48.55597987473011,1.457341630011797,15321.973672866821,0.0,24.0,0.0,4.0,0.050000000000000044,1.1335924733430147,1.1335924733430147,0.0
standard_dqn,815,575,69.84106184244156,82.74271476179362,25.439382418990135,44.40167922973633,1.3879229053854942,14078.217403411865,0.0,22.0,0.0,3.0,0.050000000000000044,1.1607460444793105,1.1607460444793105,0.0
standard_dqn,815,576,78.20321096777916,82.9467307138443,28.16347375512123,50.0397373765707,1.4805616782978177,15971.598583221436,0.0,23.0,0.0,2.0,0.050000000000000044,1.1880736919119954,1.1880736919119954,0.0
standard_dqn,815,577,76.03866787403823,82.12749321796,27.50754287838936,48.53112510740757,1.4693593494594097,15332.147113800049,0.0,24.0,0.0,1.0,0.050000000000000044,0.9304953012615442,0.9304953012615442,0.0
standard_dqn,815,578,92.67792651951314,83.33368541263044,30.687960118055344,61.989965790510176,1.6252443017438054,18349.33006286621,0.0,27.0,0.0,3.0,0.050000000000000044,0.897130866535008,0.897130866535008,0.0
standard_dqn,815,579,84.02785296738148,82.95028408654035,28.67505919933319,55.35279355943203,1.4931239355355501,15733.489902496338,0.0,26.0,0.0,0.0,0.050000000000000044,0.967341311275959,0.967341311275959,0.0
standard_dqn,815,580,78.79331563413143,82.8465966808051,28.247313916683197,50.54600238800049,1.5077749155461788,16470.717609405518,0.0,23.0,0.0,1.0,0.050000000000000044,0.9171336814761162,0.9171336814761162,0.0
standard_dqn,815,581,76.18632812201977,82.2586226720363,27.92956180870533,48.256767028570174,1.5066621219739318,16154.077156066895,0.0,21.0,0.0,2.0,0.050000000000000044,1.1580228358507156,1.1580228358507156,0.0
standard_dqn,815,582,85.83517771214247,82.40165057651699,30.875187009572983,54.959990829229355,1.5424147211015224,17123.688409805298,0.0,25.0,0.0,0.0,0.050000000000000044,1.0998991932719946,1.0998991932719946,0.0
standard_dqn,815,583,62.6653661519289,81.87151195243003,24.488396681845188,38.17696961164474,1.389078026637435,13480.56816291809,0.0,19.0,0.0,1.0,0.050000000000000044,0.9606398809701204,0.9606398809701204,0.0
standard_dqn,815,584,83.15959593057633,80.8011452536285,28.652756690979004,54.506838926672934,1.5383981810882688,16870.22373008728,0.0,27.0,0.0,2.0,0.050000000000000044,1.3105765990912914,1.3105765990912914,0.0
standard_dqn,815,585,67.08886356651783,79.70817928150298,26.447718888521194,40.641144663095474,1.4271155074238777,15168.87036895752,0.0,21.0,0.0,1.0,0.050000000000000044,0.8745582457631826,0.8745582457631826,0.0
standard_dqn,815,586,61.30294706970453,78.85533974647522,25.289389587938786,36.01355752646923,1.3945048302412033,14770.337520599365,0.0,18.0,0.0,4.0,0.050000000000000044,1.0224149394780397,1.0224149394780397,0.0
standard_dqn,815,587,88.73719857782126,79.11031832695008,30.591744907200336,58.14545358121395,1.580416233278811,17795.280597686768,0.0,25.0,0.0,3.0,0.050000000000000044,0.9932263428345323,0.9932263428345323,0.0
standard_dqn,815,588,64.97915674000978,77.94120778732002,25.21386582404375,39.76529097557068,1.4065099991858006,14656.238618850708,0.0,22.0,0.0,0.0,0.050000000000000044,1.102031560614705,1.102031560614705,0.0
standard_dqn,815,589,73.36101119369269,77.79449523426594,27.133773528039455,46.22723760604858,1.498176229186356,15920.700246810913,0.0,22.0,0.0,2.0,0.050000000000000044,1.3392701856791973,1.3392701856791973,0.0
standard_dqn,815,590,88.78287417590619,77.65121126800777,33.221785485744476,55.561088600754736,1.6125781368464231,19161.46263885498,0.0,26.0,0.0,1.0,0.050000000000000044,1.1634266469627619,1.1634266469627619,0.0
standard_dqn,815,591,83.78840118795634,77.75908653244377,28.742255069315434,55.04614576101303,1.5566972848027945,17150.305646896362,0.0,25.0,0.0,3.0,0.050000000000000044,0.9173678252846003,0.9173678252846003,0.0
standard_dqn,815,592,82.13765335977078,77.51536891683938,29.559275045990944,52.578378507494925,1.5514756431803107,17184.325466156006,0.0,25.0,0.0,1.0,0.050000000000000044,1.079139519482851,1.079139519482851,0.0
standard_dqn,815,593,83.6642646342516,77.81325951144102,28.201580300927162,55.46268440783024,1.474907336756587,15870.255340576172,0.0,25.0,0.0,0.0,0.050000000000000044,1.0468428116291761,1.0468428116291761,0.0
standard_dqn,815,594,90.76048046350479,78.60156773455442,32.08210529386997,58.67837530374527,1.5489088259637356,17529.857860565186,0.0,26.0,0.0,0.0,0.050000000000000044,1.4594747871160507,1.4594747871160507,0.0
standard_dqn,815,595,92.64217992275954,79.74162363857032,30.046538434922695,62.5956417709589,1.5500806029886007,17489.32772064209,0.0,29.0,0.0,2.0,0.050000000000000044,1.3500473462045193,1.3500473462045193,0.0
standard_dqn,815,596,76.35172376483679,79.6490492784232,28.320161245763302,48.03156277239323,1.4794963207095861,15931.323448181152,0.0,24.0,0.0,3.0,0.050000000000000044,1.126023351214826,1.126023351214826,0.0
standard_dqn,815,597,76.1618264630437,79.65520720787347,29.13768407702446,47.024142318964,1.4913965445011854,16365.394584655762,0.0,21.0,0.0,1.0,0.050000000000000044,0.8254681099206209,0.8254681099206209,0.0
standard_dqn,815,598,85.36387098729611,79.28950443126263,30.06169167160988,55.30217924118042,1.5096776597201824,17101.827299118042,0.0,25.0,0.0,1.0,0.050000000000000044,1.0311053693294525,1.0311053693294525,0.0
standard_dqn,815,599,78.45615962296725,79.01091976404192,27.75009837001562,50.706061312556265,1.4756949972361326,16029.17593383789,0.0,22.0,0.0,2.0,0.050000000000000044,1.2545209974050522,1.2545209974050522,0.0
