variant,model_seed,episode,cost,rolling_cost,immediate_cost,penalty,energy_use,latency_ms,thermal_violation,energy_violation,queue_violation,contact_violation,epsilon,loss,td_loss,auxiliary_loss,preview_transition_scale
centered_full_action_dqn,814,0,126.18126167316927,126.18126167316927,41.059831604361534,85.12143012841241,1.8538875738158822,24911.744199752808,0.0,32.0,12.0,0.0,0.9954761904761905,,,,1.15
centered_full_action_dqn,814,1,115.0489529311657,120.61510730216749,41.857169315218925,73.19178342223168,1.755554218776524,24023.556690216064,0.0,32.0,0.0,2.0,0.9909523809523809,1.4464596509933472,1.4287830591201782,0.058921873569488525,1.15
centered_full_action_dqn,814,2,98.32530103027821,113.1851718782044,36.50269541144371,61.822605365514754,1.7250503934919834,21989.045265197754,0.0,28.0,0.0,1.0,0.9864285714285714,1.1922349706292152,1.175632581114769,0.055341311963275075,1.15
centered_full_action_dqn,814,3,206.01330884676895,136.39220612034552,45.01581762731075,160.9974910853477,1.9859640281647444,27045.278831481934,0.0,37.0,27.0,2.0,0.981904761904762,1.1765654161572456,1.1620369516313076,0.04842826374806464,1.15
centered_full_action_dqn,814,4,188.43465520448376,146.80069593717317,49.931068420410156,138.50358672446893,1.903903041034937,28482.04923248291,0.0,39.0,34.0,1.0,0.9773809523809524,1.2235218286514282,1.213543176651001,0.03326218330767006,1.15
centered_full_action_dqn,814,5,112.87528872489929,141.1464614017942,38.476317681372166,74.39897094666958,1.7477996479719877,22909.166233062744,0.0,32.0,0.0,0.0,0.9728571428571429,1.1116123385727406,1.1060926988720894,0.018398749409243464,1.15
centered_full_action_dqn,814,6,105.54100721272202,136.05996794621245,35.33894884586334,70.2020586201784,1.7617288399487734,21592.085739135742,0.0,31.0,2.0,1.0,0.9683333333333334,0.9486513398587704,0.9448935240507126,0.012526051141321659,1.15
centered_full_action_dqn,814,7,179.48306222154406,141.4878547306289,44.969463370740414,134.51359888060597,1.9387141736224294,27153.916046142578,0.0,37.0,35.0,2.0,0.9638095238095238,0.982752125710249,0.9788115248084068,0.013135332090314478,1.15
centered_full_action_dqn,814,8,149.03362123739697,142.32627323138092,36.749188646674156,112.2844326652286,1.8006578758358955,23145.95985031128,0.0,30.0,25.0,2.0,0.9592857142857143,0.9778923392295837,0.9727665930986404,0.017085818923078477,1.15
centered_full_action_dqn,814,9,115.08709259201005,139.60235516744382,34.609826132655144,80.47726671267466,1.7145506627857685,21183.210887908936,0.0,32.0,13.0,2.0,0.9547619047619048,0.7828941717743874,0.7782980725169182,0.01532035059062764,1.15
centered_full_action_dqn,814,10,112.25831623673439,137.11653344647024,37.1598314344883,75.09848459362983,1.7283727554604411,22201.82152557373,0.0,32.0,0.0,2.0,0.9502380952380952,0.5683841239660978,0.5634365174919367,0.01649202679982409,1.15
centered_full_action_dqn,814,11,100.84428741186858,134.09384627692012,34.71854253858328,66.12574524581433,1.6396617582067847,20326.077701568604,0.0,29.0,0.0,1.0,0.9457142857142857,0.42244784347712994,0.41668020002543926,0.0192254675203003,1.15
centered_full_action_dqn,814,12,116.20416045188904,132.71771659807158,41.87617652118206,74.32798418402672,1.7541608661413193,24252.94631767273,0.0,32.0,0.0,0.0,0.9411904761904761,0.3136996980756521,0.3087076786905527,0.0166400745511055,1.15
centered_full_action_dqn,814,13,114.7564007729292,131.43476546770427,43.700637981295586,71.05576235949994,1.8052938571199775,25013.9097366333,0.0,31.0,0.0,3.0,0.9366666666666666,0.285505099222064,0.281178236939013,0.014422870997805148,1.15
centered_full_action_dqn,814,14,163.79453135983718,133.59208319384646,42.2479792535305,121.54655200199852,1.8385488437488675,25164.168865203857,0.0,38.0,31.0,1.0,0.9321428571428572,0.2652383530512452,0.261469054967165,0.012564330419991165,1.15
centered_full_action_dqn,814,15,108.95541532244108,132.0522914518836,37.929942548274994,71.02547264005564,1.7801670851185918,23310.76788330078,0.0,30.0,1.0,0.0,0.9276190476190476,0.562067755497992,0.558081834577024,0.01328639331040904,1.15
centered_full_action_dqn,814,16,104.77222234904767,130.44758150465796,34.58920143544674,70.18302057087422,1.6641112929210067,20782.31037902832,0.0,31.0,0.0,1.0,0.9230952380952381,0.6404282953590155,0.6358536686748266,0.015248758834786713,1.15
centered_full_action_dqn,814,17,102.8106411844492,128.91219593131302,34.64760972559452,68.16303142905235,1.6579150762408972,20464.260692596436,0.0,30.0,0.0,0.0,0.9185714285714286,0.40786184184253216,0.4033755846321583,0.014954191807191819,1.15
centered_full_action_dqn,814,18,119.70728988945484,128.42772719226787,40.69748291373253,79.00980649888515,1.729272029362619,22927.754737854004,0.0,33.0,0.0,0.0,0.914047619047619,0.3138287980109453,0.3094916306436062,0.014457221841439605,1.15
centered_full_action_dqn,814,19,122.54289999604225,128.13348583245659,39.76455117762089,82.77834941446781,1.7323217783123255,23077.391849517822,0.0,34.0,0.0,0.0,0.9095238095238095,0.2528910879045725,0.2488916264846921,0.013331538066267967,1.15
centered_full_action_dqn,814,20,107.02523404359818,127.17568445097804,36.995379239320755,70.02985560894012,1.6860923860222101,21578.89826965332,0.0,30.0,0.0,0.0,0.905,0.22634827252477407,0.22239312529563904,0.013183827395550907,1.15
centered_full_action_dqn,814,21,103.50431570410728,126.5984525896251,36.48102022707462,67.0232965350151,1.6600083010271192,21335.45546722412,0.0,28.0,0.0,1.0,0.9004761904761904,0.23607307113707066,0.232146967202425,0.013087007857393473,1.15
centered_full_action_dqn,814,22,166.83846466492443,130.0241107713574,44.5745058581233,122.26395914952779,1.903100112453103,26776.412788391113,0.0,37.0,26.0,0.0,0.895952380952381,0.22816128470003605,0.2243084628134966,0.012842738709878176,1.15
centered_full_action_dqn,814,23,104.86706600487233,124.96679862926257,35.69365982711315,69.17340590953827,1.6517770197242498,20736.024894714355,0.0,31.0,0.0,3.0,0.8914285714285715,0.6365331672132015,0.6309877121821046,0.01848485175287351,1.15
centered_full_action_dqn,814,24,119.72963905227242,121.53154782165203,39.19864858686924,80.53099097204266,1.776090195402503,23254.941579818726,0.0,34.0,4.0,1.0,0.8869047619047619,0.5820542648434639,0.576893225312233,0.017203430470544845,1.15
centered_full_action_dqn,814,25,90.99534433484078,120.4375506021491,32.82916987687349,58.16617459952831,1.5304387006908655,18611.322929382324,0.0,26.0,0.0,2.0,0.8823809523809524,0.382558255456388,0.37648610584437847,0.020240508252754807,1.15
centered_full_action_dqn,814,26,120.77715099709317,121.19935779136765,40.40636670589447,80.37078435080336,1.8072414873167872,24086.874000549316,0.0,36.0,10.0,2.0,0.8778571428571429,0.3196656070649624,0.3137936079874635,0.019573323312215507,1.15
centered_full_action_dqn,814,27,135.75591507178277,119.0130004338796,41.99001468718052,93.7659002951953,1.8825960094109178,25111.636596679688,0.0,36.0,16.0,0.0,0.8733333333333333,0.30456247832626104,0.29833454824984074,0.020759759412612766,1.15
centered_full_action_dqn,814,28,130.21343037120167,118.07199089056985,41.6324113458395,88.58101902536217,1.8353608939796686,24763.931980133057,0.0,35.0,6.0,1.0,0.8688095238095238,0.30494560627266765,0.2994265416637063,0.018396871048025787,1.15
centered_full_action_dqn,814,29,107.05790685862303,117.67053160390049,36.05722852796316,71.00067779421806,1.7067804345861077,21416.30318069458,0.0,31.0,0.0,0.0,0.8642857142857143,0.25628447299823165,0.2505386024713516,0.01915290398756042,1.15
centered_full_action_dqn,814,30,150.543727014127,119.5848021427701,45.90509210526943,104.63863546020049,1.9380386285483837,26808.800300598145,0.0,37.0,23.0,3.0,0.8597619047619047,0.2830838216468692,0.27761657256633043,0.018224166822619736,1.15
centered_full_action_dqn,814,31,121.23387145996094,120.60428134517471,37.707510367035866,83.52636042237282,1.7340821931138635,21901.029273986816,0.0,36.0,0.0,0.0,0.8552380952380952,0.6792709240689874,0.6724209953099489,0.022833077237010002,1.15
centered_full_action_dqn,814,32,112.77885289788246,120.4330159674744,40.97018790245056,71.80866517424583,1.7374089127406478,23235.93194961548,0.0,30.0,0.0,2.0,0.8507142857142858,0.4509117491543293,0.4437143262475729,0.023991413530893624,1.15
centered_full_action_dqn,814,33,105.76600115001202,119.98349598632853,34.33637481927872,71.42962649464607,1.6633520806208253,20382.12265396118,0.0,31.0,0.0,0.0,0.8461904761904762,0.41719358786940575,0.41036429069936275,0.022764346562325954,1.15
centered_full_action_dqn,814,34,113.6457384377718,117.47605634022527,41.864649161696434,71.78108902275562,1.792549293488264,24199.47833442688,0.0,31.0,0.0,0.0,0.8416666666666667,0.37768787425011396,0.37062585074454546,0.023540062131360173,1.15
centered_full_action_dqn,814,35,106.87158043682575,117.3718645959445,36.173467956483364,70.69811230897903,1.6600215937942266,20883.79278564453,0.0,32.0,0.0,0.0,0.8371428571428572,0.3745513428002596,0.3676027972251177,0.023161806166172028,1.15
centered_full_action_dqn,814,36,147.59945239142297,119.51322609806326,42.93433281034231,104.66511922345279,1.8612907836213708,25254.810466766357,0.0,34.0,18.0,1.0,0.8326190476190476,0.33400931116193533,0.32639113161712885,0.02539395191706717,1.15
centered_full_action_dqn,814,37,123.03378266990185,120.52438317233589,39.1663404405117,83.86744224429131,1.81113416608423,23582.068517684937,0.0,33.0,0.0,2.0,0.8280952380952381,0.36293275002390146,0.35548662580549717,0.02482041367329657,1.15
centered_full_action_dqn,814,38,117.9470443442464,120.43637089507547,40.66510113328695,77.28194333016873,1.7842116821557283,23877.067260742188,0.0,32.0,0.0,2.0,0.8235714285714286,0.3519160132855177,0.34408659115433693,0.026098071946762502,1.15
centered_full_action_dqn,814,39,174.13342663451098,123.01589722699892,47.223536133766174,126.90989024742508,1.9607142060995102,27688.497848510742,0.0,38.0,30.0,1.0,0.819047619047619,0.7850303202867508,0.7758769895881414,0.030511120799928904,1.15
centered_full_action_dqn,814,40,157.6092409193922,125.54509757078861,42.80706004798412,114.80218096081506,1.8786141639575362,24962.258380889893,0.0,35.0,20.0,3.0,0.8145238095238095,0.5057658441364765,0.4974643159657717,0.027671756455674767,1.15
centered_full_action_dqn,814,41,126.72359925905094,126.70606174853579,43.677156917750835,83.04644204327688,1.8534751329571009,25308.37043762207,0.0,33.0,14.0,2.0,0.81,0.4418885689228773,0.4327515922486782,0.030456590582616627,1.15
centered_full_action_dqn,814,42,114.84755367338657,124.10651619895891,38.289697378873825,76.55785633921623,1.7329745730385184,22499.873279571533,0.0,33.0,0.0,2.0,0.8054761904761905,0.4533305522054434,0.4438995812088251,0.031436578603461385,1.15
centered_full_action_dqn,814,43,118.2866471260786,124.77749525501922,46.565875604748726,71.7207717448473,1.8247854560613632,26268.505249023438,0.0,30.0,0.0,0.0,0.800952380952381,0.48666062764823437,0.47832122538238764,0.027798020862974226,1.15
centered_full_action_dqn,814,44,109.72045117616653,124.27703586121393,37.828827291727066,71.89162440598011,1.7110040290281177,22116.775577545166,0.0,30.0,0.0,1.0,0.7964285714285715,0.4347600480541587,0.42617314774543047,0.028622997226193547,1.15
centered_full_action_dqn,814,45,108.36931770294905,125.14573452961936,40.56948681920767,67.7998316437006,1.705677573569119,22701.589561462402,0.0,29.0,0.0,2.0,0.7919047619047619,0.400620779953897,0.3923746068030596,0.02748723397962749,1.15
centered_full_action_dqn,814,46,102.01175032556057,124.20746449604272,32.42442827671766,69.58732219040394,1.6611765064299107,19810.1533203125,0.0,32.0,0.0,1.0,0.7873809523809524,0.6035611070692539,0.5945962285622954,0.029882927075959742,1.15
centered_full_action_dqn,814,47,99.39920959025622,122.38962922196637,33.89741336554289,65.50179676115513,1.6182249644771218,19174.725229263306,0.0,30.0,0.0,1.0,0.7828571428571429,0.8258061427623034,0.8157563656568527,0.033499225275591016,1.15
centered_full_action_dqn,814,48,119.81961487382651,121.86993844709761,42.209207989275455,77.6104066759348,1.7925149435177445,23978.813060760498,0.0,33.0,0.0,1.0,0.7783333333333333,0.5643635522574186,0.5542329419404268,0.033768699620850384,1.15
centered_full_action_dqn,814,49,131.28977717824498,123.08153196307873,40.6690089404583,90.62076802917043,1.8447126913815737,24575.194396972656,0.0,35.0,7.0,0.0,0.7738095238095238,0.5154560208320618,0.5047950306907296,0.03553662227932364,1.15
centered_full_action_dqn,814,50,132.40219223436065,122.1744552240904,39.6564811617136,92.74571065541454,1.8327995175495744,23663.092441558838,0.0,33.0,15.0,1.0,0.7692857142857144,0.4452373581007123,0.43480872362852097,0.034762121737003326,1.15
centered_full_action_dqn,814,51,117.374277561903,121.98147552918749,39.212011605501175,78.16226623952389,1.790837150067091,23611.03370285034,0.0,34.0,0.0,0.0,0.7647619047619048,0.479086147621274,0.4688864145427942,0.033999111386947334,1.15
centered_full_action_dqn,814,52,115.4554238691926,122.115304077753,40.3813850954175,75.07403886318207,1.7670619878917933,23406.144283294678,0.0,31.0,0.0,1.0,0.7602380952380953,0.4866949049755931,0.47652132250368595,0.03391195007134229,1.15
centered_full_action_dqn,814,53,121.83376680314541,122.91869236040968,40.05234253406525,81.78142331540585,1.7201634924858809,23009.638347625732,0.0,34.0,0.0,1.0,0.7557142857142858,0.5184977408498526,0.5083953849971294,0.0336745212553069,1.15
centered_full_action_dqn,814,54,121.59842077049039,123.31632647704562,38.78923165798187,82.80918927642131,1.7498348783701658,22913.03940963745,0.0,34.0,13.0,2.0,0.7511904761904762,0.6712007531896234,0.6596148042008281,0.03861982992384583,1.15
centered_full_action_dqn,814,55,102.08919164538383,123.07720703747353,38.997645646333694,63.09154564142227,1.6828484060242772,22240.640098571777,0.0,26.0,0.0,0.0,0.7466666666666667,0.8516549076884985,0.840515648946166,0.03713084664195776,1.15
centered_full_action_dqn,814,56,114.33393141031266,121.413930988418,40.388985902071,73.94494418203831,1.7635468048974872,23234.012142181396,0.0,32.0,0.0,1.0,0.7421428571428572,0.6339341010898352,0.6221203748136759,0.03937907866202295,1.15
centered_full_action_dqn,814,57,110.77758094072342,120.80112090195908,36.489155404269695,74.28842532038689,1.71132408734411,21410.500118255615,0.0,31.0,0.0,1.0,0.7376190476190476,0.5989892762154341,0.5883162748068571,0.03557665040716529,1.15
centered_full_action_dqn,814,58,109.88662368953229,120.39809986922339,38.20372427999973,71.68289994597436,1.6993443639948964,21920.311557769775,0.0,31.0,0.0,1.0,0.7330952380952381,0.6248908750712872,0.612132903188467,0.04252656036987901,1.15
centered_full_action_dqn,814,59,105.6017364114523,116.97151535807045,35.42366523295641,70.17807126045227,1.7096987450495362,20978.012367248535,0.0,29.0,0.0,0.0,0.7285714285714286,0.6467009782791138,0.6355427950620651,0.03719393163919449,1.15
centered_full_action_dqn,814,60,124.0139210538171,115.29174936479168,41.362388759851456,82.6515319661401,1.8343020658940077,24530.081573486328,0.0,34.0,7.0,2.0,0.724047619047619,0.5370897119864821,0.5244601182639599,0.04209865350276232,1.15
centered_full_action_dqn,814,61,117.6122369386837,114.83618124877333,38.49659179151058,79.11564534088822,1.7648186879232526,22409.99566268921,0.0,31.0,14.0,2.0,0.7195238095238095,0.46496302727609873,0.4541973816230893,0.035885489895008504,1.15
centered_full_action_dqn,814,62,129.21831601292098,115.55471936575005,45.3897617906332,83.82855457991565,1.8598199347034097,25965.943550109863,0.0,34.0,13.0,0.0,0.7150000000000001,0.7829323671758175,0.7708958406001329,0.04012176103424281,1.15
centered_full_action_dqn,814,63,92.02117262780666,114.24144564083645,32.74630369246006,59.274869456887245,1.5788971791043878,18783.712726593018,0.0,28.0,0.0,0.0,0.7104761904761905,0.7873911522328854,0.7748779430985451,0.041710705030709505,1.15
centered_full_action_dqn,814,64,114.05458231270313,114.45815219766328,40.30773611366749,73.74684664607048,1.7736594919115305,23458.546382904053,0.0,32.0,0.0,0.0,0.7059523809523809,0.6200820505619049,0.6071599666029215,0.04307360539678484,1.15
centered_full_action_dqn,814,65,115.94535878300667,114.83695425166616,38.24196100234985,77.70339758694172,1.724927849136293,22034.823625564575,0.0,35.0,0.0,0.0,0.7014285714285715,0.6554012261331081,0.642502773553133,0.042994855903089046,1.15
centered_full_action_dqn,814,66,112.94153099656106,115.38344328521619,39.69690963625908,73.24462147951127,1.7975638071075082,23443.295064926147,0.0,30.0,0.0,1.0,0.6969047619047619,0.6213436052203178,0.6088534295558929,0.04163391375914216,1.15
centered_full_action_dqn,814,67,97.20265032351017,115.27361532187888,34.470593109726906,62.73205754160881,1.6601394452154636,19999.57416534424,0.0,27.0,0.0,0.0,0.6923809523809523,0.6697187479585409,0.6566101163625717,0.0436954393517226,1.15
centered_full_action_dqn,814,68,113.55734947323799,114.96050205184945,37.63100964576006,75.92633880674839,1.7069885022938251,21524.421096801758,0.0,33.0,0.0,0.0,0.687857142857143,0.6188919600099325,0.6067417757585645,0.040500634466297925,1.15
centered_full_action_dqn,814,69,120.51394436061382,114.4217104109679,41.89239937067032,78.62154488563537,1.82197739277035,23876.037704467773,0.0,33.0,0.0,3.0,0.6833333333333333,0.6398267392069101,0.6273901322856545,0.04145537409931421,1.15
centered_full_action_dqn,814,70,176.27821287196076,116.61551144284792,42.9200554639101,133.3581574080506,1.836109446361661,24713.100288391113,0.0,35.0,42.0,3.0,0.6788095238095238,0.9054860062897205,0.8923226036131382,0.04387799324467778,1.15
centered_full_action_dqn,814,71,149.14174063523743,118.20388459651463,44.05971723794937,105.08202382942169,1.8673647614195943,25585.226306915283,0.0,36.0,21.0,1.0,0.6742857142857144,0.8101075831800699,0.7970628272742033,0.04348253598436713,1.15
centered_full_action_dqn,814,72,120.07046192884445,118.43463649949722,44.45453929901123,75.61592215299606,1.7606945633888245,24317.43544769287,0.0,32.0,0.0,1.0,0.6697619047619048,0.709446270018816,0.696632657200098,0.04271204851102084,1.15
centered_full_action_dqn,814,73,99.55000136047602,117.32044822736373,35.592577286064625,63.95742452144623,1.6151366839185357,20698.721199035645,0.0,29.0,0.0,1.0,0.6652380952380952,0.8089818833395839,0.7946137664839625,0.04789376328699291,1.15
centered_full_action_dqn,814,74,123.83283853828907,117.43216911575368,41.17364376783371,82.65919444262981,1.853299280628562,24220.38014602661,0.0,34.0,0.0,3.0,0.6607142857142857,0.5553993340581656,0.5407956345006824,0.048679006984457374,1.15
centered_full_action_dqn,814,75,114.21097927689553,118.03825849732928,40.662618309259415,73.54836132526398,1.7597735933959484,23600.778259277344,0.0,31.0,0.0,1.0,0.6561904761904762,0.643432374112308,0.6300697783008218,0.04454199643805623,1.15
centered_full_action_dqn,814,76,102.77741380035877,117.46043261683158,35.87232169508934,66.9050920009613,1.617612635716796,20184.949981689453,0.0,30.0,0.0,1.0,0.6516666666666667,0.685822962783277,0.6728369556367397,0.043286709347739816,1.15
centered_full_action_dqn,814,77,106.49087356925011,117.24609724825788,37.20877753198147,69.28209563493729,1.7816081140190363,22906.238975524902,0.0,29.0,0.0,1.0,0.6471428571428571,0.6789070190861821,0.6641198387369514,0.04929058765992522,1.15
centered_full_action_dqn,814,78,112.85706179738045,117.39461915365032,40.22355389595032,72.63350788652897,1.7930584968999028,23022.673797607422,0.0,31.0,0.0,2.0,0.6426190476190476,0.9774277713149786,0.9635950233787298,0.046109153889119625,1.15
centered_full_action_dqn,814,79,100.97613686323166,117.16333917623929,36.057506918907166,64.91863061487675,1.6156022474169731,20350.034004211426,0.0,28.0,0.0,0.0,0.6380952380952382,0.6983700823038816,0.6838867925107479,0.04827762162312865,1.15
centered_full_action_dqn,814,80,110.68168281018734,116.4967272640578,40.35099866986275,70.3306842893362,1.7263983096927404,22831.91047859192,0.0,30.0,0.0,1.0,0.6335714285714286,0.7407290954142809,0.7265867730602622,0.047141078626737,1.15
centered_full_action_dqn,814,81,109.37310619652271,116.08477072694973,37.299408718943596,72.07369753718376,1.706447098404169,21494.82538986206,0.0,33.0,0.0,1.0,0.6290476190476191,0.5849077021703124,0.5699871499091387,0.04973517986945808,1.15
centered_full_action_dqn,814,82,119.07798957824707,115.57775440521604,40.03713656961918,79.04085284471512,1.7802187949419022,23769.402854919434,0.0,33.0,0.0,0.0,0.6245238095238095,0.7257322389632463,0.7108755614608526,0.04952225275337696,1.15
centered_full_action_dqn,814,83,105.23134040385484,116.23826279401847,35.06796558946371,70.1633746355772,1.6441003233194351,19970.735008239746,0.0,30.0,0.0,2.0,0.62,0.7449779417365789,0.7311752531677485,0.046008951030671597,1.15
centered_full_action_dqn,814,84,108.45576099296595,115.95832172803162,40.40732802450657,68.04843281944777,1.7319017527624965,23198.778831481934,0.0,29.0,2.0,0.0,0.6154761904761905,0.6037701405584812,0.5899966629222035,0.04591158509720117,1.15
centered_full_action_dqn,814,85,111.06473898887634,115.7142907383251,38.3228000625968,72.74193891882896,1.6921876640990376,21423.656272888184,0.0,31.0,0.0,1.0,0.6109523809523809,0.880714125931263,0.8677472826093435,0.04322278662584722,1.15
centered_full_action_dqn,814,86,113.8001571148634,115.7572220442402,35.63973881304264,78.1604186296463,1.8317485647276044,22207.85772705078,0.0,32.0,0.0,0.0,0.6064285714285714,0.9344114996492863,0.9191501401364803,0.0508711903821677,1.15
centered_full_action_dqn,814,87,105.02440517544747,116.14830978683706,37.593004405498505,67.43140044212342,1.6788055263459682,21259.2091217041,0.0,29.0,0.0,1.0,0.6019047619047619,0.8595256078988314,0.845414343290031,0.04703754559159279,1.15
centered_full_action_dqn,814,88,121.42999862016667,116.5419422441835,37.87886920571327,83.55112959326735,1.7811645129695535,22356.75704574585,0.0,35.0,15.0,1.0,0.5973809523809523,0.7345229163765907,0.7184144724160433,0.05369482096284628,1.15
centered_full_action_dqn,814,89,124.17088967859745,116.7247895100827,41.025407150387764,83.1454827517271,1.7818941231817007,23938.857654571533,0.0,35.0,0.0,2.0,0.592857142857143,1.003364410251379,0.9882436841726303,0.050402465742081404,1.15
centered_full_action_dqn,814,90,114.53107797503472,113.6374327652364,36.47681415081024,78.05426343679429,1.7404073812067509,21623.510986328125,0.0,34.0,0.0,1.0,0.5883333333333334,0.83933449909091,0.8244279939681292,0.04968832898885012,1.15
centered_full_action_dqn,814,91,103.96616643667221,111.3786540553081,35.79975862056017,68.16640850901604,1.635777648538351,20200.767875671387,0.0,30.0,0.0,0.0,0.5838095238095238,0.7896973863244057,0.7754636406898499,0.04744580155238509,1.15
centered_full_action_dqn,814,92,102.68850563466549,110.50955624059915,31.40470464527607,71.28380089998245,1.6428247671574354,18599.57958984375,0.0,31.0,0.0,0.0,0.5792857142857144,0.6752058696001768,0.6595191098749638,0.052289201179519296,1.15
centered_full_action_dqn,814,93,100.404599763453,110.55228616074801,38.57499397546053,61.82960630953312,1.6989967618137598,22047.207176208496,0.0,26.0,0.0,0.0,0.5747619047619048,1.0055482294410467,0.9903078302741051,0.050801335368305445,1.15
centered_full_action_dqn,814,94,113.29479868710041,110.02538416818857,36.67240012437105,76.62239879369736,1.6845533875748515,21081.408561706543,0.0,32.0,0.0,2.0,0.5702380952380952,0.9170431401580572,0.90205118060112,0.04997318610548973,1.15
centered_full_action_dqn,814,95,107.88889537751675,109.70927997321965,36.198285177350044,71.69061048328876,1.6729393880814314,20717.145404815674,0.0,32.0,0.0,0.0,0.5657142857142857,0.8650722112506628,0.8492857590317726,0.05262150289490819,1.15
centered_full_action_dqn,814,96,102.18188212215901,109.67950338930966,35.678995333611965,66.50288625955582,1.6655230736359954,20726.038242340088,0.0,29.0,0.0,1.0,0.5611904761904762,0.7833013981580734,0.7697568256407976,0.045148542849346995,1.15
centered_full_action_dqn,814,97,96.50160487890244,109.18003995479228,30.31873309612274,66.18287094831467,1.616020048968494,17829.2013130188,0.0,28.0,0.0,2.0,0.5566666666666666,0.9687960892915726,0.9532221704721451,0.051913109607994556,1.15
centered_full_action_dqn,814,98,87.61378675699234,107.91787620277287,31.972710266709328,55.641076788306236,1.55340991076082,18452.187355041504,0.0,26.0,0.0,0.0,0.5521428571428572,0.9714871253818274,0.9558280324563384,0.05219695740379393,1.15
centered_full_action_dqn,814,99,103.65998257219792,108.05206848822118,36.936406537890434,66.72357603430748,1.7423953711986542,21591.73540878296,0.0,28.0,1.0,2.0,0.5476190476190477,0.8204355798661709,0.8054911773651838,0.049814705504104495,1.15
centered_full_action_dqn,814,100,108.82454402148724,107.95921154878617,33.73532962799072,75.08921375274659,1.6505217049270868,19317.672550201416,0.0,34.0,0.0,1.0,0.5430952380952381,0.6282235877588391,0.6145872231572866,0.04545457777567208,1.15
centered_full_action_dqn,814,101,99.78360165655613,107.47973632178784,35.471485897898674,64.31211560964584,1.6244052993133664,20164.284698486328,0.0,29.0,0.0,0.0,0.5385714285714286,0.995585011318326,0.9810707634314895,0.048380819382146,1.15
centered_full_action_dqn,814,102,82.66714058071375,105.65919387191119,29.346224136650562,53.32091657817364,1.4760284395888448,16610.229133605957,0.0,24.0,0.0,0.0,0.5340476190476191,0.9999516811221838,0.9851276781409979,0.04941338300704956,1.15
centered_full_action_dqn,814,103,99.48654311299325,105.37195400736809,36.20963795483112,63.27690491974354,1.671523118391633,20632.00961303711,0.0,29.0,0.0,1.0,0.5295238095238095,0.8265776317566633,0.8123037042096257,0.04757974133826792,1.15
centered_full_action_dqn,814,104,108.7041020333767,105.38437105938866,35.33819258213043,73.36590876579285,1.7180972369387746,20861.13698196411,0.0,32.0,0.0,2.0,0.525,0.7902574576437473,0.7736051650717854,0.055507587967440486,1.15
centered_full_action_dqn,814,105,110.03641875383298,105.33295504763646,37.909650564193726,72.12676894959847,1.7508820910006762,22072.53106689453,0.0,32.0,2.0,1.0,0.5204761904761905,0.960722585208714,0.9442938752472401,0.05476238136179745,1.15
centered_full_action_dqn,814,106,111.19826174676419,105.20286027923153,39.40519526600838,71.79306591451169,1.720720699056983,22232.728549957275,0.0,31.0,0.0,1.0,0.5159523809523809,1.1035720091313124,1.0890520941466093,0.04839975340291858,1.15
centered_full_action_dqn,814,107,117.51852752268314,105.82756639659328,38.14746876060963,79.37105852365494,1.7228958252817392,21301.98737335205,0.0,34.0,0.0,0.0,0.5114285714285716,0.8202985096722841,0.8058330742642283,0.04821811942383647,1.15
centered_full_action_dqn,814,108,83.1963949739933,103.91588621428464,32.07368418574333,51.12271117568016,1.51579334679991,18714.391162872314,0.0,26.0,0.0,1.0,0.506904761904762,0.7671023029834032,0.7532189302146435,0.04627792304381728,1.15
centered_full_action_dqn,814,109,112.649215772748,103.33980251899216,37.52513087540865,75.12408465147018,1.733463336713612,21719.986267089844,0.0,31.0,0.0,0.0,0.5023809523809524,1.3167483247816563,1.3020520135760307,0.04898773692548275,1.15
centered_full_action_dqn,814,110,113.34355089068413,103.28042616477462,36.14791543781757,77.19563490152359,1.7239819495007396,21444.969398498535,0.0,32.0,0.0,0.0,0.4978571428571429,0.8472678512334824,0.8322466025128961,0.050070790108293295,1.15
centered_full_action_dqn,814,111,92.75347390770912,102.71979153832646,33.0077238753438,59.745750069618225,1.5700369654223323,19126.273628234863,0.0,27.0,0.0,1.0,0.4933333333333334,0.936845026910305,0.9196457723155618,0.05733084212988615,1.15
centered_full_action_dqn,814,112,107.43353767693043,102.95704314043971,36.91262136399746,70.52091637253761,1.7209869967773557,21378.179161071777,0.0,31.0,0.0,0.0,0.4888095238095238,0.8683743383735418,0.8532968685030937,0.0502582520712167,1.15
centered_full_action_dqn,814,113,107.02803374230862,103.28821483938248,35.93555448204279,71.09247964024544,1.670744564384222,20485.559547424316,0.0,31.0,0.0,1.0,0.4842857142857143,0.9494580551981926,0.9341176375746727,0.05113471974618733,1.15
centered_full_action_dqn,814,114,104.74437403678894,102.86069360686693,35.99893921613693,68.74543498456478,1.6277207722887397,20032.03123474121,0.0,31.0,0.0,0.0,0.4797619047619047,1.1143480855971575,1.0994723215699196,0.049585898872464895,1.15
centered_full_action_dqn,814,115,105.76121962070465,102.75430981902632,36.54595032334328,69.21526925265789,1.6288245152682066,20736.50145339966,0.0,30.0,0.0,0.0,0.47523809523809524,0.7457795813679695,0.732430774718523,0.04449601611122489,1.15
centered_full_action_dqn,814,116,101.14440716207028,102.70243607102188,34.887866854667664,66.25653996467591,1.6479625031352043,20241.731185913086,0.0,29.0,0.0,1.0,0.47071428571428575,1.1628436297178268,1.147270355373621,0.051910921931266785,1.15
centered_full_action_dqn,814,117,118.5472341477871,103.8047175344661,40.98794385790825,77.55928984284401,1.774742471985519,23115.091583251953,0.0,33.0,0.0,0.0,0.46619047619047627,1.1705967169255018,1.1549362521618605,0.05220153904519975,1.15
centered_full_action_dqn,814,118,105.86728778034448,104.71739258563373,36.91595375537872,68.95133366733789,1.657556670717895,20809.79242706299,0.0,30.0,0.0,2.0,0.46166666666666667,0.9375642407685518,0.9236011728644371,0.046543563483282924,1.15
centered_full_action_dqn,814,119,76.77450347840787,103.37311863094422,26.693848706781864,50.08065486848354,1.479165074415505,15425.152660369873,0.0,25.0,0.0,1.0,0.4571428571428572,1.0147736687213182,0.9981501456350088,0.05541177303530276,1.15
centered_full_action_dqn,814,120,110.8246002972126,103.47312144473048,37.893194392323494,72.93140548765659,1.7138974629342556,21872.650882720947,0.0,31.0,0.0,3.0,0.4526190476190477,0.8127880860120058,0.797379344701767,0.05136246886104345,1.15
centered_full_action_dqn,814,121,107.45029889792204,103.85645630679878,38.55092027038336,68.89937862753868,1.7311577079817653,21905.03562927246,0.0,30.0,0.0,1.0,0.4480952380952381,0.9299110919237137,0.9155266620218754,0.04794806940481067,1.15
centered_full_action_dqn,814,122,97.499023103714,104.59805043294878,33.24346545338631,64.25555781424046,1.5808951519429684,18930.858989715576,0.0,30.0,0.0,1.0,0.4435714285714286,1.0286386087536812,1.013540405780077,0.05032732174731791,1.15
centered_full_action_dqn,814,123,99.79203023016453,104.61332478880736,36.373648911714554,63.41838124394417,1.642481486313045,20737.391304016113,0.0,28.0,0.0,0.0,0.439047619047619,0.8958526998758316,0.8808737155050039,0.049929925124160945,1.15
centered_full_action_dqn,814,124,100.15021187067032,104.18563028067203,33.45635522902012,66.69385603070259,1.5834913654252887,18972.06241607666,0.0,28.0,0.0,1.0,0.43452380952380953,0.8648331742733717,0.8512618225067854,0.04523782467003912,1.15
centered_full_action_dqn,814,125,106.4414181560278,104.00588025078177,33.6903226301074,72.75109577178955,1.6776906587183475,19956.191928863525,0.0,30.0,0.0,0.0,0.43000000000000005,1.3409424722194672,1.323864210397005,0.0569275536108762,1.15
centered_full_action_dqn,814,126,106.2827258259058,103.76010345473885,38.883588686585426,67.39913710951805,1.73811493255198,22280.661502838135,0.0,29.0,0.0,0.0,0.42547619047619056,1.0448685716837645,1.0307533647865057,0.04705068003386259,1.15
centered_full_action_dqn,814,127,95.10387513041496,102.63937083512545,33.62450270354748,61.47937262058258,1.5950586553663015,19119.569423675537,0.0,27.0,0.0,1.0,0.42095238095238097,1.217922642827034,1.2028308548033237,0.050305954180657864,1.15
centered_full_action_dqn,814,128,109.41988952457905,103.95054556265472,37.22261564433575,72.19727382063866,1.683763351291418,21205.767204284668,0.0,31.0,0.0,1.0,0.41642857142857137,0.9415102247148752,0.928633775562048,0.04292146768420935,1.15
centered_full_action_dqn,814,129,118.83416123986244,104.25979283601046,41.612352289259434,77.22180924117565,1.7714149774983525,23439.70154953003,0.0,33.0,0.0,3.0,0.4119047619047619,0.9793275967240334,0.9662447404116392,0.04360952787101269,1.15
centered_full_action_dqn,814,130,105.13878630250693,103.8495546066016,36.24741020053625,68.89137571454049,1.6695728600025177,20511.692798614502,0.0,30.0,0.0,2.0,0.4073809523809524,0.8511849269270897,0.8370145298540592,0.04723466280847788,1.15
centered_full_action_dqn,814,131,98.08807042241096,104.1162844323367,36.155756399035454,61.93231409788132,1.5730184623971581,20384.157302856445,0.0,26.0,0.0,0.0,0.4028571428571429,0.9970580600202084,0.9814113862812519,0.05215556547045708,1.15
centered_full_action_dqn,814,132,81.27079748511315,102.80814742274583,31.111698284745216,50.159099319577216,1.4770492613315582,17303.940002441406,0.0,23.0,0.0,1.0,0.39833333333333343,1.2108988240361214,1.196272138506174,0.0487556227017194,1.15
centered_full_action_dqn,814,133,92.34024098813533,102.07375778503716,34.38317306339741,57.957067507505414,1.6097840247675776,19906.503093719482,0.0,24.0,0.0,2.0,0.39380952380952383,1.2001032941043377,1.1841625235974789,0.05313589237630367,1.15
centered_full_action_dqn,814,134,103.11097753793001,101.99208796009421,33.834817968308926,69.27615961432457,1.6183220678940415,19445.91011428833,0.0,29.0,0.0,0.0,0.38928571428571423,1.0538172591477633,1.0384252071380615,0.05130685039330274,1.15
centered_full_action_dqn,814,135,94.49337060749531,101.42869550943375,31.9924955368042,62.50087487697601,1.6033735126256943,18130.647716522217,0.0,28.0,0.0,0.0,0.38476190476190475,0.897415011189878,0.8832234926521778,0.04730505624320358,1.15
centered_full_action_dqn,814,136,92.38367054015399,100.99065867833794,31.47737145423889,60.906298571825026,1.543699586763978,17844.83718109131,0.0,26.0,0.0,1.0,0.38023809523809526,0.9982160590589046,0.9839119762182236,0.047680230345577,1.15
centered_full_action_dqn,814,137,116.48758835792542,100.88767638884487,40.509036272764206,75.97855215966702,1.7747379895299673,23240.91519165039,0.0,33.0,0.0,3.0,0.3757142857142858,1.1035252511501312,1.090010680258274,0.04504857771098614,1.15
centered_full_action_dqn,814,138,82.43605805933475,99.71611490279437,29.028291203081608,53.40776723623276,1.4747104002162814,16304.309257507324,0.0,24.0,0.0,0.0,0.3711904761904763,0.9905184973031282,0.9753309283405542,0.05062525859102607,1.15
centered_full_action_dqn,814,139,86.11751569062471,100.18326551340522,32.67169178277254,53.44582402706146,1.50182718411088,17976.574226379395,0.0,24.0,0.0,0.0,0.3666666666666667,0.930881891399622,0.9165178686380386,0.04788003023713827,1.15
centered_full_action_dqn,814,140,75.15240200161934,98.39965559862554,28.337193801999092,46.81520848274231,1.503251594491303,16528.092178344727,0.0,22.0,0.0,2.0,0.3621428571428572,0.9403889514505863,0.9253792650997639,0.05003232811577618,1.15
centered_full_action_dqn,814,141,92.46318545937538,97.65029992669821,31.494184732437134,60.96900050342083,1.5573530597612262,17956.11594772339,0.0,28.0,0.0,0.0,0.3576190476190476,1.0875233616679907,1.0732558779418468,0.0475582618964836,1.15
centered_full_action_dqn,814,142,78.35294517874718,96.69299603044986,28.8685182929039,49.48442651331425,1.5004725037142634,16529.21351623535,0.0,23.0,0.0,0.0,0.35309523809523813,1.0156494118273258,1.0002109333872795,0.05146161071024835,1.15
centered_full_action_dqn,814,143,91.06413775086403,96.25660140648485,32.498557686805725,58.56558030247688,1.5779226273298264,18343.675704956055,0.0,26.0,0.0,1.0,0.34857142857142864,0.894172765314579,0.8801835179328918,0.04663083504419774,1.15
centered_full_action_dqn,814,144,121.40687130391598,97.31943437814712,42.19604113698006,79.21083098649979,1.8059443226084113,23747.49500656128,0.0,33.0,0.0,0.0,0.34404761904761905,0.8678850289434195,0.8528058044612408,0.05026405164971948,1.15
centered_full_action_dqn,814,145,109.3239326030016,97.46356010049581,37.94733290374279,71.37659984827042,1.7757486114278436,22417.828300476074,0.0,30.0,0.0,0.0,0.33952380952380956,0.9700434189289808,0.9549161195755005,0.05042433808557689,1.15
centered_full_action_dqn,814,146,93.7310279533267,96.83597520686686,32.72742839157581,61.00359910726547,1.5908168880268931,18484.198810577393,0.0,27.0,0.0,0.0,0.3350000000000001,1.1426963433623314,1.1291645281016827,0.04510602925438434,1.15
centered_full_action_dqn,814,147,91.42537045478821,96.65204997308551,33.819879338145256,57.605491518974304,1.571134771220386,18697.36211013794,0.0,25.0,0.0,1.0,0.3304761904761905,0.9812561310827732,0.9662323296070099,0.05007931916043162,1.15
centered_full_action_dqn,814,148,89.7042415380478,95.66626757375896,31.510991595685482,58.19325020313263,1.5638362569734454,18040.387565612793,0.0,25.0,0.0,3.0,0.325952380952381,1.2726134676486254,1.2570370770990849,0.05192125937901437,1.15
centered_full_action_dqn,814,149,93.17658714354039,94.38338886894287,35.52769988775253,57.648886972665785,1.6344290124252439,20100.7303276062,0.0,26.0,0.0,1.0,0.3214285714285714,1.1500889137387276,1.1356999538838863,0.04796316067222506,1.15
centered_full_action_dqn,814,150,103.28808562457561,94.2908538350463,35.62741766870022,67.66066811978817,1.6536547429859638,20247.034141540527,0.0,30.0,0.0,0.0,0.3169047619047619,0.9107165466994047,0.8969501089304686,0.04588810564018786,1.15
centered_full_action_dqn,814,151,98.39071454107761,94.30598604097963,35.335029646754265,63.05568441748619,1.6570310117676854,20436.635417938232,0.0,27.0,0.0,0.0,0.3123809523809524,0.8565606102347374,0.8410363420844078,0.051747561316005886,1.15
centered_full_action_dqn,814,152,94.80770090371371,94.98283121190966,29.09288176894188,65.71481839716435,1.5389676336199045,16878.40623474121,0.0,30.0,0.0,3.0,0.30785714285714294,0.9336781557649374,0.9187133852392435,0.04988259403035045,1.15
centered_full_action_dqn,814,153,93.26322365105152,95.02898034505546,33.29074025154114,59.97248305678367,1.6481795608997345,19462.721794128418,0.0,28.0,0.0,4.0,0.30333333333333345,1.035848030820489,1.0214682891964912,0.047932457411661744,1.15
centered_full_action_dqn,814,154,104.69217948913574,95.10804044261575,33.511104330420494,71.18107481598854,1.615584327839315,18674.59348297119,0.0,32.0,0.0,2.0,0.29880952380952375,1.2974599078297615,1.2814348246902227,0.053416920360177755,1.15
centered_full_action_dqn,814,155,100.15897256433963,95.39132054045795,32.88959763199091,67.26937543153763,1.6136199003085494,18742.685596466064,0.0,31.0,0.0,2.0,0.29428571428571426,1.0637142229825258,1.0489775110036135,0.049122393829748034,1.15
centered_full_action_dqn,814,156,105.48960375785828,96.04661720134317,36.534602627158165,68.95500114560127,1.6519251028075814,20387.742485046387,0.0,30.0,0.0,1.0,0.2897619047619048,1.4438305869698524,1.4302991665899754,0.045104736695066094,1.15
centered_full_action_dqn,814,157,97.69403319209815,95.10693944305181,30.794156827032566,66.89987635016442,1.5886486060917377,18231.101936340332,0.0,28.0,0.0,2.0,0.2852380952380953,1.1871339194476604,1.1719930097460747,0.050469617592170835,1.15
centered_full_action_dqn,814,158,94.37039961069823,95.70365652062,32.66378606110811,61.70661302804947,1.609221687540412,18733.958477020264,0.0,27.0,0.0,2.0,0.2807142857142858,0.9613273646682501,0.9474227670580149,0.046348665840923786,1.15
centered_full_action_dqn,814,159,93.92274586856365,96.09391802951696,33.44765576720238,60.47508978843689,1.5544331828132272,19010.442962646484,0.0,27.0,0.0,1.0,0.2761904761904763,1.1985331736505032,1.1820532735437155,0.054933019913733006,1.15
centered_full_action_dqn,814,160,88.66071017384529,96.76933343812824,31.240912526845932,57.419797706604,1.5246744537726045,18015.39416885376,0.0,24.0,0.0,2.0,0.2716666666666666,1.0258603915572166,1.0110764354467392,0.04927982238586992,1.15
centered_full_action_dqn,814,161,103.16987803131342,97.30466806672514,36.45476009696722,66.71511814296245,1.662086215801537,20357.186679840088,0.0,29.0,0.0,3.0,0.2671428571428571,0.961437763646245,0.9484941679984331,0.043145291274413466,1.15
centered_full_action_dqn,814,162,102.20778221786023,98.4974099186808,35.36564543843269,66.84213718175889,1.6636319030076265,20115.11562728882,0.0,29.0,0.0,1.0,0.26261904761904764,0.81383416056633,0.7998216953128576,0.0467082227114588,1.15
centered_full_action_dqn,814,163,92.41415922343731,98.56491099230945,31.43088113516569,60.983278408646584,1.5328915510326624,17969.62484741211,0.0,26.0,0.0,1.0,0.25809523809523816,0.9634632188826799,0.949443630874157,0.046731989830732346,1.15
centered_full_action_dqn,814,164,105.71860222518444,97.78049753837288,33.985843792557716,71.73275768756866,1.7322687739506364,20196.32151031494,0.0,29.0,0.0,2.0,0.25357142857142867,1.0501921568065882,1.0342438202351332,0.05316111072897911,1.15
centered_full_action_dqn,814,165,83.6500051125884,96.49680116385221,31.861397810280323,51.78860742151737,1.5355242285877466,18005.08983230591,0.0,24.0,0.0,2.0,0.24904761904761907,0.9910442940890789,0.9775326997041702,0.045038649113848805,1.15
centered_full_action_dqn,814,166,70.18118032366037,95.31930878236889,26.389447204768658,43.79173358082771,1.4391328115016222,15025.488540649414,0.0,21.0,0.0,2.0,0.2445238095238096,1.0215915590524673,1.007459606975317,0.04710650723427534,1.15
centered_full_action_dqn,814,167,106.08282276391984,96.05218139782548,33.85133996605873,72.23148369193078,1.647335059940815,19577.41902923584,0.0,29.0,0.0,3.0,0.24,1.1739541850984097,1.1588790323585272,0.05025049042887986,1.15
centered_full_action_dqn,814,168,84.76512182056904,95.80522541195154,29.690534435212612,55.07458770573139,1.5184713611379266,16845.62501144409,0.0,26.0,0.0,4.0,0.2354761904761905,1.3421467188745737,1.3278622422367334,0.04761494719423354,1.15
centered_full_action_dqn,814,169,92.26145212501288,95.75946866102518,31.953506715595722,60.30794560313225,1.5916874157264829,18286.30062866211,0.0,28.0,0.0,1.0,0.23095238095238102,1.3812449052929878,1.3677901364862919,0.044849205180071294,1.15
centered_full_action_dqn,814,170,95.59136085510254,95.37463242255151,34.76768855750561,60.82367278933525,1.6122626969590783,19761.855812072754,0.0,26.0,0.0,3.0,0.22642857142857142,0.9405888896435499,0.926314227283001,0.0475822314620018,1.15
centered_full_action_dqn,814,171,112.07599602043629,96.05889649651945,37.39219915866852,74.68379687666894,1.6634249482303858,21054.12677001953,0.0,32.0,0.0,2.0,0.22190476190476194,1.2606302294880152,1.2458851970732212,0.04915007669478655,1.15
centered_full_action_dqn,814,172,70.42779113352299,94.83990100800992,27.548469550907612,42.87932187318802,1.458965870551765,15755.81718826294,0.0,22.0,0.0,0.0,0.21738095238095245,1.2180407028645277,1.201946983113885,0.053645754465833306,1.15
centered_full_action_dqn,814,173,94.7429120093584,94.91388542592526,32.92357383668423,61.819337613880634,1.594607261940837,18457.36296081543,0.0,27.0,0.0,2.0,0.21285714285714286,1.3526969365775585,1.3371065333485603,0.05196800036355853,1.15
centered_full_action_dqn,814,174,86.48023680746556,94.00328829184176,28.55353707075119,57.92670012414455,1.5047973450273275,16478.780548095703,0.0,26.0,0.0,1.0,0.20833333333333337,1.1750901602208614,1.1590826474130154,0.05335836298763752,1.15
centered_full_action_dqn,814,175,76.69445243477821,92.83006228536367,27.41222757101059,49.28222471475601,1.465411139652133,15784.664695739746,0.0,23.0,0.0,0.0,0.20380952380952377,1.4848959296941757,1.4697544164955616,0.05047177360393107,1.15
centered_full_action_dqn,814,176,106.02521901130676,92.8568430480361,34.74708795547485,71.27813147306442,1.6589765287935734,19848.665355682373,0.0,31.0,0.0,2.0,0.1992857142857143,1.116078469902277,1.1014895364642143,0.048629829310812056,1.15
centered_full_action_dqn,814,177,93.08903062343597,92.626592919603,30.526310071349144,62.56272053718567,1.5773145910352468,17650.429683685303,0.0,27.0,0.0,0.0,0.1947619047619048,1.3523848056793213,1.3365581724792719,0.05275544407777488,1.15
centered_full_action_dqn,814,178,95.93600255697966,92.70487306691706,32.62673441320658,63.30926796495915,1.577759032137692,18523.037826538086,0.0,27.0,0.0,6.0,0.19023809523809532,1.1364767793565989,1.1223610658198595,0.047052348498255014,1.15
centered_full_action_dqn,814,179,90.0023647248745,92.50885400973262,30.884587071835995,59.11777727305889,1.5515273483470082,17574.040683746338,0.0,27.0,0.0,0.0,0.18571428571428583,1.2813796065747738,1.2659089472144842,0.051568879978731275,1.15
centered_full_action_dqn,814,180,94.0737392693758,92.77950546450913,31.684611454606056,62.389127948880194,1.558334730565548,17916.67880821228,0.0,29.0,0.0,1.0,0.18119047619047624,1.2342031560838223,1.2186858002096415,0.051724513061344624,1.15
centered_full_action_dqn,814,181,87.74124046862126,92.00807358637454,29.09527947753668,58.64596159458161,1.536414884030819,16967.728981018066,0.0,27.0,0.0,3.0,0.17666666666666664,1.0024101380258799,0.987748745828867,0.04887127876281738,1.15
centered_full_action_dqn,814,182,78.81965609639883,90.83866728030145,28.7463356629014,50.073320269584656,1.480065869167447,16467.78765487671,0.0,23.0,0.0,1.0,0.17214285714285715,1.0614842996001244,1.0463232230395079,0.05053690425120294,1.15
centered_full_action_dqn,814,183,103.48921247720719,91.39241994298996,34.604990884661674,68.88422162234784,1.6388522861525416,19609.486015319824,0.0,31.0,0.0,2.0,0.16761904761904767,1.2318372819572687,1.2177848694846034,0.04684135620482266,1.15
centered_full_action_dqn,814,184,94.7658954948187,90.84478460647168,32.31325040012598,62.45264513194561,1.617992757819593,18647.41837310791,0.0,27.0,0.0,1.0,0.16309523809523818,1.1855159625411034,1.1712551172822714,0.04753610957413912,1.15
centered_full_action_dqn,814,185,64.47424948513508,89.885996825099,24.297226168215275,40.17702359259128,1.36167611181736,13707.552997589111,0.0,21.0,0.0,2.0,0.1585714285714287,1.1031074859201908,1.0889291409403086,0.04726116475649178,1.15
centered_full_action_dqn,814,186,69.91787521094084,89.87283156946303,29.301749639213085,40.61612554192543,1.4646798707544804,16521.140464782715,0.0,21.0,0.0,2.0,0.1540476190476191,1.1068770699203014,1.0922333728522062,0.048812310211360455,1.15
centered_full_action_dqn,814,187,106.11551640480756,89.87446625150741,35.02388586848974,71.09163032770157,1.6513274032622576,20025.614933013916,0.0,30.0,0.0,2.0,0.1495238095238095,1.386995965614915,1.3706209771335125,0.054583272081799805,1.15
centered_full_action_dqn,814,188,105.33869928270579,90.90314512461424,35.695180125534534,69.64351911246777,1.66000275593251,20104.041721343994,0.0,30.0,0.0,2.0,0.14500000000000002,1.2305186334997416,1.214114336296916,0.05468099284917116,1.15
centered_full_action_dqn,814,189,77.990283498168,90.18958669327199,27.183891266584396,50.806391993165015,1.447716824710369,15445.526233673096,0.0,24.0,0.0,2.0,0.14047619047619053,1.3434988856315613,1.326525941491127,0.05657647573389113,1.15
centered_full_action_dqn,814,190,86.17174872159958,89.71860608659686,32.25560477375984,53.916143798828124,1.572062136605382,18154.106369018555,0.0,24.0,0.0,3.0,0.13595238095238105,1.2287072353065014,1.2134258784353733,0.050937851425260305,1.15
centered_full_action_dqn,814,191,98.22181952297687,89.02589726172388,35.28816343843937,62.93365638256073,1.6773140793666244,20196.274871826172,0.0,28.0,0.0,3.0,0.13142857142857145,1.056739429011941,1.0415769796818495,0.05054149334318936,1.15
centered_full_action_dqn,814,192,83.03625056147575,89.65632023312153,30.120233327150345,52.91601750254631,1.5581274647265673,17430.918300628662,0.0,24.0,0.0,0.0,0.12690476190476196,1.2928262948989868,1.277600958943367,0.05075108422897756,1.15
centered_full_action_dqn,814,193,85.4169949516654,89.19002438023686,30.74978006631136,54.667215183377266,1.51779761351645,16998.05760192871,0.0,24.0,0.0,1.0,0.12238095238095237,1.125593587756157,1.1099855601787567,0.05202676507178694,1.15
centered_full_action_dqn,814,194,96.43400571644307,89.68771282568574,31.32620270550251,65.10780251920224,1.5573966996744275,17824.101669311523,0.0,30.0,0.0,1.0,0.11785714285714288,1.0439827907830477,1.028154605999589,0.05276059219613671,1.15
centered_full_action_dqn,814,195,65.38246957361699,89.12211368262768,26.488482147455215,38.893987172842024,1.4492470119148493,15255.327564239502,0.0,20.0,0.0,2.0,0.1133333333333334,1.4819431584328413,1.465709526091814,0.05411213147453964,1.15
centered_full_action_dqn,814,196,94.9770147651434,88.56970347031952,33.33451582491398,61.64249885082245,1.6036824258044362,18449.81661605835,0.0,28.0,0.0,0.0,0.1088095238095238,1.1336650922894478,1.1173392720520496,0.05441938585136086,1.15
centered_full_action_dqn,814,197,70.80862697213888,87.45568328775467,26.661311835050583,44.1473149061203,1.4330658754333854,15172.771589279175,0.0,22.0,0.0,0.0,0.10428571428571431,1.2922735959291458,1.2764777392148972,0.05265287263318896,1.15
centered_full_action_dqn,814,198,80.24869825839997,86.67131807282568,30.91150364279747,49.337194153666495,1.5380972418934107,17400.85304260254,0.0,23.0,0.0,2.0,0.09976190476190483,1.0316389482468367,1.0183195993304253,0.04439780558459461,1.15
centered_full_action_dqn,814,199,89.73140002042055,86.65776983760297,30.858932837843895,58.8724674731493,1.5696098301559687,18100.860082626343,0.0,28.0,0.0,1.0,0.09523809523809534,1.334333710372448,1.3190764002501965,0.05085767968557775,1.15
centered_full_action_dqn,814,200,81.23820635676384,86.01599319197238,28.92373839020729,52.314467787742615,1.5138669237494469,16717.63784790039,0.0,24.0,0.0,0.0,0.09071428571428575,1.3143163472414017,1.3007092587649822,0.045356959104537964,1.15
centered_full_action_dqn,814,201,87.82046516239643,86.01995442666114,29.460919842123985,58.35954546928406,1.5272128600627184,16664.66721725464,0.0,26.0,0.0,0.0,0.08619047619047626,0.9880457073450089,0.9739261101931334,0.0470653329975903,1.15
centered_full_action_dqn,814,202,78.32334173768758,85.99513870872558,27.587513379752636,50.73582834303379,1.497545256279409,15813.00962638855,0.0,23.0,0.0,2.0,0.08166666666666667,1.6798791028559208,1.6648139394819736,0.05021720356307924,1.15
centered_full_action_dqn,814,203,82.62984100282192,84.9521701350063,30.74250952899456,51.88733144402504,1.5302033759653568,17288.65766143799,0.0,24.0,0.0,2.0,0.07714285714285718,1.481482120230794,1.4658438917249441,0.052127375500276685,1.15
centered_full_action_dqn,814,204,80.73152209818363,84.25045146517455,29.36157764494419,51.36994408071041,1.488546752370894,16452.686305999756,0.0,25.0,0.0,0.0,0.0726190476190477,1.1913587469607592,1.1776846423745155,0.04558034450747073,1.15
centered_full_action_dqn,814,205,84.88723731935025,85.27110085688533,30.164758630096912,54.72247868180275,1.542150286026299,17269.678356170654,0.0,26.0,0.0,2.0,0.06809523809523821,1.2745885252952576,1.2588264048099518,0.052540437784045935,1.15
centered_full_action_dqn,814,206,77.60360430926085,85.65538731180132,28.830376893281937,48.773227244615555,1.5004812013357878,16453.38659095764,0.0,23.0,0.0,2.0,0.06357142857142861,1.3028353657573462,1.2866131961345673,0.05407394748181105,1.15
centered_full_action_dqn,814,207,86.31482674479484,84.66535282880069,30.854944065213203,55.4598824262619,1.562886438332498,17538.958854675293,0.0,25.0,0.0,2.0,0.059047619047619015,1.106570603325963,1.0927854906767607,0.04595036164391786,1.15
centered_full_action_dqn,814,208,88.42268477380276,83.81955210335553,30.597299948334694,57.825384959578514,1.5617355220019817,17633.352256774902,0.0,27.0,0.0,0.0,0.05452380952380953,1.3009898606687784,1.2865903824567795,0.0479982562828809,1.15
centered_full_action_dqn,814,209,78.44835238158703,83.84245554752648,29.28728846460581,49.1610631942749,1.5214089769870043,16809.172019958496,0.0,24.0,0.0,0.0,0.050000000000000044,1.4969083815813065,1.4836855251342058,0.044076218735426664,1.15
centered_full_action_dqn,814,210,94.67713318169118,84.26772477053106,35.48157276213169,59.19556059837341,1.6308896848931909,19787.084217071533,0.0,27.0,0.0,2.0,0.050000000000000044,1.1398804727941751,1.126066904515028,0.04604518227279186,1.15
centered_full_action_dqn,814,211,87.65021319836379,83.73914445430042,31.013165451586246,56.637048029899596,1.5735526494681835,17821.51056289673,0.0,26.0,0.0,2.0,0.050000000000000044,1.2471629232168198,1.2326630726456642,0.048332819482311606,1.15
centered_full_action_dqn,814,212,79.21683773696422,83.54817381307484,27.27660098671913,51.94023694396019,1.491784930229187,15799.689437866211,0.0,24.0,0.0,3.0,0.050000000000000044,1.1435422748327255,1.1271411590278149,0.05467036226764321,1.15
centered_full_action_dqn,814,213,68.19834600538016,82.68724136576057,26.281270407140255,41.91707546412945,1.4449305571615696,14961.349502563477,0.0,20.0,0.0,1.0,0.050000000000000044,1.0097913015633821,0.9951307307928801,0.04886854509823024,1.15
centered_full_action_dqn,814,214,81.56947706639767,81.9440149332583,29.128137171268463,52.44133958220482,1.4987086076289415,16156.847026824951,0.0,25.0,0.0,1.0,0.050000000000000044,1.2269449327141047,1.2121575810015202,0.04929116368293762,1.15
centered_full_action_dqn,814,215,91.82360226213932,83.2660715676844,30.3886913433671,61.43491120934486,1.5569113940000534,17366.69426727295,0.0,28.0,0.0,2.0,0.050000000000000044,1.1858052890747786,1.1718266811221838,0.04659538995474577,1.15
centered_full_action_dqn,814,216,81.75656513422727,82.60504908613862,28.555606611073017,53.20095856785774,1.4788939589634538,16089.686847686768,0.0,24.0,0.0,2.0,0.050000000000000044,1.0706701651215553,1.0558224692940712,0.04949231445789337,1.15
centered_full_action_dqn,814,217,57.835652589797974,81.95640036702156,25.00719914585352,32.828453466296196,1.3961975267156959,14012.194890975952,0.0,18.0,0.0,0.0,0.050000000000000044,1.1142802219837904,1.0995537284761667,0.04908832930959761,1.15
centered_full_action_dqn,814,218,65.38646676391363,81.21328879229723,24.245637834072113,41.1408289372921,1.3737933365628123,13920.435066223145,0.0,22.0,0.0,1.0,0.050000000000000044,1.1718624997884035,1.1570249274373055,0.04945855028927326,1.15
centered_full_action_dqn,814,219,84.68108414113522,80.96077299833297,29.307131454348564,55.373952984809875,1.5181988654658198,16653.3597946167,0.0,26.0,0.0,0.0,0.050000000000000044,1.2844574265182018,1.27031191252172,0.04715171433053911,1.15
centered_full_action_dqn,814,220,81.35187144875526,80.96645625293255,28.68845224380493,52.66341895163059,1.472555348649621,16096.010122299194,0.0,25.0,0.0,4.0,0.050000000000000044,1.3080062214285135,1.2934063281863928,0.04866629024036229,1.15
centered_full_action_dqn,814,221,82.78458055257798,80.71466202244163,29.003811568021774,53.780768597126006,1.532489168457687,16678.050617218018,0.0,24.0,0.0,3.0,0.050000000000000044,1.2827723436057568,1.268067840486765,0.049015017691999674,1.15
centered_full_action_dqn,814,222,78.67943561822176,80.73246671646834,26.573057912290096,52.10637749731541,1.440991641022265,14872.381656646729,0.0,24.0,0.0,0.0,0.050000000000000044,1.1527627296745777,1.1380492392927408,0.04904497298412025,1.15
centered_full_action_dqn,814,223,81.66795516014099,80.6843724243343,29.033288031816483,52.63466688990593,1.523630396462977,16627.172580718994,0.0,25.0,0.0,2.0,0.050000000000000044,1.141920616850257,1.1269557997584343,0.04988270322792232,1.15
centered_full_action_dqn,814,224,82.97805587947369,80.79669911339879,28.866991013288498,54.11106473207474,1.5081663746386766,16517.143503189087,0.0,25.0,0.0,1.0,0.050000000000000044,1.6882531102746725,1.6716430485248566,0.0553668572101742,1.15
centered_full_action_dqn,814,225,87.15596215426922,80.91013535514475,31.1148714274168,56.0410907715559,1.554546664468944,17570.47110557556,0.0,26.0,0.0,1.0,0.050000000000000044,1.421626728028059,1.4076254852116108,0.04667081928346306,1.15
centered_full_action_dqn,814,226,91.64724920094014,81.6123175997287,31.87130831927061,59.775940829515456,1.5919593712314963,18585.501474380493,0.0,28.0,0.0,1.0,0.050000000000000044,1.3920934423804283,1.3779540043324232,0.047131435479968786,1.15
centered_full_action_dqn,814,227,66.98881987631322,80.64601725630465,26.90933285653591,40.079486736655234,1.4335654331371188,15036.655090332031,0.0,20.0,0.0,1.0,0.050000000000000044,1.5852968953549862,1.567762253805995,0.05844886880367994,1.15
centered_full_action_dqn,814,228,79.40810191035271,80.19528811313214,27.94231742620468,51.465784633159636,1.4692171858623624,16148.633415222168,0.0,24.0,0.0,1.0,0.050000000000000044,1.6255447939038277,1.60885451734066,0.05563427275046706,1.15
centered_full_action_dqn,814,229,96.07838018238544,81.07678950317207,32.15772259235382,63.92065778374672,1.6065196143463254,18378.802284240723,0.0,29.0,0.0,2.0,0.050000000000000044,1.3652845937758684,1.352834364399314,0.04150071751791984,1.15
centered_full_action_dqn,814,230,76.6436647117138,80.17511607967319,28.374248258769512,48.26941647529602,1.458210146985948,15761.229749679565,0.0,24.0,0.0,1.0,0.050000000000000044,1.7312241848558187,1.7169908620417118,0.04744446952827275,1.15
centered_full_action_dqn,814,231,92.4855023175478,80.41688053563239,30.389338850975037,62.09616321325302,1.5384198892861605,17423.39687347412,0.0,28.0,0.0,1.0,0.050000000000000044,1.4559005126357079,1.4421206675469875,0.045932808658108115,1.15
centered_full_action_dqn,814,232,99.72064890265464,81.4420710939169,31.496717892587185,68.22393110692501,1.5522308675572276,17703.42269897461,0.0,31.0,0.0,2.0,0.050000000000000044,1.4043432623147964,1.391455389559269,0.04295958508737385,1.15
centered_full_action_dqn,814,233,88.54774662852287,82.45954112507403,31.499543897807598,57.04820288717747,1.577807955443859,18175.18505859375,0.0,27.0,0.0,0.0,0.050000000000000044,1.329592416062951,1.31532771140337,0.04754902864806354,1.15
centered_full_action_dqn,814,234,84.77318176925182,82.61972636021673,28.634643457829952,56.138538184762,1.4986701486632228,16115.796558380127,0.0,27.0,0.0,2.0,0.050000000000000044,1.5312820300459862,1.5148060657083988,0.05491985660046339,1.15
centered_full_action_dqn,814,235,91.77348501980305,82.61722049809991,29.15343064069748,62.620054721832275,1.5258085411041975,16697.990705490112,0.0,28.0,0.0,2.0,0.050000000000000044,1.4024419616907835,1.3883277904242277,0.04704718478024006,1.15
centered_full_action_dqn,814,236,67.48429922759533,81.90360720276831,26.201512552797794,41.2827864587307,1.4078951179981232,14538.408573150635,0.0,22.0,0.0,1.0,0.050000000000000044,0.9077503476291895,0.8925316631793976,0.05072893784381449,1.15
centered_full_action_dqn,814,237,90.02786888182163,83.51321801736951,30.971228659152985,59.05664041638374,1.5670913821086287,17661.664337158203,0.0,27.0,0.0,0.0,0.050000000000000044,1.4644283838570118,1.4503640457987785,0.04688115301541984,1.15
centered_full_action_dqn,814,238,80.5152707785368,84.26965821810067,29.16880102455616,51.3464693069458,1.5128194615244865,16703.943187713623,0.0,24.0,0.0,2.0,0.050000000000000044,1.3065741155296564,1.2898103930056095,0.05587908381130546,1.15
centered_full_action_dqn,814,239,91.09879267215729,84.59054364465177,30.325246140360832,60.773546144366264,1.538683569058776,17025.547302246094,0.0,28.0,0.0,1.0,0.050000000000000044,1.4370083846151829,1.4213892985135317,0.0520636192522943,1.15
centered_full_action_dqn,814,240,96.44304060488939,85.34510210245847,31.513968497514725,64.92907256186008,1.5783709976822138,17792.93893814087,0.0,29.0,0.0,5.0,0.050000000000000044,1.1499108299613,1.1366472356021404,0.04421198251657188,1.15
centered_full_action_dqn,814,241,75.52488147467375,84.98211714856328,28.1490533426404,47.375828206539154,1.481229686178267,15781.652500152588,0.0,23.0,0.0,1.0,0.050000000000000044,1.3284058198332787,1.3139522150158882,0.04817870073020458,1.15
centered_full_action_dqn,814,242,83.02693373858929,85.19949205458164,28.87820215523243,54.14873173236847,1.482528387568891,16337.223690032959,0.0,24.0,0.0,2.0,0.050000000000000044,1.4412537422031164,1.428106989711523,0.04382254043594003,1.15
centered_full_action_dqn,814,243,95.25823302567005,85.8790059478581,31.936249159276485,63.32198365032673,1.5900478372350335,18098.343742370605,0.0,28.0,0.0,1.0,0.050000000000000044,1.1277598645538092,1.114037999883294,0.04573955526575446,1.15
centered_full_action_dqn,814,244,84.61984253674746,85.96109528072179,31.627013452351093,52.992828980088234,1.5535192638635635,17769.050632476807,0.0,26.0,0.0,1.0,0.050000000000000044,1.1277957912534475,1.1134462542831898,0.047831797040998936,1.15
centered_full_action_dqn,814,245,80.15890102982522,85.61124222449959,28.36881133913994,51.790089243650435,1.4717337572947145,15660.941329956055,0.0,24.0,0.0,1.0,0.050000000000000044,1.6773282252252102,1.6631432436406612,0.04728323803283274,1.15
centered_full_action_dqn,814,246,81.3645992293954,85.09710972592237,30.59326320141554,50.77133602797985,1.5410800436511636,17354.551567077637,0.0,25.0,0.0,1.0,0.050000000000000044,1.1530054956674576,1.1399263720959425,0.043597048381343484,1.15
centered_full_action_dqn,814,247,76.0419816404581,85.5497678141296,28.194741815328598,47.84723946750164,1.4794802507385612,16221.52470779419,0.0,22.0,0.0,2.0,0.050000000000000044,1.3492510747164488,1.3360551446676254,0.04398639837745577,1.15
centered_full_action_dqn,814,248,72.5269414588809,85.20570979155602,26.524562910199165,46.00237898826599,1.4172392915934324,15179.6802444458,0.0,22.0,0.0,2.0,0.050000000000000044,1.2528696078807116,1.2371834516525269,0.05228719743900001,1.15
centered_full_action_dqn,814,249,78.9468188136816,84.3491317231208,27.72603477537632,51.22078388929367,1.4539773734286427,15186.504219055176,0.0,24.0,0.0,0.0,0.050000000000000044,1.4442810285836458,1.4294264018535614,0.04951541451737285,1.15
centered_full_action_dqn,814,250,68.94181931763887,83.96403945341706,28.296413905918598,40.6454057097435,1.4728371687233448,16170.300392150879,0.0,19.0,0.0,0.0,0.050000000000000044,1.3886188138276339,1.3762684296816587,0.04116794955916703,1.15
centered_full_action_dqn,814,251,86.56944045573474,83.6682363603264,29.607863537967205,56.96157691776752,1.5220283810049295,16866.20196533203,0.0,25.0,0.0,1.0,0.050000000000000044,1.4000664874911308,1.3862513843923807,0.04605034820269793,1.15
centered_full_action_dqn,814,252,76.47178018838167,82.50579292461278,28.12987880408764,48.341901674866676,1.471706616692245,15764.058170318604,0.0,24.0,0.0,1.0,0.050000000000000044,1.3135471120476723,1.2979998420923948,0.051824221620336175,1.15
centered_full_action_dqn,814,253,94.53973071277142,82.80539212882519,32.66245097666979,61.877279341220856,1.577906345948577,18406.29393386841,0.0,26.0,0.0,0.0,0.050000000000000044,1.4424997586756945,1.427874282002449,0.04875164187978953,1.15
centered_full_action_dqn,814,254,87.44915714859962,82.93919089779259,32.13350561261177,55.315650939941406,1.5369449239224195,17445.355125427246,0.0,26.0,0.0,1.0,0.050000000000000044,1.2130733542144299,1.1988990940153599,0.047247532987967134,1.15
centered_full_action_dqn,814,255,91.7948999851942,82.94026164606214,30.103365764021873,61.691534608602524,1.5502714989706874,17131.693786621094,0.0,27.0,0.0,1.0,0.050000000000000044,1.3714455887675285,1.3559990040957928,0.051488664932549,1.15
centered_full_action_dqn,814,256,77.80645502507687,83.45636943593622,28.31801663339138,49.488437646627425,1.449675596319139,15804.25605392456,0.0,23.0,0.0,2.0,0.050000000000000044,1.3722605966031551,1.3581742011010647,0.04695469047874212,1.15
centered_full_action_dqn,814,257,81.75630213320255,83.04279109850526,28.688977658748627,53.067324578762054,1.4702836303040385,15936.71244430542,0.0,24.0,0.0,1.0,0.050000000000000044,1.452155128121376,1.4365673884749413,0.051959107047878206,1.15
centered_full_action_dqn,814,258,89.53766179978848,83.49391064956785,31.382877677679062,58.15478407740593,1.5414164802059531,17785.930744171143,0.0,26.0,0.0,2.0,0.050000000000000044,1.113365713506937,1.099498813971877,0.046222983626648784,1.15
centered_full_action_dqn,814,259,84.89985656142235,83.18396384403111,32.10464492440224,52.79521110057831,1.5717052379623055,18433.384147644043,0.0,24.0,0.0,1.0,0.050000000000000044,1.3911504875868559,1.3769301399588585,0.047401129035279155,1.15
centered_full_action_dqn,814,260,90.56326563954353,82.8899750957638,31.42585378885269,59.13741173148155,1.5499237980693579,17588.065605163574,0.0,27.0,0.0,2.0,0.050000000000000044,1.4282010085880756,1.4145071506500244,0.04564613359980285,1.15
centered_full_action_dqn,814,261,86.71882890164852,83.44967246711255,30.13661539554596,56.58221332728863,1.5277186837047338,17100.07878112793,0.0,24.0,0.0,3.0,0.050000000000000044,1.2147486917674541,1.1996253933757544,0.0504110052715987,1.15
centered_full_action_dqn,814,262,92.67737791240215,83.93219467580317,28.874942801892757,63.8024346858263,1.5077560674399137,16298.857215881348,0.0,29.0,0.0,2.0,0.050000000000000044,1.285887023434043,1.2701436541974545,0.05247792322188616,1.15
centered_full_action_dqn,814,263,73.87859952747822,82.86321300089358,28.81158548593521,45.067014428973195,1.5014551831409335,16545.114349365234,0.0,21.0,0.0,3.0,0.050000000000000044,1.180636826902628,1.1677604038268328,0.042921422282233834,1.15
centered_full_action_dqn,814,264,80.13189157992602,82.63881545305252,28.967592023313046,51.164299392700194,1.4898339146748185,16148.732666015625,0.0,24.0,0.0,2.0,0.050000000000000044,1.6269586496055126,1.6134142652153969,0.045147941214963794,1.15
centered_full_action_dqn,814,265,89.8300910294056,83.12237495303154,31.23354084789753,58.59655004739761,1.571011078543961,18002.476280212402,0.0,27.0,0.0,0.0,0.050000000000000044,1.3427822031080723,1.3270140439271927,0.0525604949798435,1.15
centered_full_action_dqn,814,266,84.46284557878971,83.27728727050126,30.549195185303688,53.9136506319046,1.543003173545003,17829.878566741943,0.0,25.0,0.0,0.0,0.050000000000000044,1.1374089568853378,1.1229444667696953,0.0482149519957602,1.15
centered_full_action_dqn,814,267,76.38330265432596,83.29435332119466,29.218504086136818,47.16479851603508,1.4904854325577617,16305.495706558228,0.0,23.0,0.0,2.0,0.050000000000000044,2.0085146334022284,1.994044490158558,0.04823373490944505,1.15
centered_full_action_dqn,814,268,74.78790647983551,83.40740157224238,27.07685410231352,47.71105234026909,1.4645067546516657,15211.852523803711,0.0,22.0,0.0,3.0,0.050000000000000044,1.1798124704509974,1.1667399294674397,0.043575123767368495,1.15
centered_full_action_dqn,814,269,101.71269926577807,84.54569559484722,33.47827370464802,68.23442591130734,1.629039985127747,19011.491138458252,0.0,29.0,0.0,1.0,0.050000000000000044,1.530649671331048,1.5154269617050886,0.050742422230541706,1.15
centered_full_action_dqn,814,270,90.04636099338532,85.60092267863453,30.62987557053566,59.4164847522974,1.5542487297207117,17558.39826965332,0.0,28.0,0.0,2.0,0.050000000000000044,1.4097357410937548,1.396156795322895,0.04526317585259676,1.15
centered_full_action_dqn,814,271,87.92954513430595,85.6689279125631,31.764598295092583,56.164946749806404,1.5444307066500187,18095.65362930298,0.0,25.0,0.0,1.0,0.050000000000000044,1.5456626005470753,1.5307174399495125,0.04981724661774933,1.15
centered_full_action_dqn,814,272,84.04105898141862,86.04739185221494,28.152175299823284,55.888883063197135,1.4725520052015781,15772.604923248291,0.0,27.0,0.0,1.0,0.050000000000000044,1.817859124392271,1.8040792755782604,0.045932863373309374,1.15
centered_full_action_dqn,814,273,98.3150301963091,86.23615682639183,31.51291523873806,66.80211507678032,1.5864195274189115,17773.58893585205,0.0,29.0,0.0,1.0,0.050000000000000044,1.5124958772212267,1.4986804779618979,0.04605133878067136,1.15
centered_full_action_dqn,814,274,102.00967435538769,86.96418268673122,34.86933922022581,67.14033487439156,1.6516479346901178,20011.174686431885,0.0,29.0,0.0,0.0,0.050000000000000044,1.2320742197334766,1.2188380155712366,0.04412068799138069,1.15
centered_full_action_dqn,814,275,77.06367000639439,86.22762118779124,28.021958470344543,49.04171156585217,1.4705493757501245,16079.593147277832,0.0,22.0,0.0,3.0,0.050000000000000044,1.7658604364842176,1.7485744170844555,0.05762015865184367,1.15
centered_full_action_dqn,814,276,86.9273660644889,86.68366673976183,31.632926635444164,55.294439727067946,1.5673017241060734,18107.964420318604,0.0,24.0,0.0,2.0,0.050000000000000044,1.0503686014562845,1.0377657935023308,0.042009366909042,1.15
centered_full_action_dqn,814,277,101.83338197469712,87.68752073183657,35.92115171253681,65.91223009824753,1.6672092787921429,20484.908073425293,0.0,29.0,0.0,1.0,0.050000000000000044,1.3725616298615932,1.3596812672913074,0.0429345389129594,1.15
centered_full_action_dqn,814,278,91.1939492315054,87.77033510342241,32.43433125317097,58.759618335962294,1.63092175219208,18546.567169189453,0.0,26.0,0.0,1.0,0.050000000000000044,1.948915634304285,1.936039749532938,0.04291963833384216,1.15
centered_full_action_dqn,814,279,65.45673988163472,86.79817926943304,24.61794187873602,40.838798308372496,1.381093324162066,13843.535154342651,0.0,19.0,0.0,2.0,0.050000000000000044,1.2318886145949364,1.2202450837939978,0.0388117169495672,1.15
centered_full_action_dqn,814,280,90.8444101780653,86.81223649635913,31.009217277169228,59.83519254326821,1.556123722344637,17287.86294555664,0.0,27.0,0.0,3.0,0.050000000000000044,1.8155813310295343,1.803070355206728,0.04170320532284677,1.15
centered_full_action_dqn,814,281,82.43313335627317,86.59795171909036,30.167264685034752,52.26586912572384,1.5207977835088968,16938.78498840332,0.0,26.0,0.0,0.0,0.050000000000000044,1.5298193581402302,1.5155010763555765,0.04772755049634725,1.15
centered_full_action_dqn,814,282,99.93306139111519,86.960735893026,31.627619370818138,68.30544227361679,1.5814295867457986,17837.371826171875,0.0,30.0,0.0,2.0,0.050000000000000044,1.3083244878798723,1.2936096210032701,0.04904957301914692,1.15
centered_full_action_dqn,814,283,59.00385855436325,86.21699884437025,24.59815715253353,34.40570155084133,1.380865229293704,13580.616786956787,0.0,20.0,0.0,2.0,0.050000000000000044,1.2116128522902727,1.1984831057488918,0.04376584279816598,1.15
centered_full_action_dqn,814,284,98.59881895780563,87.14034521326423,31.802037745714188,66.79678139090538,1.6025005616247654,18427.370252609253,0.0,30.0,0.0,0.0,0.050000000000000044,1.3184790257364511,1.3043712060898542,0.047026079846546054,1.15
centered_full_action_dqn,814,285,81.72967944294214,86.73532463394106,28.262120224535465,53.467558830976486,1.4698646981269121,15910.113361358643,0.0,24.0,0.0,1.0,0.050000000000000044,1.4402977284044027,1.425197932869196,0.05033269559498876,1.15
centered_full_action_dqn,814,286,67.73265609890223,85.89881515994668,27.201204873621464,40.53145182132721,1.436370282433927,14999.713321685791,0.0,22.0,0.0,1.0,0.050000000000000044,1.7267506904900074,1.7137188762426376,0.04343935754150152,1.15
centered_full_action_dqn,814,287,87.05783375501633,86.43254171498121,30.776448011398315,56.28138562440872,1.5600083488970995,17380.853580474854,0.0,25.0,0.0,2.0,0.050000000000000044,1.4712660014629364,1.458601402118802,0.042215317487716675,1.15
centered_full_action_dqn,814,288,95.01769594103098,87.44403118804098,32.85147700458765,62.16621915996075,1.539070568047464,17941.416370391846,0.0,27.0,0.0,1.0,0.050000000000000044,1.9082604125142097,1.8949075229465961,0.0445096418261528,1.15
centered_full_action_dqn,814,289,69.54514154195786,85.83565330184997,25.013278514146805,44.53186313211918,1.40555614605546,14155.511344909668,0.0,21.0,0.0,3.0,0.050000000000000044,1.6840637885034084,1.672074232250452,0.03996513062156737,1.15
centered_full_action_dqn,814,290,85.55956603586674,85.61131355397404,30.20078455656767,55.35878171026707,1.5449691070243716,16950.30802154541,0.0,27.0,0.0,1.0,0.050000000000000044,1.5821871738880873,1.5688184518367052,0.04456239799037576,1.15
centered_full_action_dqn,814,291,76.16237119734288,85.02295485712588,27.668582282960415,48.493789011240004,1.4852378349751234,16205.863763809204,0.0,23.0,0.0,1.0,0.050000000000000044,1.3012068327516317,1.2867242339998484,0.04827529052272439,1.15
centered_full_action_dqn,814,292,82.60665159672499,84.9512344878912,27.82219036668539,54.784461468458176,1.4755931729450822,15869.922142028809,0.0,25.0,0.0,1.0,0.050000000000000044,1.77146540209651,1.7578559406101704,0.045364882331341505,1.15
centered_full_action_dqn,814,293,55.905040042102335,82.83073498018086,24.383101135492325,31.521938921511172,1.3657811926677823,13492.965492248535,0.0,19.0,0.0,3.0,0.050000000000000044,1.3699726555496454,1.356869701296091,0.04367644083686173,1.15
centered_full_action_dqn,814,294,80.6743106096983,81.7639667928964,29.2990463078022,51.37526421248913,1.507777787744999,16657.88575363159,0.0,25.0,0.0,0.0,0.050000000000000044,1.651505934074521,1.637250166386366,0.04751922329887748,1.15
centered_full_action_dqn,814,295,90.2762068450451,82.42459363482894,31.70854341238737,58.567663648724555,1.5600441982969642,18053.43951034546,0.0,26.0,0.0,1.0,0.050000000000000044,1.6340420618653297,1.620155131444335,0.04628972942009568,1.15
centered_full_action_dqn,814,296,89.33300108611584,82.54487538591027,28.531425461173058,60.801575446128844,1.5083745159208775,16314.041156768799,0.0,28.0,0.0,2.0,0.050000000000000044,1.4581596869975328,1.4446466565132141,0.04504341445863247,1.15
centered_full_action_dqn,814,297,62.14090149253607,80.56025136180224,25.299792148172855,36.84110910594463,1.3944391999393702,14277.175773620605,0.0,18.0,0.0,1.0,0.050000000000000044,1.5111705213785172,1.4974628500640392,0.04569223534781486,1.15
centered_full_action_dqn,814,298,86.87736225873232,80.34442201316358,30.929038010537624,55.94832444190979,1.573205091059208,17670.84938812256,0.0,25.0,0.0,0.0,0.050000000000000044,1.4079440999776125,1.3932858053594828,0.048861032468266785,1.15
centered_full_action_dqn,814,299,76.89398524910212,80.91628428153695,29.56561330705881,47.32837224006653,1.5088916830718517,16554.584678649902,0.0,22.0,0.0,1.0,0.050000000000000044,1.4893722720444202,1.4764818623661995,0.04296802612952888,1.15
centered_full_action_dqn,814,300,81.23753117322921,80.43594033129513,27.864009328186512,53.37352218031883,1.4709323039278388,15820.72214126587,0.0,23.0,0.0,2.0,0.050000000000000044,1.8281345702707767,1.8144474029541016,0.045623924816027284,1.15
centered_full_action_dqn,814,301,75.39951308220625,80.08425931759179,27.31518169492483,48.084331163764,1.4483028640970588,15513.381414413452,0.0,22.0,0.0,2.0,0.050000000000000044,1.6698185708373785,1.6585055887699127,0.037709926138632,1.15
centered_full_action_dqn,814,302,87.499760620296,79.46259427905082,30.805184744298458,56.69457547366619,1.5516251660883427,17543.96375656128,0.0,25.0,0.0,0.0,0.050000000000000044,1.4986108541488647,1.4857456050813198,0.04288416402414441,1.15
centered_full_action_dqn,814,303,97.23203651010991,81.37400317683817,32.32171129435301,64.9103249102831,1.5648867385461926,18110.999099731445,0.0,30.0,0.0,1.0,0.050000000000000044,1.6449633315205574,1.63263756968081,0.04108594194985926,1.15
centered_full_action_dqn,814,304,96.36233497560025,81.2621789777279,31.470527723431587,64.8918067753315,1.584821654483676,17894.138290405273,0.0,29.0,0.0,1.0,0.050000000000000044,1.537395616993308,1.523493042215705,0.0463418485596776,1.15
centered_full_action_dqn,814,305,83.73148791640998,81.36226940140129,27.942606151103973,55.788881906867026,1.4588122814893723,15554.1042137146,0.0,25.0,0.0,2.0,0.050000000000000044,1.9296565391123295,1.9142477959394455,0.05136249051429331,1.15
centered_full_action_dqn,814,306,92.25515148341655,82.58839417062701,30.820018440485,61.43513271510601,1.558161179535091,17621.074810028076,0.0,28.0,0.0,2.0,0.050000000000000044,1.417231759056449,1.40254744887352,0.048947667703032494,1.15
centered_full_action_dqn,814,307,64.4299143359065,81.45699819967152,26.105682484805584,38.32423165738582,1.4043553778901696,14793.750205993652,0.0,20.0,0.0,2.0,0.050000000000000044,1.4996822364628315,1.4858433231711388,0.046129734721034765,1.15
centered_full_action_dqn,814,308,86.54193407297134,81.03321010626853,29.78894604742527,56.75298784673214,1.5533723710104823,17053.890258789062,0.0,25.0,0.0,0.0,0.050000000000000044,1.5023257248103619,1.4898011796176434,0.04174847016111016,1.15
centered_full_action_dqn,814,309,73.58413499593735,81.2351597789675,27.865137472748756,45.71899724006653,1.4716259138658643,16112.861312866211,0.0,21.0,0.0,0.0,0.050000000000000044,1.4457222670316696,1.4300127923488617,0.05236492143012583,1.15
centered_full_action_dqn,814,310,87.34211048483849,81.32428700141608,29.10519030690193,58.236920177936554,1.5159584246575832,16994.377033233643,0.0,29.0,0.0,1.0,0.050000000000000044,1.6235698126256466,1.6105419062078,0.04342638002708554,1.15
centered_full_action_dqn,814,311,87.13402105122805,81.87286949411035,31.483776435256004,55.65024447441101,1.5479077072814107,17324.318977355957,0.0,25.0,0.0,1.0,0.050000000000000044,1.4681944753974676,1.4556911401450634,0.04167779139243066,1.15
centered_full_action_dqn,814,312,88.06142536699772,82.14560818262399,30.92553871870041,57.135886096954344,1.5239858366549015,17535.886253356934,0.0,27.0,0.0,1.0,0.050000000000000044,1.5368918050080538,1.5208979696035385,0.05331283062696457,1.15
centered_full_action_dqn,814,313,84.5855755880475,83.57963495992126,29.500114381313324,55.08546085655689,1.5184507044032216,16698.13049507141,0.0,26.0,0.0,1.0,0.050000000000000044,1.8190504107624292,1.8062575571238995,0.04264287278056145,1.15
centered_full_action_dqn,814,314,85.40826425850392,83.81633264236153,30.5236933529377,54.88457112908363,1.549548658542335,17289.201614379883,0.0,25.0,0.0,1.0,0.050000000000000044,1.2582429349422455,1.2454497776925564,0.04264386720024049,1.15
centered_full_action_dqn,814,315,76.10227108001709,83.10763585411014,27.8062671944499,48.29600387811661,1.4501069765537977,15584.890979766846,0.0,23.0,0.0,0.0,0.050000000000000044,1.405124120414257,1.3926900699734688,0.04144689720124006,1.15
centered_full_action_dqn,814,316,84.05304929763079,82.8436382646859,30.785622410476208,53.2674261868,1.5273666139692068,16964.90164756775,0.0,24.0,0.0,2.0,0.050000000000000044,1.4324302691966295,1.4197339490056038,0.04232101561501622,1.15
centered_full_action_dqn,814,317,85.75748570263386,84.02446747519078,31.043298445641994,54.71418711543083,1.5501177739351988,17539.40842819214,0.0,25.0,0.0,1.0,0.050000000000000044,1.4157046508044004,1.4026126470416784,0.043640021700412035,1.15
centered_full_action_dqn,814,318,88.00652464032173,84.08092559427024,28.52644295990467,59.48008129298687,1.4953948482871056,16233.440464019775,0.0,26.0,0.0,3.0,0.050000000000000044,1.417663212865591,1.4043790847063065,0.044280414236709476,1.15
centered_full_action_dqn,814,319,70.21714849919081,83.74708375677469,26.3545957878232,43.86255298703909,1.407503622584045,14804.749660491943,0.0,22.0,0.0,1.0,0.050000000000000044,1.4903690367937088,1.4784621428698301,0.039689646451734006,1.15
centered_full_action_dqn,814,320,73.22345215976239,83.34637980610134,28.437646850943565,44.78580557703972,1.473365554586053,16088.381000518799,0.0,21.0,0.0,1.0,0.050000000000000044,1.415249042212963,1.4025925546884537,0.04218830540776253,1.15
centered_full_action_dqn,814,321,83.93925079703331,83.77336669184268,28.132536359131336,55.806714713573456,1.4942042920738459,15945.136756896973,0.0,25.0,0.0,1.0,0.050000000000000044,1.6532692778855562,1.6412688698619604,0.040001405170187354,1.15
centered_full_action_dqn,814,322,80.73077370971441,83.43491734631361,30.647791050374508,50.08298248052597,1.535653268918395,17332.448217391968,0.0,23.0,0.0,0.0,0.050000000000000044,1.2347012180835009,1.2235072627663612,0.03731322754174471,1.15
centered_full_action_dqn,814,323,81.9662719592452,82.67162911877037,28.91036682575941,53.05590546131134,1.5116821732372046,16986.13773918152,0.0,24.0,0.0,0.0,0.050000000000000044,1.6470828913152218,1.6344663091003895,0.04205523687414825,1.15
centered_full_action_dqn,814,324,77.00975899547339,81.70400031976403,29.957071773707867,47.05268747508526,1.517105513252318,16862.525524139404,0.0,23.0,0.0,1.0,0.050000000000000044,1.3897629287093878,1.3750536777079105,0.04903079383075237,1.15
centered_full_action_dqn,814,325,77.78065219521523,81.4064585337043,28.199056327342987,49.5815954208374,1.4674818506464362,15896.638500213623,0.0,24.0,0.0,1.0,0.050000000000000044,1.5147885885089636,1.502259848639369,0.041762399952858686,1.15
centered_full_action_dqn,814,326,95.42290312498808,81.56484611578286,32.38879019767046,63.03411327004433,1.580801554955542,18237.640966415405,0.0,27.0,0.0,4.0,0.050000000000000044,1.146621460095048,1.1342237740755081,0.04132563469465822,1.15
centered_full_action_dqn,814,327,85.69571449756623,82.62813612386586,29.72486324608326,55.97085189223289,1.5159059343859553,16955.616958618164,0.0,27.0,0.0,1.0,0.050000000000000044,1.176884775981307,1.165544412098825,0.03780124057084322,1.15
centered_full_action_dqn,814,328,87.77933271229267,82.69000605583192,31.659699976444244,56.119632571935654,1.5751188034191728,17965.209747314453,0.0,26.0,0.0,1.0,0.050000000000000044,1.9106560051441193,1.8956865146756172,0.049898305209353566,1.15
centered_full_action_dqn,814,329,74.025250980258,82.71206185504795,27.282562226057053,46.74268881380558,1.450902416370809,15662.17158126831,0.0,22.0,0.0,1.0,0.050000000000000044,1.466328401118517,1.4534237645566463,0.04301545349881053,1.15
centered_full_action_dqn,814,330,68.96899531781673,81.79340609669687,26.149477943778038,42.81951743364334,1.4062559213489294,14550.626037597656,0.0,21.0,0.0,0.0,0.050000000000000044,1.666917335242033,1.6539048347622156,0.04337497428059578,1.15
centered_full_action_dqn,814,331,87.03704659640789,81.78855737395585,29.385307230055332,57.65173959732056,1.53591613098979,17027.314617156982,0.0,26.0,0.0,1.0,0.050000000000000044,1.449618585407734,1.437598206102848,0.040067913476377726,1.15
centered_full_action_dqn,814,332,89.34406621158124,81.85268941618503,30.128936678171158,59.21512966752052,1.526955940760672,17271.266204833984,0.0,26.0,0.0,1.0,0.050000000000000044,1.0678900871425867,1.0551189351826906,0.04257051774766296,1.15
centered_full_action_dqn,814,333,65.79244396835566,80.91303283520044,27.18248114734888,38.60996255278587,1.4322698935866356,15279.350147247314,0.0,20.0,0.0,1.0,0.050000000000000044,1.5619079433381557,1.5484487935900688,0.0448637978406623,1.15
centered_full_action_dqn,814,334,91.16113312542439,81.20067627854647,32.72873990237713,58.43239267170429,1.5852809390053153,18698.251232147217,0.0,26.0,0.0,0.0,0.050000000000000044,1.4542673788964748,1.4420539699494839,0.040711321868002415,1.15
centered_full_action_dqn,814,335,73.00319442301989,81.04572244569661,27.0197828784585,45.983411812782286,1.4508110992610455,15417.418273925781,0.0,22.0,0.0,1.0,0.050000000000000044,1.911353761330247,1.8995462469756603,0.039358317968435585,1.15
centered_full_action_dqn,814,336,77.60021558105946,80.72308075986804,28.06988663971424,49.53032886683941,1.4571914300322533,16161.93533706665,0.0,24.0,0.0,3.0,0.050000000000000044,1.5202601607888937,1.5065414272248745,0.04572910093702376,1.15
centered_full_action_dqn,814,337,79.75193652659655,80.42280330106618,27.965567216277122,51.78636879622936,1.462085135281086,15703.216751098633,0.0,24.0,0.0,2.0,0.050000000000000044,1.4569438751786947,1.4438845701515675,0.04353100585285574,1.15
centered_full_action_dqn,814,338,65.38662271499634,79.29180820479989,26.019977875053883,39.36664504110813,1.390760431997478,14357.027011871338,0.0,21.0,0.0,3.0,0.050000000000000044,1.8542843759059906,1.8420446626842022,0.04079904279205948,1.15
centered_full_action_dqn,814,339,78.32235487550497,79.6970685236156,28.8583599999547,49.46399509906769,1.4826630903407931,16413.402114868164,0.0,22.0,0.0,0.0,0.050000000000000044,1.6633880343288183,1.6520164459943771,0.037905261502601206,1.15
centered_full_action_dqn,814,340,82.71258579194546,80.17152520522475,28.217682383954525,54.49490323662758,1.4801302626729012,16045.699802398682,0.0,26.0,0.0,0.0,0.050000000000000044,1.581095326691866,1.5683259591460228,0.04256454459391534,1.15
centered_full_action_dqn,814,341,94.29744125306607,80.68943472802638,32.16819065064192,62.129251235723494,1.5922611467540264,18279.821632385254,0.0,27.0,0.0,2.0,0.050000000000000044,1.5004632491618395,1.4871263690292835,0.04445628868415952,1.15
centered_full_action_dqn,814,342,80.13386569321156,80.65958932720125,30.04684003442526,50.08702557682991,1.5123703768476844,17196.138982772827,0.0,24.0,0.0,1.0,0.050000000000000044,1.6893857475370169,1.6752864141017199,0.04699770384468138,1.15
centered_full_action_dqn,814,343,95.96275027096272,81.35941324278713,31.831787511706352,64.130963280797,1.5700004305690527,17882.24249267578,0.0,29.0,0.0,0.0,0.050000000000000044,1.5456035509705544,1.5336976237595081,0.03968636994250119,1.15
centered_full_action_dqn,814,344,88.02999662607908,81.91042512431741,30.127784356474876,57.90221244096756,1.5125305950641632,17144.26254272461,0.0,26.0,0.0,1.0,0.050000000000000044,1.4195638820528984,1.4077336266636848,0.039434175472706556,1.15
centered_full_action_dqn,814,345,77.87364364415407,81.91507469676435,27.789081886410713,50.084561854600906,1.4534229198470712,15816.679950714111,0.0,24.0,0.0,1.0,0.050000000000000044,1.2053061574697495,1.1939388010650873,0.03789120668079704,1.15
centered_full_action_dqn,814,346,64.40073126852512,80.36396610394121,25.685240864753723,38.715490120649335,1.3796151299029589,14092.259014129639,0.0,20.0,0.0,2.0,0.050000000000000044,1.4690933022648096,1.4549476653337479,0.047152089420706034,1.15
centered_full_action_dqn,814,347,77.56346779465676,79.95735376879574,27.614255622029305,49.94921191930771,1.4578699441626668,15813.035083770752,0.0,23.0,0.0,1.0,0.050000000000000044,1.8104284778237343,1.7979355342686176,0.041643102071247995,1.15
centered_full_action_dqn,814,348,73.2472824767232,79.23075125701726,26.38793683797121,46.85934602618217,1.4363793842494488,15250.015525817871,0.0,24.0,0.0,1.0,0.050000000000000044,1.726413507014513,1.7129081077873707,0.045018005883321166,1.15
centered_full_action_dqn,814,349,76.52194918096066,79.3555861670524,28.446683168411255,48.075266206264494,1.4963123928755522,15937.49247932434,0.0,21.0,0.0,4.0,0.050000000000000044,1.222319507971406,1.2105179242789745,0.039338601869530976,1.15
centered_full_action_dqn,814,350,84.57393520474434,80.13583316139879,29.875739254057407,54.69819577932358,1.5197008354589343,16534.08782196045,0.0,25.0,0.0,2.0,0.050000000000000044,1.337279763072729,1.3256417289376259,0.03879339899867773,1.15
centered_full_action_dqn,814,351,93.54529845118523,80.46124575413765,31.993959560990334,61.55133887529373,1.5786204831674695,18016.344314575195,0.0,29.0,0.0,1.0,0.050000000000000044,1.3346563261002302,1.322011275216937,0.042150216177105904,1.15
centered_full_action_dqn,814,352,85.76823586374522,80.28245423674585,28.89316839724779,56.87506745159626,1.5150433843955398,16810.61944580078,0.0,27.0,0.0,1.0,0.050000000000000044,1.5956292562186718,1.58191729336977,0.04570648993831128,1.15
centered_full_action_dqn,814,353,92.28470380008221,81.60706722833218,31.677580669522285,60.60712351799011,1.601229129359126,18230.437664031982,0.0,26.0,0.0,1.0,0.050000000000000044,1.8814011346548796,1.8687963373959064,0.04201598057989031,1.15
centered_full_action_dqn,814,354,85.42350068688393,81.32018560640515,30.166465535759926,55.25703452527523,1.5095871137455106,16830.46286392212,0.0,27.0,0.0,0.0,0.050000000000000044,1.5359384641051292,1.5226949974894524,0.04414483380969614,1.15
centered_full_action_dqn,814,355,76.78173671066762,81.50911272078754,28.12344078719616,48.65829556584358,1.4788667168468237,15654.087749481201,0.0,25.0,0.0,1.0,0.050000000000000044,1.5159307718276978,1.5008325800299644,0.05032731266692281,1.15
centered_full_action_dqn,814,356,91.76012104898692,82.21710799418392,27.898176111280918,63.86194505691528,1.515918050892651,16414.15471458435,0.0,29.0,0.0,2.0,0.050000000000000044,1.7128582205623388,1.6992322094738483,0.04542001418303698,1.15
centered_full_action_dqn,814,357,83.41481275856495,82.40025180578233,30.55259871482849,52.86221404373646,1.5458935936912894,17283.61989212036,0.0,25.0,0.0,0.0,0.050000000000000044,1.6293135285377502,1.6139890290796757,0.051081675104796886,1.15
centered_full_action_dqn,814,358,68.03764662146568,82.5328030011058,26.545738995075226,41.491907477378845,1.430068202316761,14989.188989639282,0.0,23.0,0.0,1.0,0.050000000000000044,1.3335355091840029,1.322221104055643,0.0377146452665329,1.15
centered_full_action_dqn,814,359,79.00242642462254,82.56680657856168,29.571790046989918,49.43063632547855,1.5118169207125902,16699.4294090271,0.0,25.0,0.0,2.0,0.050000000000000044,2.164922419935465,2.153082739561796,0.03946561668999493,1.15
centered_full_action_dqn,814,360,71.43362255394459,82.00285841666164,25.48389122635126,45.94973112642765,1.4112620959058404,14499.596324920654,0.0,22.0,0.0,1.0,0.050000000000000044,1.9878743961453438,1.9761199988424778,0.03918133967090398,1.15
centered_full_action_dqn,814,361,82.22068817317486,81.39902076266708,30.110425986349583,52.110262581706046,1.5161796743050218,16962.693084716797,0.0,24.0,0.0,1.0,0.050000000000000044,1.6529086846858263,1.6399909984320402,0.04305890039540827,1.15
centered_full_action_dqn,814,362,87.53442141413689,81.76904854871334,30.557079553604126,56.97734169661999,1.5390580501407385,17796.213661193848,0.0,25.0,0.0,0.0,0.050000000000000044,1.6793501619249582,1.6660382598638535,0.04437300539575517,1.15
centered_full_action_dqn,814,363,91.04297268390656,81.52305966936053,30.0647711455822,60.978201016783714,1.5410471064969897,16936.63507461548,0.0,27.0,0.0,2.0,0.050000000000000044,1.562970131635666,1.5510112792253494,0.039862813078798354,1.15
centered_full_action_dqn,814,364,84.07715839892626,81.32541775800289,30.325455754995346,53.75170320272446,1.5135701019316912,16880.978092193604,0.0,24.0,0.0,0.0,0.050000000000000044,1.990180131047964,1.9759600907564163,0.04740019259043038,1.15
centered_full_action_dqn,814,365,76.05595390498638,81.23453327104451,28.321379080414772,47.73457504808903,1.4722665986046195,15762.954029083252,0.0,23.0,0.0,2.0,0.050000000000000044,1.4573524184525013,1.4450740925967693,0.04092774027958512,1.15
centered_full_action_dqn,814,366,73.97119658589364,81.71305653691293,27.554801233112812,46.41639522612095,1.4238966973498464,15383.61332321167,0.0,22.0,0.0,2.0,0.050000000000000044,1.3639338314533234,1.3516288623213768,0.04101659881416708,1.15
centered_full_action_dqn,814,367,76.72370802909136,81.67106854863465,26.359153524041176,50.3645544975996,1.4282238567247987,15010.115982055664,0.0,25.0,0.0,2.0,0.050000000000000044,1.668377447873354,1.6557896211743355,0.0419594127452001,1.15
centered_full_action_dqn,814,368,77.51852509081364,81.88463067933917,27.0461083650589,50.47241648733616,1.4601612240076065,15534.300903320312,0.0,25.0,0.0,3.0,0.050000000000000044,1.7635322082787752,1.750353941693902,0.04392764251679182,1.15
centered_full_action_dqn,814,369,65.17094535380602,81.31708048798144,26.45259825885296,38.718347921967506,1.4196828315034509,14639.979412078857,0.0,20.0,0.0,0.0,0.050000000000000044,1.7189372591674328,1.7059809416532516,0.04318770463578403,1.15
centered_full_action_dqn,814,370,81.79868178963662,81.17831781722606,30.231116198003292,51.56756552457809,1.5282509392127395,17019.942012786865,0.0,25.0,0.0,2.0,0.050000000000000044,1.6181810181587934,1.6066832188516855,0.03832598589360714,1.15
centered_full_action_dqn,814,371,73.93778413534164,80.19794210143388,27.248190835118294,46.68959283828735,1.4554344257339835,15739.739967346191,0.0,22.0,0.0,2.0,0.050000000000000044,1.4614545721560717,1.448710285127163,0.042480922071263194,1.15
centered_full_action_dqn,814,372,73.24594874829054,79.57182774566115,28.00205674022436,45.243892365694045,1.4773020539432764,15917.645244598389,0.0,22.0,0.0,1.0,0.050000000000000044,1.2361126877367496,1.2243341710418463,0.03926175716333091,1.15
centered_full_action_dqn,814,373,74.02566372901201,78.65887574210764,27.556142546236515,46.46952124238014,1.4608250008895993,15690.284702301025,0.0,23.0,0.0,2.0,0.050000000000000044,1.608090851455927,1.595426494255662,0.04221455461811274,1.15
centered_full_action_dqn,814,374,73.50388637930155,78.06289502672851,28.087541416287422,45.41634500026703,1.4631396438926458,15361.035636901855,0.0,21.0,0.0,1.0,0.050000000000000044,1.1557621378451586,1.1448602229356766,0.03633978089783341,1.15
centered_full_action_dqn,814,375,71.37783914953471,77.79270014867187,25.624033652246,45.75380537807941,1.4130402253940701,14556.279090881348,0.0,23.0,0.0,1.0,0.050000000000000044,1.9935593008995056,1.981467455625534,0.040306060342118144,1.15
centered_full_action_dqn,814,376,69.56428237259388,76.68290821485222,26.34266571700573,43.221616327762604,1.4231264190748334,14696.716583251953,0.0,23.0,0.0,0.0,0.050000000000000044,1.401106109842658,1.3896881062537432,0.03805995127186179,1.15
centered_full_action_dqn,814,377,83.27546180933714,76.67594066739085,28.86287619918585,54.41258511841297,1.5005629640072584,16357.540756225586,0.0,25.0,0.0,2.0,0.050000000000000044,1.8643487691879272,1.851935151964426,0.041378799942322075,1.15
centered_full_action_dqn,814,378,86.2834262996912,77.58822965130211,28.844671338796616,57.43875455856323,1.5247747506946325,16667.73946762085,0.0,26.0,0.0,1.0,0.050000000000000044,1.3801779430359602,1.367718743160367,0.04153066279832274,1.15
centered_full_action_dqn,814,379,78.36334968358278,77.55627581425013,27.52035468071699,50.84299501776695,1.4637741697952151,15282.874378204346,0.0,24.0,0.0,0.0,0.050000000000000044,1.2200489453971386,1.2082298155874014,0.039397099637426436,1.15
centered_full_action_dqn,814,380,83.1237082183361,78.1407800974697,30.451751962304115,52.671956181526184,1.539803289808333,17465.363750457764,0.0,25.0,0.0,1.0,0.050000000000000044,1.4999787770211697,1.4872527904808521,0.04241997771896422,1.15
centered_full_action_dqn,814,381,82.95846729725599,78.17766905367375,29.793469682335854,53.16499796509743,1.5179325910285115,16904.897956848145,0.0,25.0,0.0,0.0,0.050000000000000044,1.6649799048900604,1.6519791912287474,0.04333568690344691,1.15
centered_full_action_dqn,814,382,97.36935338377953,78.66941565215589,31.954602971673012,65.4147507250309,1.5796846421435475,18381.24167251587,0.0,29.0,0.0,2.0,0.050000000000000044,1.4726899694651365,1.4607478473335505,0.03980703419074416,1.15
centered_full_action_dqn,814,383,77.57298252135516,77.99591614402831,29.91976886987686,47.653213763237,1.4618666088208556,16524.155395507812,0.0,22.0,0.0,1.0,0.050000000000000044,1.5120614562183619,1.4981815293431282,0.04626643261872232,1.15
centered_full_action_dqn,814,384,68.2296813160181,77.2035422898829,26.558541655540466,41.67113946676254,1.4230310516431928,15034.24503326416,0.0,20.0,0.0,3.0,0.050000000000000044,1.53960333019495,1.524828240275383,0.0492502860724926,1.15
centered_full_action_dqn,814,385,70.50031478106976,76.92576033368708,26.22725547850132,44.27305915355682,1.4377885656431317,15237.43850517273,0.0,22.0,0.0,1.0,0.050000000000000044,1.839615598320961,1.82742265984416,0.04064305662177503,1.15
centered_full_action_dqn,814,386,67.00518399626017,76.57745970420541,25.437390573322773,41.567793571949004,1.3864669864997268,14061.320486068726,0.0,21.0,0.0,2.0,0.050000000000000044,1.424414126202464,1.4133843798190355,0.036765819997526705,1.15
centered_full_action_dqn,814,387,76.0640916749835,76.5444788865,28.739213280379772,47.32487815618515,1.472882610745728,15969.683361053467,0.0,24.0,0.0,2.0,0.050000000000000044,1.6430169567465782,1.630262564867735,0.042514667846262455,1.15
centered_full_action_dqn,814,388,89.99999289959669,77.16855227693917,30.695716589689255,59.304277181625366,1.5367496283724904,17388.58296394348,0.0,26.0,0.0,0.0,0.050000000000000044,1.7698896415531635,1.7581389993429184,0.03916884656064212,1.15
centered_full_action_dqn,814,389,81.4349740922451,77.98175371386111,30.59546023607254,50.83951463103294,1.5388171784579754,17343.40328025818,0.0,24.0,0.0,4.0,0.050000000000000044,1.7798758503049612,1.767959775403142,0.039720219443552196,1.15
centered_full_action_dqn,814,390,96.67042290568352,78.72534076966346,33.82203897833824,62.84838421046734,1.6161250593140721,19461.43270111084,0.0,27.0,0.0,2.0,0.050000000000000044,1.4979053642600775,1.4829003885388374,0.05001654336228967,1.15
centered_full_action_dqn,814,391,76.0411381945014,78.83050847262145,27.87957029044628,48.16156794130802,1.4786220528185368,16120.186679840088,0.0,24.0,0.0,1.0,0.050000000000000044,1.4862373005598783,1.4732610676437616,0.043254086980596185,1.15
centered_full_action_dqn,814,392,98.73911126703024,80.10516659855844,30.057937614619732,68.68117356300354,1.5392331015318632,17377.094764709473,0.0,30.0,0.0,0.0,0.050000000000000044,1.2267435919493437,1.2149607874453068,0.039275985676795244,1.15
centered_full_action_dqn,814,393,67.57571075856686,79.78266895003618,26.6429543197155,40.93275626003742,1.402989155612886,14909.101322174072,0.0,20.0,0.0,1.0,0.050000000000000044,1.9969820715487003,1.9860605839639902,0.036404939368367195,1.15
centered_full_action_dqn,814,394,90.90484162569047,80.65271671235561,30.55358600616455,60.35125636458397,1.546250456944108,17660.51035308838,0.0,27.0,0.0,1.0,0.050000000000000044,1.6364576872438192,1.6239388342946768,0.04172953369561583,1.15
centered_full_action_dqn,814,395,92.50081227868796,81.70886536881328,33.37952221184969,59.12128942608833,1.6399120427668095,19248.681533813477,0.0,28.0,0.0,1.0,0.050000000000000044,1.462184919975698,1.4506599809974432,0.038416452473029494,1.15
centered_full_action_dqn,814,396,78.08364624232054,82.13483356229963,29.341362945735455,48.74228305816651,1.4744785334914923,16087.407732009888,0.0,25.0,0.0,3.0,0.050000000000000044,1.746822327375412,1.7351140230894089,0.039027603110298514,1.15
centered_full_action_dqn,814,397,77.29862870424986,81.83599190704527,28.189656518399715,49.108971977233885,1.4679736122488976,15881.067211151123,0.0,23.0,0.0,1.0,0.050000000000000044,1.5214938260614872,1.5074368622153997,0.04685652011539787,1.15
centered_full_action_dqn,814,398,74.45189181417227,81.24441518276932,29.237813398241997,45.21407884061337,1.4625388821586967,16035.853704452515,0.0,23.0,0.0,4.0,0.050000000000000044,1.3856019526720047,1.3712979406118393,0.04768005944788456,1.15
centered_full_action_dqn,814,399,82.52521526068449,81.45250846162439,29.3927958086133,53.132419005036354,1.5080552389845252,17033.210807800293,0.0,26.0,0.0,2.0,0.050000000000000044,1.7258628029376268,1.7137643434107304,0.040328108821995556,1.15
centered_full_action_dqn,814,400,83.9314462468028,81.49289536304774,32.552192099392414,51.37925437092781,1.5568581018596888,18500.702564239502,0.0,25.0,0.0,0.0,0.050000000000000044,2.0513366889208555,2.0389842949807644,0.0411746499594301,1.15
centered_full_action_dqn,814,401,76.00358917713166,81.14515145704151,28.265149161219597,47.73844012022018,1.4685578383505344,15995.716259002686,0.0,22.0,0.0,1.0,0.050000000000000044,1.7041843831539154,1.6907438170164824,0.04480189934838563,1.15
centered_full_action_dqn,814,402,80.2861870393157,80.29099313981833,29.39047311991453,50.89571374058723,1.497480096295476,16469.708499908447,0.0,23.0,0.0,3.0,0.050000000000000044,1.4250319600105286,1.4134659096598625,0.03855349950026721,1.15
centered_full_action_dqn,814,403,83.05954564511777,80.56532129600646,31.456761926412582,51.60278373360634,1.5822642277926207,17944.663063049316,0.0,25.0,0.0,2.0,0.050000000000000044,1.5245944764465094,1.5123219527304173,0.040908406022936106,1.15
centered_full_action_dqn,814,404,103.27002513706684,82.31733848705889,33.02261598408222,70.24740958511829,1.5954457139596343,18555.918910980225,0.0,31.0,0.0,2.0,0.050000000000000044,1.5107297617942095,1.498497523367405,0.04077417671214789,1.15
centered_full_action_dqn,814,405,77.09071689397096,82.64685859270394,28.219991832971573,48.87072505354881,1.4705883488059044,15688.617202758789,0.0,23.0,0.0,4.0,0.050000000000000044,1.50798418559134,1.4954630881547928,0.041737032239325345,1.15
centered_full_action_dqn,814,406,73.82477574795485,82.98783818028868,26.243343345820904,47.58143189549446,1.4454198284074664,15232.197612762451,0.0,22.0,0.0,2.0,0.050000000000000044,1.6489048842340708,1.6360612586140633,0.04281207546591759,1.15
centered_full_action_dqn,814,407,84.51465480029583,83.41036633655429,30.076263770461082,54.438391000032425,1.514231774955988,16846.53815460205,0.0,25.0,0.0,2.0,0.050000000000000044,1.5743359737098217,1.5632577687501907,0.03692736034281552,1.15
centered_full_action_dqn,814,408,71.04678221791983,82.46270580247044,27.612068682909012,43.434713661670685,1.471925257705152,15391.159759521484,0.0,21.0,0.0,0.0,0.050000000000000044,1.3904807213693857,1.3786916378885508,0.039296997245401144,1.15
centered_full_action_dqn,814,409,70.1399249508977,81.89795334540307,25.329959504306316,44.80996522307396,1.4128724485635757,14649.172855377197,0.0,22.0,0.0,1.0,0.050000000000000044,1.8780854661017656,1.866982378065586,0.03701033513061702,1.15
centered_full_action_dqn,814,410,92.13050472140313,81.67095743618907,30.354938060045242,61.77556657195091,1.5404082350432873,17296.540851593018,0.0,29.0,0.0,1.0,0.050000000000000044,1.800298623740673,1.7895726226270199,0.03575334942433983,1.15
centered_full_action_dqn,814,411,83.52038202881813,82.0449196279049,29.028234876692295,54.49214715957642,1.4836524976417422,16361.419166564941,0.0,25.0,0.0,3.0,0.050000000000000044,1.4273938797414303,1.4149406980723143,0.04151054413523525,1.15
centered_full_action_dqn,814,412,94.15895968228578,81.81591204866768,31.825231306254864,62.333728942275044,1.5856854496523738,18122.191688537598,0.0,28.0,0.0,2.0,0.050000000000000044,1.8646840136498213,1.8519981391727924,0.042286234674975276,1.15
centered_full_action_dqn,814,413,76.39798437207938,82.2570257293433,28.047581769526005,48.35040211081505,1.4723197389394045,16076.263046264648,0.0,22.0,0.0,1.0,0.050000000000000044,1.6471588183194399,1.6347985807806253,0.04120076459366828,1.15
centered_full_action_dqn,814,414,85.42156267166138,81.98286178164184,29.88970533758402,55.531857296824455,1.5120959840714931,16857.871753692627,0.0,25.0,0.0,1.0,0.050000000000000044,1.4912753254175186,1.4774308986961842,0.046148079563863575,1.15
centered_full_action_dqn,814,415,85.93057634979486,81.65434998519717,29.56322269886732,56.367354336380956,1.5050114896148443,16588.13770675659,0.0,26.0,0.0,3.0,0.050000000000000044,1.3740619625896215,1.3614123295992613,0.04216546309180558,1.15
centered_full_action_dqn,814,416,87.83629882484675,82.14198261432351,30.627985157072544,57.20831381678581,1.5370798017829657,17551.4854927063,0.0,25.0,0.0,1.0,0.050000000000000044,1.344760050997138,1.3322265334427357,0.041778432903811336,1.15
centered_full_action_dqn,814,417,77.13342820852995,82.1337225895375,28.467670030891895,48.665757566690445,1.5214241622015834,16451.02049255371,0.0,23.0,0.0,0.0,0.050000000000000044,1.7721679415553808,1.7596181761473417,0.04183258686680347,1.15
centered_full_action_dqn,814,418,84.12872823476792,82.6175644105673,29.449008986353874,54.6797195315361,1.5139090968295932,16659.918560028076,0.0,25.0,0.0,1.0,0.050000000000000044,1.915817802771926,1.9038108438253403,0.04002321814186871,1.15
centered_full_action_dqn,814,419,86.0892291456461,82.79576510481537,29.52477604150772,56.56445353627205,1.483267616480589,16528.099006652832,0.0,27.0,0.0,1.0,0.050000000000000044,1.8732027988880873,1.8598188813775778,0.044613070669583976,1.15
centered_full_action_dqn,814,420,88.82421964406967,83.04040377467872,31.23246757686138,57.59175205230713,1.5749591989442706,18127.17721939087,0.0,26.0,0.0,0.0,0.050000000000000044,1.1620983015745878,1.1499614082276821,0.0404563476331532,1.15
centered_full_action_dqn,814,421,89.38928904384375,83.70968876801433,30.638626538217068,58.75066243112087,1.5169022399932146,17020.142250061035,0.0,27.0,0.0,1.0,0.050000000000000044,1.6564780250191689,1.6440064311027527,0.04157199920155108,1.15
centered_full_action_dqn,814,422,78.14338107705116,83.6025484699011,27.66747623682022,50.47590463161468,1.4522128645330667,15581.695041656494,0.0,24.0,0.0,4.0,0.050000000000000044,1.9069243054836988,1.8955172952264547,0.03802344226278365,1.15
centered_full_action_dqn,814,423,81.77468885481358,83.53830563038586,30.373421996831894,51.40126734972,1.5150762917473912,16938.182647705078,0.0,24.0,0.0,1.0,0.050000000000000044,1.340329147875309,1.327617272734642,0.04237298539374024,1.15
centered_full_action_dqn,814,424,110.82629665732384,83.91611920639873,34.51794885843992,76.30834773182869,1.6351818852126598,19409.560291290283,0.0,32.0,0.0,0.0,0.050000000000000044,1.7736922800540924,1.7613272666931152,0.04121672234032303,1.15
centered_full_action_dqn,814,425,93.03037108778953,84.71310191608966,30.894886381924152,62.13548521995544,1.52744578756392,17411.39039993286,0.0,28.0,0.0,2.0,0.050000000000000044,1.6391336685046554,1.626987344585359,0.04048770817462355,1.15
centered_full_action_dqn,814,426,90.61552409380674,85.55263933338225,29.714055955410004,60.90146796703338,1.4945104541257024,16409.693557739258,0.0,28.0,0.0,3.0,0.050000000000000044,1.7792706545442343,1.7667469307780266,0.04174569703172892,1.15
centered_full_action_dqn,814,427,85.12231125831605,85.58302215628325,29.164418578147888,55.957892501354216,1.499364884570241,16496.994609832764,0.0,26.0,0.0,1.0,0.050000000000000044,1.3188161849975586,1.3043574262410402,0.048195862444117665,1.15
centered_full_action_dqn,814,428,85.68129287064076,86.31474768891931,29.410786747932434,56.270505958795546,1.5233749831095338,16843.31777191162,0.0,26.0,0.0,2.0,0.050000000000000044,1.6810717806220055,1.6685100011527538,0.04187259101308882,1.15
centered_full_action_dqn,814,429,81.53243932276965,86.88437340751292,31.115356512367725,50.41708237826824,1.546244858764112,17532.56076812744,0.0,25.0,0.0,2.0,0.050000000000000044,1.7797337546944618,1.766899961978197,0.04277930862735957,1.15
centered_full_action_dqn,814,430,75.60362992435694,86.05802966766062,27.867820315063,47.735809445381165,1.4521048301830888,15666.59981918335,0.0,23.0,0.0,0.0,0.050000000000000044,1.6190777197480202,1.6074430607259274,0.03878215700387955,1.15
centered_full_action_dqn,814,431,64.6086206883192,85.11244160063566,25.401176422834396,39.2074439227581,1.3900640234351158,14368.64278793335,0.0,19.0,0.0,0.0,0.050000000000000044,1.6435541883111,1.631983321160078,0.03856960777193308,1.15
centered_full_action_dqn,814,432,73.49032808095217,84.07901002056897,26.531722225248814,46.95860582590103,1.4173147417604923,15134.7405128479,0.0,24.0,0.0,0.0,0.050000000000000044,1.707547640427947,1.696158828213811,0.037962731323204935,1.15
centered_full_action_dqn,814,433,77.13610079288483,84.11591584160924,28.967427022755146,48.16867379248142,1.509937534108758,16586.311435699463,0.0,23.0,0.0,1.0,0.050000000000000044,1.650623170658946,1.6372317541390657,0.04463814268819988,1.15
centered_full_action_dqn,814,434,85.33214540928603,84.11144497849048,29.060965187847614,56.271180459856986,1.4883452709764242,16066.228504180908,0.0,27.0,0.0,2.0,0.050000000000000044,1.7483133506029844,1.7365685254335403,0.03914941323455423,1.15
centered_full_action_dqn,814,435,73.65836843848228,83.49783458292487,25.894500888884068,47.76386784017086,1.4196218121796846,14768.40087890625,0.0,24.0,0.0,0.0,0.050000000000000044,1.8869088310748339,1.8746824506670237,0.04075462429318577,1.15
centered_full_action_dqn,814,436,104.15516779720784,84.31377803154291,33.90595564246178,70.24921272099019,1.6185994306579232,19358.267892837524,0.0,31.0,0.0,1.0,0.050000000000000044,1.7089845351874828,1.6966793090105057,0.04101742058992386,1.15
centered_full_action_dqn,814,437,96.08415328860283,85.26131428554655,32.14043652266264,63.94371632635593,1.5436194194480777,17780.783267974854,0.0,29.0,0.0,1.0,0.050000000000000044,1.8282912243157625,1.8150490950793028,0.04414039105176926,1.15
centered_full_action_dqn,814,438,65.40093521028757,84.32492463432254,25.548806838691235,39.852128237485886,1.404207045212388,14286.270446777344,0.0,22.0,0.0,0.0,0.050000000000000044,1.6923399865627289,1.6791180670261383,0.04407301219180226,1.15
centered_full_action_dqn,814,439,76.47486172616482,83.84420626334847,28.080267757177353,48.39459411799908,1.4674034556373954,16045.755271911621,0.0,25.0,0.0,0.0,0.050000000000000044,1.7413344290107489,1.7296872586011887,0.038823930197395384,1.15
centered_full_action_dqn,814,440,60.098063200712204,82.4078984411806,24.596958808600903,35.50110425055027,1.3871347932145,14158.339454650879,0.0,19.0,0.0,1.0,0.050000000000000044,1.6600846536457539,1.6485820040106773,0.038342209183610976,1.15
centered_full_action_dqn,814,441,66.8928892031312,81.28307844914497,24.521550372242928,42.37133886814117,1.3852722439914942,13969.776596069336,0.0,20.0,0.0,2.0,0.050000000000000044,1.5773737505078316,1.5656841583549976,0.03896535967942327,1.15
centered_full_action_dqn,814,442,76.60237681120634,81.20602823585273,27.622430093586445,48.97994700074196,1.4624896179884672,15591.111248016357,0.0,25.0,0.0,0.0,0.050000000000000044,2.0694896075874567,2.0572552233934402,0.04078127327375114,1.15
centered_full_action_dqn,814,443,85.68578788638115,81.4015831874311,31.940261267125607,53.7455268651247,1.5338107692077756,17369.630750656128,0.0,25.0,0.0,1.0,0.050000000000000044,1.8807229846715927,1.8681396264582872,0.04194455407559872,1.15
centered_full_action_dqn,814,444,72.2471111431718,79.4726239117235,28.613669335842133,43.63344187438488,1.4866172196343541,16608.406801223755,0.0,22.0,0.0,2.0,0.050000000000000044,1.9385002553462982,1.927267212420702,0.03744351235218346,1.15
centered_full_action_dqn,814,445,85.50159374326468,79.09618504449726,28.530474990606308,56.97111896127463,1.4739327309653163,16332.711765289307,0.0,26.0,0.0,3.0,0.050000000000000044,1.6981620602309704,1.6860310956835747,0.04043656261637807,1.15
centered_full_action_dqn,814,446,80.16121579259634,78.57346962943674,28.787251584231853,51.37396392524242,1.5029071075841784,16677.067249298096,0.0,24.0,0.0,3.0,0.050000000000000044,1.774295687675476,1.7621534373611212,0.040474134497344494,1.15
centered_full_action_dqn,814,447,72.43736210018396,77.93922217153013,26.554663993418217,45.88269764482975,1.4281040374189615,15116.10025024414,0.0,24.0,0.0,2.0,0.050000000000000044,1.3054943289607763,1.2943702973425388,0.03708008909597993,1.15
centered_full_action_dqn,814,448,81.95780240893365,77.75304764844478,29.129059456288815,52.82874318361282,1.502795910462737,16644.06862640381,0.0,24.0,0.0,1.0,0.050000000000000044,1.7987386379390955,1.7854987923055887,0.044132865965366364,1.15
centered_full_action_dqn,814,449,89.59932652115822,78.1563920083642,28.88070023804903,60.71862602233887,1.4922769973054528,16181.64518737793,0.0,28.0,0.0,1.0,0.050000000000000044,2.209059478715062,2.19599686935544,0.04354206449352205,1.15
centered_full_action_dqn,814,450,77.6760291621089,78.26001197025181,28.180450312793255,49.49557893872261,1.4812369048595428,16060.381240844727,0.0,24.0,0.0,1.0,0.050000000000000044,1.4308809228241444,1.419923324137926,0.03652538079768419,1.15
centered_full_action_dqn,814,451,86.86404857188464,79.37278336443009,29.8788600564003,56.985188791155814,1.5058381268754601,16797.12855911255,0.0,27.0,0.0,1.0,0.050000000000000044,1.8189212996512651,1.8051044642925262,0.04605611541774124,1.15
centered_full_action_dqn,814,452,84.00449972748757,79.89849194675686,28.771075204014778,55.23342434465885,1.5020453464239836,16331.06328201294,0.0,25.0,0.0,1.0,0.050000000000000044,1.555116219446063,1.541500886902213,0.04538445523940027,1.15
centered_full_action_dqn,814,453,79.6110500022769,80.02223940722646,27.58460173755884,52.0264483243227,1.4734949301928282,15826.950344085693,0.0,24.0,0.0,2.0,0.050000000000000044,1.6373275183141232,1.6249809227883816,0.04115539649501443,1.15
centered_full_action_dqn,814,454,76.10592021942139,79.56092814773322,27.755631238222122,48.35028907060623,1.4671533945947886,16045.009803771973,0.0,23.0,0.0,1.0,0.050000000000000044,1.559782737866044,1.546709205955267,0.043578416807577014,1.15
centered_full_action_dqn,814,455,81.27533669769764,79.94177656069398,27.64486926794052,53.63046792149544,1.48393520899117,15914.982643127441,0.0,25.0,0.0,0.0,0.050000000000000044,2.0540735255926847,2.0406674668192863,0.044686856912449,1.15
centered_full_action_dqn,814,456,77.1515919059515,78.59159776613117,28.92480757832527,48.22678411900997,1.4924197113141418,16008.093334197998,0.0,24.0,0.0,3.0,0.050000000000000044,2.0587557293474674,2.0468803234398365,0.03958469768986106,1.15
centered_full_action_dqn,814,457,82.16582115292549,77.8956811593473,29.729509435594082,52.436312067508695,1.5165534559637308,16588.94948196411,0.0,24.0,0.0,5.0,0.050000000000000044,1.6946112345904112,1.6826830320060253,0.03976069367490709,1.15
centered_full_action_dqn,814,458,96.72479802668094,79.46187430016695,33.49576300382614,63.22903570830822,1.6070232028141618,18731.7783203125,0.0,28.0,0.0,2.0,0.050000000000000044,1.4298747945576906,1.4185093212872744,0.037884954479523,1.15
centered_full_action_dqn,814,459,67.06251589208841,78.99125700846314,26.00487231463194,41.05764365196228,1.3960624793544412,14726.053005218506,0.0,20.0,0.0,0.0,0.050000000000000044,1.7045211419463158,1.6935800798237324,0.03647019469644874,1.15
centered_full_action_dqn,814,460,75.20126328766347,79.74641701281071,28.65225340425968,46.54901013672352,1.4930390734225512,16615.461112976074,0.0,21.0,0.0,1.0,0.050000000000000044,1.520881325006485,1.5084462687373161,0.041450166958384216,1.15
centered_full_action_dqn,814,461,77.30087908506394,80.26681650690736,28.34524430334568,48.9556346476078,1.4659914802759886,15693.223188400269,0.0,24.0,0.0,1.0,0.050000000000000044,1.679136112332344,1.668009053915739,0.037090188707225025,1.15
centered_full_action_dqn,814,462,69.25870895534754,79.89963311411442,26.403757765889168,42.85495091378689,1.4062598142772913,14908.383117675781,0.0,21.0,0.0,1.0,0.050000000000000044,1.9409251064062119,1.9285511132329702,0.04124666645657271,1.15
centered_full_action_dqn,814,463,74.50463509857654,79.34057547472419,26.686199873685837,47.81843513548374,1.4285773131996393,15020.96021270752,0.0,22.0,0.0,2.0,0.050000000000000044,1.7615383937954903,1.7504385150969028,0.036999587318859994,1.15
centered_full_action_dqn,814,464,86.25693793594837,80.041066814363,28.77387546002865,57.48306283354759,1.4962321538478136,16590.52769088745,0.0,25.0,0.0,3.0,0.050000000000000044,1.7123670615255833,1.69892611913383,0.044803102617152035,1.15
centered_full_action_dqn,814,465,86.00136784613133,80.06605551950635,29.801325015723705,56.200043165683745,1.5329009760171175,16906.81107711792,0.0,25.0,0.0,2.0,0.050000000000000044,1.819947523996234,1.8067382276058197,0.04403093771543354,1.15
centered_full_action_dqn,814,466,80.03660368919373,80.0598249143362,27.368170209228992,52.66843283176422,1.4754111720249057,15547.767456054688,0.0,24.0,0.0,0.0,0.050000000000000044,1.4767679404467344,1.46375940926373,0.04336179350502789,1.15
centered_full_action_dqn,814,467,78.97707794755698,80.38681070670486,30.76934926956892,48.207728841900824,1.5299532525241375,17808.94379234314,0.0,22.0,0.0,1.0,0.050000000000000044,1.5152978766709566,1.5033688768744469,0.03976330056320876,1.15
centered_full_action_dqn,814,468,86.62558489441872,80.62019983097913,29.317980892956257,57.30760450065136,1.5148016968742013,16638.082344055176,0.0,26.0,0.0,1.0,0.050000000000000044,1.6056278441101313,1.592416923493147,0.04403639934025705,1.15
centered_full_action_dqn,814,469,76.62855478525162,79.97166124418379,27.201639153063297,49.426915073394774,1.4693796364590526,16039.792629241943,0.0,22.0,0.0,1.0,0.050000000000000044,1.7103260848671198,1.6978913806378841,0.04144895216450095,1.15
centered_full_action_dqn,814,470,75.40159236639738,79.85793940439822,26.92572021484375,48.4758724719286,1.4374330220744014,15392.270442962646,0.0,23.0,0.0,0.0,0.050000000000000044,1.8395348079502583,1.8271447606384754,0.04130019061267376,1.15
centered_full_action_dqn,814,471,81.8114948809147,79.60531171984972,28.88255548477173,52.928939723968504,1.5016684429720044,16371.483501434326,0.0,23.0,0.0,1.0,0.050000000000000044,1.7489932160824537,1.7374802343547344,0.03837669629137963,1.15
centered_full_action_dqn,814,472,82.02671607732773,79.50642253734173,28.146116122603416,53.88059968650341,1.4814567798748612,16141.056280136108,0.0,27.0,0.0,2.0,0.050000000000000044,1.4868939220905304,1.4743620436638594,0.041772925411351025,1.15
centered_full_action_dqn,814,473,81.87365974485874,79.61955302447082,29.46053298562765,52.413126811385155,1.498311466537416,16377.129524230957,0.0,24.0,0.0,1.0,0.050000000000000044,1.4955842979252338,1.4840558599680662,0.038428130093961954,1.15
centered_full_action_dqn,814,474,81.3774043634534,79.88312723167243,31.057376198470592,50.32002785205841,1.5202034544199705,17292.74570083618,0.0,24.0,0.0,2.0,0.050000000000000044,1.9047664776444435,1.8917757291346788,0.0433024987578392,1.15
centered_full_action_dqn,814,475,76.83397575616837,79.66105918459596,27.314893700182438,49.519082048535346,1.4743006033822894,15819.320655822754,0.0,23.0,0.0,1.0,0.050000000000000044,1.499400494620204,1.4868630282580853,0.04179151530843228,1.15
centered_full_action_dqn,814,476,94.76535044014454,80.54174711130561,30.83216781169176,63.93318277001381,1.5321443350985646,17339.13611984253,0.0,29.0,0.0,2.0,0.050000000000000044,2.0019926354289055,1.9889418482780457,0.043502618675120175,1.15
centered_full_action_dqn,814,477,88.01054996401072,80.83398355185989,30.603440634906292,57.40710943341255,1.5423003500327468,17642.68238067627,0.0,25.0,0.0,3.0,0.050000000000000044,1.6570007782429457,1.6429831311106682,0.04672544775530696,1.15
centered_full_action_dqn,814,478,82.07890965044498,80.10168913304808,29.26318884640932,52.81572064757347,1.5101775601506233,16474.502643585205,0.0,23.0,0.0,0.0,0.050000000000000044,1.3715613465756178,1.355677716434002,0.05294538801535964,1.15
centered_full_action_dqn,814,479,67.62957314550877,80.1300419957191,26.370705530047417,41.25886788368225,1.4150808257982135,14806.212169647217,0.0,20.0,0.0,1.0,0.050000000000000044,1.2937197908759117,1.2811754178255796,0.04181454854551703,1.15
centered_full_action_dqn,814,480,66.69928625971079,79.70494314432146,26.45401355624199,40.24527262151241,1.4040560899302363,14929.570308685303,0.0,21.0,0.0,0.0,0.050000000000000044,1.3761035539209843,1.3645960930734873,0.038358252262696624,1.15
centered_full_action_dqn,814,481,73.91329302638769,79.53556384138764,27.040691435337067,46.8726012557745,1.4497286919504404,15252.08194732666,0.0,22.0,0.0,1.0,0.050000000000000044,1.7783125396817923,1.7651497218757868,0.0438760481774807,1.15
centered_full_action_dqn,814,482,71.49584344774485,79.64742056600751,27.16959372907877,44.3262500166893,1.4386571627110243,15132.23592376709,0.0,21.0,0.0,0.0,0.050000000000000044,1.1931482758373022,1.1817391719669104,0.038030336261726916,1.15
centered_full_action_dqn,814,483,79.70663186907768,79.90752040453256,28.288671381771564,51.4179600328207,1.4869614765048027,16271.426879882812,0.0,24.0,0.0,0.0,0.050000000000000044,1.7123952191323042,1.7004858385771513,0.039697962114587426,1.15
centered_full_action_dqn,814,484,74.39122725278139,79.31423487037421,26.0449103936553,48.346317023038864,1.3975113360211253,14987.003646850586,0.0,23.0,0.0,0.0,0.050000000000000044,1.7845299039036036,1.7729800380766392,0.03849955042824149,1.15
centered_full_action_dqn,814,485,79.56720016896725,78.992526486516,27.708308286964893,51.858892008662224,1.459447905421257,15726.760009765625,0.0,25.0,0.0,1.0,0.050000000000000044,1.7107839547097683,1.6980527341365814,0.04243739054072648,1.15
centered_full_action_dqn,814,486,52.54778348058462,77.61808547608555,23.069643162190914,29.478140273690222,1.3333930149674416,12910.914539337158,0.0,17.0,0.0,2.0,0.050000000000000044,1.706603180617094,1.6939115040004253,0.042305508512072265,1.15
centered_full_action_dqn,814,487,81.8499716937542,77.76173016339541,28.256591565907,53.59338004589081,1.4399843290448189,15569.075981140137,0.0,23.0,0.0,3.0,0.050000000000000044,1.611370475962758,1.5987635031342506,0.042023250251077116,1.15
centered_full_action_dqn,814,488,89.95569802224637,77.9282358197868,30.94511578977108,59.01058215796947,1.5449923798441887,17323.697357177734,0.0,27.0,0.0,1.0,0.050000000000000044,1.6405103988945484,1.6293098982423544,0.03733494342304766,1.15
centered_full_action_dqn,814,489,54.58467351645231,76.82604175634684,23.532750762999058,31.051923245191574,1.3362751826643944,12893.075763702393,0.0,18.0,0.0,0.0,0.050000000000000044,1.7332084849476814,1.7206001318991184,0.04202790046110749,1.15
centered_full_action_dqn,814,490,81.5407667607069,77.1330004760623,27.501414068043232,54.039352625608444,1.4697886193171144,16191.640144348145,0.0,25.0,0.0,0.0,0.050000000000000044,1.9098575003445148,1.8978425059467554,0.04004997306037694,1.15
centered_full_action_dqn,814,491,91.99664651751519,77.64225805789233,30.54865789413452,61.44798886179924,1.5373202096670866,17596.977180480957,0.0,27.0,0.0,1.0,0.050000000000000044,1.9513376746326685,1.9393100254237652,0.04009215161204338,1.15
centered_full_action_dqn,814,492,69.31797425448895,77.00682096675038,27.381407350301743,41.93656665086746,1.4526664456352592,15596.296485900879,0.0,20.0,0.0,1.0,0.050000000000000044,2.0151695273816586,2.0028124898672104,0.041190092684701085,1.15
centered_full_action_dqn,814,493,81.08341456949711,76.96730870798231,26.76018126308918,54.32323329150677,1.4521327605471015,15124.331069946289,0.0,26.0,0.0,2.0,0.050000000000000044,1.218243796378374,1.205887934193015,0.04118620546068996,1.15
centered_full_action_dqn,814,494,87.71108172088861,77.28399257585406,31.047765783965588,56.663315519690514,1.5509493807330728,17877.120182037354,0.0,26.0,0.0,0.0,0.050000000000000044,1.5049012321978807,1.4924462027847767,0.041516763623803854,1.15
centered_full_action_dqn,814,495,81.74797286093235,77.52969243109226,28.662572242319584,53.08540113270283,1.4958909153938293,16124.649291992188,0.0,24.0,0.0,0.0,0.050000000000000044,1.891812650486827,1.8803764637559652,0.0381206963211298,1.15
centered_full_action_dqn,814,496,88.865325152874,77.23469116672872,31.385604232549667,57.47972050309181,1.5738672707229853,17890.678956985474,0.0,26.0,0.0,1.0,0.050000000000000044,1.928030550479889,1.917033165693283,0.036658048862591386,1.15
centered_full_action_dqn,814,497,87.94581432044507,77.23145438455046,30.308009959757328,57.63780493438244,1.5139883467927575,16947.583389282227,0.0,26.0,0.0,1.0,0.050000000000000044,2.0658148881047964,2.054332882165909,0.0382733274018392,1.15
centered_full_action_dqn,814,498,81.59662300348282,77.20734005220234,28.469805665314198,53.12681731581688,1.5104279117658734,16533.282989501953,0.0,26.0,0.0,0.0,0.050000000000000044,1.6810646541416645,1.6665867641568184,0.04825969459488988,1.15
centered_full_action_dqn,814,499,98.62615060955287,78.75716892540456,32.14690446853638,66.47924622297288,1.5864468133077025,18219.640438079834,0.0,29.0,0.0,1.0,0.050000000000000044,2.149128671735525,2.1369813419878483,0.040491135558113456,1.15
centered_full_action_dqn,814,500,77.27717292010784,79.28606325842442,28.917518064379692,48.359654378890994,1.487537861801684,16581.534313201904,0.0,22.0,0.0,3.0,0.050000000000000044,1.3849146384745836,1.372838681563735,0.04025314364116639,1.15
centered_full_action_dqn,814,501,85.96338052302599,79.88856763325633,30.06732217222452,55.89605835080147,1.5279802763834596,16970.159698486328,0.0,26.0,0.0,1.0,0.050000000000000044,1.3665560241788626,1.353481626138091,0.04358134255744517,1.15
centered_full_action_dqn,814,502,85.93360172361136,80.61045554704965,29.60521211475134,56.32838951945305,1.4961769143119454,16530.697290420532,0.0,27.0,0.0,1.0,0.050000000000000044,1.6730332486331463,1.6618158407509327,0.03739136515650898,1.15
centered_full_action_dqn,814,503,84.04032455682754,80.82714018143714,30.185018062591553,53.85530615150928,1.5146320201456547,17078.74662399292,0.0,25.0,0.0,2.0,0.050000000000000044,1.8060863353312016,1.7941118329763412,0.03991495573427528,1.15
centered_full_action_dqn,814,504,83.82670526206493,81.29891408190132,29.7115009278059,54.11520378291607,1.512673269957304,16788.51093673706,0.0,25.0,0.0,0.0,0.050000000000000044,1.4117362312972546,1.3987229447811842,0.04337763704825193,1.15
centered_full_action_dqn,814,505,88.13671112060547,81.72738962948323,29.95688395947218,58.179826855659485,1.5386595902964473,17109.580070495605,0.0,27.0,0.0,0.0,0.050000000000000044,1.2903997581452131,1.2788509875535965,0.038495935150422156,1.15
centered_full_action_dqn,814,506,94.8097370415926,83.84048730753362,31.95382234454155,62.85591459274292,1.577538720332086,18151.86584854126,0.0,28.0,0.0,0.0,0.050000000000000044,1.5599893368780613,1.5465401392430067,0.04483063332736492,1.15
centered_full_action_dqn,814,507,76.18858022987843,83.55741773433984,29.48264379054308,46.70593683421612,1.484703310765326,16703.171672821045,0.0,21.0,0.0,0.0,0.050000000000000044,1.6225646957755089,1.6092324294149876,0.044440914411097765,1.15
centered_full_action_dqn,814,508,81.47392195761203,83.13332893110811,29.52648702263832,51.947434949874875,1.4914075369015336,16815.040313720703,0.0,25.0,0.0,2.0,0.050000000000000044,1.7916289456188679,1.7800645306706429,0.038548052427358925,1.15
centered_full_action_dqn,814,509,100.81841944158077,85.44501622736453,34.923486441373825,65.89493311941624,1.6484792288392782,19586.1690864563,0.0,29.0,0.0,1.0,0.050000000000000044,1.7070006001740694,1.6947125736624002,0.040960054961033165,1.15
centered_full_action_dqn,814,510,74.80927246809006,85.10844151273369,26.698647379875183,48.11062489449978,1.45627695415169,15257.143104553223,0.0,23.0,0.0,2.0,0.050000000000000044,1.530876535922289,1.517878433689475,0.04332702653482556,1.15
centered_full_action_dqn,814,511,89.31706565022469,84.97446246936917,30.460337191820145,58.856728011369704,1.5436470732092857,17605.566524505615,0.0,27.0,0.0,1.0,0.050000000000000044,1.7048974055796862,1.689856007695198,0.05013795709237456,1.15
centered_full_action_dqn,814,512,72.11915090680122,85.1145213019848,28.73462886363268,43.38452225923538,1.4625623608008027,15776.19741821289,0.0,24.0,0.0,0.0,0.050000000000000044,1.2665235921740532,1.254781786352396,0.03913939732592553,1.15
centered_full_action_dqn,814,513,79.93550147861242,85.05712564744056,28.16175926476717,51.7737430781126,1.4938671002164483,16402.22075653076,0.0,23.0,0.0,1.0,0.050000000000000044,1.83870686031878,1.8273117933422327,0.037983598187565804,1.15
centered_full_action_dqn,814,514,91.96607611328363,85.26987536706031,31.806948460638523,60.15912753343582,1.5991810886189342,18439.111667633057,0.0,27.0,0.0,1.0,0.050000000000000044,1.568904461339116,1.556572126224637,0.04110774816945195,1.15
centered_full_action_dqn,814,515,49.34171968847513,83.64956270843746,23.073422603309155,26.26829736828804,1.331514640711248,13280.969802856445,0.0,14.0,0.0,1.0,0.050000000000000044,1.998737633228302,1.985457208007574,0.04426811228040606,1.15
centered_full_action_dqn,814,516,67.69217716902494,82.59090530924499,28.078863315284252,39.61331370472908,1.4358464432880282,15587.628311157227,0.0,20.0,0.0,1.0,0.050000000000000044,2.0499196108430624,2.03710507042706,0.042715149582363665,1.15
centered_full_action_dqn,814,517,92.1514040529728,82.80118479587138,31.333061054348946,60.81834360957146,1.5659857913851738,18100.48815536499,0.0,26.0,0.0,0.0,0.050000000000000044,1.800131967291236,1.7862284295260906,0.046345124021172523,1.15
centered_full_action_dqn,814,518,62.226617477834225,81.83268451958895,26.283269084990025,35.94334834814072,1.4322527330368757,14853.501455307007,0.0,20.0,0.0,1.0,0.050000000000000044,1.7526047807186842,1.738687876611948,0.04638969397637993,1.15
centered_full_action_dqn,814,519,89.66293455809355,81.38452371701598,32.20515947788954,57.45777558684349,1.564749770797789,18152.448364257812,0.0,25.0,0.0,2.0,0.050000000000000044,1.5022805985063314,1.4890780188143253,0.04400858748704195,1.15
centered_full_action_dqn,814,520,78.85326986014843,81.46332856401801,29.202334314584732,49.650935381650925,1.4823554120957851,15966.585399627686,0.0,24.0,0.0,1.0,0.050000000000000044,1.7991466168314219,1.7882314417511225,0.03638386947568506,1.15
centered_full_action_dqn,814,521,82.37142622470856,81.28373084910216,29.492521680891514,52.87890435755253,1.5074648382142186,16985.170837402344,0.0,25.0,0.0,1.0,0.050000000000000044,1.6536062378436327,1.6414986997842789,0.040358481695875525,1.15
centered_full_action_dqn,814,522,87.23796373605728,81.34894894972444,29.7619896158576,57.47597385942936,1.477607130073011,16919.389080047607,0.0,27.0,0.0,0.0,0.050000000000000044,1.9962764084339142,1.984356313943863,0.039733676705509424,1.15
centered_full_action_dqn,814,523,65.8759327992797,80.44072936184705,25.113260358572006,40.762672209739684,1.3940886436030269,14185.321933746338,0.0,21.0,0.0,1.0,0.050000000000000044,1.9385806787759066,1.9263263046741486,0.04084792186040431,1.15
centered_full_action_dqn,814,524,99.44066342711449,81.22142727009953,32.137396574020386,67.30326671898365,1.5579384630545974,17996.198612213135,0.0,31.0,0.0,0.0,0.050000000000000044,1.7745924256742,1.7627429887652397,0.0394981486024335,1.15
centered_full_action_dqn,814,525,66.68237259238958,80.14871034368873,27.060577757656574,39.62179517745972,1.4307587323710322,15231.903326034546,0.0,20.0,0.0,2.0,0.050000000000000044,1.56260403431952,1.550086421892047,0.04172536754049361,1.15
centered_full_action_dqn,814,526,84.37108148932457,79.62677756607533,28.44766464829445,55.923416811227796,1.4810417098924518,15823.520137786865,0.0,25.0,0.0,2.0,0.050000000000000044,1.5752352681010962,1.561720721423626,0.0450485700275749,1.15
centered_full_action_dqn,814,527,77.60932751893998,79.69781493052841,26.893519714474678,50.71580838561058,1.4591316999867558,15546.935115814209,0.0,23.0,0.0,1.0,0.050000000000000044,1.5794883463531733,1.5648575276136398,0.04876942140981555,1.15
centered_full_action_dqn,814,528,72.39346013218164,79.24379183925689,27.361076079308987,45.03238387405872,1.4710887456312776,15870.13229751587,0.0,22.0,0.0,2.0,0.050000000000000044,1.7252890598028898,1.714156238362193,0.0371093659196049,1.15
centered_full_action_dqn,814,529,81.62885648906231,78.28431369163096,28.955908954143524,52.672947788238524,1.4893571576103568,16169.262672424316,0.0,23.0,0.0,3.0,0.050000000000000044,1.8898036889731884,1.8779375944286585,0.039553700597025454,1.15
centered_full_action_dqn,814,530,93.84063281267882,79.23588170886042,30.932219237089157,62.90841347873211,1.539868668653071,17064.809589385986,0.0,29.0,0.0,1.0,0.050000000000000044,1.7774471510201693,1.7645321376621723,0.043050036299973726,1.15
centered_full_action_dqn,814,531,60.26228147149086,77.78314249992373,23.41540828347206,36.84687312841415,1.362192615866661,13576.392635345459,0.0,18.0,0.0,1.0,0.050000000000000044,1.647527776658535,1.6354778725653887,0.04016633646097034,1.15
centered_full_action_dqn,814,532,78.98610157668591,78.12649003341797,27.60082982480526,51.385271528363226,1.4948412263765931,16393.348625183105,0.0,24.0,0.0,1.0,0.050000000000000044,1.6943443808704615,1.6822389382869005,0.04035142553038895,1.15
centered_full_action_dqn,814,533,77.49430270791053,78.00443009488285,27.582527592778206,49.911775323748586,1.5246223779395223,16312.39282989502,0.0,22.0,0.0,3.0,0.050000000000000044,2.0559249445796013,2.041422910988331,0.0483400821685791,1.15
centered_full_action_dqn,814,534,99.53486688435078,78.38286963343621,33.74038177728653,65.79448498785496,1.609204632230103,19361.93065261841,0.0,30.0,0.0,1.0,0.050000000000000044,1.382449446246028,1.3704684972763062,0.03993650805205107,1.15
centered_full_action_dqn,814,535,74.19777472764252,79.62567238539458,27.080484054982662,47.11729088127613,1.4467981504276395,15081.295902252197,0.0,23.0,0.0,3.0,0.050000000000000044,1.6474362518638372,1.6357193179428577,0.03905646502971649,1.15
centered_full_action_dqn,814,536,77.60378694534302,80.12125287421047,27.72578128427267,49.87800571322441,1.4902388043701649,15965.040225982666,0.0,25.0,0.0,0.0,0.050000000000000044,1.5170731954276562,1.5047902017831802,0.04094335762783885,1.15
centered_full_action_dqn,814,537,91.13841914385557,80.07060362875463,29.898324333131313,61.24009518325329,1.5339382477104664,17146.029804229736,0.0,26.0,0.0,1.0,0.050000000000000044,1.7453131545335054,1.732457472011447,0.04285220545716584,1.15
centered_full_action_dqn,814,538,77.19835520237685,80.81919051498176,29.041709780693054,48.156645861268046,1.4681506305932999,16300.42008972168,0.0,23.0,0.0,4.0,0.050000000000000044,1.8620686791837215,1.8508493062108755,0.03739785135257989,1.15
centered_full_action_dqn,814,539,74.33693699091673,80.0528906366229,29.154704608023167,45.18223202526569,1.4787925416603684,16218.156398773193,0.0,22.0,0.0,3.0,0.050000000000000044,1.66640180721879,1.6553849875926971,0.03672276542056352,1.15
centered_full_action_dqn,814,540,87.1453657463193,80.46749543093145,30.8802335485816,56.26513151228428,1.5557928876951337,17862.625019073486,0.0,26.0,0.0,1.0,0.050000000000000044,1.5624675136059523,1.550210004672408,0.040858347434550524,1.15
centered_full_action_dqn,814,541,65.39238251000643,79.61854324519635,25.140126697719097,40.25225564837456,1.3761083986610174,14415.854080200195,0.0,21.0,0.0,0.0,0.050000000000000044,1.603055614978075,1.5916169248521328,0.03812899813055992,1.15
centered_full_action_dqn,814,542,59.48163033276796,78.23072657503188,23.29591915756464,36.18571117520332,1.3551838863641024,13534.777620315552,0.0,19.0,0.0,0.0,0.050000000000000044,1.7385177873075008,1.726973908022046,0.03847956529352814,1.15
centered_full_action_dqn,814,543,89.06461366415024,79.39016061827542,32.314731404185295,56.749882289767264,1.5570947099477053,18209.239364624023,0.0,27.0,0.0,3.0,0.050000000000000044,1.642168752849102,1.6291302498430014,0.043461646302603185,1.15
centered_full_action_dqn,814,544,101.99066300988197,79.51766059741378,32.0122162848711,69.97844708263874,1.5658242357894778,17841.024448394775,0.0,31.0,0.0,3.0,0.050000000000000044,1.4480899181216955,1.436529204249382,0.03853569575585425,1.15
centered_full_action_dqn,814,545,69.77980474531651,79.67253220506014,27.76452411711216,42.015280628204344,1.443168656900525,15308.929895401001,0.0,20.0,0.0,1.0,0.050000000000000044,1.9574482757598162,1.9444849863648415,0.0432110505644232,1.15
centered_full_action_dqn,814,546,80.60630130767822,79.48429319597781,29.186724334955215,51.41957697272301,1.5100471675395966,16609.7647857666,0.0,25.0,0.0,0.0,0.050000000000000044,1.8243595287203789,1.812403218820691,0.03985433769412339,1.15
centered_full_action_dqn,814,547,95.30425769388675,80.36903970472515,33.08439590036869,62.219861823320386,1.6143152741715312,18781.46612548828,0.0,28.0,0.0,4.0,0.050000000000000044,1.3269222471863031,1.3150007277727127,0.03973831841722131,1.15
centered_full_action_dqn,814,548,76.85124755650759,80.59192907594145,28.294920906424522,48.556327536702156,1.4672910245135427,16022.147804260254,0.0,24.0,0.0,1.0,0.050000000000000044,1.807146044448018,1.795501684769988,0.03881445247679949,1.15
centered_full_action_dqn,814,549,79.30110196769238,80.47554134987296,28.115524485707283,51.185577034950256,1.4990873830392957,16328.473731994629,0.0,23.0,0.0,0.0,0.050000000000000044,2.2149935234338045,2.2027166560292244,0.040922838961705565,1.15
centered_full_action_dqn,814,550,96.43151952326298,80.60508568540214,32.05855589359999,64.37296310067177,1.5554038509726524,17922.569972991943,0.0,28.0,0.0,1.0,0.050000000000000044,1.613934127613902,1.601098284125328,0.042786074918694794,1.15
centered_full_action_dqn,814,551,59.169171245396136,80.55043017409743,24.571891747415066,34.59727963209152,1.3615602403879166,13480.410390853882,0.0,18.0,0.0,2.0,0.050000000000000044,1.6902831234037876,1.677982160821557,0.041003253776580095,1.15
centered_full_action_dqn,814,552,75.36627194285393,80.36943869240584,29.34360831230879,46.022663205862045,1.5063972361385822,16650.04780960083,0.0,21.0,0.0,1.0,0.050000000000000044,1.811187982559204,1.7985019609332085,0.042286813259124756,1.15
centered_full_action_dqn,814,553,75.98946586251259,80.29419685013593,26.447964698076248,49.54150141775608,1.445536975748837,15400.806425094604,0.0,24.0,0.0,0.0,0.050000000000000044,1.6308435965329409,1.6183366477489471,0.04168987006414682,1.15
centered_full_action_dqn,814,554,84.10241009294987,79.52257401056588,28.888554215431213,55.21385619044304,1.49864914547652,16409.1544342041,0.0,25.0,0.0,1.0,0.050000000000000044,2.125585174188018,2.1134249549359083,0.04053420783020556,1.15
centered_full_action_dqn,814,555,97.95115912109614,80.71024323023856,33.39791161566973,64.55324777364731,1.602293043397367,19009.82061958313,0.0,29.0,0.0,1.0,0.050000000000000044,2.383928604424,2.372501403093338,0.03809062985237688,1.15
centered_full_action_dqn,814,556,100.03650196045638,81.83187898099423,31.82133886218071,68.21516388058663,1.5606315918266773,17635.727966308594,0.0,29.0,0.0,3.0,0.050000000000000044,1.5951228309422731,1.58291295170784,0.04069953679572791,1.15
centered_full_action_dqn,814,557,88.88271702229977,81.71909387491644,29.88816101849079,58.99455591440201,1.518029079772532,16964.183895111084,0.0,26.0,0.0,1.0,0.050000000000000044,1.623680654913187,1.610639302060008,0.04347116209100932,1.15
centered_full_action_dqn,814,558,71.0683985516429,81.41259604237976,26.710572309792042,44.357826405763625,1.4195093773305416,15232.040237426758,0.0,21.0,0.0,1.0,0.050000000000000044,1.2545624934136868,1.243298664689064,0.037546063773334026,1.15
centered_full_action_dqn,814,559,73.76948427408934,81.38422340653838,27.54279039800167,46.22669413685799,1.4175823712721467,15230.478450775146,0.0,23.0,0.0,0.0,0.050000000000000044,2.1175712533295155,2.1060255989432335,0.03848544764332473,1.15
centered_full_action_dqn,814,560,91.94973251521587,81.6244417449832,31.752505660057068,60.197226989269254,1.5701012453064322,17936.314777374268,0.0,27.0,0.0,3.0,0.050000000000000044,1.7984121534973383,1.7859873417764902,0.041416130727157,1.15
centered_full_action_dqn,814,561,79.80610656738281,82.34512794785202,28.41746035218239,51.38864652812481,1.496372029185295,16575.71897506714,0.0,23.0,0.0,1.0,0.050000000000000044,1.3811863865703344,1.3698984030634165,0.03762661200016737,1.15
centered_full_action_dqn,814,562,75.96825954318047,83.16945940837265,28.812619045376778,47.15564061701298,1.4668697994202375,16428.68558692932,0.0,23.0,0.0,0.0,0.050000000000000044,1.2879392988979816,1.2749226912856102,0.04338870011270046,1.15
centered_full_action_dqn,814,563,75.6328951433301,82.49787348233164,27.13666708767414,48.49622803330421,1.4463717546314,15261.908058166504,0.0,24.0,0.0,2.0,0.050000000000000044,1.7807851675897837,1.7687584441155195,0.040089021902531385,1.15
centered_full_action_dqn,814,564,75.8354405105114,81.19011235736312,29.911238119006157,45.924203091859816,1.501703410409391,17038.28511428833,0.0,21.0,0.0,1.0,0.050000000000000044,1.8194778840988874,1.8078608773648739,0.038723422097973526,1.15
centered_full_action_dqn,814,565,65.79305892586709,80.99077506639064,26.839820206165314,38.95323924124241,1.4392760740593076,15324.488447189331,0.0,20.0,0.0,3.0,0.050000000000000044,1.3910669907927513,1.3777063246816397,0.04453554702922702,1.15
centered_full_action_dqn,814,566,77.44472974687815,80.83269648835065,27.0227832198143,50.421946638822554,1.4316489361226559,15533.244579315186,0.0,23.0,0.0,3.0,0.050000000000000044,1.6248160563409328,1.6126677338033915,0.0404944111360237,1.15
centered_full_action_dqn,814,567,81.53943020552397,80.14445511393251,28.037611462175846,53.501818624138835,1.469850261695683,15833.925079345703,0.0,25.0,0.0,3.0,0.050000000000000044,1.4143331572413445,1.401619579643011,0.04237860918510705,1.15
centered_full_action_dqn,814,568,74.30163058042527,80.01697426512838,27.593397423624992,46.708232977986334,1.43723863363266,15457.117679595947,0.0,23.0,0.0,2.0,0.050000000000000044,1.9975314624607563,1.985382677987218,0.04049588926136494,1.15
centered_full_action_dqn,814,569,57.16350821405649,78.91009457744659,25.751713432371616,31.41179484128952,1.4461707714945078,15201.859758377075,0.0,18.0,0.0,0.0,0.050000000000000044,1.8675300609320402,1.8552049230784178,0.04108384368009865,1.15
centered_full_action_dqn,814,570,73.02615727484226,77.73982646502556,26.89703008532524,46.129127129912376,1.4373723212629557,14845.349088668823,0.0,23.0,0.0,1.0,0.050000000000000044,1.6354038584977388,1.6233353987336159,0.040228186873719096,1.15
centered_full_action_dqn,814,571,91.21950417309999,79.34234311141074,32.252968303859234,58.966535317897794,1.5777564151212573,18105.24154663086,0.0,26.0,0.0,2.0,0.050000000000000044,1.669714691117406,1.6578070595860481,0.039692159509286284,1.15
centered_full_action_dqn,814,572,70.96002983301878,79.12203100591897,27.01413907855749,43.94589081406593,1.457951013930142,15582.380012512207,0.0,21.0,0.0,1.0,0.050000000000000044,1.8166470490396023,1.8055497761815786,0.036990930093452334,1.15
centered_full_action_dqn,814,573,63.73416060209274,78.509265742898,25.580158032476902,38.15400221943855,1.391351199708879,14406.028034210205,0.0,20.0,0.0,0.0,0.050000000000000044,1.5960320755839348,1.5816811360418797,0.04783645155839622,1.15
centered_full_action_dqn,814,574,85.49064566195011,78.578677521348,31.103957518935204,54.38668781518936,1.5358567386865616,17404.868968963623,0.0,24.0,0.0,1.0,0.050000000000000044,2.027835926041007,2.016269812360406,0.03855364350602031,1.15
centered_full_action_dqn,814,575,69.84786940068007,77.1735130353272,26.020571179687977,43.82729811668396,1.4209276530891657,14801.196670532227,0.0,21.0,0.0,3.0,0.050000000000000044,1.8128839824348688,1.801806004717946,0.03692657931242138,1.15
centered_full_action_dqn,814,576,84.74676632136106,76.40902625337243,30.780830927193165,53.96593542397022,1.5376844815909863,17211.06829071045,0.0,26.0,0.0,0.0,0.050000000000000044,2.3203583247959614,2.308674842119217,0.038944956846535206,1.15
centered_full_action_dqn,814,577,90.76526200771332,76.50315350264312,30.550698272883892,60.214563459157944,1.5357716726139188,17192.81757736206,0.0,28.0,0.0,1.0,0.050000000000000044,1.6780897323042154,1.6653183940798044,0.04257109761238098,1.15
centered_full_action_dqn,814,578,94.62800627946854,77.6811338890344,33.55127729475498,61.07672956585884,1.5967793939635158,18719.11866760254,0.0,27.0,0.0,0.0,0.050000000000000044,1.525924675166607,1.5147855635732412,0.03713028330821544,1.15
centered_full_action_dqn,814,579,83.53332763314248,78.16932605698705,29.60943976789713,53.9238878428936,1.5026545003056526,17018.846771240234,0.0,23.0,0.0,2.0,0.050000000000000044,1.7139572016894817,1.7014382556080818,0.041729836142621934,1.15
centered_full_action_dqn,814,580,74.93300414383411,77.31848963841796,28.32593248784542,46.60707177519798,1.467607444152236,15897.662322998047,0.0,22.0,0.0,2.0,0.050000000000000044,1.4660658985376358,1.4515833519399166,0.04827515431679785,1.15
centered_full_action_dqn,814,581,86.14698568880559,77.6355335944891,31.395611599087715,54.75137438774109,1.5280700214207172,17783.70474243164,0.0,24.0,0.0,1.0,0.050000000000000044,2.1577285770326853,2.144153319299221,0.045250897062942386,1.15
centered_full_action_dqn,814,582,89.29228542745113,78.30173488870264,33.13241918385029,56.15986651182175,1.5762583734467626,18299.694046020508,0.0,26.0,0.0,0.0,0.050000000000000044,1.6744552347809076,1.6615601927042007,0.042983463732525706,1.15
centered_full_action_dqn,814,583,85.68426937013865,78.80430360004306,30.25411243736744,55.430156306922434,1.5383112225681543,17433.710540771484,0.0,25.0,0.0,2.0,0.050000000000000044,1.982203321531415,1.9693310465663671,0.04290756233967841,1.15
centered_full_action_dqn,814,584,91.8182435631752,79.60344375267626,33.41731704771519,58.40092645585537,1.6078396746888757,18664.861534118652,0.0,27.0,0.0,0.0,0.050000000000000044,2.029292104765773,2.015893440693617,0.04466211725957692,1.15
centered_full_action_dqn,814,585,89.10908858031034,80.76924523539842,30.02671369165182,59.082375201582906,1.5216419762000442,16898.856481552124,0.0,26.0,0.0,3.0,0.050000000000000044,1.87073627486825,1.8601499125361443,0.035287839360535145,1.15
centered_full_action_dqn,814,586,82.31259612888098,81.01263855449855,27.757629588246346,54.55496704727411,1.4833804555237293,15953.678745269775,0.0,25.0,0.0,1.0,0.050000000000000044,1.7703876812011003,1.75914222933352,0.03748480707872659,1.15
centered_full_action_dqn,814,587,98.29427918195725,81.85038100332022,33.515591993927956,64.77868738174439,1.59182261954993,18949.25301170349,0.0,30.0,0.0,1.0,0.050000000000000044,1.9035455044358969,1.8916500359773636,0.03965155431069434,1.15
centered_full_action_dqn,814,588,65.85446142405272,81.42802254550159,26.186937920749187,39.66752305626869,1.4078202722594142,14285.222442626953,0.0,20.0,0.0,1.0,0.050000000000000044,1.6876301001757383,1.6746523790061474,0.043259060475975275,1.15
centered_full_action_dqn,814,589,92.64691272377968,83.20219277098776,31.11383256316185,61.533080488443375,1.5504100332036614,17596.741203308105,0.0,29.0,0.0,0.0,0.050000000000000044,1.7853375189006329,1.7711147405207157,0.0474092805525288,1.15
centered_full_action_dqn,814,590,89.86908804029227,84.04433930926027,32.1216269209981,57.7474605679512,1.5750792175531387,18189.735206604004,0.0,26.0,0.0,1.0,0.050000000000000044,1.673851102590561,1.6623939499258995,0.03819047100841999,1.15
centered_full_action_dqn,814,591,92.30803229659796,84.09876571543516,31.901925422251225,60.40610674023628,1.561070286668837,18289.15789413452,0.0,27.0,0.0,3.0,0.050000000000000044,2.196801222860813,2.1844833083450794,0.04105966608040035,1.15
centered_full_action_dqn,814,592,94.84770211875438,85.29314932972194,29.444973848760128,65.40272787511348,1.5196362705901265,16496.497146606445,0.0,29.0,0.0,2.0,0.050000000000000044,1.4782969281077385,1.4662964157760143,0.040001678513363004,1.15
centered_full_action_dqn,814,593,74.79092665761709,85.84598763249815,27.90937104076147,46.88155606389046,1.4597104750573635,15384.874910354614,0.0,23.0,0.0,0.0,0.050000000000000044,1.8512283153831959,1.838683843612671,0.04181493818759918,1.15
centered_full_action_dqn,814,594,88.67598945051432,86.00525482192637,28.045749858021736,60.63023945093155,1.4988775961101055,16363.576244354248,0.0,28.0,0.0,2.0,0.050000000000000044,1.8273866456001997,1.8145928606390953,0.04264591226819903,1.15
centered_full_action_dqn,814,595,77.0444879680872,86.36508575029671,27.390184074640274,49.65430410206318,1.447162457741797,15586.610298156738,0.0,24.0,0.0,1.0,0.050000000000000044,1.4007819164544344,1.3894828297197819,0.03766363114118576,1.15
centered_full_action_dqn,814,596,80.50087928324938,86.15279139839114,29.796936221420765,50.70394301712513,1.5049382271245122,16843.143020629883,0.0,23.0,0.0,3.0,0.050000000000000044,1.6787666231393814,1.6661433279514313,0.04207768861670047,1.15
centered_full_action_dqn,814,597,82.99586168825627,85.76432138241829,29.26311769336462,53.73274421095848,1.53168158326298,17361.443740844727,0.0,25.0,0.0,1.0,0.050000000000000044,2.1514479406177998,2.138316970318556,0.043769851326942444,1.15
centered_full_action_dqn,814,598,88.79624467343092,85.47273330211641,30.798506803810596,57.9977385699749,1.522544183768332,17767.867500305176,0.0,26.0,0.0,0.0,0.050000000000000044,1.5262452010065317,1.5137586686760187,0.04162175883539021,1.15
centered_full_action_dqn,814,599,64.17890554070473,84.50501219749452,26.135032683610916,38.04387311041355,1.424155356362462,14953.753063201904,0.0,19.0,0.0,1.0,0.050000000000000044,2.221243355423212,2.2086341846734285,0.042030569864436984,1.15
